edinet_code,sec_code,name,doc_id,period_end,mdna_len,mdna_sha1,risks_len,risks_sha1,issues_len,issues_sha1,sustainability_len,sustainability_sha1,truncated
E30022,6080,Ｍ＆Ａキャピタルパートナーズ株式会社,S100XCS6,2025-09-30,10746,60bd674cd3bd614d231b71185dc7882057b389c7,3193,87e4cd653ca4e9a10f77a972f735f0e42ae7a22d,2638,b8776467fed6fc2f6944e79a61603b72cb494dad,2178,9134761411b4b7e7401b9861865ff10642d32b7f,
E01967,6861,株式会社キーエンス,S100YAHE,2026-03-20,3055,b0c1b930463698a2868907d7130b8ed2b0741dab,3562,62fd5f2f1e462e6fb4923626d40d258538f82a63,1234,ba0c71359cf3b8d79db4e90c2ee04f4a3610db1b,1640,92e09ee22fab457591071f0c3dc6f445f10fd9fa,
E00523,3003,ヒューリック株式会社,S100XR5L,2025-12-31,6768,2dfd8f5792e1285ada8eb3a744a3771dcf8feee9,6425,b83cd641aa922a0f44732febcf406a1926735c3a,3750,aa8702016c4cbca9dc2df4d5d4ea8648a64c8cc0,8181,96cffe406de7380f5ab435d97b6e87f8557aa4b8,
E01506,6146,株式会社ディスコ,S100YC6I,2026-03-31,4071,8a6749f316c81ea8a995e4f56b593517f573a6c4,2443,09b35478320073d1f4720e5f0c1946eca60d5a7c,5539,b697503dd7eef3fd3445e0c8384c20e4b2f79a23,16585,646379a1f3063eb26fb3ca21517479d9bc52dcb8,
E02529,8058,三菱商事株式会社,S100YB25,2026-03-31,6887,e676f96f5455ea8e1e746ecf816238765542c04c,9049,4bc3e48172210ea1bf03e62d9056359f68356335,5453,3f2b0134b0dbfe5ace5e6e91bada100a5bbc922c,14933,8427faf4e0fb8ebf0e16e27d1aa1cbbc74a8d007,
E02513,8031,三井物産株式会社,S100YAVT,2026-03-31,24154,762de6761189c58d4648d68671b4a2caa3e052e0,14180,7b6c321d7fd8e5ba0f00b78c6953c9a76d7ab8fa,10125,a693b72318aaffa0f0884fde22c5db389812cc46,29780,458568f3de243b84446f4c07d1a63757639b8c60,sustainability
E32380,6196,株式会社ストライク,S100XAN1,2025-09-30,5550,6a0049b3a83a7527b9e4e7e3ecc0f2067d1cfd50,4704,4ecb91ea3b14d823087bbea6bce9116d374b20c2,4091,f56bd1813847c189f33698ce0c0cfb327ffe112f,13065,7c14e8e639c9cd0a6174675e9d43ae86a5419bde,
E40147,277A,グロービング株式会社,S100WLJK,2025-05-31,4815,a445429928914e4beeab2ec4461032c1f3e49fd1,6783,d5b7a24b3f761fbccf964c9446ea5c81af32ab8e,4914,7b00ee523c65c1838101556c8c18d62c1f9f66eb,2744,5af3caa21beaf95ad2f0e960e842148855302fff,
E02497,8001,伊藤忠商事株式会社,S100YA6H,2026-03-31,15953,3159fee45b640e92f4fe753189366bf8d7f2cdb8,8795,52ac7ffefb8e824f4a03a0a8f86dc01432f254ce,1254,a526147da9a9e3604f0344e3e4efddd40e6c229f,20318,a792476c58579af82f80cf627685d4a65e3e97db,
E03855,8801,三井不動産株式会社,S100YHUO,2026-03-31,10947,c0e4de220e293d3a0211e94bd4b56b64b5ec6ba9,9097,35dc0e4705293cfc29b377b2be0200fad69cad0f,2157,cc378547bebba71fd4013546ac8d50f11b4b954f,6634,89f90148a33b7c362b01f1e733b260cd562c31bb,
E34289,3498,霞ヶ関キャピタル株式会社,S100X6TA,2025-08-31,4861,3fd8ed0c5211eae8040a92b2ebf6ba92a153c0c7,6815,6f3afacee6f1db9df5051633ec5ee03ceebb09b7,1193,fe7e86fc4bbb8592e680c66bce8fd45dbe0c7ada,3502,c1885a8e6c3d26d11ddd0179dffff3511ad58570,
E04236,9104,株式会社　商船三井,S100YI2T,2026-03-31,9152,892dd5ae82dbd76250b22fa4e5b5f363680a8931,9191,ff1161b98922b17c8ce21d35e1627ee67197a6b1,3209,54ae95a9fac8f8b029adceeb82720c20adf49acd,7239,556ea739f204108de85432da605f34e4fbdffd6d,
E03753,8601,株式会社大和証券グループ本社,S100YCMP,2026-03-31,22256,5308665a91fbf6bdd0aca210434326c2f9a3f659,20745,b49f5d0df7b6c41eb233e249230cc52c89b3e274,2319,86a113ed64de2a43fdf60e38835b5e814531c79a,27843,67f0580823a9f7e8c42273b78deb86916fae9033,
E03856,8802,三菱地所株式会社,S100YBLA,2026-03-31,9367,841eb2794310ce60afe64e4bb62c7979dbd67cbe,2269,8fa5d6c8b7239d8884e77b5f910c1cd0a0450d51,2404,4fe78b0bddacc6595b2a25dbc9e93c617e2d9d73,9738,d928a5699a3ef3f261dedc2535a10076ccf128ac,
E01991,6920,レーザーテック株式会社,S100WQ7F,2025-06-30,4124,fc35230f69f1c322849681ca339eb33568168dc8,3522,9bc99df0be595bacc9f1dfe29e0d961f64d346ba,1536,f7c334784c6303f7dc93fdee1db4c78aac83c8f9,7461,10f0d874496c7175891a24f3a0cbf648b3b4c8a8,
E32549,6532,株式会社ベイカレント,S100Y69G,2026-02-28,5146,c859e97966b5224a3325456f7395361333992d9e,2226,d2bcb865d8f1b983e9ffca966a31e640f8b7de0d,2162,d3c8c7e5f55a7b0f16e13571e9230105d5efe1a1,3097,f45fd06764f250ec54f731486685873a2ff0b875,
E04235,9101,日本郵船株式会社,S100YBT6,2026-03-31,7073,fe641e25cd7b2d899baf2cae921800d0a43da833,11124,e46cd53c5aad825ad317511c2e095c21497b5390,6981,2c3bbd545c8ffd3d323b2d4d19ef02a91f89a13f,6467,3522a75fd3f5323809201b889d72d8db201e9710,
E04996,4686,株式会社ジャストシステム,S100YHW4,2026-03-31,4160,cc9b490efbc19ec6a0bdfbec8a2405bfb5dfe68c,2180,52bb22c10b15be658f84d42d02ddbadb763df3c0,669,258d734fd64dd94921bd80b1e1ad7483ff6304c8,1159,9c93abbddf91feaa7f9f7b37c65abea7a0b71b84,
E02528,8053,住友商事株式会社,S100YARD,2026-03-31,13990,df37a9852e5b1366e402093c211b038ad149fd2e,9036,3a4b14fed008290a442fa33bd2ad90f8dd61dd8d,8103,42bf2389e7fc90645694a6a307affdf0cea7dc81,29857,8a86c01822da15b8fda74c301bf1da7e56e6d5a9,sustainability
E02498,8002,丸紅株式会社,S100YAY4,2026-03-31,14079,235a6a2a6c4651ec80591335b6d425a99fec03b8,15500,de2b2792e4c419cf62a2d6534f3cb9ab36529f49,2757,1ca402e04ec622b9cb46e2d1dfe9d5399df1de75,19409,00c9bcd8f26e7e75a40194e05640bb736ff397fe,
E04237,9107,川崎汽船株式会社,S100YC6B,2026-03-31,6957,390b102d6b3882652ba93ddc5226dee0ef466967,12060,25efdfb37e716fd7c95fe17d6419b15d36bba502,3300,2d56f61fb219b1d27aae83f8216d83074918740d,8752,a4de9d38ad2661ff3f69835438b29760a97052af,
E05221,4310,株式会社ドリームインキュベータ,S100YD1A,2026-03-31,5053,5a7436be0a65eb430dd562a7fa479fa6973e978a,1399,3695af2551dbe01e9fc4d0842f2ae8b381b114d4,1822,93ff34026a2073235dcaf3a8e22f1f910c58a881,2304,1a8de55149eab72b340a23b1bfd205af3be50585,
E04760,4324,株式会社電通グループ,S100XS0O,2025-12-31,10453,7006763922196c3c8686821276a70d5e5554c323,8199,a758265c40c281c5a235ffded70fee20845eac01,3559,03ea2a466ac6a8ce91fa3036245b980b38a2b5f8,19253,a581273daa3d60dbb6edd6b20a05d54af0fdff4a,
E03847,8766,東京海上ホールディングス株式会社,S100YLS8,2026-03-31,13751,e3ba5fc1c0f00576fb7019cc88fc5262a17d9c5e,6974,e3f98147c3b109fd469ddccd7e22902fd4f7ac2d,3795,ba749be1e10a78b2a2be32996d2bafa17468203a,18084,a83d3fc5627cb37c6db56c9c797b0de31b0ed1bf,
E33579,3486,株式会社グローバル・リンク・マネジメント,S100XU06,2025-12-31,6674,0630e7551a00400c3a4606b022d837431545f4b0,5785,8a0e116f543fedbca6e89aad4fb6ea09bac61077,2712,1edffca687cd2507b7f3208738fdd53f05abac35,16478,6aaaf07f5e2d8965bc879bd5a377a6e27f68a501,
E00043,1605,株式会社ＩＮＰＥＸ,S100XU9L,2025-12-31,7141,2487b6ffcfb6bfeb6fa98f04885b322136abdc54,17969,00bdf46b66322b9fea8f66934ff5f720dfc8d7b7,1720,e63780cc17118c36bb6156a16b0372fed2fb0639,20946,9cdccf4ca133dda917c19cc80797340af7b600d5,
E04243,9119,飯野海運株式会社,S100YGFN,2026-03-31,4967,8e8adfb02f76c88049d996a278d6e721aead2235,6729,327ba13974e5b567b344c9c6c16a63f75b6c248c,2570,4b3087f6e1b3ce6ba8c9538dbb399feb92ad89c0,6308,f9c70f15ee003573e984ae1e00099b3551b76b40,
E38895,9168,株式会社ライズ・コンサルティング・グループ,S100Y6K8,2026-02-28,6008,9eb7550e6b48e4f891f50e04bd3be6bb42ff787b,4154,704544f9e9b485828d90d6d5f617c1b1d6b325cd,5752,e3ff39dd3b5d9e9a9ed44d00e4e0572331a40b88,1782,0fbba95cd3ea5beb2825ec59c49c88ae434a6cf1,
E03752,8604,野村ホールディングス株式会社,S100YC5C,2026-03-31,29807,bc7db11cfbd2f3adfa0fd9b3d388d7c859c8e3c5,27600,ba3bb015ab7978602dd210c1328f6396e6f4c13f,7013,540a4b85f441be3bdc02f26022df367502505b7e,13411,469ececc8e3481c2d795806b07eaeeb3b63d7730,mdna
E00058,1812,鹿島建設株式会社,S100YGGI,2026-03-31,12255,b2bfd7591c871f4a39e70bb90447559b9072efa0,6174,eadefc986667a20d45f522dc87ff6329dd0f088e,7462,b84be2514a6e734bb4300d54c5fa64e5b945da64,5009,87bbce5a0f25f549299867beaa1ed036f62c9a9f,
E00149,1969,高砂熱学工業株式会社,S100YDOU,2026-03-31,5545,38e0a1dd00a489a5b08e0f4a3595af1de06591c1,9356,a9f3d24589507f2f2bfe9a7a94ea7dd7f6046d06,1748,b6152041c5af701cdeb8760e32fbaf50ff5a0d61,15340,d7e462baa948f60df3a56ccea077314323c2e424,
E03217,9983,株式会社ファーストリテイリング,S100X6X6,2025-08-31,8698,751b214ac925d03b4479f304c314f246c338980e,6392,3ce09ca4f74317031e50639df477d89573822b07,2565,79a332021e130fcf4189e14438dcdce4886519c3,19433,35b47dd2e9b05312dea12172a8007479d63cac61,
E35642,4051,ＧＭＯフィナンシャルゲート株式会社,S100X9ZE,2025-09-30,6627,7d3488ceb0f7c82a8a9ac9616ced52b5f060ba00,10723,82b21963a2e6cd3d81327f4b573839581e9ed0e0,5320,d4fd38365ee801ab44e1c9d39c628f44032324ae,6391,7e2869d2224f04cb2750f3c68c7d7fde95d3dbb7,
E05062,4307,株式会社野村総合研究所,S100YBM8,2026-03-31,11958,4ac822a3e32283c46df007062a2762a61dacc24c,12467,094ee6ca5ada41325e17dae8e1dd0c7749f6df3c,5432,501a82f60b3fe6a7cc26baea527b96428859f3af,9218,07b567f294e4100112ff2235d294e5860c9fa7ee,
E11701,,株式会社日本政策投資銀行,S100YLAV,2026-03-31,29657,408a57dfaca93f89e12c8162d666c20aa1fa1241,11067,d4064e3d0fc48b1b1fd474840f303e5aff75192e,2695,1b32abdf759b525ef93a1a9734af2658d776fb9b,8355,455e1ae56a770b75bce80f17bddaf424edcff96f,mdna
E04806,8595,ジャフコ　グループ株式会社,S100YCOQ,2026-03-31,12982,c42959cee05a18a284d422e093ef4575de7dd73f,9522,f22bdca4149667f58415394246493ffead896d12,4713,f60e93055659e6b270154c2bda850b2b1ee8fa23,9277,79da0d5caacc0b77778e600e35f83fc7911bed44,
E00055,1802,株式会社大林組,S100YITC,2026-03-31,6799,77bb3c9d57cec81ba45864cd346776f6b4b7cd85,5214,98bdc34275fba4a54adec2cb68ff38fad11ead39,4536,f2ceb7730a82b84d055ba316d14e679c0ab22f6e,13203,edb59b90d8537371484716ad08a68c0b1a10ab43,
E34290,7038,フロンティア・マネジメント株式会社,S100XTFR,2025-12-31,9512,2953d309aacba679457ece927b0df25202ebb2cb,5212,80ddb009b7f5f8b931d5e3e3b89bd6f4b0f8fc23,1580,73a20b600850e8075d02d0c10b7021ae6f2eda39,8088,b71e58e2d8357be3525e7c7f45a2756afbf5a416,
E03611,8309,三井住友トラストグループ株式会社,S100YBGM,2026-03-31,27105,0031acd0bd2eb821e6a68eb0fa97da81eb74f341,14567,bdfbde7faac4cf324d8633b069080c1409b5b26e,11198,200f0a5fab87cdd2f4064e35fdc49fcfbb5486f8,17909,7f35b8e0c221238c9479151a9b9f4457e47385fc,
E02652,8035,東京エレクトロン株式会社,S100YEOO,2026-03-31,6738,846961c02938db089e11b7e30be7bfac5fae4f1c,7770,b7572b20396f98835663e88a26a626a4fd3edcf6,5900,6436cf0435980425fa721c92351cf7dab7cdca81,7569,f637c9f67bb022b2885d22924587be3b6b59bc70,
E00932,4519,中外製薬株式会社,S100XTBJ,2025-12-31,9439,c0e328404e94ffb73b1af2ded796a517d9872726,11437,26ced09cfd8bdd159144eb707a255df9959fe6ae,7025,adfbb0309f6133fc06b4edb70a2abdcbc465de9f,13629,98d62e10f483c8512251008db13f96080dfc7dfa,
E34064,4385,株式会社メルカリ,S100WQDW,2025-06-30,5336,43b24e021da2b0dc7ad7eac3eac21981fa621ef3,12325,c184ea196f2fc9bcea8811626c41de3a2deda0db,5751,fa8bfc8c1665027a16a88ed3f6f690fc3e9d5982,8049,b867dbd90f6d95bb185b9aeb2c85bad1434bf23a,
E02506,8020,兼松株式会社,S100YGCZ,2026-03-31,6572,818faf0a01c134112e4ebb6105ba4177ab5ea174,6469,bf97eb6acc41a59ba62bbb67ce67307440642b06,8112,b3f351e973fab73f1e91e74ef29db1ad1cec20ca,14239,8b2c6886e168f9246472a8670a8eace64b20344e,
E05025,4684,株式会社オービック,S100YGBS,2026-03-31,5259,84ed68944d35f5fc58cd389abe0fd0197fbb0106,1491,5a9cd1c19a9266d1ff772a2b78b886549771a280,1404,c254fafe79eedf09f617a44814f409f2200f4a5f,8624,40c5a4b4873ac22e2e52324589a98816b3be2b0c,
E00107,1961,三機工業株式会社,S100YH3A,2026-03-31,8239,829d917123ca926ca81e61efbbc209a2278079ce,4984,55b99834af7422a01fa567931d843d8de2fab20f,4053,77d6cc58235a38c1348044dd0f62b287f895b4c0,10271,926efd287b1e4a9364aeffb6ea06c1d478d86cba,
E02505,8015,豊田通商株式会社,S100YD8J,2026-03-31,6851,51d71f210006336b481973d7d8ee574d0ac9dabc,9997,2f9e893e77a037cd48ba4859296c0aad00153e9c,1438,0e1b4282df6cc2cfdb87b1cf385f2c7d2e7009e0,15888,d4ab1198c8e5ad4a5965561aecee4576c30dd693,
E03807,8628,松井証券株式会社,S100YFPS,2026-03-31,4380,32c0654a0284786ae86e2ba00c7d18b266cdd657,7155,03ad3b878956c205b97a8235508afec90ea3c981,5919,2bb99af8879f779d40a39265beb6bae2019c367a,5290,b10930dedaaf3c72ea2da747adbc5ed66235e132,
E04462,4676,株式会社フジ・メディア・ホールディングス,S100YHYX,2026-03-31,11359,6c211cc8b19e5c62a4814abebbbf4173881a4c23,5510,44d8e0c9b4f6c65a5bae94402af77013482b0c78,3357,58fa699043a09cc2fed009f3a72d3dfc9226ce82,12459,e59cbed652b7d19814e7ddfe7873bfa4da846fc1,
E27633,3289,東急不動産ホールディングス株式会社,S100YHXW,2026-03-31,9809,a451381b70d2e741c00c97fa05d6a17e89b7c755,4491,3e2cb1aa0afe87615d275791cb891e56aa30a1c9,3611,9ad3bbaf60764b8959a3b4ea3de34d4bdaf8e932,23360,64992e653273f1bf01b93e4b861ba13fdcaa1f97,
E35614,2991,株式会社ランドネット,S100WWX1,2025-07-31,6540,2f35d7625be07900c4faca42fc44026efd9c760a,7128,7165e8d4fc2bcddc337371880970bcaccb0e4a8d,4088,1afa212bc495e8196c7bd95c28fb4d7aaf242d6c,3893,96ea75d74103439ae5c08f6f8ae2a96c184d9558,
E02778,9984,ソフトバンクグループ株式会社,S100YGH5,2026-03-31,29754,987e496803bd0f9e279eb7304e8033967185dbdc,23395,dd864cbfc3aa60d1d44daff74674c78732ff6248,6625,25709bc975a0b50e059cf63d6e3f3777c55a7a4d,7796,8f517b6de7fa461392bca43f01dfd52531f115f5,mdna
E00194,1980,ダイダン株式会社,S100YGXY,2026-03-31,5929,bb9b989a81dd3d3e8e55a7bf498fc98c66c53ca6,4844,3dd0360a24664245b5a72c6673d514f483acaf98,1527,663dc77f4e2120085b4f90c30a2c15b242a3d8af,7643,cf9a9dd6fbb8784b5a055c8a5441459c69360228,
E00052,1801,大成建設株式会社,S100YBGF,2026-03-31,6271,7eb5fc4fd3bd7fe37497d5685014de3faac63544,8202,4b0ea90b0f412a603660c71fde19380a12ddf7e9,999,823fe2962ab7d2f13c7c255f0c99bb89cc0b3005,22612,8829a85f752e20c3ce53fa22eaecb5345f440a4e,
E03614,8316,株式会社三井住友フィナンシャルグループ,S100YERK,2026-03-31,24265,a3b3cfda5d07ebc6b320df83b8aa918bbc546e2d,14503,b3f9b6cff9493e9e21fadbc8824c47611ef07f80,4198,4f52114ec0200c6d05f3bbca2ab9835575f86719,29944,7f59cbb3e69fc9c4b2f6c1ebc42b480628f488fb,
E04510,9513,電源開発株式会社,S100YISC,2026-03-31,10241,9b00908488a5157ce92ac9d0f18956668092b1c4,7552,621fd02c5ca0a7c7b07908ac4e39a56d9fbab69b,5120,0d487e62214455a66a34fb6d261b83e015302849,10845,9c5ac48a3306791cb1b4a45f54e2e2e7c735a42d,
E00183,1979,株式会社大気社,S100YCPQ,2026-03-31,9491,85d892172ccdf6d706c4c705f10f16ca16a613f1,5157,01d7ef7adc510a80f6583df4d13dc86330ee4732,5434,450835540a65bfa75ce8639c14892562c68adc6d,10798,7b2457b1062086e66ae5222201f226bd392bc1a5,
E00394,2502,アサヒグループホールディングス株式会社,S100YSGA,2025-12-31,10873,d8579119ecfb46e8f2cc2e86a06280bdcdc333d3,13660,d26d63fc0dbb814a3f8d62a7812dac3e0aa43eff,7252,73cc65f599d825d4529ef882bdf1f862d2a3f6c1,29921,a9f9fd2b6693bdefe2a9ea0e00309e91b85fc656,sustainability
E04239,9110,ＮＳユナイテッド海運株式会社,S100YCN8,2026-03-31,7180,f8c11265f353b5d49d13843938d74ed6a98185c8,7576,69b22e7df640c8f09c6ea6bcd80498342ad62e44,3879,b630c68b3aa77f37f9c32188017fd6ee23990317,9405,7b0b91d5c31a9af7ee5059fa398366be5f2d86b4,
E02958,2768,双日株式会社,S100Y9EI,2026-03-31,8972,3b0429772e36eb428b58503e6197afc05ece61f3,11278,679a1cbd7950e626ad4f30f40ce4bf7ed4fc5e2b,7677,e5cca1e76c900cf0e9851e4d513456b8d7dc9a8f,23434,e01417acd2ca87ddbc1fb09dea964aa5c16b74b6,
E04060,3231,野村不動産ホールディングス株式会社,S100YH2N,2026-03-31,8277,f1cd27098e056ddaf5f511b4581ab7959399dc6d,12357,d81a4d39ebc5ffee554d4f85c7e3bffbc15026cc,1522,3f5262414fcf75402bc65cc1b7b3ff4fe8c143ca,7483,d5c9e759ec17eb013bc6a1bed0058fdc0f060d00,
E23924,8630,ＳＯＭＰＯホールディングス株式会社,S100YC6Z,2026-03-31,11435,c661afe9050a49c0953c00afb684b4394c979d3b,10727,5c3c0299da89f47306d9bb902d2c890f8a491184,9717,f205319346f218adeb26835aab8b5f9fecca8b63,29981,76a3452feff19d7d91ee3efeb9238e00a4b81b2e,sustainability
E05714,8729,ソニーフィナンシャルグループ株式会社,S100YCL0,2026-03-31,25521,0446d852baf2b82c8d0cc888d364abf95a6cbf8b,16074,23903f654a1779a761161f4f9cfa470a3ee37e31,3248,622e37620b58c3e906f0cbe763071ccbe1196d57,7654,8382cb1f1ba239813ba0317a868f560133ecf261,
E40934,485A,株式会社パワーエックス,S100XSEW,2025-12-31,6335,421e2068042238dc5b87542a30e41824030ef941,12641,2622efd3ed8dfade1b4317704b1297bb07034e9a,7938,d1fc326ab59c8260c28e6e81be5699aaeda2cd3d,3106,215a73e42fe617af9a7158f77e6ad237bd6f266f,
E00153,1975,株式会社朝日工業社,S100YIGB,2026-03-31,8079,4e6720f4cece7663fd45c0c724dba4030f556f68,5972,c636c7e51ea3af6f74eedfde402f611eb59e2120,1304,1d377f89343ebe6ec75434dba95e6474321b9626,10064,c657a10b38e13ff234833d3dcc31b92906e84a7c,
E06141,8750,株式会社第一ライフグループ,S100YC7A,2026-03-31,29449,c2c57222fb8f4ee29d9d0f6317631afea60fce8b,26543,71f84ed46ff63767e0c6d342a67c898d14790805,9591,e644d7c3baf29525b318278696ffad8fd43e82b9,19645,ac96a142c5690083520078ad1d699a4bfbea0e3a,mdna
E03858,8803,平和不動産株式会社,S100YJ5I,2026-03-31,6515,522e5aeea9fe0572b5bf90fe7f0870927a051b4b,5850,9d4f295c557ad2c86b6026b8ae836772f8cf1bcd,3883,a2d5f1b49fe0380b7473bb60ae7f62c414828243,5392,9c67b38dd19e475bcaf9b676b671b50e7c290680,
E05460,2432,株式会社ディー・エヌ・エー,S100YLDV,2026-03-31,4768,955bf62f4b02bb74f73034ec24b61a1fa1f3cb4e,20241,a272102055fd10e70a49f3f512cd0d6e92991cca,2407,226386ef3f8cd372ea977f5b18fd7cec9d0cf405,5979,31921f3c841e2eddfdf8c86df551bb7d7729ddf0,
E03606,8306,株式会社三菱ＵＦＪフィナンシャル・グループ,S100YJQO,2026-03-31,23590,96b29477d7f681b8bfdcc7fe3d044b434bb6848d,18890,13b91aba894ea6e9c811851f08ef3f1e14bafe61,4121,3ed571b4a2ea8412aacc975922cfafc77652a21d,29958,df27e41c2ca3cbc99fe298d1f0a3a9acd4486731,sustainability
E00048,1925,大和ハウス工業株式会社,S100YAZ5,2026-03-31,19457,9bd4189ca117a6cf92f26153f125910c60f33c41,13836,0161a37a1848c90a4423838db505c3308938b115,8697,f8cf20f4707eaf6c4e22247c8ae51220181d18cb,12368,11aa124ac05ab211c662a27f90d11ccef51246ed,
E04380,9405,朝日放送グループホールディングス株式会社,S100YD4D,2026-03-31,3781,b193fc19d8e822c52bf578432498ce657ec970d0,3705,dac8339536f0d0971f9b5d6f01e96ff22aaa4d11,1432,3da1d4fdc97c6aee46730713c985dbf5b2a56361,10598,f55a63090b1fa2cabf5534cd8a4bcf06f596ee5f,
E27622,2587,サントリー食品インターナショナル株式会社,S100XSOA,2025-12-31,7648,48e858b15bed3a9e204ec0ac3b4977424736f3fd,12137,dacad10a237a72df43e05d34e46fd16d4a4fa385,3021,b2fa297d3a3748593681bbd1cfc64958cc4b1f43,17053,017530e8e982fc5f88ee71de2d818a558a6cf715,
E03859,8804,東京建物株式会社,S100XSKF,2025-12-31,8778,b41cfff5de1dcf5122ac7780fe6e5d6250e21ee4,4290,f0f02928f3c224116445c40533587f7885daa27d,2147,92e22ce61f20239a336a984dcd3873044bf71ff8,6710,c86ac9622a8eb858dee04d2ac47e52407b29e17b,
E03977,8877,エスリード株式会社,S100YHNU,2026-03-31,6217,1a618ada70929ff90d4098e27ad291b0d44f9417,6438,d1e218f80dd18fc364b96d877c2386152301a933,2981,ced6c9137a46766f8486d289108512d7a088fad5,7509,24ba3c7ad59b50ecea3ca071ad31b71688503f6d,
E35948,285A,キオクシアホールディングス株式会社,S100YJ18,2026-03-31,5745,7606d992608de218089176da301617b12c0334d8,24774,ae73d37ca3e5d25c24bcdc57be6ada98fc08cbaa,10382,ac1fb22066f49deabca05ea2783d494712d9833e,4553,f15e630fae7bcd5b4b1de2b04a21d3da1d95cc74,
E07801,6098,株式会社リクルートホールディングス,S100YDHL,2026-03-31,3904,9bd7a5a717b275d81b3f49e370d5075af15ed8c0,26632,b24d044a6ae6a0cda8425a73e8a75af947352f0d,21223,9b23f1b5c765d3c657784d67018dcf1b1c211ad9,19422,0e5123ca055dbc146304680d959b61114d6d3849,
E36928,4373,シンプレクス・ホールディングス株式会社,S100YARY,2026-03-31,5345,5b6949c078e0cece7cdccc1ec39c1ba12bb570c1,12400,f032a81a5d3cfb8814e21ec207bbd3aa87efe0b1,3736,574c842bc72b80b6a460b1f797c44abb554d8780,15194,2719fd6b0039b4dacfd1fdb19c19578c8279dce7,
E24545,9413,株式会社テレビ東京ホールディングス,S100YCRR,2026-03-31,9258,d413858bd65f1d79c6fb75a02c594ec1476129d9,7009,f0fc6a1ec46ec8894141206ca698f77c292709a8,6497,e27907c1e5592fef4b039187f7c4c054deae77b5,5647,636b75619397fa7a38d6493ddfd52cb099429f7e,
E01725,6269,三井海洋開発株式会社,S100XU6C,2025-12-31,4880,d791fbefbed7c186a93d5165c78cb95d4136b006,2396,69786a17880fda9b740b321ecf71d8f72ea4bcaa,3189,f884a0efe4149a737a0d23584ffd2aa35f0a10c5,7308,a376eec0d7e4bc1550ba3adaca19dce6ccb74edb,
E03854,8725,ＭＳ＆ＡＤインシュアランスグループホールディングス株式会社,S100YNCJ,2026-03-31,18119,d97ca89fa0c8288f926fa8432bb47c04930fa6ee,7892,7fa8dd08fdb8b2cebff636d4783bc0c407247c58,3459,055c7fe90227c774adff548e7d066ffdc3ba1ad1,23179,7bcdd0bc73fceac31ba7ad43f1e464df620d6a3b,
E05425,2413,エムスリー株式会社,S100YJ25,2026-03-31,6468,122827d1bfa1cc774596bb06f06c81402f355a4c,10366,cc87669b150fa17e39a928d79f8338926bb41a2e,3334,12eff30f3884510dfc84ddf512d6b871794f1b85,3621,f3a92196ce8791b116ff6a34a4419ab5b845734a,
E01946,6954,ファナック株式会社,S100YG3Q,2026-03-31,4118,9d380455327ec8c6bff2cae6abf85ed355c3d9d6,4817,4977743f7ca855683820f0749a5909fad9514742,2488,de2024fd864c336ce233593cf333b27e6bbbe285,5777,f4942fe194c40acdcbc1eaa16e8f349e4e581468,
E05476,3769,ＧＭＯペイメントゲートウェイ株式会社,S100X9RU,2025-09-30,7006,012ef7abd434d19a79ced3fba6d31f752c349b95,12891,ca5ae9657048e586b909bdc37d5ed8bba482f25c,4795,58f2425e75137da30268e69dcd3d3a81e4834510,8771,e6c312fe5b2a38ef1c28559458074bd83d6d822f,
E31632,5021,コスモエネルギーホールディングス株式会社,S100YI3A,2026-03-31,7172,b5884e8cd7c84e79ee81d9d7cab1bde07ddd0d15,8869,c872134d8eb53e9b9b5b7fd0925143cd01510369,2849,c8dbffed3a101e0b1debb1f3adff39ea4bdc9832,12064,e657054f4f9c7fdee93ac0bbeb8be19000506389,
E00168,1982,日比谷総合設備株式会社,S100YJU0,2026-03-31,5641,856581dbf1a486e951223b532c91563bb3b1795e,3563,61a10e31d35bd04264baed534f951ae3589827b2,2193,f27de0cf64f66740b3c1786dfb2e5127796d539f,3589,4c5b18d56d1f7b5b9687a4febe902250e3378a20,
E05377,1717,明豊ファシリティワークス株式会社,S100YGMU,2026-03-31,7350,ab0c4275be5ed0b5f5d6aef5d1ef5374c952558f,2634,3711f5369fe2c5c8b12e0463d44c16438f66283c,812,fd09cb49fc232d947482df24b0cc07f37219b096,3782,7eb5c719d6a379345be274213e8632ff89d5118a,
E00738,,株式会社日本経済新聞社,S100XTS5,2025-12-31,4271,3143627cbe7b606f363a1b599b281b1340a08373,3047,dd9277671f74cc884b39c774e02839c6c82dffc5,2041,ea38b8205448c7df3965ba2879674dca3b9cf105,4960,4ce7d14f089e253851d5c507c5c35a5cc56abc07,
E00169,,株式会社竹中工務店,S100XU22,2025-12-31,4950,083391937f681b56da2f91f86640f8d039a888a9,3652,075bf5dd63e2b15a4d84cda3dd115b825ce2fea2,2140,3f11d6713c025d597dfc6675360f6f5ad04e7ef7,10624,ddc658a474f0a35bd81c9c9bf5e1cf93f50a1576,
E02552,8012,長瀬産業株式会社,S100YBTV,2026-03-31,6109,c06d4c957cd69dcc3a65462ca8712b5d1d1e3b89,7625,a1963c5a5b34053f5b6d9fff9df9c58773186384,9524,c40ec916b5176e763efe1112c57d18c278fe8dea,10774,93cbba0fc8d2d4cec0c371346c2fe2290dc6722f,
E01569,6366,千代田化工建設株式会社,S100YEDH,2026-03-31,6178,9147121eab368feeed4ee501f0f418a0de618871,5758,9ab9b170c89afd0cbef71f5c2905a5e83949aeff,4121,4344438a3bf9c590619abd74c96b840830f84fef,11134,8f8e77bfbbc61ddef123a76f5c76aa2d1f948e71,
E00090,1808,株式会社　長谷工コーポレーション,S100YJVQ,2026-03-31,9179,48315572abbfa52e7ddb1a969964a16973ca7310,6327,c9da396812f0b7663460e5216e7e2a457c225628,2940,648de0293665068d39aefe6e092ab58058c3fe4d,16418,11ab6adfa4f5703312f79fa92325230b7369f1b9,
E04410,9404,日本テレビホールディングス株式会社,S100Y9BG,2026-03-31,10786,6e8c0350d0953b5da882ecfe54983ba3b23741a5,13546,f5a4612b7150caad80320fffb98a01570288ce28,8598,98dd0e5c4eea6804d3d235ed3bc7f1d9bd6dbf2e,13647,1a4c60f8a8816aa5ac4db1df1cfa2bacba4bc26b,
E03615,8411,株式会社みずほフィナンシャルグループ,S100YF8Y,2026-03-31,24294,4d2ade055984c613a795563d3a868c1dc419bf9a,19497,139a3fa86497d2ee37cece1cfc58c64f3a6559f4,8302,24e0c039825c89000a5d30face0471bb2479de6f,29972,704b8bdd272e29e2ff0a402944ad50605ca5c1c5,sustainability
E32967,9519,株式会社レノバ,S100YD7F,2026-03-31,8192,1db65993bb10414027b4af6785d10b42af026f02,24988,3bb7c8975d37cdbed9ee69a36d463c2a551256bb,12502,409bde0ca89882a30d5b697d6db852077630de14,5165,6a76511a296a9c89a964b787574f584f16a2e6a4,
E00227,1952,新日本空調株式会社,S100YDMT,2026-03-31,4570,835bfbff0e3f40b6edb016eadd3eef1c5d03a41d,4413,6c9ffab50b297769ec4ec89bcf536e54a5c6ea25,10176,563e8f597d9bc01fc985c90d2a58d083f1cf7a64,8985,12037b14cb21719e3607973a3929f7c875bea1de,
E04375,9401,株式会社ＴＢＳホールディングス,S100YI1U,2026-03-31,4815,d28bd001beb5822cb14805812e231fc51c1c7304,10256,3bb5b547c1ec80f448002c77156e3d242d04b843,4432,f1bff131bc210349138b0335fe5b6d15ffe1a989,4913,61a43f71545d631a79c01e869bdb74576dc43946,
E38078,5867,株式会社エスネットワークス,S100XS2Y,2025-12-31,5199,096e47371a4ea33b1c763c78094ea0c281944f37,6472,e0498d5151e42d32107fd3b81c1b6a16b7dbc991,2304,3ea7f4d06547623ce7c6b15af0e1f3b52d1a1747,3761,6962230d172311b9f85f1a249dbbb52262c6831a,
E05147,4812,株式会社電通総研,S100XRJK,2025-12-31,6046,f5cf08c6b2eb96c75ec54457f3be9401bbec47f1,6008,260aa866f3cd7e96b1dc006c99e6841523fd74aa,3747,ed8e09bce4e4623d3e3f2d5e463f5602716bb469,9711,c25994162d8d421d8b05eac370aacef8031f7de7,
E01777,6758,ソニーグループ株式会社,S100YE2C,2026-03-31,19672,90876190ba59dbb7c54679272930c809b30340f5,20690,ad24304907e1b4d47db9309d63f18a14f1b5d55c,5453,f186b3e43f8684cc626d59a673d0cb3a282a8f66,6795,0116b6a2e870af841663e271cb73ff50a3895d6c,
E22559,,サントリーホールディングス株式会社,S100XSOR,2025-12-31,6876,54123aa3f5804d440bc5efa40569bc36f4667089,9830,d71cebe0a4865375dc5042f1299ae9a65d5c9941,3024,b3c9263d2334399a26e598f9609d10329872858d,17706,4307963d233cc68723a83039e6eb59d1c4b295d8,
E05410,2433,株式会社博報堂ＤＹホールディングス,S100YHXU,2026-03-31,4603,ff21a19e655d19a797591572d74b386b17af78f2,6922,1e3015c50738f8dc6c3bcb2747050644a8913bd4,4072,1d577e25ed90c2ad17989ee6dac8bc1f5eca9002,19140,34bd5f521f8b723814895e22dfe5f4608ff17fc0,
E05027,4716,日本オラクル株式会社,S100YY0V,2026-05-31,9971,d390d10c942d417199ee3facccf57325c0d8599e,6087,a8d2163e10b86f1d2bedd47032a1b1ca01c59848,1944,c8494713c6e124d174efccb13b7104db57e8b1f4,6647,8b0b6df65713f04365375df13f78620f26d6ece8,
E26815,7177,ＧＭＯフィナンシャルホールディングス株式会社,S100XSFM,2025-12-31,8346,1137d495c10fea30e215214f30625f7821713d34,13886,f6e5adc39c3a3d597fe6e2e0ed3a0efaa43484ad,3039,033cdf0e54c7e04058fb929b41fa82079dc51b27,1382,814925a4e4de80e3a6c027ebcaf5b2a2338b645e,
E03861,,ダイビル株式会社,S100YEN4,2026-03-31,9992,66f2c34eabfa30882de9b66f43e9d0aa1f1b9372,3451,0a66ea3c9db90ca11f76710842e8a2e6ba33ebef,5428,56368ec551a3194a20e925a7cf30759869862060,4374,0278fdf2e1ec28130cb562084459ca81fdb7a270,
E34973,4165,株式会社プレイド,S100XAX3,2025-09-30,6133,1413b56a63690a2853653055d0910e47015e6e46,10401,1f0238498170212668da06e3a37a2267487ec938,2788,68e5088778cf5ea59f08c058e037ce3e86392ad2,2324,99a1decadae44272a843e4e5a5088e718ebb0290,
E00225,1965,株式会社テクノ菱和,S100YF2U,2026-03-31,8610,c596bedb89b4d2b86d7e7fd884e1f77f9ef5b060,3193,876f4d4bfd954e5a0f8d2e2449073f27a2053d99,1368,a9bc4ff608f5dc8a1f3f0de002b3113cb34d44b1,3712,9d69b01eca7680eac690232c2b9570e35a81187f,
E05072,4751,株式会社サイバーエージェント,S100XCU9,2025-09-30,4053,3f76fe09b57d4d46ed110b76ce6278c4e2be5d6e,9735,2489e076d7cb3a8aaf8bca58ad07d9ebbb5e95e3,937,7bb95e7ba3613e806ef1e423999c8427c6f44947,13539,731022b3f33bd62495e995ff26f930db856842b4,
E00920,4503,アステラス製薬株式会社,S100YBPK,2026-03-31,6038,43f36b8391b2e5b6a2d3475b2839b7f28e45123d,3963,72a31c9ddb791886c8c3dbda383bf4f86c7efd6a,3178,4edc96664891ace82bc0350495f0a5539f64f482,12733,e8d25bb2c58f96f687085c3bd41fd09126835247,
E00041,1662,石油資源開発株式会社,S100YERU,2026-03-31,13059,09d4b4ec56352410b018417d8dddd82a70227144,9104,86ee69902635ee8579bf814ae4ac36bf4a5cdc4b,2836,ac8c30756ec58b76a5c70bbb4b81b0045d1aa25d,12157,dc40101a98d1a4cc592e7ed5a83762ad2f24aac2,
E27842,3288,株式会社オープンハウスグループ,S100XBTG,2025-09-30,6241,5a89f5aa0a5cfc7bbc22a8d71e284fba9fae7fa5,5871,f6114d422702740d5cf5df53de91b029f5d29ea7,6308,cb1fd94fb9c79673e8ec9675d69a00f859a35893,7996,98a5f63a72475afeed5dbc1ae784d4e331320bb4,
E05314,2337,いちご株式会社,S100Y50H,2026-02-28,15757,f663805d003578bd830d81862059639a4c6d93a7,7731,55b41ecae5fbf50a8c5a0e2bd2d8a3ff97d2d4ed,2691,35de4defb879d697b4cd789ad6ceb8e0d3c4e140,5729,63e2c74a5104b34a64ed73c559c136ec63d04ed5,
E24050,5020,ＥＮＥＯＳホールディングス株式会社,S100YF7I,2026-03-31,9798,9ba986c6a109df0b1275a21b6d0c7ada054611f6,7784,0f48f1c84657520bef55be4723d983682dfc8c00,3768,af814bfd0d04f50ede4d9a2908b503a9b1857e33,23109,7af6c0d4726022f58f10ef609e9ae1f331641cbe,
E04068,3241,株式会社ウィル,S100XUX4,2025-12-31,6942,40fcce329eb299ed4c096cc4d067d8bc5392f636,6173,ebb10ad540c70b1b11a1e213a93ff30fe74ee30b,2529,11ae482eb61bffe02a519933af5fc9840075eefa,1822,5d4f331d35b55c6d84d637fedf41c319761562ab,
E37584,9348,株式会社ｉｓｐａｃｅ,S100YL5W,2026-03-31,7246,af87025fe2d67fb8704845e1515f0e4c64dfb00e,29998,bbb80fad4b3e23ccf2c84d0fe686787aba8f97b7,14739,d07e31c85426c7aa6a556997e0a1e4f20b5a6030,2825,5cfbc69cd4459fe8208635c2a2d2a5d482e9cd80,risks
E02378,7936,株式会社アシックス,S100XOKI,2025-12-31,13380,dbc1231c3aeeac554a44e70cd68bd6fbce9196f3,8035,d65aefaad581a65cc316b4bddd5cae8a89363dd4,3244,1a5fdf88ece0318cb83a585fc331e0362498cbdc,22604,df34cd5549025e9159db69c70032dd7281e985d4,
E02554,8078,阪和興業株式会社,S100YED6,2026-03-31,8167,718f75a530b6a07d44abd00b6712eb939aa94f21,6458,457b8539c6f752fcbcfc98e7094ad13fa378234e,3879,e03ffd762014ee97c43addb4ce30ee5d2c695f6d,10774,37bdfb116632a0d051e56a9b3457e5e7eb83df40,
E39483,147A,株式会社ソラコム,S100YGJH,2026-03-31,7617,2757d0c1830d30cbbe30f6a11c885dec00e4ae83,12441,3363335a48b17a633667d501096ba98906546aba,10377,080d7ff8989f69b8bf4eec64499a5065974e32eb,2706,5346d2a53dabbc407a49ff06d55b63846a7dbac9,
E31729,3139,株式会社ラクト・ジャパン,S100XMUD,2025-11-30,8284,32c506da2b12670a50c6a7ba6952bef1473840bb,5176,0b9dd194d9c104b4536709bb6407084541785f33,3405,2b7a58f4cd58c30e3f256c075a0851941b330f1a,5002,3ef569be0de85c1fd87ca178183f81d5f2819f69,
E00919,4502,武田薬品工業株式会社,S100YB5L,2026-03-31,29847,7bedd6aa9712a0542f59e77fe5b3b8553dad643d,13577,4740c14272f28c13030efeda83fbeaad409e01cc,11880,7ad8174806e19885452fb1a1ab0cd0852b4ae1fb,16895,9eb6391fec5c3b5c6ba9411e41754c107a0049b9,mdna
E04021,8923,トーセイ株式会社,S100XMC1,2025-11-30,9479,20665761867d2d1094e3f74c50f0efed0632cd61,8001,7eef07f90a903ae479beeb87e47e0c769d4ae29b,3050,5db737f23025b1f6595284bb827432979543818c,7925,341aabae85f594d8105a874340368892c39c4017,
E00060,1820,西松建設株式会社,S100YEDU,2026-03-31,11261,1817dcd14b5b03ad61b1c26f2073dc61f834e9d7,5948,c2469f494c49c5f27df127baca36c5cfa32dc37e,5981,7fe5291fc22cf694e89ad20a01f81b99ff8d7407,9363,9a80a97600ef4ab8737a5b332b112d5f98608867,
E04336,9193,東京汽船株式会社,S100YEHQ,2026-03-31,6942,5ffebc9dc16931155a6c20f5896abe4933a24ad8,1918,f33645136d1af0cb49a4073e24580330a541b748,3875,0cbe81144431753e5f0763c92d1b08c9eb4d5a3e,2925,61777b7268e3f721d6570d4be0a9de55e811a358,
E34148,7034,株式会社プロレド・パートナーズ,S100XHNU,2025-10-31,4653,c741e790c8b2dad2d8340985503529e9ee447daf,5097,25a0c3bafda98c78016f5b82fab2cfd2ed97f58f,2442,e61f9471f42f33ba9e1f2f80a1abb331517ecb01,3396,a22c74df73b5474e461a9ca8ed93cae516508067,
E02761,9934,因幡電機産業株式会社,S100YFJE,2026-03-31,3622,5e8aae29a269cc65bb01c55c2e3cfaafc1dbec43,2316,2ccf7c297b45fb4e08b4f34e23afaab6c50dcc42,2831,692397fa7507f665ebaa2222bacbbfcefc40968b,8802,2f4cd5eec3a4ca9c281c8dcdfadd0a57f7946315,
E00074,1942,株式会社関電工,S100YDOZ,2026-03-31,7729,e0ef3c88ca5a94065742ecbb6ba06d5cf3ecbaa1,1910,905a35bba87f090b9331fe06ac1b9f65fc6fcff5,3372,363bf88a90a94991e56dfd87ff1638fce2c2a866,6569,35c291f1f13103fffc7c379b5112f5380d71b5c7,
E00075,1944,株式会社きんでん,S100YFY8,2026-03-31,7545,4ec3f240251081c8df48eb5b16edc2564d9b9c6e,1774,63ba185992f5f80821b590f237d67e771172914f,1573,efa8a4602974c6dbbedbd8f6798f5490895bf644,5174,d78108c47c518ef41bfa42e040f2d4405719556b,
E34960,4443,Ｓａｎｓａｎ株式会社,S100YXFQ,2026-05-31,5838,8893c74e612a852094bca8bcb05c5393fe838325,3721,c3dc1efc8c1833b74d91d184d7c442d28772f26d,3726,0c04dd958cce9832042f315b105862fc98f3b793,18535,9b15c246fdcb0821bae7256b028d526ef786f141,
E37175,4418,株式会社ＪＤＳＣ,S100WQTJ,2025-06-30,4465,4f6e5e9c94779ff9d746d06b67d11ec08eac6508,7954,86c01c92ff8f57ef6cb7aa8aeef48bc0fbb28a9d,7167,fd356cf5dd3831cf80704c21e3bb764053d1ab66,1511,c1fc703cdb368bfdf7d12605e93fb148d4ec6eb2,
E00053,1803,清水建設株式会社,S100YDXD,2026-03-31,7014,4b29a702c357b18c3d966137854cb7f3ab6dbefa,7716,a11eba3d3f429e92b1485e6f67f61ab66b264e31,9324,e75ab8e56e6effea135c2d4318a23f85a8b31308,10840,736767a6e51e783fa97bea43fa3709cb54792762,
E23492,3636,株式会社三菱総合研究所,S100X9BV,2025-09-30,6674,6796b83b98c05144ae56f88f763802f98939c9a8,7106,5b3f0d8923f5d6062f64bb04c9eca05ff475ac59,6560,7f265f7af3f3b36aafeaa7b5e6f02f492f173722,6742,db2a053536ca2945388ee60b2a3265b2b480c45c,
E01259,5444,大和工業株式会社,S100YGVD,2026-03-31,6562,04971ce8bd9837aa1e173056843b5e703c8bbb4b,1647,3fddfe1abd118b7082a5aa9c1deab67c3808647e,4498,19baaf68902151dc4481a4b26d1827145ee7699a,12861,85f7d78a4cdd53cad9a7a59f321c4ff352bf5bbf,
E03814,8697,株式会社日本取引所グループ,S100YA84,2026-03-31,5822,c523d58e6efcda4f22edc8f3d28fcc8a177d32a6,22512,98c19d3452dde57042b176f54e1360391d5fa71a,3011,51276a78134626b8f9e7ad4e495715852f16f77d,14832,d64feadbb64b0648ac8077f8304c592ce857ebd7,
E02288,7735,株式会社ＳＣＲＥＥＮホールディングス,S100YK9N,2026-03-31,5297,c975f068951be89787a45b18b18c74a3b4f0e902,5119,2fefb3559e6964a8fcbedd462ec5880f7ecc0448,7018,f9ebe4bd655006776387bad527fb99ee43c3caf3,4198,a32c661ddfe2b6707e60f146de57dbc8f658b4aa,
E05135,4792,山田コンサルティンググループ株式会社,S100YF7Q,2026-03-31,6203,cd9af0f2a9ff0e3e93e3800fb9c112cf7ffadc65,2140,a35eee0cc2308a6ca1ef801f006efc9e0670af6f,5193,182cddfad43be63c1e0632362be2bad8d61b1e28,5249,7ddfb1906cafcc0e16d2a0a9e736ce1d55d5e2f7,
E32620,3962,株式会社チェンジホールディングス,S100YJC3,2026-03-31,6553,890bda414287a07c9da783087ea58121126519ff,2111,ee7037332010cb51ab62986d7d49b72f2a3d9fcf,3030,165e0266c0eea700ae878b325c2e2339282b6586,4307,601302b09611c40615b371e1bde715d36160daf9,
E00083,1833,株式会社奥村組,S100Y95Z,2026-03-31,7071,cbd5b83c0ed6c13cd0dea3c95324821926690704,2743,1ccf7b812915bb7c172f7f1288531a65708ed5da,1731,5248f90f0ddcc90f2c7fae8240713219953a24f8,4941,afabcbc2abe649842add7b23f0adc9baf442dcda,
E00913,4626,太陽ホールディングス株式会社,S100YBLG,2026-03-31,4533,934be82412b28aef2c86ffccba2f9d712fc4d74d,1473,2ca6da13bdfe99950102d13a08b7b58848c8b8f8,5248,af34cf682e2f89c09b623eb5bbbd7fcae1672e0c,8679,490a4f37792683109359673749e2133803dcba4c,
E00939,4523,エーザイ株式会社,S100YB05,2026-03-31,8050,51747fb9516d3534adc109fffe6582fa82c2c8ed,11267,52eab0212dc4899e93db95b524457f979f1d45de,7555,1005403616cf6a4c68a4f413780c1f693c875e2e,20039,e77a810d7a200d67f674b5db212082416a09eb32,
E00316,1720,東急建設株式会社,S100YFDZ,2026-03-31,9394,77ff5a2921b01ba6b9fb093039405d93c1afddf3,2247,fdffb406cda50ecf5295b4f4337719c57c9af380,1842,874814ea483e4c0b6032fd0467e377a08ace2bd8,7242,0c0e55a9dd24718fac871cdbd4a755633fe89e22,
E04411,,株式会社　テレビ西日本,S100YJBQ,2026-03-31,5081,9bcf5429ac5e225aa0b58e8d0276c1ad506cc814,1740,3fb60d05e9122d542f4b80a15a74b1ac5ff4cd54,2756,3d79c39168a768375a218fe92badba0688518adc,3358,ceb6d7e6fe9ab66b3be6120ae13b7239b27f815d,
E02548,3176,三洋貿易株式会社,S100XABQ,2025-09-30,5335,aab099b47667c6a7caaf2cbeac7b5dd84d3dd631,2993,064286645fa1813601638c299d989646f8a64dfe,2508,d1a5ef096b959e65f0368afb693a0bc016340ecb,7981,16705202c63998f7c8b87727eb5bd36248b046cb,
E02509,8014,蝶理株式会社,S100YBIN,2026-03-31,5665,2aba4997242a3c80aaec1210d858ce6fe13eedc7,7230,bddd66e7c7c3c698967c8ea7596ff917d56c4ceb,2606,3d465ed645323e389784b96c442ddc283b2e5153,6443,3a51377b740fd6aa94635ebad5ef5f80b8050ab5,
E02126,7011,三菱重工業株式会社,S100YHZG,2026-03-31,6579,445545920daf2dd37004f590f64cd33eaa89af18,6475,b50fbe6c2d8f4f0009854df117c565ef3e207e52,3365,f13f444ef9a6c00750b2635cf932376bbb44afd1,7992,cc9f852df3a643f9c361dc4c420acd4bdb9dbf4b,
E04272,9201,日本航空株式会社,S100YFIO,2026-03-31,14984,b379cb92e895525a4b12e4f77793d8e4a3afab38,7282,b08d1b32e11270c05d2dd3f87bf8fbdededb0085,1734,6f622392205edcd8ac92773d7574df50d80ddb55,12720,0b953d7fc33433bdc4cc12f36a54755a571d321a,
E00147,1860,戸田建設株式会社,S100YG3E,2026-03-31,9777,cc3cbf9fecde89ef9f6b517173c2850e20e8659b,384,e9b70a0715e4dbb83dbb5a5745c823ee54584daa,2120,3686c56ff8d1a66f15db5f37194dce0907b0448a,9117,b750e8a905e870b07e610dafa7ccb5aa7d091872,
E04788,8593,三菱ＨＣキャピタル株式会社,S100YF4V,2026-03-31,11216,97d4355ca3c8fd484c8bd6e4855f45519f750746,14634,425a80e1f5bab8d59316caebc0cc3feb481e6efb,4083,2424542d2f8f42455778c362f2609f24423cf07d,9126,1db06f378ebec334fb213e7e3665f1be41f80c4d,
E38525,141A,株式会社トライアルホールディングス,S100WRQT,2025-06-30,4808,f4fbc8f3c7cfd5f5ce6f4ed478e576166b6f4b80,9407,b2f5b3d53477e4f14de5f7bf2be86bb964919a03,8856,3d1c1e3e695abd3be6e43a3a8964bfd8aad7b006,1188,080aaa379299b9a571ac20759055e48a242d27db,
E00945,4528,小野薬品工業株式会社,S100YA20,2026-03-31,7229,5255c24f4c269f140f906abcc032c14603c8a2a8,9394,e24cedc131fa91cdd18871a05e131010c453d0d2,2939,c687807de73a0f62939175da6e41e4f093bb8ec7,10113,e6be61f21db3649af5fe942c0fd41bdb4c07d7b6,
E00988,4901,富士フイルムホールディングス株式会社,S100YIBH,2026-03-31,10808,6fab9d9c7d212ecd8b8277abc7ee27707e8149e2,8003,c40a36b3f160d4c68195c55a3fab00c8b684ce44,6731,ae241c6ada30126fe8235c3d537c4b0409593ae2,13549,d6fc52019d6f467eb75e5f89cd33235fe938d2f4,
E01577,6379,レイズネクスト株式会社,S100YDME,2026-03-31,6543,6554aad92a758786bb39b899d7ab4ecf1ef0fcd3,5992,326974d9f338510be5d9ccaa32c7aa62bdc650ee,2536,98ec8b77732bb8f814e733704228034a13ff1dfe,4559,4da45864ef45fb04d35854f15ca61273d3f8d5fd,
E04427,4839,株式会社ＷＯＷＯＷ,S100YDWH,2026-03-31,7542,7122ecbbaa2a88de16884107b43703adbe8c7839,7712,7386aeab923da7df46d5217735675abb2b48fc0a,2765,003ed6fb895d198eb5790b4133831e329ebf12b5,9366,0bb849bac59f1f8bc8b3be273852601e2de5d3a8,
E00112,1835,東鉄工業株式会社,S100YA1U,2026-03-31,7801,def0b7114768ad32b38fd67583f83d11e376e67b,3585,772116fc8e432cff79116bbe633ee6cc1909cca4,4804,5c5615d00f9b9db19a66ed5a78a6889859e2a244,5268,e98b5773a6a51f2c70282e34cd3fa7ba31474c28,
E38109,5574,株式会社ＡＢＥＪＡ,S100X6IA,2025-08-31,5085,a2652d68a19873ae5cd2f424e4f06481389baa78,8473,66f944d91151d95fb7ef40c78e076019dc42ecf8,4700,841764c31b5c48ea4e7b70aef26798fa3a85782f,3389,5e3e8dba3764b3fca8f43ef5429ac5beca382cf4,
E30726,3475,株式会社グッドコムアセット,S100XHS4,2025-10-31,7045,9703046a14badd621aeffbb396323bba17ac970f,7525,f22cc7d836ed716336daa2a7d9f43c5cdf02d945,5188,3d995944cc9824956287b3b32dabbc2257c72954,4020,deaced3bb0e1b2d5b4335dfbc8c5193b027df0f0,
E33391,3993,株式会社ＰＫＳＨＡ　Ｔｅｃｈｎｏｌｏｇｙ,S100XC4P,2025-09-30,5531,f29108059619ac972dce4ecb9bbc641961874daf,3654,9a82ae31ff1b8be02eb14b99772ac1822cc973f4,1759,0da81f93bff37ff39b45c8de070e50929c05e4ab,2063,289c9b7c0a0bcf52b25e40fc8b2bfb30c6fe86ef,
E00080,1885,東亜建設工業株式会社,S100YCGY,2026-03-31,6156,e6033d0b89137e65188b0f5ca27f05ede5dffa8e,4262,b8865b86db0378e6ec4f8edf86ac7648e03c0809,1833,c793c0ea1defca65586dccb5f1f4c6bf989f1858,12858,c77e5d14b18148258318c28f11befedaf444c034,
E00751,4004,株式会社レゾナック・ホールディングス,S100XTT8,2025-12-31,5031,f090f9778f01a9e44b4c235055689465ba65d222,10630,dddeb8e94063b1c5c0dde683e1a5ad5d7f9ca75b,1517,1fff404c0037823b17c611f3ac0fb74db03dbb56,17568,c16904ad89366e5cacbf116fca8544e18b06a6d4,
E00069,1811,株式会社錢高組,S100YJ24,2026-03-31,6075,fa608341d9ec546c30c50fd74a7f9ba52c3a83b7,1595,5fc17c503ada90632b598cb8a99295a3a85b196f,1766,5f5dd6352e8f66902b9e0fef18764614590b66db,2220,193d5f7a5b1269ec42a42a9fd793ea02c452d13c,
E02567,8088,岩谷産業株式会社,S100YBEM,2026-03-31,6703,44defdce9c5c0375ee9c0daaaed91d169a6ed03d,2674,47c189a31bd1c2de73ee090c20257a6ad89d8090,2448,e2711a2dbb6edebe0423ff49eadff72aed9932e4,7029,d64ff86b53913770f9cd4b09ac555267773fd12a,
E02417,9697,株式会社カプコン,S100YCGO,2026-03-31,8708,b0597e190f2b3a715ef13d8b22018ad9006b3efb,6916,8347397f9f04eabe7b74a201568e03d7b0d651d4,6976,9d856156a57f1008f17668e11afec0b0b695e301,14010,ea0201bbba04b4fcfcb7d36f9510b8b11ac4dfb0,
E00783,4091,日本酸素ホールディングス株式会社,S100YB9P,2026-03-31,6894,ef944a8f7452344db4c7cb28e7f6f1397ee03df8,8541,d21bbca614dab1be07aeb71f7966e06832c6e4c9,3807,e55ca80a0748e921e26ba9fbc35675e00c34f732,14076,1d36c4fc3bb8fc4a8ccc5670ab249841ca980e70,
E00984,4568,第一三共株式会社,S100YEY0,2026-03-31,9899,8e388f046cc84b5824e06ea5b94a55a1b14df336,11758,77aac669c5e457d874fb84570b585fb188e9e067,3231,51848a120afeb2f98db4eb2476b62ee2f910a83d,25708,d68abbd9d7b9777b260e8f690833fbf517d9e846,
E36703,7380,株式会社十六フィナンシャルグループ,S100YA7J,2026-03-31,14663,7646d922c74038a8a91a808dbd232364fccc4dca,8872,3ef9f2878684201caddfe6c872200a15b1b9dc1d,2680,8e8a960248bfc7029c8b2fcb3fa1195666310c76,22617,de46f54226ba7cb5dd3ce7060b15ba35c19ebe5f,
E00317,1719,株式会社安藤・間,S100YHJP,2026-03-31,8105,65d59e8eab17262a8ca83d3df3519d87a3f83264,4005,44dd74b4729e131e79bf10bfe72f76641c34712e,1743,501f995e39eebe0871980fc28336b19d75dc0d54,9901,71cbe52025bf0b2676d27e1cc90044e40250bf7a,
E02847,7500,西川計測株式会社,S100WQDH,2025-06-30,4383,cf78533eb754b30514103ca861dfe2a9119bc60a,2491,9462c0c4b8266bd5fbb11cdb55aae918ce40d906,1486,fb185511ea4ba1c050fe987ed00ab73e18f55f1b,3205,1e8fa4776aead10937a400a39f16abe0c30e69cc,
E02450,7867,株式会社タカラトミー,S100YHL0,2026-03-31,9081,23ac2fad68b055b1181de07174d9ea3753dddba6,2219,f61461bb5850db897e861755483780e2e766129a,4050,e610cce0d524e3ea2b8875fb9691771848acead2,11479,62210233c70f410f731d98dce5566bcc157f366e,
E37781,7389,株式会社あいちフィナンシャルグループ,S100YE5H,2026-03-31,11021,f29ecce69d50dfd547198f575d52129004755b43,4728,151b242025a967e1c14881431c30d45630139893,3125,fc36eb4688ae0079d45c1a548ce9aa9202b39001,18565,c9b02af5b00ba818c38e08656e70f7088a44612c,
E05725,3092,株式会社ＺＯＺＯ,S100Y951,2026-03-31,13511,13991ab1293d399263ae2ff8132dfa030ba6bd3e,6384,99c47690450dbf42edee1572e6c5c1c07bda20e0,5365,bdfd3a9d8bd40e49a00146f5a4ab1182bbd41f1e,23819,3c04870349d23c1c74d0528a7b557cce3bd82c36,
E00065,1815,鉄建建設株式会社,S100YGCF,2026-03-31,8473,b95b7f58c14b998fb4f42e7ad4d4b593399c48ba,1912,f9f24c3f4c4ef609e06835d2541f35aee07cd1f4,3102,e0f7a5dc744a736ddeb6caf2328f75623298464a,8417,aaa8e9418944c394bea0128af6d8ff25bdf2f16f,
E02144,7203,トヨタ自動車株式会社,S100Y8NY,2026-03-31,24506,495671cf0c88f8aabca329e5423968192db6b72e,8492,8d5d1d456c0dfb1f186feb586dbfd60ed33aaf02,5719,fd2d9302b2157025dcf749017d18c9d046826090,15787,d5722288cb7adfec3c18b9ddd71bfce01bd935e8,
E04430,9432,ＮＴＴ株式会社,S100YCP3,2026-03-31,13326,b256e3d77f0da372d169aa472cc39c735ae2bb4b,27210,b057d3bd388058518848405ab1a00034ed6841d9,3253,57a3b6a117a25bf9dbc342eff1634b5656f37f65,15875,61fd9919cd3e5301ff735cccbf4b82d4a54c5d27,
E24651,7148,株式会社ＦＰＧ,S100XBXT,2025-09-30,11710,2bf0b5c17b0c5bb50b28909d8c181eeab4da171d,9644,aafd77d4badaeedd88dbcb87efd19ed90f257ffd,1852,e9602bb20570065178416700e8001866e00c3f66,3245,e8d6faec476cefb756b5511da29aa0ee5276805b,
E00436,2802,味の素株式会社,S100Y992,2026-03-31,9931,587a946e7a93632b28d8ac8c1c989e059d7e3189,5229,9ce4b4e49cb1286b75d92d824d9af45c8f82d661,2593,d5bac63783a071c960b20fd097f137d1787a40f5,22329,22cc4364708772fcf046fe4c2b884436671c0918,
E00119,1964,中外炉工業株式会社,S100YBFQ,2026-03-31,4316,cb75953d1caa8fc6b18bbf4a0f65b195490022cf,2365,709b5dc888440bc53ac2cc6049ba5c6eb4399f76,1267,05c60b89761480b01415da956e49f33cf64c0651,4480,3ccf932e8d4c5d3dbaf0cdcf0a861d10907f551f,
E37158,4259,株式会社エクサウィザーズ,S100YFZ6,2026-03-31,4452,dca502f09a53ac8dbaf7541ba311ce7f2d1029e2,9570,6d04e7b7dbdc57908d591d5953c787486c23bc16,2999,274ee13101b97d6abe93be13a5953b3499da6fe5,6383,9799abddc0d931560b963a5d6deaff77c0823aa8,
E01950,6857,株式会社アドバンテスト,S100YKTA,2026-03-31,6142,24a3b6340cd359f4785ce67fe7a8c917dfa9cf64,20375,0e5c23d06912838ef18e564359c589f74178de7f,6672,4031df480be1c2d76257a128a7c4ab0a19ec38b3,29415,78a2bc875a85e17d66a2441ec1d60724f0580f87,
E00313,1723,日本電技株式会社,S100YH9O,2026-03-31,9357,6d58b7798a0792ee24dab30eed5340149e60e667,3193,4c85b81b707b481711f8a8796a73bdfcff593367,5418,a0c9320a518ff7fa884730457a2a301851da52ef,4343,941294c4a717fc0c3c638a0c77cefec6f75a898e,
E02328,6323,ローツェ株式会社,S100Y5GM,2026-02-28,3815,d10771c7ec41f5e2256c5a2130956670687ac95a,2858,1cc298313b60774484b31f5324ae2630517854bb,1863,2237328b5b246f9a73021abd91a0e32ae63ca7d3,5720,a443543af3e75a30c036e907d701536057e55b02,
E04762,8591,オリックス株式会社,S100YG5L,2026-03-31,29585,f180d4f67eefab11f1429af62ee822c99ac4a6b0,9759,1ac2f952f4dc49e66b1e6843c78a9f122f178e22,2696,c27dff07cd58f1676ba72e5994abf89514d6f6d0,17636,4a2ef139c824b8a2990f71c6950835c1bb40219f,mdna
E05159,8473,ＳＢＩホールディングス株式会社,S100YK3R,2026-03-31,6347,c2bd2637b1d6594acaca217f1f34296d456d8f2e,30000,5052ba2de33d26c56ee28038f0c5eb4ed99110f6,6800,edd6d858d31d8951fc621445f225e68d88d7edf1,15608,1ee952f9f0c24a582c8f05dff99639ff3529cb91,risks
E00086,1893,五洋建設株式会社,S100YF3Y,2026-03-31,7328,a047aab44f4bcc40051457db3dc231405077c4f9,3692,e76bb42da3061dc5036ebfdfd4f5b7c210f9882a,3565,6954e09b3d33a1657cafaf525cb823c2ef195335,22290,dbf226075900fd31716e90d6fe8c3586c971f87a,
E00923,4507,塩野義製薬株式会社,S100YF57,2026-03-31,6269,a5edb8c20022c07efa53436080c236c69d2cff75,16402,9971aa0cba89fe69762aca5a35c97ab894f33513,8240,01e49c46c81d889eceb085d37aaaf84fd5aaefcc,10765,d663b0fa844c1f0c85db8968e7c0cf8868e1b4a5,
E00492,2914,日本たばこ産業株式会社,S100XSSA,2025-12-31,8907,bb889b16ad6754163e1548aa34d1f0e14148616c,29990,80eab50172790f30680e83e18a5aaa59fdf88419,8746,6ea475482cdac5f73fbfd607f511d357a0f39943,15410,95a154778812fed886f9eababfdd5f57a154a667,risks
E02517,8098,稲畑産業株式会社,S100YB2W,2026-03-31,8861,1520acc672aff3bcd061a16e7c818644a4900a3e,5561,ae6f0cff2d1a4165bc05de794561330249185908,2909,9a63ae0b0fcbaea07c6db555cd8d795898a1b858,12467,2beea221e12a328cdadb304aa3822005d5fd5eaa,
E41154,480A,株式会社リブ・コンサルティング,S100XT4I,2025-12-31,4885,b90c8fea1277140e9e2f0faefbfa9189006bbd3b,7793,58d6007a98855939938c7b58a051b5007e8a725c,4222,928bd8736c812cd640064d30dd24bb7d6e417e94,2304,8e7f1d009e0bf0a72c2e4291aa53940bc509f63c,
E00260,1787,株式会社ナカボーテック,S100YF2C,2026-03-31,8281,4fcf7c539caac9a0ba198d066fcf5fff85f6d652,998,d02c4a192bd3b43d0def35af7e09f61082a08178,1174,d74dbc6b3dca50eee685bf6b6ff9b7e802cccd03,8190,b41d13a86fecc24e3fd47d2428b40fd65c64f67f,
E02490,4369,株式会社　トリケミカル研究所,S100XYYG,2026-01-31,5417,7f53f238a22bc0601b288a273630fe10ed427678,6285,59cd3d61b9aa81203d9cd4c21b7155ca82afec25,1575,44363a92901dd703ea2891e51828f9a0a9b479e4,4357,b1b5f0cf1370495debfb90ace048c70aa268d874,
E34837,,株式会社ＪＥＲＡ,S100YCJZ,2026-03-31,5780,75a787805c5c795b48fc896e2415c549003a2d0b,6977,a733c54a7b19ad7a64bf53b40123de9b4be8c020,3517,344ee8aad1e46cd363f5949653af4f2fa51d4ef5,13654,dfaa9c478b5c369f56a35ef36340ef632c354ae7,
E04583,9602,東宝株式会社,S100Y5O3,2026-02-28,11035,30be8658cc319103e05b30e2f81712c12ca26fe8,10095,1af3731dd89607863168593728ea12f842db0ee1,8554,1044e4acc4ecdc15002cf9d7ea98184103e0f7a9,13616,d5d3fa6c959c8c8b254fa8bd4c3e9b9b9a281cca,
E02522,8075,神鋼商事株式会社,S100YEV4,2026-03-31,3414,d1d5a39a8b22c5be58243a7f3e2752a23fda1bcd,1705,ccc41f524d25b488a36b915115fbdbda8515474b,4210,4884d67fc340a95166485fe4527e70d7393f46e6,5439,e04415b204b8d96a94e93257b9ddffe00ad394c0,
E02381,6454,マックス株式会社,S100YHEY,2026-03-31,7252,d3663b9ed01a8c427368148de8f844dcbea61a6a,7450,65e274cdf2c2704a02d6bcdd3ccdac0365a515e8,2294,be521639c6532dd44ed32ab2d4d8b8af27196bb5,10150,4107dd332d40dff7ef1b9685b5807d5c5780f802,
E01161,1871,ピーエス・コンストラクション株式会社,S100YEO8,2026-03-31,9480,e6db9872caffcbbc1a4aa858c03f4759a041f1f0,2350,950f008eafda47431f971d30c578c1b1a64acbce,945,99f12648eb363c5799e108154e3769c3fc6f0121,5240,d318b3a9c158af772ccb8b345eac1ff6e1e1a223,
E03688,8511,日本証券金融株式会社,S100YIQY,2026-03-31,3661,aea0d8701c08d17c30513025ac10a2d9fa4da83d,6165,049fbbaa3a51e90fcd86c4038171b02ae4c89efa,6694,771050947c607b9750e0347a5eb5881b603fa85a,3292,84181e12f2b761e63db926fa153ab179294d009e,
E00265,,東光電気工事株式会社,S100YEMK,2026-03-31,6072,8f0b1c18ad5248baa621b47777c42305718de9ed,1007,071b02bb9a0773bfdf03c6a0296415a7d88392fc,3819,3c3a5cb81088d9ff2366ef7799c58b3178a8b182,5013,778a386989431d6ee4c58ff059d64343599331b4,
E02367,7974,任天堂株式会社,S100Y9NX,2026-03-31,4700,381fa233dc6980e037dbdacc1ef520f63316b496,3959,a342ac2e1c329f949756c4844a52e9a22f70faf4,1299,31c491ed06186d846a2eb3ea94374197835b998b,2702,54b77191b59890ad370c6f20c580d494c0fb088d,
E04902,9622,株式会社スペース,S100XT9C,2025-12-31,4647,e8c7052ec221c694e23b7e8bad664c2072cc60cd,1917,f6e18bcf08d68cd7d095108be56a196043958003,985,374e339365c356f9299571a87670a63cec5e7835,6938,a2662ea2aeb8012ea29f9b31e0d00f7302131cc8,
E35230,,楽天カード株式会社,S100XT9M,2025-12-31,5863,4cca4ef464f702e07711c29d716dee6442ed833e,11324,e21916806f2c4e1b099c8a1a698424aaeccac30c,2257,40d3c257ba9ef06b2099664cfe862dac4b4053e8,4630,e4e7cbdb8c68011ff5695bce923be4c191090cad,
E05048,4733,株式会社オービックビジネスコンサルタント,S100YD49,2026-03-31,8080,19f9b25dcbfe0a1e42e58618851c475a0bf42e75,2326,e5e9461bf6a54693a68a4c129fbcf4968f636e00,4801,2689c6802338a2cff982ba9081c0ee4098e364de,3299,6e36e208507af18d7d856cb8f02076797612c437,
E00093,1814,大末建設株式会社,S100YK21,2026-03-31,5720,b239b98d49c2b738198d1b8d634376521e60c560,2670,efa9e716c539fb1735d304d2b73238c72a8554ed,1107,9450e8523465027203321a10acb58ac743a1070e,3084,a40d39c752fead57150504e9359bef8581a4da14,
E34177,3491,株式会社ＧＡ　ｔｅｃｈｎｏｌｏｇｉｅｓ,S100XHWU,2025-10-31,6204,b09ff99192fc119c413f1cdb844b228cbcf3b93c,11356,9c45e025654090c657416a026b0ebb8b782dd300,6014,eed8501d5720644f43d417085a1ef7f48c8dabca,3898,f0e9cf1cc851deadf07570c7b1a5659f1abe0d1d,
E30982,7175,今村証券株式会社,S100YCMX,2026-03-31,6014,539b2aedb63d1397e676ce28f15deb49debfbf34,4248,1e95a5a6a79e9f469686f9c22e8b82ce27d37854,2586,0202edd7656a5c9cf5f61a6c45900fa01c970d84,2642,3bc857ff42ec41b082dc29895ac084e68773ab7c,
E04425,9433,ＫＤＤＩ株式会社,S100YKG2,2026-03-31,9089,c4a0e50b2b3a2b1950dde877db8812227256d81d,7338,0c6510a4dd7807c27a37241d1e90872b92c40685,4138,9ee8103a463ae6374f8b5ebbf09f404f2ec652fd,20942,133e06e8fef77df46b9facf4bcbfae18149c5e6b,
E01571,6368,オルガノ株式会社,S100YK07,2026-03-31,9869,4670c85855750ecdc29aea37e2e4a11b1345192a,12064,e6930393455411c96a6cd73b10ca0144c9703fc5,3157,b2629d4d0bce775d9e8266b2cdb961bc76bdf3f9,12111,5a1653fc74d6f7c8f0ebe5de5f4123ab15798aaf,
E00395,2503,キリンホールディングス株式会社,S100XTVS,2025-12-31,9594,70b8bcce080d8dc3f07188329412e55d449416ce,10398,3e9387d376c8ee336f66964c7ef29f1a21aaf092,8360,525c4960b4df26db41eb2be6666a0528f5c87bdd,29870,806420f3e56d35e6210289e46b6ee5a331ee140a,sustainability
E03938,8844,株式会社コスモスイニシア,S100YCZ3,2026-03-31,9527,f74970d43df0c83c87d587f3f35352de281659d9,4485,c1c280da41e5bf6326f04bdefe6790fa9b146b5e,4114,837eaf3282634bb9a71aa7013e58d6eb77595a99,3757,b75ce0a2b79ac37f1cd60e530429dd32e0121063,
E03816,,株式会社ＳＢＩ証券,S100YNPY,2026-03-31,6767,e0be44339fb41b0318f8b2775ac4872d3cccaa8f,10594,9e890e802955e129569b3943cffd7b6ef3d41f81,4583,5b95d5f06e68aa78a491da68978b8b9601a324c0,4181,50114cf64eb3e8b26ffafb9e69c6119315ff4e5e,
E05438,8424,芙蓉総合リース株式会社,S100YF6A,2026-03-31,13691,458529ab6008aec0fbe18e691336968887251dbd,6074,ec46e6082ca1b929f89af5f6b6d4e12a458f7ac6,2191,74e9faf9d53606cff64ee870de2ef5d305b6973a,9072,2c8201d878af3fa27aae83b8253619a18f9c4d1c,
E00011,1911,住友林業株式会社,S100XTVO,2025-12-31,8491,922da9254351c5e638b1aee4248deec780fdd70a,11284,25edbc0d2cfc27531cfa56b55844474094167b15,4628,9410c459dfcba37450d7819d00538ec5286e1b1a,10691,af64eaca7087150638a7cfa7a3c4ed488eda4555,
E35150,4475,ＨＥＮＮＧＥ株式会社,S100XCC9,2025-09-30,6197,0878e9a66aaab41698cda62776e34b31504d77db,7763,7d7ddc9aa110a96eee24ef14dae1a08f6b9bca0b,5902,f10b26bb14336b9d9a874d378870812a441b93e4,13375,4d5ac1a2522d9fd5934d6f4a4173a7c9c8480bf0,
E00221,1879,新日本建設株式会社,S100YHI2,2026-03-31,6635,b993916b2c8b10ba9e7f357b80a9009106e4b95d,1612,73be53f8d4b549a9941aa959ce7a8082fe19ae6b,1397,f9d32ba9b56e3053a0bfe78a1e5195b1fc36c2de,2269,8df543b49c1e10f53439e9421c0cd1d1dbeb8df0,
E00304,1736,株式会社　オーテック,S100YKWY,2026-03-31,10585,959d4037cb2a681b9553da5ef3361fc6e81f800f,2512,69353a8e235f772015af36a35c62ed38a9b566a6,3849,09dfc3de982fc0db133ec33a64dbb3fe4a8e9477,8881,1e9f5e04264ba0baa03cf3d791691e664b2824a8,
E37725,5830,株式会社いよぎんホールディングス,S100YBIB,2026-03-31,13123,36298787eca1806f0b629fae5a065c323223227b,9001,1840df66f8053465fb01c1a34adb4ad73d1bfee6,3095,a396b7a08cb78c2fef4fdb4f1ddd38812df236b9,9296,029685a7d7920ae5971c4e80967e79974984247f,
E01766,6702,富士通株式会社,S100YM3K,2026-03-31,12164,a590c8e0d47e601a0bd94ecb33a9aaf968ccb7a8,17129,26b857b3073b4345309e47af69d28a0c8d490ef8,9124,02d4c9528111057e1220d7280696daca875385f1,29900,96ac476a565f1c6ec79c9952502869f72cf1a396,sustainability
E00854,4186,東京応化工業株式会社,S100XT0N,2025-12-31,4554,8d2a9eb32b347dc4f9700fddd22347c19c58df65,2845,20a04144711c506967f475837c4564a5a18efd26,2726,246fe477b9e73a8f6b6e3e102b504ef150daf85e,3742,74f3a56df6cce5fee7b80bf1175a2a52ccb6f909,
E02512,8061,西華産業株式会社,S100Y935,2026-03-31,7084,4117b0e94eb65104998d5de607b030601aa49f8a,2447,a0b7eeb9d6bb26df017aea3ca2a8b41b5f346ea3,2616,8699eee333b1da60e2ad42a2baa2d649ed82d8b5,8049,f504dc4107f73a013b9c020b4bf18a368947d6fb,
E05080,4755,楽天グループ株式会社,S100XTNW,2025-12-31,14543,c15b6321402910ca8466e712462af4b2a380de28,29927,f471627255f55bd59e450c274195d28f0943d31d,5061,c1081d8c3c2804bde1f549e8c3c0ae000e768d22,19337,f92cf9ea2f9f723d3b122ad682923c2704ad5d2e,risks
E04502,9502,中部電力株式会社,S100YDH0,2026-03-31,8879,b2050f2e371a39cb013de7e139e37fa6430b6379,8999,7f3dd160b483e3984e4fb7a113afa8f728679d87,4047,e3eb261f299387ca2ae7961b810065a85dbb1c46,10397,b673d80224d0b24c1e81060aa12e34c194bd4cae,
E00218,1878,大東建託株式会社,S100YFJK,2026-03-31,6708,dbeb4627da4e2344176f68610817c524b430ab12,6345,316ded2723547d45fdf365dbe5d91a22ee74d928,2356,092887948d73345cf68d30e18305ba7e929f725d,21977,6345e4472e447c98011b8d5dc54053e8df85f08a,
E01084,5019,出光興産株式会社,S100YCS3,2026-03-31,6706,79547c413b7648a1aa02f58d0ed7f835bef20429,7473,4d0a8162341c1490094a4708881424e3f2ab8467,4961,b18d1434a11ded6d1d2b39d22d23df7d3443d52d,12832,49ff900f5ca6841f181e53ef2137ed21cec4aa03,
E01956,9766,コナミグループ株式会社,S100YKX5,2026-03-31,9421,71e25a9991ba6e0c46d8e182b09c04e2ad1b059c,3271,b0ad1dcf3baeb0c5f9daa80fc4a5bc2990e3f3f0,3355,afa3c64f7d4586fbdfcb6638e0ebaf222dc9bc76,4555,bf343f4f219ea5b2c35cbf66cbe7963c87f1fb9d,
E04999,4704,トレンドマイクロ株式会社,S100XUHN,2025-12-31,4262,292d2baeed1b525f3763a4b043d3850da7d6bb6c,8622,9df7a7c11e81344d2fd1efb3478d2f41305c0e26,3324,5f949d0e658e850b470e24e6d35222fa52d3daed,2983,0e4113a6296a6006d92d2d0044d3551c108d3501,
E02128,7013,株式会社ＩＨＩ,S100YENT,2026-03-31,9150,2816f27178169e3f970d09abeabc3c2a2f49fd19,9201,b352fba7dd7a14da4d29667075c5a6e864ecc21c,3354,e82f1963e1df0134869d1344b2a6d135b60e0362,6741,9028260fcf3d01394e2a22605bdd5d94cff2942c,
E05099,4768,株式会社　大塚商会,S100XU0X,2025-12-31,6999,0cf00368adceb40a82a4cd70bc4ec153f2033290,1318,e0a5d08aefcb7066234007862138b7880371beb5,2787,93635735093f877adf4f2859e0850df5ffb3def6,8651,686c92c7e95268444a1d7ce729c22e5ba345076f,
E01737,6501,株式会社日立製作所,S100YGBO,2026-03-31,13581,ab2840b86d700c215a59cce01c14f27264ee7d07,18729,6747c86cacc415c672269b9883e7163eed609fb4,7116,905fcc3ad175f6374c2946ade886c5aec6ab3568,18905,582352eff4ffe00f249b562fce5a7dcccb4daf37,
E01575,1963,日揮ホールディングス株式会社,S100YEFQ,2026-03-31,7631,ad99335684c5b6fb1a1772f73663161f3e422e9a,9997,0b1d194b679c6cd5bed251bb013c87fe0fbac386,5698,8ba12cbe5706a32b89602eb22db722f275a2fc89,17524,f8941d68d2e1166cb3753c09345895c0d60b955f,
E04499,9503,関西電力株式会社,S100YFXZ,2026-03-31,10785,3bbc4580f65bae380e685c75e8d6b8d381159d9e,19577,10b4daa18fd167398e4333edd4df33aa1b66f706,2235,c1242febb7b3aa169a7ab01882826183e457cd21,10498,7966aba333682bfe674421f1a1a715f4af5db4dc,
E01661,6330,東洋エンジニアリング株式会社,S100YI4K,2026-03-31,10034,7f0c3face925e03490280459c99785c398abe820,3226,0742160986379e0ef6ad402d116c00c069becbca,6156,1edfdb0d8c736a82dc23d982b0b34222ba48fa61,6774,a693cda600977bc1acb33e7c4138957120d99687,
E07846,,森ビル株式会社,S100YMMQ,2026-03-31,3985,9e67adf9edcb421244ce46f9766c0513b4ef33e5,2921,99667390a322df4a6891e309721bfb196d069485,1953,a180901dda8e10d6d48966f3151feeecb9193167,8379,04b405ad81f93855883f966878cff8d1299f5ed0,
E01705,6309,巴工業株式会社,S100XHQ6,2025-10-31,6143,b37f3c031473e4a6c1242a44d9cad830fba21286,5101,a1fa60bfcff653082adb38faf47d6d8de255d268,2144,e5e11888f3f7e827ca46cc0000700a495b8dda2b,7463,81b6075df2b438ba8e6c517eb9f8f3c02127048a,
E27486,4587,ペプチドリーム株式会社,S100XRP4,2025-12-31,4618,2ee4ec7e188338f2e08d9db95be85ac16b3be2b2,8217,8c0ccf36b43a5f5fa43364b26411a5a387575653,5063,88df8b6fa7ed6493207ffd625c1e1ea1498b65c8,8430,9f5adde7e66c088a19376c6e01e36e9dcc1e8e27,
E04283,9301,三菱倉庫株式会社,S100YA7K,2026-03-31,5509,442c12d4c9b5421208bfb6a078d85be22180fecd,3077,5b5244105c9945639de072eceee54957d1016f3e,1892,08070482dcfde6dc243b5d37119e58a09f6c80cd,5456,e0af9ac636b538f844cf8adad9999c068c972581,
E00201,1869,名工建設株式会社,S100YK2R,2026-03-31,8672,e0448d0809bf2a18f56303d6ac4555108180b399,2718,e29d6bd58a7ab47538fb727f2dc4ac5a3db49952,5035,cbb1c1bb16be4fe63d5ebbbd1dfaa64880dcf5d8,3097,711d0941fd69e776fed5a839959062063a0410dd,
E02643,8133,伊藤忠エネクス株式会社,S100YC4K,2026-03-31,8193,f02e5f4dc281d9b4777a0d318abbfb016fe2c398,7002,6af34bb163c0e5225ea51a1cbcac7b9fe788f6e0,1000,20cafd54e3d4d3529101b77f1a9ee4f58feac67c,10436,59413427d5afd7f307befeca6d76827308953830,
E32022,7186,株式会社横浜フィナンシャルグループ,S100YA32,2026-03-31,16477,4e7f17e5271acb332550ebe5465ceaf4e6377e6c,9406,85d0fa82befcd7ae85bcd6b141e65a4f958d0bb6,2858,9216488d15f2ffd1c604d0c391a9fa00ca189e64,14079,e9be57462301d1afe6ee5eb26f9391ead4ec9676,
E38739,9166,株式会社ＧＥＮＤＡ,S100Y1F9,2026-01-31,8912,dac96bdf57f50a5d4b9acde6cf38906a85f7f243,15803,c816d717d80625ad0e894eeb1e5a509358d272ce,5159,88d9eb97b6c1f62d8de8b04fc64e4aa364c10ed6,4377,6fb1125695e47d241bdf72bd7e34145a4d39553f,
E00816,4151,協和キリン株式会社,S100XPTY,2025-12-31,11134,d2c2b9416b052e473d4bbca718662fe7a6511949,9339,7068b987086f81cec1e7625c1a42bdc2be9fec3b,4623,68a6fe00df96c33d68b0e843260cb282ae7cc7f7,28568,c29a0ddae24f1fcdc17bbf305a7dae6ebdd931cf,
E01573,6370,栗田工業株式会社,S100YBAT,2026-03-31,6989,f0af5ae2e43b0b6b3f8c7e702cb4ad31bd1be45c,5041,0e14055b961451fd164d4d1fc7bfdd8300519eae,4305,ef35137353466a9b1fc2495743948db43d31bb05,18039,65ebf3b42772f8d9d7067064179494abfb8131b3,
E38452,9344,アクシスコンサルティング株式会社,S100WQ81,2025-06-30,6205,736c138edcc43baeaf661cf94bebbc0eca58cfb9,6743,ae8a02ab317919861d80738177d518645132ded9,2772,6879d756395596bd0a728cc5a0221852cdbf3152,3654,09dd4bafd9d946504efb4f6a7555e4ca00be3144,
E05625,2124,株式会社ジェイエイシーリクルートメント,S100XU6Z,2025-12-31,4012,152f3b7f4a4584b54dd9dbbeecc546ff3edc67ba,7708,423db37e8e14523ea64e63fffbaed8b76c582044,3435,b7270eb6f48138bbf41b15e93d72864ad39af345,6619,51818b8ac431d6d342315a3b8fb6f439298e4fe1,
E00253,,株式会社藤木工務店,S100YL08,2026-03-31,4073,a7369413d6f334b8caf9a462a5d7adc0c2503267,1085,6c9502fe1f3e5ba0639d0ea52c35d954c76e2926,876,8e50dac26d4ad74fa401c1cd52527c07aa5c8d42,1792,02997f69688c58e84bb8727f70781e83d3c42687,
E01765,6701,日本電気株式会社,S100YBFV,2026-03-31,6651,8a47c11cb2b2b5724e8dda30efa88423a7d312c5,6523,9a261a0cff10d26bb8658f145b966df6f1c18d47,4506,01ec06071d52ad7df54ac50c99ddc9752ecc7070,21543,e551995a107d565b143ee3c90bf2c8b516ab2e05,
E04824,9733,株式会社ナガセ,S100YK8I,2026-03-31,9003,bd4db2fe95531e445154bad06598a010583a0e1b,2690,32a7b6d472b90ee5ad84846a15f3f1a49fb0a07f,2650,94a9dc4aca8246c455c8f3dd6ab96ea077beedb0,1322,3219ad2fb0669ab32daf609f43ede69c5f3af6c6,
E02553,7485,岡谷鋼機株式会社,S100Y5YH,2026-02-28,4512,5d6318d063d67bddea5d656dbb5e9b3b660ad663,2589,fec1735cfcf2ffcfd0ce1831e320c4c940744bdc,971,d14e49b2a232bfc311acd835036a9b7b44ce94d5,3262,111916cb6b1d0ea48176727281e83b99e6dd4789,
E36338,,オリックス銀行株式会社,S100YNMH,2026-03-31,13268,8c0e10d0c021e8c4a6a71653bd82d322f6d94076,8547,6e438203a43500f36a4d1d603e624a521ad06653,3390,edcbed08afe998ee85018d727b1cfee5746a7118,6356,178ce3881d422c63d3253b8847be0c245eee940c,
E02272,7733,オリンパス株式会社,S100YDN3,2026-03-31,9518,6642de945d47686c155ead29509c0911f3254d70,11509,569ad980a215761051249110ad4c25c5ae6abc34,3718,a3c8693c51ecf9695c5949cf2b8327832ac7b2e4,7594,865aa1f11d7934b557a7c33c3163d96c0c5d6cb4,
E04791,,三井住友ファイナンス＆リース株式会社,S100YJIN,2026-03-31,10200,612514897507844e58b8c8916b4692c795c68e5c,5103,cd6438f2642173f266ca67be885aed0c4ca03564,3194,0e723ecc31d34a7d1ec794bfab72d62ed57e0c9b,4243,a00559e72273f6005839ce8923f07cfb27aee9d2,
E31065,9517,イーレックス株式会社,S100YKV1,2026-03-31,5964,ff0af9b7d2076ad53d13283ac925a7d07b06a0dc,5124,a70fa39e1255b0c8aec7abd08d46ad06bcdda2e4,2036,5080b8bb5999eecd81d2f28409be9ef18633ba4a,16186,8938cb2e3ea54fe94d052c3df379190f07a8dc73,
E01136,5334,日本特殊陶業株式会社,S100YJTF,2026-03-31,5093,83acbf696d75b4bf351a9860a0d5f86804414180,4985,0da72cce3ed1387a8d80df8f8b83459182de33e7,2842,b033a6ea99c65c0f57cff228f463357e9300ca69,10444,e8fe88326d2f009446947f82c665e7708a397822,
E02578,8059,第一実業株式会社,S100YGOV,2026-03-31,5469,63b0569f247ba24c5212d2899b4ad653423c66e5,4701,74708cd82270892f0ebac32c42527ebc5430b7b7,2744,30b393a2d7f3e40332df3644e0acb6e52491c93d,10086,225888ddcc2bf8f43ddd49fb9c8d5f7434d5d61c,
E00393,2501,サッポロホールディングス株式会社,S100XTM0,2025-12-31,10069,7f68d58f39a9ccecf84642dc71fa5e609febdab3,8724,bce092ed8c76e9b6294cf8d5113a8f2678c6e3c2,4138,f54e10716844cefed05f83a8c6e193e6dcbc27a7,17680,f7cfd5aaab2aadc72c226dd4f03e08b478997bd2,
E03618,8377,株式会社ほくほくフィナンシャルグループ,S100YBV5,2026-03-31,19064,3070184d82b088503e0100f14c5bc505696ceec8,8123,65ea8ac7ed081b08f437a19f86dadb694dad153c,1512,e489304c134bf848479fcf1146d808b152306e47,10009,8509e068f209ed502607516b9ec9998f7152f4df,
E39023,5537,株式会社ＡｌｂａＬｉｎｋ,S100XV4H,2025-12-31,4941,d306a708088186c3c27341079c3505e393bb524c,7122,557b10cb89f9f696f8e88336b7547e94c2adf6a8,1416,18a68828d2d6da9f0ce54e6e792b7a27a8426b68,898,1c72f767fb04e962a7e147c402f5063e75471e36,
E05407,8929,株式会社青山財産ネットワークス,S100XTDE,2025-12-31,4777,f4679907a58a0d91539bb312e7d77da11c179064,4334,0a5ee7fcf119bce771b2b303c75929b941eafec4,1743,954dea191a4934d574ba09bb14fff56b78efcb4a,6926,f472c900d1884494519f4be3f56d0617c91fb92b,
E00098,1926,ライト工業株式会社,S100YIK2,2026-03-31,9966,9e658c9003a717481178be0fdaecd3d3284e6383,3407,f415b2a917ce0e4a061e7e388e97739174b149c8,1660,54421d9fd8f7ccfe902c0dc90dfb04cc1e2c7919,6212,fa50cf481495e7254de1dac2ce82adab7154c65a,
E04835,9716,株式会社乃村工藝社,S100Y66D,2026-02-28,4095,60ebea2d910ef4095200c58a4f75d6cf6dabc3d4,3138,7399287fab14004fe1c50fe93046cb71064e06df,2207,05f55e267aa5cd48556e2a1ba5ed3265f2ef453a,7757,37c282e6ee97a263dfb636839e1b06d4f9806223,
E01542,6361,株式会社荏原製作所,S100XS6E,2025-12-31,7767,feec3facd38d19534c6f22886f48f388b1845e07,7450,37ce014a461d526f9b61d71a39e7af23c83d59da,11899,831a9f3a507dab99ba7fd8c848636e4a5ac00c0f,9556,1d8c1f8c1662310d5a3ded7dc81877f040dc3cbe,
E04149,9022,東海旅客鉄道株式会社,S100YD7H,2026-03-31,8746,2d63f30cce53f8c640fc69b9b35f58577889a3b4,9816,acf0ca98afbe68dda14cc1740bf3c66789163ef0,5877,66a170b73064d907cdf7e3540756d8359b899ad4,12918,67519956372080019f4c7dbafc702a621494cefe,
E40398,325A,株式会社ＴＥＮＴＩＡＬ,S100X6TZ,2025-08-31,5395,d10c18445c51ca692b73a331bf2410c916bc03b7,7752,2b6b5edaf63398bbaeb0bfa0f4aa5ef08403e5b5,5536,4f08c1f777c8ea3c2558c09d3a5734744bc38a1d,2147,51689a3a49666e7ec7187685b206eb7da76c5745,
E05426,8425,みずほリース株式会社,S100YESP,2026-03-31,7869,f6c3e403fbca11602276766f8708fdb0cea4a02e,3926,90bfe8866a07cf88bb60a3a484270568731896da,1477,ce0361a576fcbc764e099ae7fc37c7c8949d7a97,10992,f3964e08a5d9922f84d9853ce7fb1b3e871bfd4a,
E01999,6866,日置電機株式会社,S100XNNG,2025-12-31,6723,fc788ffacad652265070c738599d1781fd66f7e8,6135,31b2c9ea54f0eb07b490cfcbe8f7b138f353b925,3442,8ef5e5b895321b5a4f2741bcea4edec4b21ceb29,10559,283ae2d688256d4e7a0a9fcbe3b6e84e0ffdc353,
E35345,4488,ＡＩ　ｉｎｓｉｄｅ株式会社,S100YJYU,2026-03-31,4503,da9b3eac42a360ea8d2885cc32cf53c14d86c57d,6533,29d1003259ab20fb3dea8e0bcb28a7a6c2316fe8,1769,4461be0d147d01e798bac77af0828c3c95d44068,1702,6871c345b44e8cd0d7e19a77a580e9b6956316f1,
E03533,,株式会社三菱ＵＦＪ銀行,S100YJSZ,2026-03-31,24744,f5cfbb259d59529d616bcf726c9c7cee5436291c,17173,b652635413704eb5e99b40704b6055ff8432dddc,3570,5e05ed7327829b520d100e56966ae7539f43824d,10963,8c4dc07a005b12551ca185f14361412f290df834,
E31306,1430,ファーストコーポレーション株式会社,S100YXXB,2026-05-31,5988,292439fbb6f38f54ea3726f3b9f98876187afa4d,4521,09446f14b97cd6a32a27303b412e8887e7cee3b5,2156,a25a50ac90beb8c48922d3fa204d00df3053aea9,3669,8bf10cb937f348c94aa82c3ff026789939e64a3f,
E01772,6752,パナソニックホールディングス株式会社,S100YETA,2026-03-31,7239,0b6b719ff4490a1ed61119aae41603b58bc10646,16619,16dce835a0d31f3d50ede05daad7419d500dbed0,1805,f41b760f3456402d21f8e413b0140a6dee1ffb45,14375,2068a93aa8e41656e3408b8b940fe89a4fec352c,
E03863,9706,日本空港ビルデング株式会社,S100YGGN,2026-03-31,9696,b0e8239625f151ebccc4d364b100ca02a2b51c28,8415,77df2bd45866358cbae3da54203582396bdfbd53,5853,5502b9b20ea725f3ebaaa57dd8647a8fec0f4899,17395,81e24e9c8b091d32d55f2a9b9efcaf087f2c01fb,
E03379,4337,ぴあ株式会社,S100YDQN,2026-03-31,6329,f0450b7b630dd2f4b9e5040fd2579d8a72de2655,1722,d93822531fc0a9b97773dbf9c9557587eccc55cb,2296,e9e7738ebf72b7d51b7f0bc1fd83b18d3f1da3c2,2051,38444e261dcacc101f292f51f91a6e43a07346dc,
E00752,4005,住友化学株式会社,S100YAUO,2026-03-31,7617,f3a3cda7bcaf2f2e6591d1d572c0844873e94132,7975,988df9c6a73aea106122a8c67f0f70ccb3613b6e,3605,f8273a41425f0a26c46d910af69414b4a7b4835b,11938,db61edaac1ce5a285ae4953c4356f6e7f4378865,
E05304,2327,日鉄ソリューションズ株式会社,S100YAEV,2026-03-31,7623,67a20866496bc2d66552ed77dea7d06bd1c2e5d1,3639,b9ad7d9f837b598ee312c6312143019451667dbc,3985,e53edf5c55b8c8672d7b6905dae298b0e08f5631,8151,1ae4f3d9130f9c50e7c55cb798efdb7303c093ac,
E03617,,株式会社三井住友銀行,S100YEQG,2026-03-31,25715,8c6dad4ae5883bd2265d4d9869df6ba51ea86146,11542,e4a7369094ebf634b616bc35b72bf43ca5a88569,4027,1633785975a0d5664407214927fe265b140e29b3,29963,e16193d1a5ca4f8f3f1562445a911999d8e9e609,sustainability
E33026,3984,株式会社ユーザーローカル,S100WPIP,2025-06-30,4686,6dbc2e23e4dfbfe65c81b161280bf8504e709759,5336,a17cfe032ed7daf363352e3ed11b0322d7f97bea,1805,daae84c0a1a1a32de3aab910e44e3301eadab3e2,3737,b9e33ca10d5a9bf3817a84885dab2f625537a782,
E00115,1950,日本電設工業株式会社,S100YGLL,2026-03-31,10137,7a345bbca764a72630bfdc28c7b90cf0d39032f3,3219,c316ece7b3846278ee183de6aab6ba5ac69e8c57,2368,e758e4c54d03639b3375904bfca85681dfda7c55,8660,87396ad7ee9e00312c42ae33cae45db019b41a16,
E00175,1866,北野建設株式会社,S100YM22,2026-03-31,4097,ac5ccee0e82c4719b72d3d02461236ec7eebcbe9,1169,266e5fa0ecc51dc6360de411344f3e194562834a,3111,a3551e11fc84b980c1aa8943669fba6bdd6d74f0,11363,f8f720eba2cc90e309e297f54e98be4d56c4f6de,
E04504,9504,中国電力株式会社,S100YGCV,2026-03-31,6445,9f50b8b30b089d5169e3d8bee0e86936a1e21c88,9035,2c049a032d471ef70ada575815a106cca11ad501,4124,e92c5b1044c4b39cedf33e149d60d3f76545d763,12305,f13cf9eed17906f9baad793d21c393320e8d1ad1,
E00143,1928,積水ハウス株式会社,S100XZ22,2026-01-31,10440,75fc25c5cae7cd4ac31187c3d6e294d932a26acd,9568,a72a08270996e2298077073152155abc14fcbbd4,4469,ce113ad5e326dcfa457f196be23897c0318ea447,29954,c34c5fda36abeb5c2cd948c1e64dc04c3ebf6322,sustainability
E00056,1861,株式会社　熊谷組,S100YK9Q,2026-03-31,11893,5710b8f5ec99640993e0a1bf930f708053f4c565,5744,a57aa86165711816c5522d4ec802c913a6507715,2462,985edbd9bec8b70e1776d2884898021e70972c57,29835,3d4d92273091f1afbdd3fcef4a1bfefa2c29db0a,
E04903,9621,株式会社建設技術研究所,S100XUDU,2025-12-31,5048,f405cb44cb9565ab4940ea99349e5096eb5872e8,2949,e5c041091ce39793bd779d03eb4031169ba67a52,2803,e8f437d6467763927fc496440461ff6fd2f66988,9222,48707aec87bdac53db5e00332d4a31b8c1507bb1,
E26837,,株式会社国際協力銀行,S100YECJ,2026-03-31,15223,da0904f081a954e6eae8a83f22d866a4dc9872b9,6205,2e33c9e119927d0ca10bca4235f66bfd58d23a60,5346,77bef9bf630bbd00f49a6fd8f4e284a00205839a,12765,423d73005e4d3a6157edd8f315d3e37fc28d5794,
E31742,3415,株式会社ＴＯＫＹＯ　ＢＡＳＥ,S100Y0D8,2026-01-31,9395,9f18880a114fd2054fe824e7181945b388a9134c,4449,7544b77218c0c170390e26562bf10bb68057369e,2487,d21508aad8cb1a0d5a78d403eb3cfc7d11a45012,1879,716dce877f8c44af75582d94b6f57b99766b95fe,
E00120,1852,株式会社淺沼組,S100YD5O,2026-03-31,7419,0a61c357e40ad1c8a83ac30a6dfb2f955e3370fc,3685,00da37e1d4005b24d7c83d0bd7f291cf853efa1d,3332,13377c1b39d3c0711d0607b485cfaa3e3d34a5d3,5186,4fb6788530702f5335a19c2d73919134c899a6e6,
E31436,3914,ＪＩＧ－ＳＡＷ株式会社,S100XSVD,2025-12-31,5935,2aac44c88724d5950b5a77a8d13348d923ce2724,7895,13b84df9b8530a10ff652d5de0e0da807e6b7cf5,1925,56475666a5ac5aea1f71638142ebda65a060bbc3,1298,a4b23b18954aaf7c3d91f4b65ec287f708180c7d,
E03729,8421,信金中央金庫,S100YH59,2026-03-31,16648,f81ddbd51967f887ded40523e9183b131f8d0884,6844,7e0f29ef98a955f6c0ca134ad9eb5f9882bc5a39,2984,ffbe4c525313bf15c6885a9846e3610613158ee6,8464,2d36aa2eab822c9b7d99d241d50d7eb815099f2f,
E01137,5333,ＮＧＫ株式会社,S100YF7M,2026-03-31,4513,114bb0c8506683c345d1ce44d1b8febddcc1571d,12341,9dfd3142f7b3b011524117a3c23c4e45d6143aca,9166,6eee70ebcb37794034c148ca50fc255ba586c5e3,13861,e5455e6eb4ee5045a46abc24053653d2a685b80c,
E01750,6622,株式会社ダイヘン,S100YEET,2026-03-31,4899,19fc47d00626c403b15b5410bb22d88c3a6661b3,2044,e5ed85642107be1c33656b73bd024f4c185a96fb,2428,cd420bb5c8d136779ad3120231d18752cb672c0c,4596,1a59cf1553542255aa2328573109188f7fa13e02,
E31064,9551,メタウォーター株式会社,S100YBSD,2026-03-31,5744,aad79d1f131aca77856e11ce659ceb957178a7cf,4131,49e2e975c3c5500906aff412a5fd27b57673e6f0,3563,bcdcc248f3f942c743e06fbef424999665de1973,7133,e7244768408bc1a5ea4001c6a6903990f6bac591,
E02077,6730,株式会社アクセル,S100YC4Y,2026-03-31,5532,f9a001faae216495d31ecc5fe43ec350587a81e6,7239,a2883198ef83c1e30fc1197cb8fa8c4f4189312c,3158,d78fbb5b318a3671933dd377a493c91fc380a266,2656,83a83bf67ff4e611e78a59ce1bd5a2c1d646abb4,
E22460,3635,株式会社コーエーテクモホールディングス,S100YEES,2026-03-31,6910,a80966e41f320d9b6d9bab7a7c37cdef6226275e,3753,f6e85b9ca944b9fa912cb59b19c2eb748b84c78a,4328,393a12159677e19a58422d989f6e76accf8d6e4f,17869,430a10c49f0b8b218674ac7c2fa1d56320fcdbd1,
E38180,5139,オープンワーク株式会社,S100XTDI,2025-12-31,4834,6b6225bcacceb994fdd97fced31fd289399e7877,10904,fc7aa60d1101418d8b100e3719d855eb0f1ebfe1,4544,916e1e88ffccdf9b650888583ee338d949a4e146,2827,ad54874d3d7934ace59de80d2c4c5b71aeabfe54,
E04367,,成田国際空港株式会社,S100YHTZ,2026-03-31,9232,dc2072414b095fb27db8a6740e8f05f267469f60,7144,2a93e093529f4693d3ea872df3ed7de8c03cfa1f,1793,899badca3f62ef748b8b765566e6a134440510d1,10535,d5d4235e6d8e16d5396948b60108cfa4e59acbc4,
E00931,4516,日本新薬株式会社,S100YGRG,2026-03-31,5923,3357b00691040e663d6e8601ce59efef549c242c,7028,818d5991b4337174145b696fb001be1595cb1378,2065,840044a53098283871910470eeba6d9c7521daa5,12811,78b9492da4ac0ddd74123f249dd25fd0901e7a49,
E01739,6503,三菱電機株式会社,S100YD3V,2026-03-31,11140,1787a8237ae65b4b8562fa5af9e9ed780b548910,5508,f968f7029e5275d94a360c63756a24230292e57b,3940,4856ec15ea79e1e455adf294e04185bb37a7c26d,20950,d10a73166fedd160de6ce93cbf7cef6b97a30e0f,
E04103,9042,阪急阪神ホールディングス株式会社,S100YCBL,2026-03-31,9290,c8cdaa58deb393491af4397f3c6d224881290e96,6337,264926e8246ddf978da3bb21ff8e8aae5ac92cce,5159,9418278a371bbfc0b0ce9436cee224559ec9b58c,9615,2b594c434a1c13427ec97efc00c27737da6c42f1,
E05000,4689,ＬＩＮＥヤフー株式会社,S100YBXD,2026-03-31,5322,69ad475a191da12c13cc73d4f396fe561c63ba4f,8024,cb04d7ff1df0fc7e352fe572933d477aeb0f7f1a,6782,0d95a2b82a2901110ca5d5a9edac630532a5ef15,29870,bb448d1bc2135808c5311390da7fb875aebee944,sustainability
E00250,1799,第一建設工業株式会社,S100YILN,2026-03-31,7965,d458327197c50e731c940ab812dd6f0e67ed0ba1,1409,ade853536a7e76869f2847552b060acbab77fbc3,1094,7470e61983860c988423810790e4157b42bf17ed,6982,021e232dbd7c67a2622311c2d16329ae7896840a,
E01903,6849,日本光電工業株式会社,S100YHO8,2026-03-31,8700,85663e5e6fc1ae79919fc91b2c7fc68d53a24cc4,4412,aaa3083fcf18b87fcfe1b84193724b7a93d63add,4024,76380192ad4cb2392b768855356c7fa1f9698607,5710,b3afa01c8dbf2f9d0f91fd70c55bb4d875545129,
E30841,7172,株式会社ジャパンインベストメントアドバイザー,S100XRRA,2025-12-31,6467,25b7df241237ed1661e92ffff69b0fbe95741377,7910,56d376aebd6e023fae56065a5fd7301d12f8f3b0,2500,4e0be11b9513e7a1a5fb5755e2c7e8bfd5fe1c0a,5055,ec65da25e928654142f017fc9b4e5897f3721541,
E02059,6727,株式会社ワコム,S100YHU2,2026-03-31,7518,0c682aac19a1e5e74a45e575dc675dd91edc2fdd,6251,02660b525e650a3c89b0cb83c28015125d267071,2248,dbb90d4f89035775db6cd54b0c7c0b8b61fd1ecc,5158,d83276181d54ac0e42ee882668860a683469c2bc,
E00073,1941,株式会社中電工,S100YD98,2026-03-31,5151,ae19aa5720ac0ca873a54dee8e1e037eb0f1362c,3906,3752642fcd75c2bfdc6331bef05640c03cd18857,2822,e221ebea974dcfd23d0ac28cfdf96ade2fac6211,1736,af974e57aa49711216e95b45f33b8bff6f00a8e3,
E00012,1301,株式会社　極洋,S100YE8K,2026-03-31,4045,b88aff2bc26bb705ca2a74902d372ef1a3697056,2329,902706959fd168977c8eda8d6d1a5ea5ed87c79b,2327,4916a95ed55e3f03907a8cae8faaa073a30910a6,4764,dd2fd7fa931ede92d61b099abf057641b0da862f,
E05617,2121,株式会社ＭＩＸＩ,S100YE1D,2026-03-31,4719,ba743e1645c6afd6b3d0de84cc546d776504d0e8,12332,d8540c43dddc40e3d3063a10efb395526f5e56dd,1416,e14fd7d2fc85f0816731df779ad647dc63c5ebf7,2596,7627c115f03e660309d459b9f01d38c8e1ac83ce,
E02955,2760,東京エレクトロンデバイス株式会社,S100YBV4,2026-03-31,7053,27ed561d70d10d9a9e6131cf5025314d66678bad,3556,ac90da3ac7621caece4b52652aeb45485a7190fb,2931,f7a93683e17d8b2dc818b5921e247ebc26d92604,6642,1e4f4f893ee621e1028557994342c99d300ad7d3,
E37488,6525,株式会社ＫＯＫＵＳＡＩ　ＥＬＥＣＴＲＩＣ,S100YJUA,2026-03-31,6776,6c890adac1509fb8bf8d370a51edbae672907011,14200,a39a04ebecaf1203b2bab50daad4f32c49486107,4859,9683a2b83b45793fc4e71c2f779083fdbb16cc25,8664,7e093483f5b3b3e3adce7d22a7dc1178d1d83bd8,
E05346,8439,東京センチュリー株式会社,S100YDRI,2026-03-31,16303,fa010ea5c27ef55b0cdc86f2a17410bf17f455fc,7014,a85f470bf78b216c1b746135d9fce744f7d770f6,2170,6263e00f90dc985434b7f650ace9aaf83d8ceab9,12578,d16f4e848a83ac913c51721b54e23b6e1f349b49,
E00148,1870,矢作建設工業株式会社,S100YEMP,2026-03-31,10843,656d8f14d2f0e364903cb6ff3565d86ee7837bcb,17136,dc25291d5165c10a6765aaad1574ba0a62e44773,1711,97d9976ea1770fbda01c486e8519aa3c8163a017,12297,af4d01220aaf0987e7d3b74074af7e3727b543c8,
E04505,9507,四国電力株式会社,S100YH23,2026-03-31,5848,ead93f553d848496c0b7242bc1087e268c4ec0db,5438,c92b7b4c7db166653f172a6ad0b38f2b03525844,2610,61c61da6b9ff4b2e11d8ada1d992ff9ffbda6dac,10039,00d944a5c32859f33feb076f20bd98ae0b34b193,
E04807,9746,株式会社　ＴＫＣ,S100X9LY,2025-09-30,14173,e8f0346b9680d7a66c83e67d7f83b84c80f4e2bb,2382,b53675eac1a68868f40af81ad43a40dc1a3ab8b0,4842,ae12b5876ba5e279a01e57d21d0fe31f2b29f349,4220,cfcb2912d9b339de5d07053683474c5bf02e6035,
E01757,6590,芝浦メカトロニクス株式会社,S100YAST,2026-03-31,8227,e686d817610049addbe6afa66ef43799e423b752,4104,03d5e18359584cd1994d149dc22482c904939df5,2280,b4cd855b088ed187c50382809aa137c42c7b0b58,13722,d75342a6292cb1459871019d60ec6a932fdfbd63,
E21183,4578,大塚ホールディングス株式会社,S100XUA7,2025-12-31,9809,ddc7e18b96663879bae22d00ad69ecd041b6fc71,15338,57e1e1d86d2d602df19d0e31ba47990aec3c443e,3803,567643f8471190546153436d6ead1b1a58a3317f,25225,ea335afbd8e3f1fc41722a1cb033209e55df7123,
E02825,7460,株式会社ヤギ,S100YHKP,2026-03-31,5738,645a0a30f8bc5b42a41ae08e954d2dca500c53a5,10023,205cfbb5b698478da9f42c9d62446321f5f69264,1511,086c2174c9937947ac1da0c51042d0b864c5e1af,10627,e8809666607ed7227e2ba8320b33a78f58f4eb42,
E01551,6383,株式会社ダイフク,S100XT4W,2025-12-31,12411,7c65d23e57bdfbb9627f3bbb3b16af631c56fca0,6341,43923739fc12ab47f028053769d82053883625ad,11314,216afdec1e244bf4b6201d4465d04a9a763553b0,16636,380e37028d4dbd2d1391744455ba0a8e45ce7d4b,
E04285,9303,株式会社住友倉庫,S100YHFI,2026-03-31,5967,03e0dfaa58b5f206e78cdef21d5af5e1d4160895,3236,20bb1f55fdf5974f08c52ffc57b0579c37d292fa,2676,c22786933cfbafbc1ca30c78df537484cd86f391,6279,2201b28b9ce611873e18f7175c72e58a1b2ca147,
E00815,4182,三菱瓦斯化学株式会社,S100YEUU,2026-03-31,6320,8bc7d88f96546d788938da454a0e32df5d4065f2,7383,27d9dc6228d0ddb27cf51180fad95d79e30e1c83,2899,3c833112e6f164b277d0d5fc1210df3bd158ea79,14477,9c35756f1cff9513a25ec4cd82f62da047527035,
E21902,2269,明治ホールディングス株式会社,S100YILP,2026-03-31,10867,e7b04ef5158666ced652fc12ba81e1abf26a1fb1,3563,c358182f04a9b570fcd3ecf68001d251d5a71ffb,6876,0c48f402b2ac97fe87a37582aa2c9d874dcc2572,27488,bf9ff3fb9e1ca98a85bae47c4b9953f788872bce,
E38008,5132,株式会社ｐｌｕｓｚｅｒｏ,S100XHEY,2025-10-31,5396,0b7049c3e3735af8e3f4b819d91e3fc728058418,5106,a3171884b04d5f3232713991baca9df9d9fe9751,4948,a9705c05bc49f97c5afb0a64c2e500063f7564b1,2179,65c7aa21c0b02f3f17ee32ba183f8f103f6904b6,
E36944,4377,株式会社ワンキャリア,S100XUP3,2025-12-31,5384,d963d8876254962804c99537696c20c4acbac424,9320,cc010d0b53fb4067c9562c5ea9dc943f45827889,3735,7311e4042bdfc0c14061b9324211aa5a8da5de3a,3468,c67aa73f2d77fe7599717f32ebdcd6de819bfa2c,
E04090,9005,東急株式会社,S100YE63,2026-03-31,9941,309110648c686c8fc3de8153a6250ca2a7d9e165,7076,fbda668cf0baf4c7353009400dde434ff84d10ca,2669,5a98e01908f1e3831696b6d86210a6c57ee7d6ce,14612,e5ae72f6109a1cc227a54033b23f0c99400c727b,
E05167,4828,ビジネスエンジニアリング株式会社,S100YD7D,2026-03-31,6617,8c25632cf8238482dd07f13c5cc8114e3c496a4a,1893,6c39a5c0b3885e816ba653786363801f40ba22a1,2122,b5c4bcb044f9d8175843ff9565bc60c9072028a9,7466,07e046f66ae9c8977c3c8376ac56d4f0558be27c,
E23582,,株式会社日本政策金融公庫,S100YDDI,2026-03-31,26264,26bc5b6b5722eb61ae0bdaf9e53a8b90bd59f6b8,5439,ba7c2aa9fae24b42a4e544e5a71eb71deb63020c,4954,b48a72f06dc323d68581fb4c6a1656b36352b8e9,5890,1fb999c8f125bc1ba865fb43998a21373c916881,
E01225,5401,日本製鉄株式会社,S100YF8E,2026-03-31,15020,267c5aad8f6733b7b6d7cd8a84828b2d8f7ad6ed,10876,c5c75077219280dd17bca6a0b52c40a62e3ca7cd,5724,7682a4277323370002544de9bf492010e211ef26,7204,7afa265375267ba363b6da4dbf893b82d1b97048,
E25850,3659,株式会社ネクソン,S100XSM4,2025-12-31,6720,21b57bb3c464ab32d11bace81da2263276cf7c78,18641,bbbd641d8cf9bdb687c0cef2c5f09fdff543f35c,3625,2b30560d2fb54ef3d030194de4277b059ec3bfa2,7000,d490e86da18c89f6952cc2cb1a3f4708fed782d7,
E40216,290A,株式会社Ｓｙｎｓｐｅｃｔｉｖｅ,S100XUO9,2025-12-31,7757,ff5511eb31392caeced09fb038de31ac6ede335f,15966,4ea269ff1a0d456fc78bf43e8d90b43217f34bb6,9311,5824204834c78271fb2f1bc6ae72561e4b28c780,2082,274aec78a6dd53186b377994f7e6d459c90d7661,
E03760,8613,丸三証券株式会社,S100YC95,2026-03-31,4545,ee0fb62fc428da457e4cdb2d67b05b20027c425a,2564,498b9542e72813589ef5616a225ad64f960fdffe,1224,2910928a9cc4665d2450bbc11c57ddf85dd1d0f6,1711,c8f56ebd652730fde473961c8792eedd675678fc,
E02881,7575,日本ライフライン株式会社,S100YEH7,2026-03-31,6913,84e5333f9da5cb4238483473f992df47114b3e44,7061,c2b6c506fa4cd9db07a60fccbb2ed2020bec18ff,5716,244ca43286f62be18571d9576cf3a4ea604df712,5988,5da7e6eaa364e21bb7afd43f8de6d4c30d2c3028,
E01878,6841,横河電機株式会社,S100YE3H,2026-03-31,5238,53354f948a79bdfa99e87d8c8b865863b8b0d9eb,8276,8894b83b509a7ce87c464068aa8b7cd25c4558ec,8510,a0c43c064876616877ea69e0e90422b41d7e21ea,11316,ffa4e3e11fd47979b3a0a916c5338828654f358b,
E00776,4063,信越化学工業株式会社,S100YE9I,2026-03-31,3774,e7a73781d18054194119385c1fa445940df601a7,1897,eed6d91a74b83be74f4755f5b55e8abff825d1fe,1047,03a6501b394bb86cbf81042aed79f57b7955c99f,10781,c365f130a1dad1bdad88562b49b11a138de5bee6,
E21951,,株式会社商工組合中央金庫,S100YBW3,2026-03-31,18180,0aa53f9a8dfd0b76b5cde0e07359e55a9c7b3d56,11107,0616cc06e1affdf7d2798ebbfdf713b7b5f452f5,4398,31d3d11af10df8629f7952351473df7166f72d1b,8635,2da610b51a92c8271cd2d29059d355b2baa3adf0,
E03531,8304,株式会社あおぞら銀行,S100YCRO,2026-03-31,13110,a7e9ab62efd21b68672d1750af549ef908bc35aa,27275,c28a6ec103dd0d75f95d416ef710280a856afd3d,1490,11b4a38b15fb42c6b9c037a63fe27957d53e58c8,15127,d19d1859139cd1a4a19f12e0b2a566281c11c1c1,
E02127,7012,川崎重工業株式会社,S100Y99Z,2026-03-31,7285,cfe9e0c6fd7e655a22ebdb2332e91f8588da020d,7392,7c8d0242f1f77f181424509e9de40082b1ab6cc1,6731,4f45f4b43bc7e84856e7803e888cdf1936f136d4,18505,a9ede34c749fba8da8600800378f31b4af94f163,
E03716,8747,豊トラスティ証券株式会社,S100YJ8P,2026-03-31,15120,32f1a01b8e39622310b9309e9e502f9d1f1a43e7,5003,3a57f78dbbffd1c40d82472432feca79bc656021,3764,7a9e89b878d7c46b2a8a1b0abc80c22ff6203f63,6616,357363304b4724c5516488464f375482a447721e,
E01469,6013,株式会社タクマ,S100YB3J,2026-03-31,5173,7378038bf306e4a5307b3917aaab3bea1d64e63a,2459,14bce1b7b6acc00d9f8a7fbdb6d664d0aef50b15,4240,2adc2ae071db41c9f9de9a7a50f877368a4c5877,5563,09ad1c71d43c5bc5aed99697d997f79881a3dc2c,
E37504,2998,クリアル株式会社,S100YIOE,2026-03-31,6666,b79d069148d01ebcba0e31ddaf10ce4feadc5855,8110,efe619278d70c4875f1e42c8d0174f93c79e31b6,7910,2aaee6500ea1ffe275225b6dab472d5e868f580d,1717,a046a7e7ceb45fffebbc931bff3227fbda5ce5c4,
E01334,5803,株式会社フジクラ,S100YGP3,2026-03-31,1994,3fa23736447f7fc469fb6b0c78531f3d6dd19136,3952,09eba3714a946ae11a577ceaa1fb10b714451e2f,4602,ef382a04e514ea71fa36b3f08dd42d4460202ab2,11668,ac404451bc033a1bc389b28032b9889f63998e72,
E02642,8117,中央自動車工業株式会社,S100YFX5,2026-03-31,4356,fb973d5023797d1ebfb90c2fdedde2df3ace40fb,2363,feaf4ec1382158d908a1ac162719f8224d487ca5,1484,fc9140842839d5f63756a18dfc635ab50cbb4acc,8153,3cbe2a94f230c0fa6a312d1f9f23fa755e1325a4,
E01018,4540,株式会社ツムラ,S100YFC1,2026-03-31,6710,20ad87753029c769010a78455ebd30bbbb312b88,9643,90b2adaa9982d3827cb69a44757079fa5401519f,6833,8feac16a744ae0130c4060c30767ec615c494340,9683,03c27eb037ede3069f2bcb0af69bf356ec3635e9,
E00820,4204,積水化学工業株式会社,S100YBAY,2026-03-31,5390,23b4829468f3f216228cfeeae81d8ea278d6f02a,4986,f47c3648c8e40dca97fb085fbacf9492fcf28da1,8807,44e831696aa6d5d0c830d6193cdef322d5008cca,11780,508960f109cd9c87aea04b62fee8685600f92270,
E01514,,株式会社豊田自動織機,S100YLTB,2026-03-31,4793,65330c4fa636f8f05113bb8acc88939f3d5a9847,4010,51c88a3c93d8982833540e8ec05260db025c042b,1790,c2e9a90ed6f56020b7af9a64b4225d96de293537,11178,1bd7cccb6f2da2ddd84ddb1efcd5718a802a7b0b,
E36190,4887,サワイグループホールディングス株式会社,S100YITS,2026-03-31,14671,394361b0a8d0d349703615e117c03a1e524f3285,3296,0d303d8a346866f305caa0a92f0c3ec7cd071a02,3900,c6bf117f060d140d9b0a937f37db548e599b19c6,17108,172410b3d50c2428113c212795d33ff5ae57a433,
E02625,,東京貿易ホールディングス株式会社,S100YKBV,2026-03-31,3727,6fc96ba2c8ed21a717cccd5876f9298a5eb83fe3,388,a43b40aa7eb85701d72c65d958c6588aed17f279,3294,873087aea74ac8272b7d7ac51f2c223960f8f2dc,1976,7228a3c914dd4a80b01da0d424c2985129cf58c1,
E32400,6194,株式会社アトラエ,S100XAZ6,2025-09-30,4022,0292bb969b2a4326265b3fe254839f9bb73b8e0a,6202,c24c7fa3734518c8c10768b046ed71e4de1fc107,5865,df8b8637f6161f450192afb36bed549557b6a290,8408,79f88cfe68dfc52b8cabefc3881cb57ebb74cd42,
E02280,8050,セイコーグループ株式会社,S100YHM2,2026-03-31,4752,40c3688b0859ee7b0bb1800af5ae861865e66363,3607,4c0bbebbbde6f8fe92f4d2749ceca269346df821,4893,d49ba12a08f934fccc0062ecb875b3e713685d28,14100,7a827a0831a674433f003536fbd5a233e9dba25f,
E39892,268A,リガク・ホールディングス株式会社,S100XTB1,2025-12-31,5812,6d21dcb167595558d8df7d581553f168625187cd,19524,69794693891c781e689880b60522dd0acd09f056,11762,391151ca19f5c7947ea03479c40d419984cbc2f9,5517,be5d8115d850326030c6c5a3a546f66c74886d0c,
E09753,7164,全国保証株式会社,S100YAIZ,2026-03-31,5833,6a3d1053801dc6bf71f1c1b1989541abe1a88f76,4201,e463904fb1faea3f020b0cef8f4bc2b56734bd97,2344,b44d98274c90eb222a15c6ae85a3367da0e277c4,6112,b5a7e820f72c85cb5d653de6ec8769a0c8dd0a1b,
E36700,7381,株式会社ＣＣＩグループ,S100YAOX,2026-03-31,15425,143e7b28886138446ed77c99aff319be00480f95,4460,ea3a47b03ce55e85b2b637a42797a66728a1e5b4,2101,c2d7943b7a5b9fdcb2e5616984da1fb08a893f92,19696,d72dbb41adfc978ecc8d48f1aea6a9e9c13f1cf6,
E00766,4041,日本曹達株式会社,S100YJKO,2026-03-31,7577,160906c009ff493ac283ff73c736b67aada4b025,3202,8d1b12f67a9018136570ab6309cf874521a5ff07,910,94868874839673c35c2bb0e0e0a44b2bed0ec62d,4075,7c7569de232fb27871714a775c959370985d5192,
E02769,9960,東テク株式会社,S100YGTS,2026-03-31,5415,76f3edfae46d609e15687c996354bc38699344a4,3885,83f0f360278d9b0b2360b2918c9586906afd86cf,2188,9815d3f7072489b190e79c53c5e9cefac8bc3f8c,6743,d3be6113a524462df5c534840e836f78710aeacc,
E01570,6367,ダイキン工業株式会社,S100YFQL,2026-03-31,9432,e0256c92dd394e0b285a17be96d58140a6fd602b,5503,aee69a605b6302553f922367b878f9beb825be5e,1821,923c029a7b5605f0ec52973489cce46c7fa6a1e5,9380,66b4ffd5976c8f2cdf1d5749bce920b474706e84,
E02602,8066,三谷商事株式会社,S100YJ7S,2026-03-31,5287,c0d2b6afe5b64422909bd708c83fb0108d615acb,2819,c335c7b95385c20dd2817b0d70ea016934f26245,1872,27998d9b25518f78f1bec80061249e031c2fe4ec,3551,c8d6756cd0f1a7c034fd3c673c0dd6d6fb072793,
E04154,9024,株式会社西武ホールディングス,S100YEFI,2026-03-31,16816,b61e9d9aa6a206e230965354950b28be14eec7b5,12842,e1dabd33a3d55dc3b6d42beec29bcfd2d4b86141,3795,a9c24b093cbac19f09af8d070bdf087fc1c41d91,9155,cf2e83efc5c06a802f8438cf38a48913fc5bd858,
E01532,6301,株式会社小松製作所,S100YD25,2026-03-31,14702,2db8fbba349c289bc65bdace11e35583f6353ab3,5069,05b0c994b2dc5775eb84e169b3232cb25d68faf9,2176,23f7e4d74658677b3ba930d54716b62cf1f15fa4,9876,6a17b583f51987b5b31edc3d9c9761e4cfa4007d,
E03556,8331,株式会社千葉銀行,S100YDSE,2026-03-31,21315,a37bf4d952586e43e7e0ddbe54894db7dd68cf3e,5315,8279604cc61f1a588c8bea362d4ccd52e36bbb6a,2840,6b67b97bfd31903cb3c8cc8cf5ff7af0f6b37303,10942,9977129d064032ebcdf7674d9de13f0ef1f28e78,
E35124,4448,株式会社ｋｕｂｅｌｌ,S100XSJP,2025-12-31,6104,6ce0bea89e5d03e09162f1a246b90871c93c52e2,7202,3ce682cfa9a7c8d5c07eaef5b6561db17622a1f2,3598,c3e5786e6790b637e729d4a9d4ba25a21072f433,4732,f7771fb65aad988e8895eca753701e354b720a74,
E00993,4914,高砂香料工業株式会社,S100YGT4,2026-03-31,4330,7d83591a94b50640aa050d7831b71694ceac4959,4355,19ad9e1d13acdab1872abe1243199b35c86e1597,1676,9a39bbd5df10c7d2d915130d3f1eb17761566238,8131,ee4f008ddfd7576322db4630ca4332fc75d54d07,
E31965,3922,株式会社ＰＲ　ＴＩＭＥＳ,S100Y6DH,2026-02-28,3934,4beadd4b1a21a04d7b76e793b9993fb54cd3032b,4547,7f616f2b794b04ab78b76b9c951e7f8e52a7f0c4,3695,d90b53bed351c2824ef8934ebe2dea57ef807b60,4160,5e9277233fe6ab314f9e2778381c444fb8de1ed2,
E01780,6762,ＴＤＫ株式会社,S100YD2Y,2026-03-31,11044,fa78a7d894fb8271afd93aa6cf2f5865659fa0c0,15961,edd4e68bda2e274d0f33438777252c387a467195,4056,429bffe134d46fd63364b369fbcec97a0fc19621,8546,ba76aeb13657e43addc3af9b85ea8c302504e0e4,
E02257,7309,株式会社シマノ,S100XQSE,2025-12-31,5960,6916cfb14f56621f7af838321d1cadbb1f0147a0,2749,fc6dd106a7738bdeb2ce5156ee7d2d27376b71e7,1912,f00bfd5fcfaa6d204e181f16c040eeaabeaf207d,6606,f2a5c76db22905c16231f4a86e5aacb752877b0f,
E00081,1888,若築建設株式会社,S100YHAB,2026-03-31,8264,15cd8b8493f9564c1f7714ffed4a29368eb67efe,2960,2add1f7e97383c9db574fd8b9b6edf43d3ca701c,1247,6d1ac8b280bcece910ec254c7378986f42a22f22,2776,f39132fe9340d7a83feb57ebd646bdbf2ce6b811,
E00334,2282,日本ハム株式会社,S100YEEQ,2026-03-31,10156,7e1a4b1d198f2135a05ff3080017b521654e81e2,8214,54c0159c9bb8104115f7438f8ac2c0343dbf669a,5627,8bfe52fb092d4e9b054d916922ec640fcc4010ca,10892,215e1ca9b015719fe162a86a626f9354ddb45576,
E03823,,東京海上日動火災保険株式会社,S100YLTM,2026-03-31,10671,39b596a12700db42632177424c69a9887ca61f18,3078,a49a43bb65b029a0eb4221e91de0c22200ec6f68,1807,91bdb9ad9d3548189c1ac57a1143f86d3b901e95,18237,4ce1e6dbe52239d35ebf51d10db63fbf6c7ea606,
E02166,7267,本田技研工業株式会社,S100YDD9,2026-03-31,20292,72b7b8f1257da38a85e4bfbc0e641240048b4753,9984,d5c848ec046426c2731833049a6af7cdde8ffa5e,7064,f75ffbc76613fcbcbf979a6ad4f11ffaa400ede6,17440,a8d9c1e47e34325bef1ff71478a89fd92a3425d9,
E32793,3477,フォーライフ株式会社,S100YKFC,2026-03-31,6947,ac350ae9a3f7032038d5a54448b53aa72eefc9be,6343,d779a7219bc3776a22558e03192941e0ef06929a,3587,639c997cf50acc39389bfc521401e65d83e0320a,1269,2810d88c5956b1333e6cd9b9e0ea474b62b2a705,
E33624,7199,プレミアグループ株式会社,S100YHAQ,2026-03-31,10377,29e6a9d252203b8e9bd57aac4cff88db59aa5dcc,7378,01cf9214e82d40d46aba17cf21f69d41d11d051f,8172,70d6662330f29aaf7f39fa82688b8f40f264d0d9,9554,659d197d70ecccea1f708adbaf46cae6a51028bd,
E00840,4183,三井化学株式会社,S100YGUI,2026-03-31,10003,833a70e261e7f73e10b2b112ebb57c00047e060b,17231,ee82c60407de0a922a4dafc1351f57ce6fc295dd,10348,3d5cbc76b6ba26e19d4c0a2e3750641b8b52158b,7365,428d38454c08594e9b418199eca8a9a6f665f3c6,
E01414,6486,イーグル工業株式会社,S100YFUB,2026-03-31,5939,2a1ba384655301be50f8e9c2e1dad58ffc31a390,2886,e8ffb9a239a68692081588334995595e924ff06f,1151,ecebc7cdf07c30846fed8a18e6ee0b06c683ee7e,4811,4d104f46c6efc227a0ba1365b2166ade5fbad8da,
E00208,9743,株式会社丹青社,S100Y04L,2026-01-31,10011,1e33f2ebe1691c2d98bf3a520098636bf3a83970,9387,eb98c499005b0ba3c05b6161beb9e38a5d85314c,4371,976ab21fee8e887eefe6172b6af4100abf4f22e3,10074,be05995b5364235fb01381ec9ccb10e1eb723cd4,
E00271,1777,川崎設備工業株式会社,S100YG5D,2026-03-31,7643,ccb66f6af845ca2f854d309760595d7310d71191,1838,02c13dfb4fe3e3c76dd0b77bc1736e2472f03363,1616,00945eaedd15346502097cafc2a848226195c229,9710,10fb38aec75f64a2bdf7b5942903269c02f047fb,
E38178,9339,株式会社コーチ・エィ,S100XTSA,2025-12-31,4419,a371c2f5d646609e97df65f320b4fc8d931a8997,5184,825fe2fa87e52787e6cc43b1eee0ccbf3ccc8f65,3083,f0d4d96ae08bab123a1a4462c1494d0ceedec9e7,2873,e0ea688de5722b3171750e108cd89cea8bf99008,
E36484,4194,ビジョナル株式会社,S100WW0V,2025-07-31,6057,0f682c3b0ae42ab39c4f866d64109374b8e8bfdb,9473,d5fd761fe7a3549d6a8c2e8a766be7bc9cf33b32,4777,ad555ab1075d92cbb26058f1ef286124351f9f0b,2902,ce8d3cca96b52e825dd1fa43d32ca97983254f09,
E04501,9506,東北電力株式会社,S100YEK2,2026-03-31,6841,780940cec59e7af589d29f4f26c71172040553a8,5564,83808a96b85eb37445e1ee675f8053788ae9d1d3,2617,a958163b0287582adc386561325901c9080ebf33,12936,8e3692da2bc48fa3c4dc6f9c5c09ffa1fda63a9b,
E03788,8707,岩井コスモホールディングス株式会社,S100YG9I,2026-03-31,5385,972c5273f3313a9a205a60cfb20c9bcdb70daf90,1495,da49c439836631c18bced476b7151c78f41cc29e,4155,c91a32da44aaf5d4f4e6447ef7ec142651a89fa9,3075,e5ae83dc1eef9802bb04df7ac3d22ca52173777d,
E01735,6254,野村マイクロ・サイエンス株式会社,S100YG4U,2026-03-31,6204,694f39291b96ac35d09ee778b2d852b552119b84,4624,e279c70a851e2fefdcac31fc4901a34dc58292d0,1829,4834d220a173a20e0b2b452c805e55e30029d4d1,10047,1499c433c55bc49c13a25fedaa2c33158c296d37,
E01770,6742,株式会社京三製作所,S100YH1N,2026-03-31,5545,688624ea9019e77fc6301ce9242bc41cbdf4a29f,3399,4dcebffff0bc7d3e75e06e77c1d1dd23dd2df085,608,905134b211d8c138122c41942c86ce6a3c9cc060,4845,5c301e0220f9ab4534e1ea326b5449e105169cb0,
E00811,4114,株式会社日本触媒,S100YBP7,2026-03-31,5612,8bbaf2357c2f574db168a848b283b9edf73da1c9,5218,dafce11ea4f90b6af55dd43d24f4e78a4b1bb80f,1384,d5fedb2c6c7f456e5e2327a1ce607c7dc87f94b2,8558,45ba6c37a412e8ab947cfb97fb0c0c3309861f51,
E03958,8864,空港施設株式会社,S100YGNC,2026-03-31,5808,5b1e6e053b9f1d0eef5b8d19281795788a5e8165,1916,10cac63679d2b13a53a1c0fba6456dfd0f607612,881,c5d4b1d3d53cb290f3dec38e0a0b1f337e2f22ac,3885,18c0d812ab7e9e7e2a1c6985d20b9faa363fd1b3,
E00346,2002,株式会社日清製粉グループ本社,S100YE6A,2026-03-31,9710,8571edcfebbacbc825bde452516de89fee9956c7,9103,bc50d96420680d8d855a0f6dea22faa145dbdd8a,4266,aff1ccea21504181f360cfe9b37bc28f0813df6a,15854,5a5655080341a65b0114dea9f585b670d3e611b4,
E01239,5471,大同特殊鋼株式会社,S100YNEC,2026-03-31,5079,e72f1e173f88ade4c5ce668abfef4b93549c37e5,2647,b5220fc1b45f6ea892b110185958c7e24d942ffb,4702,a039c50a70f4ecfa7604017a61b0213f00b04ae0,8594,29bf3f29e1d3d235991a37af918ed5671e40c9e7,
E00444,2811,カゴメ株式会社,S100XQN0,2025-12-31,11533,25d3ad16ae38b9d701a098b24c71883ede5979a4,5345,9f1ac26fca7c6aeddd74881955bcf49ce31d62d6,16871,5eab9e16277584fe15fffec64d98c54ad114b517,29868,8c9c7a8353c31c2dc57a4c13776707eb3d413e5a,sustainability
E04498,9501,東京電力ホールディングス株式会社,S100YIHR,2026-03-31,7718,9fda55e837db5ca3c57a98b36d03b9b0c15b94ba,12840,d2e374ace7bede9879999a499e387099989955da,9602,7c5596027611c3a827b96ff545eb45452d86fc05,7927,d564798a032c6335caf2f537758eeae336cb225b,
E05107,4771,株式会社エフアンドエム,S100YIXJ,2026-03-31,11386,10d6077a0f026f14b5ec2a630e307788a61e01a8,1848,06ee43c08e4490b26c8063e99b87e44932a825c7,5893,82c55edd7c68cb917797c14b9fd227d5ac672d9c,9518,3efbeb2ee35bd1dd1dca0d231cd6ed2dc4fe4ce8,
E02525,8074,株式会社ＹＵＡＳＡ,S100YGZX,2026-03-31,6796,b666a687183694dfa96b84da4b713bc210a62e0f,2975,c18b584ab16d4d884383ea742a55e05bba559130,2783,0c5ed410b864ca196e416567a551cc384175bf17,11121,af9203f46fab51934bf82772d6f3ccece80b429f,
E05463,3762,テクマトリックス株式会社,S100YL8T,2026-03-31,13599,aada08c64057a84d7c146a8ad26fffcce77a880b,3462,a45d324e84bb4a70efd792caeaaf9547a17681f9,5197,4a9a89e243f001d0a172e8c768c261ae2de0be3c,16191,5febc78ff0563f80b4c5444664cac91ee110e423,
E38031,,ロジスティード株式会社,S100YITA,2026-03-31,5287,b2253093565b43a9a7d0460ca6da82987ed58b44,10101,37aab343c5780b5daa4c6cefdc1516b9dcf5e2b3,1479,e58525112040f66a61eda03a91707cc6b08ac150,17943,dadfd4a92c0e2e738f540c89867c65bb2bee9659,
E02419,6417,株式会社三共,S100YI30,2026-03-31,4110,8025b59abcb84bd54265c673beb8be918dd4f4ae,1905,6027e41d7d280fe94178b929f0d7726509a9263b,2525,6d88809d404d9c0a97ef4714da5f17883f75f2fc,6878,20d6f983ee1a48e4d8f1b69eecfdde7d66ed6bce,
E02265,7701,株式会社　島津製作所,S100YGJF,2026-03-31,7571,13a5d624e1ad5c8f341d7d59ee514858d010846a,4681,9cd1b9c2cef8b2d3dee609933c4f5863fb7c5131,2821,7b460850464b838ef9c529b9ea428adf0032bb38,12981,e157b67e9abd7476737d8f3d2f9e9384ee415c7d,
E00176,1898,世紀東急工業株式会社,S100YEPV,2026-03-31,8240,20c27cb5f020d73285133289122e552451281818,1929,5a1dec5ba316e7e577c0652c48529474ac824160,3559,401f72d3ce2a03ab4b582d7895c76787f8cd2753,8472,4dd74284d4ac419e4db432bb32c104f842628a1a,
E03532,,株式会社みずほ銀行,S100YFAH,2026-03-31,23176,05afb8babe5e4d147b3e9e8385fbecc1ba9f7ccc,17565,1660f0224c6da397f9bb9b67d093b64547a05afb,8700,c68649c3757eab1b46d6428f48d0183a25e31855,29991,cdb58d769b39c1c0cf8d0fb81c91ededd32fc4b6,sustainability
E00678,8113,ユニ・チャーム株式会社,S100XSEU,2025-12-31,10287,c033dc0471ebb2b18bbd5797f4dd814e182e1821,6911,15632ff4433920342e32660a4b278c3822da0049,1451,cc89acba1b2f4c272c7d504a48b96f4f51511816,22250,b39e9664fbaa7c69ff6e5a57a7a6fe52547bccca,
E00970,4548,生化学工業株式会社,S100YDGT,2026-03-31,4630,a8e0f50137df6d7ee8e8bfd1c9defafad833c63b,4092,81f272c9b6413c4dd9f927cfdafd9d8d3359e4fc,5505,7400fe828aa2851d94493aa3bcb91836e876c531,4367,9e384ac5590baf4e4ac8460de576f7a86a68d840,
E02770,9962,株式会社　ミスミグループ本社,S100YB3N,2026-03-31,6435,045c05f433cac7f70c0af745ab386d9f5960604e,4107,876e16f67749eeb0d1305fc2d8ef5e20c983dd7d,1179,2cfcd10c0dc756a0d2edf749d1aec5303b1e8ffa,13562,f55964199883cc59f3353d6cbf96d42539396d84,
E35163,4477,ＢＡＳＥ株式会社,S100XSMS,2025-12-31,6537,ba8096a29c7afc7c2e432b8a09ca9d2ca90c1ac2,7782,094a1a75c867fcaf184077b4982cf88f8f01a927,5954,78cc3c0572d124c477307943db3135cfe93d718b,6916,c1bc001a409242e5e8289039eb6b18e1f8e914e8,
E03296,7564,株式会社ワークマン,S100YGNI,2026-03-31,9663,a3e123f945eb6eaf9373b43cb3df2f128c23b6fa,1847,2441570ed5fbeb01d34ae9ec3c6d28388c2ccd73,2426,e2647a310b448b7156beb3ccb1c6e9772bc9fd40,5770,dfdefdaefc15627a4dcfde78f495ca6a114f3224,
E02304,6960,フクダ電子株式会社,S100YLF7,2026-03-31,5741,7cf71340fa60e2d9c3c19c0e342b1aa39ba58cac,1610,bba080e8ebd36d52c97a0711657d4b4efcd11553,1758,bfdd2d3fe7b071163be513854dba70b652841396,1987,ed77a13d559d1604e46f8ec917ab9fd1142f2559,
E25817,3655,株式会社ブレインパッド,S100WQYI,2025-06-30,8843,0adf41c179d39aa172f64380335d9081eb668e35,2791,0ec806f751d86a9c5abd4ef827deec08a16b1665,2245,67c49d81829a7e7dace9341594c785fa98b2989f,4207,0eb3322fa7561882f8e4b1dddbcbcdb2dbe8c056,
E01207,5384,株式会社フジミインコーポレーテッド,S100YE62,2026-03-31,6185,cbc7b014005f098bf47b28738c17ed3543f5c025,4304,db8a44dc70c77c236c10d96d8e249e54c812f00c,7021,3b476dc9eaa6dfad3b174868719c59e9de118b78,8603,1aa0d6fb8bfcc0152e647edcf33152764b862db3,
E38683,5582,株式会社グリッド,S100WQ2M,2025-06-30,7428,637593e6b3c4d4c736eeb04bdbc58fd1bbf6aa71,7452,2f34f4f073059bcbe7ef491795afa3133d7e8087,5484,4771e7a0c8fb72f0fa96f2905c77809b280d6854,1534,3aa4b6c82cadd207ec12602778bc9239c105e3d1,
E00117,1847,株式会社イチケン,S100YD9X,2026-03-31,6775,9e69a43774f569752dab1345b872faa335c838e4,1094,945630de411bfae29d39b910e8d74d65fc423513,1679,6276aa056646f6db731efbd6696d088645073692,2705,50323120490b6884a9fc0f0fa6c89c639bc21151,
E01267,6326,株式会社　クボタ,S100XR0M,2025-12-31,3991,93e77f859c61b56f2f13d9232bcad01a61ff0f65,4158,7d2143a85d3c2aefa7e2f935496e63516e52c7eb,3157,8d33dc270fd72a6affe255926ea39aa1cdf76112,13449,28ca4b04891abf495b3790d1ba3bbe1c5cfcdc71,
E36946,4375,セーフィー株式会社,S100XUXF,2025-12-31,5709,fab46b1960fd11eb325e7b1e904933cba2340b2c,9163,efa6debdf245341c1abcf55a92c1a61f7056adbb,10215,f54839b5283adac2de03ad2e5d89c4cb7122ac04,5234,02d4415e6a0d798704f6d92011a52a8ad989994f,
E03610,8308,株式会社　りそなホールディングス,S100YDP3,2026-03-31,23576,f758461c499459dc46c5efad999dd17970025567,12838,fbe431360884d21c5c7df3da79ead2bcf8ad1fa8,3158,9ea96676352bd8d237c41f60b28654ad81009b81,6463,ed3c6dc3961cb35b8519c0878ff616d7daedb2ab,
E26549,2930,株式会社北の達人コーポレーション,S100Y5VV,2026-02-28,13320,9d7435a9d94db08e7239653335b840f09db9da65,4670,4bcec33db82befe89611cc495ff12232c8a9c2cc,4114,9244e9cacf79d243d5fa559d16ba58fa4fd1de37,2386,b5fb704ef364ed57a5efbd5a15db62184fd56510,
E30537,3687,株式会社フィックスターズ,S100XAQJ,2025-09-30,4826,e4a74fe07042dd6b273ec6f480995390d63c0647,3363,0a184295c9db280f0ef8f5aad8ca1f46fca456d7,2159,181a5147c71f4a416bfd390c2cc1c0b4ca4059e2,1912,8b23442dbc15d9f7a623536ad5390c58f6abade1,
E00252,,東邦電気工業株式会社,S100YLF5,2026-03-31,7087,36050e791df3f9b8804fe8c459e8451d6378ac2f,1234,36d853a9165577ca03df1751bb19972bfdb29a19,1278,320657bca8d349744ffb889921e92a31d8eb97ee,2098,00c1a5169b1dbd726e6f4e09fd24c6421af6137a,
E32158,3467,アグレ都市デザイン株式会社,S100YIPZ,2026-03-31,6979,c0614b79dd5afbdc95d70e6f9bacf70a424558f2,5694,c61a2c30894b437a051610863de67d8250f4dfcc,2323,e35d8d7c2dec52fe759ad2dfc3360981e1c33720,2693,e6bf60f471fed3e3b9c83092630c6aa6f1c1a0ff,
E04506,9508,九州電力株式会社,S100YHHO,2026-03-31,7247,9d9e2c410382ce77e84e07f7af0a2e7e4cbaf350,14218,79164a5b7ecc52d035c8a53b679c79e9a6e7a3b3,3337,0a0890f09254746d48e547b0888ff83766a3257a,8328,c58cc42baa696eb18ed8beb37d0ffe7f2bd1d1f4,
E36102,1786,オリエンタル白石株式会社,S100YDUO,2026-03-31,10336,fe1dbc2bb903597ba490066fc471fcfd372068bc,2419,6e5314659d0de9499fc6bbfaf7cfb4e8118eea91,1520,c3974ebf39548d893d9ac993f3d8344d88bcf47c,6749,6702cb26eadca9b21a6fdca99b59e09b65671207,
E04256,9173,東海汽船株式会社,S100XTPA,2025-12-31,5231,933179b744f16047153bb4febca203be2e27b591,1305,2b2ebd5f1362ddea74e75a84dae117821adb8abe,2041,7770de858f5551333603aa175e773a2948d949a9,783,3b2c31f6c199615cf98ca4695f47f451b358ca40,
E26086,3277,株式会社サンセイランディック,S100XSVW,2025-12-31,4683,6f103819bc2f102b1f27554d24c5a8bc64933c82,4585,226ec622c553cc23abaf007b6a37e4949205da9d,3550,456e92d87d4d236ab12d2490806a82a87f083e09,2868,1249be5960c68a2579e25ce9dd1bfd280fd7de6a,
E02563,8103,明和産業株式会社,S100YF48,2026-03-31,7659,b6959dce599b8b92703ab8ddfc37ace71e0e302f,1788,80196ccaa3ac48015095eb2a370997a97b199309,1578,bf71fc6007741dd25e97b369b9d1436e818c68dd,2832,d00956927ed2de6d269ccc6d472d2509e127d44d,
E01124,7741,ＨＯＹＡ株式会社,S100Y90T,2026-03-31,5057,1f1d239d2888fef4e4425d5494496d4a97cb09e8,2993,fe896eba9c340ff961d86e718c9afb38e2230246,2449,b2ee73ade78afd08841a7e60eadf970e2cb06b3e,10817,ec3b0986318a896659140d55c8089c07333f974d,
E21261,2181,パーソルホールディングス株式会社,S100YGCS,2026-03-31,7478,daf24859fa4630c5ec2dfc502fe76751cb84b6a3,14339,f2a966c11bb21b203fd824eee0e8d1f7bedd00c0,6341,f7e94fe2e8715b2a41c6cbc95eea6e6fe5897e5e,9788,7a72f46f0690aef08ea78f17e5eee1c5255725e3,
E00759,4021,日産化学株式会社,S100YIML,2026-03-31,3645,80902ad00ae49b73983e21516110987a5e2ca0e8,6941,5312d37b8db0052b583962b992216a5b50ff3386,3280,e8e9cd6aa74de20b6f55815722c561db337f6f3c,23474,1014f0be43ce1758587ecc3a64fcaacdeb844dca,
E00109,1972,三晃金属工業株式会社,S100YCWL,2026-03-31,5486,a3eeb8e8e15582e9cc8c4dbbaeccb93f67ca35b6,1778,e1534ecdd0165fd8b2fe8bbf63a5051fca19a35a,784,1c30aacdb36e258b9a2d6f74da85da1d4539e694,3546,85a9d86ecc99f9130fd287dc72729bd3cab4707e,
E02802,7433,伯東株式会社,S100YI3S,2026-03-31,9250,95b00e2699634aa4b4b5fbabdf2d7aca61feacbd,8253,1b59f8f4e4dead0c3c3b8e671df6d09753406f43,5046,d762f6f6f32979ff416057ef83c96dadd5bde285,4053,00582aed04534f0309dce98ef3168f3987fa2d1b,
E00255,1793,株式会社大本組,S100YI8J,2026-03-31,5877,576a064ae79514116bffbf55fc6de8e4a676e3ed,2519,1adc7a5cf9df6b823d639952c492b72fdb0d51a9,1642,3f02fb5a96cbf4eb22996c9a2f1071d777f9cc13,5450,64baca6fd285a0395c97aea815c4804b5839ccf8,
E00949,4536,参天製薬株式会社,S100YDH1,2026-03-31,6398,9fa6ce5b8bffc08d0e0f2194ce82c5a748cb808b,6579,02c05e7baa3920951f0e0786a9d3f9ecddc58a3b,2752,3f2d263144822f97be570970b78b0e81c572c6b5,7082,34de1491ee2b85ed1b8bbe08f65fd51784b6cd1d,
E35773,7351,株式会社グッドパッチ,S100X6Y8,2025-08-31,9626,49d736cac79e3a235bbb72da96c651140014dbfd,7536,91550585e3f0431bd4da74af11d5a650c9cfca53,7408,9eee0810a172d3f3f0c8f0cf66950a8bbdad8b1c,4082,7ba98f42404a0983d363d6384fbd9ee430126f48,
E00066,1882,東亜道路工業株式会社,S100YFHW,2026-03-31,5751,c615c55716ea9b2b5abfee69df22650151a8c0ce,1205,e25b88874c5333a9f20f0a9c130b915ac66b1d8c,4330,2e5f18d199d113c70e0471d9173fe0f5a989ffc5,2998,399f5c6188e617a7e49c30025996831eabf81d21,
E00883,4452,花王株式会社,S100XT6G,2025-12-31,9204,c767cb5255fc6584181bf8b01b961178662fce4f,13296,533edee2cc15d0153219288312a0454c9fdb4342,3936,14b6d774becfd6f09b40ef607555feeaa5abe6e0,23995,8afa54b591e5786acd40c4459e158f1d77ec21cc,
E01502,6141,ＤＭＧ森精機株式会社,S100XUMY,2025-12-31,6242,77afb171d989c6cf5add39ff9f9e5bb220037372,3601,2f1054e1a3bbc5ecf34c2926e34589317233a214,6696,48cf58bbc9e178a93a947ca9556c6b5b552441d4,6227,1779d1e1684b42a61e27fc63a9e2eea1f7008a51,
E38698,9162,株式会社ブリーチ,S100WR5N,2025-06-30,6447,a469d304dc78fe278514d56f30c028135a2dff73,8591,26dde07c18b69aba3332aa14ccc5a48031b7b196,4801,3a4c5821800b420f31d9fe011f2ebb23ae576dca,1338,c308f5cb0943607ae0efb913e4ac827a769cfd83,
E04153,9023,東京地下鉄株式会社,S100YHLQ,2026-03-31,8621,a241bf9667599ec291988051895b674c862fe559,13097,5294d8a25bb815c075c0d32604ae00b1ec8ea566,6821,bd0a3df6b8287f4d291323e0071b72c32cf1611b,11486,238b239008089fcba4c34225c3075e3c8ec8c363,
E01122,5201,ＡＧＣ株式会社,S100XSTU,2025-12-31,5123,fc556cea35ecf70669f841b255dc802e8c7e5e7e,9417,509fb2518f53353c16eb16425bde76b967f95faf,4405,421d00852eb1e99ed07a47185cd1881f0ca996b8,7598,64524ed1974342d937bc3926a929f34f1d4fbd82,
E02458,4816,東映アニメーション株式会社,S100YEQC,2026-03-31,6699,a95dbe61d4f0bb0c57106bd6ef51e9ea30e3e14a,3512,73d8279a9e3988e5bca5106ee3e9fb30105d9f14,2357,3efcc89866d8f42e38df56a782dab1fc48d5962e,2575,f8c3cc127fd4cd6eb67c2925a4b58286df8d5707,
E01210,5344,株式会社ＭＡＲＵＷＡ,S100YB11,2026-03-31,3761,92aaf5baeb3c63c7b3b37241610d61da893a56a2,1260,7610df71be9255fdbad62229b5ef1cddd32ba41e,1406,484d043687751bdc515180d52a008f26a259393f,5098,5671f74a6ec74778e387c2d24f1a881b37cfab2d,
E00024,5706,三井金属株式会社,S100YBQV,2026-03-31,8778,14bd3c0118a9740a83ac36a82e6d3f7d91ad6647,9649,79c100fef19d9bf93beb5c6d798ad808ea374590,3073,8073faa7e8fb9f0010628aa2603fa3e9b354aa63,12514,18b039024737aac3435eb54b8165473b825bdc86,
E39488,176A,レジル株式会社,S100WRGF,2025-06-30,6067,f2ba76b5774b3e96fc7ac1c520374fe8cac4e6f8,9648,da09a82b0d602b4695098713abbb4249756d40ca,8558,f1b98dba8a776d2cc3508486106e6cd212b2953b,4708,99a6782fe11afe45b4299216945eaf50ca3ccd81,
E36976,6523,ＰＨＣホールディングス株式会社,S100YHPK,2026-03-31,10462,91f5f0ff23d0b48ca25904f8c84a44afc7f0aab4,10694,e7936dd4d96554fca32bcf9f771a63dd989cf63a,3454,c8f9578e7b32b56666a4bd726bcf42a05682626c,12652,582330e5df6567d70f9e7c422b8e86762b98d7fa,
E04500,9509,北海道電力株式会社,S100YDWY,2026-03-31,4226,8e3a6e550906b577d763efd44fcf6324f7f165e2,3459,82c4419ca0e8f661b4910d71a9ada2c056548f56,4438,c2c91364b5bc303c58d1262ce5cb505d745914d0,7683,ab1e25300431829863fc753663316939db5c86f2,
E01130,5233,太平洋セメント株式会社,S100YJYE,2026-03-31,6187,84ba931ca8fd9c9321fe9a77545410c8cbfc5571,1875,4d9269883841fbc584551a3f0a9a20aac54abea3,2378,47780290d2fec6be8e8b22960aee8502ba4ce236,3956,96ee2b7e5262f995f29b651e0edf7605cec4245f,
E00767,4042,東ソー株式会社,S100YE5Q,2026-03-31,8690,723245095b7327b944c0f6a5caca4a0c8cf70612,4979,58a816fb40e6ba6f8d516da25d3bc4a5018d8e1b,2874,8d9b5d756867816c4a9e5d9f2ccdad7ccbda4258,5615,f6be40128f1c1115553dafef2c530bfa887635ba,
E02527,8070,東京産業株式会社,S100YEID,2026-03-31,4320,3d7a7b226afc0d983ab4dd1d3dfa87de7e0716fe,5924,8b967b643123add7196906ed191053c38f737481,1914,9a7a72f08c381f10f8364ec2d1068c39cc55e30d,1817,28eda03b662bf864c6d72b49c40af8a0c230b60b,
E37499,6226,守谷輸送機工業株式会社,S100YGR0,2026-03-31,5105,6d98edc5248ba2bfb62e772bf3074c1da77fa77c,7187,06a635d142641f052fba6ed5f15189d046b8ba50,3374,de79aaa9ab1b8fe440636f7ff5bb2f5e93b81e0e,1923,87a2228915d3aad12f4a913bb003f9460e5ee149,
E00059,1887,日本国土開発株式会社,S100YXXI,2026-05-31,6267,cb3fd56c8051083643201cd68026a1cf8f3bd804,5495,31c8b7a16a9a7e1c9585b214e2d2efbd47a84390,4517,55e836dad22f0cf8fb3271c047733a2641c3393f,4965,3c917ceadf9fc9769808d7d7480476ff33f732cb,
E05033,4722,フューチャー株式会社,S100XTFP,2025-12-31,6287,610961e6d463b84bb8fc99dae83251f5f4f2f6f8,5978,bac030c169b08f76d52973ab50f61309b6853853,4532,fdc0e9cc58c955092ea0253efe5007f3f8a14c73,8777,26f056fa275868635315c3e56c2c2b6dd1eabe4f,
E00457,2897,日清食品ホールディングス株式会社,S100YEWB,2026-03-31,10878,7b17663659b99d043baacd4d693303b7b4921d1b,9121,63ffd944c989a7ede904dc329c0c81d724461857,1648,b67af78d7564cfffa3f7fe6c33669039e26d46bb,10990,bf77c1e6dd0cd41bfca02febc07ab55ecc33e56e,
E02289,7729,株式会社東京精密,S100YEOP,2026-03-31,6412,b973f437b41d05b04097837d1421b733b8ab39ca,3181,8d3d19e338467562b01f027fd090b570bd4069c5,1699,34ac071d9c1c51a1453f522c347682966352cadf,21220,7db35da7e779171abf66a6b3b3a6eca4a50885d8,
E04503,9505,北陸電力株式会社,S100YE68,2026-03-31,5916,0c4abe47087c2a1c0e2b5f562089f6b56759b7f1,3851,aee16ffd5d3c56de5e49cdf31784c4c656af4484,2623,5475ace39273ed5350dadcd9fa87d0efda63b86b,5045,826eca91f3e0cb1087012eb8dbf0ba0581c7922d,
E02073,6430,ダイコク電機株式会社,S100YGWC,2026-03-31,10972,483dba1290d7f1e4abcac45c2f85f5ecf633511f,3363,d89aa7d7280291effa42ccd031c3e7d4fddcebe2,2814,41f1bb530c6381184473732bd4a4f602aaf58864,14335,68466b07b6677b8c7aa9e772a8f37e34da4f1c6a,
E00137,1934,株式会社ユアテック,S100YHQP,2026-03-31,7979,890312290cd2e30fb9226c794dc08ac63539aa6c,2404,bbdde0823798785efd8d3f154dd2dc702b5997c5,1558,8b97e945fc2b357a6fe1851754bfff30a45c5b41,8223,07c6b604462521b57b47c5d7f6345291dd7e49cd,
E01333,5802,住友電気工業株式会社,S100YL2M,2026-03-31,6247,479ef822f16712ed3c02b188f2eafdbf18074a8d,10095,2f14c385f4fe1793b824a0fcacfbedb32a9dd837,6751,20ec8e35384f6d7ba2ab1dbae3a92c5ca810898e,5533,16b98b3eb6b60c2c6aa5b743b609df41a0df6e7b,
E36840,4076,株式会社シイエヌエス,S100WLIX,2025-05-31,6679,a095fa3b3b8b9460308d1b99f9e3c256b91f23d1,4953,450905340e812ec04e5ba0daeebb9d29ab13c7c0,4962,b2f8c03e108381dadf3f75289ac4169cf8aec43a,5742,d8681dbfd6366822555fca55a4b39a953c49836c,
E00157,8157,都築電気株式会社,S100YE5P,2026-03-31,7472,e7ebd4898e67334ad77d8add768d37f66c847c1d,3486,adcf6f8d7d5a0e8322708e74c0c4a1bce87dd99d,3389,0084c066631c719beb140c70141edf86775dfcb4,11058,ed96ce4b3aff11f1739ef1f6e99c9fc9c99773db,
E00196,1899,株式会社福田組,S100XT0V,2025-12-31,8464,cc601b50483fd1d4e594d8f69ed3d7daae5e666f,3004,0760c9d527954062bfca9cb75db07f53cf267a8b,2966,32a04b3e0491837dd7383c4096180ecb509d094d,6472,3295e8e1a9e86c37a4147df9965b94734c4c3c57,
E00952,4526,理研ビタミン株式会社,S100YFDJ,2026-03-31,5832,69fdbf150ec2393e4611f427a9ad43d4c2638036,3131,cf63d2cbb7d4f8a8df539c7af611e25568043d8c,2410,205a30d5d6ef05f85e19c70e0a6bb98993a9af89,2632,16e9019aba18b676742b1ded9631bee97ebc8162,
E00474,2268,Ｂ－Ｒ　サーティワン　アイスクリーム株式会社,S100XQHI,2025-12-31,5509,c724c6f0ca1d0e8089daf509d359d6a1a73b1c86,1145,5813b8b3114247852a55907cadce3c7bfa100649,1766,33c0d82a25c34f9213440a54ead36361cff84309,1659,84c23290ca175855788aa6cdc0768501810e215e,
E02015,6869,シスメックス株式会社,S100YFAW,2026-03-31,6982,7add1cc47a290a1ac2315c9898a875c9613ceb7f,15689,c3cedb0f39875f5d51145fef5c3809eaaa26b9f3,3119,25b0ca5492601c24b64a7b9f71e8c4da7d2d1ed8,13495,0cc219930e7c79a6f79b8c37dfec57d0abc03021,
E01045,4966,上村工業株式会社,S100YIOW,2026-03-31,5547,80d606f9516cfb661ec8e050a9b0a62d5d711d0e,1512,ebdaaf2fcdf8f16f57d09ff59f0ce291f9eeff8e,1951,6686656642f42e88afd7e879ba84105a0cbce318,8458,53224ed545513b3ada2c2950bef17584a92cbcf6,
E00893,4613,関西ペイント株式会社,S100YHKQ,2026-03-31,9887,98e9b59485ebcd58720eeca2018c0aa5d8de8cef,3921,50af1711c86b0ccba2e9eed24aa61f66630db532,1413,0b2f53c6800bee50823eaee4a1b8226315bf788b,8004,68e1da042410f2a9aede84fa48ef89e166f5e9db,
E33000,3563,株式会社ＦＯＯＤ　＆　ＬＩＦＥ　ＣＯＭＰＡＮＩＥＳ,S100XBTY,2025-09-30,6521,e879fc8f6759b41a2202a9e513834230da0498a2,14175,565c0a6ac7b89a0c4c9330982fd63c8a34cda840,2794,7425c0a78a4d6806bd6f0793b581cea014e51cb1,4766,29416b151c076757474faa46b0b3cfd3f84ea544,
E33390,3994,株式会社マネーフォワード,S100XM4Q,2025-11-30,6720,39bfc5a4d84856ecc0630604e80031b990c20559,11557,783d9d50a2c9278ffc64e470c567192a4ea17521,7621,45deed7bd4ba607dd2d2716e7528582d04c86857,8878,adb57dd6e25c44edf76a1c770b28284221e06506,
E00935,4521,科研製薬株式会社,S100YK2Q,2026-03-31,6751,2cafb30146f8d2c2fe7a0df322a512a4813f12d4,2032,132cb3faa12d25ab8fe52699a47b208a06538de8,2947,8b622b9915aaae0df3f612cf337d323beea6c51d,7685,15da36130a14f22f82a691daa66fbf9efc97459f,
E01892,6902,株式会社デンソー,S100Y9T1,2026-03-31,3558,a4ce476124358f1de842f65a83a11dfc252cff22,6191,9d793255a0d85193236b08723b7a2e78caf8d24e,1443,4441c783c9c1cf582faa6735cba8034586ac2211,17033,0eb8b4ef3d0bcd2d2f2df057a237f77296cdd3d4,
E02142,7201,日産自動車株式会社,S100YH2B,2026-03-31,9155,ff49c295c4b26f74a79476816d2a35b59a77eb48,12890,21524f3c9c1643386a7132df6d32c90834295c50,6798,29d2e287bda989bc3d45cf79d1877aa990a7828d,13607,36ea0d49c5d717c5d2bad81786609f08c433f41a,
E22012,3632,グリーホールディングス株式会社,S100WQWX,2025-06-30,5407,2857921e2e6c397cfec998057e6769019d574e2b,8173,7d751af848283dc58325fe1c8a74fea38d04a901,1438,a0c016a813162443a67e8ce5a244e3df8afdec22,2024,a94f2c90b6d919ee3f667597c06de51e8a862c67,
E36155,4019,株式会社スタメン,S100XTWU,2025-12-31,4956,8c82de607bc7c51f9c323e8392c4800cc76e4dff,7029,d4434af3c182afb5188d98bd348d69713ae258a8,4498,91246dfa83e61199dc91d7ef1290cc232fc531d6,2192,88e2ad2723a1dc16867c0ce12e1f8d6fcbaf9c3d,
E35325,4478,フリー株式会社,S100WQR3,2025-06-30,5873,d0da29ba7b11c4875c8bdf903ffe6ce589ca2116,11057,7d74ffa9d4f0046c9f20acc9bc4a6ea62334a3df,10575,0d8dc16363df83bd153ad2e584154ed09230445d,8439,af2c6a4c8c239b3b7acbd5c50a8ffa3d7672299a,
E00922,4506,住友ファーマ株式会社,S100YH3M,2026-03-31,6673,0055adf155b0fbfbee4df2f51418b03c96c92e63,7372,8192e2e5716209cd6d0e29c5be7d635ca01a6684,4629,176062198e817fdf9246ffc489aca5cadcdb0a85,16038,e467b2312083abb9aa83c90ca45fc5a83a282f28,
E04370,,東日本高速道路株式会社,S100YJ45,2026-03-31,15717,42a6940b8a4df914b79e672e2f2052d4534d5e74,10122,dc6e4af4670e0f726317ff1ed6e8954d112fe198,2914,2c05d4ba91ffeca85d92c82041f4d4bf29e1655a,4339,b96fe6a59de275f863f43f4c7483723ab2243167,
E05041,9449,ＧＭＯインターネットグループ株式会社,S100XSG3,2025-12-31,14851,423e6ad3f8486f2afa108597b50d6eedbac2317d,19584,1d100e288b768c9c9229ff2023171d855471cfed,12551,c38aa66c67e366edad3a95cdc546cb70e7582dd5,4284,80eea239a8a076d5199319dc26c614d8aa6d3872,
E34454,5071,株式会社ヴィス,S100YJJP,2026-03-31,5426,846bd99e5166e76c5fc0283c3c4124fe10d20f1b,4195,76edb33c2027db2e10a183f5f27df8da93a92ec7,2938,50dc70b8845bf626accb1822f31995e6915b6877,3640,ccb743bb3eefb030ff1ffa361e4412d2bf701c02,
E02485,7826,株式会社フルヤ金属,S100WR44,2025-06-30,5266,566e9edc412f442747f6f7b4892bb22a6ddadc26,6357,1a0c02944c939751ad80e246341d55bd932288b3,1662,ac1a2d416fd6ef8d1398099ef945a477a20fda43,2236,798f2e82f9baa8e6de2e8449397da10d6b55616b,
E05100,4767,株式会社テー・オー・ダブリュー,S100WQIM,2025-06-30,5010,fbf446c0c1f31ebac51fe0fd15a89c0c5ca85cfc,3151,394ac6389fc1b6b1f830339d168759340785c0f6,2602,ddb005ff7c436634a78169439c8ab6193c3bf6a1,0,,
E05700,2158,株式会社ＦＲＯＮＴＥＯ,S100YGJA,2026-03-31,19453,67708eb9a82f44dd8cd80b9aadf93c1b61011a8c,5219,cf38d65ba0bb3e119c109834e3aef0d2847b985d,4591,f90d892e99013e65c1d4d68b3f3fd7b889d12b8c,3279,1f60070c48dca97f8e8644547d666e569cf9080c,
E03020,8242,エイチ・ツー・オー　リテイリング株式会社,S100YDD0,2026-03-31,6932,adccc120b077279a48ba1cf17ecd99e78395a259,3346,bf8905c42c63625ab59d09b4b2a98355e1327294,3621,2fd2d15e9fee2ee469c3187bc27daf496260332d,3265,ce6ed219b51796f24293cdaad2ce9b00bcee1576,
E02672,8151,株式会社東陽テクニカ,S100X93C,2025-09-30,7169,9d56c37c62279e2b59668a3ba86c80318c8b86d5,2083,2e860f0fec8e7b02156f674618db97c4311a7a2e,3683,ae650211cd97cd4f1dc8542e72685fa44e87b6ab,9480,ea268956a25a38df8eb840592443954a99cd1ae2,
E02475,6460,セガサミーホールディングス株式会社,S100YD3K,2026-03-31,10309,410e1b3c8de782981657db44a9b489efcc6f9454,2995,0cffa06dd78c19b4f3a9c7bda0f1b5f54dc737f4,4753,43f6e57506a17bae1c339fc3868bfb8348a5443e,16523,909212d6ca7c8ca9d7d528b080cbade0ea02e4b5,
E04520,9532,大阪瓦斯株式会社,S100YFQT,2026-03-31,8727,356d543d86063b921ae76259a6de0473b201187f,4387,6ad9ed7404755b5b2209855beaee386a897bdc58,4942,564c05649fc75d5f5daa952076e616f9aa2436ce,7346,60b5f1ebdbab8c6d0f3db89c7979f0a20d05b224,
E30649,3299,株式会社ムゲンエステート,S100XT1L,2025-12-31,6594,3d49e82401425ac2e3f8563f763770a34826772a,7885,9f9b527811dad707630490c275b9b07192be2493,7341,40a1842c0c490fc741c7be07ac99c79258076741,13190,8f6aa7b71896994a0194c832868a67af9d9ea911,
E00855,4187,大阪有機化学工業株式会社,S100XLS3,2025-11-30,7989,b4f8cb4f198ab070c0e7a79c6cb3062267a8aebd,3930,a82ce153b8857b01a5ca8b221c2aaca7ab728492,1449,ff6ccc9b047fa1659ae86d16c5d601da5f607024,4973,5d5e372610cd6304a59fa7a9ec29690292c1e64e,
E04031,8934,サンフロンティア不動産株式会社,S100YGKR,2026-03-31,6358,e4331d6e24dde89afa5554221f415255615f9daa,7090,8ab5189dfcea6540af5f16887a36b5c1ff3f2cfb,2509,04a40064b0de4c63f8b262603d0fc1d483436b17,9618,4a2831fbce3034ce74161a5c42111cb79b59ed04,
E04374,,西日本高速道路株式会社,S100YMLD,2026-03-31,12955,52f59ae76a5c81922f1c70a50a9369b63c57ab79,10683,aeb786ef9f409a33cfd657172561ec583c154ad3,3006,281ef8c5a9624ed6838cb5647035c37d1f1c35cc,3713,fb3529858e58b9c7ac2182532f4addeaa85bcc3f,
E35354,4493,株式会社サイバーセキュリティクラウド,S100XTY6,2025-12-31,5139,a8aaddcc955c81776f501a673de2bd2373ed5894,5089,61b1b527ce6bd39dc5a55b3048eb2f403a0b0a91,2748,a4ecf2467790d88f0b889dc1f29b8ba7d517f676,2832,9a535deee1e1947b3cd72182043086c2fa73d752,
E00268,1780,株式会社　ヤマウラ,S100YK4B,2026-03-31,8791,d2877c70ea25fa344e467add5faf88d61fdd5386,2763,8bec43170b056ec8718be02740324be29dac985d,4475,ccb9c0a0a8efd3b7399b004b73f0101e79954b06,5291,fe8c5225cb37d622d9c39aac74aae74d83de9dcf,
E00818,4202,株式会社ダイセル,S100YBO0,2026-03-31,6279,d9ba5588d4b5d9eadbc2d05fa0ed72d049f9ae71,7850,2f2059cfbf238b41e80c4e38c92bef88cf9930d2,4860,856c84c69d5d8c9e3b2b3294588d0f8268df1456,7526,70d53a85850330ade732f74a12bca626e4838186,
E02395,7965,象印マホービン株式会社,S100XL0K,2025-11-20,5604,8f492eb7e899c9523125977e9f222a8f894c62e5,3006,1916bed29eb4a932663bbfe08bbb9ae703cee845,2987,0517233eec6385162f6dac12439681b658654898,2521,ef80867ba7644c89d1e5ef6bf06892704939cac5,
E01939,6806,ヒロセ電機株式会社,S100YJDW,2026-03-31,5479,d1231016b0881cdf614bb79b60aec61ca01d3c70,3750,668693120f4d414205422f4ec1d84f86b8852155,1303,cfcffda106ca043084861b1354ac79514accc1b9,6728,438d17f88d2099f55e10ad7a5b3e6140a02715b7,
E39645,197A,株式会社タウンズ,S100WRAR,2025-06-30,8869,03bcfdf7ce85fcf4e3306fbd7e83f00639ec626e,12878,2fa3222459c8e634981157f8cf3e17a87b2c672d,6205,b5cbc5095e018ee519f2e2bd7568f09bb57a1184,2621,210bfe4612fad9723155d473f492fb7813fea171,
E05156,4819,株式会社デジタルガレージ,S100YIB5,2026-03-31,7317,3853822436e8cb32910d0efa988542dfeb5854f4,5050,7a83a755916ec4c8a1faac3edc0d2f3ebb595fad,3417,d070f0b45276ff92e6212fd0e1dd05aad015be03,14950,d35761dd4a617a945f79e5d1b1f28341ae7d4053,
E04147,9020,東日本旅客鉄道株式会社,S100YC7N,2026-03-31,11950,efac6a27033b60fac9fb62a02815aea32c2ba14b,8344,40fb2c5cff0f8c19991393845a0e5257eaad8038,9386,f9a60dc096294d4215f78985f1ea0d5168cd89fa,16423,e445922195b5eaeca49c6e663a466f67dac81e71,
E02143,7202,いすゞ自動車株式会社,S100YFBQ,2026-03-31,8696,7bdba36abc62626dda3c508b31bb339d5c73d41f,9366,ff73ecad4082f9ae356f2fb7f1cb0e7ff77b0c64,8300,2363000dec57e8d0174ea3191a1846bfc66b6f7d,8641,26d9946f9b2a97b843c1d216d6bde4dd656aa44d,
E02998,3036,アルコニックス株式会社,S100YCV6,2026-03-31,4543,87173f3744da885a483f82a0287c3a9970abc69b,6242,f52f8160232fc8f3a65cabfb09a67101a1b559d7,2989,b2169afb139875f583d434dadb90b180b9b835d8,4496,4630be6c38fbf1c48fc80ec1309ba497ea4f2802,
E40019,261A,株式会社日水コン,S100XTPW,2025-12-31,5046,6e63bd9fbc85343949407e54c348f112c0d58a54,5838,d9cfda97794f7775dd52e0ec697c961525358fae,3483,7745bfd0b7dffc6b40437cbd3cf96cf79c58a3eb,3038,30f12353ec92cea54a4c650522a211d1c4f5c39f,
E00064,1810,松井建設株式会社,S100YHYW,2026-03-31,6684,1cb87edc636cdd124701ba0138c404da436e57e3,1480,5474a40bb1dc9b5b16f517afa3d7cd39a210c9f8,990,0950b7a3175e27e244c8660c049123d82005ebcd,4432,9fc159979f27a614d5bbe484a53c66d76138109d,
E33615,6562,株式会社ジーニー,S100YNBB,2026-03-31,6263,cffe19c6afff3e2b82b7c45591f54b95507b0ebe,8534,03e3971b0259c5f902ab39b2eaf8c94e2b84932a,6608,7b988274b87688fde8e9286138ab8e51b8c7aca4,4076,ca336271dacee3d7cc3586b07bce6b2defe90f05,
E39846,228A,株式会社オプロ,S100XN26,2025-11-30,5386,83857dff69df7893ba1637688c12d339fa85fe7a,6548,75dea21590c994486fb2bc1aa0de4c1647e7ff5e,6234,5b87ccb5bbb9bfcc6d644485897b45971534d468,3198,9b56abd33cdde052d623cc911e5b5f2c1f0c2ad3,
E01879,6845,アズビル株式会社,S100YEE5,2026-03-31,13878,a593f208bd538b60d9ae6334cd6b528ffeb0121c,10944,e71e1ec90bbc6e90cd168e7145d284fcb1ebf1c0,9128,37ace1eb1461f5c8ec4b47834c44a050758cb729,22336,ef0ce2e1e7daa088ab4beea6b281a66c7117d2e7,
E04284,9302,三井倉庫ホールディングス株式会社,S100YEZT,2026-03-31,6025,f2c02d30114ce6b971b5ffba8d8128424bde5a30,6267,ca377bbb7995bf73bc0bfcac9db93c6642fe745a,1526,82229f4c461d843d2c72e40d3ad81766ff6a0e93,14500,4a7975222147a0e1e5a4c2c3eda0f6f30f78701e,
E38192,9338,株式会社ＩＮＦＯＲＩＣＨ,S100XR70,2025-12-31,10574,968987eecd7fa01d703d1a333e287bd781f67388,14243,56bacd510edb094feae1d91bd55347492ffac1b7,12660,14fd16c2573ef1a1a54bc6539cc255af0d9c8298,9321,42f51cde465164e4a044787da13e934a0a3491f1,
E34406,,住友三井オートサービス株式会社,S100YK9I,2026-03-31,6062,c313730f0663541a714d324edf3f2b787b51a612,3844,4808b51bf487273ea19bdac090c89161158c8305,3231,75653d2c69770b37b6dad44c28dd00083ebb7af4,6610,15ec607ff5b656aefa49efa5267f4eaad4e7a994,
E35483,7089,フォースタートアップス株式会社,S100YIA4,2026-03-31,5420,d335af11ca333c4eae86f7d1fc3e322414e62fc5,5881,cfbeaf4576241ae4798035ea953f4a13b024cf15,5000,c7dd7ca4c10a97fd1823e18d8f34e284ce03725f,7827,da578803a1e1f7dd1d3781722e3783daf8a92652,
E01914,6981,株式会社村田製作所,S100YHPY,2026-03-31,7611,01523b788b87cc39423b642d72dc1d8caee5e30b,14943,2398cce2c894cb0169d291cd60e1c54009ff3162,8706,325ad69a21879636fe38e982449549291382cbc4,10068,212bf77dba7b99801e72c309456b34f86ccaaee1,
E01039,4919,株式会社ミルボン,S100XTTF,2025-12-31,5169,5c31357def8e5fb186aa15787b4604f319ba3afc,7194,e502871f8af223ab22569afe1c076f1f9d559d88,3535,4ef55aabe3b48cbab1eb1a9b7e75af5d27a410f4,10518,295d475f639d5e7a5f2e2d4666bef37241b5ddfd,
E02275,7752,株式会社リコー,S100YBFF,2026-03-31,14007,16e4c03e86b3d6f4ecccdb7e869b1233100aac1b,17065,aec2fd147cdd3486d0ab4a3c49c9f44509c2a35c,6467,fbe13d8cb6b93a3ae89a9d7466fef03ff070e271,29930,84afad231743d32fc9f9d0f9e160f60b0be77b86,sustainability
E03764,8616,東海東京フィナンシャル・ホールディングス株式会社,S100YGI5,2026-03-31,7564,924ea50d058a5f5b85c584122b114cd4ca059919,3988,b95b4f95376f21f90a029cd4161b89ef180be520,2269,0423c227839ddbad90df7ffaf3c04f2689148fd6,12528,9023f7115236f1c9942031d0af4fdd6997e14c65,
E01231,5406,株式会社　神戸製鋼所,S100YCDA,2026-03-31,7164,add2f717ffcc08987254e3aa6f3f75d5f8fe9205,8624,11edb970a5da1a6e08690b7280df61efea33b43c,5510,34b60dffd03e596b6183c8f01d306e5a83d73c05,12340,2052466b6fb27d28522247c1571a6082cb584fb3,
E00406,2267,株式会社ヤクルト本社,S100YCBJ,2026-03-31,7865,1fe73f078d9099502d2a257f397ed83850df9b55,7486,ed72f548db55a7184abbc69991d0f6a458435262,3750,63c54fd4c87ecdf257a943480a6c70e3ac60ad08,5647,7d42386dd4484c186bab437245568802d1ad37cf,
E03291,7550,株式会社ゼンショーホールディングス,S100YKA9,2026-03-31,6517,181dd6cd9cc41ebcf195ae5a217007ea1d5ca061,5347,fc561656a5c00945f216f81d19a21cb737e2a2b1,3530,0183812670a6bd34e83769d49dae9ddd031248f9,5505,71f4a149b662877ffe2328e58b84f3da15de16d2,
E02030,6871,株式会社日本マイクロニクス,S100XTD8,2025-12-31,5589,5be0cc40c5b84aa79aff597943ba6ef700ec9e36,4704,e7a95ca5a10aaeace858469280e47989ebe57932,2307,6de504a17a4c6827ea6515a5e91b9264f27af48c,10738,129628d92b123962ae37eee661a4406e22d24311,
E01888,6988,日東電工株式会社,S100YCAR,2026-03-31,6364,f988e08b637b567435cb8f810338456bf718f7aa,13660,75ee5519ba940901c655944e2c8bf87619247b3a,9320,2028846ef72ca3e2e75f2baf0c0282c4818383b2,13712,a20fdf13285888e73235a7138844e222d6a75acd,
E00692,7911,ＴＯＰＰＡＮホールディングス株式会社,S100YIAY,2026-03-31,6486,2cbcb539e317cddef5893c2126eec25732877c65,21667,0e7e2e49c45a094e733526e8087082e22abdd106,3136,7f335a42b31317b805aadddf7e1fdea10f3294ac,29924,3ce8d5c8a1fcacd5d1326f653a43017765134863,sustainability
E36635,4071,株式会社プラスアルファ・コンサルティング,S100XD0A,2025-09-30,10414,a03005c5e625f4336e113a7958e816d13d9d300f,4776,4bb762076e18bfcf026b02bcbac6299c84932966,4659,ba45dbf5636d58f4aa7bba7e66e31fb638b436f6,11869,6575985d3f72cf008224586f0c54c9712b85260c,
E34657,7050,株式会社フロンティアインターナショナル,S100YSV9,2026-04-30,6409,1d26ff576ea82be564b7fe78ae2b2b69d2701575,4995,4769691882ba184e4d8009cd496d57967d4b7032,2884,e3cacf32324a17fbd0f4e8d96c8fab494b0c596a,1694,c896c0b6ca24d0b16e7166bac10d073c5b576982,
E00873,3402,東レ株式会社,S100YFG9,2026-03-31,7244,a4d07d7aec1299f93d681b64456c6e62df1c9e02,6328,7f16d67aea5deedacfb2ea72fa14360ca7c25558,5640,ddc965bd301a85a694dd25a5fce804f1265ab560,3156,5f4913df8e0acce1f95967d93da85816ee7f5a40,
E00322,1721,コムシスホールディングス株式会社,S100YFLP,2026-03-31,8576,b0d25b0ab77943e4d9c83d9d9498b4d97cb8ad39,1910,278d373314665a6b881642cf0b6f38a8a988ac09,2024,11bdfb94909bf7ec80ba6a7339e436252fd153a1,7539,c3735c4a5f86834bbcf091497b5391f25c69d7a8,
E21122,3964,株式会社オークネット,S100XSDA,2025-12-31,6978,ae72edd1b9858179951a3121636426c81ef017fe,4570,114fa0811941c3ec77497edadb178c570c344e7f,1344,5613d8dfaba094915f5e53aaee491f98bee23cd5,5262,ac0fef4fde192f5d2999ab8051e003306f1daf3a,
E03530,8303,株式会社ＳＢＩ新生銀行,S100YDBB,2026-03-31,14236,460c311104aafd33a88335b8c0e7089210291280,18257,401ac206acb5cc3bc1f3a79be2fe1d330953d92f,3798,3d7c0f4fa7aef4f045f85afc77daac2c8aee61ee,8892,7f6f8efd518f6efb7a0967108a1dab1422b2d138,
E01755,6645,オムロン株式会社,S100YG81,2026-03-31,14898,9f3d6cbc0b3c9b39169a2b508ae94764a2e6d41f,12269,31044571b763eeb7faaec818c06561854290f564,14242,a3dba6e6887f4a496797ed041ae68330a09ff8b2,16829,6294b06263dcaf4dc7ff9c2d1fd64bc143d04e0d,
E01367,5991,日本発條株式会社,S100YD4O,2026-03-31,6829,9594b1a69bc45132d603184d84f57ea9814b07d7,4022,32e368b240ecd90d06424a2b5f4a0befcd366d61,3748,16bc2ee89192c624a287ffcaf76f9b799f85bba0,9998,d63d04dfd90ce80c2d1940de7a00f9b058055261,
E01261,5423,東京製鐵株式会社,S100YDWW,2026-03-31,3474,f028196771f23fb33fd368669e6ec4c27b123b22,2170,5427c45db5b22a3fcca2bb6c218a520ef2ab79f0,1264,cb6cb232c866375321c25f95202c8195d7e47053,15924,d6ce6239e061809b47556ed4961fa1a312707b74,
E01589,6728,株式会社　アルバック,S100WQX1,2025-06-30,6302,4d84e2d5fd946fd74861ecd7a074c8c51cd88515,4747,028e968fc557d462c7ee82f5167832b295622530,3499,cfc75823376c737fa1da50571d9f61e08638d84c,4754,db77cf26e0a580eaf98b57c3b43527f4a698d245,
E30731,9468,株式会社ＫＡＤＯＫＡＷＡ,S100YGF5,2026-03-31,6600,996202e3d1a1dd7cd3aed5cf43d3ffa486d38935,4801,c87aed1af5c0173512215e57c5deb75d9239dba5,4913,0654bb09535e23a02711b076c84e499b63aaf0ac,12119,908114cd897363f16eca9246c86067eebcb82351,
E02369,7994,株式会社オカムラ,S100YFDV,2026-03-31,6214,e635998fb18d235eba61dbce4e737e07ac9b4fb3,6983,a9af1a3dc36d9537a1b52c739612b97be5180e6a,3050,05ba261f3fcf61e421d74a5ce2c54de0f544849e,16462,2bcc1c8eafe6f598e1c474e0e83c3cc5d5eaf97c,
E04029,8931,和田興産株式会社,S100Y62K,2026-02-28,7570,43d809d32ff52520010af4530aa8222625f348a8,3604,d226b31ffbe637df718be17f36223b9e4c288892,2734,69c97c563df77607ab15fd5215d2733f0d2e50fb,2542,d5636c4a828cdb5407951fa0dd95669e4edb6ca3,
E31878,3923,株式会社ラクス,S100YL65,2026-03-31,6381,eb3512a046f32e05ff9ad17f2eeaafa57f32c690,6659,6bc1c7ffe0ca42a3be328805265129c12389b5ad,10656,2dcf21eb77071f3494335786c11cc5f5394c6596,14015,5623c80315f6529f7de314d50c8bdcb6fd98ea3e,
E02274,7751,キヤノン株式会社,S100XTLJ,2025-12-31,25573,2d16e4c5d7967d3ea81b6db87c8d91195bd18d4d,21454,6f673fc2e325c3c1b61f25859be85e09a910893a,5191,984db2d954e5807cb4d285a966af6409e3a44914,25323,3d9d6c33cd60010d080ff494adacc6a4fbcbc51b,
E34116,4393,株式会社バンク・オブ・イノベーション,S100XD6Y,2025-09-30,4199,90ebfd4a0b23f533e546a3520efeac1f162867b8,7811,95781bfc5b4984b019cfbbd032d8fdf638b8ddb9,2462,d11d5f5fc19a954a2301fb43f39c9220bbf4776b,1264,c3ca5bb0ddef08b16b03471e5e804223da80908a,
E01741,6506,株式会社安川電機,S100Y69H,2026-02-28,4835,cd4bd90da4ad63c6eee7c00cb6149ce343189804,9449,fb88a6433ab191fc295674d4be356a85fcffa2b9,8144,412698e7083b4076e47531547bdd5812359163b5,15469,affde46994cb9fb0b4d3256f8e397bae7e3dff44,
E00076,1946,株式会社トーエネック,S100YIKH,2026-03-31,7909,0e8b50d22390dd25103ad8366368b77699b959b3,3911,2e2c36552bd7572d17273fb1b06ebf35f296679e,1251,60554600e54887288f4d02503840ffd94d726087,4141,a77bbfecab875fc713ed67e477bc99d24f1171a4,
E00877,3407,旭化成株式会社,S100YGRD,2026-03-31,7618,fadcf76f9c4ee04cf4e44869d7d39d1ec7066273,9059,a518816daad4deb8fadd02f3fe063bda90d1d872,19164,6722febb2928caea12ca48391ddff962978fe309,10580,6eae5f61f93e2661bdf121ceef48461e4180741e,
E00181,1939,株式会社四電工,S100YCY4,2026-03-31,6592,e4c4a9e060c672fa5eb8f265023514a3471c6547,1665,b1c448327be482be1a65643da1a87ce38b87eddc,1611,33797311f4ed0434160cea99fdbb88883d07967d,4943,08e0d3391dc9e0341d8a7ccd5ed12b5e90d40a36,
E00942,4527,ロート製薬株式会社,S100YE5N,2026-03-31,4955,3795591aa05123e8693abbba78d3cc56f9a39b63,3315,136d3c9b41da5651a3e794438b6b7aa22e8e1f65,4607,0b77a44159f5d7b5057141c102cdce4a4c909480,7207,985f4a919ca8cc5a9feeec370efb04653a2d96f5,
E00135,,新生テクノス株式会社,S100YLFQ,2026-03-31,7193,e4850cef25e8d74d9d8c8c02b8c34c646f5afae0,661,513977acf0dd830aedcc5118dbcf0efce2337991,996,903220f504a729d321de573f4e60e53f39c62aca,1393,5aed25363ef04e52be2897358c5a2c6524036c5b,
E04242,9115,明海グループ株式会社,S100YGYV,2026-03-31,4587,927495eece4637631d236595dfdf54be8266f139,1739,fd3c926de7889d676cd2d650ba63535ef6e1742f,1428,b32bbb04a0a47af55fac46f93333a4c6075b5f93,3059,21534c89a67d36b1ec51049bb4a5ca22f545dcaa,
E32292,9143,ＳＧホールディングス株式会社,S100Y9P7,2026-03-31,11900,ae5106babbfa4c9cedc152b4854e47dbd480d919,10841,98a00cd5e4f79bb6543c29ea229929ba42964fda,8205,ba45a1d1aa482b5dc5ffd9f02971e7314d438ff1,9396,98679448ec1156c07c405c597860ca7c70be2c5b,
E00094,1951,エクシオグループ株式会社,S100YI51,2026-03-31,5487,ace9009b0b9d4e4f538be556b891adf11c5a4c79,11344,c192d4c2388087d48290a4c4bc48629da17d6549,2472,29454d25ad0f0346f9000d1499e46185623884b8,11014,934adaa94ba00abacd08b5ce6328136450f15c6d,
E40236,299A,クラシル株式会社,S100YH46,2026-03-31,3872,b9c9799c22a80bb0e780a69f7a848bb47d289942,13452,89272a3d3e8ec0c8bb6ac11933a19e73659dda86,4947,5b3e0ec61a0cfbbd04dcd3d485bf6edbb6ce3fd3,2161,5e9387d39e3b3d46e07def6f9b1254fba82ca861,
E03071,8130,株式会社サンゲツ,S100YA8B,2026-03-31,9480,d854f7edac8915de602ab7beb379b6ff5620a5d4,11459,f1757b652537e99d89837736bf22dc34141e3024,5581,0f85f326327807d2abf90f483fa1daa3bbcb5388,21793,5331b7f5b15c802665f5018faf0470af5c6edf3e,
E00431,2607,不二製油株式会社,S100YEWN,2026-03-31,7961,e991e0b0c93767e5229460d29fd744d6e31e1d70,1118,546323ed671cce3abf4355710b05f08b8140c718,8869,b61b35011c911108f49858874782b345ac49686b,9956,4d14083baa6924ebc56af9ff798801bef4078ea2,
E35153,2980,ＳＲＥホールディングス株式会社,S100YJPC,2026-03-31,7277,f436c49a0e189a72b3bed9e644fb44f181a12c1c,5688,b67ec996b8b84db078d3f905758f0112052908ed,3936,ede546ade51b8c909137f15e744346d0549e4502,4286,c8fee7aa6763179004d1075a5067495c335a2578,
E04426,9434,ソフトバンク株式会社,S100YE76,2026-03-31,23221,0334fb03f4ca6c3113d48a0237652c811c81985a,21838,e41e087769c1b2ce9c3c7df9ae3b9ec2424ae547,5667,818cb94c7c0eef9f427808902aee8476c3159b14,18543,969984fe1d057f059a09bccff2e1185063a40647,
E02856,7525,リックス株式会社,S100YGQ4,2026-03-31,7832,0d3c06f57f68fbd89cbdbdca27fa222292b5a569,1731,c3e9f60d0668b698f00aeb3313fc5a6a3b200d83,2917,181846226800fa073270d2f5de107fb2288f9d35,9797,1b7d5089e250640e4deb1fdd0dfbecd7402e03f5,
E01630,4543,テルモ株式会社,S100YGMG,2026-03-31,6896,049794a09e8ebe3b85c7776a56772a1e14b67615,180,628e363ac6045bc0b069a550c52813adcca89b74,4954,4cbe4ad8cac6090ace269f597e3786527137243b,10524,f51a27d8702b71c452d03a3cfd740bfffcb84077,
E05665,8771,イー・ギャランティ株式会社,S100YKOI,2026-03-31,3175,9836b6e9bda3561c12be1256ac81002c03971768,4405,8b94b6dbc51b241d24645e7b17ffef9273fd7cb3,4434,5628a89beea24f4bbcc337a440161e8ccf3814c7,1847,90ba328fe60da5b2aa0fca0b6a1094b23893c637,
E04377,,東北放送株式会社,S100Y9TE,2026-03-31,4677,666177eb8a2beba9fd0aaf1bb650069613481dc7,919,e0dc2275be4ff7ed3ec80c5d590023a80a2e4ace,1870,8c8304ecccb70894ced5ea3c98fa11be39162e82,2320,e8ace9a572a4aa9c08e2e4f77e48e15849c2ba5c,
E00146,1959,株式会社クラフティア,S100YI0L,2026-03-31,8698,3ac622c6c3b314d337b8cd83824af12168598f32,421,2e98424b89e98c0f3f9f798a3a027e0111adaab5,2625,6424ad4ff951bf0f7c457daad29ad58ad357bc19,2016,1d05f6e9740567cae5a9fb9a45a02ddadfa71ea5,
E04330,9359,伊勢湾海運株式会社,S100YE7Y,2026-03-31,3569,880ec2bad5131c202f2db204d2feda10ca28a922,1574,3354b118ff9817fca3dc346b587a19aa98a90266,2001,5fbcc1f1c45c70ad2bbc989d28530c43cfe697e5,2068,d623e6651456cc6ab4534e9c67221dc9df5a33b8,
E02366,7976,三菱鉛筆株式会社,S100XRVX,2025-12-31,5402,9d8ac6ed2c1ed9400bd4032d1f16d2a3376c7a70,2757,1f95bd2e15b0406fa7a7cb581b83a3abedcaa008,4237,4f5ba54c6a6ce55568744ae77f6a782b3d02041d,6436,a9ed939dc57df670a86c755a4916189d1cb084bf,
E02176,7240,ＮＯＫ株式会社,S100YFWJ,2026-03-31,5131,d210c8c7e875c61cdee1ee670ab3089dc664fdf0,5789,626646c94dde111de3c9243fbdcdb9c6c61e6ed8,2784,6a7bc8a21482bf7f822baa5fd46410e8d3b0919e,7993,e01ed39988e9b668b3d18925d9f1f8462b8ffc01,
E37978,6526,株式会社ソシオネクスト,S100YHHK,2026-03-31,10113,5c8fdf39c03ff32b93001d29d4eebcccb851bbaf,13153,60dfc33043046e1ee5e3ecf0b8059109d01a709b,5889,266e7e62d3fdfaf3145811c655954ebfbfd3dc1e,29987,7b261168fa97dd1ea12cc1aac2f348284dae193c,sustainability
E35308,4483,株式会社ＪＭＤＣ,S100YJCA,2026-03-31,8164,2de555c08a9519eb1e16ed7b6c591fef02db10fd,4873,f4de0335d4c6100e8be0fe301e06d64d8038944c,3240,4c992b13e97d4296f8c9b1534828cde5a2d6ff1f,1940,b080cc2423142bee608a7a30d1591aa1848a4e0a,
E02344,7745,株式会社Ａ＆Ｄホロンホールディングス,S100YHHI,2026-03-31,6577,ee76a3a7184bcb3848985ce14e99f94126f8a852,4142,69e0d19f8bde43c0c6a82c51668d33ab48670982,2614,b679c85c5ec90e599e940d912f9c09ff54495ea6,6940,609c9051a99c21a4cfe0077c28c1b00f8a2fbdb8,
E04371,,中日本高速道路株式会社,S100YL4L,2026-03-31,15599,3ff9e69ef8c99b22d95602638b5a3c86efa39fe1,10579,39fc18d383f595a518680a73f55dee5d42f2c528,1724,74fab2c36c26952be08c4eb6d1029fcf108aa5b2,5619,abaa81c917e9a659ef5565c2cc9a0eba2ece43b3,
E04362,,中部国際空港株式会社,S100XUDH,2026-03-31,3795,b1dc04c19ae7cee64fcb549132916dcb0ca9e770,2643,e4b04e78a3cb8947ef3c227fef5886937b6c767a,3598,05eb6bb83e5d1140a4e0fe74ea4a0c6a5855e113,5067,a5dbba1554c89ac67aa54793eef97cd1c6518698,
E05350,2371,株式会社カカクコム,S100YBGN,2026-03-31,6041,6e09f9e1f9ec844f7d205e5843927606412ee959,5848,ce4c0a15b1a456d8dba688ba4963b5b525ecd80d,2751,ffe1c85b6b8feb39f48c593fe707ca687ebc9994,6745,540ed9b04be17b6124352cbb45860400b6829147,
E01769,6741,日本信号株式会社,S100YAO1,2026-03-31,4878,bc26dcac2bd3a625f12198bdb38d034cca2774bd,2200,aade665d3b375cb46e4855a7a520cacb602719bf,1808,d6ec1dbf7b30222716cc57e97a8d2522b3e0204f,12376,66ff6db25ea8b3929fa97d158a670ece8d7382b0,
E05727,2170,株式会社リンクアンドモチベーション,S100XSV5,2025-12-31,10147,aa409d499d83df4c7930daae4de11f635d146df5,3182,81c249da2d03e7d07ef3aeb5da3d6b85c1b8a0dc,4199,522b6704a1b46ccca986521c4d748223f6624a66,18146,e21fadc0a75d648f86a69055acada61e379dc39d,
E31748,6178,日本郵政株式会社,S100YE7T,2026-03-31,29897,500541ef2231dd42f6523644a0bad40e0a8f10c1,29987,3fac5e456cbd95732682f7255dc082e20405b696,14492,39c483f4d9d4e3da45a0e0ecbfdc3b63d711b6aa,13746,a22bff8361a192dadbcc15b724da276878e3a03e,mdna risks
E36706,9147,ＮＩＰＰＯＮ　ＥＸＰＲＥＳＳホールディングス株式会社,S100XTG8,2025-12-31,6836,f11527fe8cf31537de9272afb9f4ffd87ee6cccf,5868,0abff78a967205f42f6f7c8693432c0ee1ca6021,6235,27c18bff54e45861fe1a40328a9b1630aaf6183a,4756,81e96bdd296c4b976889f8e8a897369eb9e4df61,
E00462,2810,ハウス食品グループ本社株式会社,S100YD7A,2026-03-31,7472,93dfeff75a91a56ede969b6fc31020cf7390ecf0,7764,55f2184e21f7756bc8e3ed6f978941c0bc1439cb,7273,3b44dc34abc6bb1c8701817f15d424fd9b90b7a8,8210,dac2edc329ddff9de3e91fc8b5ecc84613d0926b,
E33364,3991,ウォンテッドリー株式会社,S100X6HU,2025-08-31,3885,42048b9cb30ebe1cf74b6beb9c6e9d4614691e4a,5282,68c418884aaf946c166793e49071bdcdef354a34,2366,f72bbf222fe84f388cc86a8f9285de86deeeb7af,3699,313f978d7e368746a30597840bbf184b06ae6c46,
E35449,6231,木村工機株式会社,S100YCHD,2026-03-31,6687,8d3c30e8b183719d87aad0e7793cc7a2f43f63ba,5271,d4b0b4c9fb8ec2dbda1caa63aa1fa69371642d72,2111,a3b5edd1d06e47c550a5117b13f194a887b49daa,6954,3750bf7b30c6a31ece6b97a6e1ae7a0bd44bac43,
E02167,7269,スズキ株式会社,S100YFG2,2026-03-31,3137,29753d354a3e3e10a898dd762b315d490eadbefe,7274,dac10785abb7019bfc335689e4a8316ace986787,3352,e1fce3c686c999ede3fa5d9e82471f542051ca45,9098,8e44f7ddf9a425fb19700f3cdf30ef45aa2fb0e9,
E04088,9007,小田急電鉄株式会社,S100YIM7,2026-03-31,6238,a6507450e8543da414391d835d60f223308af932,4136,a4171046567ef26036f247dafa230e344d49543b,4828,0757bcfca65e7eba636629e41f5830e8ef2af02d,14194,06f3dc48b980c506093ce65f147caaaa217424d1,
E33966,4384,ラクスル株式会社,S100WW0E,2025-07-31,6227,e9264a4021efae47dc8bbcd714a5e17ffc0f6114,5472,e464a969e74a1c1808290fae3cf4ba166175a3a6,6586,caf1959dee123dc220bfaeef1a826f90d73d411d,7032,f668102acde52b68b5a0a43d7240a76c525d65ef,
E00142,1929,日特建設株式会社,S100YIDU,2026-03-31,8771,1a46312648b58368030228cfac7aca40c6236deb,2595,38277ff6d089cd20a990a230190d5b72d46f597f,4939,2c259354667c37f3eab2435037a7c43bfe911774,5450,ccccf863aa88c4e3914fa3a84cbd66779e6fdab9,
E04331,8097,三愛オブリ株式会社,S100YH4U,2026-03-31,6033,d8ec07810fbb38920ef392d6d4de66711d579efa,4525,4d5816cc351f6b20d65d78751bb7cdb0b20424fd,3082,81dab70cbf7c655853c3c0321adab988dac4471e,7806,ba86139c3d9c75f4a6c57e8e125d893a4ba90d39,
E38714,5844,株式会社京都フィナンシャルグループ,S100YEHZ,2026-03-31,11460,716cf6098d652069751731af34b2afe3705718a7,5976,b842625ea8a05a367522f20c8b70408ca92e4176,2717,1e889a3b7c39b66efc7845bb7dde70bcd81d540e,8439,414f69efa4792d37154678deefcf1a8851eeee14,
E00285,1762,株式会社髙松コンストラクショングループ,S100YDDS,2026-03-31,3174,1621e2cbd5b8bfbe71e83e634972e06530fa5538,3874,9d0de802c666d208186f779088d8c53ab0d2f5dc,1721,54e167d55512966a329b64781bf811308de684e5,5751,6d5da78b90dcb6dcd586a19c7cc6abf17e0ed851,
E05739,3626,ＴＩＳ株式会社,S100YH5C,2026-03-31,12778,e8e79717a7d332b7fa8626fabbb5b3294c1eb431,8727,5144c3c21e393be756dae46109e95a170162e25c,6013,afa431611a3d157ad0dd0431313b6e7f782cc158,11063,f0b7910d73654de8f157ea64a5a508a392a300eb,
E00879,4118,株式会社カネカ,S100YIFD,2026-03-31,7795,d2195def70ec87b08eb40f2beca2337e1fe03fa3,3489,dde915c5c52cf63063d966fedf577b3ea51a7e2c,3355,63fb07c8772758c1b015aa848f93f88aa9693b51,6241,e0612468e0a26abc196639d928f28f8793b062f2,
E01081,5016,ＪＸ金属株式会社,S100YINW,2026-03-31,4852,4e26b135c4de8ea274f000af6d5e608f9f3ff068,8299,5acc162365178b85712058550fc66aa5361e3ef4,4904,caf8019456d5536557611777b603eab6fa91c140,11766,5e31547e46de683537e5b3ef05d66ff51fd821cd,
E00373,2206,江崎グリコ株式会社,S100XRXN,2025-12-31,7391,fe1130e2e6529d17b88010f636fe9801f7e01220,2893,fe5f6018f4a9bdb98fe2b21a09127079fa4c6fd1,1749,429014eb7b051392ae9bfa3bcfe961649236a568,10267,a787f75555ec4692fa8ddaedaf9a54b773866ac2,
E01533,6302,住友重機械工業株式会社,S100XT1R,2025-12-31,6953,65418cb04e23d6b48fda7637e7d017a6f94cbea3,3993,fc4b17b363d13c810c74cb344e76cc1d2c903000,4276,dc9a39e849300836c5e5932462cbd80bc2a0e3fc,9008,fd0c805ce9a8316fbdcb6b358d3fdba17d882cb2,
E26327,7157,ライフネット生命保険株式会社,S100YC7R,2026-03-31,9846,656077ab331396bfd9c1e3eec4069b08c124673d,14270,14ae01b5c25e1d1dbe3e71c42d8b4987ee92f469,5342,d02d811ddc21be093a07ded40798f91e2c062b43,16623,59673d3d05076f225f847a3a2dfa621e307ec359,
E04286,9304,澁澤倉庫株式会社,S100YI5J,2026-03-31,8367,2050db7f863d1eda9a81a70efaceb39a2d6c5ba0,2938,4786a9ab3817d4099987c0606a1a6dffc6d8694f,1279,33e011963b2a5db55d2d18b5629b3e59ad2ac7a1,9190,3ec1438a9d596318286309cfaf6197f563b56ab1,
E03838,,東日本建設業保証株式会社,S100YH9N,2026-03-31,5862,b913653c4ea08c5371388db58dd229051c1aa5d3,1372,63afae107a4b53a5d89194ac97368a1363bcf885,1651,bab117a68cbd02c6b58b6f15ad3903773f5f9bbb,4070,33f26710e4b9e59e220eba66f07629822bbf26f1,
E41104,446A,株式会社ノースサンド,S100Y1HV,2026-01-31,3311,125d6d87d229250e022856ded12a760a93b5565f,5559,2e8450d2341e1f8088298f6d7e90c7a67428508c,9892,95ad6684255f219134b6de52bef513d6619c4333,6094,ba4dc01fcb06ddca1a43582fb96b7d7ce1970706,
E37435,5033,株式会社ヌーラボ,S100YH55,2026-03-31,5267,d59ddd3897e896eb488f74ddf1627caa3a9d035e,6151,d975cbcd7db13eeceff5f95a36ee7d7ff3b3d3a9,3592,69823858d75e881592fd9fb05ddaa60efe087d22,2830,fef83e4b2849ae101336618c4e4965ebc300eadb,
E00014,1332,株式会社ニッスイ,S100YHOQ,2026-03-31,6284,7f268ab31f42f7d5c362997005f010fe50d00a98,19954,715cc19402d4e7b1e54c60f974e1b0b060bb105e,4826,c661c97833a05de8ecf8d44667f96e79c0d74c8f,29292,2d2cbc134baa5bab6b9a57dcb27b608936bf9d80,
E01966,6947,株式会社図研,S100YD7O,2026-03-31,7015,6c8eba56edaf33f65e754040030ce9813d180986,2409,60da3ff1bd70eba58310e8a86f5ea4973b67adb5,1632,85b985275a42ef0420470747627913f33501ec56,2991,50bc5c68822955830372b279ada65b8f967fccab,
E40164,296A,令和アカウンティング・ホールディングス株式会社,S100YAIC,2026-03-31,6343,051152a34a5c2fabeae3e1bc80b0352a5cee3f8f,5091,41de29a3a31d14f1487dc6cbc8669810eb5a5096,5428,1deed9f0531cc4907f078f4ac69f062d6a7c017b,2369,6ace97b3d9ada94f0013e5d16b419bf59442f71c,
E04509,9511,沖縄電力株式会社,S100YGEA,2026-03-31,4282,65948efbd6b575aa55951772406019930a2cf628,2953,d5fa387132c61d38bb762b8c1edecc8a5364d643,3367,5643ad633051e7c5251e5f23599cba5544a35eb1,3957,73ec9affd18b53478797e798475e05fbf2cca4a7,
E04102,9041,近鉄グループホールディングス株式会社,S100YCLR,2026-03-31,9072,ae061c0bb87d02188cc7391e81d9f5417ed9b7b5,10956,f4c8dd3b7dbe89583fbd728480203de3cc6e9235,3979,658d9a9503650e629d82eb297bc43ee43bcbf42e,9948,c1d9cfc51d9bffff84e54a5cad91c083d13fa9e1,
E01234,5482,愛知製鋼株式会社,S100YLIN,2026-03-31,5291,be81232b27ef7d8cec5dd41adfefd64f9df36978,3746,efe40aabe78e7106c52fcdc4004252de29c8592e,2675,4d98d1d0065ebd951028862a989c967a656016ee,7478,1e6f94e166453306b22c80a6c7413ba88b2098ef,
E03624,8354,株式会社ふくおかフィナンシャルグループ,S100YFNB,2026-03-31,13840,0f32a5feb113d1d78971806b910fd3384f3037a2,9975,da772d75f47bb80907bd477320094b636755ba10,3662,efaf27960f37aed306e671142af4949c59997e00,6023,4cbc691a6232210c96d6f4f6088f894774e265b1,
E01808,6800,株式会社ヨコオ,S100YI9J,2026-03-31,7934,922054074e5502af23502be0e0bddbd39f1d36e6,7629,6455575d4c6986b469abb86ff93f9f0fa0eefcf1,2306,5a3fdefb7bf54c6c9c33f2a38a951e703e205e5b,7199,4cccc569adf0101a6bb40f90816241b8036ec1c3,
E00570,8091,ニチモウ株式会社,S100YIWE,2026-03-31,6531,974fb69ca8fa975aae93e87542b73dabce932a84,2117,362c73409f07d5c2d5476a435ebef1e61f4d0564,1892,71ce8646c8e18450050d325eae8847d63a0512b7,11883,42685eebcca1e1c6abf048df6b260c42ef67b71e,
E01028,4107,伊勢化学工業株式会社,S100XT8H,2025-12-31,4292,12a87480f13d69b71974762806c0350fb3e16171,1057,e6456752859d41b2ae42bfc76a100004f16dd47c,1979,a89adfff2ef3533bd2f6d36d1cb48672e448ed36,2490,75791ec9f74564ce1b4f1525c112602c83e1c08d,
E32215,,東京電力パワーグリッド株式会社,S100YIEP,2026-03-31,7445,5a4b2e43761b3a48065f3863edd1828fe4cce267,8667,244017e13e46166391be5356a7b88cc73e403826,1670,11eb7be472dbed61bead11f2aab8c7a040cd54bc,8560,27ae6912bb7da57431295ed3fa3f458463eca07f,
E04372,,阪神高速道路株式会社,S100YL67,2026-03-31,7204,2511a7db533245ee5a149d55d9f9fa37009ca156,8970,c0dba54b3a9f065754e575547845bb0f12138a43,1648,37c95c7a132ae2c3751755fce5c07ae397966221,4023,d59bfa848d3bccfc6342e2faac84780fc1dfb329,
E02898,7609,ダイトロン株式会社,S100XUE0,2025-12-31,5973,3f07c9a71b409005f6e438edb36192950b6b741e,3399,a9e003f808fe73f697b4a5cb987c4a68471d0cc1,2228,ee755be86410f46ce61d6186eeef681d663a2dc8,6179,52f0accb14b5a850139a96232b2354cac4a87b75,
E00880,4403,日油株式会社,S100YI3F,2026-03-31,9440,9c3600bbe2b972f96aceda8ad266793029243238,3744,e4445a7b64fa6bb18e8d18e1ff3adf2c90fb11b3,2664,2086c84035a69f36d2aec52866095be9a710d9df,25105,17a31a801f3594b6a634aa9c2d0ae06df955c870,
E00824,4206,アイカ工業株式会社,S100YE8Y,2026-03-31,7674,34a7e10d18c8472a42b70fdb1b2308c7a3594143,8453,9dc9c80d4d4161b3522b55e022e333e58ab308be,2935,b2cf2079d22c30f4bafeb527d0bde3ceb80f143e,7978,44ec56af319a429acd940937a71e9ed7a9dcc356,
E05299,2325,株式会社ＮＪＳ,S100XV5A,2025-12-31,4445,37d021c7b9c4294311caef62a00983e1b018c788,1052,3069918e7959c45666ff85615b34e0a4f3a9bbdd,2682,f7ec9276dd748475c16c501c69b0b31151eb590b,6178,8331302eb03e05bbbfa0f1089c0aceb423c2056f,
E01443,3433,トーカロ株式会社,S100YFML,2026-03-31,9310,33c029b0fc2dd4363b1cb81c8020f576ca961d8b,3474,b602b1d9d4a3bb5bd2568b9169ff74efd3da83dc,3727,c6437a125784aa6f1acb551b6d2e7f247f620481,7723,0744484fd00958c654be3903cdec6fff4ea6adf7,
E31743,7065,ユーピーアール株式会社,S100X6QU,2025-08-31,6961,d7ab5c0d19d9ee462d2b968b1978fdf9d697648a,4777,6d4abd033259df2f234407674dae0c3c2c2b258b,4060,eceeb55543d146646137184754870cdf0168636f,7063,9501588c4a2a5be26d899e7c691b357b57964c04,
E39405,155A,株式会社情報戦略テクノロジー,S100XTWQ,2025-12-31,5457,b474ef5f44b635d6017744c98e98bd57ae801a5c,5812,196322112dd635a33d4e2b36d15d8c4b5ba4e6e6,3816,e6167117063de2250eeea308ae860fffc9c867fc,3236,8408e8fa2e0bccd43cf881f71e5f7e4e5bc59047,
E03554,8334,株式会社　群馬銀行,S100Y8O1,2026-03-31,14856,da525b0689290c02f2d1840373102b181a8165a8,5870,b13dfebea5cccb37a250fe6fdb1aa11cce39e122,9917,8463d11dde8d0ca6ef3d24998119dac33ea18ca7,20574,6e8d7a700da9fc197c497b4160445a09f11a51cc,
E00113,1968,太平電業株式会社,S100YJVV,2026-03-31,7251,f10a53e036343a9a96d19e37c5d19d6584f4cb16,3938,4232c829a01b7d40675cb394c4182778f694f50b,1656,99f9a239859728a53606f51d4479009142f30a82,5332,7a230944ea4b1260e0609bae57aee97eda0d76a2,
E02946,2737,株式会社トーメンデバイス,S100YJQ2,2026-03-31,4219,75a5af744e5a4ac10ae403c57002f7bd56319094,2494,d4968e370fd40fe81fd0496a792710852e97d29f,3699,1261c93fa3210d5d8bbab083fb4f33cc3afcc487,7694,bcf0ecc95f3a904ae8bb7af7d8a1846c3726a22e,
E01650,6457,グローリー株式会社,S100YG4D,2026-03-31,15295,809821f88e2739c2b43f885ac77d75231152a43e,4478,f8b0184ded7926b22265b6ecb1c11a1799541ac2,2619,7955fd5f810b7c07899b559bde3bc9002559e335,9553,6e5fa80a6e26f0b7c7ff9620257d55a34332f34a,
E05694,3850,株式会社エヌ・ティ・ティ・データ・イントラマート,S100YBTF,2026-03-31,5056,9a2cc7a1c30a9207656ccd30bffd8c5c23fab7a2,7649,a780cb284ef11b5be5c1786f5df7f94b2987515f,483,898375e45c8a7f3dcc27e76e1f05e0c027cd43b8,7461,387003103449953cee900bbe4d31157283542313,
E04179,9069,センコーグループホールディングス株式会社,S100YH4R,2026-03-31,6800,46455f9ecce3f4677143c80b46b3a01237fc685c,4484,75a3076d44427d0405174758dd98f788a33e1483,2607,928710cd5665bc2f4ef3e11ce9eedd0a67f229bd,21239,13e2c9857ff60f7ffc327404ae0c41937f0760a1,
E03784,8706,極東証券株式会社,S100YEU4,2026-03-31,9691,7a97ae65d4c17af5d2562ee7d42d96601ca643bb,8313,b02deeb1316ae15ff39b7719cca8ad1eba07f84b,4379,7a1447668a7656f4f1d71e5f21b83fa3e8110c85,6525,de7acff9e48dcb2dfde6be2ebb197341273794bc,
E03967,8869,明和地所株式会社,S100YJF1,2026-03-31,5572,b144bedebb5ae97cb926d766c59a1a4522f21d77,146,b10bbb27115faecc4b63d25434ae5edac99795c4,1336,4deee68219dc4bc4ff963b60e1af6c9558278e54,3602,1776c981ef0120f389cd2cb432e38b579616a76f,
E00204,1914,日本基礎技術株式会社,S100YGM2,2026-03-31,7985,ffe642f81ecda530e6da08b977871c9fc1947faa,1722,1b77a0003ba7c43e10eecd6e3eed5d71c5601144,1016,b1a33c6bee7922a9b7a8d4ecf0215bc60c77ffa1,1480,c65aa972f70ec1e686cbe8866bc2bdd81a155d35,
E00947,4534,持田製薬株式会社,S100YI28,2026-03-31,4304,74761b48bf40c8f76048f6aaca51533e047557d6,3866,1273684769e5220b4d82a67981e35fd2355367d2,2098,1dc50221eb5c77e7d217e28dccd79ad1247282bf,7407,9cc8ef86932674e372bd152b21207f7ac3ffdf9c,
E37959,5129,株式会社ＦＩＸＥＲ,S100X770,2025-08-31,4980,aa21312ba23ce2dd5d44df2fc2d0ef223166814d,8643,0d731fac5e79201ee980c3c1051655cd538aa329,6953,49c88c4f37c7e2a725b705486d085bca5926b13e,1122,5b956257270fe0e00544f94c99d695e07e2e5191,
E00872,3401,帝人株式会社,S100YCMK,2026-03-31,7585,552cd465ab1d253fbaa7441f3125b34ba06907a5,3230,cf62ca6efc4573b64283751e5223ef1ac1492b68,4835,16e28a4177cb6549205f3870220bf0833aaf5e60,13699,305cef645feb3481f574d74a358b07f967c04bbe,
E04091,9009,京成電鉄株式会社,S100YL5Y,2026-03-31,8687,d6aba775c46b534701210eaca5d60575f64ff2c1,2658,1bc8291de883e24d7a9ccee4e7821bd05c81c61b,2827,94e8d63cd7e056c690f0f4a70fad13a2749c1763,2301,46c66820a57cd0df60bdf33671aab3809609d42a,
E01721,6402,兼松エンジニアリング株式会社,S100YD22,2026-03-31,6095,814fe58c263eef2b2ebb47918f47dd3f7bd9ac06,1568,5949e03e0acc184cdd8a8b8b24d30486d901d481,2084,a1bf4257bfb1a43a4f62b631674caa17c8018a4f,2986,3ee5e185ce45da8b79d138e51d48db06f8854a4c,
E00973,4552,ＪＣＲファーマ株式会社,S100YF19,2026-03-31,8080,309b8b01430c2ec00fc2c6545e46f0c50cdb13f9,4876,fcce9e208c9d1a441894b54a6b18f8ef4267cb7d,2817,d8478d5f534dccd7f75de8999baf8e7d2f5d99d2,4964,de5655dff985200d58173daa4c59f5cfbe08de65,
E00095,1822,大豊建設株式会社,S100YI2K,2026-03-31,7536,5aec46dc791a6be19a5875486235de8c923d7578,1590,45d9f1fa7dc9c264b9f39ea6ed35c4b9ef451dec,3145,8427a7ac35d5d3294aa40443ac11c3405b3e482f,1860,7e2341854144955ae2dbcb48c8d3d0b59d4d3568,
E36432,,東京電力リニューアブルパワー株式会社,S100YIPO,2026-03-31,3524,1485a422357deaf392555fdb2cc0891eeb256c04,8672,d3ba807fae154b0c347f397e345695b8ed7166b0,5439,103263ab7224dccbd7368ade86c4b2b1537c3dd2,8536,c89f5919458fcb6067186e4c1e7afb88dccfe3aa,
E04151,,首都圏新都市鉄道株式会社,S100YLFJ,2026-03-31,3577,c6fa3d4f6587da015ae83c4eb4a7457beb6020da,1286,6ba3d08f73e6a1d6069b576925aefd41e7352dde,2032,2e925f42fd203149750d5caa01195b0a4d7fb242,3547,d44ea41fd09c3745533db46b32db7910c4e71c42,
E02123,7003,株式会社三井Ｅ＆Ｓ,S100YKIO,2026-03-31,11248,0cf665c606c261ea0254c4fbb09b52075e379207,3339,e4b3c50e4e2f573035c7a51cea8ff8c78ac717d2,3978,68875f8d33d2801bd67c5ca92e8c157717f13f39,2437,0a8bf7e6de07c71d9b3ee31b780cb1ee9389c56e,
E04105,9045,京阪ホールディングス株式会社,S100YCVR,2026-03-31,10654,a062545f22e4d741059216efc7e579ed0e1f163e,3628,6ea3bcff274ec7f69d0ddffd03a37d9bd19b97d0,2293,e48b8698f62e987e732eed0627a5328bf69b1619,3514,8166bffc068bf567962be1e4c84516f798c33678,
E02168,7272,ヤマハ発動機株式会社,S100XRTH,2025-12-31,11466,87497f1eb27bd384ff2a42d5e74f2dbe16127041,8927,2ec3f1a88db711490576941839ce60039219330d,3472,ebf6a1af70e344bb6cf3d75d23720593a0cf1f94,18899,65abcdf8daca4f2dac02d5a4970d2c84183c1b80,
E00097,1813,株式会社不動テトラ,S100YDLY,2026-03-31,3551,f3160dfdff80af062c5c64eb3c2253a4ed89737b,4039,f8c2025aa416d5d097b0e2d09d59d80ebbd2b07b,3769,00ede1a0e2456ed4054dd8df17bea965f5c1b07f,6590,ea745779d372aad8099235a375e471ff71ebd256,
E31009,6027,弁護士ドットコム株式会社,S100YFWI,2026-03-31,5855,67f65ed1082abaea630778f58a9d27466da1881d,7059,53c1301e897c8b2e9726ed43b649d7b7221620fd,1458,1a128761cada1c095c1a9df8f3a57da84b5c9ec1,1775,888bc4dd28e6160150c7815c4cb33cc63eb8a127,
E00693,7912,大日本印刷株式会社,S100YF74,2026-03-31,9404,01451d5f4149c60b8779ead09cc3f2f7e9e6eb74,17446,a369b586f1a40cdd86df9fa17e663953b530f680,5410,72535cc7ede26e5c480707781336db56fb2ce0de,20938,0cc936cf269896612d45d8e3cbb5d1e239d1048d,
E03622,8418,株式会社山口フィナンシャルグループ,S100YE1V,2026-03-31,19305,e0a9b7780b02d4b27ddca18db4462a65305b44f6,9586,f1fdefb76788d84b2d01ef37535f2e140c2d4138,3691,f80f87cdd72fd9c4368411ca684e208ae0ceaabc,17143,6bd3faec1ab4f2acba49926cc90a6dc5b6633e1f,
E39760,215A,株式会社タイミー,S100YS8Y,2026-04-30,5027,e38b0520e70f31b13d11e4316455ccbc66428587,12394,75bd2f2df3833a9de8c5a43a9a829ef01ca45271,8163,22b455272b650eb9dba353433227933ad4ed2b06,2833,6db38935556a7d25d1cd455cb32a0598a33d3910,
E01905,6951,日本電子株式会社,S100YIDD,2026-03-31,6169,a0256b8e5d62dc032f96d713e50feed4a629fc01,3560,b37b27935493433873acf6d1028206e48ca86625,2103,ac261888eb43a1e5ed1a8ff51322ba4107c71e87,4170,7477aa7174578f0578e4f38545349c7f8dd4a665,
E01645,6490,株式会社ＰＩＬＬＡＲ,S100YD79,2026-03-31,4732,e8e6ec46dea85478b5b0ad3fcc368a8185387fb8,2590,9f139c8e075c15888f1990087d3f293ff0aba5c1,2904,0092a63dbc5f848a79e43613f6021aa2602b85d3,7931,495acc273280e52313da3bb9b771fac39e16b815,
E05462,8793,ＮＥＣキャピタルソリューション株式会社,S100YEUV,2026-03-31,14839,fdd401dbab63462d5c226f42d3c6d21e137d5ea0,6495,a4d85463fe9b2820302f034c868025aed0b81894,3610,27b761fb9bcb4519a44511abe0f59b359390ef68,13659,ff944873a41a221702b8a17ca44c71ecfd91ad81,
E05303,2326,デジタルアーツ株式会社,S100YKKS,2026-03-31,7855,524e44de0368b6e3ed29c6094b7174842807d123,6197,1701085deaef224db330f1ec660fae621322662a,3292,798eccacff73c1805bb49e51fcbbdfc729346974,5161,f66305032c793c600b601e77d803dd434326f837,
E02307,6859,エスペック株式会社,S100YG4Z,2026-03-31,6345,816f953a85946b99fed6e3a88452791d05acba3b,3491,ae4e1c40f908257e84bb4489a1dd3403781e2391,4125,ef67ad97724a8d453545128316443f0dc33b2452,8797,98b9464146ac51459f3ecc5fb2fe90522a69e5a1,
E00331,2264,森永乳業株式会社,S100YIHY,2026-03-31,5752,a914472a2cc0636062a3573b08fe10f9ed50bd5b,5100,fb68341494cfc15fbc751b5cb91f8f3fcc33e5f9,3171,5a5cadd4d3c0fe33b44366f773f57e0dba56ea9a,6877,a1090ca1db69e8c8ca5d055280435800cee48322,
E04473,9424,日本通信株式会社,S100YBU3,2026-03-31,3610,1de70a7cab4a29c92939770e720c2fff0f56b523,14815,19baa36e6ffd0757c18a8260589a9157ab6a0f68,7267,5302e9300258844b334234ceb795b11969e43207,3804,c885987ac01c78905dc9f5a42e9befcdd844c325,
E31024,3452,株式会社ビーロット,S100XTWZ,2025-12-31,7522,3a369b55f3815dac6c619bba1ba1086f0f50d29a,4593,ba476d866011693c214a8e95c27dfe36e830b556,3396,285f976c342d5de502c290162f0d1d8c675470b5,3140,c3784be27b3198fec74afefbe843a43f3347dfd4,
E33039,3983,株式会社オロ,S100XR9Z,2025-12-31,4317,13dda96445cc3182b8acaa19af313c92e1ee7494,3462,519bf0bc13842ba7bbee1fd5bc2b046109374774,3752,1553b2bc288f458ccc97f33fbb328f4ea0810c15,5099,81764bbc295f4460113f28d30646ca16e4bd022f,
E00023,5713,住友金属鉱山株式会社,S100YJ6N,2026-03-31,6610,500045f1f1e211bf13d47c06ed8ec2cae97dceee,6111,93522e0739d5e05430908ff6b15cc5bda01a1a03,4835,3b4b52ee361ab35ae13e6680a5fa8634e5922aa1,15599,04fcd1e5aaa59854618ee3484ce2a59adec31008,
E33519,3996,サインポスト株式会社,S100Y6B0,2026-02-28,7557,03a91e94ca61ba151fc81819d358b06db3a02806,3699,8b12eca39b4843a05c7e3b9ee7eccc82ab8877f4,2878,185b5a848a6fbafadc4b9c6db9feec08fe1a2549,2967,5afe0d189efed57b3173bb69ba7d0eda908e4649,
E03545,8341,株式会社七十七銀行,S100YAM0,2026-03-31,15755,62d75baef5f8f123bb95d8ae6c2d566a1ab2e40f,6086,15605dfdbae2c2d07bc7356697adf5d2062cefdd,2967,53d266a2b2baba14012067b562928df43bb4fc2f,9827,a9a300b1c305ba2154e6cde826094d0edd74c5b9,
E05647,4344,ソースネクスト株式会社,S100XSUV,2025-12-31,6600,5ce435c1a9c52bf155a320ad1467eacdcf9b8ccf,15650,0b6141ee08281d4733ce645eb65ac446d641378c,3397,992bacfcecd02f5c565d09fe7fe2993bf5630024,11932,edfb32d9abd3a637160f525ddfcdaa692809b887,
E02724,9880,イノテック株式会社,S100YJ5D,2026-03-31,6854,291c6c4b82e6b00260c1207dd83f5601bb3d7841,4017,224e527fe6d7d1c6e8807c7215bc9554cead4698,5195,22fe1409a83807059be7a79e22b2d204d477693a,3813,e1f0e670b817a8a25c0569c67b83c1cc074f04e2,
E00185,1938,日本リーテック株式会社,S100YI6M,2026-03-31,10502,23ce644a59f8ebe1a3c9e49b02637d8acc739c9f,3914,06507528f7453d6e0046cbab7b20c061e5a9b067,6265,d70979e6d04dee72f485c2c0079f5f00dc0283c9,7327,22c8ad0ec54a15e2a46ed3368da9f24dd34fa6ec,
E00852,4362,日本精化株式会社,S100YCCG,2026-03-31,4369,931b515b305b0537d04268177cbe21516561d354,4956,a29897d76b527f761e65ce307e0d1f6c25f50711,3534,6e5d00b6fe733909177e18e985c81e40839e78a8,9846,e78bfdab19e4edb13d2f4c7a6b280e630ee310a6,
E00878,4401,株式会社ＡＤＥＫＡ,S100YBCU,2026-03-31,4991,d9357e538692706d1c3ec6f0896f5e3fe8e8efa5,5807,7db2c7887a3dc8dfefdb7ca32fc6858471b705d6,5951,ebac9763a976bffc9c14bd50023b22f503da8d67,11001,34cddff72d2631cb9d30899cf9c0cdcead5f63ed,
E00036,1515,日鉄鉱業株式会社,S100YI8I,2026-03-31,4544,652ed04df4c570238c6ebe11bb1d51c392e36528,7707,29788c1b3d9876fab503afaed6d72ac662b3c019,2948,218e4db193bda98cc6285f1889c0ad44ec0c4935,5976,d00ce0416535c31fbd89cf6a48676abe9a8bac7f,
E02708,9845,株式会社パーカーコーポレーション,S100YJ1T,2026-03-31,7359,f533a6ecff782b35866c064df4706667f081726e,2181,4bac3d81946cd3768038af17e4fa3d87ef694428,1914,2f3fb44ace00428e53f7b60c2dadd4ad1a227797,2080,adf15e64422113073bde12602f7d545a2065b214,
E01842,6823,リオン株式会社,S100YI2O,2026-03-31,4325,0f7e75297c4c6858dac0643c3307864dd9e94c30,2692,b3586bc0f9e9192ec8e7aaacc8f3e556fd44e72a,1023,19411a91c5bca74dfb49de28acd70bd9a5c5a5cf,3998,fb05a9e2900900110cbefc0a6d035ec9b3f80d9e,
E00985,4569,杏林製薬株式会社,S100YDHG,2026-03-31,5257,1143b1aaecffc67ac57221e5c98af8ce149f3788,3971,4f054b6d2b4d95d6d4c874ba51b7b4bf9a792729,2126,3e6fcecf1f379b4eda3b66843be4ff8da56bdeda,5401,da8f902c037f2c2e68033f58bd2c24f49bdc7684,
E03907,8830,住友不動産株式会社,S100YI5D,2026-03-31,6761,a18c926b37e9c454da5437ed1582de0c6f652d65,2798,b1a84132d0a3326f649f699e82ab940efb65bd3c,13380,cd0869b9394aaf1f21f4e6d99963d61aef46ccd6,6446,9f1bb2932aee6fc2dac6c27e46ad29731488ec73,
E41514,554A,株式会社バトンズ,S100YNO3,2026-03-31,3350,d3d61f095685b295858b157cf4663ecfdf2e905c,13317,3979e58e5463d83e335c340f1cdcb30f0145eae3,7363,a36bff3cbf7e06560d63ee47078830c5424863b1,1337,27ba520141cee144285f49dcb24ca8565d45020d,
E00642,3861,王子ホールディングス株式会社,S100YJ8J,2026-03-31,7010,13848aebcd49c3ebf8b8b7b55b96e0fb1743b768,5998,449d632720bbc05dae14f98e9e73f7b6c8a53c8b,8698,68ee185dab93a653626184a615ed88abeb0aa670,15993,e8c336e1af663f9ea9448a83d63a0f1cf31e9403,
E04290,9324,安田倉庫株式会社,S100YEO5,2026-03-31,7220,83e5e1196e115c19cb4b0f39844c55a516d62ef0,1873,6d2c90322b0cb12a53bd6bd48b664ad277c55f85,1859,e0f81abf39ebba4ded1c6cf5ee9a918778e44744,4206,7e0e0099e21c9c3140f49d519d390870674866f8,
E04946,8566,リコーリース株式会社,S100YF3N,2026-03-31,6917,a3ec23a205aea8bf0d851bd8bf5e109ea27d6d85,4353,0e907ec5907ec5efd9a8d8ed53cd53d4fe45a631,4662,e215e97295de9dd6bca4070ffaa4805cacbb4ead,11453,a2601e4614dcdc98d260f3de27b0f37e53943821,
E00369,2201,森永製菓株式会社,S100YHJS,2026-03-31,15460,cf80df5569368f5a19f1d2311c7710eb03db5a01,3222,9a008b8c732eb9dd0edb27f5da9c9f48e190395a,4451,bac2d7a1c123efe6236cd5e15729791480e357aa,21607,10f1c63f1bb1349ad8f27ddfacd794853912b737,
E00105,1827,株式会社ナカノフドー建設,S100YHMT,2026-03-31,7817,71d3e458e2031caef9fdf73d49f8b4c11ee22de4,1029,c14345a5c0b69cd924e3731a1c241fd3f04613ef,915,5a202acb385367f7e130dd1b9253e13f2b267e1e,2895,a1e26e4c90d35be058c69eedf76fdc26ead257e0,
E02404,7956,ピジョン株式会社,S100XS40,2025-12-31,10274,902266c68a0431e69a1d3d922ccaee50ed4bb46d,2514,71a59372bb97934088d1f01a9c2ee4ea5bf95e35,3667,88ee56aa364f9532d3e5540aaa0642d8f846750b,21717,4e117c635b3be19de900cc5e1206e463cbd4d5d0,
E00838,4220,リケンテクノス株式会社,S100Y9PN,2026-03-31,5645,10f80190da4b504d31e123e6d941e4eaa8233740,4132,fdf940e0811b47e5fa4447576ea748eb265707fa,2073,c5fa639c881d01b75f665c19cf19e8809559feb6,6862,18cfd8203e50aecbe82a839d7d086ad04f6e70ea,
E00659,3941,レンゴー株式会社,S100YI9N,2026-03-31,4727,ce38677a4a8d6d00dec75f0bceb3c1a8a424238f,2209,6a6ff01ab4cd6519c6225f294dd3eb2e72e7a0db,3354,e86580557313e9979796d8832fa451dcf223b46e,11242,8bb8562c4ab5a5e639ac1c9703c01d341e2414fe,
E03992,8892,株式会社エスコン,S100YGKW,2026-03-31,6195,bffa07e15d6bc3dcea49dc1435050bd899e2d9e7,7049,efe661695ff5c0a39486c2a53e4b588f4c97fc6c,2436,92b7a6805a6980c38e64dbabcc437d8357efc8a3,12972,a9f7fb4535b9e35181e9a849a0c9ad6738169dc5,
E01628,6246,株式会社テクノスマート,S100YJ0X,2026-03-31,5595,b4c76ef0b04a1a353ef0e64e95591bf61372a6b8,1808,b5d9e0b313e5366663afce18f0bf4df8f5a1b5d0,2646,35a355f63228a9c2642f40809f17111ee522eaf5,4158,ec0b73eaea157ae003f45db3fe32253c0d7d7892,
E00238,1848,株式会社富士ピー・エス,S100YG4M,2026-03-31,13493,f17677d3b7fd3168d736dafa4f7cc4751e16fe15,2896,ecc24b07a850f5a1d43dc61c2c93b59cedb43855,4007,71d0db261ad7935164b77c782cee2ad05044b23c,4680,eb817fc17b13be13a5140b4cf9386710fabec60a,
E35096,4449,株式会社ギフティ,S100XUO8,2025-12-31,4983,a830d96a18597a12c09b8f33c6cbe3f893964e5a,3526,6946344d4e0541cab1ee1afe205e292eee5deea2,2317,3811bd4e8ae3cb8d6d4128b54a8cec0af05dcc2d,4833,665f3475552f0a0aa8fed695e56bf28f19013554,
E04514,9531,東京瓦斯株式会社,S100YH8W,2026-03-31,9747,10f638700b2498e5d886141971e23ef73baa40ec,10681,f4333f1405cb93e0b4df2a5b07a4258789e4d1d2,850,2b5aedb7d16c5fb5ebaa6adbdb8b8c137090e53b,6831,5c4380f6c8f3d14e27b89ddf02fa9b7073c270be,
E03824,,三井住友海上火災保険株式会社,S100YN6S,2026-03-31,12839,cb0af1e773fdeefffdc45fac561cc4bc0d6a5169,6637,cee7992eb70a429d50e60a45a07d93dca4c5a5c4,4117,49cd0b2dd4e5be79b0fba464f4f6c795ee0962bf,29987,65a2538da265ecde8d82b3ee287e538a6cd0230c,sustainability
E04764,9765,株式会社オオバ,S100YY0T,2026-05-31,6464,281c497cda43ecd0cf6408618255f5f556e4efa5,2187,771a098b9951c6f8018b428e5b60ec88459cc91d,3441,cd1b8f1670b0d0c7fdc9d8ec774f3dd9caddd597,2962,f9f66b153d95c96b79f61c00a8d0f4ce3e752cb7,
E41144,472A,株式会社ミラティブ,S100XUI4,2025-12-31,4802,3e016a189dc1448370dd66846e100f600bd2c990,13580,a0b1036c23369140da57a2553369a30f9f03920f,6407,5daf3b05e9040acefbd462bf1b796a5371998fb8,1012,caf16c93399d093a1d0b0ef397d0e17002006f77,
E02560,8051,株式会社山善,S100YBDH,2026-03-31,6636,5b4cb49b8ef9d445fabd4cb24e35b1a3c7cceb4e,5232,7c26974305a300925274f13c41a0ef8e844eb860,1968,01b06890b2998f93f2398477fbba812ac8be105d,5348,f2714d339c76e015d6a06f16d1332b4c70260148,
E00434,2613,株式会社Ｊ－オイルミルズ,S100YFUT,2026-03-31,8401,3c6c164ac8a45d4a1c1201673f9c24583d6332f7,14804,1bdc3033637c4b2e901f128d6d42f7fa1f33fb13,2471,27e858219f6f8de9edafa9ed363c255dcc814171,13840,3adb7f1b87f0820b3e491012d74cfc24ffc6f9cf,
E40299,,いすゞリーシングサービス株式会社,S100YFCY,2026-03-31,3017,19e2fe00ad4b31726047712a4b7ddf6a4d3d2959,2780,4ac6a97a016545c73670576caf0de24ec95c2aee,1205,be93c0d35ac252f06582da2353c64b2b9d0a3977,1269,5b2ef19a14133b4be3359afc23ddda8a9761259a,
E00079,1892,徳倉建設株式会社,S100YKW2,2026-03-31,7463,7128fd0fedb888f9abe836e9661cf35c23af64ef,1819,45be465efcfaa703fcfeeadf9feb5f88c4589e60,1689,4415ea44362bd51be63daf2bc8c8a42850e7054a,2598,14f2e21a197dc13ffe21fd1ed8d80cbc8116956f,
E05091,4762,株式会社エックスネット,S100YKNO,2026-03-31,5971,92075fa2aa135a28e8e91199fec77f31ae932bc0,1896,4659e6fd394e11c69013b6316a0e1f72ded67833,5599,14e9d571a810d9dfa3adbe169f544850e426e96a,6273,8e733cfddbb94e6a8359b289303177bd31ccd72d,
E04873,9651,日本プロセス株式会社,S100WL4H,2025-05-31,7239,edcc7ca3a00207dadc1dc93b5520af36e93bff63,2569,3f3bf44517c6133d9f881084b085946ae4aa4c7e,3203,e97a0bbf971ddc721ef50ac70ab773bdfaee5c80,1785,7a527cad4623ed885859bc8f16885aef2f785547,
E00885,4461,第一工業製薬株式会社,S100YCSC,2026-03-31,6715,0aff991ab90c6555dfb0c2cbad0b7ed521ff268f,3571,0189fe4efaec758a82d9a4573a32597222e484b9,4461,dbf81b825feb18783222c521cae5aa310ae32098,9183,9375dd53a474a176d5cfa1ead3469149bc207532,
E04603,9672,東京都競馬株式会社,S100XTJA,2025-12-31,7869,415011f769de215cc94966983ce2267b93598189,1804,13bca201ecfc73111227b85c8883844b39171916,1840,6b3f2e2050c68ea5a1f2acd36dc44baca2ffe064,13259,a9ce590651be81c98fdd4bc32023a9f3d53f142f,
E35137,4450,株式会社パワーソリューションズ,S100XU6D,2025-12-31,4822,430c6139cc3235c78776356f4f09b544064f95a0,6385,87b4e0ff47535dda09d3cc8672e7a5ba55ba7931,2985,a5465971ad6b5ed859dd9a6928e8ba8893854f58,1391,35721d17a682aaee7b5c2fc2e911294f48ecbc38,
E04511,9534,北海道瓦斯株式会社,S100YGOL,2026-03-31,5220,b48c8232ca7d324dfefcc67aa5a96a30582eb7e4,5056,85d05d22aa4e14c1bed862237a0a9d28ba33106d,3024,d0642f47a6b877c5056aa68ef9a77b59fda39f82,3180,98dcde22778bebab718f0ef354252ae84ef8b191,
E02042,6875,株式会社メガチップス,S100YDEK,2026-03-31,8150,aba7ef173ce1415e0de0304de75a2ed751431b56,4171,7b4eb2fc5fc51dff1221765fa250b748aec24bff,4477,ec087c6f30a7395690a8cea81ad7d4ed02081a41,9725,58cf270bef4ba36d88d44af4a02d1ab5c142d3b1,
E02980,7837,株式会社アールシーコア,S100YDAM,2026-03-31,8790,8000ceeaed5a63a83e01ef4755d8550a5f4f348f,4903,c839b9fe1139fe0c71d79cb6a3edd9a4dd6b0b8b,2588,4428abc25a47e39e05cc1f4dc31960a20fe25cf3,12228,1bd64e839081289a17089c69726b296cb3eb3d31,
E37742,9553,株式会社マイクロアド,S100XBWH,2025-09-30,7328,66998d87e0cc64bd338a49644da03ac11ab5f22b,6146,fe17f082bd067e3e4f4f3288d9a356aa308d9afa,5227,7385c2b063a26eb86e752267a41e9ee30c2087f6,996,6da8925abd7c08da69efd6e3d4f5c095869a77ab,
E04328,9357,名港海運株式会社,S100YL49,2026-03-31,4017,30292a6ca3595a7e9e2b1951bbc8e868c34aadde,3625,b38b9e664d27ecb10c0bffeb74056641d5a53f1d,1182,33e33f01ce4398159a46ee8d1c5a95d76af4183f,1238,8de1fa26007f72ac5ca42d5059b0206877340f17,
E01537,6332,月島ホールディングス株式会社,S100YH1A,2026-03-31,11024,f21bde3fe2bbbe344ace2ad738f4c024f99c3af6,5312,2f2e31fda110ca206ced28153d3b513695d7c3fb,4457,679ab71852c11d96573624b844cee3cf9e6e189c,7329,53eeaf89588cb74a0531d4396206a9358eedc8e6,
E02308,7740,株式会社タムロン,S100XUB4,2025-12-31,6186,2bdfdd17074328bfee6231f547c8b87c2bcf526a,5620,c57d38fa53f93715b121f06b68b18ca04c1d9810,1844,3754b5bc486bab5ea92770c0dd5d4ffaad4cb661,3058,583408cd064b18b257898171aced9fbf1b1e30b6,
E32571,3267,株式会社フィル・カンパニー,S100XMZE,2025-11-30,7772,bd99c12a779228128a991e33ba34df6ef39b2ce0,3730,367e508b0a3d3a90960ad63bcadba587d6285382,3285,6a8cde37c4a68a49ae8b240648b492c90df2564a,4477,cc2455a037e425c0f3d6c4db6c7ffc03566158b1,
E04585,9605,東映株式会社,S100YI7S,2026-03-31,7504,f07d23852d9c196a9a94effedacfadfd5e60e22d,7187,f9d4d5ec63d20b4a43073c26640819bc80a42f13,1760,8ac8806c95cf15c51d37697470f016b7660b95e1,17033,0868dfb2fe2238aba3e1ba4a8dc2eede7f69c623,
E05737,2173,株式会社博展,S100XV33,2025-12-31,2900,ebc8e6a2cff59806a68823590de8f682b3e65d25,2093,81d21e52a6b2ff9086e28f72932c8c55b897068f,1203,4e3fb514974392db09bd0e2c4561f9d960117b7c,6616,140e866429b3dbaef48b75073b195c7f93d9e2da,
E01901,6856,株式会社堀場製作所,S100XSIJ,2025-12-31,4068,3c8fef5204080e4e3aafde6d740f8dc0c1c09ecf,5962,86c4e2687d6db13b44448f44a1b8d74e69c18c4b,4192,0503c9b0b80f655105f690a9591a9e66267ad255,5827,3f654f2caadd6eaae093e1d3c9fafa54fd1bf88d,
E00884,4471,三洋化成工業株式会社,S100YC0P,2026-03-31,7159,e98f5c3b4529b198708c514bbe1ba9d36a31d5fa,4167,fdcdf6b6dec1aa6ead475880b5267d4bc8e46767,3003,5beb8d3a9348ba8e58b7ad6bef8072a4eb0aab53,20928,e9d31d7ee2499c3261cf463f30f9841a0b6716ca,
E00836,4272,日本化薬株式会社,S100YD4R,2026-03-31,5538,94b08348c6e12716b5b3eead338539064c2c8cae,1845,569a582ca7ca7eb9b6afb45b61d2e79147cc4603,3565,947a9b744e8edc13b9bc681b2eabdc7f17826459,15455,f2ffe843d52ba2513a3dd1ddd55524869fad79f7,
E02535,8065,佐藤商事株式会社,S100YFE8,2026-03-31,4819,bf0c2ef2045fa0bc6eeb57ce648d78d1c0deff54,1828,9ca2a0e89987a5b80a71c02903ab0a465a3f78f8,2625,2b381f5d370bc3b0a69f43f4c9386adcfacd1f26,5074,7f69180674430cdd83e4c16b3d1c28e2c4c04f47,
E01019,4951,エステー株式会社,S100YD9M,2026-03-31,6492,3284d5005b3f709b14c2f997571d26947eca5c7f,4767,a189bd69aa488443a364800dde28d2079b568f5b,1807,054d08633a7ffeeee98d78b093d261a8b5e4410e,2977,abe1ec2c498c4721a3db3da77fb41a82daf611ce,
E33880,4382,ＨＥＲＯＺ株式会社,S100YS1Z,2026-04-30,15579,1d793761ea6feff858867b7e50137f1c4c2809db,22301,4ccbe628238622ef28df3ebb0ace25d5ddbd9ace,6587,14b239aca6d1357db2908963aacc989e199a1233,2145,141d5f7ec9d213e9e971391ad3f352da072c474c,
E02851,7510,株式会社たけびし,S100YHGY,2026-03-31,6856,d3047f9efec79db594068289014643ecd9167ef9,1463,1d82d00fe01d5004064213f7f2a207ed916e8af6,1749,a3da7a1007886a207003a3344f75432e9c91df52,3134,7eb744358b368f06b69360fec6730f1f222552a0,
E00792,4088,エア・ウォーター株式会社,S100YTII,2026-03-31,7197,f4af928ae7acbbca3bef3b68da30b72e9678cd61,7344,5adcb52b42729a947260fdaae367d001a2c5ab9d,8490,2d188a1105709693ca3700185f7d202a066e9b07,13350,9462b824fb2a2046a9e8f562df655ad899077e39,
E03563,8359,株式会社八十二長野銀行,S100YAUN,2026-03-31,16469,579f5c7ed2131c6e1dd525c3dceaa7e0daaf292a,5106,8948021bdd280b5b3699d4dd12b830aca144f2b4,7142,4d8a6ff564e9986da9e1b3dd6406172323235e7b,12718,97a13b3188c77a212ae9d215f399109a50ac31cd,
E01546,6378,木村化工機株式会社,S100YF9Q,2026-03-31,5608,67ed8c324cc26168cf18754003591df610612e86,2436,6fe27912756a1d4d57f52512ca1f3a41d27c3365,1753,1924bb78dffcb9f8924d9aa008ebb2a6c18b4655,5805,45b5d49e72d0599d17849c1848662bbdffd63e37,
E01077,5011,ニチレキグループ株式会社,S100YE06,2026-03-31,5392,1df1a3274de5dcc50eaa5a61c47c999987209019,1982,26ec5c58206b297125660dedfb8927951f0a5f51,2717,9b5e7e94c3c5ee61cfeff7597c8769c977ec7bc4,1833,ba936428f34edc41542d4a79ce0bb62c6d3ff973,
E05232,4318,株式会社クイック,S100YF5Z,2026-03-31,8833,25bd70e48d93513bf0df4a15ff37fd897b0a5d0c,7184,1e63e28e5528ff10dbb94871813b66de674a0c46,4123,585b25db26eaf2d011b3189f92133f31cd262b2e,4248,577cb3aac3b541afd3f08f63dcc20880cd284dbc,
E01544,6365,株式会社電業社機械製作所,S100YI72,2026-03-31,6008,10ef61b38bbe49215f4f6f0a22ad9caa050e12b2,2341,088eaacc4c72c1f9f32ea25bfc84ab14d1d3638f,1209,2f37157c93bd0f8b7e34a24fa4bc92e9f6efa2f3,3180,5060c7232fd0b3a7ae94674e187b1368c558887e,
E00233,1904,大成温調株式会社,S100YIC7,2026-03-31,6829,23705c53eb5218712724605eca345349f0192f2e,2244,dbdaa792e6bf6e90f8ee2758b9a53e5e783c2eb0,1524,3663e3bc627b73d8b0254d21a9bacc7abae8c905,6683,f088618a5e64778118b4ca6479bba5065cc27137,
E36107,4168,株式会社ヤプリ,S100XVB7,2025-12-31,4812,a7ff26a3d46db4d600989f28b433970035b892aa,5903,ce72ac061fc893024f44eaa45c245e571ed8ed93,7187,21a3a63cbe1212cca72cad21741964ba40d92f75,2723,c66ca232567cad64384682f5d8cd0642961cc5b0,
E00435,2801,キッコーマン株式会社,S100YE5V,2026-03-31,10100,49c1a1e9b622a345ad1d9e80e8bed1ff38a3e306,4448,f3545c2be34ce933591520aede1263e9457f923e,2021,7cf7d628e1bc4197d022f81497138bac99f21979,14079,7acb7d3f735741ff2db9bdb601987b908144b2d1,
E01714,6328,荏原実業株式会社,S100XPJL,2025-12-31,6504,1c4fa514669e3c8e1e3fefa8fea0c1aca26a78e6,3798,c4bcf24cf595f7a06db515acfa471b707d206f20,2296,2daac8624b0956b89b26ea7164b8d2081905c72c,6188,2d2b7dada128caa4f1bbf4b05fb125fe31c165aa,
E01055,4972,綜研化学株式会社,S100YFCG,2026-03-31,5648,3acf4bd9709eb973c3e2b6ea8e1fdf4eb0ba5493,3309,8c1d9dbe31b1955dd052f84f3ecb0415a2c52752,1759,a45047ef21c79a0b5176ba972efe971282786dd7,1518,90e22b84ffe6f52ad5fb1a2b826785031f101c19,
E00439,2053,中部飼料株式会社,S100YF88,2026-03-31,3636,da2a38d3e86db7416e6b75172e783ff53751be11,1989,73ef98fd348f89c8144cd0fda5ba4aa8dad4f21c,1968,62dfc1bc5abbdee67702c236b21263d238ba01d1,6022,7cda494e2aac05be641156f2b96abbcdc00e7323,
E00821,4205,日本ゼオン株式会社,S100YJ12,2026-03-31,6321,d573a24c10ae224f073eb3ce9477b6d1e6d9a316,4650,d49994f9e98750011d33a447a983c8c352d0e4d4,1929,90223d691b86ad3d7b680e431d4bd903129a6db2,15181,de6b807ae3b1239647b760e3a7c4d35f19884f49,
E00876,3405,株式会社クラレ,S100XSSZ,2025-12-31,5614,19312798ed673e6add6f6fa02c46b5f212b8fc51,5616,2f82bd454bec206dd00cb1f8fdbdd7fd61b5d43f,778,456a1f1c095bcff5e169026631381d9d0ead497d,10959,d81a7ec5c96860dbcbf69134a8c82fa81e642ee3,
E05045,4732,株式会社ユー・エス・エス,S100YGIC,2026-03-31,7161,62bd312f1e72b8e17d338afabcb29ef05878ded1,3441,676323dc1cbdb362a22ebf0cbe28dc0f0c3c90f3,2110,768eb1de645125bf2eb62a8e40801c7d9eba3b1a,9510,12bb022bf0465f7d8f40de987f2d715a4ca104df,
E30877,3692,株式会社ＦＦＲＩセキュリティ,S100YKWG,2026-03-31,6211,c8eed72bcccdff45b39e6e6dbcdba27a9454eac4,3567,ad016cd1e61ea3001e271357a3ac8a8015b2f7bd,2928,248200027f4359a90328de51ea87303d1d5029fd,1579,b2219d1b2f55e58041ccc89accb7ebc710674ec9,
E02124,7004,カナデビア株式会社,S100YGOR,2026-03-31,5668,6841d1cb03ccaf60eaf6dec4fce23be35026868c,9354,0f5df86477bfff2e9617be0cf3d7e63420f13794,4568,38084ed044fa583196e49cd6ea9d1f7e8dd10972,8792,ed3e89d629551e68b625649b323f09e878317a38,
E01935,6952,カシオ計算機株式会社,S100YJ1H,2026-03-31,5094,49680a7a873680ee89fb20c3d261a647ae532884,4495,f839b48f35e0d171fd0cd812e467452afa22f67d,2576,03f1f7e0ce462d52785a7eea7b2712fa13a4fe14,6068,cb4bd3810d2ed712f448b9aaea51f80c2b5f0c37,
E00472,2902,太陽化学株式会社,S100YD3Q,2026-03-31,7662,8bf5cbeaf7f0e3833fc0cd597e78af84b5f4dccb,3957,a4f42051f505e4e20fa1a9a8f52623e6062e02cc,2369,d6c7967f9bed1d562da869d0a0008b492bcc0b2d,7721,b4a90e57c8eaa159e1ec1d1e2573043c28b7f26a,
E01495,6134,株式会社ＦＵＪＩ,S100YKAW,2026-03-31,5540,fd3bc76834788f50f230ddc68f1b938bc38d3dfb,2967,fba66b86388e586d32358c745e9c0d04550fad29,2119,62c3ad1804d2a9e805c12a658363c656c2b204d8,3534,31e2d4167fea5dc47de881510bb5b81fd5e4f648,
E02410,6413,理想科学工業株式会社,S100YE4Y,2026-03-31,7404,5c9e80efdeb02b99ec63f22307dba606c3bd9434,5237,3cfd6ec1f09beee79d3684db0232879814fc9967,342,6becd41f59784d58873fe00099c250f5d98d57fa,4654,3c073bdda4813f7b0bff3b62c35f1c77e6681df1,
E01740,6504,富士電機株式会社,S100YEEB,2026-03-31,9007,3b5cf06c6c8b24d020db14ae0548ad51d6294d47,4959,cf3862defde95d3cee80c30727bdd596ba9cdf03,2895,7b6a0fbac947f8c81a0ef26fae30b783e72d1ab7,4262,c181d2174db9fd14159e268b2fad819bba32a843,
E04321,9351,東洋埠頭株式会社,S100YELE,2026-03-31,7472,f1e23e361ea775d2d70581dae52fea5d60e9e780,2997,a1c4aa348dd82a87e55004b6ae19595460648668,3010,baa2a9409b0a60a6e8876b674bd267a8d88814b1,2483,ab385f37b21a6a550fe589cf98f6fb2c5356d7df,
E04987,4673,川崎地質株式会社,S100XN3U,2025-11-30,5596,3b745458c42c2e5b105eafd8222dedb9505bbdcb,437,9c6f98f1cc3cd4f734e0152079061479166bec1c,3753,c4348bc5074f439476b77b93e93598743c383f16,1031,39c2b07c91d555b538a46121d24307077d11bdaf,
E02510,8032,日本紙パルプ商事株式会社,S100YF3W,2026-03-31,8522,c9d434bea8e72d8200fac409ffe278781eaa8f84,13491,aa715588406f186977a8b732b66ca5b916cf1005,5182,12ab9fc856a06449c3ce3424f0ddb1a9b67a7ca4,10678,41ae03b4a8395454c48b4c149a06f21246ed5fb8,
E41486,519A,株式会社ベーシック,S100XVIQ,2025-12-31,4487,8fee42b31470783eee4d41badfd30f4d35d99a1d,5908,06e0f8522c3418007387d7d01809c7f1b2c5df70,5318,7d5fc7829f42654c6d9e53eb8851eb09c38dd3d8,1376,a2e611c18799a57f96ba9ea9d2a40269ced1ca69,
E03468,3397,株式会社トリドールホールディングス,S100YDW4,2026-03-31,8409,c07a8afeb1cea189d0b6e8115f2febf5f6da131b,7197,ccba3333a1526edf0f3b9d233478002c91de9e24,2879,3549d6ce43cdb0b77c5c6905e7505c0ab7ed7153,5088,994c4dda4d7ab2914a7b4cfaea8653eeacb32572,
E01536,6331,三菱化工機株式会社,S100YK3Y,2026-03-31,7058,920454f1d0dcbdb1d17d5c86a6035e9608539108,3752,cb8c726168091ea3d2ea48e7dd0beee301d4fa39,4622,53e50efe2d81747b5bbb45159bfbbac78a26a625,14123,457423b85ca7e8a5fbfbbd4d5ad60407f9eaac9a,
E05466,3763,株式会社プロシップ,S100YD0F,2026-03-31,5883,c0f5bac43c23b178ab4ebd55b7e2fbbaecba5255,3219,1dfb94687106d9093aa99f8b36024721726edc8c,2526,3a3d007d2de0770f6d3e62346ec8a04378bed480,2397,862ebbe40f7c2ff732320bad408213ec3d18a2a2,
E01930,6144,西部電機株式会社,S100YLBS,2026-03-31,5268,59cf1062e3f7ab313c6ca8523dce166b097f987c,2372,48f0ada03d8b9c627051b143ba3f8ac788fac7e0,2188,1fccd823b579827f023ed3287973f27e2a645289,4852,6393c1c3c3dccff195f5c48eec4f7c57b1d6319f,
E01183,7979,株式会社松風,S100YGMA,2026-03-31,4674,c698753dcfc7132f65d1c3f18fc9600487da59d5,3219,8a9d2ebcc30f29b079595eeb527a02d03828f865,2409,15fc54a5726f2ebb9c259768015e43d7e77aefd0,6393,c6406883d27e114575e78ff93d7386df4ca07a09,
E02869,7552,株式会社ハピネット,S100YCH4,2026-03-31,4945,88032ccb979f8ff20a2474d40c7eaf7add5da9a4,4577,89af1be709365a0d8c8f83e48c955bc13b20716f,3072,6f88835012d5768095d1d90a18cbb663d56f5bba,5947,34fff88ca9244dbffb8ac8e6ce5615a3c28dae1b,
E36091,6612,バルミューダ株式会社,S100XTCP,2025-12-31,5414,8059d6c51fd85471b9f6c9fb8df6439bf6c182f6,5469,9404e534ea0afc313402bcba6f53e189330c5b60,2954,a29c5b02a8da29e6a3ccf1f35966624eadcba3e4,4338,cea57e0dd891f9919dc98c0574c51a5e7d530c1b,
E05678,3844,コムチュア株式会社,S100YL64,2026-03-31,5399,8274fb11da051e4705ec73c5ca5ab9ef6b1ebbd5,5242,e20323a3db6b4c706333f94bf16abd78ec249741,1436,73686b009a7667b24b72ea6d1862d8621f3e449c,2560,e19e159172ef0957ad7fd9c145d1569a33a4d9b4,
E00032,5715,古河機械金属株式会社,S100YIDC,2026-03-31,14810,4a2258896a56c6280ce321a335ee0d29ebbdebd1,4226,6f128dc4fe0a8000a995860d02fe1231df6b48a9,11643,b54d203233a7904a8ef73676e81ef7f95b13cbe5,9970,a7cf78e484af0e5121809769a29d817030c3fa81,
E32687,6535,株式会社アイモバイル,S100WW4T,2025-07-31,6029,57a52621dab58661c74e59cc7227851445d15a96,4801,35043c8fc4397ad571dbfd3136f73f024f9a5968,2814,db33282dd3ff7359c47876eb5010e2f1532e7f44,3715,14c6ed952ddd354d82067f04b4104169ba9a9ca9,
E00768,4043,株式会社トクヤマ,S100YDQ3,2026-03-31,7042,9688747686395447cb3b8e7354a93e3319418610,10016,25a141b2fb86abca311f11da5509f79dda16867b,4151,0d95ea5fc28007bb364e055be02c5208490debe9,23817,0043879e877a79a994738eebb11119512dd66cb5,
E04582,9601,松竹株式会社,S100Y66K,2026-02-28,7945,807e87342afc2851daf946a1ac7b818c1a5d9f82,3165,c9bd78ac06a2c3e7bf2cf6706b8690c621b54022,1837,143727abff19eee48caefce96249759ac28ffd95,2723,c5b21e287a161035f25ecb04914834f0ea7a1980,
E02271,7731,株式会社ニコン,S100YKBP,2026-03-31,6247,bfe6c17e945e969c594ae58a497750dbff3d0364,7867,21864e8c4b375bf3601c76a5f6913e6a2b5d28e2,2556,43cc4bef8fe58c0f462180214aca08548cce1280,23162,ff92dd7456db23ebdaeed131f763ee2ca1c2e0b1,
E38043,5243,ｎｏｔｅ株式会社,S100XMWX,2025-11-30,5732,975b4a2c149388eff084628ff7894da3ffd14181,9927,b9bb999ca59528c144d9d2914b3152395f9e8d11,6293,1a2c28a8a063f2d7052ed2ea44240f5f33437123,5907,3731510c6a6c5419e576276d5a7ad8bf7b714059,
E02812,3153,八洲電機株式会社,S100YE8H,2026-03-31,4953,9676a94c779db0a1ca5b012c85ebc6d7fbe23520,5619,9e1c1d6428a3faae7ac19b97afc6ec61e1314f83,3562,18fa7e083cca733a9333837984a312e700a1637e,3383,5b11c3d20adc802c370f749a47b26b31572122a0,
E00937,4997,日本農薬株式会社,S100YATP,2026-03-31,7708,830a633731d33b80ee89697c344a74018ba7180a,2089,8b039eab0747edb35e1f5358d433076d1e4405d7,3520,e6001384c0252869aa4afe67dc62c92e10f0e01c,8517,ab9f1a3527982a63d8960dccc69b795da12b90e4,
E03641,8544,株式会社　京葉銀行,S100YBD2,2026-03-31,13589,9cb8a2c704e76e8cd044fcc2000a817ee2f8e3f0,6236,fdf4ab21e1401b909cfe885970641d0bf5e03b05,1589,0139915c1a3b314ef8d552ab9c495d47102dc8e0,11708,97c3d482203053b1d18ad99ddc488ad719b694f0,
E00356,2109,ＤＭ三井製糖株式会社,S100YCZI,2026-03-31,6619,a1ca78938d9d8eef96cde28beb7bff5b4fca697f,3844,36de24d5fdd383f45ed8ff095dcf9d6d5250fd1f,3455,8498bd8b9d4f907b7bfb1bd3fd740f3ed0ef5251,16369,348b83d69111e8d23025571b380ced43c73dcfca,
E01953,6963,ローム株式会社,S100YF41,2026-03-31,7107,d7a637313cf5d7936d130eedbe8c37a5ff0652fc,13323,bd1b1a5ecaeb323ddcc04d6fa9344a926fdb67d5,1184,c2359189c39452eb85d1c56bb03817a8a5ba6093,23170,15ec9ea725bc497693540b11f0cfa2b831538059,
E02547,3023,ラサ商事株式会社,S100YJIY,2026-03-31,5152,cc7253ebc277fadd33c0f277c8b92ffca2f6ad54,4090,e515989f3994d42241ba93be58fca4fab870d48f,4478,13470b0559d27fe7ecfe3a70a9a19c39f24f83c3,4788,4ed652a8eac8211d3ef752cca3261331b47a798c,
E00961,4549,栄研化学株式会社,S100YD7R,2026-03-31,6644,28761c348a253a866fcd2cfd4e821e08a1f92296,3011,9ddbc05357be04c2a7a7342bddf644a2c0a3abe9,4641,88ad5afc754c745959a63e8ca1ead87133371ae5,9407,c57107db43595439843a6d93737c2d91b1ca1af8,
E03575,8366,株式会社滋賀銀行,S100YBKA,2026-03-31,16127,734432984ade36a3791f617a687340247aabec6a,7682,62fa63080f1b3a4cb80a3e41a8b83a367c646ca2,4068,85b67faa2a6046e46b225348cd4a432c6e239b08,12643,b34a8cc9b5d80797c9b5e42e914c8ed292e0bfa1,
E02900,7613,シークス株式会社,S100XUJ0,2025-12-31,6852,d87030ff9ae17bf77f40ef99cd85469234c17889,5170,0dd19cbf9d2c1d2783f46b0b5cd3d7f9f8abd6b3,1762,300b56c5066207a9f96b8aa525167a9fdf2756e2,6358,72a27c680404f65c3125953aba092018b191ba8c,
E01873,6724,セイコーエプソン株式会社,S100YJ6A,2026-03-31,5940,cfa000926148c453e062da89eb755abc054fa200,11212,fd5065bb9bbfb3ca53bb6b375cbb8a76d1408555,5523,5d9def896eaf50ce9287e92c006df05b6d946223,28674,a4e8e2aa3593361379d088671c2a5e70a9c93b53,
E35632,4499,株式会社Ｓｐｅｅｅ,S100XC4C,2025-09-30,5558,5f0fbead6013b0805250e0b388240ffba308be6d,5987,0660f79db41e68cc45c4c8858201c3e1e2f9184a,2701,6ef0ae9c01d72fa1832d97bb888d5ddb915feca7,3652,219093f79d627d78c24d246fae2164cf37a47a02,
E00144,,松尾建設株式会社,S100YHNJ,2026-03-31,6396,d1d24a8a2d4bed3cc7f5b3a40f9050cf4d050148,1072,c708616e752df2ef98fd8ea9524f3471e9eb171f,2236,63c4a65d2842783cf86eb087056ba5d5987565fa,2567,73caabf0b5a84e4b910229ea3951d7138367577e,
E01268,5602,株式会社栗本鐵工所,S100YDW9,2026-03-31,6964,b70aca6c57b60b0ec069831c37370c4641d80b52,1928,c766bb7fb8c244296725d95fa15305b97fdae909,3480,e597c2c26098461ec0c06b9861713b41c52c5b37,11445,23feb04c692b74a396be76a0268f23c56c01788e,
E04148,9021,西日本旅客鉄道株式会社,S100YCFK,2026-03-31,9000,6cc7567540ab08fc19eef0f6f02fb86dbc828edd,9483,fcddd3b29e9a3c0c7e8c4046af2972edb4df0fae,4373,18cfb5fc27b529c455b001cad8478c8dbe61c351,9984,7da1b243e91b1b52d8d34e1b8a0e18c144f13ff7,
E00974,4553,東和薬品株式会社,S100YFVM,2026-03-31,7066,f87962ed56e90a7135cada46829124b4715b9e9a,4590,7e1dfa31af19798ff76ebf638ed713becf95bf13,5796,8e36205d95a21f4675b7f30762b7e7ee7e7bec5d,6921,3bcb43f4e9a42162b8d73c8606efcae32404b6a0,
E05480,3774,株式会社インターネットイニシアティブ,S100YHYH,2026-03-31,14105,d5dfe0c06db2d9fbfddae5bf662e5025696ef407,24816,15e6ac8351d65b8351b82d4a051d6df5ca282da8,1936,ac441777238a6b8ea3591e19d4f261670a6b1e6e,5451,50af6cf2c5e6f604470b5ca07570926bce23c613,
E01164,7995,株式会社バルカー,S100YC38,2026-03-31,6486,251e4a39e139f1fc0d3e69a172a5022b2ded30c3,5435,8563c5091c1beca7a1849d768db162ce868d507e,2622,c6a51cddff7a9b36bbe82b5f5c3f5e0b86ade551,5911,1531e82a44dd6c5645c125597871f80d564aede3,
E04384,,信越放送株式会社,S100YIFJ,2026-03-31,8252,79eeec79b90074a48c49cc4a7f14b045a7901a39,2477,dcab8d3425239ee04a4b71563c6cf1c6db98fabf,1547,1b3895c5df36ee7c3522ba3df311796e52096b67,3932,ac7e603dc71f3fcc1745b60a8b06960a9b6a2316,
E01292,5445,東京鐵鋼株式会社,S100YJ6R,2026-03-31,5083,eb8747548362e0b215ed66641afd880bf0d70529,661,bc9da70cfd20559c6a4d4db05707dd2fa0519f5d,1425,0e2c96dccbf05bbeb6b0a25eac376076727cb548,2259,5377093341a1c70b2c46066f27aac22d15fb66e1,
E30728,2060,フィード・ワン株式会社,S100YC1Q,2026-03-31,6945,2b1672bbe45642792cf193f5263fd38de99be03a,2991,d2204b2aaff3d431e7ee3d08a48e472e4650b19e,2472,1c6d31b372f763fe1cc4d2cc3a8b24127eca135a,9094,f2b38065498c0dde5cbba3f260c5259b3f32dfac,
E04516,9543,静岡ガス株式会社,S100XTDX,2025-12-31,4811,2c0763578c1f228d4786a06871976c8c11db2f64,4415,614c3ed2ed01291d931249a82f7e9ebecdc7a16d,2171,2030bca8dc96fe520422594bd9202c90a814f80a,3129,d2d5641cf13b5eec5aa4692d0ff8d4bf74d068dd,
E01235,5410,合同製鐵株式会社,S100YCUF,2026-03-31,3218,e532b7ed03819b9ce5c1df5c51976dc4b766f18f,3556,c909c2b63bf5fb189f259812f342445fee7cbcdd,1908,0bb82f42b8ec8748ac9945d591017fc5ac383aeb,3506,4c138573e8812427ffa0b435f751af1fa941a2ad,
E00161,1976,明星工業株式会社,S100YFOI,2026-03-31,6215,8e7b752bcda866a3cb7316680ee1594da1278cfc,1800,bed483f3ebbdb0aa2b9aa7104710c32e4c3d9afe,3412,d754dca72489b10fb19ba258cbaca9deeca4c994,4603,da923591a1f02cab851cd515b2c0356da834fcbf,
E00345,2001,株式会社ニップン,S100YIC9,2026-03-31,6016,f5e62acc8ea9e0632b8f0e4f252f1368bc6c8683,5453,a1b4df3013bb5db38d795e80598f3e202fc919f2,6211,86b94b27332dbed4cf3f0aef5c8569e145b7ba69,6603,29525c150f7a19d52378e46de4d9ff152a182fea,
E35827,4053,株式会社Ｓｕｎ　Ａｓｔｅｒｉｓｋ,S100XTX9,2025-12-31,5037,2b896bb538aa4d39ff1498336e4eafcc67cebc3d,10181,8e295884a4717f8e7f4361d69a692156547d6de3,3333,b339a1e6d63337c2af783cdbede1553df056c8f3,10782,2db9829473d6faa09c21f158c139adeaf4b9b9b1,
E38722,387A,フラー株式会社,S100WQUS,2025-06-30,4416,fa783609c584f14bdeda6a2e7532e59f82666d45,7491,0774dc49322cd40aefb1868d25ffa8c06e6fe62d,4252,abdc814eb4726b3af9386bcca7f236872519cb15,1299,9d8b150dbe026f834eef3069cd6b188d586a309e,
E02686,4956,コニシ株式会社,S100YC07,2026-03-31,6542,85504f95017d905f91afca14173d327369ac3164,2081,59251d737f06fe0a526660eec2be3a3f01185ae4,1857,03c693615bda7b56d07294e131d8ab5437a1e9d1,6496,d0807e4a66cb920ec3061b3cea3594980632952a,
E00905,4633,サカタインクス株式会社,S100XSP9,2025-12-31,7474,16cb5da573a16fb97c6e2203961e82234dd57b32,7909,c2be35bd4082f412dc9de42a04e929d4c5fae51c,4453,81ea75a1940ab7ecb53bb96084d5e6ebd31a146b,10218,00288f7770da3e1a2a2f7e249ead701587232c82,
E05173,4832,ＪＦＥシステムズ株式会社,S100YCWP,2026-03-31,5134,57005a39e5a64d6adb2085e190d93f45c7337c00,1456,7a856d5d672eecaf3e9f9908b07eb7a9b0edd23d,5288,7a2a16d21d477a78f6672d8da4cb66f3d8c2ab38,5814,1a943c20ad557d25ed4ca778c89292f9a62c01f8,
E03574,8368,株式会社　百五銀行,S100YBNQ,2026-03-31,16763,b45cf1892721ab1bccc8676ae3cd5cbe78018609,6504,8397c4224685d1fde61e18574967ccf18165ca59,2299,1e59d19735f7633f10ac32d6fd56e1cbaecd7835,6194,87da55914de0d146728a41d16359610b56061bbd,
E00015,1333,Ｕｍｉｏｓ株式会社,S100YCK1,2026-03-31,12827,89d1b90f2c77b55468d98d585f0b0b4473aa2b0a,2420,85a034ab7e75bdd8701556a7ef0b5de4d3c45a32,3369,e982b02572073f63525895720755d34a5e970a7b,20556,5bf6f692de8cd257c74f4185456dfbb470313a5e,
E01593,7259,株式会社アイシン,S100YAWO,2026-03-31,5766,99a5c03c8f35771aa5c9edb9d10e2647cf017015,13568,ce3cb2644ba3d53183dc54691fe15f6e00de4cad,1862,846fea97d217b7cab0aac203f0c0dd08b06c73ea,5708,06f9ebaad565a1af64b40ecf2e53df088f798579,
E05116,4776,サイボウズ株式会社,S100XUKS,2025-12-31,6865,2132fb2f68b8552afd3fbbdfaf76cdef2217577e,4020,4808733a8ef294167b38ed3f59eb75e6c33c2ff4,2188,0f3a50d83b969d8b1bf7c0c3a76d3bf8ec701330,3205,4e5cfb0c9734ee7be5179cf5d0c11bdac3c2aebc,
E01372,6306,日工株式会社,S100YH1J,2026-03-31,7472,311152dc4c60a8b4311e93ce3440ad4b9150cd54,2427,21773dec22cb75ed4c97761ee96ff35d7be9afea,4685,9228d38efccbafe9611aead1ce29e82f6916d19e,5314,5c34b5e57aca9e8cb3726c6b46aeaf9b810c41e4,
E35790,7353,ＫＩＹＯラーニング株式会社,S100XSRQ,2025-12-31,7133,e54bf04e8568cb9d751f5f15ee25ef31bbd49afa,5077,143663ab7933215f75f07485f7f6216767b615cd,4059,0272e22a25fb3932eb9970a818acc5885fc48326,1236,f54f69c812349979c0ff6492b7e661344e990700,
E00670,7984,コクヨ株式会社,S100XUE1,2025-12-31,5596,7f83d83cf99ed06294a39727321fe62daf0eda9a,9518,c40f00ccec01b6e56f75505daa6faa6797cff7b0,3128,a3e6b2b414e379c3a33644344a1158b6ccdd1a2b,15300,ed8ab3610cbcf64091e92a1f348bb0504232ed08,
E36795,4370,モビルス株式会社,S100X6MF,2025-08-31,3163,7fa841b0629a049a51b88561d47e9242eb8facd2,5268,93a1985121d662c1653bd3ced9742fa6b4d7e1eb,7295,6f1252d708aaebbfa8b98c7afc01fbee2b55cb26,1138,d9e8800e09d8d803dcf2187aa5d8ff891581993f,
E32794,3979,株式会社うるる,S100YJOL,2026-03-31,9630,fa543065124a86d1efd4e56842343c679fd2c9d8,7848,3c04581c928419e18d98ae598933796f5b43f7f4,3907,f2e40780417931404eb1e7aa9aca635f02d98976,5427,05b87a6fc27f301eba3e81f6a234a6d8f9f21b1d,
E03497,3064,株式会社ＭｏｎｏｔａＲＯ,S100XSYP,2025-12-31,3154,11bd4558e77b87f4ed9721887bda6ea86b3cae6f,7281,169f41199f9b0aa8f71906f085ca922831543d8b,3369,8874cc023a0902eb93b158f5cc47192bfc21bbac,9571,cf0c699c1a4f40fc7675df5bc5da4f91dc0f3377,
E05219,4301,株式会社アミューズ,S100YBX4,2026-03-31,7847,e94bade8a82c48fd1b627d2ec0cb4c1cdec3258f,5362,22cbe96354fdf3c80bf9ddc649341973f8968aef,3646,bdc79b2902724278e2bbc72ab2a2f224c5059c41,7666,5edc597d0c00d936bfdc0cb40b3f752493915b0b,
E01744,6508,株式会社明電舎,S100YIHP,2026-03-31,8518,49d986263d1f0635c77164350d15a068d7117798,8272,b254a65db1fed25d3287d56b48a0ae6b982d4ef5,5542,5487d1159da38622589946dee29b9400d302a4cb,9485,3c0d881ffacc45a4a942168ad5e022b9f66004ea,
E01673,6273,ＳＭＣ株式会社,S100YLC6,2026-03-31,4939,2d27f04856e36ae51fb804a75ba50cc879d76a9e,2872,dc77a043a42d1cd733422bf57e257c96dca403f3,4404,c10666e527a2aa0a206a46ad59bcbb91d79c29e6,22801,1ebbc99b77bed5b51497de7d380f66b88a60cf35,
E00989,4902,コニカミノルタ株式会社,S100YB93,2026-03-31,9727,98eb7d7b3137fc1a5bbffd6327c2a571772d5c13,24578,15bddf9b9ffbaae08bf31682e52639269e0bb8ae,4842,466abbd28672c3cfb39d07aee026fc9157c00563,25795,a9af5337dd58d932784ae22003e00a3d42f7bc1c,
E00828,4996,クミアイ化学工業株式会社,S100XH23,2025-10-31,7159,7b76696c3a23c8525fdbd7af8cf4ed0b5fff76be,11043,164e75e599015d910e67f0d8cf8de4e7e45559d7,4525,799ad033939dd77e9eb83d77f04539425d08e939,6246,a4a5d3ab010652a9dce0412ab21acefc83a65ea6,
E37468,5079,株式会社ノバック,S100YSTZ,2026-04-30,6028,9f70632822ce49ba120381f8483016f59edb1d19,3884,aabc0c5bc1fe413f4d3401bb115bc841563aa450,3408,363dc64351db66c69836c31c17b4d0059568075d,4099,30c070ff59e5d1d468fd070b060bd290934c5e3a,
E05699,3853,アステリア株式会社,S100YGH9,2026-03-31,5690,c307f5930a1d99c76c3255466f0b0bb9b19e1ff6,2687,ae53bea43fc3fdd4044b083dc125c9f762e09250,4676,4e11de29a465381e274af38bc1f5cd0eec392c9c,2584,95d3d0cd9ab6ce7e1e726cf9dac4aef1393b37ef,
E01682,6284,日精エー・エス・ビー機械株式会社,S100XB87,2025-09-30,6635,727a2712bf70cfaafca08d75cad503e51f04ae1f,2537,d872815e6508a192e1695c1fda01f56b581e2e50,3883,48b2068989f2116b84723fa84918cf115ed35e81,4735,5481fc50095fc9093b7984bc11ba019904b96bd9,
E05563,3031,株式会社ラクーンホールディングス,S100YRIV,2026-04-30,6257,d822b327a0c30e5af972d1f8c6a2d4f8c80ac049,5764,5d752a99938f551eabba8379e1d762b636882a40,4229,2ef2ec6937b6d341588ea243d193879f1af42056,2962,7d6d6727fbfebc6fe79544f096efdbe22c2f37b9,
E00948,4559,ゼリア新薬工業株式会社,S100YKC2,2026-03-31,5480,b63dc1fcd6e8eabf83171c54922eac122b60b5e6,3527,5446a487dba45ab5b761dfe5df0d3ef355adf27d,2502,06b6d077c1ed46f89fcfcdadf8c787259bdab2c5,5979,e4ef3915609ee1090ecd2f0d24e6be8cc259fcf9,
E04092,9008,京王電鉄株式会社,S100YF0G,2026-03-31,6610,b3fe69c10a87f87b547d6a3efda1ca1ce43ecd8f,3568,15f793cc3f97aa2002464974c0527a8a4240d973,1508,449623459c8c0020793949dd61a159f3ba7ee3ae,5615,7a1036c7047b7e27e798f9166b5eab5983995b8f,
E25648,2117,ウェルネオシュガー株式会社,S100YIPK,2026-03-31,6132,59760c3691d46f312a604d1d04091ed4a40b4a2c,3692,db2519c0dd7fc47f02196f84f0b29ecffd222307,4432,1449238075961bf3970b2d3c3940b7e0c8959969,7874,98a631df5987daa8c57b1dfe1ed6613faedf3ee1,
E00962,4547,キッセイ薬品工業株式会社,S100YFN3,2026-03-31,4389,7fd1691af4924fa0d6f8b44e20b0fa604f757dbe,2789,cc3fd0fb568a4c2491f13aee8b748b1ac685450d,1799,57daaaaa949fe183c8b52754dd4f005f975d1369,11662,97abf3ae1cc57406f13d83fb2e722700204a2c64,
E01065,4975,株式会社ＪＣＵ,S100YIEL,2026-03-31,4274,0a37ce1f95da2d5554c10344eca51a7fc4a9b476,4997,f20bff09c1887f9d3b5c5da4133794939f1db587,2114,7489a51bd8a145538d275525b6e397cc6d598f70,5611,979bcff9c5a204f97caf1c187b0a5364aafc0c52,
E40985,429A,テクセンドフォトマスク株式会社,S100YJ5L,2026-03-31,5504,1e414856047933feca602e214c85fd85ce64b63f,10578,707a4676e730defaa5b4c06a9b7614e22bfcf3f8,4020,bb1d2d21a29db7beb0646b1f8b093fb598b5870f,0,,
E02152,7270,株式会社ＳＵＢＡＲＵ,S100YFKZ,2026-03-31,8655,bea131599c4036c0033e3aefc722c5242560d965,14864,5737656e6f575e7c3d41781162d1b84758433448,8340,4537f95b48be6d8d627d39efb0590860510793a1,7915,981e49670e1dae7488c4c25c5f675f023822f0b1,
E30908,9467,株式会社アルファポリス,S100YET5,2026-03-31,5264,e5131a09d87bfdcfa54f45cf85c214f4901b1ed1,4998,71bf6b0f9e741d4ebbd63acfe178d90b188f75a3,3583,1b9e9ff7a4632afcbefc570ec396a55fa76d321d,785,be333e1088acf650a0254d98070e9de91e468314,
E04955,4642,オリジナル設計株式会社,S100XU33,2025-12-31,5760,79faeab84125ce886b84c1cbd9a179b1cc0a212c,2046,c889a86776739cbac602f679ba8d6ec01b965d59,2189,f505bfb3e82d1ed1e2c000dff32e39c330b94724,2214,29340c947c8da05b4caa58a836b8151057a44180,
E00775,4062,イビデン株式会社,S100YC4B,2026-03-31,6823,a1ae472b9887d5a8842ef7778f428b47b3ed73bf,4726,dfe2078a86c1b1e7b11c3732ee00963e4e8dd84c,2625,17bd221e7e2e33816178888bcb7336f93ef59fda,8804,55ea0c80add449c10371e0ac26535551a8b76b00,
E02352,7760,ＩＭＶ株式会社,S100XAL6,2025-09-30,4527,d976119098e85d740705d3ffd9467d0873b49e27,1394,d4fd69793317525ffdb749f11cb8ec9a3d055a5c,1688,29f326dff659e79546ff6ab8a00a7f75e71aacfe,1909,f299766e15a01e3ba6e05d24e5ba10e786dd5d5b,
E05624,2120,株式会社ＬＩＦＵＬＬ,S100X8TY,2025-09-30,7430,c74279e6197c2f5f069354e9d304c9eaff053804,6881,4a35e4825ef12bd6f0376ffe574df4e3dedd8060,1113,e31f4ce77bb02fc38c6896a08b57e8b2867ff253,19386,de5ee789b6b5df852ef964de06bf106c4170f26f,
E03623,8410,株式会社セブン銀行,S100YC1N,2026-03-31,10304,c7babda5ef6eb9042e38ad67c62267be1473c8d0,8504,9714f371dcf86856612b4ad00401dd46bfaba10c,3313,5cb2c32498e9fbec5f9e02d7e88ff401bda7f7bb,9775,ad85e9c54232d1edc24062d2a0014d94b0c9e8fa,
E38478,5253,カバー株式会社,S100YGT9,2026-03-31,7471,82e846956487dc37989032e81669b94524330ba0,6146,c2aff3514d298d092db20684e316c0117d6e1386,5328,684b206d7bfc3d9fe5520dc62a6d36231eb0bac3,5375,557bccf3d561b5e2c037fb2fd286972d0b4325e0,
E36897,4371,株式会社コアコンセプト・テクノロジー,S100XUXC,2025-12-31,5557,50c681bce9db53aa2dde66c6a36367c94523a73b,9106,36cd50c7710d80ec2f9f99edc786606f3a41e192,5692,fbfca85a498a0499584306e51c6ba64847cb235d,3892,0e821e50a65025a53510a1cb288bf89432ed1cb9,
E02380,7313,テイ・エス　テック株式会社,S100YCXB,2026-03-31,4359,d06867b97df88da2e43d93e86e2e448d1499835d,5173,145e549ded6d4e2f520639b8480c1c73481ba4a1,4203,a1d7d51698d9ecc7e6189174571b576e595422a3,6919,f4602f44dec650f38c5a4a209d7d9b57fa8e2406,
E02782,9991,ジェコス株式会社,S100YD7I,2026-03-31,3919,d6c30993a25eadea99695b8dd5a841c4df68b92f,2524,70ca4e1832e421dd7f06aab37c2a30215fe8703c,2316,23a3e36be04c925ff5d783a390beb498f157dc5b,8756,7c4153d73a7f4aba11f6f6f901e2314257753bb3,
E38472,5254,株式会社Ａｒｅｎｔ,S100WRNQ,2025-06-30,6528,a76b23fef8fdcce468ce39639c09f300bdc3ff1d,5346,50d0e6d753275462f50d0987a93cf31c612ee2e8,4940,fc61270f4132386068145a8b368f6bc75b280101,2030,53bcc404358ca497682742f07f77b87e1e4d066e,
E01600,6471,日本精工株式会社,S100YFE3,2026-03-31,7145,acca0bc544288b6a2e4779f50cd18a988c149362,2064,cfd1b26f657eeb65298e6416717d453a7a99d5e7,3152,c415cf68e8b407e401e4ed3349b3e3f6154f9a5f,9199,73e53a897e8d52d10ada4bd0c779486bc5155a76,
E04979,4666,パーク二四株式会社（定款上の商号　パーク２４株式会社）,S100XHMO,2025-10-31,5913,071ec2618dab3b64a88d34d3e12996021e2932ea,7058,439c4cf284b29fb3f4a95dc819a42cc3278ddc31,5511,878971f9019625fa0c3eb715506bda10226fc78d,5732,3c16e384aadf21e1de96d1fffc082f5e4a2d53c7,
E01594,6448,ブラザー工業株式会社,S100YECO,2026-03-31,7278,7df3093d868a9605118f6c8649becb2eb034ed0b,15089,6e79b919b926b6ea99dfa63650a598b844ac7572,5764,01937cdcd7a9cfe878018b5d284019c0ffa14004,15583,89e7ab35473b5bdc51530327fa2e9236741b08c7,
E02340,7730,マニー株式会社,S100X59Q,2025-08-31,9213,90235894854e05625814f3dee81d9baead65457e,3368,7dbb403ee261d5253cdce0c672fadb4d9847c0f5,2345,cc46237ae3c77f7d7e0fc3bb1789f513a4da204d,5872,96e878b9b5294113395023fa81e16fbc202b0aa1,
E01653,6455,株式会社モリタホールディングス,S100YE56,2026-03-31,4401,fb60a4087bd6520bc7645dfe25b7efb410e3e56d,2382,cb8e6643ce13424c6541be9633cb7989657255ae,1242,b6c3740b8a79687a06b97fdb20d0ee57761b8ddb,4495,e25eec67289ed7f2317c6ff1acd91f4434794291,
E34225,4397,株式会社チームスピリット,S100X6JN,2025-08-31,4824,9b5ff2c0aedb101875d3a09aeb81761e3ecbabb2,4501,f25eb7ffc8724b13b04a2d6a692c5323f1dfeccf,3965,f7e0173b9325bf1ca99dea5db3fac9d6b3438ed1,6051,a50bf78074414b055ef0e1c815b4355c48ee5f10,
E03571,8358,スルガ銀行株式会社,S100YCW1,2026-03-31,12633,1c97a60af75f26e12eaae5a6e5270fd64347a61c,4295,e123d0951fcf214e880dc01fb75f1abe6cde2be8,1938,09cb39567105d574a5f9f3a7dd5560be21d8cc30,7821,f93929bcdcb8ace01f5556fb3e639aabe1392943,
E00259,1788,株式会社三東工業社,S100WROP,2025-06-30,5943,ccebea54a1f61340220445fbdda44d2a5cfe479f,1385,af83f7d1005e548d627e1c466657c2060e3342ee,1652,4147c4092b5db253a6fead70118205b0a25d44c0,1114,691e53b078aa69a064000368c445696b1dc319a2,
E01330,5741,株式会社ＵＡＣＪ,S100YCV0,2026-03-31,2586,b99cd99e71082e87e57159675a1d53a619911cc9,7136,0be421721c459fa59b409eb042473e4090a7e0ce,5447,2d2142cbb49e0c1ff205f484fd1ae5301a8bfa58,16240,3c7e7d4edc792a6bc1b1ec4bff378869e8493d08,
E01585,6305,日立建機株式会社,S100YIBR,2026-03-31,6182,3a5488fda85fdedebff7916d55caba6d5b8d72e2,4114,e8498f5021d2805c90cff7b51166e59be77e5462,4490,b0a96328110eeeb970fdf792a43f368b0316774d,4475,ccc20eeb7d6cc5bbcecf1f005737a24183d08649,
E01140,5302,日本カーボン株式会社,S100XT3M,2025-12-31,4177,60fe9ecc634b27919f480fcc0590f756d3295a4d,1336,b7bd30cfe7c303c92d2a4e19080f03de59df9669,1165,f7f392bc6694653056e0c25ab4f6e50380114c7b,2455,1c239a0f95aacce62b29a5e4b8371e0d3d7de1f3,
E31019,3900,株式会社クラウドワークス,S100XBLZ,2025-09-30,6328,d35f1ce23accd2c35b5af2cdb3c6bc16bc8f9014,4970,c8e09f720e6452af5cca1595e940c36f432ed99a,3927,f8bf9f6408b5e860cb5dcec456055ba53d74a5ad,2734,0aa385b228be0bcf7aaad68b055eeda0be12ac9b,
E05552,3793,株式会社ドリコム,S100YGW0,2026-03-31,6615,3b4f887f4c9c981f7994f0e36bb896c4d3b8ae34,8345,914fbf580394e4528a53ff83156541e690b7db3e,1991,19cd7fdf76900a9146f5e9349ac14d52ff547361,1449,aea5b4e6a5e3bc2b962b66a5603895d89262fccc,
E02213,7211,三菱自動車工業株式会社,S100YCMC,2026-03-31,5152,7004b19de854d2d2a4d9caf9b4266ce033882b1a,7278,456a242494c4c53f2aeea50e4f5a5412388fa924,1854,eb6b10cce964c70bda52890b35d7c2181767d576,9854,d99ba7ab7bdf95cc7304eebbbed8998b35fcb79c,
E33588,6560,株式会社エル・ティー・エス,S100XRW4,2025-12-31,5930,aa61d98cc0014850030f9afdcc8089c0c0fcf842,4578,df603e886540843fc365de965c404164c540aae1,2998,cd89853d8ccd8bdee93d93dfb4f3afce4790f7a9,4184,f78aea7f7304354c4d90a834513c7e0a3953129e,
E03061,8267,イオン株式会社,S100Y5VH,2026-02-28,20158,ebf807716e481c980ea4e1fb67f9cfba70ecf04a,6520,1a6e2e2293cd8b58f9e2e84abc43eb5529163022,3252,d8cc7c568d115e8443d71a0a6d2c50620797836f,15354,0b5a839f9abf4fb33918be1abce35b8af08afef3,
E02580,8081,株式会社カナデン,S100YFEF,2026-03-31,5774,58cab3017f5fcd7212593848a7c128c8d6ec0a5f,4003,50ee9c2b6cb792e7402e96b1606d23282dbe9316,1302,7139a3fd555cd0371b571c5112763aab0e7d7d2e,10543,4082c33e2fd41f16f068b9ea89e38677fcefa6e8,
E05168,4813,株式会社ＡＣＣＥＳＳ,S100Y070,2026-01-31,5441,5292addc6f9a5a3bd109d74b74ceb3fc96fbbaa4,13116,823f2721e3b3726571dc83d0d8bbe37ac5818469,5454,fe45e3d97bb88c857ca40aa446d2478362ea20b2,6088,8d734ccb4b930226796a522f8d9f4d6622ea1775,
E33882,9272,ブティックス株式会社,S100YJV7,2026-03-31,9226,410c76f5ae04fd448a374c564520e046d1d573f4,8795,f2e523a670806534114f425de6f216cdfa26bfe6,3261,cfc3bbd28fbbd5908637658dcb22d2d30f9705fa,2966,6b9839e237d801a96371b104a4b938448abe1f72,
E00540,3116,トヨタ紡織株式会社,S100Y9AH,2026-03-31,6339,07a69e1163e1bc474d016f1f52b715b24cbfc310,4115,9a3c74bf8b601b5e000454cce0f05ac8289bf226,1216,d401fcc8b5e989df050c152fbac9991c71448ca5,8550,32bed779c04adb237032d744b7141355d17a984b,
E00173,1960,株式会社サンテック,S100YFBB,2026-03-31,8805,2e17ded341d68432e39ea9deabde0759dcf1fd0e,1847,523338976db9cd46722170cbfccfc5927fc6502d,2281,2c59046c7afa8c4f362be6e655898dcc10aea12d,4286,a933fab27e248fdccba2c7c73535b9b0da54b9b7,
E02501,8007,高島株式会社,S100YCID,2026-03-31,6464,387ba26395adec1614053185c2d23578dffceae0,3442,8551fd9d7818c912dd40d635ec7ba4dbdf9ea17b,1718,6b2ef51dbea9af9ce7aef63aa2ceb3b370bfe739,4317,f75233d270b07852a3b9415dad00708e66afa178,
E02362,7951,ヤマハ株式会社,S100YJE7,2026-03-31,9276,2855ed1e9e0628fd867c68226792b2a2d044e7cb,13356,57f35dc089f59705759e1e58afc5f1b9211d4425,4641,169691f775d045aa178c751cac19b1fa1de849d2,29917,6aacaff60412b20542c0da4465b7f05179811ca3,sustainability
E04262,,新日本海フェリー株式会社,S100YMZO,2026-03-31,4393,ca41c57147f1c02a9cb2ba50a96febd0401a071c,885,a5bac4f18fac67c2e787a7daf112a2b22d9f970d,890,30af2a264ad2de9b6d1da26478c875e8318e6545,1617,eadbdc8c66e706773f82e3cbca606e5e09fe4cd7,
E01646,,水道機工株式会社,S100YLZK,2026-03-31,5225,bebd5e73d10fd6b9556c64b13a90f3a636dcfeda,2867,c0fd67e62606a86256946c84ac7c1a74037315fd,2646,fc9ff774ec187941ffbd7937cb95f68b85c348eb,1746,f0be7f61759010cb0727995eacfe9d5350a4af8b,
E31580,4434,株式会社サーバーワークス,S100Y5TF,2026-02-28,7130,e2145cc243f28e7aa8769460f4603d15f6b455c5,11556,058607a4f0dfb6698e579f18beaaa092733c3815,5308,b17cdd390aefe1f60ff07dfe0126884fa654a095,4302,c94de08fe2702d07c6904d34cf3eeafca8039277,
E35028,2978,株式会社ツクルバ,S100WXFC,2025-07-31,4292,7f96605cc676edb5099596b8759a71afb23e4fed,8574,16d6c898e4644588cba188a91440654dda4bb049,10034,6d05e28b8a3de037b4c4211d5212792db193a12c,2029,d6dc4e149b21a11a46f46c4763d22c90076fc7b2,
E00967,4544,Ｈ．Ｕ．グループホールディングス株式会社,S100YB46,2026-03-31,6347,1ffba24d377661c4e10335305493dd18ffc682ec,6133,b29a0e7b0b2d8db2871415145ee2f200126f9def,9505,18199bb8fcbc0dca9830cca69faab26c105f1a2f,3914,7128a88f5b9b96133d00402a4c1ad607fa02b525,
E02503,8093,極東貿易株式会社,S100YESK,2026-03-31,4510,4ea89b30f36bfa37bbf37eaf813746d27375c5b7,3064,0b4affea5f71927d56020dd4b447bdedae326bef,3605,a531958da42fa42fbc36deb9500245562119eb6e,6162,6f157225fac907e90b5061f7561212235163c808,
E00898,4095,日本パーカライジング株式会社,S100YJGK,2026-03-31,8018,6a2d30de2db8ba2da86890a9b21b6eccdb550415,4438,b0472463eb5572b25600d52fb3849da6dd8f88f2,3850,80178f3ef2c053e1d47f9c048d1f7efea0381644,5337,363871173005c7fde984e27f506a098cb54a8ce8,
E00559,3302,帝国繊維株式会社,S100XQYR,2025-12-31,7157,e73c755432146bff36fda4c5a9d508f36ee220b6,928,d48bb85b378ca298844ad322b5d04edcc40fba85,3680,5f89ac57b4877e0fa413470bd9a74e3e207b6037,4906,ec33157b0fe7beed32c0a04734399f0acf9cc6f5,
E21258,6250,株式会社やまびこ,S100XSYR,2025-12-31,6804,516e024f5e66cffe7011569d74b2e8bdeb0dd4a1,3952,a18cd073909998710c11bbe747604f9893f646d5,2574,154712ca4885773a84cacda49c955f1524359944,8481,9c6303f916d299a490f4151d2e8365559675222a,
E24558,1417,株式会社ミライト・ワン,S100YG40,2026-03-31,6588,d4598e6f299a917c2cbb25b5f0d9ebcdc060e6f0,3095,ddb5a7738c9b4158bcac651f8176717e8b7d689b,3360,a427ed936b1680164d2d29e74a18f1037382d207,9095,fb36ec4a765a2a012b8c82e3bfd74387e01d2277,
E00903,4634,ａｒｔｉｅｎｃｅ株式会社,S100XRLA,2025-12-31,9170,23e4cce3467a993d9607e96ec8c9ff5f7a2c28b3,10564,d8ae0a35c137d9e1d170a98b36a0b249fb7238a1,3945,09fad79c01df401d18cf6ac6dc021219f7454d9b,23415,2fb505fcc5b4864b47d9b55c37fc5554e6deed4c,
E03772,8624,いちよし証券株式会社,S100YANQ,2026-03-31,7856,8eaec10d0dbb1be13634b2d8baa5e9e9d70f32d0,1533,aa0a25a04895682170e563ff32ecf9bb25524281,3026,f21342458a5920711a5fc0a9cc2f4844bf96be10,8147,032f913a26b31fce71b0bbab97f70503fe11da58,
E01602,6473,株式会社ジェイテクト,S100YEL3,2026-03-31,8408,5567dfbc68a10d7014c79ec5b2d3072544630e16,8612,d2296d72552014d702b0c91c6b5255305c46dbd3,2817,fbf0cbe6035a576583799e05d32390a9f1eddcc0,22888,4f90798f9e0440ce2d48a4be5f8f9da97eaecf8e,
E02676,8154,加賀電子株式会社,S100YNQJ,2026-03-31,8687,fbeae6e2dfe49c086a09c352397043d02fdc86bd,4283,22217fe44b8903c81ffa331d9ea5db9bd3a5ac2d,5394,f77f69626944c087a4073229282dce6a26857c21,6488,0220bb3dfec42570019a5f900387922610b12cb2,
E38205,5137,株式会社スマートドライブ,S100XC5Q,2025-09-30,4322,4ab02e085daa53f8a99918d5dc19791e22a7c3f6,4758,5f17a8567703e22371e1f1f085001c402a406bf1,4751,5404deb7432779c6806cdd25510626793d1233df,2112,91c4298763277f44c7032b661a44d40460bcd5e9,
E35928,4933,株式会社Ｉ－ｎｅ,S100Y415,2025-12-31,5579,27d547661c973eebc32b3469281896dc23b6be70,10768,2b73d3d0a458394a4d52781274f185b33d528be3,7859,2c44f9362e1d83cbd1e26957c14fe77c496fc2c9,9025,16b90a954d5080b5e90ca3a706a2a30904744177,
E36046,4934,プレミアアンチエイジング株式会社,S100WWWK,2025-07-31,8576,8b4f72ecc1b842dfce951e71eb2ad39d42dbcdb8,4739,dbf5dbcc5cf3edb922534f83b725b2a063dc8bfb,2638,78a48f8adb1cdfc712713090270fa2d0af258233,7032,1931f6df72340c1276ebaacbb1f32b8f54ffd9ed,
E04273,9202,ＡＮＡホールディングス株式会社,S100YKL4,2026-03-31,10863,666a8016a1b38f7f4d9b50b98efb6b9e3b48cd69,11433,6365434bbb60432b58be03a88d5c5c9f10839e59,3455,ee9da5dd6810111c110c32a4c5e45f1742348332,4413,30f9ea32fe51f35616c5b72d0192c97648f7d972,
E03837,,西日本建設業保証株式会社,S100YIDG,2026-03-31,5594,280827afbac5ff9a7e1c74ed145744cc44ae6de7,907,e3ba7161b0fc31e340954a47811ce07a1ce0789e,2393,6fd1ed8e80e680ae41b904a59f464936e7d4ac87,1778,763a2073d9681b3e344a998b934cc9d6773037f8,
E00890,4465,株式会社ニイタカ,S100WL0G,2025-05-31,4128,b68ed9cc4ccfde24d2ff5080db919e2b8e8c3db1,3227,74dc33d69c8e828142d2d4541a2936633583df1c,1553,6d934b5c2c60d6c2d05cc25e85ec5d63bb19e248,1980,f5bafa1e7be1c849dc8f02c45bd0be883abcf5bb,
E12328,286A,株式会社ユカリア,S100XUVY,2025-12-31,8575,4102c379f9d0bd972e4096f6e63fabefb6341052,14165,a3b8aa843adae3c81e8f1d1f19222d39d2f1fff5,8728,9261b8489f8fad9446a48618468065f6188f51e0,3931,d95f18ee23b6f4d40b242c93474532884eaa6211,
E01743,6507,シンフォニアテクノロジー株式会社,S100YI4V,2026-03-31,5367,b4dee8c5c81774d9eced061ded545f382f1b1085,5267,8b010ff44eba8219c30d72fb07662c11495405f8,3527,510e1440d9f8f4cd30b59e98315be93d9bcc7bf3,4797,2f49d20ae0d7dd24edb23e4571cde5d8a60ef239,
E01920,6586,株式会社マキタ,S100YH4M,2026-03-31,7372,1d908222fd58a6515b65d4b799cd9a5ae1fd7c4a,5661,00f827b0ec84de84724ca0408dffa76ff6e5f0c1,2012,f0c5749d9e2efee039cc383920453b10a56bda32,4648,b337f7a51076e642b95056fc464dcb3037262227,
E00858,7942,株式会社ジェイエスピー,S100YEL0,2026-03-31,6410,39d4c106fc7535941f258e5647e9101900282edc,5217,f9c6e98bf6306c52c689ffebed0be57d4bdb121e,5659,670a8ab25985876e4735e70503b3fd31a47a40d5,5803,83d1ae491ff1973efa6864360485955ae378f1cc,
E02515,8057,株式会社内田洋行,S100WU40,2025-07-20,8076,c26366706d432f2a34aaf24fcc4a4a995f06962c,2132,2365440450e278f0d6f07663666885a2056777fc,2742,a27ee8609933394acb2665977039365c7b8e2686,4133,77bda32f3b3da4613501eec407c764fded416db2,
E04517,9533,東邦瓦斯株式会社,S100YGFW,2026-03-31,4215,a79bb966734e36abdd855d685b3c332489ef2d43,3937,301979c149f881fd026f76b0fbd4007ce8e7641b,4054,f6c470494852d0f6b2b7546402243a66d37bc9d8,5933,9d03d919eee4f17abea8e1e0bb2cd0a86fb9cd7c,
E02701,9830,トラスコ中山株式会社,S100XRJW,2025-12-31,6787,00196d0e67020a0c0425517e25f333f73dc13fe8,4515,e8e44a7b43d7572f52a784d5101ad50a023b8b0e,5545,5cdc9b4480bdd0d29c52c561b908dc3ae03804bd,5977,b050a8ba1b851c01d19a7e16490bfa51ea27823a,
E23202,2270,雪印メグミルク株式会社,S100YC5I,2026-03-31,5850,eb0df2577707c38cf718af354464741ff5e12b1e,7554,60bf6ae62733bb5a69ec10e94e085c22cef08457,6130,d1eba0fd3cf7512c245fdbbd9e3b7729dfca3fef,27469,4cb13145821877ef42c0871ec191899d5a2deea3,
E05018,7595,株式会社アルゴグラフィックス,S100YF23,2026-03-31,5792,71e0fc10889df04d4dbea3f507cd5cd591a4dff8,535,a700ffd1fa30d416ed08cda769a13e7f9fc6b319,1712,4c46ea3719966345fdca29edfdc179a7877fd12f,3657,932324e7ca57a7f2c3b737f983af84e943ed2cba,
E32069,2296,伊藤ハム米久ホールディングス株式会社,S100YCXD,2026-03-31,5206,d2778ca94cc7c95019ff2fa79a30d53948ae2723,5746,09e9eee4f3bafe053af117e023f0da69a2411655,2176,01d47954124a851117af8a65377a90ba069ce620,5839,0698695988133080b60290883aba8987b3166872,
E01642,6282,オイレス工業株式会社,S100YLBX,2026-03-31,5870,f495f59686efa1f65afbc955aec9366f9c63095e,7073,8a6014503758203e39e51b99196df34778df5dfc,2797,6d1d21f61990e8381d84402af5c62b5a57999e26,6919,895b9b6436bd91cafbeff85d2d1eb22f4575e4cb,
E01054,4971,メック株式会社,S100XRJV,2025-12-31,6509,5bf26cb6586029bd102ded896087056f570f725f,2206,92a94938939f72f4d628f63f46ed1a64bdf21a65,3315,873cc13bf7327ab6fee7da0747fcd058b737bbee,5967,1cd1424e688bc8d33f9898bbfaf5133e8f0cc060,
E05236,4323,日本システム技術株式会社,S100YI5H,2026-03-31,5590,1fce52b2ec97879cfc346c2bda586fcf6dab5ec5,4435,0ff5f04a00bfc35baedb2ba7a5fc319d7f62f0d9,2512,106c55fdd2348396250c906607757b34a0c3b130,3505,c3034839ae02b46e984b70b842dd413edc0740de,
E02611,8056,ＢＩＰＲＯＧＹ株式会社,S100YFCP,2026-03-31,7774,3532090fd9e839f09bfdc699f308b50168c84038,7563,b96c1495ee328b0caecf5721c8965976ee60141c,5062,b2babb5ffba24d31ad9a48320d04bbc3295f2b25,19986,7e5e32d538f44825eefb7c60f629a1a8aa6cfbd8,
E36901,4374,株式会社ＲＯＢＯＴ　ＰＡＹＭＥＮＴ,S100XUUD,2025-12-31,5670,4cf8d8f66ce2ed6db42ed91c34be7bd8ad69e430,8036,0e1bf69dc6bf07006009564eaa4ba7fc7a9ebac1,4356,729ce9eb287ee81473fc6170ead10171eec93b05,1229,8e14ac34b35fa8a6d6d4ab554e0b052d6e19beec,
E01247,5451,株式会社ヨドコウ,S100YEVQ,2026-03-31,5923,6ae9a8e94764a4565d3054c178a0837d4d5a3857,5831,617864e2da74d1a5368d3aed2bfaf11a2b2d9b4b,5107,4bae6f05931b27973d29df054fa8f0b8ce49cc73,5047,88b1241bceaed6d829775e87c0dc07f6a207d622,
E34142,7033,株式会社マネジメントソリューションズ,S100XT2O,2025-12-31,5273,42ab474227831e99e753990bdb46d426fd654809,2449,90dc510c35ffdc643f7a84c44ab78b499de82e1a,1778,ac2fbbebf6cfd90d39d6cfb534124ad10e5917cd,2146,9a23b5466147e8cf13ea524d9cec12e49c7243d7,
E01014,4366,ダイトーケミックス株式会社,S100YGAU,2026-03-31,5742,c11731daba77e802618b08f78e5db0361874e56a,3474,cdf078633d6ca6b20fd4299f9a1e4098fd26a982,1681,ab6246d0ad8ec63d19e881627295be9fa95e91b3,5663,e13dbc74cf50339258a3e9827468097a418883c9,
E31946,4595,株式会社ミズホメディー,S100XTF0,2025-12-31,9288,bc80507595e87e3206894c908f187231267ab30d,4609,95d075c71dce5888dd82738021265e4dadfabcaa,5658,b31fc59aaa5fc918b11d889a07a4715efff9595b,2931,ac11d6a381f699065d76ddb158dccdc1db0160dc,
E03730,,株式会社ホンダファイナンス,S100YH20,2026-03-31,6299,f310a7a722289576feb7162203e33335a9d5c4c1,2036,9096a54b010f4c5a0929ef6fda6673ada6d9f3f1,447,db46cd9a0850c7588917c810eaaf09218e30d543,1572,26fd00b9a9c0a193a6f21a74189ec52ae7ca5816,
E00428,2602,日清オイリオグループ株式会社,S100YB17,2026-03-31,9292,077c02f7c850832ad483630aba78754b479bc804,6681,59740b4fc8761e744133a1108e44d7a10fec4661,7372,bd6ef06a09fa266984feadacbc3b06fae06dd9f0,20382,cd85309c810c294d7abe82e34a6855f3194be2dc,
E39906,241A,株式会社ＲＯＸＸ,S100XCWL,2025-09-30,4243,e9094cf5d4b7d73652851f8acd6ee3f8d1990626,8669,1fc75521e4c3e53e74127d8ccd4bd4a507eae768,5254,175e6656e649795e8d83273a2b7751440ad49a42,1792,86be2709d1af6ec3fba689eec02809676b21c06f,
E00769,4044,セントラル硝子株式会社,S100YGND,2026-03-31,4534,c0a849aa8b75c32a192112e7ab4a226177b0304b,6774,4eda3b9f6b56d80e89e0d33d67eacd47ea6ec70b,1726,4070bf319571dcd7a24ff7636eb8e86feb62954b,7062,3571b56ae9a37a7c3285a7edcccf5643b3d6c0a3,
E04830,,ＳＣＳＫ株式会社,S100YHDD,2026-03-31,10503,528fdd9edc87a66a81e9cb3c701ae74ace6fb38b,7407,1db4166eaf659729a60e1c7053925582a43e845e,1688,06288dabbc35a1f23897ee76b4348427bfc147f0,10436,cd9b115e52fd0e8386d3b61bb1734c4062d772c7,
E03621,5838,楽天銀行株式会社,S100YGME,2026-03-31,14779,ddb54499b0ec51771dd01e8d9417e11513407b65,21471,1e15e07f0ad0e9bbab098d5e2b48a649e8283811,7531,8d828efcc3882d26ea4a651d3b712fb463688265,3495,6f1aec9088f76b9cf86db53b23391ad86d6eb3cb,
E01698,6418,日本金銭機械株式会社,S100YHD7,2026-03-31,6221,309da57504d5e5cbcc0b279f32d8248df87ea8f6,4881,2d7cb881173549785553bae4e58b512bd5857180,2527,54ba6b70caeb4d0804d6deea811d639b12503618,5469,03542ab4222dbc32db62fcab6f475dcc08716e79,
E26301,3660,株式会社アイスタイル,S100WRCU,2025-06-30,5998,61339d41615e6a4d6339e65aea5541ed9a43fe39,7479,8bb6ba1fa6df1e02337d84729e7bfee8e154a6f7,2328,4550eea5ef038b82795a838b8f7fede31cd4eb54,9419,2ae283cb6e77d075feb3a6872b66509acddd8141,
E05643,3826,株式会社システムインテグレータ,S100Y7MS,2026-02-28,6991,cc45e0af83aec387e81ad470a12ccfc763442d30,2971,364047ed4c40807809abe9c9a83498b1a15da23d,6265,23799cc48eb55efb12d7f293a91d56b22c7c46a2,3135,23bcf022a270ba92fe4b1d0c83b6a62b9c4142fa,
E00092,1945,株式会社東京エネシス,S100YJBK,2026-03-31,8247,42e6dd5c6bc22ea3f0211dc878c919602796eb48,2133,2179f69d4004025f60dd8c1a28ccb9c134657e3a,2804,c22f30ccb27b71b94edad59f165f709f3d093527,5408,b40b4a27cd95cd04c230e243fa32353f53686719,
E01151,5393,ニチアス株式会社,S100YG7B,2026-03-31,4736,24a53064a0f05b14c517e2fb681bcba1830315ce,1949,c7cd5a1722043c2c1c8959f17a15da190207b1a2,3311,a61956cdd1789c59ccc55c585530dbe1666ac8fb,10106,49133c7e4b5bef1508e8bc1e707e43b75e21f615,
E01233,5632,三菱製鋼株式会社,S100YCQQ,2026-03-31,4799,986387c896923254ddc5c4911dfcf89c98f78732,8591,2eee5da2c9a5a0105d30b60b543f0e1d842420ab,3376,6121fd2fba1bf4d8de8e967c1524dde133801fc7,11329,9bbdf3fac958a08d514034ef4f8d2c5928e0c23b,
E00901,4631,ＤＩＣ株式会社,S100XS2N,2025-12-31,7138,020866fad56d55fb54f67af78247f61676e3134a,13263,28bd076eb18f8b216f352a30e1528f111054cfe0,1954,67795b5d7e4f0eb9e45ca5b9c1cdff6b36742b87,7643,803e0743e45931cfe4a070f37fde0eef048a1187,
E03908,,大栄不動産株式会社,S100YHLE,2026-03-31,11026,7ee656833211763127a4702dcae33dcbeeca03d5,8580,f491089a9216b0ef65cb4d4af318657f139cedb3,2655,0692ae47a4f65d4fc4a6c39ba2d54938bbc1904f,4549,ec3209b79d3833778bd195c056f8ecfd4eeec989,
E00697,,株式会社西日本新聞社,S100YKLX,2026-03-31,3208,f72a27d0fb63e1163a45626f0d2d7c054ef46c64,2026,6e3dad71af193b596f689d5c560448712ce24b7c,1411,e099dc7adf83af96fd36972a97dbce0e6c5a523e,2041,6ec2034fa210733b5230a9ea9bba61fc096ac82a,
E03327,7625,株式会社グローバルダイニング,S100XTRA,2025-12-31,5860,bd1d54b6ef33620e1ad9284ddde32e625b268be7,2277,651292d25bf36dbc37a3786036e7bafa1d180833,3047,ca9b61c464fc3f6f58fa53d8cfe04fb2719c0a3a,2110,64aeb01abc1bd832e88b4d3dc95f1bae7c3cf77e,
E01097,,住友理工株式会社,S100YKGC,2026-03-31,4629,b4f44816c255ee638c9c6694308446666094d3f8,3641,5e33bd4ad779f7cd5d085a14ca2db9145e68073b,5032,79c0f707304c4cdaba36309139ac5053edac8fd0,22104,e4762ce87a5292efc5fbbd3df9dfe8aa1f9abc84,
E04822,9759,株式会社ＮＳＤ,S100YEYZ,2026-03-31,6492,8c2cadde05382704af045fc6a63b562bbe933617,1871,74d384b310a79665d2e23b2521e30c99bb63e2ad,4597,d564c6662b5466cef6b37e67d58a5c51e73cdf8e,8936,84b2c01efb8d41d3e5de046e0ac3b6be700895cb,
E32448,,野村貿易株式会社,S100YH7K,2026-03-31,6220,6bf4a8e445aa680bd925182528443d96758a204e,2643,e84fdea473a38ca0533ce8f2c1fb33a5125045e2,1744,0996face4ef0b9920e51e0c4a826ad96cdc9a2e3,1119,d27baa1f07da4b2d7ad9c6b19f7491d87440956f,
E36937,4270,株式会社ＢｅｅＸ,S100Y5VS,2026-02-28,6537,6d9e715d8d519f22e894ea77af9eb1effab8f179,13494,d24d922c9998ccf360c4fbed4a3d9f72df636382,5886,913ea58d3ace44c11800da2b615c8ff3418dfde2,6913,c862127bd08394ddde5a767f6a63b6dc3b877075,
E01708,6315,ＴＯＷＡ株式会社,S100YERT,2026-03-31,4354,f18c4ffd419c684d08fdb96054aa8855239a6412,4931,be13917e14b03d7840e010af649e5f7686d0a2ad,2083,6a0f072b65d58aafb2590976c0fc995996e38962,5559,77542d3a886da6111d0483e260d12cfcf43536c0,
E00442,2892,日本食品化工株式会社,S100YF39,2026-03-31,5009,ca83ca68a994095367d5506408366245fced758b,2803,b9bb9a1ae26d1ada782fdbd96879cbcdf995dce0,3449,48470a0dbca949ec0d9918ea65fc273f215e0188,5716,da5124817c64122733d444e1c61690a9475e83fb,
E00130,1853,株式会社　森組,S100YJ3W,2026-03-31,8880,960d037db376b83cb9bd2d7b2b5b3e0da6a053c0,2345,039a6c98414fbf666ed8d8a7301f7c5b2bf92614,3884,5e55e49a7947c5fa88e7408389f30d49583188a3,4132,e9d29627bd4d35507a9007d7d9bf28c47efa79dc,
E00698,,株式会社神戸新聞社,S100XNDR,2025-11-30,5424,ee80fe6d12e2ba514682b7b193eeb4f4adca036f,1284,d13f844bdd47b804b1e0d175e554434321a86535,1562,0f39db274923d7b50b035ae67be748cd585c9ec1,941,a9466540f51e4ff61e9b50a178266fff71f91d3a,
E02572,8052,椿本興業株式会社,S100YIO8,2026-03-31,8335,aab801a18f5754027c8f3995d6c7a9eb0c8744e4,5167,0089e7e7cf1e260641591925778afe3269fa6e1f,3962,8cfc794e86fbdb0a323eebdb98c61d2b7d8e5534,10248,65d5fcd3d4f81783c03be31f7a3d00e85789aa7a,
E01929,6925,ウシオ電機株式会社,S100YKRT,2026-03-31,7689,978ef1b01d2dceda5e14645c489b4ebc9e22951b,2742,fb1d2d6e7392f1c04d607c8569e017f1d4159267,2938,6e243ffe0e50bf1210f65a80e250384740dedc16,7253,bc7cb8cb9250aab41c2d813d2518b25f5dac2681,
E02114,6638,株式会社ミマキエンジニアリング,S100YCRC,2026-03-31,7209,2e0313e7b84f554b239b6d69dabc32aedb3a92f8,4723,75b1636d768ac2d4bdec72ff13231ae695b8d032,8680,b44fc532f16c4ba2bbf67f66c2ecde2d48cfd804,18256,286cab53b870569fd690c6ec00822411ae3f6cdf,
E00348,2004,昭和産業株式会社,S100YGEO,2026-03-31,7733,a6dbacd65d181236aeb25009174011eac12805ef,8598,bd3d6c7267757a51ac99c8cbadefcebb4aba2845,3715,e4736933e3613e127b70f1221e5f1a29ec86b924,18827,9891dd8374fe99c632729cf4b87224ec4f170ec6,
E02396,7963,興研株式会社,S100XTH9,2025-12-31,4976,7836e092423570c3a8ec2b5e2a2d902ba0f78455,3476,f3829f03959173ea2be61cf64e89a6b87f87d298,2899,7bf3e49df059eed5a3b4ce86e23aff553230a771,1934,76400a35521c62043d4f546531a26c6277763d54,
E36351,4176,株式会社ココナラ,S100X5W6,2025-08-31,3886,68de77f9c8a0ec97677a9dc7da05fd434f06ce0d,9359,34275d295ece545d47d2f093c39695a6703ef10f,4572,73baafc52133039144f8e1249737d94d9a67abd9,4969,9d914dd8965531510cbdf6e32a9a3cf1441e0328,
E01086,5108,株式会社ブリヂストン,S100XRPR,2025-12-31,7130,d6547a76ad94c64ffb875c5d982fe8287dae2083,5828,2a5f318acc527cc9885f8ec490c7d4c7f80be941,3501,a672413d093b65ac7f0fd6be3fc39a8eaf1edbc7,24365,623b4ca0f6d5ab0d1eb0a4667d4b141bfa290418,
E37456,5078,株式会社セレコーポレーション,S100Y5GZ,2026-02-28,11404,d45587edd501aed07c5b5ac24aeff437e1e7302d,4322,4e2b356adcefe64275209f98e07cf809a35a6c63,5824,557b96743589207c63762003d0c316729d143cb9,2586,d1c24840e34f3f70a64a97bb9c74ff47462289c4,
E02894,7600,株式会社　日本エム・ディ・エム,S100YCSL,2026-03-31,5501,ba2e161f627558bc77f07ac6e4b01b60f6e8e692,2288,33ad09749ed83a060848f69f79b613d0b2914e09,2170,8ca58f05f49568f125a50926cba8c012d8c1e5f7,11560,f4fea5266335b8fd86395d6354ee426215398281,
E37199,9258,株式会社ＣＳ－Ｃ,S100XBLU,2025-09-30,6033,57dbd626004fc9377f509e38afe510492378beb6,6485,cb4789f764b0c9bd735c4e173856bc5692c51530,3874,3d98440cab6a2b0598475d6e21d2b7b62ae5e245,1654,5958107d16a625fdd253ea93d71f54ac36905c9d,
E41037,483A,テラテクノロジー株式会社,S100YGDD,2026-03-31,5602,51099e2af4a67a0f8dff48f462c1329e763b18f7,7749,45b85cfcc00ae9bd7751a0caa4b8c04d2fbadf91,4502,6709315be2929dba27da5bb5a47a63fb5df01eb0,3308,e96b22a3be7504a9ef30197440b2116d4b05eeef,
E00774,4061,デンカ株式会社,S100YCU0,2026-03-31,5932,02b0fe78417a79a5f38dba06f6aff0f72b72823a,3059,93c09917480003eacce0e44421c3447eb932d2ae,5630,9b1d4678646c446e0e42c004ff5c2b1d38be2f0d,5560,7a9a4f464d52cf6245432c78184dc5095ac606f3,
E03521,3099,株式会社三越伊勢丹ホールディングス,S100YD7C,2026-03-31,6444,eb8fabec2e152fd40038d4eb65b2939f775ca9b7,16758,a5475eba79281ef52da908e3bab709f3a226998a,4202,db27273edae8fa025f26cd3fe898fa9f2f066293,13194,0a1d4a4741f059c2839dede69ee44adf79c46292,
E38201,5244,株式会社ｊｉｇ．ｊｐ,S100YGSA,2026-03-31,5867,57b114985f4b7d09e6671e0f2cefcb7e18168b5a,6251,f7e547fb7859dc75905d6bd188e5c2f1a1a8416a,5490,93f61b7c2cf624a7e2917b75440acc0067799a37,4702,bbecf976a94a2fc01398601b9629149844b6a99c,
E02655,8136,株式会社サンリオ,S100YNR0,2026-03-31,7592,6ff7f63d1b583f932ad7a01a04057740393bcbe7,9051,903b226e91775528b40b8214c5446395bad4a682,2662,216392b43dac1935ef279a357301dad219580f33,10197,97d938ac24b5e68cac915f84d77b41561e4c0d62,
E03583,8381,株式会社山陰合同銀行,S100YBU8,2026-03-31,13173,b8efd2b4be62912b6661a49cd605cc58933ed93d,4626,7422e88c3406db862acf0d078c0422b4df905505,4091,6d17311d968c6e8902b4c84db1fb64ca8a7b84d1,25485,801a1de2605fce61dc660b160e2c3dda3bab38ed,
E32796,6540,株式会社船場,S100XTA7,2025-12-31,3895,a71480e4e2ba6b5a24b3e0bf20a61e90dc720bd4,3612,557fe0f04a40f1587d172d60b677843fe0680b39,1563,d8d606c8d68fc342a54bfadc8d1db4a4642714fc,3159,540a7455e6ea74085ccc03341a577b2c486c3b97,
E26061,4977,新田ゼラチン株式会社,S100YHPC,2026-03-31,5094,bb69661b2a8cab88b20d25c36cda42d5c2af7c84,3534,ea1f29113ed2d06268ca2353cb1ff3c81781cbbf,1680,22aec6f937e1cd19c8814b55fc02dd2da806c3b1,6608,4dee7f1fe52840fe51696e3dbeb66ad4494439e7,
E00902,4116,大日精化工業株式会社,S100YGML,2026-03-31,10833,83920164cc70b17c25218bd292a3db03065e872c,8445,854842204831d38298ce28922e431542da221a93,12917,cc587d831361df9187e7ca715fa807e0120f5d62,16442,fe27a1160d9042bf87331753c03803baae49213f,
E03462,3382,株式会社セブン＆アイ・ホールディングス,S100Y4VB,2026-02-28,16022,5a0b836ff23b684f3f2738562c5c86121c030c13,18343,0a635f728e08df66dbe2ba2e0945f6d3fa9f2155,2293,a206599ce56609a6b2df1ddf21262ebe41a54561,19932,d47f342f907ccde1a714c9bb6f4f7a83502fe733,
E00279,1768,株式会社ソネック,S100YEJU,2026-03-31,6588,09add9bf686359b44611c036eb789307c380c83d,3386,913eb06dce33187dfe9edb9f25984e22ce5c388a,1182,a1e8aa68172000b36f63b2f85225ecb75aeec7f2,2748,131e1e3339ab5a9d7cc5f2245ce9b7993cee8a28,
E01995,6915,千代田インテグレ株式会社,S100XT6S,2025-12-31,6754,cbc60acaa3ce7bcc42085c2bbf2803bc8b50ce6b,1814,9186781a4ff29b530ecc54e618c94f2c8b219f70,1181,eeb769f0842ca1730ddaa0cb56387a7ca0d9c104,2280,6be8370181d02f7e3f6bd0fef08cf5c54a3d7784,
E03516,3086,Ｊ．フロント　リテイリング株式会社,S100Y6K0,2026-02-28,10367,6d3d596717d3829fe3d2882dfd8492dd9c575049,10774,ba3cdca05b1ab2b38d43596dccdbeb41b1d6601f,4484,dd280b5bb5d1d4f6e4a2f4aeedebbccd30c255cd,21565,f86ab84e5a9b9089cff4e21b681f51b7f7dae26b,
E01015,4985,アース製薬株式会社,S100XSLS,2025-12-31,7655,479db3d3c536a692319667b0fa93d0778a7f2cdc,4618,423a25bad2b115b20cee5bc08deca79624f40640,3755,03028f5e5587e37dd205e839eecba8cc26f1d31d,8194,cf8fd8c1119d8d22b44ce37baa97fb914e37f35a,
E02281,7762,シチズン時計株式会社,S100YGYK,2026-03-31,5727,b3fbfb5759530ecff29e8e885fd40455efdedf88,3519,413548bd7476868e0b463bfd4a2be2f6b0ae5871,3182,f6e7b4a9e2f2de137a30e8141fc95c506a8aff5a,13670,3eda47806099bc136cc0b0309460eda1915219c8,
E34557,4479,株式会社マクアケ,S100X9BR,2025-09-30,4000,914ac3916aafd1a39d27b9cf6f89b165ebfc4f4b,8091,d0e61febb9b41d095c32fe5b3c40bcb5b8a3f84c,9276,03ffebef8d7f02c6c1724afbfcdfaab85e15538a,1896,f1f1f373c9093e2936fb971cf614173aeb015528,
E02285,7734,理研計器株式会社,S100YIB1,2026-03-31,5201,420b48372457e4e50239de7be70b3575464749c5,1651,a47cb3d93e542401352808a42771d6c9f2695c19,1690,dfd5c68e05f227edbbbe54936d6ad39e5cfe0cbe,4280,61bada1cbbabc3827bcc1ac645dbf8272d675441,
E30918,3694,株式会社オプティム,S100YLSB,2026-03-31,9427,52fd37d00651887b7849f9088e0316efc89bd7f5,6101,bbef76f251b26b67a2c05a2f516257c7d9cae337,4338,a51ef69f08be2433f535889ff818e8d05068fedd,1354,9d24179d1cd4ce30ad0f38e1894dc0f9ab38d45a,
E02819,,興和株式会社,S100YL6P,2026-03-31,7837,899feef00278635af67aa9c501931901155e8b2a,2170,c3f155748d7e14829bde1d4250c0ce9c43116640,3072,26a83833b5ee5a29184a6542617145431cbf0cff,4745,3bd3ec1bd2fa47f1af1dc7897e87327ba1b21132,
E05328,2354,株式会社ＹＥ　ＤＩＧＩＴＡＬ,S100Y56T,2026-02-28,4988,329f45dfcc5598b8d3fdb093a21310688881d6ce,2877,73e01dadb6e978aeff3b3b2002bd79f6f2c44b57,3107,dedc8b175d8afb2cbdc3f4a93fdb3a9bac1890a1,4562,356e0d07d9805dfded7b8845178240c9798faeff,
E40979,441A,ＮＥ株式会社,S100YRYV,2026-04-30,7005,010152a88eabea512b0f20c5b1480a30165d186f,3918,cb8fa49e7173d9e8b98ef83118e82447b825be53,5842,18cd89df5c44c8079cd016f917dd04e78c34cba7,1356,ee6b458f3473859995eb353ebb6b7e8656fb68df,
E05705,3854,株式会社アイル,S100WVK4,2025-07-31,6602,450042836ca9f6e5b5b8eb3e1b61fc2856397b8d,2469,537a4a2919a823e714ef61c091e42cd475047e66,3877,951e453dd57549741a12c18b41310e75e704197d,4770,933cebfc55e3eace7e8931005fa839bdff3b3c62,
E00251,1798,株式会社守谷商会,S100YDA3,2026-03-31,4936,c0aed2c8bf04b5129538880cc9b7e40a865b085f,2142,c83a4ae4ad601fdab00b38d3791f3e2d25ff05f1,2107,7ff316c9e468d0751cf836eebefe94d119cfb626,3733,a4f793ec5fc368e596a06a6304942d12076e944c,
E03627,,三井住友信託銀行株式会社,S100YBGJ,2026-03-31,26784,a292ade37ecf5e296ec0209ea0ae56d83723c2d5,14461,978664605dca1baf489cb4ba92294c12e3a3eafe,10927,7237b38b97e972e287af12092484bf9af08aa07f,17042,c06c061217c0ae06fe1482f088ea0bf8427f489c,
E01979,6941,山一電機株式会社,S100YHIH,2026-03-31,5528,7b7589d500dc52ba8111c4ce2ca624990ec844ad,3501,70baf9364eefe26206e0cf048296c9baa298ea41,2083,656a9954816e43a73718b7e5ef342a446e27eb0c,4980,e1358db6128c6f8490ca9551b64ad6dc7ac1eef9,
E01173,5304,ＳＥＣカーボン株式会社,S100YDCX,2026-03-31,3415,e5d7e4f215879e3dcfc493e85ce9e03149bbf1b3,2815,deaeb5185b9247a98ed090c1e0ba72104e265a6e,1123,ffd3a55f37e97d2d912a4bb196e2c6c1b81d2fe8,1767,23a27a348e8980bb8f0209f64112d650cb52b472,
E34487,7046,ＴＤＳＥ株式会社,S100YJTH,2026-03-31,4915,a07a3e39cb11bf3ed93e4115e0169fb3662fda5a,2747,2c009dcfcd98a9b5f6052372f0450d473a8e89be,7781,b998321da0b3bc61aa32b2e5e0bc0a347a8ce335,2319,bcf4a00057cca72094810207117f24a257a0e14c,
E04869,9658,株式会社ビジネスブレイン太田昭和,S100YG97,2026-03-31,5233,937c88f6e8ba155dad90cbfe78ce20a9433ce7c2,2827,3cab72bd69b361697e6d3b7b5346bb33f0a7a35b,4068,bd62512156fa0f32c6035a29a5bb895a8728da50,7510,d4ee5ea5a4730b03d75a7b577fe69fd68705920f,
E35765,4057,株式会社インターファクトリー,S100YXG0,2026-05-31,7729,e55cd804708f67c0fe9d95c129040a8767b49959,7268,27119eba2eec9230195b521b691cc95083068996,4821,034e7c505316e9b31054cc651d97fdcc897b3faf,2172,00ca2eaede579e66f8fa0750471ed46499d24d88,
E03144,9843,株式会社ニトリホールディングス,S100YIMF,2026-03-31,6730,a49ed112dab637a353cbee94733c1dd4114a89c2,8271,557bb67a2d310a7792b7ccfc16118dcfd3ba15d0,3032,8b636438d68d2664d4732222e6dc12370d536e3d,9395,04435089e5694556ce06e3a4b87738144a972d51,
E01047,4967,小林製薬株式会社,S100XSXS,2025-12-31,5267,ab5354ffaccf2dfc8a8aafa37a7c27244d3f11dd,15717,b023e0a56137558601f400d53615d38d9773b8de,8551,5461b341decdc57f9e7eefc44a233e5e4fbed1c6,11902,bbcc158fd66b117ddcf8dec244f1c5546197cb61,
E01049,4922,株式会社コーセーホールディングス,S100XSUW,2025-12-31,7930,e448a1a071b82d608fc81b09aa20e1974bdcbfcb,3449,53a6643b7b22e7d01fe9f8708b2a9114807cda47,1584,90deaad95765ae89a4372bc30cbb84b46f4624b9,16798,983bff535d49aa2d365fcdf752f7544b60c3f230,
E00819,4203,住友ベークライト株式会社,S100YE8L,2026-03-31,4369,86bdb33d851f673bc91fca6c09462d82aee17f73,12641,6b0535a2c923316e446259c38e03282180dd560e,2910,297286d31c2b7536668055f18fe2caff4264ad64,13611,0193639aa65bf0e1d79fc0936a76a93ef3fd029d,
E40230,304A,フォルシア株式会社,S100Y6MO,2026-02-28,6241,c55555e94511c4c0208f5342cdab15d9e22860b6,9059,766da0a7f24236167f801531405e29ee004cb920,9696,58a2c90d9ff27644d05e594264869bcc7b087bc8,2823,ced6c3f3c603db4f0b72cd4d91646c90924d4f21,
E02569,1948,株式会社弘電社,S100YFSO,2026-03-31,6936,bf5a03437d1e90a06f2e5394a01a20ff9f37aff6,2647,e4a7238834684fff9318dabd9f19f918b37a1c5b,1854,332f2e2ffb1051db602a411b2407c30fe01c0794,8502,2dcf8dc43c712c8b29b0eca1dc0d35ba991cb895,
E04289,9310,日本トランスシティ株式会社,S100YGL7,2026-03-31,6772,3a72c11ddd22f612e6d6dca1533c1719d6b10d3c,3797,9b17d49e94625d8fb50ed19f7c07fdc5d0eaa114,2389,f769c6c3e7342813a063a1f1daa9688b691c227b,4073,b94d17e34294f0f32df7ea7d741aac03bef89f83,
E02837,7481,尾家産業株式会社,S100YDVR,2026-03-31,5967,9eb17f11cf3120e1c14dfc519d0be72a3948beb1,2259,b8ad246de8a07fbd9de58c6dcf62f00c4c781774,1896,e6cb729a0691868952ce30848c3c19f454f179ac,4109,8c124a6c67fe375088d90c94eb322f6f814371e8,
E21320,6632,株式会社ＪＶＣケンウッド,S100YG3R,2026-03-31,7026,c8638f5b07c905364a6005e5b446d6bf68b4ccc7,19513,53b19359dd46d47a28fe0d88da40a13b6d98573b,4091,406687a2f07c120ca86d5c1904fca7c4d0e17ed1,10927,f98c183c67cf0dd42ca0ce3150a6b81f1267ac62,
E01884,6588,東芝テック株式会社,S100YHCF,2026-03-31,8524,bfb56fa693449bc4bbfebc181608064b8bea8f59,3283,2923b386107d618c24140f8291b2707a26cc7c06,6029,d77e63413fe978f57af3615e5d4e7660868659c5,4165,cf31872d4a07fc05033ea253e0ade715863dbad3,
E37147,4417,グローバルセキュリティエキスパート株式会社,S100YFEX,2026-03-31,5908,19f90e2e726fdd81755b7aee00d27f5da54a358d,3928,7f409bb715d900bd1eac1064dc48f378717c3365,2876,8474461759490c0e1005a5d978c0ca4d6e1dffde,1280,4af005a1b1005af32757b8bb9cbeb511ecd43137,
E03580,8367,株式会社南都銀行,S100YEBM,2026-03-31,10806,c1d2a64be8e40925050eb3f53858dd94f7b221a2,6249,a5ae9f0b274b43263fba145dbe7bb1f5aec628f2,1668,023076cd0b5eab9814f8aeda24dd97c034471b66,11087,8a6217307378602a31625ac9c262660d072f1d9a,
E00006,1377,株式会社　サカタのタネ,S100YXUM,2026-05-31,7804,299c78b167b480ba72807d7cba68acee141bf9d4,3174,20ac475be6f832d9e3350f4b4bc041c6cbb5a64a,3239,bc45a7dbdd2b5fc5310b39b801f1fcb9b093787e,13518,4b0fd43b6c748fc14a53419e965a55dde37eac6b,
E00118,1850,南海辰村建設株式会社,S100Y9NL,2026-03-31,5760,96d7abbd91dfa1b4214f32690006f4e831682897,1634,851e7cdb4bcc2f661010df94eb53a4d06170623a,1326,6994a3bd367955c1648aee0860bffa3b6b36cded,1470,d883d6d92bb25d581086cfc90a1cd13540e78bec,
E01056,4368,扶桑化学工業株式会社,S100YEIS,2026-03-31,13739,771a594c58671ea7119a58739147a3ad89810ae0,5434,6c279eee36feaa3ac8d16f99b3ad9b0f4b4346df,5008,92d6acf44bc3ec7952d04478ae88654d3936baf8,10589,63874cb71eba607574fefc27c2eed56b314476d4,
E01767,6703,沖電気工業株式会社,S100YFGL,2026-03-31,2531,f26471e7bd095fab7cd14142f579d95228555bc4,10650,da24458207f554303a394ef4275967163a4c860d,2059,5129817375e5cfb83b276c4b7bf4b55753438adb,5632,d495bcb405c6f2ee5c14dee333f4523aa234ae2e,
E01733,6258,平田機工株式会社,S100YH6Y,2026-03-31,4468,b06240e8eb4a3197f451a9cd5a41e0c8da212869,3076,6d506bfca58cf5a085c39cbbbac2604bb02b2284,3756,173bd6b1c9001722573f653ed621e816cf50511e,11285,f059e42c1187daec24126be950f386d187d481ca,
E01654,6465,ホシザキ株式会社,S100XSOT,2025-12-31,5629,c9dbbee5f6d7d40de856d79b29bdebd65c4760a4,6879,8cad70700778d9dc682531147ee7818599df8174,3929,78b74712f488f4254d8a9fb15ec0b58fb523488a,8809,5cf80588c7adf00a6a2988f372731786fba3ae3f,
E00888,4365,松本油脂製薬株式会社,S100YG2G,2026-03-31,5818,815c982e48a94071967cfa7d343addd5bf68c80b,748,47000d7db19a4cdc07c82a28a0104c7661591873,1164,500ecab35f0c3b75cc461cd181e9837440dcdf0a,2340,e156fe76b1620f5c5ffa78c1f9ec08380e9ff0c9,
E01182,6971,京セラ株式会社,S100YF47,2026-03-31,17097,5ffee31c86113d807a6f50ccce7c42077a41c1fb,16715,542cd6a5141475223331cdd02f1f32cd20dd6d0d,3515,40a1b1463ea717a72638c27b4997d332cfa944c0,4973,2f41853ef5f3e03661bb884a2c5483a2456aa0a5,
E33254,6552,株式会社ＧａｍｅＷｉｔｈ,S100YYH7,2026-05-31,6010,966abb9e2723eecde90741a97ef72e155aac9dec,7727,152ca1ebc9a6a178d44d05f91edda019841a2e58,3580,37c9bc283525173f61e04f0299ed53afb1a5fbf3,5499,e242efe47359467ffefb73335d1bb7df87d2c988,
E01394,1921,株式会社　巴コーポレーション,S100YLBY,2026-03-31,8377,11e6257f8c18734146c4fbd460109dc27ddf5d53,1861,222e5e46adb51546d8ff0b94a0523acc517dbc3d,1090,7868fb581c6d6157f1078e64003540efce581074,1185,0768acbaaed8134e0b357f5525daf42b66596f80,
E01874,6675,サクサ株式会社,S100YJLC,2026-03-31,11732,cdc861ab9b9d9b22361a0d5bcafda0b82215aea1,3992,467a105b6dbf0f15143fdf9e31bbef45d4f7a134,2371,67833b96b10345a9ecf4bd3e09a9f1fe3189a5c1,7364,e2f3fa9047da19b1f7ad26a44ac35eb56ba9dac5,
E38761,6209,リケンＮＰＲ株式会社,S100YHYP,2026-03-31,4064,cf643b699b095225bf08aeec39fb25fcd5fd0e82,5480,386a6bd0ebfb750a6fd2007da2c48875b660eb7d,3211,2d7c4b24eec0ee1bc5f87c2301209e13b75f7560,8747,8d3dcb29cc6863edfe901deb391aee20b5f5d6a4,
E30919,3696,株式会社セレス,S100XU6S,2025-12-31,6272,e0d22940de5bf883bd4cac2109be9d5bc528e15e,7108,dd8ce60f8118e9f79bbcdc5d7eec8f2383d4096a,2715,6a14ac72a065d9f741253821e2af5cc8224eccaf,17382,2bfb0883139ecb8e0303d3af87148e7647d1296d,
E00433,2612,かどや製油株式会社,S100YEW9,2026-03-31,6933,710855ad10d7f8367b34f564c76de645e41b09bf,4761,6add71650e7705f685ee560f25a3638ba4aceac9,1885,0c0789bced39192fdf2268937dbad88a2a4dd4e1,3463,de1efce191b22f609d3c3f039ffe995709567fe2,
E39409,145A,株式会社Ｌ　ｉｓ　Ｂ,S100XRTM,2025-12-31,5719,fd8cbf1188e40cfb42e9714a23dc2e85c193c46b,7648,6d3c938038510841318d70c2949e41b770923c2b,3802,a4e3de2552db8d47715c46924c7ad7137b0d38b8,1814,e3f0094b16169907b2c87c52b2c7832c6952fc71,
E03332,7637,白銅株式会社,S100YI9D,2026-03-31,7843,d2ad642befbde64395a364f304402806bfbea2bc,6222,ca74b65bdadda38d0673219c6704c647e8e1e0c6,2488,8322a4047487b165097948367ce9ac2e7cb194d8,4377,a1b1f1c73a5d2d8ad87de6827e2dfb9e4832ded1,
E31925,1435,株式会社ｒｏｂｏｔ　ｈｏｍｅ,S100XSYD,2025-12-31,3878,2eaed54e9bfa34175aa988238fadfcbe3a40f473,4381,973a4cbdd1e0dc671c81881b59d54036f2ecb011,2514,577c03c2ae679c11d53a1de8d448c73109e5c984,1401,53b514c7d6e789bd67d37deb6558bb6f24f9511b,
E00448,4229,群栄化学工業株式会社,S100YD30,2026-03-31,3044,02a89f39f3940bfed1c8f9c30786415eac7e886a,2012,50bcc78e505546099589fabc48baa5fc1d7755b1,2290,f2b54a9639effbb18588ed738ba3c072b73cda19,2346,f6e6ca5f474432dd77e68fa2c563d0a83f558983,
E04036,8940,株式会社インテリックス,S100WL3S,2025-05-31,5692,cb732470b3ea9dc5d3baaa8f49ca3a63b0f6dd32,4310,8e722fd8042292c62223b48f15a5172493a1fc2d,2074,72a2c60ea8b24a4145e3daaeec62eabe440712e9,8492,94d60f784e2b8f26f8cf6c40c16ff804c50fdfa0,
E00805,4109,ステラケミファ株式会社,S100YDCE,2026-03-31,4463,e0af69f20379b4c169808fe5395c278e6351bfd2,3859,4be9953e45eba8fc58cd99e86d8970158def2d7b,2542,80f4132ca64103cca1d9c94f34faf410d48cb08f,4330,ecf63db83b02e21c36a89c1ae1c036dc715d88ff,
E21706,2183,株式会社リニカル,S100YGWG,2026-03-31,5659,895e41b6964c5c2e2869cad77f6d372731510a37,3561,f6832b7b01bf9c550e6b84b410e1b56f780e975e,6154,f72f27b00ef45963e7bb96fd02cf8fdc9f475752,6371,7ebd648dde29621c7950e6e504284da84cd760bb,
E02252,7224,新明和工業株式会社,S100YFNV,2026-03-31,6644,25e67324747d56b1cb7e33bc4718f754ee2bd0f1,1944,39666115fb03c9859f6e7acda451f4d215faac76,2061,633a24e31660602fc50c97ba46e1a582781625da,4513,033319757e284bf092efe64747a13eb3cb9b2491,
E41028,438A,株式会社インフキュリオン,S100YL3J,2026-03-31,5845,891f08b47667879c58b650e00102f2725319c10a,9667,845bc05babcc1a2f13e8d35f1d719eadc87c332b,9876,5a823fea4c74ef7765a8c1a01fc0c2b03c0bfba5,2403,deb2f5b9a51edd1d6a38dbdaf9d975b1d14518cf,
E02835,7476,アズワン株式会社,S100YHL5,2026-03-31,10101,29f98e2b62d2fd70ff06222f17a9af7b83f59107,9590,0fb02eca81cecae57e69a3a1bcc39ae83fa9afca,6108,f17e55dca08b328554b4c1fea1160d5d80fd22cb,5134,9b78a3324f00cc283bb03d7c64371ce1d2081a7f,
E01002,4208,ＵＢＥ株式会社,S100YD42,2026-03-31,7756,7e9a0af3714ade5e4e10e4aa9b111e789976b6e6,8979,c254eb99a098e39d93dbbdb6ac4da8dd17126385,3438,51189b8a2034ddc13cc8aefd035a6a9ba2c39f76,9747,2225dd564c6a62849ea8c394e9b771ecd0686dd6,
E26428,6058,株式会社ベクトル,S100Y7IM,2026-02-28,6159,080b544bf17e2adcef2110456ba6f0036cd280a1,6315,28b9968f33ddfbf8b10aacdbe501600c5fc6a317,2492,581b31e254d785c7eb278a15f803f8da68fae391,5264,0795bc073db0f0c48f5e39520973641568ac1c42,
E00232,1905,株式会社テノックス,S100YJFD,2026-03-31,7590,b87caaff49f261a738762d8319f76546b3c2c2a3,3845,e0b9482b7e9175a37a61a4ad969cb348c02afbcc,2572,38d0010080cf4a6fce03cd2acc8ebc8bf8c7c450,7061,b145dc66d9f9743b6911390ca5ce5e758ebff5ff,
E01761,6333,株式会社ＴＥＩＫＯＫＵ,S100YL5Z,2026-03-31,3369,14f4fbff6e6fab05ca4beacf7ba7549674462404,3117,6e552c540886b6b02fc1dc858b5556c5bd7c6121,4461,29771dec8208343ff5f89bba584f3bc7a8971706,6560,ebeb8518b7f1c3e87aec87a8a8d4156494be8a9d,
E32619,3965,株式会社キャピタル・アセット・プランニング,S100XB9Q,2025-09-30,7847,7dc84949b92d72e1f24eac7667599438a277e010,3285,76b0f404232623c4312b714697ea945c84c3575c,4887,f8e91228db8fc73853502cb6615ba245a3a7f459,2301,afb68fa9288e53eea7c4921dd33f39c286a7895f,
E04089,9006,京浜急行電鉄株式会社,S100YK5J,2026-03-31,8891,90d41f2c6b394132436c912a2d190235bf81be8d,3333,3eed8bef4c2cff0e3631cf8f8df6092041a841fe,3157,1f990f872f48345053eca6e3bab07ec5364d00e2,11081,2255dd6e01bd41c3e5e663b0db19f66419f846d9,
E01975,6594,ニデック株式会社,S100WRH7,2025-03-31,11844,f80fcf7ac341bacd9820b4805031b4771b8b290e,16831,7c40d27401727a7b4f64c8b18174e6b673c51925,6210,86ef5089cc82555921990fbd644e69c1f5649405,23969,819855f8b57a4342bbb574c2646d8856cb6e9c12,
E01162,5301,東海カーボン株式会社,S100XU85,2025-12-31,6379,faca7f4170635dc98551537a3e4dc97f4a8d7932,6187,d6031d4541b814f2248f9fb32e948cbf765ca87f,1696,846fa2c7eab5a97518000cdacca6b93148d4da08,5590,347b12869b3f3b3f145668d4f965808055414d2c,
E31453,3915,株式会社テラスカイ,S100Y60F,2026-02-28,11207,d694add589845274708f0f3e75e54e4ab095b298,3017,22943557b5fd75e9bf61a671834641f271a064c4,2108,1f4933a0a45bfca4c93f4fe31e4a2a48fcf66126,3282,6aa9a2901c4870b5923e1f91fc5d84826315c34b,
E02412,7947,株式会社エフピコ,S100YDYF,2026-03-31,8289,afb19ca488c54d0bf4edc61be1a2ba333f6265bf,2773,71e786ff33f888a5dd09a7dd5f318d2815fdf96e,3357,d07e82d9aaf666c962865e7e08904037e35c660c,6983,a51688b23f76d1ccf0439d2309123cd9f5223b9d,
E04817,9757,株式会社船井総研ホールディングス,S100XUVD,2025-12-31,9086,1756df2881466d9f866c3744505280bf0ab08054,6589,aa61b073283e4eb04f36be1c7aa7cbb49fee72b9,3101,9e88b525143f0d59a51a93f8a16a321ebe513683,5700,0e7cb59ea2b26e8b555b07fbc8e1b33c09067a65,
E02371,7972,株式会社イトーキ,S100XRIU,2025-12-31,5069,3dc28a7d16aabd90672527706680043c6f766f0d,5808,791811edf834ba139e8972513c04fbf81b14fada,2794,f496415f25fdb4a3963d4b6ce5cd04372609c7fa,9434,9e3722213071ccfd6c467e97e938650013304365,
E00806,4082,第一稀元素化学工業株式会社,S100Y9OW,2026-03-31,7341,1f8d68944b89c9eb59421dc0df0f9b49ac2addad,3591,93979c9953678c02629fdbee23dd0c816155affb,4906,d2ddd0f8b75b30bfa79d32250d3acbd0851c45de,5887,5b334d2b15f5c3ba70e5bbb45bd07e96680a24f9,
E02423,7917,ＺＡＣＲＯＳ株式会社,S100YAZH,2026-03-31,6933,6d1d3fae89bfa74976cf947f04147fa699c5a82b,4140,b5d0815a84364a13618436601384018bf5eff2c1,3211,7f6322642452655efc73410332589007618cfc30,3598,1597776d98f316a6d9fa51a4cc6a68e3e1bc4457,
E01242,5480,日本冶金工業株式会社,S100YC9N,2026-03-31,6148,101f9b12b0606af94bccae285dc7de0c3af4e3c1,5175,512c048f77a126552e22a3ddf3d5125cb316aa30,3489,c6ee77f0003bfe931465a7a5734239439eca6416,5833,e8e84630a3ec13107c21187767f76fc1fbe2128f,
E01723,6432,株式会社竹内製作所,S100Y78J,2026-02-28,8587,f76d7c5dca5fd099c89937ec8d77c028b46cc295,3874,8590d5c1cfc2b273d63f1ac5b3454239d92302a2,4878,48111d157d336ba0fb3ecf3982e4d7ff6b6a08f3,14771,a343e3e93172ff2477b7626f64b583754a38a0ed,
E04599,9632,スバル興業株式会社,S100Y0Y3,2026-01-31,4443,364426d2ae1800a6c4b29c6cdd7ebbdd00cfca41,2893,be6a030d24f4bdad1db889b7e836d5667bdea578,5379,75fe014a02a0dcd16809efacd13b44c1b155edad,2556,f8941493b68884919cc895bfd2312e4ada371bd4,
E04925,9795,株式会社ステップ,S100X9C6,2025-09-30,5954,a40417e6cd4605616eb609e627830aea4f33cd91,1883,ac6321b8c0ccf0d3866543f892d4c9eafd270d0f,1596,5f4de89ba00f927d278f0ee94e21d378339dee4a,2165,b0d9e76be241692b8fdcbea29b3ad07a6d1c2be0,
E40964,431A,ユーソナー株式会社,S100XTYS,2025-12-31,5116,bccd1e7ac429a414ebe56a60755aa2860e194c6c,7223,c3a9a0de4aa21aff60ba1234dc248c690f9e9273,3726,307996e798eb38d6c8c23de2d9d3d97e98616cf5,2995,582ede9dce9318e830859c98e0611d496dc105fc,
E39009,4811,株式会社ドリーム・アーツ,S100XUWD,2025-12-31,13937,df0ce308a042054988b3779857aa49a97b93f4b0,7798,e8e99ef9a532e5e7e623c48de54f51bf8437f991,17011,6ffbc9aa7ac3beb14c37c2bd0142c772f65a49b8,2895,96398bd1c37b1a802444317a2840f289b82aa010,
E01256,5563,新日本電工株式会社,S100XUK7,2025-12-31,4266,208ce0e118cd6be4193e37c4e2566a68c328b782,4366,36d8d879509ac40a8db4824dc8bd5f22e9fe75ba,2913,318fd9c6125f44125bc08f3ae4e8a33dde8b3e1b,8202,9b947d68e27c5f4d3410de4bc537344690d9a25e,
E05414,4809,パラカ株式会社,S100XB3E,2025-09-30,4228,c249ed5076a05ca8dfdeab086567df5c95604f15,3096,aeb57dd10ceef370de11044c045cba1ae58602f4,2578,2c08b80be439ea824423a1d9c809c5233fcead37,2518,448e0ab03ad72077e1701557bb348c39ee2cb63a,
E02909,4743,株式会社アイティフォー,S100YAUM,2026-03-31,7209,1976e9984914f41f601cc80a830de8d5e8bc7900,4168,7d6ea1a0e0d9bb60f33321053a2000816d7e060f,2041,ef05fe188cb28740283b298f85974b37d2396d1d,11158,0d992f26e02eaefc2b0f5731068859765b625101,
E03344,7649,スギホールディングス株式会社,S100Y3QN,2026-02-28,5639,b5ed3a90062a32440b96c5afd79b407ee0a91a90,2659,2bbddd81476c25e941a9e7e70946d35a48daf66d,1237,b5d440732a774f9870302aa0d8258e742cfbddd6,7896,de06a8f4154ba1b96a0fec730acc94dafc913e29,
E04048,8996,株式会社ハウスフリーダム,S100XS94,2025-12-31,5267,a123154e552e6c7b52d709f71d860a5b635bc7c1,6296,a46ee14fa8b6069f1fc5762e68a4584cb6e84137,1979,14e205afaf900fbc166f33aed51de6ca2464258a,1329,1ed0c689edb5a051c6ad88d5a937a5016410ff64,
E33957,4432,ウイングアーク１ｓｔ株式会社,S100Y628,2026-02-28,10486,a2da283391939bad88d85ce5c7b0a807985d78c9,9172,9629606c3e80fbe6f47df7ba0afe1762a6b61c42,5026,a0d2a639d44282fb678e33eeb69056c5be0c8c3d,6073,25a239eb6df90076e78876be761d2855b8c9ede7,
E03538,,株式会社りそな銀行,S100YDPD,2026-03-31,23276,0de45d36bedcc7e2503ace4093885c1122a8b84e,12461,5d2aaf2b3c814fe0f4dd6b88b82f0775d828d47b,3160,d37da1c03c5ae7e969388c583f507ec286fdf419,6497,5a86d2ca84c1d0d1204b4a0f09a9f54e72a90e5d,
E27305,1419,タマホーム株式会社,S100WL4I,2025-05-31,6529,a41e07d5d1585b5548bad34e7520a96cd447bcb5,2916,f27f8c02c2316741b64cd88626136a09df4100a9,1348,eb0beacdf338b6466fd9015b143944b99c6e0e0d,8395,1a3bd69027a71671efef2acceb254cbab8445f17,
E22101,3633,ＧＭＯペパボ株式会社,S100XS5R,2025-12-31,7565,13598d6a70efbd1c25d67b913d1ee4ee2f8d8d35,7060,489d97ec12dcb944938db94930c44e91f4b21b77,1284,514fbaceff26db6e1ed25912763aa7e4758e587a,4913,3ef1f664fea1bed1580ee16bc4ad64d892a867f2,
E00378,2216,カンロ株式会社,S100XTWS,2025-12-31,3829,80d926a0b148a29af0f583aea5b49a9a3b7864b9,2314,cf2801fe1381cfe03da0601d27d83ecc4a16fd9a,2560,d43bc229165458420b88750535377b16956df41b,10187,af373a7948d2d573d5e0f4f5ced676c03815e49f,
E01417,5947,リンナイ株式会社,S100YJCU,2026-03-31,7348,5f27c7340144b9467cb70f8b3b736fd7fed63ae3,4582,dbaa3945ee1760e7907f2a329f27d770ff4a2358,4802,230e3db8de2752c0b04cab980224b50c6f2b27d1,2557,babbf712d931d6c3a2ec205af179763a80be8572,
E01773,6753,シャープ株式会社,S100YHZV,2026-03-31,6698,59760dd679527e0a75c09a42ae595b3676aee6da,8898,cc15d1b1ea6f62201381ebdfef5ba1efc2e79ff5,2538,c3b2b6641736164d508ef90a38357e0ccdd66193,9728,82576b2867e7d313a71cbac1e71f03b912985934,
E35610,7367,株式会社セルム,S100YL5T,2026-03-31,5857,a4e8bf4e0989c418eea2510bf9fbf0c3b89e56ac,4328,8e1d864062e5c3bad372ba4a67b8df2a038cc764,2699,31867d04d9056ff4d2e5160bb65338293cb81f53,2897,de97aae0f17380cd1c742cbce7a40ed5e119334a,
E24951,4927,株式会社ポーラ・オルビスホールディングス,S100XSDL,2025-12-31,8398,5ac0b66f7ee9aa1fbe9d8c0edbb07da32b92aeb2,6793,89d8c7a31992faf17c050f26180fbac53825709e,2792,118f6c3e322dc702cb64eb3c64fd8dd586cf42be,5455,31d4e485472ce6d9e2351cfec0fac4f8e9c1ae28,
E03762,8622,水戸証券株式会社,S100YDIT,2026-03-31,6336,604ec4a53f85107622c2fd8b3437cb44cade16d1,3439,57becc9a4c9273321620f4adf91e6e290fb6d014,3714,9f533bd68ab7cdb38e9bf0a09077b2e0881122b5,1444,2e99779946022365cc5ee508a969690d794cca11,
E01353,5901,東洋製罐グループホールディングス株式会社,S100YGR9,2026-03-31,6822,b626c64b90d5adec29488af24e6343226bb01d76,9824,3d0c0952a26927147b793278db0cd0467e16f9d1,4290,5a932eee0e106ad35c026ee5c050b1a8818a5778,15855,033047f8d5d0a9e3228dbcd46f4c5b550759d7b2,
E00335,2281,プリマハム株式会社,S100YDH8,2026-03-31,7985,ee221a8d96b6b39200053794460c2a5a283f92b3,2109,c89f2f7fffa4946e13e49865c46e536a3b5ca52b,3032,6ee6b5826559d92acc2ffe7100f05a7bbfef48e6,6332,6d8eb6b123c3c85a44fef95cda46865befa53754,
E41076,456A,ＨＵＭＡＮ　ＭＡＤＥ株式会社,S100Y17X,2026-01-31,4980,53af01b6ba94250cbb910ccaa40dd49470a495f8,7179,53a46aacc94dca66daf7659a631d004f1f34ef31,5607,a29f4be7a85743538ef4632ac0d1d66d8871fdb3,2216,51d3fa7aed93320cfe957eedd1cf71325d3f7ef3,
E04094,9001,東武鉄道株式会社,S100Y8FK,2026-03-31,8302,fbf5e0404fe99b6f4e6d8e414343398b17d3a2cf,4782,55089e3f8b8ddc11ed970451d84da7ac1ec3c6aa,2065,5e199e57d62b8ea4d8ca00d28fe3f8fe4b5decf1,13314,d2561a7ccd1e468f66278386272318f5a6447e1e,
E01955,6965,浜松ホトニクス株式会社,S100XAWU,2025-09-30,8073,50ae77948ae3f22bb0d63a80e9229e8d645b18ec,4866,cf76049acafbae332a89e133385fd73352fadce9,2776,1ebf57aae90701e6d62858e487b251d357ea376e,7244,e4bfc50d935c49f25646951e27ae9ae9fe34af2d,
E04232,9027,株式会社ロジネットジャパン,S100YHHR,2026-03-31,4833,3725a2cfa8b5905d82d5e338ba4d4c9a1f75912f,3834,fef1ce431bc2b40f0cbe969a4620de2af1df9817,1792,7d4fda7e5321e429b9151bae5d548a2ae113845a,4145,fe28ee5a3b632f64c25519fb6d38c13cbeef4632,
E37115,4415,株式会社ブロードエンタープライズ,S100XSGS,2025-12-31,6104,82eee3e1807dbb5b31a659a1872d284fea23694b,5275,953b4da5dbd8858e92cbe129790f910ab700328d,2189,922bf929c4daa7523829633a9eec52317f4757ca,2865,e76bd1df29642eb0489f202e6c3fe3401f935fab,
E33622,8919,株式会社カチタス,S100YGXU,2026-03-31,6586,f3fa2d477a085c9824b6d8a04abf8b3b2521f9af,11245,3b89f615a38bafd127119c80c1cd90ef01219a82,8672,3aa25ed4fad9af13d9a2d751ec3e779fa12b3cf2,4511,3adcf3a4fa058e0b9a36f987e285dcbc8c99a2d7,
E05340,3712,株式会社情報企画,S100XAQC,2025-09-30,3912,e0761eb5f6bb5868a19f97eecf14f77c157661c6,3150,6cfed139c63ffeb07ba42d370032ac5b1c169e2e,2082,7d71764c1c3d47d0765f1e970d136318cccffb97,2524,82af15a1d3294d8f4f1e456761853a4ad0a104fb,
E01607,6479,ミネベアミツミ株式会社,S100YISS,2026-03-31,6133,5827c10c7e146e36ab4087773dcddfa9f5291f70,6685,45a654755c25542e7e31941ac50f73a29b338e75,2409,6013335890a4e6ad0ae9c5d579363f876ac13682,9329,3b7b095bf1532bb35a6acdbf365d82cc4ec130f3,
E37913,7388,株式会社ＦＰパートナー,S100XN8S,2025-11-30,7798,95fbac63944bddee0124484ec786835da150d514,3901,12d02632f1185e5fcee638122c8e3d1201d70944,7560,8a80856c0949831ddec4d6ae450e7dd8f5e2a60c,2376,d31af4121653a38059a2717eb767f4284484acb2,
E00542,3110,日東紡績株式会社,S100YDBM,2026-03-31,4958,c0de93dae0a2a56dfb863a474e2138824b450144,4267,13c74c9c42187ea68bcd05770987284b89b223a4,4746,49a2efcc6e42e3ad75f9cef33e0c00d2f0c48030,2641,bb11da5ccf87e3064c9a2667c31428987ff591ca,
E04324,9065,山九株式会社,S100YJRS,2026-03-31,7080,43ff611b7181279a825f2db745b939e68e6db3ba,4022,d98e75c7eb3d6722920165b33c7f6c6138e9e710,4765,ab520b9b7af21bba029427764f129163f728b072,7795,c8dd23445f32655fb31c772f106a70ce1647e585,
E01280,5659,日本精線株式会社,S100YDZS,2026-03-31,7043,3822e8098bb58faeaa93e93fb755667721bc6c0c,4340,b9dd6fc71347663249f17e649c244ee16baa8238,12764,9fc48195f87f24a57b127a39fbb53b3ceb192edc,12260,82b232e86ee1b457048baabd61f38693d7144896,
E04931,9793,株式会社ダイセキ,S100Y63V,2026-02-28,5131,29e796a9c142a35c618c740463f1b4592f35be48,2053,1870159b917a5c8e881ea3581c09245c2e2cafcd,3280,38bd5b73c39f470c24349a6f2edabce50c5361ab,10607,1ef5d732ca92a0d3cd435e78555b1a2f4694b459,
E03276,7523,アールビバン株式会社,S100YI6G,2026-03-31,6003,1bd973823912d44507b86bcd550765e28ae3ac9d,2155,a2e23a6e9f233013026710f17dcd554952ca1a38,1728,e66f847ee97c4c0e7a43c543853079fdd1b94e41,3306,e94f09953688726ed924b757f34a82fc673dfd88,
E02150,7222,日産車体株式会社,S100YGCO,2026-03-31,4095,49bf37902a011153a0735e5d5d96ec4eb14b0286,6503,d8c24cbe8be9696975bddc49f53b27f5d30d4154,2196,7df30689aa93db510eaac6d26b40a801ff2e5366,6694,ee2757f41ac4170a4bb2fa5696ec11eb2e9ead91,
E04841,9709,ＮＣＳ＆Ａ株式会社,S100YAMN,2026-03-31,7452,1cd7695518788b6a5f24dcecef19ba04a17a1e95,3996,c208cd1c69c2cade5d066b5e1b042d38bcb66d42,2474,7252aa6e7425f6ec9dd41bf018ba38d3ec53d250,5256,0cb07feda3936101cb4b824902d1d7b63f1f72a7,
E02154,7246,プレス工業株式会社,S100YGAC,2026-03-31,6303,c5d8adc16006a57388f4a2cb889b00cf24d466dc,3577,4b39f1c84746230e22f9f0c0c1089e39c3d78370,3717,1b89e23fa7ebd706840ef973d82ad3f1dbd03e03,5855,312be5a752118db951308cfc00c21ab1cc6745c5,
E00772,4047,関東電化工業株式会社,S100YJCK,2026-03-31,6301,262212a91e515f2f4e257a2c8091383560f3c5d5,2713,ef2b263e8b00802c3d094e43a9969ceeeea656f5,2822,f5fa726c6c6a399e2cee5d2b7c934b8e5b3c2a76,8477,82e1b15096f3e0fd3bef705ef8dde777681cc0fd,
E01266,5440,共英製鋼株式会社,S100YGQP,2026-03-31,7213,f4da5c7727735288ebfc5ef053c2b11925ca5768,9878,f96017455028a16dd911651212ad48b76569391d,6352,9e30d6166b94966e64f32c542e6eb6ea23b188a9,14098,8a8f69358be72fd8e8fa6cd269766208288e4176,
E00685,3891,ニッポン高度紙工業株式会社,S100YD7L,2026-03-31,3975,4fbbeac66ec6ff5c77b5d3860458b4943d430118,2665,165d6d87d26c0313f500b8a5ce8fc4847983e4f3,3171,361cc54f3af8d7ddd137a8507051ae07fcda2f65,6293,b175ea848329b3cb8e5005eba579b556da30bd15,
E02027,6824,新コスモス電機株式会社,S100YJBP,2026-03-31,4172,efe5a91a48f75a798973c6ebd6ba1791aaa3d1ee,2338,85b627d0778a6e32bf953aa0bae367a18a8c30a8,1218,e1508ad30dc2b07fc9661a34671c788fc13f7f1b,1076,f25749fa74c49243f770683333c6ae09f650ef92,
E05609,2492,株式会社インフォマート,S100XSO1,2025-12-31,6629,c2949fc7b3c4c374f9845c288fc4ba09f812b62f,6447,0622649ace2ce0d86e1ef62c85fd8d44bfe076c9,998,5f289341b39ae410aafdd6943f429adbdb5a95d3,11708,1163bbe9b9203baac7029896f950fe8d2218ca3c,
E02692,8285,三谷産業株式会社,S100YAL6,2026-03-31,6015,c2977abe6eb35361613e10563bcb4a2878b6be6a,8059,cfa00e9b0d036652315d10df4053f6588fee41cc,9993,2dcd1db27b6187cc56ffdce2b5d827536cbd618e,6219,c0233a78d912dd5cf223f32fe2a68e1d9057f02c,
E02719,9869,加藤産業株式会社,S100XA3X,2025-09-30,5992,69ba5a3ca2eee6f4d13d740b56071e9bbec6c0b8,2559,f573276f1969b4a4e217b692f1361eb951eb358f,2555,2d7c81cdf2c9e174c99e960759ea2a8d9b963d5b,4113,7b2ab1a6b2b5859f99e798fe5511fd6e43260422,
E05474,3765,ガンホー・オンライン・エンターテイメント株式会社,S100XRW5,2025-12-31,4932,22e2ce25eb6d99efb29d49c7f5a212f6e77276b7,10002,3af7f0de140e3f0acd57873488aa66942a221f03,3462,7c57f6996b845f468d9593c803e43cd31fc7746e,1457,f15d80df3f7dcc65e11c569251a662da5eee470d,
E00904,4635,東京インキ株式会社,S100YDYR,2026-03-31,13437,13c5421daf7618b7fbc1edb3113a5ab86aee9659,7906,6a9fe44d2c0d2b7bed1fe453cb9e8c5851147b09,4258,930914c71d62d8044557b5da10a5de31b55f9811,10972,25450c7b3e2fad379ca20ca5027110d6627d7ead,
E38072,5136,ｔｒｉｐｌａ株式会社,S100XH92,2025-10-31,4966,26b6089144dd5e4005f14addf1b7376ebf43d250,11355,c3405c66acac1aad3d509089903d1d6c55abf83c,7241,659487490393a28ad09cf1d1967efd23f1230ea2,1287,8175469558213f0e8f33aa5b51d83ef6ea58b75f,
E02349,7747,朝日インテック株式会社,S100WQNM,2025-06-30,6900,abcc6cb8873beabcba253a3134419594c4c16c4e,7945,7d97c6f00cc1b7929b5d0e36e3cabf588381cf55,5127,d285d2ab2a9e8a6dd1895bdde7beeec8eeb2c7f3,6370,529c3873a305e1051b4073e7be64561c8543bc0b,
E00765,4028,石原産業株式会社,S100YIFO,2026-03-31,3882,8bd68b43c739abf2f07fa4567b3acee2de4b3353,5389,b23e09cc2b3c6373bfe583e06f30bf657f0f4fa3,2575,55c274ef16fd179b811c0b2cde40c57959fcca0d,6093,d80ec7790b053c81f3795594a459c6525f73e141,
E01944,6592,マブチモーター株式会社,S100XUAX,2025-12-31,5055,196dac82b69c5a64cd577cc43c9ac767f2a855c0,5628,a1f2dd4c5db9130e9b2350ef2338724547cd06f0,6126,39fbc0f5a66ad0f9f02a2d9d12f5a038c09fed6b,10351,fbe66034a34c1e2ceb9ffa186780674883d5737f,
E01232,5631,株式会社日本製鋼所,S100Y7BQ,2026-03-31,7462,fd35eaea56903edad75fd0a4961d5d010f035cc4,5555,639e0ae15fb18d524e4528b40a16adcbd9d0e1d2,3213,c91f7f569f94db56b57d05fed9a2c30abbfe004a,5134,84f4b243366f3c195aab4fb1d447c4e7a51b0692,
E01478,6005,三浦工業株式会社,S100YEGC,2026-03-31,5966,e399cab8cfa04563c1893b0f494dcc0980887c71,4887,66e61173c1ab38fd41b486882b22868421390a0c,3143,66cdd7937b1924a91eca6cdaf93ac6713ec4ba4d,7996,ec23b75ec48d19977a028caec1f165e953bc022e,
E03833,,あいおいニッセイ同和損害保険株式会社,S100YN5G,2026-03-31,17194,1fe9ad1a04ea9a767a0a4646de694e903e773831,6924,5cd9d6df9b6a7de9018798f5a80deae59da6afbc,3626,b470640254657fa9cd79cbeb68cad48906ae3b5e,17504,6dfe36e12f8749e85aee10d743e96191f5867d30,
E05623,2122,株式会社インタースペース,S100XC5E,2025-09-30,5878,90d8abca87729463c29ea39245919868033481de,6321,bf040e0534dcb3bc224ac55b288f16e7ddbd52af,2112,86f9b5ffa9f01a17b352cb67fa527078e41a32ac,5154,b9bac1bf5f33de431503aa3233912b5fad51355c,
E30917,6240,ヤマシンフィルタ株式会社,S100YD4Z,2026-03-31,6738,cfdf0e60598657fb85ed8956b3429bdef6d12364,4094,0f0477b21cd1d64f2aeed2f53a63864545eea04e,2776,70300db2d1243f4bb16beccf9cef1a83ea27d614,3682,9c68923ff8a8d7735ea5253326f65d66c3d9aa0a,
E02934,2700,木徳神糧株式会社,S100XSQ8,2025-12-31,5212,f7761e89a41021033266457b0dab87683f327d87,4691,5cada56d9a5a659c170526ce612aba4b40605cfd,2127,09dd9836e57fa6235ba5708ec5eec5813417a075,1835,bd1b4ff250378ffc507c9659dd2aa567cdba6da8,
E01601,6472,ＮＴＮ株式会社,S100Y8YZ,2026-03-31,9283,da90fb5c3ef9b8e46ed51bb8e085c5a46b5b05b9,3396,122f5dd4e52828e56981854e37433213a84f681e,5308,c50662dd76ee3857ed24dfcc277a53eab87449ed,16100,afbc0634782d2b4eb7165a27458dc5b81bad19b8,
E03969,4681,リゾートトラスト株式会社,S100YFZK,2026-03-31,14051,83ee2db136cab4112b9c306ea4ebf014b6049c61,6487,9b9a9665a93dd6f3df3fc35e546366f813b78ad7,2700,b1a14555c7f88147d38f59302707ff0eb10c2eb1,4374,8003e437ecacb538a8fa43ef58cf8d5ccd16bb2d,
E02542,3004,神栄株式会社,S100YANZ,2026-03-31,6492,6ba96058ae7085df163a317cfbde912c00e0c678,2652,9a81547d49cf1afce3c8c04a31d4188c727dbb46,2284,d6b6cd4552f9f8fc50b3b821aff701f7ee32899b,8069,7e68f51aa8e319d8045f42b5c8ade5ac7f312ff8,
E01717,6834,株式会社　精工技研,S100YB9C,2026-03-31,6005,ee9f4b3e753bb0ed78a6634763ce23e7ff7547ce,3422,95ecd1d9017b59454ae2d05f2fd9055e77697361,4817,c74a44bbae2badb7bfb347f0c8902da79aabf5e8,2695,205121ecdabd881954755b6e435144b2173b88d1,
E37060,4379,株式会社Ｐｈｏｔｏｓｙｎｔｈ,S100XV3D,2025-12-31,6504,d7e6723195883778376c22232bbb2021c474ed24,6909,fecc8cb002fdc90f51ff568732979cf1b30f1574,10281,3eeb829475e2dd4e3d5a9ecb806d3b9507de7802,3582,84429eeb0ebc4cf953e80855b465c7162e0bd1c7,
E01382,5975,東プレ株式会社,S100YHLP,2026-03-31,5593,0ab6fe214502b2cbf59b6a3b31f1392787f59c3a,1694,9913c8508656a1d79bc698fb0d23bca4d0924062,2626,25665b5bffa2b9546f6e236311a8f9a4f85abc12,12402,3a0ee7eccb46b7a8b4cdc445e8ac579facf82c80,
E05400,3741,株式会社セック,S100YIG2,2026-03-31,4094,158f49268fbdd130b3155ff99b84adf5f0741d93,4022,c777b9d8d1bb6c2c026a6d5614f562d8c3d6df39,3560,59dd5a89e5b69a379daf4e75707a18f3633a9c6c,4857,eda3b1c39c3ec077848e3db671d968b4e1e496f7,
E35089,7069,株式会社サイバー・バズ,S100XBQ8,2025-09-30,4763,cd0a42cdc51491ff2751e63d4573ed65f3bce630,5637,111a854e8d5b2986810d1698cdb3d3eb7685e295,5553,ae4e9c65a7948342760fcafde2b55c4bac640641,1995,011f04620c00bf5e252042c753084f9fe678c9ea,
E05599,2489,株式会社アドウェイズ,S100XSXU,2025-12-31,7001,67de64659a3eae9cee114e0a2f714b13471df738,5682,267fa310f6d9585839cf706efb6c3fd9920a990d,1962,174db23b43c1172de10b1b069cc4a0dc2e707f5b,2582,813efde6be161d1c5ac5e6a57a36717b7ab922cf,
E31633,4980,デクセリアルズ株式会社,S100YGAR,2026-03-31,5478,67ae3c5cf18c06cc9fbf004c25af77981baa37fa,11689,5770a2fa67e0f4087c8344f88c6ae0f10b2c6241,3577,98bd4b5fd864cc55ac150b034dac77f3195f0a39,19079,2df61d7bfcca50211d592a4955a5ea046acace50,
E05498,2449,株式会社プラップジャパン,S100X6O3,2025-08-31,6679,d2a503a0d194aec81086b401f0bc2ca02c283011,2205,a383a07276f30ae57d3a082851999a524421a6a8,2231,1edcfb9989a825459544266e72f2dfa94372861e,3715,e7ebf5c70608fb3d812210ff0737d9966e3c7e56,
E01572,6369,トーヨーカネツ株式会社,S100YDS7,2026-03-31,6418,fa122471d611f0274949af8e1a9c646654c3fc48,6149,55c4db8d206437962cebed5f9cd8a61ae98ae1b2,2954,ff82d0af460fdc758e79a7b8e04c4189e62febde,5829,80ba55e21f2734b79b6734648c0abcb05a05450b,
E01802,6745,ホーチキ株式会社,S100YH50,2026-03-31,5337,2f8f5ede5089061375d9db2d5be4b5148bfa2c60,2966,150759b5e7ccf34a57b26a2629b6472119c52373,2182,80ffbc9b2af083dd5b66a9782dea0c665833576b,8001,82b1675211a4ef49919f833c4c3d956ec3e51bbe,
E31871,6184,株式会社鎌倉新書,S100Y0J1,2026-01-31,3855,a098a36ae234a23b6efcb32ac07bc16514b07638,4548,01268171799400c4e81218183e05a878c31b0c3e,2673,110dd994448a89f963c5b118dbf11f2e7fee8cae,10198,3b7fe0ba22f13dc5c235ef314b7e3327f7d17f94,
E01321,5757,株式会社ＣＫサンエツ,S100YIA1,2026-03-31,4949,27deb76e9aa921a4f2ca30b9fda44b0d2f032d28,3186,81c7082b3b5a518a7679736211b44e3818e77f54,897,d2781be9247bf0b5a7c27c4451d0fa93cfbee7e5,2184,dd7734b4ea29fc2691f3ad21f8d9b9d8b0793a91,
E41191,479A,ＰＲＯＮＩ株式会社,S100XTAR,2025-12-31,5228,1969a5dd6b7d547a884cf9fc0c3372bd30b65ab0,10027,84eac1d941ba0d3c40ce169a9f5bc0e7c0763030,9518,e003b326633f5f0c77e85464fc327332678b660a,1651,09594a48a406e32f871d0c45e3bcb982b6a3e7a6,
E02293,6966,株式会社三井ハイテック,S100XZDC,2026-01-31,5273,1a5fd88a53a904d64463d56953451bb4fde81c61,4998,565e31885f3620851ab79af8b4d57a082d1cdc10,2063,223a0f4b50c94ffdc73388a446b7a44cbdbe47ce,8539,76644772a516b6f46121370ab039aa6c64398b47,
E01138,5332,ＴＯＴＯ株式会社,S100YC72,2026-03-31,5811,60a606406668335c13dceeab1c9509e3c854a8e7,7624,fad9c99901158c16c3ade96234c7d1a5ec9dedde,4777,3de5f25487dda72d11166779ad0b6197a923ddcf,5369,66977a8e7220edf28b1cfd86faaae1759f3f5987,
E00242,1828,田辺工業株式会社,S100YHGU,2026-03-31,9964,24c9b0d99e6bb03b93daac687ad18a8af0d33852,2230,8716fbd6694fd4f1f2f576e8a8c3cc2101ae75b3,5201,5b6723facc54f9add8a4d79c814d298c844015c7,2661,06481588045f6f8d7fcca0f31a37d285980e2492,
E00544,3105,日清紡ホールディングス株式会社,S100XT05,2025-12-31,7557,9730a3c721b20706e007d4557f355cd867c8d263,3114,5b68757c9499b496784a75fe8232df00fe4fb9ab,1188,0f2961fc10c2f02e2c03855860a01c18c8f41d48,10195,4dd10716fe17750bf235de4134866a20dd717f7d,
E35307,4486,ユナイトアンドグロウ株式会社,S100XRU1,2025-12-31,5605,09ac52f0e04774ad3caed8339fc6db3edd39630a,3605,72044ef8855972c1540ae4633dab2d9c570fc8f4,4011,cd96a7da1cb322ed48c713510de2b3f5e8ab7e6c,1312,570c11b9f9a5d3d61eb03770f21d539471f00be5,
E32642,4189,ＫＨネオケム株式会社,S100XT28,2025-12-31,5233,b631c36a74414df914b5e67b69c8e8a6bea28ecf,6852,ab703b8ced50b574d26317f3c461537e2f8c2ff8,3351,c3c61216dae4485048597b264c531bf916d4e767,7514,3d8e73b037dba9422413165aa7c989c6e9215654,
E26084,9206,株式会社スターフライヤー,S100YJFT,2026-03-31,6349,71b05ee7d9e885c8d7a929694b0d6e27e3996520,8407,ed3ba723028942ad52369d46cc7ed35835523455,1679,9b0d6e4cf4a5b0f6dba354c57284b9caa729c63f,2585,c225ee60bf4732cbb0b9939eaef9bd3ff5892b36,
E05518,3778,さくらインターネット株式会社,S100YBG6,2026-03-31,6012,07c49ddbb0c8deb7793bd7197282e238b7c68f9d,5796,aaa34572caac73a1187132d2d228fdee8bbf723d,1425,80b8f37e0f96bd85c5d9afd45d7888b3fd1ae941,9727,049623f90c4b037ce1ab3bbf35df0471ac7f9f8e,
E05191,4847,株式会社インテリジェント　ウェイブ,S100WP1M,2025-06-30,6502,358d1280f20715a80796f7160c5809d99b8fd39b,5328,9bdaf16f1e2b63eb397e4bd797c1660d12bb98e3,1650,7c27b2d64a63cab1d949d8a4f5b6fdfb341073c9,4448,08bf1d8eff0a6a475195329089f079613c657d6d,
E01599,6463,ＴＰＲ株式会社,S100YDSL,2026-03-31,6508,dddb7c879a71e2f465d7cfe8be77b248901718c9,6398,4c35aaf2ea1c88ee087a68e560064da3cf434da2,2789,dd2eef6e733ac771584d9ffe432bb987db20aade,3353,d4476c6ec387c1281e28765ccd8d85cbfb25b426,
E01413,5930,文化シヤッター株式会社,S100YBKB,2026-03-31,8020,777cbeffcf1b19b5146f6d4650e26378982e87f2,2737,d9680d5297cfb0438998d7f892d2f3a728db1aac,2988,6975ee7dd2926142e8671ab671c680dfb3de32fa,22550,3571f573e5f0141322b4fef1080d1f0f1e601f04,
E02549,8101,株式会社ＧＳＩクレオス,S100YGXI,2026-03-31,5037,a532359daed70a06fafc6a082585fd071ad73e6e,3253,67f447331eda5fa9b19f374e524081aedf061a4f,754,efd2c80ad3245b615ed194cfc22c3095b96e6276,5251,8380d5a0d05058b701bce19f29f957ef2b008199,
E00543,3104,富士紡ホールディングス株式会社,S100YIS2,2026-03-31,8504,cb847e2bc69b907f5c2b3433363203b78457225c,4574,a3f44783998b1fa9208a47246ecbbdc8fcec22c7,3332,a54baa2e341ab3a970e63d20c59eb88a0caf6cbe,6654,4d21c43e5dbe8f36af2c728ec8cb609062be5ff9,
E00182,1992,神田通信機株式会社,S100Y9QZ,2026-03-31,6441,02f2b0299ac96691211ec92a1d8c9c858a4e6c3f,1829,f714218c38f439187d5887b34f6b6a922e3e4a72,3048,c424ecb733edb96dfc8db52314ed2fa8fe76bfa9,2498,4e868b6dc01cef9d2952cefbee7e5f9ba7b89a3a,
E36648,7373,株式会社アイドマ・ホールディングス,S100X7DA,2025-08-31,4923,5ac8184ae2b93d47d59ddb252f0709b628bef54e,6695,e8f00721f9c99e75dd3dba017c0b56059691e998,4490,7eac097a1bafd963490b4fa4ef6f004abf2f6377,1840,8f628e23aa53ae2a4230fc1f6eabaa340b9e6705,
E27062,3668,株式会社コロプラ,S100XB7G,2025-09-30,5554,3d66fd2ef72c9736502022f08151c48e4f9fc33f,8599,4d1c002c7f324e6c46a83065b592ddbfb594e1f6,3028,eb19c118831a1e3c483b8fa29bb12256f7b6dcfa,1870,bf0371701118292d517fe9668f7d5cd296170d01,
E04337,9360,鈴与シンワート株式会社,S100YIBT,2026-03-31,5147,35a6c3c8ca813cf69df99da9814efcc89d501b0e,2717,c87b90f61df8b34a5b80e88ffce382ca5658c4d7,1554,27d5600d477a253193b335a726a715035c6586de,5074,1387fbe28055c6ffb0f86a616455bda635808bb2,
E03792,8700,丸八証券株式会社,S100YEDZ,2026-03-31,4455,5149042e2dc414d5a0e44783e65a4738de3a569c,3541,e2426e81708699297c09b4981c4fdcff5db6fdb0,1656,09777393e78e8bc43d18c49511ddb41bd93d6f8e,1220,5b484287e283f140436e3bde991a1c1f3a5afa9d,
E02221,7296,株式会社エフ・シー・シー,S100YFKQ,2026-03-31,4410,792f34823392896f2db4857d18f9275ea153d6c9,1889,a4be4f1a98b86536810f6645df2552c8ff5daa29,1487,96ee2dccf909ab1ad8e00b3dab165411b10a5d4b,8933,becbdbdcc4ac0bba4ce47bec46242ec68ed235c3,
E34006,,大阪市高速電気軌道株式会社,S100YMEB,2026-03-31,7786,fc18979f96c59e9f75d9fa55d9f51b64c49a0e54,4004,97740a680dbfcba1acaa2bbf9ced120977b76e26,2090,af46a6d7571412103c0d9964492433f2a5afe66e,6575,ee1b6cbf834905fc191d874250814ac5f43ddfeb,
E03036,8022,美津濃株式会社,S100YFWX,2026-03-31,6527,5ea1f502c5d2d13b3f18ab98c8226c6945bf714e,4323,3bdd0f440d0f0aaf2f56138de0fed2ff47ebee54,2366,741226fba51004f7ac0cf0b1cebc01f416f32699,9988,8c0b6050ad7d7e3f00c554a5d89a0879aba10caf,
E01663,6364,株式会社ＡＩＲＭＡＮ,S100YI16,2026-03-31,8217,0a4ba2bb9d71a2eeca98e6581cf59650b4bcb74f,1576,48edc7965d46f983d49256f2f2674cf9966ce5bc,3385,0128d1a17442e7ef926070def842fa7616e2320f,5766,4144a47df8a1189a94c0d68d470d74875e21c3f0,
E04327,9074,日本石油輸送株式会社,S100YC3A,2026-03-31,3267,b1c5ab1f20e98ad85cb1f2cec6bdfefc51420409,2419,06cb8e12d5f039cc77537130b84f511cc2d7928a,2956,9943330fb81352b7aface3ec495aab7cc24b1314,3457,d102b8ee648087833b1dd5c1855b4fdb46d425ed,
E00320,1716,第一カッター興業株式会社,S100WRZ3,2025-06-30,3867,5c7a7f2b7970a64345350ebc71f832ac7e8e74e7,3148,3afc04105293903d61df666ec19f81647a5ec209,2172,0d865ea1ebb9f57f2742bedbcb425b469cd43872,2460,f29ef4b1db07d0de5f5278dffe390447d9c70b8f,
E01947,6810,マクセル株式会社,S100YJH7,2026-03-31,8873,6c062b1e668a496afa84f93d146229e174878078,7134,acfb6655751370293b6566045c8aed210fc4df9c,7962,500ea5dcacae1ab651d170f18d5203d9c5cd1dad,7380,fe2d51ed3e62e4d6ab627d9718b2f18ed88b0d4b,
E05528,9423,株式会社フォーバル・リアルストレート,S100YKOH,2026-03-31,2862,4ce0d067c16dc3ca97c74a3aa68b2dbad385320a,928,f2a932dc26e655328e94607cc7254b90c59f3ed8,2542,c10114632c189ac06b5c4c16ef219196ec487dc4,1762,a5ff503890a8fc62fe21d04f8243bf99b1e951d3,
E27759,3291,飯田グループホールディングス株式会社,S100YID4,2026-03-31,7924,389361b66f5662918ee292d9d0c0598b12c4e9ac,5318,93ae574177f4aca038eeb343d541a6d8fcc2cb70,3691,2d48cf5f34d92c9812b07fafdb52043f2632ed11,11235,76c2e75ba9cc59481b94235d6c0e94326a95533b,
E04795,9768,いであ株式会社,S100XTWL,2025-12-31,13189,9a9bf7f47054535d65ce1b2aecfad774c7ddb1a6,2429,eac91ded90c2043fc9f91d7f0f52ed09b935d073,1857,eb7a988f080363f0a3fc00af15d8fae6326dfd26,5961,fccb0dff8b9e46e3b8a7dde7be408087085c5e1d,
E03596,8392,株式会社大分銀行,S100YDA0,2026-03-31,13442,b95555b995b5428430c00046b1bf0e2f85bb8784,4809,6be8462974ade2a7d48d32b56542ac08cde12c70,2949,19a37c92d651804d308a3d7ef194ce33af8ce89b,6258,969bbf889cdf1e245534c81e8a7648b84f4a018d,
E04275,9233,アジア航測株式会社,S100XAIS,2025-09-30,5491,4008d45e1602770195cbe222700e5d0579c02cdd,3373,b46c7e0eec512d9dfc08f7f699e043abe4d84612,2393,a27326df794dcfc9e76959e10cdb2f982d5d92d1,6301,896a159aabb1de679ba7e518bfb48c5aeb07975f,
E36730,7350,株式会社おきなわフィナンシャルグループ,S100YFFH,2026-03-31,16862,850c6530f62d8fcc2dd71b5741960d62a3d8ac5f,3196,37c44b5cd10f079f26901d9ef410e858d5cd19f5,2243,2d5fd500ec228b7bf1111766a17cbb01830e3f8e,12740,07799360a00cb33b4defdd9b02b023dd696b9ea1,
E01759,6651,日東工業株式会社,S100YIVN,2026-03-31,7782,07c65bc35cefd360a1924e7c6c15101027e156aa,3757,6153b3e72ff8bede51da92cc0fff715b35966b91,4395,186ef7f82c3c8e7c087d607206dd3af8d2d25305,4716,b3ed59ac6ab9af0fee37816d46062c604df0e872,
E02386,7988,株式会社ニフコ,S100YGQB,2026-03-31,8084,cb00a9d25d949362f307692d1facb2c7b1d7f8c0,3280,78c00db67f553fe378c22e528e1d3c9b301b387c,3878,7781895b611372048aa3988ebe2ed5c153289b75,19450,34679bde1b011062eeaa1879ab250e38a282834e,
E02896,7607,株式会社進和,S100X5L9,2025-08-31,6453,7bd6fd627abaf2155c5d43ccb92138d0d8c2c6db,4368,7348e79ac8efc2512d396b45e45f4ff326e0d3a8,3383,b0f9937476900b2a33e1665095a40e13bf3a96e3,3763,2d5ed2eb0f62dc484e1f5dfb3d9d2786700ca9fe,
E22560,4574,大幸薬品株式会社,S100XSJ2,2025-12-31,4814,d87abcd143b884effadefb615332ad53127d39bf,3248,e25f63a118ee6f883ba855da4cf0835c8f11aca0,1100,af8cca339d82e8a4a000d73fbc8f964c8497b263,2792,5452abf21d015e7d7ac599439763bcc152c92a97,
E01774,6754,アンリツ株式会社,S100YH5E,2026-03-31,10188,671b49445f7252d51d0062f3000b18a089c7f1fb,6445,5b4fe0f673bcf3584efade431eb9d03ad5aab6ed,3451,0cac537e2e56563b8d768112cf621b5311a4b8e0,23271,47157f19dcce48995e6f8888796ec612a76ddff5,
E01318,5702,株式会社大紀アルミニウム工業所,S100YCJD,2026-03-31,4367,ce057df952491db10e431395f78100d3fbefd467,1643,e8c1ea757c0fb7167118b5d3bbddbb6e96b5ba75,1585,aea15c87b9adc83f81e6fd279d1ba68deeba21a5,9105,d7b72ac95a75351575e79e9c8f310178c3691040,
E04973,4658,日本空調サービス株式会社,S100YC3N,2026-03-31,9082,f71341acdc4e794a2156595d8bf7abe0f5661a8d,2498,dfbfc76d81efe5436f05b8f7e1a5ac76a72a35bc,3776,809f08e11834ebaeb1b3758b1c6bc02b4e678e8f,5055,dc496acac16defa4ab6a2627f676fd4d573b20a7,
E03693,8572,アコム株式会社,S100YBXA,2026-03-31,18177,794717205b8e8a0462344fa6e2f361eeb5b3d3f0,6543,ea3bbb2229298ce0bb2d88c1d89d76ec811a9fa7,2413,bff2b67f00b54f6081847f625d6097bb298edbbc,8938,852c4afbffc14eb76b8019026267e8f9214f0506,
E04460,9436,沖縄セルラー電話株式会社,S100Y9T5,2026-03-31,7110,ca4f9f0e7c8ae3d2cc7de0c8744b94959e8b6026,6166,2324ff7fa8fe872b1eba3fd0d49690493f388a99,2365,88dc206819f77818d0740e4cb0bca7c854c4e41e,11532,6d68cb0fcc54fca1ce3fea5c55faeb8dfc85bad3,
E01590,6436,アマノ株式会社,S100YJFL,2026-03-31,7625,ab5c968d55b98499df28ee3426809bf91eb57098,2697,6f78be77293b3d5a076a00856301e11b82a70f01,1949,91786dc52b710fa0d64c2badabf26c8f4ad7f659,5381,74ecd6c12a8048237ecc5bdf71d92345780079ef,
E02346,6677,株式会社エスケーエレクトロニクス,S100XB6O,2025-09-30,5040,139370a9444156d61cdeb8748738cabec6bd5c3c,4189,7ba2de0c57985c03b6046ac636735425c78599bf,1458,b176d852ff377bb8a8367443d27a528732b7ccda,3733,5f245cc373afa7d775fb4800ecb199ee79320f96,
E00446,2871,株式会社ニチレイ,S100YCCS,2026-03-31,8541,0303af83a62b535228139cb50d1ba3c5fb6a6c0e,6275,4e13a245cf55905375e90e1443eafd044c6eb6d2,2960,1889977400709cd5cb4af75e4e2cecb1c33a25c7,8099,61f22888459c3bb00fb3f40fd92b41af565ed6b6,
E02656,8137,サンワテクノス株式会社,S100YJ4F,2026-03-31,5568,e4a588d97cd208d3e5755594faa5a1a48ea27583,4050,61a8c8730dcf2b3ed70a82aeb0b8b23666a4aaa2,1275,8e24c118c71dbe314b120dc23191b8fdd9b21e1b,4100,a7f7481afe194da45f5e986aad77b85cc77eb731,
E05729,2168,株式会社パソナグループ,S100YW7F,2026-05-31,9394,9490b72e7a97d80bb395e9d10a7fa9b2234498b7,11493,a16fc8635bda921428c9955398b7b5ebb1e8f29e,2469,4121478a88454e27fa08a2cd154573224179e7a8,8051,956e6600745260c3d7dbaa6cba277488e7c18962,
E02561,8076,株式会社カノークス,S100YAX9,2026-03-31,4818,a4af9e32d9791f105978d66bf3c43ad997d08ca5,3540,6c189336eff0f548f4fb074d571c95945182c099,2900,1b5f27b496d94b6e136c2cc0888e18438f7034d7,4237,1158ecfdcc875745aafa20fe9ad198ad583f1447,
E03632,8524,株式会社北洋銀行,S100YBAP,2026-03-31,15248,6ab2031c6e5aad8ec04b5b9804f6ff3e17f50b23,6476,db250e963ff0df281d900fc7d4916291a1403aa6,1356,c2970a89219210d334b15b6567e1395e9951fd6e,16798,edf119aa87f4084c55573d5fb7bdc7a66172f88d,
E00957,4539,日本ケミファ株式会社,S100YBOB,2026-03-31,3819,ace84fa7fd8199b39b34cb286ae37c928bf8d312,4438,749e7aeaf3d864f8ac4748cdf203f8034547b29c,3088,e038d3c7a44e3608db85c4ad0a062cce19326b67,2418,ea9297780c431950352c346d232cb010e89d891a,
E34498,7043,アルー株式会社,S100XT2J,2025-12-31,6521,714e595c38b2b9ef6a5e4b40d8288ed933dad6e4,4913,3f25e3264430356ce5a9398cde6466afadf83bae,2830,4ffbf9e9db149de5539cf98181b08a7455c877ac,1987,f6e0fd273c91885c28ac502d747d0c5e2dbef493,
E00897,4617,中国塗料株式会社,S100YGSJ,2026-03-31,6836,299bf22a7cfc2963ee462026192d26e3a2f43df8,5368,1fb4983d76218cc05fe65022df85065f58e1681d,2891,e22b5ce8ead5c19cdabe65cce6034790eee6f7d2,11084,41a6a0ae4088f23b8da8a1b6e16924f972438dfa,
E01831,6809,ＴＯＡ株式会社,S100YFVG,2026-03-31,4609,635fc8b099df9d805f34fcc3993115de5af168a5,4955,f879dffe7369e09f96d6b9a462d5d9afee6e9ae9,1826,2bb9d41a7880fd4b141ff6551539262eca21f636,10869,b4085b1f570438e92b2d4810abbd29eef309b70b,
E00990,4911,株式会社資生堂,S100XSCU,2025-12-31,9589,4147f321612d7e36086179af485e321ad49992bc,15093,8e678d8bd0685e34f5764ef1bd0155b0df97a596,1769,5f98e8fed9b44e17ebc1ec5e4e07ff91b147eeda,18196,053cc5a93e4c2fe70e24673f516ba89f29a6d134,
E02173,6356,日本ギア工業株式会社,S100YMQ1,2026-03-31,5657,d91582bb82dca5c2967510037d0c3cdca0b6e487,2574,09ddcf604631773c4bd8299810a6ca3487fc8c42,894,98b358c90cbdddc99410a6b7f35c580905dd3a31,1184,b09057e3d2a4b351b75779ca8cac096ead2dc8fe,
E02466,7846,株式会社パイロットコーポレーション,S100XU5I,2025-12-31,8374,b0700bc4c04107c57de21f9655e3cd84328a8ff7,6339,a8e5318c1fe36c2863f907aa49a203a50da1a5ba,2295,2bba30a2bf22e474aa9184800795af6b6dd319b8,9166,00d8c51f62e4aaaebb249301421fcf229ae2994f,
E31626,3917,株式会社アイリッジ,S100YG4N,2026-03-31,4643,5daf7fda1beb8dcbdd5254f86ab857d1a1785079,5200,166e92c574c5c3d7647abfaa7cd93c72de669bfc,4135,d086cf875c64b6ed867df60e13145117202499ec,1796,6abcfaeecd53ea5dd21357da999cf428c92a39ee,
E01887,6844,新電元工業株式会社,S100YHJ7,2026-03-31,5931,f92f11a0af81c1bbbffbdf299342f75075bde085,5288,e811896a13fab9a3ff01eae653d62d56d99777bc,2967,fa3a77b27d254fe35ae69498b2b273767bf6223d,8353,bbc4a550c1b5746b615692d7d35a005d8c4f2d67,
E02162,7283,愛三工業株式会社,S100Y9N3,2026-03-31,3882,356eff1c9709cc9f76035106a5787fe7198a7df0,3197,852b56234efc8308350e1a42221c2195688ef855,1785,f741557f30755cfd2c75b009a145523eaa3ed36b,7673,a9984baaacf9ba66c604c3640b2e625b271c6170,
E01481,6103,オークマ株式会社,S100YFQC,2026-03-31,8273,d94ff8e3afbd4e7cd2752d1f8d9303d70a9aae97,2880,b009be2165b023985fdcc9bcd2a47bd541c743ff,3362,c9d8b612bf692c28d6ccce621906b34c396ef82d,12873,87bbf05351c3bcb4d47f53efbff863e0653a2ff1,
E37143,7134,株式会社アップガレージグループ,S100YFV1,2026-03-31,6728,577a21bf9d1aba803061f80ba859f16642a84b5c,9505,8d41a1f4d61ccf6d4bb140b79aff00adbf440c45,3902,30aa32a9a92f36815ba569a24b010bfe1bcaea85,4965,2355c2128ca526e12006fb806810f4a77396baa7,
E01643,6247,株式会社日阪製作所,S100YJL5,2026-03-31,6819,995393e507fce0edbda19b37fe01db672bfcc92e,2162,062ef0d1c608919bf641ede9eff34eee395d1f87,5088,e6cf4df79818a569f506c8ff44d72c35792810ba,2597,5a63b7b5b9060b204ae1ebbe95070c4dfd542bc0,
E03590,8387,株式会社四国銀行,S100YD3N,2026-03-31,16248,201a62b40ae67645fefb94a6bd7f9603a556615d,6672,93d05b025da45cd67b9a7ff59650005ce6126f7b,2355,a0c1cd6009ffc8c7905e55de7e2812e9896fa437,7911,6da60cf94acba4aa90c62b53e7fbef5f0bb6a13b,
E00845,4228,積水化成品工業株式会社,S100YI2M,2026-03-31,9309,12c403ae097de666e9db1d95461c83b986ed6aa7,3230,626a6ae3aa73f347c8f4f21f1f6a0a343dc8c51b,2265,ab72d091a30c6cf6e51f5c9efd78acbde3305eba,5912,d2345d5f0e26e9f416751c2b76b06da6952b817f,
E01223,5310,東洋炭素株式会社,S100XTP9,2025-12-31,5797,d9ade68553234d22645aabbd13ba47370d692bb2,3063,ed87c1c9be8a94146b65320978908cc887ee860e,1867,98b897834ade3797301a52a6230d50de50f4627f,3881,23356465253fe13b115ca013c52653216975db79,
E01909,6407,ＣＫＤ株式会社,S100YGB2,2026-03-31,4284,1f50374dea9d948f2e972b1d2e6ac126ccb1b4cb,3171,c4cd76f8aa33c3ae7ac8fe4bb9326b1d94785c56,3556,11e1d23a22421ce50835f55d2a38434cb17104b6,6520,2a5879d9f6e8917a9293c899ed8dc3c936c15908,
E03248,7453,株式会社　良品計画,S100X5NI,2025-08-31,4180,9ac140df89caba6b7c13ca0b9e15e8a004349f67,3032,c4b9457f76e855b496f0d10610827cc1e9490902,922,1de17e7fe136c24558ee17ec5f2ed7136ab181c6,14588,42ac4a7f732ea67ede60590365983bb0276e5217,
E01350,5819,カナレ電気株式会社,S100XRBT,2025-12-31,5283,0642f2247bd8ba3250631ee49717f5d5a4600546,2086,f97506ec1f601ffdc09c137c21f134a8fc666505,869,06345076dcd3b67507cf1c80a3ce6591c3d48d72,2230,5bff5f59a6e86a003e4cdd17b78b93836fe57dd1,
E01098,5192,三ツ星ベルト株式会社,S100YJBU,2026-03-31,8032,abd8b12b2aa4aa4702f5a892afcd902d72d1fbca,3454,91601b6f3e70d7f893cb48be60be863f58405e17,1808,21ecebb938620e65e8a95dff71a6f035ef42d562,9193,97a0c609d0737f7ef2319718d74ddbed25c8737a,
E34509,4428,株式会社シノプス,S100XUCN,2025-12-31,5182,9fcb995035e9d03418aa4b00929ac0b3147b5633,6206,5999107e97bd654cecfda2c95c55746619aaea39,3108,7d7b6b196096778723d8c49b1d241b021c2eee28,1291,7000045962c96b763bbbc77605852f7d6e8e1fbe,
E03587,8388,株式会社阿波銀行,S100YAMP,2026-03-31,19048,6ff100e5efee985197bdbda5640324f2df0e26fd,7891,6efe82dd95711e6195b6006035f86631d2f4ee25,4246,9cc618e7854cff042a71399758624dfd570f6de4,17181,f0594097413815e476be9e8cba31fe072489bf3a,
E01898,6995,株式会社東海理化電機製作所,S100Y9M2,2026-03-31,5387,68cd5dfe8308464cb6b6a83cfe90c25d48e4a257,5322,e8e396803252754ae94ccea3835667f1bb53f89d,1731,7a82efb50cdb08a7f5322bf51556df57d76a21f5,8953,4d161b9dafad1cf6eac44b61ac6f9ac80a0c38de,
E33819,3489,株式会社フェイスネットワーク,S100YHL1,2026-03-31,6452,0f97ba0bfb6d0132f9c2b06661f9a1e5a413265b,7270,ad2877bb436cd99a9613920dd22e6931b31cbbde,2320,7bf4f653b7756221be0d894bb805049bb720c47a,3951,1bd3ee90e42fc2753de17240f68dcd55ee580e10,
E00703,7915,ＮＩＳＳＨＡ株式会社,S100XS06,2025-12-31,6870,d70ea7d6aa0babc5a7e05894f7158e5d60582ade,5992,9932d3f9ae01267a6d6e22751d22739585ffb5fe,1479,14fc79c52e19ff74144ed0da8433ed076966eb60,7105,ef72f5c97b4fcc949ba14239ef333d834ac4951b,
E40018,264A,株式会社Ｓｃｈｏｏ,S100XCX0,2025-09-30,4439,99a1526756d3d4480f45a8daf13f340237a55f00,9869,5db5d0c07dccc5e47b450225256dc22ff3256b78,6536,cde1e41b6a34be4441d3d79221e931226bc8ae49,2304,716d06887d9775afd13daca38db8ff1c21fc6b63,
E01636,6363,株式会社酉島製作所,S100YDRV,2026-03-31,8373,56af2d54ec3b2d02a19b5d28acec0d00de1b62e7,5215,468ede54764a3aba5a218575df11075c10baf14f,8447,d44601a432e2e67f3436bab4966479f7a2d4383c,10606,2866ac9e79584ea786ba8a5cc4f17feb9854b6fe,
E01332,5801,古河電気工業株式会社,S100YCF0,2026-03-31,5949,80b9c52845c756bda308ca49bacad42d723cf885,8716,079b7e156a9bcc8459bb8f1b1c59a257d49db7bc,19538,3f50e8aad89ab4c0cbe4c0c506680c323e6365c0,22183,68da65b5bf632ec7802f322f678e5adea38940d2,
E01034,4958,長谷川香料株式会社,S100XAHE,2025-09-30,8383,ea1d36f54a438e8363e54082fdf1d03151cb0f72,4153,ab96f87f66f3c37e11488f045514f818325017d7,2934,658580412cc55816e5e8653d64c16b42316336ed,5961,2967ed941f291dbe591a2c20dd6b8b65ae332745,
E01828,6807,日本航空電子工業株式会社,S100YF73,2026-03-31,5034,acfa5a834dd8943ce2e29e49678bf4a8afc2a9d4,3623,3a73287ff2316baf5009a259e6fabcc37e8d57bd,4085,26ba86c4c56c00952cf06698401d0af537d7766e,6714,c18378334e59c0d480b97e6b528bf1c975d1acb5,
E36223,9248,人・夢・技術グループ株式会社,S100XBUH,2025-09-30,8195,37164178f870aa44b0802a31a7ca91e7bb4454b2,4185,8f67baf429d91014de2239e2a279b9dc1ae28f9f,5925,4026c991437ad2383a83a946a223dd87921eeeeb,5415,2553ca15958548d57b70ce0d4b029b1bf79ac2ee,
E04926,4665,株式会社ダスキン,S100YEAI,2026-03-31,10324,7a1970173dcd80ba7b58f09696b1f8babf633493,4501,19f3d2f89645988417e960ba633a4956a77ef67a,2627,15f9be7f3af8df67edf09fbe8e53bc8f17a1fa6c,5236,f8abadf41ce07cc44bcda9f0707ea0d752052797,
E34486,1450,ＴＡＮＡＫＥＮ株式会社,S100YEWF,2026-03-31,4993,98c7cc968433dcddc0a44bd332baca700745b91e,3669,dff5bea2b607ec0dc9177bec891abc65874de56b,2238,81e115d9cfe2a81dc2595e9777611d8f6e0c849d,1591,199d0ba73d79ef80ebb7e26d1422332e332b3c15,
E05286,2301,株式会社学情,S100XGG2,2025-10-31,5549,7080f8f3a3705da2aa2ce99bdb43485efafd8e30,5119,759ae935ff813127f8ad238afde62c78dc128e81,2069,3f092e2b9f3835258eecf8659c2e1bfb406f42f1,5198,324e8f63ba7a702acec4af254a13d506e9a456cd,
E38477,5255,株式会社モンスターラボ,S100XVZN,2025-12-31,6921,0809ac71d8f5952f66eadc69526835909e8a0ecb,9600,11ea78c88136a97afead0cedb8be7e6e9dec01f8,7517,6fd8ae9162bf40d85e18ba2fee886755b2dd0f30,5183,675627f27ed0ca66afc8ef99ef0d35771699cf62,
E01253,5463,丸一鋼管株式会社,S100YDSC,2026-03-31,5539,a2f623fa0c3160d8d6b1f58c94145924011254df,2118,acd7aa3752fd695d35fd3748ff8147eceedbc270,3327,b876cc539c86adcb984918aa2aa962090101ca1c,3975,cee9487ae9dac1bf714bf7db2fd46362a7c8d09a,
E01676,6277,ホソカワミクロン株式会社,S100XB4O,2025-09-30,6308,4a56f8c106e848b5b88d85a765920618a31c9e23,3530,071c442eef98b387e92a04f7245b488c95ac941b,3545,389f6b06544438d859563b347e4f781f007db0b3,6687,ea9eab1c4d22f3efb80001cf0082941a528dfbd8,
E04589,9633,東京テアトル株式会社,S100YL02,2026-03-31,4430,5ebd6da86c590eaa66b1daac27aa4f8bcff5cb72,3279,9b0799c87f4202dc75fe342b518b88d306342af0,4258,5e2b21a7dc455bcad0127516461c51b23c23b99d,2747,cc0874376aa24af0f6943a3c647d6187b530a6c4,
E38460,5256,株式会社Ｆｕｓｉｃ,S100WQGU,2025-06-30,4646,d6d84aca6da748165fea84f28452882052665a6d,9174,ca4a53f67f30989c971e2cadd766c9c218b9c0f4,4458,b23c91ec65d20dd40a545508ee8e55e36ca5689b,3942,cadc92d9c36702c9a08a3f78d06b3d79dcc39057,
E25282,1909,日本ドライケミカル株式会社,S100YNKG,2026-03-31,3822,a26eacd46ee136249452c41d85c68a2b41e577b8,4456,c568815aaaf86a5c3d6ef385656a5d9a96a07287,2956,055b23042230cc95fef10b8e8bbffa61c94c6beb,2025,52c6ea10196fb0a70a19a743b07e61520d8e0db6,
E32991,3560,株式会社ほぼ日,S100X6M7,2025-08-31,6740,437c436888c174ac6b3fa96328a013b7d078bb0d,5966,f47d73e2183414e823d1a54d56d59b2af292c78f,2986,0def310aeb3f04e98ef30d2029eaa52f27bf8276,3413,925ad7646fd2a9ea175315e8fa7c07d6e4ba49aa,
E35516,4498,サイバートラスト株式会社,S100YI8R,2026-03-31,6024,8da21da538ea5fd9c0d7e5413d50c38e43906948,9814,364784209eb93396d24658284c1f22f0735a392a,4981,de500768c810f19fc4923ec4faa7eee9bea89a2d,2555,8a90fe1010ca4ce51ca9e2869a51b60f8bbaa5f9,
E25682,3653,株式会社モルフォ,S100XHZH,2025-10-31,4520,95a233ab647460fc2d82cdb6ce5ea008041b99e0,1570,58d55a5e50430ae43e676c48e66955dba95abf5d,1961,d6dfc7f1535159f54f94b8490294a92154abd201,1089,5e470746ebf3fa37f536b05f6910500440506fbb,
E03588,8386,株式会社百十四銀行,S100YA4U,2026-03-31,18146,121cd2de30514b15ffd7e632670d342ee822ab02,4208,95aa507820d5422e957a3b1978795efc3454d0fc,3936,21f22c6f2b139496c26106c469544fff7c7f582d,16493,e5c69839980bea22251304f06f49ed1df516ec4d,
E03543,8345,株式会社岩手銀行,S100YD6A,2026-03-31,12543,b60bb412c324daee277acd3b5aea064e8a1f5281,7017,607e1ea6460ad39fded8240b3a3a7434c496f614,3552,22d88579ddc46d1fe98a78f7b4ad564e80ed5766,17979,943b0c3ace3eefb58980eccfbf8c83f69c8b3946,
E01667,6349,株式会社小森コーポレーション,S100YCBI,2026-03-31,7479,c1b6df8b7585ce544c27cd008267c5f7b0621ec3,4762,75a051ad5ace6142458c6f494818820049969dad,2261,8815ddee1a878223c3733bc38d84b442463db985,4877,b78fe783dbfe8eb9efef9ecc648ba373bb11ba29,
E03555,8336,株式会社武蔵野銀行,S100YDFO,2026-03-31,16498,f7775684ffb5e79cae317e88f2624cae2cea18b8,5111,e64bc3394eb51220522d044410a6cab79a3d40aa,3960,9a1a87f8c345b9c2c03d39fb8a99563eedc98767,21578,d30718bde37f18460f78a958cf9bd44fe83c06b6,
E34814,4441,トビラシステムズ株式会社,S100XH6J,2025-10-31,5321,47da9f86fc9a342fa44fd417fe3c143a1605a655,3730,eba8ff225c906f8a6b3c3e755aef32c240f4cf66,3360,3ecbd77c3a09b5a6c63a6d07fbe626675e2a8c8c,2891,a5759061f83b807bb695bdf083d25be9ff385cba,
E37833,5036,日本ビジネスシステムズ株式会社,S100XB8X,2025-09-30,5102,3126fd353eaa2d217fb00f74c89c32404030255d,7904,c65e926e48d61665b0561ef40eba77a80c487874,7696,dd69fe1d9566921e5c79544168ee01a10821971c,4447,49fb13b506ed7699320572ec42589efe7ff52eba,
E04002,,イオンモール株式会社,S100Y4US,2026-02-28,9634,55ee5b99c267bb463c760e56e537ae18ec5783e4,11906,e8f9f7cf80a57954d6987a8c2ec55d42898f4fa1,1383,32e1db0b21ed4f617eb8df7b8a6acabb83e1f479,22650,766ba6e0fed3ab8454d4dff1d36f357ec04efdfd,
E01121,5202,日本板硝子株式会社,S100YL06,2026-03-31,5993,f6cb4176a32e551748f16c97cbc8f127fb2839b4,14069,382426f1592d510bbd870f3a33fd44ee14ae67aa,4419,d2cbbb7042948afcdb1037e122f9ad3613a1a33d,8060,006baa8d54ff53690102fad53b12cbc13b393e49,
E01797,6794,フォスター電機株式会社,S100YJIM,2026-03-31,5383,68dcc969b535874ed4929106426cfaa8c26f4ab3,4556,7d93b3c4e34592e1f0e4997562da14c33a6a9010,2428,f7928e73d4735851dfcf3766f99b6da2c37071e1,18712,2001d63fa415f72d1128c0fc4e4590a3f8d5697a,
E04178,9068,丸全昭和運輸株式会社,S100YKCI,2026-03-31,5284,64b6e984fc5d2b5d28df745bfd3c5ba16b196d99,2598,37ab7fbc07246a22b95f3190f78fb73c2259f3ae,3550,667da1ce6222bf9cabf47c8f0d5560845c5175ce,7211,385c56947690331979c12080ff3a5183a4d147ac,
E02225,7299,フジオーゼックス株式会社,S100YCH0,2026-03-31,4784,bbb7f3c643ac82b93bd9e23e7e22370b2075c8a8,4121,875b9b20da2bad9b2cdc8b5f13123da133385382,2691,75c03f693350b87403c4647fd80ad1c859546edb,5242,ee3b25974723d1f600c3dea4ed36460d00b338f5,
E03827,,損害保険ジャパン株式会社,S100YC6H,2026-03-31,8775,c5acdb23f9e1ad0e18bf80b162954c55f89fd2f7,11350,819c97c3ab7833a2ad014a0bd7b13d090c399c7b,6722,5382760593bd1ed3e514e2da74673686d9ba918a,29978,2a483a3f776ccc7cf22015c803c7cb1668ea2df4,sustainability
E04912,8570,イオンフィナンシャルサービス株式会社,S100Y53G,2026-02-28,10991,dd5b0608e67dbb9abfa170f51bd0fb69cf18eede,8660,be4ef9cbc8e7d8961fd008da65bfa4b068f61612,3465,16adc9855f79caf8caff075502537586577048c6,8331,b405138c8a96ddbe89b4b33d0576ac7af4332513,
E00770,4045,東亞合成株式会社,S100XTI8,2025-12-31,6127,f127ad74143d695980c0204f5128820ab7ba5c19,5258,2617a5587ef142968beed286a09b69e9a6fab19c,1840,d82b3abe086f03f94e682fc07410cd1d9bc4ec9a,4644,5194ec19d043387fcb4934a4845fce18c0dd35b1,
E02382,7990,グローブライド株式会社,S100YGZ1,2026-03-31,3710,215c01222b01390fa19ecdeef73d12dc0cfbcaa7,1934,2abe4e1efd10ff6d7558a9effe3e62dfdf540e96,2316,d0f567fd9b0a78f69400fbc98eb20846affcd4c5,5787,a4a03bbef570f9baadc702f41d271b9ec4e176e1,
E02742,9824,泉州電業株式会社,S100XHVV,2025-10-31,4549,3ad0b8b860cae06c7517923d77ad505e544bbb51,2862,f727b753ec8092bc1a7432e3869fc7ebcf5c0a10,1930,9a193785abc0ce10a6d30befdda01918524d052f,3014,a8cd5b064811178d2a32848b0779b20bf1da4169,
E05313,8908,株式会社毎日コムネット,S100YY3A,2026-05-31,6513,43fdc74e1c72dce4d66128c3f06b85d0930447bf,5032,662a430caaae2a98042e2c73bf8162d5caec5c09,3837,7b469173b64db40c18bc3e72651aafadca1e4923,1905,e38e4a9338b1265a078271e7e614ba302560f5fc,
E36988,9250,株式会社ＧＲＣＳ,S100XNEI,2025-11-30,6152,360f9b4f565ebb6b96d12dc67ad6dee0e9ff33b5,5515,97743aef4b49207debc1808f2c8a51acf58839c4,4887,590d3cabe4d1881dd8847b9d46fecb001be0a364,1442,2848184be5b41c7375149d0b2dad35fa2e8f0df8,
E02749,9908,日本電計株式会社,S100YDG7,2026-03-31,6898,92abd8c488a906bc01dac4d875d49a8b05e77b05,3678,bca07a03b967ff09b88f3e5dce67c1b5e330c97f,1734,5cc8a5af63b4c7b97d2d611366b73fe30e87c38a,4879,acfc48a5351d1f0d7a03fa16171058b104af006d,
E01921,6853,株式会社共和電業,S100XSGM,2025-12-31,4871,96cbee15656c430413d949d10c284805e18b0c3c,2165,bf9bd52a93e63f59b54b56ec9636d8c3a95fb8bf,1641,75be8f9ca59fbe5b6dbfa3aad36dae89cdc44efc,9807,13d3d689ece041db248ba72ec56e62d877f230c4,
E00881,4404,ミヨシ油脂株式会社,S100XSY8,2025-12-31,6854,4836ce3d8d0e754c5891378b2391632056b7c330,3386,42d189d4ab583d4422d8abf0f8996dcabedfbaff,1625,f08c002fdf8e39aac47179f204a5451d34a4015f,3192,e799214c0cdaae0c043c013006db476bf38009f4,
E00716,7893,株式会社プロネクサス,S100YEYJ,2026-03-31,7942,e1493ed6b300e8b25d737ceec2c93022061a30c6,4454,ded7c83027dc8087e13825bd47bd312d4746c2fc,4057,3c3146d2162f8c13b763f04ec324fe04fe19caea,4050,10c9e01160f946f70d2319b94f28c690c2dc15d0,
E40399,330A,株式会社ＴａｌｅｎｔＸ,S100YGDN,2026-03-31,4162,46b18a8b4f9b15010220fd012d19ad35c3ec9d9c,6592,0e97599bc50164a1050fd786d93b04071027699c,6616,2333ac59af76e00adaab2650a51018c7d049d6c6,2254,b19876b6e8042c6e24f540d97f952f0b21211a42,
E01548,6245,株式会社ヒラノテクシード,S100YIRK,2026-03-31,7832,ee57bdf91035799590f95bb69ef1ff56238979df,3065,71f72e3d4627992d1c9add034398b04c32bd6980,1996,ef3c06b60e37f2eb8316a69553356e7c2a3afe8c,2532,ea1db74aa7f5b85d791e12355b3d8bcec41b7cc2,
E01051,4970,東洋合成工業株式会社,S100YGHH,2026-03-31,5765,54518d13ef8534324e12b29679eaf0cd0d7af759,3266,f8c0909e02a9c851ed074088fed590d8f7079c60,2915,060dfe9df37258f72d7057a2592c1199ce00b2c6,12443,739929ab345ab8da0f3b34b97d58351f9e17e919,
E38491,5258,株式会社トランザクション・メディア・ネットワークス,S100YJ6W,2026-03-31,7222,95ad3370a5a2e80181f927c2a99a611776ede032,6819,b5d3bd421ac2ce17e65ef66da117d9bc69e4eb9f,5380,90ecfd0a345e93f4d56f0ba85a2d1d0430c13d98,5005,f3ad4b14e4b2202711977d5dcae3dd667cd57736,
E04093,9010,富士急行株式会社,S100YBGE,2026-03-31,7503,70165ae449f743aff816abdb8e281c54f43e455c,3257,7f706fb6bcf18b677aa2b3612116c3b2dab5e5c2,3766,6933de76887c3ba2beafa910f68b0753c8156679,8730,98e84b17474a60069544fa1baff29802d7118d15,
E03407,2767,円谷フィールズホールディングス株式会社,S100YBQC,2026-03-31,5955,c7c8013577d881d3e5ebb6649ac4d45cc6ad90c9,6951,fde9722cb28029d00d5ced010237505b2dbd5495,2154,d93d5056eb8089375bc70c230b29420037ff2f26,14209,80e9b617e6ac8124255355010ef26335e26ce353,
E26032,6054,株式会社リブセンス,S100XSWS,2025-12-31,4843,91d071c43852871cb608aac8b575bb5e2e382ebd,6254,390387fd13c3a4f78444e153f849cbde92d3079a,2224,1a8dcf20077c1a9485f2903606c23f12d6c74ded,2832,d69d3f243bfdd48b3681e96878e4e7a2cc540c13,
E00810,4113,田岡化学工業株式会社,S100YCNV,2026-03-31,5449,77b899bc89006c4ee60dd9b8123571a3c41f95e8,2902,9ebf144952d3ddfac42d3515eef24a1355a4d03d,2360,ab06abcc9fa49b025f8a3f2a8189a6db2715f1e5,3992,6d8b6b44756cb6b7f73f2c2c905804659ca15000,
E02644,8060,キヤノンマーケティングジャパン株式会社,S100XS8C,2025-12-31,7846,cce43605c825849d7b94912a8d08f04c5fe3afaa,3367,2a3968e53b313c5bb1876815d6f1219ccc6e8415,1425,aa5a1e9d8768de1ed2b5225b5e5268cb641a8dd8,11921,eaa5b9198b1ded117121d3c8caf630370d035145,
E04889,9640,株式会社セゾンテクノロジー,S100YC54,2026-03-31,9959,fa84d120fb80214e66bf997397cff7839033bc0f,3799,4be215a52cf91cc267bfe965bba2ee56a7aaa500,2086,9c2d857c08c8f3cec854817d416528653af74727,5721,6703643de678b7db39a5f945695a305cb59c8028,
E01496,6135,株式会社　牧野フライス製作所,S100YEQK,2026-03-31,6945,7d72e9359f4d79858634a777d3150625fcb64bda,1087,e76e955b071fee48a32783281372951cd517138d,783,eaa6c62ee450dbaeefccd9113c3dd1db665dbf91,2932,994529b7e4bee0e8e64546cf51151656474ab8b7,
E00167,1807,株式会社佐藤渡辺,S100YJEE,2026-03-31,7048,1abde0a4cca8af3a964af4ed77d6cfb93cc9e847,1631,2ef36b38e7875d290d309cf5781383ae593c94a5,1835,56e80ebb9d4567e5444a0cf9fc30a1d098917c03,5778,396e8203da21968ef433296cee015037c9654c55,
E03492,262A,株式会社インターメスティック,S100XT2Q,2025-12-31,6232,c158b2b49291e5212d01c93802e59b1d8be5f9c7,9996,af6a063d1f1b0f5c01cabc4d892c65999f2491ca,2064,97d456ae2a5dcae82c48517fd531fec7bccd201e,1735,739cdc619006758ad4277505d95b910478e82581,
E37130,4414,株式会社フレクト,S100YG80,2026-03-31,7523,ca72e0b5c78a2aec45f1953589b3f3c0c0b63469,6295,5eaa4be3239a0fdbd581adfb4bf73a6695e8dd39,7155,fcb6e66b8977fa043ec71cef3b39e9501ac5b47a,1279,28701aeca5c51f0fd49e16c3b7a4d18fc8be3634,
E24457,3640,株式会社電算,S100YJ1O,2026-03-31,7919,4278298197006dd359bf78c0614417dd71e1a758,5816,d17c76578c1b5c02a95c704b6751c5c8809369fd,6646,392d00e72e721780666d606b48905804c570c685,3263,aa3eccbbd670729beea3fe522e6743dbf79e523d,
E02864,7537,丸文株式会社,S100YIN7,2026-03-31,6320,607d235990f648db711deb7c7439a062ef994bd2,3743,e1c67a3959bf7be6c34cca4d2af407ba23882b42,3510,7d8da9baa5e50155e2966c039822d9bda2ed6095,3458,bb378dbc7c6604a01ae3cd969cae2daa4d94520b,
E02066,6750,エレコム株式会社,S100YK25,2026-03-31,8135,a4c8d714f2ba64f30e89ac6a216d0d1ba1fd809d,5624,12ca2938f470bdcc30ebf432df4c881e524a2b98,3718,97f700da398dd46fbc527b44f34ffa0c685a9a4e,9390,fd3784607015bf8047b0e80002ff17be05b84312,
E00771,4046,株式会社大阪ソーダ,S100YKCT,2026-03-31,4157,6ca345549a36becaff4823d1f26cb4129a0f7f3e,2725,12481e539ab80a27a33aba2cb23e8a2fa7089df1,2042,ea7daefa4043cd68216c10324c275773f8aa8ea0,2915,d8213c6475c22727a96c2cace6095a78fa19f823,
E00674,3950,ザ・パック株式会社,S100XU2H,2025-12-31,4934,f9916a2609538e0a81ecf67cfec53a295cd954cf,2816,4031cc84454444a0864a6fee6f5494d4b0ea1efa,2623,2b46622392187530fc8bb3b598549857fa7bf1e1,3951,4d312173a4c46a78d251e28b38bffa4ed77b6caf,
E05584,2484,株式会社出前館,S100X153,2025-08-31,7079,c3a1684ac258d56ce97aaea366a2a869833e0fc2,7378,389d6caa4f06bb52843c4ab9d1f3730816842830,3078,6508247cb75a633cd6efd0dd19db7c55f960f5bf,2389,ce3f474e282a4fc9cb0c684af32dfacae278188c,
E38957,5590,株式会社ネットスターズ,S100XTGZ,2025-12-31,5485,054b8be673ae821dd9d1e522837aa1230602441c,6423,bf31969f1d70a9e6c4580c486fa785ddaede0d2f,2910,960f04569f31ace80c8a887657df1a5910e6c411,1629,dad1d0c34fe2a129fe8801fe112bb2cc0e74fb6d,
E00761,4023,株式会社クレハ,S100YFHO,2026-03-31,6375,43048c5ff42290730e18baec730a854e3983f92f,7113,e136eaed013c33e15b9929c682c9afa8c230272d,3224,8b4a59e535c8cf92ec2e339edf377d47c5295cc4,9312,472ec029ee7fcb2e66f44a4890c39940a0deda45,
E01786,6768,株式会社タムラ製作所,S100YIQG,2026-03-31,7899,9332e3b9b2e33496f69e2c6862017b71cec2b85f,4164,a57725fe7e7df50c672cd0bdd62965ec15eac3a7,2362,6e9896747a4e584e3c91ce3e5cb7756db82aff78,3708,729414bfbd59dc9cecc31638c809a8b3d077dc89,
E34288,4398,株式会社ブロードバンドセキュリティ,S100WPQK,2025-06-30,4790,c087c39ce6da410efe36d6fc8eb8197f5ec3f1ac,2478,1eaeb77b19fb009aea6fe7d70ee5b721ea574721,3083,7e0ac5a3fd1e83c34acc32f2e8acc3ad5e4e6d74,2153,def11f42e6ff136a6dc4cfa3d517b4319aeec3d9,
E01839,6814,古野電気株式会社,S100Y3Q6,2026-02-28,6406,f2e55d5a1d29c37aec5187e41d65dc684c34c049,5387,d1da8705f714ad3be9f2fa9adc9ddca792257d79,6476,090c83a750e702274f0dbca705fd6b57eb788d69,7741,0af6704d14b1209a378bdcf7a0d985336cab8c04,
E30836,3690,株式会社イルグルム,S100XAFO,2025-09-30,8074,ac94c19408b37a881d1dade2602a9d56cbf32410,6399,6b8dbfa347aafcc7f1181426c01465a02058b1d7,2867,350bb58cd6b18f84ccd92b3e267b4e49b02bd48d,1897,59aa3676bef78d12810da6c76c53ce4871dbaf7c,
E01190,5214,日本電気硝子株式会社,S100XU17,2025-12-31,5583,86e4da964d66b3212ab4c788f9284654deb7cf63,3474,ec4f55bb5e6cbf919e698670124fd54ab67520e6,5883,4437774af37d06a4f9eb42be08cb17ca9b29d1c6,6077,0dd37fab5f029032e8fe431c79eb8835ab4b050a,
E01230,7231,トピー工業株式会社,S100YJBN,2026-03-31,4924,07425a3309d1a1689b83325fe6925f900ae60bd8,2121,b74cdf639bc4f551ce8b7f36039b716740ad90fd,1027,a09f05755f7c9f0c71ffb479dbc554e263c98c22,6297,4647573bbd4e82b97fc3cde0dda9875c2b7de894,
E34739,4440,株式会社ヴィッツ,S100X6ND,2025-08-31,6711,0d858802ea37f29bf10343ec5e778adb11f5c6b8,5921,49eee9429dcbfb18dbca4166a038772446d2b282,3613,3d7feb18f5c1c161a6c3439b9950a088b206531e,2277,b0765daaab5b44f1b0acb6199a4ab30ea09cd90b,
E01127,5232,住友大阪セメント株式会社,S100YH1Y,2026-03-31,5732,8342e954669773493909efd12245998b9b6610db,3474,fc1a7f4b61ff2df8dcd9b89dcaeebbca459065d8,2520,54d5b0ac5aecffb184435344627b3e4d72222ff0,15432,93bd4568d8493c3f01521d1495f70b8fff9eefc6,
E04995,4685,株式会社菱友システムズ,S100YH80,2026-03-31,4051,355556650433d43d244c3afb14a3682b05aac5b7,2583,74659a8b05f254cad042cb0a894b021960e471f4,2269,330db7e379a29d63f9e1fa67e0ff86d4d9886c5b,3137,67338893462a4ad33fe10076759b06cb585a20e6,
E35169,4880,セルソース株式会社,S100XHWF,2025-10-31,5528,fc6fce8db3d83bbf5a2537ada1b973e9522f3bfa,7750,d410141f7a3f827fcdffe6c2d3b7fbf762ca6c8c,3337,d35172d9f8269a1c7f732062190bd2369ce2edc8,2544,2915b761a4cde366705a465116be1b0e32ed3e85,
E31958,6185,ＳＭＮ株式会社,S100YIYU,2026-03-31,7112,92f2ccbf79e93f78bd81dbf29b57bdd956748990,7917,5a2a963cd92794aa4d9eee246e8308135d3e63b4,3601,342c3426bf36b86adc61c4dd86b981a94b1dbcf3,3080,9815bea2b7c416be11eb5127e4a43192f92ad78d,
E01405,5992,中央発條株式会社,S100YBNR,2026-03-31,5727,b3c71968911e43a7c2c890cffc3022cfd0be352b,2207,0a25cdca0e33964a2888d61d672be9a0a8d36ec0,2474,a639979776ddde17f22e0b4eb0183511f330fa86,4798,763b513c0c6d6441a47dea30ea4bd9363f228882,
E01092,5195,バンドー化学株式会社,S100YEMC,2026-03-31,5911,f406e0f16ba6526fda11cd44cb0c95035dd40c8b,1389,7503f69371583330d322db2d5adc605189e02a78,2381,05598ca74a6a210885d3543acd5bf8276e8aac43,5539,daeb4de1eafef3c1a402031ebc33e906f6945f95,
E01108,7282,豊田合成株式会社,S100YC23,2026-03-31,6302,aa3c54e450de88cf1b7deaaf638447381d070c08,4824,1a1b46c6136b7af62722f944e6639274ca9496d4,1595,25f33b376d187bae24eb859e6db57a762716461d,13320,c1feeaeca60d83e8e38ab5c6d023a70d81e95267,
E04152,,横浜高速鉄道株式会社,S100YBKP,2026-03-31,3707,9c3f31a6c13a550b99fc1bbabf1c9bb10db6191e,1237,d779dcd5390b5d75ebc78057341cc1094d683d2d,978,a4bc88e943bbd6a32c6374dd69e10ff4e794f6d3,1841,ce98d24da3226ca5081b2fbc03e238cc2ec5d169,
E11661,6238,フリュー株式会社,S100YFJB,2026-03-31,6173,a979fcdefb541444c528418771f10bd2b655978c,5835,b19515c3258bca7840d2fd53c7b1bcdf2fda3ed2,3672,04774d7c961c79d9a274756106bf5d0d668b2ee5,7852,ecb974e781621f64fb9fc70eb8700ba0ca24ff6a,
E36343,4177,株式会社ｉ－ｐｌｕｇ,S100YHOY,2026-03-31,4261,e5a10e7b91dddeb65638fce9d52a0d7a1853898a,5577,bf2fc01351a3ccbcf04ee472e93f1e0a3f78c676,5691,8149867e329b0d5ec85fe88af5aff2ec8e76a64c,4087,d0cc54575074bd9358fab7ba3b5fb8cb93887a6c,
E04877,9928,株式会社ミロク情報サービス,S100YKDZ,2026-03-31,6853,83a337865a4835aed15f51f09188bfb4cacff83a,2753,2c0cc8e0fd9842f3a95b9a1d30fbbc5c34b14422,3454,f3db165fc265e91e270b637172251cece59ee369,7539,bdbdf7ae796161d1aebf1cd732e27079631e6b65,
E04198,9076,セイノーホールディングス株式会社,S100YI52,2026-03-31,7933,b6ff0101c0e64fc2c5ba185b6fd966e63b8ef689,3381,2196a3d34e2be5b663ed9c367517f116c5632a7a,1803,0caa35da11795c981503b8baab0fcf3b8dd834b7,6886,5d76c87b88634ca4d39019c81088dd049f5c350e,
E34054,7806,株式会社ＭＴＧ,S100XBX1,2025-09-30,11759,be61b1d683997520cc456322eaae5211d7339dff,5324,473f1f3e3b1275b353037efd1e02daec93a3e6b9,4464,81d3bdd3fdf3e63c0c794ff5940fdc7ae2fd6a9d,7561,e23245d6ad7c23e448a6c72cfbb05338ad4fc44e,
E32495,6200,株式会社インソース,S100XAOQ,2025-09-30,4946,c5bfd5c7a7a9023fd56ce1e1ae623b87bc5ec94e,4391,e61fd9a6efa9fd2ff95c821989549c422edd1390,2559,1b83adaaf4ecb02746b11da5f31fac0472dbd3f8,7969,6d7e3a57649bedab5e26a7b16d49305772c7bfbc,
E31854,6180,ＧＭＯメディア株式会社,S100XR40,2025-12-31,4114,55eeff374624ade81e397282e179be0698c95693,6056,67b6f9f50509bf554267ce62e8ddba21180b45c0,325,8c40595f06641cabebbb7b46fc844d89095c3148,4562,c1a9501176d1c4b8eb3f50eae7e90da33c7de5d4,
E00021,5711,三菱マテリアル株式会社,S100YFRY,2026-03-31,5181,ac8510cad516f9d73c23c373e444c5897591ccb7,5028,9435f87b4961a0d2f3ecbd0c6237b163d733a709,5779,ffa261b9fdc0ccb7479e1713f51fe6fd9ae79f86,9698,3765e7d6d1f866aae9cbe6b7a1c03883b089cc37,
E02518,8084,株式会社ＲＹＯＤＥＮ,S100YGNM,2026-03-31,4729,5c9aad9a5c2b1501d57c8eb1c4970b6e39ef171e,7033,070409f7fa5e08697465601d7a2cbdc3ec1e0e84,3019,92c5af7298b598f3f5596907ee06036c4f1b356f,9623,5c3e649d09f4a6fce783717689bbdd3d31cabafb,
E05376,3733,株式会社ソフトウェア・サービス,S100XHCP,2025-10-31,4664,66fa02f47cf686c84139f7278db0fc203eab81a6,4926,9f24413c6d7895d903e296967f5e7b03e09238b2,3752,82b0aa6e462d565ae15cfd8c9594ed3cd04e7f34,2825,8fd5fa5c42d97b7f2c7e862cace65d1e97577fe8,
E05024,4714,株式会社　リソー教育グループ,S100Y58Q,2026-02-28,5491,d92c0010fb70c1df3769f3c192f6e109d5f603a2,3360,ed5070fbe313214f4d2ead21bccd24a0ff6e7b4a,3849,20623610a12cc4674e5480994d0d0ae7ab24ebfb,2029,4efe3e2966cbe705a7bca2f16de942e983bb1096,
E27421,3675,株式会社クロス・マーケティンググループ,S100WQAV,2025-06-30,7822,94b106b776d6c70a71ecb24f60e2515ae45142a5,3346,7beedc219595d9239398031f2f6330fe79619857,3120,897d12236bfa16dbc5c48cc2b7758467d5d1675f,6648,a01bb8e5f975bd2fa29329b4410565be759384cb,
E03193,9936,株式会社王将フードサービス,S100YHJQ,2026-03-31,10899,b5b64a21ccf148027779557a921b0cc2fe8c71c8,9490,f71c6eaa5b43a0f884319f440128e1435c990edc,3703,72ee2daeb644480bc6ecbc0ededf78e46135e42f,4931,35ea94628a1a471b64d00643851fe18503d0d197,
E00755,4008,住友精化株式会社,S100YKNS,2026-03-31,4836,13ac78774e603a63077323dd114af00ec8278f64,3798,09686979a5eb7a3cbdab1e4b1e196ac62a945b39,1792,593ba25cabb37c3291ec4627b61b7f776467041b,11852,c7a5355ed88cc6ea13aeb499ee9e475750cc9d47,
E02579,8085,ナラサキ産業株式会社,S100YHOM,2026-03-31,6960,e3b22a2e215f84ed4c838678c201c1bba74e679e,2516,1036bfd7b04d66ddc0e8ab007effddf1d7e29cd2,3916,4fe0fdcd11438e1886aba53a0fd1fea576a6837f,2572,fef44c59fa1ad10ba7f3070552a3014909a051af,
E04345,9364,株式会社上組,S100YG9D,2026-03-31,5122,006bcc80e357a80d9aca1649ebf0cbfa1ec0596a,1406,84a245a238e3858ab7584dc08fc3b7f9f4ab417e,1843,172b6d0e216e177cb79580ece5e5743edef6904f,2703,fdd5a9c48fdee1b4a17832d1e8985d48e02e3ef9,
E00784,4092,日本化学工業株式会社,S100YJUC,2026-03-31,6903,9b733d2c89691eec6426e90e016882bab410abfe,3539,5a9b7138e5d027724483c2526a3ff42cfb9470be,2581,41e5349863cff07c973a9dbc44c5a9c1c85c8677,12383,e10a6603eca67b0539a90b6656b5d462610cb0c3,
E01262,5449,大阪製鐵株式会社,S100YHWP,2026-03-31,3853,73b4393fe5466eef681ac2210142130ebdf5d056,3457,42c6c9ee2a14995a1651dc81b4a70b08051c4a48,3776,f5f6fcdedfccbf5c7f452c3078eadbb1601118a4,6894,e267b13666a1deb39f08058d5daf637ebc23d6a9,
E01229,5408,株式会社中山製鋼所,S100YIVA,2026-03-31,3903,e52e13c20e9aa7a506b24f01b4d0c7e581337692,4783,fc22bfb2783a7037a28a21d169b218740903d238,3652,bd228ff8d3449b0198cec4e8afe6f9303826ba88,8327,3c1bab453f7ea96a2636476c0cbb919e3c15d432,
E02134,7102,日本車輌製造株式会社,S100YK10,2026-03-31,5094,dc00801ebfb9bba1a698796d0aaf3797ebf20ed7,2493,0d667f5498c8f63e6a9f4b170037d6c2b4fcccba,2309,2845d860bc36b5c61befc8bc1b18716925d1794e,3159,9e17c57318143ccfdf8bea846d7de21438c9f855,
E04397,,青森放送株式会社,S100YLYO,2026-03-31,4398,db62c8cf5bd0ca7a6e1b77eb7f6848b4468a21b5,1587,274446c10f03d8d6660d7269498316b8128f3910,936,954d335c469c4bcc0ce4195a90ff0c52a71ec733,2510,d7125741dabff93de73ab6ce4457c2fd8c33f8bd,
E35278,4490,株式会社ビザスク,S100Y7OP,2026-02-28,4434,a72c0b7138a03f2b93dc54c2693a6b619424c81c,6407,9925446893958ba819ee4b026c1116679c0bac92,5127,87380b47b74aea7d16a92e80c798a250806b603c,2518,aee32a80add8d5f939d7c3091bf7631bd82700be,
E04025,8928,穴吹興産株式会社,S100WQZC,2025-06-30,8648,dba8c02a8f30ab90162a5e5ee700b39372dbf6d8,3476,3f529617c19169810b076ee4a3e52990cbd93938,2135,68a7743f86640fb07e671fcf5e0c247466ce8071,3992,bfc9df953930308f0294fe331c894d18494909ff,
E01849,6718,アイホン株式会社,S100YIVR,2026-03-31,5545,5adab9fd407b784a8c419da72bfab0667e438431,2021,18339cac9e15c08d92fb26562787d8b88e6184fc,2379,20ccc712286d0ed4ef30bc5ee9948c1196a2f907,6337,2e4d6cb7bc341325ec728c773271aebc675ff6d5,
E01169,5273,三谷セキサン株式会社,S100YJGQ,2026-03-31,3976,1693f60dfe6532cd8f42d841362b474ff22fac84,3129,41fe2e8ca8337836840c3cdb387da55940b428df,777,80d4a6b68cb1e50ae562862be38c1dc77bd55683,2301,3a58dd83b6684e8876aed4174082553d3acc5dfe,
E30969,3697,株式会社ＳＨＩＦＴ,S100X63F,2025-08-31,9450,b0531d8cb2a0add0cd72b92c55450d8208c04b00,5302,1e95955d0cb8cc662e86698208b051843c3debe2,4350,dbd5aee6a30761b139efb920daf679376d0e682b,6112,d904f8fb885e04e8b2ee38e4e5e1127c0f57e2ca,
E01803,6744,能美防災株式会社,S100YHTN,2026-03-31,6304,e452c820da66cfb22e146e5608ba70dafebec923,1235,134505b7363306699c3f76f1b01a434d3ef8c74b,1665,f3f48adc0d9e67a631c4320dabdb25cc0453bc45,10522,3d3c9a193bec815145e8e4fe75d37f8b203cbb9a,
E02228,5970,株式会社ジーテクト,S100YIKX,2026-03-31,7493,ff34966e79e2270477c76055c6e8668a687118b0,6036,677882d876c5917fef3310a089437f27cf5ca9f1,1930,a25116cc27863b6f38a85bbd6525e4d18ddb8a1a,7096,d2e5a089a6bd078bbc48a35756ec0314037d7758,
E00179,1867,株式会社植木組,S100YIPR,2026-03-31,5653,50420bc2d32e1a36fb6b2a4e6a38c22ec9567a6f,935,9bac20b96875d6a19967ea4b59541907db922ad6,1659,dfb1930f9b53460beb1f042f5dcdf01620fb6572,1301,7a73bf25a1fee1120588f66b4afac1963f19b87a,
E35967,4013,勤次郎株式会社,S100XR7V,2025-12-31,7153,2b3924a02ba5887545f58b0b2d3c453112f88c4c,5270,6374b15e7d4937cc2ec78f3f930f88336ab27968,3602,7d5d87acb871e07069324bf46981a9d3e98c12b4,2442,55d55b602eed6efd279bd53dbe49ca4642ae64b5,
E00837,4367,広栄化学株式会社,S100YKG9,2026-03-31,4661,e6e7ef2602c8792afbabfe27d0cb3c871a5a7d59,2306,e020d075636719a503d3dc935d18cbc695244fed,2376,cfe3b2e9da0db55866889f15470601765882a716,5064,f015c085e46de6a9418dea772f8b2c2629fdd358,
E05686,2148,アイティメディア株式会社,S100YHX3,2026-03-31,5207,247345c81a57bd3f022bce7a9da91a9c85894ac5,3307,8bfe22e426e7160f85bdca402e9497765f8df60a,4468,3e87a6097b11f6a3e1032020da0ab797087c288c,8384,807578aced3d07c24126a3a67344dbbdc9dc046d,
E01690,6289,株式会社技研製作所,S100X6JF,2025-08-31,6961,6a2b40de1f0b0bf23455ce62a1bf3b227e780d42,2814,814361cca386659b5044d9eb943725629e91fad9,3549,80f8ed30ee5d7641537f84bf27f44065dbfea55e,5768,d384b5e6ea05168111008eafdd4c400f829313c4,
E30114,3681,株式会社ブイキューブ,S100Y1NL,2025-12-31,9059,4fae0a1d101b454b06aa6f45bee49018c95d04ef,5095,5a4e060f9a61d1893f6c37fa24ab830e3e1e7af6,2369,a60e249000f9a3fd9cdaa78322899d7c86757004,3668,9804da1614971b6ba033da6d17f6279a0b4cb6e2,
E02671,8150,三信電気株式会社,S100YCKF,2026-03-31,4463,37a5b3f0686f68d651489c92f86b9dd4289321db,3127,eab51030d408dfdac14da6c2399f2750d3c0c44f,1925,816d0db470e2d240f48687cf3abdb52fa4a0a0fd,5733,b86e2030e70f01a27a6483cca06901c2cfc19b5f,
E26703,3665,株式会社エニグモ,S100Y0WP,2026-01-31,4967,752cdc64976d88be7ffd6799d18dbdd7d6732408,9550,2a3368be3293ee47ad2a388ee88a9bdef695c5bd,2863,9c2d2427c61bd62bd7fa226e843a4d64cb91c53a,2894,9e0afa109c857c44ddb255119a9cf54af9a09e1e,
E01020,4410,ハリマ化成グループ株式会社,S100YEIE,2026-03-31,7384,7a0e00c8d264da7170b99bae81a3c34a1badac05,3154,ac47fd06fec401fb85648b4358198ddfc2eca888,1224,bdafe368d106c5afcff511e7fc817d28c019b8f2,8943,c6cb71022c9248bc72a319e8a1af3a5ab233a235,
E01477,6023,ダイハツインフィニアース株式会社,S100YCLQ,2026-03-31,7388,fd1b80d1da2c6728909f2938c1f9f6cd1fda7435,8173,9b460adfbde5792ae132ecdfd787d771878d3889,2249,94dec0b0e208c8de5abac3da23f90a6a74556238,4995,21b9b85e6e66e4a8123f6a71e276249abd6e0c07,
E36756,7130,ヤマエグループホールディングス株式会社,S100YE2O,2026-03-31,9293,5a6e46702c52b53c452f6f870601dc42207a458e,4504,0722131157ec5583410adb9d6866a0f71b0d9139,2088,d352b1f3e74365f134d3870a826115ebd10c416c,2040,f3a701b32aac195b5836bf6a54f7974b1980ee97,
E01685,6287,株式会社サトー,S100YE10,2026-03-31,4813,bb63ddb8a4692dd0fdab67fbf81deb89b092d48a,9000,cee9aed92e170e6525fde5ac71300c0b3fcd03e6,1978,1423c3bcf07888b319d8e29f5df3e657499a9d77,5442,e89dbcdd474d2e064d26f1fad2161718d5252583,
E31775,7182,株式会社ゆうちょ銀行,S100Y9G1,2026-03-31,20122,4e0598e04edb37bc42f8bf8eb142433eed6729e7,27638,56f205254887a8a1b3316944c8613e91623cad80,4531,ec30fc8c94006ceefe8648c786f1eb8c377c1d6b,6112,6ee6995df672139f687524f3192c636ff78c8c16,
E01758,6517,デンヨー株式会社,S100YHXJ,2026-03-31,5536,51cd301ba312670b8cd4c4461100727e451aacb8,5129,c55073e176db88323d797a6c92f2e3fdd0925636,3766,4d7696352e269c3b4757c2e077e311c81a11cf40,4886,b6a10df11f42da09858cdce367d9388792d0cec5,
E01057,4464,株式会社ソフト９９コーポレーション,S100YKEL,2026-03-31,7361,e73181e38ec19086be3cfc33cbfd53781dbd76bc,3073,fce0c383b0af4e661e903ac4f70c5ecf8a2f8f0f,3053,61a3e934be89ad30b5e526b1dae8cc7e5eab52bd,2544,1bec5b18a8c6e6cb436340b98d7c4d8a18722c8c,
E01692,6149,株式会社小田原エンジニアリング,S100XSNC,2025-12-31,4852,ca568cd2c05706d3265fb23eb6ef7b2d82bdea0c,2254,446193b441f3812304fc8ff003dc5066eff12823,3137,4c410c118b56224886910c80c9c349fd453654a9,2882,120648ba4d29d838a35c2635ba82aa813873303e,
E30053,6081,アライドアーキテクツ株式会社,S100XVCC,2025-12-31,6247,91d83fd76d9c2ded73691068cfa746f7904e3987,9882,0ee881466d635e2b2c839dec40071de620def478,4320,8bf21157abe3e082611c48d726410c33ce0e5973,3671,603e81a8d24e66c2543a87b774ad9d0bd651a9e3,
E03568,8361,株式会社　大垣共立銀行,S100YELN,2026-03-31,13692,0ad54bac67784da41c3a92127a24417d2570e237,5729,c2bc92eee956b4e11080307e66dc9973647e6dd2,6979,267a9ed180a51ea7eb2e012e5d029620a974dc6f,7795,95853184ecc79e0a344cd2754fe2693c15d3826e,
E05695,2154,株式会社オープンアップグループ,S100WQCA,2025-06-30,5893,b4a141c1c12ce27150d59948bd7ac4e907d68c78,2354,e01ff09daacd376b19b89e8f030a060af13b9773,3779,96520e662fb6dbc847942cd6f902744bfda773cd,3836,57f4eea18297673b34301d9c3d15878a079e6083,
E04988,4674,株式会社クレスコ,S100YDHC,2026-03-31,9777,f5e8665f232131300c646cc50b6438f3b8103406,1807,1be7a0e7b874b183f6b25b3165e62f69bb2a296f,6177,04429ad89e8383ed015c4d895c95fc1751542783,10444,3a674f58f3f704395c2d0681c278fbe99de3cd09,
E35140,7071,株式会社アンビスホールディングス,S100XD1A,2025-09-30,4425,b3c566dd0ba849ae8c7ff8ab979ce1fde4346ca5,7393,4a758d1641b85000e79dbd386aa66098316596e0,4566,a37b5cf16165747c83e9a58011f52dbb12ba60bd,3175,c497ecbb543c2fc84ad40db3abaa27ddce0e6a55,
E02394,7966,リンテック株式会社,S100YBFC,2026-03-31,6285,09652ccfae161c6eaa682bf129dd91e05f0d2673,2068,460ef086eaa8eec8280c5a81dc1cb3b1f4cf7452,4675,6f70fcdfdabaadaaf5b2a3485cf2941fa4eb05ba,4135,f1b134579863311245b65f7bf377d3282dec63d4,
E03051,8174,日本瓦斯株式会社,S100YEGP,2026-03-31,4285,9f065c19ed12a86996cfc3d152c78e6c8177c664,5371,ade76ba1d23c9ae6e4dc8eb45dc5b2500492cf19,2879,2b931ae659be066fddfc9def5d68f232a1d2e8c1,8572,077a307544e8a42d00bd01514e62fd4e34e8fcc4,
E00207,1930,北陸電気工事株式会社,S100YI00,2026-03-31,5031,d9add3976e32356c1117a6cd5c47fcb36b1c73a1,1398,63e86a233141e5243afe8e0e6e6321b00e5d6ae8,1591,acaafd2db4d0be15cfa276fdf3ed48def79694fc,5151,24d718e228977932cf31d5e4f07a27ffbb898e95,
E04302,,鈴江コーポレーション株式会社,S100YHJG,2026-03-31,5008,e63da48dc9a7495a407aecf79328daeb282e8779,1394,a27b5917298ccc3c9cee2e4e5ff10d15b06a45bc,2451,50e5c1a2297cd9667c7e423d778c2135c2b1f87c,1006,bbb0bf326648f68913a78b6e89432fe2952b67c5,
E01711,6322,株式会社タクミナ,S100YFBY,2026-03-31,6242,3db37a9eefc1ed60521f55ca4f883c3979a49512,2585,867589b1847daf77cdd1b40f566d7ceee673ad7b,3453,275e4acf9732880e4a4b5edab73fd14274e70220,2230,c3c2cf0ca43416c054aa3d52c3a2d0c609f57dfa,
E01486,6113,株式会社アマダ,S100YKCP,2026-03-31,7861,b0fd9003a8fbd7d20faf5360ccf900f5b7346783,3396,1a4fde312b214150510120a24aed9865476055b1,5961,372450ccac6793d49ef0898e5f71df9c7e5cb1cb,12682,075399b6c0d61ca9415f8cb6c7fa31783438ed3f,
E04369,9381,株式会社エーアイテイー,S100Y53V,2026-02-28,6373,02ac2bd89c6acde10f50a5625f8fe96842d42c70,6580,69b8810170f5c394440da494f437fea2b8439d03,4985,f81e8e8e6f9b4cd537875d7fcbb80396e6c561f1,4210,74d5af60afd33af8e58a0fc3501e9953e8cea766,
E00691,3708,特種東海製紙株式会社,S100YHWR,2026-03-31,5770,54f8d549ad726948b932c65d0dcbf0463a8cfb19,3549,fee1e1c43cdfe19b16f6452d066fad248fcd438e,5121,01b6e83259e875bf1db6b9f2b3b0351f32b2a80b,5582,8b86ca40a69b8a354fb0e6acff133969c2acf7b6,
E03562,8360,株式会社　山梨中央銀行,S100YAZE,2026-03-31,17860,1bd65156639d7a4c30958918f9446424fd1765f4,3206,88901a9f93679e3064b9f3f633f6e455cb4e3ef5,2900,0f6f6ae7f3074536b087b9b8bf5403dfd2df2efa,11231,2302c5877a4b8e16c3a85b9aeca034ea0ff21fe5,
E00701,,株式会社岩手日報社,S100YB7T,2026-03-31,7686,6dd7869aeefdbebf36c91eea987b98e3a939ba4a,1493,af1722a1b015a11e1f56013ee7c8bd8c9924f20d,1835,55dfd8a5a957bc215cc389c2721f79086197dfd3,2216,890dcda8103b456f45f7139928078111056d3c1a,
E01251,5461,中部鋼鈑株式会社,S100Y9WS,2026-03-31,3812,7c0515e6a8118c7ed5d4db95cf74c2a339a7a0e0,2572,bf8a86c6fc36d6a74b84eb9ae2e388d783a9d9ea,2536,57638bab11f6282f53424b053ba1b79f4d4b9e85,3112,f8139e2970d5b38016360c7f40edcc23372c9274,
E37160,4258,株式会社網屋,S100XTTR,2025-12-31,5211,7c136e6ef02cd2c223a9650bdca23997beddfbac,5259,4440533bce012d225073840a1a75176ca09f1826,5368,befeef543b8466a1cf28afc2219bf4e5b3456018,2374,8f8c97e7da762b62f86dcacf2bbfa9c1ed48c8e9,
E01752,6644,大崎電気工業株式会社,S100YGJ0,2026-03-31,5731,12709eac1266fecd887ddb8edcc4647844969826,2981,2546327b70ac090cbdae44c5050ab8007c98d500,1878,51474a7e719dea55645e21d3b3728d41c6aea6ab,14477,7f43197616af6cf6caaf8958c99b2f7d6b7f5893,
E02927,2676,高千穂交易株式会社,S100YFGR,2026-03-31,6194,e791da75c18d889f46bd0d704a8d17cb4fc22d86,2654,aa412fde00135e0be3456f62232cd57bf2aa9b12,2375,89b180967358b781fd3781fb82506b1222d1eece,6099,c9f014e44c395bfc9409e74362f576207f7d966a,
E03646,7184,株式会社　富山第一銀行,S100YCB2,2026-03-31,11099,5ad85364bec2812931a73ce91a00821ad2f8565d,7263,cf8118b78096423f2e13002b89beaced8903f72f,1740,15f304e29031a307c2e3fd5ab8ab6c1e7f705164,8877,51e9239bb07209c8a5a36139e9fd1fa2a4818e0c,
E00917,4629,大伸化学株式会社,S100YJ59,2026-03-31,5970,c724174b4b123339e76d3fb063d8572088c667bf,2599,805c90c96140f312e153af46dbdfde79fed94ecf,2862,21130d36e3c906bce81d2f3c0f4ae984d1d47c5c,2872,92285c16e92d77d55404070a59d3b551dad7a671,
E00410,409A,オリオンビール株式会社,S100YE88,2026-03-31,3615,4259d62e423283bca07330afce5f4455beea0e91,13472,edb6262b4602d15e93d9c216579908fd49cdb4c4,1558,1f18d8208051745905061c06bbd0e379a13bbe0e,4095,825c67824872d3eb87ac4ebd923beb26babf7bca,
E01712,6324,株式会社ハーモニック・ドライブ・システムズ,S100YBHC,2026-03-31,8823,fc9deb3750edf8b2ef46655deccb225a16ea1eab,7050,4e72c2ae2a7ab7cf1de859b8cf5c2412327fbd32,3899,2be18031a4960c57d8efbaad361d4577350ec2fb,16626,4135cefb8ee0b8c878b48b7046d7f4b654f0d13f,
E05385,2395,株式会社新日本科学,S100YK73,2026-03-31,14774,c08af00c677dc83d5d311e5075f747b4909e8303,6337,ef18e51892273f3f483b607dcf2d4eea1630e845,5902,b81f50f0b9a87334e4b9e1ef599bd65580f21445,9088,cfeba8852ccb72117e925d9a53f63d0931c23a26,
E04821,8596,株式会社九州リースサービス,S100YHO7,2026-03-31,8972,0c0bcecf309e958716008a251e7c23108d7dec8d,4389,217f4d3b83a31dc465421a9cde4e5d4da3bab2ba,1370,31aca9c8d96615f32245c10ca6f40377667ee348,2451,da50de5ea869b376e6450947776d222a636693c6,
E02195,7241,フタバ産業株式会社,S100YCHA,2026-03-31,6231,2d14fa3b606aa0b4422edc9c2bae40cda90fbde8,3674,6cb26ab9bcd0121aeda49fc649ef3debd72477ec,1349,e5537daa143f049fc9afcab2d14aeab2b349fb5f,2430,85fe7e8728a70ecddbbc106fcb6d1255f5cab705,
E02180,6392,株式会社　ヤマダコーポレーション,S100YJDP,2026-03-31,8253,fd527ee1a0a0dc9eadde845cff37ed5fe5ec21fc,1995,a71529917d3c4f55da1a27e133c15cf945e9d6e6,1805,1d07f95039195ef20ca7217e341cd0efbacae13a,3905,bd04a9f1641d55ff83ccb9cfdf748e561ccae88b,
E01379,5851,リョービ株式会社,S100XT40,2025-12-31,5182,3072f821d2c7ec170386da03d2a38c1aa305f97a,2599,f7e693d7b8d4d5b4b2022a3bfcda8072982c19b7,2783,7a6989e4fc2543fbc20b9259835bcfffef971aa3,9346,e7621738622029eb309f6d5e1fe608ad5f4b7d8d,
E32591,3940,株式会社ノムラシステムコーポレーション,S100XTIP,2025-12-31,3882,ac617c52ef0302a4b67602637d42d6e616e95765,2441,e5de208a7803433683fa0d66151128242588556d,1368,eca3c9d03840bf3a4ab6e272152e19211975c43d,1970,b0e29c325e953a2c8b1829e5ed809ffcdcfcdc8a,
E31093,3904,株式会社カヤック,S100XTE7,2025-12-31,9583,c33f48387562e134f917edc9193c1c43daa0c09a,7860,bc6822f4b1d5639cad95a100e47d38ec66e3e09e,4058,b10b96b5a5389ce02f5d8800d2f27293ad03cd64,6137,a2d0e8712f30164129275127fe15f8a9eb270203,
E01505,6278,ユニオンツール株式会社,S100XSU7,2025-12-31,5389,cda584b6c47aa32d5b5df187eacce94454f294f8,4847,0501eda0b80740f460fa98216c3ba308df915be2,1874,4d2d31eae7c1df33757acabf07c2cda6ef9f292e,2767,cc887eacc56ffb78e657030e490ff1805ecd7829,
E31381,6039,株式会社日本動物高度医療センター,S100YGKM,2026-03-31,5185,4330b41d4de99c8bdfca2163ffd807c6a1011201,5042,23145236ba139404c50ce3750fe178c08cb9c8a1,4121,b94deba782bb2dd441a90fb12d3119ca67eb4454,1927,c46abb4793c9c5ac5a2b2bf655bc37c08af65ab4,
E01430,5933,アルインコ株式会社,S100YCY5,2026-03-20,5407,52ed9b474b91204e7097279b637a567cae5bec82,3264,dac4153fb03815dbedda5d6a9539b751392969f4,918,2c368229bbbc57763f1780a5a56f369e68921291,1045,797a2275d31a8b2a3f6fa1bf61b36104776477fc,
E02452,6425,株式会社ユニバーサルエンターテインメント,S100XVDD,2025-12-31,8193,f18357daeea3bd00b64e61dbabca02af3367e6f0,2740,3b624dd88fb2a1aa53a045e2e69e9032416e4303,2763,43c080040cd833058fbe0653bfe0df5598e389cc,1300,3612a7995a4c4bc27ba929025aeac8aeb977e01a,
E05255,4335,ＩＰＳホールディングス株式会社,S100WRPN,2025-06-30,5316,c7b60d7c766e753b00841b7b0673a0ec3a82ec90,1058,b445241c583e457739da45691a57d4c8085133c5,3290,54bc27c5ddeeff936052736564e59f4187ffe0f9,1997,5d683af2b07c2ab8f74a58e2d5a1f31c33c50c41,
E01609,6492,岡野バルブ製造株式会社,S100XBYD,2025-09-30,4982,98591e2229da396fca07925c8f964bfd963a21e6,3102,558874d40f592800a4ba3dc63c6007c991afd57a,870,2f8db742cb0ebe51b75d4e0e341e26d1f6b9e3c4,987,0dc1f762a47a0e96d50a0d4b315a745f98422abb,
E02170,7226,極東開発工業株式会社,S100YE9E,2026-03-31,7411,5c2e381e738445069ebbef4bab5b531637a7a805,3971,34f326208bbb5485cd63f592906e440e8c8798ac,4944,613c635644b1f5939d79b5b29068b95800c90abe,8317,a90c1d3c085ddf217402e285c1a5b4851576766b,
E01631,6480,日本トムソン株式会社,S100YD87,2026-03-31,4622,e9b8c99503c798e02d0a769a20d22dfe99dd685c,3185,778fa57387e617335426d44d67037a23600b1488,2050,1ca1a9277605a901ed06b3f06ecbceaa4cb7e4c8,8587,a08274792d7c296c2adb9352e287975fa9b214b2,
E04896,9627,株式会社アインホールディングス,S100YSTQ,2026-04-30,5139,23ba31dc005b1fca546b8f6148746081e5baaf6c,7257,1ff295a926c1676379aa64d96bb4efe18789c32c,2628,16355597e8a96d1bdc0e903e55bf9ff37662e77d,7887,04d106414be61e6a9fd20b24420ff8bb910062d9,
E02345,6678,株式会社テクノメディカ,S100YGSP,2026-03-31,5057,126009611385c613938328f943d727173bf3d179,5084,4b31c1aaf4f25f726c493f1fd51bfefb5362e9da,2170,0aad48c28b19d34ab1cc360d461ad2133ab501e8,1215,164db0a064ce0c624764f5a2022aae51da80e72d,
E36410,4192,スパイダープラス株式会社,S100XT30,2025-12-31,3521,984245d0162e92541d91e357f743231e33aef70d,8810,677934642a98b8421ed28c1bb9317b84fdc18269,2012,2923f6bdeea7d97fbff9bf78c797cfa27aface5f,2952,f61c5737f21921eaabe670735dc85897b966a67b,
E02448,5903,シンポ株式会社,S100WP45,2025-06-30,5248,5b73c1ab3fbb61f3ba5a76a177bacb32a7aa603a,1400,6d79c23744f738f5d2e6f6f61ea95e4ac8011fc3,558,863b13d50ee053b2442fb08a9b1a567860848f9e,1772,f3b97af700fbd624f64f8a04424096c1d3583824,
E04393,,山口放送株式会社,S100YIZC,2026-03-31,4396,ac683629c84c201d6d72e1fa42c08c59fba2f7b9,613,5e72ecde68247cf08fdcb6ea9af67e31d740689a,605,7dfe5e3e61098146c8be8f1c779a17fa5d32277b,2448,de258cbce4dfd3af272bd6d13e10090d57a10aad,
E01474,6016,株式会社ジャパンエンジンコーポレーション,S100YH5Z,2026-03-31,3890,6c788611b4795820ec3fc1a7f6bed81049e19bef,966,640bbb2f47b5640c3333fb8553bcbfd1db3d65da,2919,c80484b5efd88d8f842b59fa783f37ce51b428e9,6080,973e345c338c3a8e45fa3515f287eb791a782d33,
E02147,7242,カヤバ株式会社,S100YHB1,2026-03-31,7053,9df1168feee726bdc0a72891121f0122193c99d1,6969,4e4dfe5288e710841c88c8c9eea6b8d79453c3ea,5695,9983c4c3384281e94a18f6b6a640d6a31a497e7b,5763,dbc915f7bc4082120f5b3ef3b0031d9eb449ba3c,
E26290,3173,株式会社Ｃｏｍｉｎｉｘ,S100YCYQ,2026-03-31,7128,d95cef009d02f9bfba0103b46d610f11a59045a0,4915,8eab826e7d550a88adf1d869ef10936ff6ae5330,3353,ce6042d8ea31924daee3c988291e3905264cd9c4,4906,520a96dcf5fa9a55a846fb3212de1f667be3a466,
E03305,7581,株式会社サイゼリヤ,S100X5Z0,2025-08-31,3684,fbd1e0cdf3d70b813b6483fea5659944e27e04c1,3383,36d946419eaca96980e236d98736d84793ecd950,1743,3c101ea17092de7372791b477eae9fa2a1562af6,2428,8a0caff2336ae2da4efa943dc38c77c8fb82f6c2,
E01726,6268,ナブテスコ株式会社,S100XTOY,2025-12-31,5951,520f462bffa6046b0a563ab098e4b7920e667ca8,6852,93049487c3b3b9d6fae2a9519c47f585dbc47924,2509,2816310d359d81a216a1563eef63123f8c46bc24,16153,8c12e1999055b0966e15c960c1f47aa7693e5a46,
E00736,7849,スターツ出版株式会社,S100XSPB,2025-12-31,5949,e2c69463a4b7a67857367f4a7b97d5c4b1ee65ab,3420,0f5d6a49d2e2e3eb6a4dc4dd4aaf679be6bf0286,1498,e3b8b49bd8ba07a8ec1e15f58ec48ee2fa05406f,1114,2a323211e8f3a64aad72383d22540b284d555c81,
E02597,,東京青果株式会社,S100YKCN,2026-03-31,3837,225070ca93212785330cb1409721c79bbd47333b,828,827477ec49117e40a552e66286555ea79fd6c08c,1057,b2f397c24232dcaa106bd2b96237c6d8473af740,2929,092b80afae6b38ac8c592fa1894a8838ec0b45be,
E04894,9629,ピー・シー・エー株式会社,S100YGVP,2026-03-31,5990,59967cd0a2010c350581be6619466e83cc6ccc35,3800,b244af1c5237c71e17bd519f4fca3835f32ccba3,8660,6346889ffbb9c03361e6a953c984ebce2fd5deee,9147,bc863c4a24d2dd4a3849f6e99c61ad420ed9365a,
E01412,5959,岡部株式会社,S100XUL3,2025-12-31,6419,e5f9c9c47770129f0edc8a92758d25ab99af3891,5596,72491bad01d7ccb26cb9b44d444b1e4b10401102,2451,dc40891bb4038823f0f2a17a0d5e42985deaa1c9,18733,95d0d9e486651f895e37031ca214ebc8519706f1,
E01613,6395,株式会社タダノ,S100XQP3,2025-12-31,7591,25036666429b82702c00eefc5e2a2ef70f953df2,3992,e8be093536a414e22760acf9f910e20e116855aa,3535,2ac338fd4251ac5ec5ff47d7a14317ad67e7608a,10395,604b58d5d830ff4839b924b9e1f98a5e095e311b,
E00886,4409,東邦化学工業株式会社,S100YGU8,2026-03-31,9721,f4b21fade5981d8bc96d5914ba991758ae1b80dd,6330,7d2b0d5b457dbb63e54985d343484b4768a2abe6,2695,d90bab38409a4a22a55b798a9f156567f2ac08cb,5230,80347523e5ad4c44737bc6651fef2b2824a308b9,
E05551,3796,株式会社いい生活,S100YF6G,2026-03-31,6228,f40edac6a732a2932b7c5a4f785c33e86da179b7,6955,88a2ac7c478e652f6e2e0183b539de145fee2725,4739,318f7180e98ff44f2eb6870523b52d0dd829f835,3274,f9b6535e16eed7753418f184da2dbec8db4c2083,
E25386,6626,ＳＥＭＩＴＥＣ株式会社,S100YJ3G,2026-03-31,7789,9504c41529dc1d398bc581b288e2f4eaa35965fb,3866,64e53c508cbdab2cca15b68368db157a407962fb,1654,855467a3729ac61a546f118a3a7fa3e69595000c,1494,817fe425c74975623b476906f473e58b720b32d8,
E01754,6648,株式会社かわでん,S100YKAV,2026-03-31,4191,31114a25f7cfdd2b994688fa35edc00051e91108,4485,9b4421822a42f89637d78a1d38d021229a921f6d,2507,2ab16ecc121194aa3a22afe3d487a46457779f07,3216,8d06bdc49370a38960f7f8fe92ee869d247f4965,
E02163,7261,マツダ株式会社,S100YDZ1,2026-03-31,7559,63d18e6e25c2423afee1ffe658602bd15ddb6b4c,5931,cd4b9c362475af76adf35e62aec9c09115e5c5dc,7292,71cccb401b5b4a5b550fec16aaa2a341ca30e74f,9750,8306dc7db1817e1b911660e48b2057a038fb7853,
E03557,8337,株式会社千葉興業銀行,S100YDK0,2026-03-31,15465,c0669e47e1a1b0b4938814fdec6344f77719555c,7209,15511e9758b8a60bf6fcd6deed4dda1674ae3a0d,2246,0998e57e0ccd13d0a029dcff7c46f5e9bc79d09b,18833,d345702f16abf617f3d86d474ea93e3216ec1ee8,
E01381,5921,川岸工業株式会社,S100XBJH,2025-09-30,5840,07440ab7fb875e656e386779bbb37d8442f657d8,1855,445c442d4f9f751b337569845f946155c96740bd,1474,705bf4bd6f7e71e9613d1d67742dac9f30b3212b,1477,abde572c1c1634fb8ec6542ddb61af860e642405,
E34455,7681,株式会社レオクラン,S100XACD,2025-09-30,4979,b32a94b8846a393a4e537d4aaad30c99307d468a,3701,7685ebf7b049188445e99b6ae795602df9633f73,2380,4f2a6384d9d6e0e178b3e56020612c1219f95109,1688,668566babf8ca29a4a2268a2bcab3dac43af8381,
E03550,8346,株式会社東邦銀行,S100Y9W6,2026-03-31,17362,92e3d8e9d57defe47f74f34a7a75a835538cbecc,4713,2ce39aa6be8cba135fa481e7d5cd673aa8596141,4022,34953d37d7df5fbe91b491393cab0ef63a3ad223,11827,cb58febcd6207c5c5546170d1d2c759d145e976e,
E02408,7949,小松ウオール工業株式会社,S100YAOG,2026-03-31,4052,1aae6e56a5a365570d8a97544f8a046004d43987,2781,c94d67c51e39d230bbc37a38050abec589c0d45b,2342,7b58c37f7f4232e3ccb347d6547d272907c48253,4287,de1ec567536be3e2a46f9e2f472208ff850653c0,
E36406,7343,ブロードマインド株式会社,S100YKOR,2026-03-31,4076,ecb40ed39ba7204774429d29046ad9288c383d6e,7654,bd02435d098e3ceb4923ae33b274391760e1cfac,5297,16443f37b7a1159ca77103710c386574cabbcb8b,1840,2ba2b4ff0785f0c5f040068a71c8da0a723d2827,
E03040,8252,株式会社　丸井グループ,S100YEI3,2026-03-31,5264,d488a161ca2fe60c950339668797db1b8fcd360c,9147,86b344198bc7b98b41fe4f254a2b1a3168f5d42d,3443,9a4936eed58c7df977b70d2281afdf22028ca1af,16274,f2e3944809c2e693ee496adc976d12ae0ac93580,
E03549,8344,株式会社山形銀行,S100YE2M,2026-03-31,16738,41d324f1c76d3d9c50e162194eee13f076d9d717,4668,58eb4367c7e943e3aa72605a86325518afce5695,2922,e521ac6bf3f9a9de203b5c2a081b3eba12c7352a,14427,b8b334d8ad940753b995a6be68f3db2010839b43,
E02492,7821,前田工繊株式会社,S100WQAH,2025-06-30,7500,8b40aa2edf74a2843ba77f507d3ea5c5c2dbeff9,3300,358e5b479979399436a28387865acb26bfc8c7ca,3700,60e48f8df0920774735a02172c9101745c25c920,4793,2c0c902d30d68077641a7e3f518f2162659eea9a,
E04356,9367,大東港運株式会社,S100YH3W,2026-03-31,5865,69ca05e7bf14a80916959ada1c71019b26f74937,2369,470f3e78e6f09f97e7108f074dec9723beb970f0,2881,8805d76a7fe0b6d00ec173585306774914c640b1,2924,3aafd6fbbeeadd24f5a456393d30b90e3e3ec25e,
E00189,1981,株式会社協和日成,S100YDX8,2026-03-31,7875,3ec77788d58c135d4ec4d0f8a53df81477319fb9,6077,9b37965d04516c51529bfe2b1e1d0019e159ab0a,2461,e29b45cb57fe5eaffe69dd1d8dd107f633cee1d2,4307,06667009f44f373cae268dfcdf42fad756be44b4,
E00525,3101,東洋紡株式会社,S100YGRC,2026-03-31,5480,13ed327ca4becab67e8d49d57e2007615123f651,9932,9d02f204655ba47b76722b6b88fae1a0bd25eb53,9360,646ff7e207d1d790038cff9d626860a7a1bac6d2,21088,5381b6ae82f04b4c87cc71e9c4af1ec25cac6130,
E33601,6563,株式会社みらいワークス,S100XBZI,2025-09-30,6310,c5203b6ee6b7584014fcf6cacd2cce94d789bc27,4010,7fceef61c4a86e6e15beb1f3c219ab7361c04d80,3658,f406c499b572297bfb858bd74444e01ff3ddf217,2624,5859c6c24619621551d87396a5c9d6110b5fa77c,
E04291,9305,株式会社ヤマタネ,S100YEYD,2026-03-31,9473,a3a9f3a248e2347addbdc8a0ede5d412fa662c23,3865,8183443df53e8005de9de40d2c8e71313269da52,8751,8e494f06fcb8e97c3d743fceda6d50d98cbb9c99,9620,0f758bdeefdf0f47ea88d5db310d8bedd27f3ff5,
E03597,8393,株式会社宮崎銀行,S100YGVF,2026-03-31,15573,8c4902edc751ade877c8e98d8e45bc633c9fe244,5226,eae060ad31af6af2787f1e8339e317e2892a4532,3083,f54f02d25a87d7be5901e54584da53550d746977,5161,eb6d7ce863044ecf6aadae6a027a075c2b0c4b1f,
E01747,6643,株式会社戸上電機製作所,S100YJNT,2026-03-31,4624,e119d7ea95c8cc15d495916eba80c18ae40137b0,2279,0b13a41895a671d20a56bf4a7afdbf52d5ef77e4,1622,9f4f4fb6f23663d173d8fb575de6c2a7e7bf2fc4,2036,87956c0269f8a268cda34e856ad15ce9b4eacce3,
E34238,7035,ａｎｄ　ｆａｃｔｏｒｙ株式会社,S100X6AI,2025-08-31,4909,d411365c5462ffcdd83f6c7337981af9fdd5f7b7,5500,5eb127d15f27501828a6c6784e1329d450279574,2416,09c34d2aa95854f99cb4d7699c1e6dcbfbdc78fb,1253,a65b3847d15c34590660932444eacb7d74323ab8,
E00452,2805,ヱスビー食品株式会社,S100YGTZ,2026-03-31,7515,af2c989c86eae022abb0cec4b3ed74bb383dc33c,4528,ec1b9130eda45e7ef7496f1f88f4bebda86885dc,3133,45ac685dc8fc93d41f1d985733915a8591da6451,10019,1049d59c4291c01d9a4701a223f94f31899dd24f,
E36708,4074,株式会社ラキール,S100XUN1,2025-12-31,6385,c9613d58c0d78318cc217ce945ca0260f949efd4,6977,a862479931ed749cc10b6d5d13a96455daeb8cc2,3320,181c17f61c74b4479c06120af4de8e1470fa6220,2066,59ddcd96bd737d1965844b3e3a3cd7f077eed124,
E02158,7235,東京ラヂエーター製造株式会社,S100YG1L,2026-03-31,4997,e3dae0f98a48139b2e1415c18b64801b82e6c4a5,2146,fb6d063a203f33032da08d498812918c9853fbde,1845,d0400c79b9946df103997612c0a3f6980b775d00,3202,7c219214362b5b37ac1b0f86fb3c02c075649dde,
E34484,7044,株式会社ピアラ,S100XTO4,2025-12-31,6569,7e285a932af800a03dce92136656b590807e00f6,7960,30f811703c7b4f363d99e51fc59b052a66457bfa,6446,66f1319782020355db5baeaf2a3243d9dbcab86d,1461,fad3ea467b620282c60d6ab6f51b342a4e6e5793,
E00524,3001,片倉工業株式会社,S100XTK8,2025-12-31,7122,193abbbc1f0e74e4cf79d660c006839d913ba6c3,3535,3ec5ee5a6ae58ac7b63103a03b11fd5aa3b702a4,2540,1e392a950d4aa19ad4592e116c272cd6c513f935,2922,66a608a4bf4655a94e3dd420e74635ce6753561e,
E02333,6788,株式会社日本トリム,S100YF0Y,2026-03-31,7061,431f286a501d86014f5e4cd8e7e38ac0881d4778,3229,00685c48f6ee3cdbd069e20bb1de2d31a1b49849,8248,0c1ba01e840fad96e0c6e6525bf893f4328eff4a,2275,098d6b9d0d8077d072a78d6f8afbe3de3db7e0d6,
E04352,,東京湾横断道路株式会社,S100YLH5,2026-03-31,3301,0492fcd18ea0db005333c2ff808346a4a7997f92,1232,baf23f0ec270415742f6fd06a025ba775b7b2e6f,1456,16e7992235b42b8ebc903924b3e3d52e4cbb442a,1459,faaf249e856128e51974ab587c35f4510a3020aa,
E00138,1967,株式会社ヤマト,S100YBIH,2026-03-20,6516,2882f22b73b038a77d27b32f1cf4ad3529dde2f6,2242,5b471291ece8fce3c4ca9ecb201c1b97a9a9a278,1100,1e04029a5bfb0906eb2707bcf18b44fd6afc8d07,3553,162d07c17ed4d1ba6099ffc9a30c750edb918d21,
E02632,7459,株式会社メディパルホールディングス,S100YI1C,2026-03-31,11378,5ceb69c4092410ade3cb7c124e46a86becc06ab5,5447,22e625cb83352cf94cc8c51d4ce13e606c3423fe,4756,d4336808bfbace1b5edfb12e297f7766a8d8bbc9,5604,37021b1d7176735802fbc0c87962b6a73104b134,
E00809,4112,保土谷化学工業株式会社,S100YGIX,2026-03-31,5933,c1d8962c5fd25d411c76f6d8fb97d4ea2c6f0eb4,3606,a1b5e1ec2a5b9cb1ca549f1b0855e6d9787e5e96,1822,64487e1b31ece669cc166bac1fff52b44d25c3c8,2155,d9dd64fdfa2d52c8a1d6313bbe37d1f80c417192,
E01206,5282,ジオスター株式会社,S100YG98,2026-03-31,4433,32788e8018cb4ab58d150d245874cadb16438ba0,1168,df56763677b20c26a36235a54af650e309b86754,1976,afe3743e9f0a1a35c617ddca02fb1a4f756c7e9e,3553,268ac1c0feacd79ec52f0168f5b9a4317fa1ddf7,
E02678,8159,株式会社立花エレテック,S100YG86,2026-03-31,4815,6c04bbc26c6bb4dd4e0020982e19e1e071bd8354,2851,f3d22cb6c05e11c414becc3ad23acc529ec00896,1464,4b4185660022984a6898a7a179bfe52dacd9a683,6424,c39e6fbb354dd13d4463a16310d789bb0e26c4ec,
E36321,4936,株式会社アクシージア,S100WWME,2025-07-31,7171,f2769a689ddceeb8f06a3b48a005ce621d2005a9,9135,59df735acb92265320133765cc4256f5c5ea804b,5693,cf931263e2743196ae6e9f6390b84b8f59603562,1962,c21900f3aa7f400c7ea6b1e510c2e15ca0ac45f1,
E25867,3656,ＫＬａｂ株式会社,S100XU7P,2025-12-31,4345,5e78279c1088a419ef412f179b3cb3c2f8b7fc49,7000,101eb6f4a9ba4293c7a8795f077019c27beee565,4314,29c32f4ceb53af5cfa9e43528dd00edb53bc8ddc,1759,89827cc46e73775ce516ac75d2a6a25723273de5,
E01085,5101,横浜ゴム株式会社,S100XSMJ,2025-12-31,3683,1e84519eab60d53058255df8fe790fa3bef060c4,4123,304d56180ca827cac8a7031e14fc3932a3bfbe8f,3319,5836a48d3405b29c2b4afee9cf50d3a00729c60b,17411,6db97ea4598672f8efc0c6bd3d9a1749725d5bd4,
E05029,4719,株式会社アルファシステムズ,S100YK7V,2026-03-31,6625,ac9f3bcc4d6732ea01b119c4108241c431b33b22,1384,55200c16867a1ae8bed8ae19224318895b3cb4a0,5112,244234eacc196d8c60a0b099836d05c0b5741d3e,3109,a7ddb97b53ac06f1a4296a6eb89655aff7cff9db,
E00461,2875,東洋水産株式会社,S100YDW0,2026-03-31,7164,f133ec721ee1ce457b2aa720f2045389682a51c5,3827,c2c0922eb6b76692e678ff8ce7ba7d6b8954900d,2553,64636ba5eeff5160b2c91eec7833f640d65c212f,8202,5b6e1b0dbed1f5c5d6917592edda30a683b71b8e,
E01612,6393,油研工業株式会社,S100YJ87,2026-03-31,4944,3037f76b612552a9b66f950fd988d756df9352dd,2167,1a41299696f38f02d5bf2deed53b739ff56622f9,1274,2b9b7736ed72fa16d7ff8e44391093ab4cd7658e,2566,246a5e1ee0732fc711765b1f4efe0a4b196b1d89,
E35164,4481,ベース株式会社,S100XUKI,2025-12-31,5512,6a362affe0c25010c937e936bcf9efc6b03018ab,5252,249f6374fcf58f7229368405eeabfc7817b36a64,4207,0b9af481e91ca9182932b0e461c24ee440f036f3,6113,67e1945d46cfafb65c4ce66b1fed500f2111bc4a,
E02683,8023,ＤＡＩＫＯ　ＸＴＥＣＨ株式会社,S100YIXP,2026-03-31,7225,b6141b0e60ad339f7c6a5447353c59f33fe3ae2e,3248,26f860275d3c9a0eb6541b7ba0f84ce59b20b707,4136,42640a5c954da5a157dc5ef846934f7e0ed57e91,2582,7c3c29de8920701cc2e4b5f8c828cd8099466966,
E01284,5607,中央可鍛工業株式会社,S100YJLT,2026-03-31,4188,03e95ba7df1db659ba7c0a7c0f679a5433b49893,3585,9a941e9b1945bba1dca4dbaebd6b4566a63aa2d0,969,14a8f4ac289b9db1068bd2200b3875e9ff784049,4460,a481fe837022d9658b19d200ae9d5e7b68c96a2a,
E01000,4218,ニチバン株式会社,S100YGTG,2026-03-31,8003,1e0ef625a4085d0b0034885a09de7ddcc6171309,5768,3713c137d3b069c2b6d189d87dceaff6fb218de0,1998,85a8c2c96ba79fad88b3785ddac827d868272162,4187,6bc9b7510128689fb23d731171e0310196b6cd8b,
E01048,4968,荒川化学工業株式会社,S100YF3H,2026-03-31,5769,153b8a32caa2ee731da8e31d8f6ac3c8e8202ea5,2810,2bae43f767dcc3e6de483f49ec5023490ce675e7,3956,c25ae46d2c6a2a48ed25ed5e74f87368c970eef6,5415,93046a9decb036525f4130f3b0f40d098b8a29c6,
E01529,6391,株式会社加地テック,S100YJ76,2026-03-31,3542,13fa27787af746e12f22b9d66801c92ff6732b48,1925,c24617b813662c9d7fd1e55aa3474ef81785432c,2663,047061f8bd67fa8fc7510a0a2543092ad20f3163,1268,62fdc6bad6dda873beaa38c6a41c2b5d55b690f9,
E05332,2359,株式会社コア,S100YE3S,2026-03-31,6343,69bc1a21bc30189e20a992ba59d1226919210087,3960,ee597a598242efce9efbcaf4b58250a5dabada55,2818,f3fbdcc5c94f5706de858208f9182c7299950603,4343,aab8eff173aa2584fabe57e7841e56dc08618810,
E34663,4430,東海ソフト株式会社,S100WLXE,2025-05-31,5947,c8c98090bfef7eb2d93e441f15f90f630585617d,6683,219c7189a7b02dd7ac6305a47004119cef4c0049,4234,b1ac51b08e56a4df8bfa17c97225942f660bb32c,3799,f255643ce791fea8ad2babccecc74c6b4192931d,
E01090,5105,ＴＯＹＯ　ＴＩＲＥ株式会社,S100XTYE,2025-12-31,5791,f7d16d61142820f02f96329e6472ada3ea248505,2070,09fdc8bff65e8f920bef357d0172bab73f3823b5,1461,4110a4ef059f9ce1372c454a3624e20c5cd6e828,9292,0c3614312c8f9b262c0feb7ccc13d342b430b485,
E41257,500A,株式会社ＴＯブックス,S100YSBO,2026-04-30,4225,b6b6c3bbbd6c064d5a5aafc8ff921ef2204b375b,7465,6a881d98435987d16e780b4140e42c0f8939dd93,5357,cd580737a124b9d7956b769151f9e75bfe187477,1075,f958084d541e255d22e3a400b23ad50761fc297e,
E41081,462A,株式会社ＦＵＮＤＩＮＮＯ,S100XI5B,2025-10-31,7764,0b93f17ab3cb4e378e3632019bd56bc04a889aab,16322,dd24e8f893765c7156ca1e301411e71fa960bafe,8231,05c25f50cdb7d1401471ee67e6d4a501e79a3ff9,4281,eafab3a91129987f400806bc5fc1661fe3af1249,
E01603,6474,株式会社不二越,S100XMRN,2025-11-30,5608,5e5a7dd9df48a6e30aa160608e876dd6f3772d01,4524,bbfff4a5addd4275e607d141d713059345acb125,903,501201e0ceb1c12308af93049045085e75cba779,7522,bf97b73011661af427dce3dab6cd335522aeb49d,
E03363,2678,アスクル株式会社,S100YSYE,2026-05-20,7133,fd63c598728ccd8d18493c0e325bc69ea5742a0b,14079,58de214006b30a786bded410fe59be5caae65e5e,3195,3a7ae41a68aa1b82c749d693dcaffd7a76c61d0b,14853,623324b7cccd54d6e8da864ce5db7afc6b9600c3,
E03945,8850,スターツコーポレーション株式会社,S100YKTS,2026-03-31,7030,9445aa9b7bd8e81255f50767cf5b3d6f4b85f0e9,1413,be70c52e0127d052ab8e7532b79683e34a15b34d,2166,f822dfbe55abb381d4d5b79471c353a8b0550506,1913,79e8a9c100aef08a7b2a6088893890bdd24e1ecc,
E35118,5871,ＳＯＬＩＺＥ　Ｈｏｌｄｉｎｇｓ株式会社,S100XSRF,2025-12-31,7806,78f248b0109d8af98d8e1e82e5f9c09c9f3aeb0d,11298,f9120851963a1a1111294594861fe356cb8c42cc,8325,7d2e6829c6c7f1d2b0246862279ae848ed90ceba,13028,b08c40249df877c168db6a96a1518346de5d56c8,
E30140,6089,株式会社ウィルグループ,S100YFJF,2026-03-31,6913,196269e6cd2e062fb655332dbd5b6c308be8ffdb,8623,1d7776861ad84d08713ede604464cbefc671f5b2,4235,5308c245b41812163d3a04b58579873f32a01625,5081,55bdd8b14b89637a51a1616e2a0c6f7fb072951a,
E01114,5184,株式会社ニチリン,S100XRDM,2025-12-31,6909,a9d560a5c0e0fa56fbdd23a39982f962d01dbcb3,3933,ad461de66e10fb79c8f201388b83a62aa2cd04e5,3049,efabf608e3ef962569c9f5a1392c00d9758bcb43,8448,dd75636ff20cd80b3605812c95532f9b161832a3,
E02129,7014,株式会社名村造船所,S100YEFT,2026-03-31,5295,7c0d4c3d5d941a4005e69193c99f1b88fd4daf65,3346,00a551791a45210bee1b91fdfc2ca90f6b5d9388,2757,b3c763a5563e6b1b4bb5ddae33346f50adc7cb12,4622,500af7380ffcc79a998275e4266bb8c6e4bdf09a,
E00882,4406,新日本理化株式会社,S100YGXD,2026-03-31,4569,4779a5d26375d06bd8f78d26be8545d5670c17c0,1928,b50d641e3353dd325d60247890e9a5db64473acd,1851,03947647110d9e2e3321d87a429215438d121ea7,5807,12a51eba12ed49ce94078d1f07f5a7ddd4ad6944,
E01539,6335,株式会社東京機械製作所,S100YI7P,2026-03-31,4284,0120e7ac7b151b3779d12fe5c8df717cca249844,1366,44dde40c66d334c7ee8af9c207911918bff015ae,2802,93276d528427f3d307f8261afc6a263913994238,2130,7eeaa2bd6dfca9c158a84a14c7d1c454d7d18ee3,
E02237,7220,武蔵精密工業株式会社,S100YGX6,2026-03-31,6008,c51abad138a3ebeab274d3a546af9f378c1c626e,3275,d9cbd3ac67eb39950d90077e2d090ef08e38f682,3583,0b328910af0caa079ac8c2322afdc7e07177932c,4382,cbc28ffc7a0c9423c413d570d1e190b2e74feaa5,
E03005,3079,ディーブイエックス株式会社,S100YL91,2026-03-31,9427,4dd345c0db306b80386f757b14847dce890e56c6,9555,5b0dd26be002b4b0ce3a3285ea0f489e8b116826,3148,51db1d16d5e2639f9ec61ed936282e2928e972bd,7411,d3e794b084ea4a3e92ecd5ec46f557d06e28c691,
E01327,5726,株式会社大阪チタニウムテクノロジーズ,S100YHFZ,2026-03-31,5039,11489979c29919ddbd15393717799f82af6b25ab,4357,e04a562eb8be59ede1d696773165bbc42790f7c2,1539,18666fed9f09c31c7deb2b23c6f4db0612fa7201,5434,6f313e616be20ee618827a1f4144c7baa8c34e1c,
E01534,6360,株式会社　東京自働機械製作所,S100YHZL,2026-03-31,3457,423543fbdab02745bbd0c4142956fe3141c6a272,937,6c0f3fe496494c26bcfa8ac6dd88a59cd237b2eb,1391,02f86c217b30903fc1bdaa96b89d625b5afe489c,14735,ec2d3ba9b28369e1b2b976e5693ac0012ea3ee1a,
E27273,1420,サンヨーホームズ株式会社,S100YGLY,2026-03-31,5406,33e99b58e4af9d734a0468ff2696bfe9cf36a524,4850,842e43208c7dc296c5d4caff1b22d1c2e38452ab,2668,3ecc815fe714c3e0cec00d902c0ed9cb23f3e56b,6434,047fbf5e2f718631ceeebe2de62fb1d7367c3c83,
E35234,2999,ホームポジション株式会社,S100X6G1,2025-08-31,5335,48b15fb21a11542e187d3fdf4c7961c6f88705d5,9888,c2e5e32ac995663c930398af7028600e13a1ec8f,2345,1ed61cd69b104c151ba151fe9f20df8e4ef70313,3930,8682da7e3000b4f9c9770c3232a0af12f38b50a5,
E35578,4495,株式会社アイキューブドシステムズ,S100WPS5,2025-06-30,7566,d4e2d0e334aa29ba663f9921d1a846640d473ca2,5508,e98f2f03a4c668f0532a5c369ca32497e6b2951b,3932,a0a42df52251de253c11f5d7789e86c27439a039,2214,4ab8e081448d82a4de1233869570b1437efe75cc,
E01336,5805,ＳＷＣＣ株式会社,S100YE42,2026-03-31,4712,9b40918f4fd10ffb21da5b5c123bf1910dd2ebb4,2505,2257fd76825b1274891622523709ab502dd67b95,2849,a1c9ec2dee016d5eca706f3c4592be55d5d99adc,11345,426b25953dd0924a535fddc5ccd8cd56ad568b5b,
E02574,8043,スターゼン株式会社,S100YIM9,2026-03-31,6639,c567346aca23f273f0b88515bfb8e1ea5c69ab40,5493,1119acee070f0f9b661d0c8809439e81a97203ae,3792,31fc8ddefff9b75b30addb5c1c39b33580176e14,6630,234aea23bc37c9d6ed4dfbbc6e98fc194edad4f7,
E34634,7049,株式会社識学,S100Y1AF,2026-02-28,5866,248f85fe9293e3dd4dca552d599810113d769b54,4208,1deec43d0ad59e0be839e38e616539ec79598c1d,3006,e4650b9a7cbc338228285763d4e7911248f9ea43,2035,4ecc2d0f3847dbf6be6687fe9db1d0f24f7394ca,
E01163,5391,株式会社エーアンドエーマテリアル,S100YK9E,2026-03-31,6250,5522cd3e2e77ed95d038c4b41ae864e8be277bbd,1298,e7a2e0483c631632aef2069d0849a191e50dfd86,1390,fa2578cfbcffe9251d1c9c6e2fc07a84c242e53b,7307,d1528262fb1ae5e9d3c6ed8394e8200db352d94f,
E00900,4619,日本特殊塗料株式会社,S100YDP5,2026-03-31,5399,718acb99eb368a669c2ea0dc91e7ea1d35c5b030,4298,d7e13e929aa2e56ec8426c0da31cb53e4d7147c7,2443,594b39fbb0c0ce48ed01fdd95d844476c31c7d32,4194,adfaee8c2eecb7c60b659694b7951ccc0a29f372,
E00562,3569,セーレン株式会社,S100YH1G,2026-03-31,7227,ab6724c673dca02be8c9d2a34822909f7cacc9ed,3033,983d1f77b776ac3b4cde9bf311cdc478cbe17bea,3705,c77831410cc69e9cbdfb35ab1c1fa9bdaf769d93,5822,cfa079ab4254ad220bd7945065909927015e2dfe,
E04768,8584,株式会社ジャックス,S100YEIM,2026-03-31,8641,1170f15c6dd633eee431e5076ba06a947c2cff30,15339,fbe8902c4e5f33e100643914609184b4cf18d7e0,4593,b4cf54e39afadcf359168a9568d458a18f683088,7615,b731cefd2aa1e315c94c216d82629f717b393e50,
E01282,5660,神鋼鋼線工業株式会社,S100YJTL,2026-03-31,5798,510fc41bf29252ece077af25602a40e2656acbf6,2531,73637e31d3294cd9447a1bcf143f5005de476cd3,1307,910c67ff3e42ccc4a869656b1979c623b24b6689,14928,b5cfb26ba66cd4885b41b9c97a1d2988f1b8c3d4,
E02747,9906,藤井産業株式会社,S100YJUL,2026-03-31,4225,a42535f7d7b0ec84716e365814083469e8ec94eb,1119,92223fa11ee0773dbf30ccffd1b3cc43ae0bdbfc,1886,e5c2669f44b5c1c9476fdcc883e956ae80922be9,3495,db8f3d686479b6484936ff728a2dbe6ab0a8aaa2,
E30697,4979,ＯＡＴアグリオ株式会社,S100XSHI,2025-12-31,6311,8822038c3c4faf9b8ee13ec457686a3098c845d8,3004,d229504a4b64293dec4966dd1bcec04651aa84d6,3071,2272cdd4748fe4c7820903c80402cf255cbf8c3a,5123,3e8460470cadaa445a54945e90e3fe90a09aaee1,
E02647,8119,株式会社三栄コーポレーション,S100YJU6,2026-03-31,7811,f9512e89b198737dae5b178af8c45336df5cfa6d,4067,84b9f8bee01373c977922ec95d4d111123a8cff9,4436,c932d98f87061cfe1242beddfd88b4c5d301d2c7,4040,ab567ca1bd7c15120bfc7a68031500532ce75139,
E01729,6157,日進工具株式会社,S100YG7J,2026-03-31,5415,1eba848af88eed3317e3d809ddff2f47133854bb,3773,77da4474386a08d00fe95cad75889962f5b0af2c,5180,31a99908f915dbe8195ec2e264bc9e7033b5e718,2393,d722831a43d300e8713e1dedf91ac114121f1487,
E05155,4820,株式会社イーエムシステムズ（商号　株式会社ＥＭシステムズ）,S100XUIK,2025-12-31,6141,6dd6a55e80696d4b03fbbc16dd29ef9a57371a5b,3364,b2e166cc0ba48df226cb010a2a7fd3d88c368b78,1624,b3aeab4d78a74e485683f3f37a6fbd07eecd04b5,3774,d3cb7a32c3e665f8ed299c2f155496c9bce0ed8b,
E04803,9742,株式会社アイネス,S100YF4O,2026-03-31,7860,96c550a8a652a4644c5047165c8534264720f236,3164,593344f896b4ebf4d83abbd87209eaff7949a76a,2051,cd039c5294dc692daa522c8784291e5b3975521b,6674,0033f19f87bff32852011e21c5c69c2a0018b839,
E02897,7608,株式会社エスケイジャパン,S100Y6QH,2026-02-28,5207,18c9358a925837d5ba5892a5a5aba05caf914355,2330,986b6108a533df39e9d9d8f9ff3e244d38d7a807,1546,95d923e48bda17d5caf6f4ee3f88560a211910ad,1752,6131755d3899b2d2929546b0fc99d243b9d475aa,
E02438,5982,株式会社マルゼン,S100Y6B9,2026-02-28,6213,f19867efac4823e1a4769333c3681e3ce3386d2f,2072,dd4f19d5fd379fa13f0939b0a4bcb21826d06b0a,2462,79e9c0317b551a25a7a327a453f8d3ee28d56c7d,1889,ded4aef4386894b20362a01b46d4c8b666a39912,
E31731,1433,ベステラ株式会社,S100XZ7G,2026-01-31,7394,346e4361df5d424dcd5257c63fd0cff465feca77,3851,f133fe9f344cf06d2a5dcb72fbb289aa3e11ed0f,2570,8b23bc74ce0e1baea2300b4d6088e2bf6a30fe9b,6094,e38537e3a4fc12254430f64b7a3039654924d421,
E02821,7456,松田産業株式会社,S100YGWM,2026-03-31,7070,ead203c3240111c33ee24dec83ee81176e0edcf8,2898,c358be3da6c648d938c3f03ac7ab4a6e9304580c,3442,e8c1f86f3ff5bf89c99d6d9639645bb8e3c57a36,6833,c33d6c2864c1999b477da08530b3475ae9943892,
E37779,9556,ＩＮＴＬＯＯＰ株式会社,S100WX3D,2025-07-31,4639,5dc77cb4598f24424fe8e27c1f729fe9b547a33e,10313,a26bc8e223774c3ce012832561c1833b65432b07,1848,a2148a580d1ee1b66320abd6c55b3861448eec78,1697,5cd398d8e2ef00b97a938fd02640d7dfeb978dfd,
E01793,6770,アルプスアルパイン株式会社,S100YB8V,2026-03-31,6742,d268d2c468290fd2df81c2b141cf33aa4d79bba6,15019,e099e75b51e3bd032d30f8aebe8a8d291c95a8e0,2220,254d5e33f12138a12238114b945e7e17f1da7a8a,15206,d34d01f5dfbae06ba166cf3334ec0dd353e853da,
E37105,4255,ＴＨＥＣＯＯ株式会社,S100XTKE,2025-12-31,7896,8d1aff638d81f97aa705073f9a6fee33cb913936,10346,9d7233dd5f60f838056bba52c285625bc0cada03,5574,4d190c0ce6a21ac45bb115dfbd77ebb588380c74,4123,2137cc0acdfacbcdcdb7779baa1d91a782e31d4d,
E05230,4317,株式会社レイ,S100Y7H8,2026-02-28,4472,cd17eb8733dbfe879151924d4a3e91d4549c27af,1995,2d9bbdec9c2a5c9157a79b21d408b003df5555e7,2302,886ce8c9e6d6650422d0137da0579858cdc9b160,1434,2e3f91595d4ec4e7e9e61dba0f43b5e8ca0ababb,
E03663,8541,株式会社　愛媛銀行,S100YENS,2026-03-31,14876,e47cbc72e5d70322c368faca51b4b15b2377f766,4278,c45a0c088c54c20f37bf8593c536c2319898ee12,1774,a54ff0da5dc542d5f36d62e84f9e2223386e810b,8000,94bc4f279ce4ce2f8f336006dd92d8b2dffc4807,
E03736,,株式会社日産フィナンシャルサービス,S100YNAF,2026-03-31,6881,3ac641d119707d5c10f8a11ca28293f3306ae9d8,3243,3294795b6d1bf49900c3e28e293e0817606dfd77,1932,b98a862b819a46dcbfb4683f2097931f64e99874,1066,f400fa9c1238fd061cf8425df6ba87b8829b55e7,
E02827,7466,ＳＰＫ株式会社,S100YCR6,2026-03-31,5960,1b4de53433783a25fa9eb6a4a315e91c90822da8,4116,6379b4232e0a4e57b4b9f6f0a05aa1064ff805f7,4409,d03c45ccf512fa4c3dc7d05cf974e7d42adf2eff,8742,da3266c51503943c1ecf0a80ca77f3da146e19eb,
E01724,6405,鈴茂器工株式会社,S100YN3J,2026-03-31,6002,81842063e02b825be10b567d3581bba9fe21b6e5,2848,e5e97dff700a62935d7b954f64fa436f70ad8881,1863,d30b97f385e0eabc4c5a86a8811500be09c88444,3297,c9a9df10527a22812ae605bb2ab34ad7a1dde2af,
E04523,9536,西部ガスホールディングス株式会社,S100YE54,2026-03-31,6202,b8c59d0e9009163f2d5bf4140f9b07b92b2e859d,6149,7fe5adb3c68c28adada81b5a9a18d24e9a83c39f,2095,61e08c53febed2cbc4d75d1d330681e9d3834764,7483,7fe45b5e88af5894284ffec062cb572389c1bf3b,
E02688,8086,ニプロ株式会社,S100YJLK,2026-03-31,6239,976018b03461fb38161da9a9fd9fe61cc2cbecb3,3872,d764f3d8025445544fa611e7a6f7d04270852fa1,1953,7104f700a77898f7a71b909f8b98b7cc6454437c,6180,7551073d610bc8b80e536539d8b9a47513344d51,
E01696,6294,オカダアイヨン株式会社,S100YBL0,2026-03-31,6970,be8bc43ff1e8861092ebe65b75380ffb2ccbcf86,2744,39ab9ac8a16b4c4c8f55303929014f85171150d5,7436,6dc96762b1e522fdce6c2f5d9c024cdae9f99c44,5237,1b24e1608f32da1821fcf95cf4b7ce8728f587a5,
E41086,460A,ＢＲＡＮＵ株式会社,S100XHL0,2025-10-31,5437,22ecf7953d904b76d9cd108dc346c21ed69491d3,8055,0a45b64000c9d816bce27b5a02511bfd1f253ec2,3617,33e5d14a0b6c8ef27292168c55b42798877db22b,1448,3019cef43d403f1143558c8f87f93ab41d123666,
E02635,8158,ソーダニッカ株式会社,S100YFPG,2026-03-31,6790,cafff2ae3a111ff1857b1d503a4a9afaa9ecc913,1925,cbd71cc7a735cc5f8d6b61d3e802813bd7f97b08,1109,43619fd29f2dcc2808b178f5bb2ca67dcae393bf,3130,82bab33e061deb8a00a2c37f1da44a23123e1cd1,
E01464,3437,特殊電極株式会社,S100YD8G,2026-03-31,5722,74156a5cd1182c195d912b58457271639ed267a9,2119,ca4cb320575bfd792a1aba784cfe44f54524b2c3,4210,886104dd70450b1fddcd98f678e62904646a15e9,3302,779ed5b4c6a01f9154f2e312c2e0d95327bf1306,
E01790,6707,サンケン電気株式会社,S100YI8X,2026-03-31,5749,e14353cf3b4ee0b737b60526bc754142a5334479,9890,5cbb795ff210d7d271d28d5c22637323ab4df9cb,1614,30e133ac35cc23f1eebbf825ac5d0bfddb5765dd,8409,2058d7e023b371e5885f3293cccfc78500e981ce,
E00991,4912,ライオン株式会社,S100XU1E,2025-12-31,11425,bb2b7df82f215a47681975dcbb74168a2e563295,5098,8e98464c18b209682e6e72cd7f2d877a6e9ef91d,3417,a36b8726460b3014f69f148f3c487eec266e43d4,6320,c7021ca5efeab8755625f8d9ccbab2bb560e97ac,
E05593,2488,ＪＴＰ株式会社,S100YD1Z,2026-03-31,7858,250edcae0d3293e4bf6cd1f9ff2d61d594d6a825,2435,5b047034734d91f5a50185cd683c642e4b002edc,1477,e8b5fcf3277d69b5c11dd1f79b28a86e9553e3df,3239,c9001b8868c54d66539becc9af5cb4a4f81e57f9,
E02390,6961,株式会社エンプラス,S100YLHU,2026-03-31,4483,5ac65423edaccf10e18c5bae89c52d86e4c0bcfa,2242,2c0a67774755fcb8a5df2e039ac09ce320da434d,1520,ab3cdcf962f859da9b546494627af10e97ca0b8b,2866,7bfc6e258c049a8a0bb69a41dee5ca169e2e6a72,
E27260,3182,オイシックス・ラ・大地株式会社,S100YJ0Y,2026-03-31,6440,2065af4a618d226264f483078c4e733bc5028a7b,5948,dd325a3b235703cd21a0fa2fbf321767c05df3ef,3215,3d7f3bafd6bdf16842e2241f3eb2569fd63d9c73,10339,74e34a874cc4ee49e3569bffe27abea819183225,
E02226,7273,株式会社イクヨ,S100YLTN,2026-03-31,6988,1fdc17aa5d064ddaf6a5886ce7f690cb8cc296d2,1760,aff37898c8c7e7ce0d151aad9de7f6e9f269108e,4977,293250b5c89328861900923ac4633a1f4627c6ef,1243,9195686db5aa808eba9a4447337be6dc5d7c39f3,
E35116,7685,株式会社ＢｕｙＳｅｌｌ　Ｔｅｃｈｎｏｌｏｇｉｅｓ,S100XTBY,2025-12-31,5368,7d951287c4074f51af9f784ccfdbc2d7982a1e1c,8921,0af8d91c478c610d6e138277a6b107f065891268,1275,f15e5f6c29f7bdc8fc4baedda27c1a7aa26630d9,2206,9dc00193b48e6a9c8ddd49ab5a47aed41b2016b4,
E03639,8550,株式会社　栃木銀行,S100YE6L,2026-03-31,10136,2d5e00097a0945407de5c6a02c2f1401091d1c3b,5807,a78d889ec5c0645df35f41c9513f728a3a63e8a3,3038,c0c526790a965c057c636c06cef46843cf66f75b,18300,d6ca0fa7b1ff5ff8593481023a459348a0ad58c4,
E35144,2983,株式会社アールプランナー,S100Y03C,2026-01-31,6960,607f461a8b7878a8567a33005cbe76c812c40d29,8401,1e000ad8dc5259b23edd234c0c598866be6c2c85,6056,bfc287408088baf11438d77d422c8e3eacf0e7a1,3007,ba2cdfabf55f80dedbadb7602ff2844db9219260,
E33034,6544,ジャパンエレベーターサービスホールディングス株式会社,S100YEZ8,2026-03-31,4808,5e1c3814f7801c3e6027cf50d6cb16d2fc8f6931,4880,31183a1dae5e599306860d180978d8d67701600c,2026,3966916db34f0b33b7cda878a45f35d929a2dd37,4710,9f6902a69f38ff6b124fff4633f7aa4da960e3db,
E00396,2531,宝ホールディングス株式会社,S100YINV,2026-03-31,9893,fc6ce8f0379277b0975c1f5a508e88043dc44b4f,6784,d87d808c66942d795b4811b8ef329fd2fe37decd,3410,a3b092033f2944df56a5e6f99e7f6e09f42dd078,14971,4a1f392aea4645b975216c18f45f5ac22daf15c2,
E04997,4687,ＴＤＣソフト株式会社,S100YH3J,2026-03-31,7364,57595a24405a4c131ce66a1fa2f484facb8d8c70,2758,01f2019fc30436c7e4703bb5fdad86004cd74e6e,1151,7466428d5bdae5f91e6a278774269eaf275d0dec,4802,c27a96f44a336a26e7ea81e7ca9d6cd7767176a2,
E05031,,トヨタファイナンス株式会社,S100YMDA,2026-03-31,8812,dd85061c87250fe7e9fd586d00a38f4933bd5a5b,3222,ec9db795f36c5587fa66e25ce8e3054aa375d2c2,1140,0146d8683540a71ee5ab067247d878bc861177ee,3727,05bd6d78aa2e9060a8e6a57dc98827ae72bd0c74,
E01807,6779,日本電波工業株式会社,S100YFNH,2026-03-31,4242,d2a721284ccf9cb1db9e7695ba12be01c4d128c4,2844,0a63ddb33ef17889ad3b7112f4b318c81272fb50,2349,d5c8b4acb78ccc4b68ff6693c419ea9194054975,3084,4d4c326eec0dc758596dafa547d2c4d68e17bd35,
E01317,5938,株式会社ＬＩＸＩＬ,S100YD5L,2026-03-31,10959,4f0309b426f63c6d77b97fa87f29b906f1d25865,16453,77687f57963ccd7a846a201bdc5dbe711eb5d059,4981,0deabb2fa14e22656bea66a5f97c890d6ebb0f45,19286,190e864ba776e08ddbc1966060550de11405a93b,
E02562,,新生紙パルプ商事株式会社,S100YFLX,2026-03-31,4250,ffb49a667aaab7a0b2cddba249560f33efd75162,2120,9e53a1fd2735c04b108d63090cc195832b036338,1808,82572ec6a825f3ce3a601519ecd0c485c454e56b,3024,3042354924b7c02365200bc36935ab33ac748262,
E05282,4356,応用技術株式会社,S100XSUL,2025-12-31,7981,bcbe38e39c7ade25c412cb5d70b2e6aa2520a9ff,1853,2b8636c51e18338e62cc3d522cdb407caa037f23,2417,4fdc3652963f1f91ec351e3984927c79f612b376,1363,6a38bdd2bbc39359eec182768d521c3044172ad7,
E34754,4436,株式会社ミンカブ・ジ・インフォノイド,S100YJON,2026-03-31,6789,8de4bace96e0d4b920b2ac17e13e28ebd568180d,6494,1ba662144a3a906b56cf265f5fa3c5302d1fef5f,3831,186157547820c6c22617690560c894b014d4875f,2935,799317a10517512a70b2eb5c0132423a28ea1bd0,
E38926,6223,株式会社　西部技研,S100XTV5,2025-12-31,5252,1801f277e504f066ef4efe80d7ab7733a37b2108,11044,1d5923046c73c19a5b1f925ac0a33048f68de248,6179,c824d284f332833a7b7843fda37858bf09c39813,7454,a49b008aa50e267db8c76ad656cd6c2ccde6228a,
E01981,6145,ＮＩＴＴＯＫＵ株式会社,S100YKQX,2026-03-31,6582,6b94be1b5781519bb048595e4e2579c6708fdb5e,3296,6e19e017dcac6fcaeb03ffed5516ef3e52f4172d,2014,3129a380be80be623693d7c7c2bddf039a038db2,4099,9056766280848aa7005d76f2199ce3e0fc877b86,
E02342,6778,株式会社アルチザネットワークス,S100WW7U,2025-07-31,7816,d84e793916cf257a8671450142fba64defcac823,6965,8902a2c1ac7addeb290d48bf3f54e7249aa4867b,2500,fba8b59ced425821887b660feda123d9f20d60b4,2049,42d515c07bd29b6cadfe48c2d99994454f8b5034,
E01147,5357,株式会社　ヨータイ,S100YHT7,2026-03-31,5184,9728b30695a54b3090bcd8e0a28c0df13f95f244,1424,2b192f4da44e8ace9a1503a970fc9192e2223e24,1345,5f88e76ce2006baec0e9d5406624c43e0426187c,11510,e1f83b646746a39d662145c17433223af9d6215c,
E03464,3391,株式会社ツルハホールディングス,S100Y5EY,2026-02-28,7277,48921fcdc4f63ffa6a3fea89feccf5b2b48ca127,2165,b1f78b9943f965aba92266828052f551353a65fe,1250,d230ec9cd06dc3872dccb83c2da7e7784334bf18,3080,c0c37360e0e9e631f5a272af979a5ab03d1f8725,
E05677,3842,株式会社ネクストジェン,S100YD0G,2026-03-31,10983,fccc433874e883491ffc2e6d3cf857f977deed01,2892,8c7ff7aa56fc0c9e8d77a2887aae709af0ea6267,4594,74b4b965fb97706b678085594e71d2d41c410fd2,3066,194306c08f6f253657b0a5222dbcdcbf0ed2c627,
E02222,5989,株式会社エイチワン,S100YFUA,2026-03-31,4710,24c274c190d57cd8862e2db64cd41999be2edd02,2717,0a1d900afc41f7236c091d8814c8104e20be013a,2105,51011ca3f90b54d3de2004b405ef0f941def2c22,6132,5d9dc288e11dc52137daa9838a18de8786a16ac9,
E30085,3682,エンカレッジ・テクノロジ株式会社,S100YD54,2026-03-31,9497,633d53ed327b60fdb70a7a55de506f2d93c847eb,5632,6fe00f9d2d384e46d48397f7e93b14b1622531b8,4154,750512802737e0ce52b8778d98a32fe8bb0e68aa,5376,715cb09ccdfb9bcb4c50575ab9890cf1de7222af,
E00514,2819,エバラ食品工業株式会社,S100YJNX,2026-03-31,5933,9d122cbfb973031d77d7d12db0339dcc6699a84e,6200,80b0448e2a9f49017bdd6ae1803a556c9b7deeaf,2235,d50a667f208b5050bd4cf40eb032b027721f4fd2,3707,65fd921cdd26be398e121ba774294c4a07737376,
E01482,6104,芝浦機械株式会社,S100YLEZ,2026-03-31,7399,1a542dbb3b4ea5c44342554ba4d1d05a745da54f,1677,2cbd8028e4b69bf97b8837af45396af6039d17dd,2972,37c2e75f2b89d52abc0d4e0f0ef90c043608515f,10364,5476a3c8ab3e40d872eff308311b50cfc42b7630,
E02131,7018,内海造船株式会社,S100YJMY,2026-03-31,6249,66231366ac161fcce49ce88d164e219951c6a6bb,2451,958aba57d18fa7e04e3d5c16f6bc05d1180ac952,1405,4e4057e4936fb53c411078577c00665b6b8075e5,4097,58b76ae29947e476addcb2da48dafe4fddbc07cf,
E32189,6237,株式会社イワキ,S100YHPM,2026-03-31,6466,aad6bef0706b4b2b53606dce2c69d73985cbb0f1,6029,198c9c6ba728c4894e0013e65d4a36a5cc8c1f27,2456,42d55095b9d53fd89fb3c1c4ab24df329a3e7550,6437,068c148d6adf2b4629380eb0d47d0262ed23d53a,
E03546,8343,株式会社秋田銀行,S100YATN,2026-03-31,15837,8672114f3332138e94d92edc42de6737fbefdbc0,4686,acdb79c4477eeabfd99b933196ffb8ac330090be,4102,40cab892b873f26de40c474a1b52c904fdae5ecc,21574,dabd0020c7262fd6ffa5e0d80eca67571a5ca989,
E02713,9857,英和株式会社,S100YCFQ,2026-03-31,4294,66ddd6959d0243c632866189c1f5d54a2c64750b,1866,9223a0e3e3a0cb1ee30a8a7c5ab4aa272efd36d7,1858,b7bc4ba70595d3250445643db2d15b1896c9b0df,5284,8a3279a0f9a3dc6d5fe32be39daf0d6b94430d41,
E02081,6723,ルネサスエレクトロニクス株式会社,S100XR06,2025-12-31,8189,4576b10b627eaa0c02b35ae1675f480c58bd9ab6,9165,3cc2b2abda221dab0f1984053eb83a9fe1c9dd39,3105,0a63775e8b3f46995d8319c6c97ea858d212ef74,9770,792b77f9d82aa7ee4c5245e11e52fa459d6d5408,
E01833,,株式会社サンコーシヤ,S100YNIO,2026-03-31,5962,e373cd3af8bfdb1ac681c1feba845a80326269a7,1538,ebf3bc187e39ebf265898238db37097f31b0bb6b,979,95c3a6dc63e5410e020f835bdca73b3ebe340e71,914,7f8cf9b9321e2503f416e425339c1ba1ae5a66b6,
E05688,3848,株式会社データ・アプリケーション,S100YBU2,2026-03-31,7611,d99d30c5c2f6b3e5b787e9177540994cd24f998d,7319,cbd56d575f6451edce4cf956972734728dd0dadb,2463,b79eb17416191ad67ff73d05f8a2e8556be08713,5800,4e2e916c71885fb14b04287f1b0d67f4a747100b,
E37156,6524,湖北工業株式会社,S100XT3K,2025-12-31,5890,7f9a24ffb2ea70ac61fe45f3d9875d4e5fccf414,4521,87663256df2aa1c99fcb2cda46b606e046ff7e99,3892,84c8d2b9d9c874518446ffc6a85139d536078c09,2797,0946cff5edee804766306ba4c3268431a5d8e0de,
E01760,6653,株式会社正興電機製作所,S100XU9B,2025-12-31,5505,2fded5afe61f59c7c0747a099225d9ec35a46549,2484,d33d0242f9401b62023d7859cefd1d9998714e31,1656,1822202baf3ae2a85c25cce70e1863ce9f6aca54,6329,fa6901038bdccf5894d54020afc211410a9761fd,
E01480,6101,株式会社ツガミ,S100YBZA,2026-03-31,3911,41122e8fcee4c460ca60db076312c3f76af59ebf,1568,cb94aa94f2d3f24d1d426aaad0fd030afd4b9867,1115,a55c3e1bc60aab4b2df1e642477006ec99b559c3,3416,d9779def13eb1ccef15de675b12411acc2a185f5,
E00832,4620,藤倉化成株式会社,S100YJ15,2026-03-31,5573,c1e9fa5168ecd0f920990b87f3af76739702d969,2747,e2852394b6014b5b599d157fd83f21fd8f2924a4,2950,adc46496bbb04c138ecf16169c3205b6a232eca3,3140,b58b6e77935176d134402dc09a6fc7c9447feea5,
E36322,4175,株式会社ｃｏｌｙ,S100Y0KM,2026-01-31,5454,f37e33e11afb5edeb2850314cce21edce3b40452,7171,7f1a25e6c5d859e159b5044faaa45575ad831ad3,3653,5b7817c6ae66b9e54a3e11725b54e2196b7f9563,1315,9ed2b023dd7aef083a40288f1ec20728014dc801,
E02368,,ＹＫＫ株式会社,S100YLFU,2026-03-31,6535,37c8d81287693188477218f31c48ad1898e4cf58,5616,a2ffbb5f1eaf970cbe78cb51460034ca0030eec7,6363,eba9c95c588da30e74b744428a1414d14b0a5b2c,16012,89675c3a255a00cca689023e70bb7de6f0459615,
E30479,6616,トレックス・セミコンダクター株式会社,S100YFAJ,2026-03-31,11007,aa2064283c86d52869b733625d8079f3c70a0e3d,6332,d4734ed7a77481a559f4457906af343cf6383450,3341,babae8bccb52f78f299f8aab6bebc2b8df3b8744,7068,a5f95c7ffa1c53191749d0891be9dea133d97a2f,
E00464,2809,キユーピー株式会社,S100XMJE,2025-11-30,6605,2f26067fb1af73934635142dc23309bb9a4c7e1f,5467,e9d01338558f3dce31ec346d1bd351c224f759a8,1109,570c124f69186637e697dc1e9acfd427d718ad67,20492,ab082437180aaed83d011d2a73e246b4e871db18,
E03226,9989,株式会社サンドラッグ,S100YL7Q,2026-03-31,4496,0412fe4be3ad6200dcf41662150288a2ea4c4996,4323,7506d7e782ee90fca3b58aba4af2e3b07d23df14,533,c30855d694bf06c0d4dbb7386d83b262317b39a9,5376,5c5159062357b1fec4973e0388e647b9f2b0ebc2,
E01669,6458,新晃工業株式会社,S100Y1I3,2026-03-31,4439,098442ffcfc618c76b15414635b7967ae7bb5f22,5709,e56214f71db274bf7103c9a3f6631e0ae8d4c1e9,13975,80c74980cdc5a3d7ae86919e1f052593621ab354,8884,00e93aeb990ff9c787546c0522be64311181d23e,
E01670,6272,レオン自動機株式会社,S100YFES,2026-03-31,7309,2ad85c0463816d66ca6acc3212c89c7b30d34af6,4228,b92d757aae418253e2eb4d7783f7cd461408b4ae,2554,d9991c731c82e0d171d772a8000809eead6692e7,3574,03d048669fb78e8b873bfce275164ed1a0662d8c,
E01396,5994,株式会社ファインシンター,S100YG56,2026-03-31,6307,b80b957b8f332348409f16789bca9607009b0d1c,2879,0c32f07c6c4d4a112cecd61dfc60ac3142740842,1450,ed82b9da5355ae06f225d56db0dee62e1e266635,0,,
E02098,,日亜化学工業株式会社,S100XU19,2025-12-31,5286,6ffe3bd828420f597a46007ebfa301b802ad3802,911,6083730b5bcb1718847a3d362bfef82f203bee0c,1606,823b001ac6a9bf1a1186ff6f588c7c977e7678f0,1178,a7445146b2f9a18b41b1bbc798ac27e4f476ba6a,
E01298,3423,株式会社エスイー,S100YG2M,2026-03-31,13211,f6252e4eb82b5416fc4962e1dda27a3b08d4c277,3463,98f5e777db0d4bef267cfd30b374cf22561a3a26,4403,3e6ea15a1c1c00b3c295903e8151f21c0460fb6e,9802,f64e6da0654de3d59c63c4fb04b658519bc9b386,
E37214,9158,株式会社シーユーシー,S100YKO7,2026-03-31,5348,1157b0985303d53486fb22a901b6e618301c0001,14924,7176b5459cd1669f0a54bd48695a42f61ef7e8a3,9410,6299642840433fea6a930241fd5d1a93ca5f832e,6141,ba33bc53b733fb649b71faa3728f37d0de6b666b,
E36213,4174,株式会社アピリッツ,S100Y16K,2026-01-31,9031,35a661b51d61e2a5dc05dff1e3347d5950afb0bb,7554,12106658792e36052aabc4e97749e27dd795034b,2991,b4142dea3a7a1f541a5330ed2f08aa412c1e5e22,1243,be63306cde6772b44a5dbcbff9f050c253073477,
E40154,300A,ＭＩＣ株式会社,S100YFMQ,2026-03-31,5328,e038c42e91b08feb260bbe25fa3fdb745fe4de6b,6689,a728a719f90d15f5757ac403b4f44842a47ce0e5,4580,b284f3ee79d3618e66dfc692d42abd48bbe2cbf5,2277,7073fe60ea742d76c6f08f6191c606e16f56824f,
E01083,5018,株式会社ＭＯＲＥＳＣＯ,S100Y64F,2026-02-28,4393,3c575cecc0b43235ccd7c65c4d25ad2d07710d88,3932,6b5bec1cd8cddfa6d151c0c837a29ad8a383c272,2371,4b0e262ad6272f94fd49bec268da2385ef8ac5ed,9236,61715918b51eef84808de8ae0509a62e31d8c4c8,
E02217,7292,株式会社村上開明堂,S100YHRX,2026-03-31,4421,13e835691209d2c1685e7be01244ad9b5635ef21,4522,0fd8fcce7be6299ec9cca6ca014c033092d80d5e,1109,88d71e170a27079dd186ceecc92d3b53780aff39,4025,4a96f3bbd5a5d8a89b1e92d58b1339d721c378ee,
E02350,6266,タツモ株式会社,S100XS15,2025-12-31,5676,a497dada6fad8b4eb1199945130cf6044371e9f6,4605,8cbcadc93474d0d040e015868c816022e485988d,2302,c08c50e756f784281bba9382e362889f72b79662,6110,5d54e24cdcdcbeb296e83ffccef203c42ad114fc,
E02682,8037,カメイ株式会社,S100YKU0,2026-03-31,9819,23f70305edd8f87d80892c14e4db706fa790c725,3270,4158dd100691938f0609a933a5592890cee82b07,2140,008b4a9151fc8b9899f8a5e2216a745f6475f9de,2654,1e9c25dfe90f68fd7d5610f987bfb85f835c30e3,
E01850,6820,アイコム株式会社,S100YGGJ,2026-03-31,7728,c10e097798ebc2e03ff221023df7deb36ede03d6,1126,5fed83ca278308bede7e81c1b979fb6a9e8152d6,1439,30d72d0b23d9cf1b74832eee5751d8c8fb6a2221,9940,79b0e819a0b4167995666a1e14ef2deef305c768,
E02875,7565,萬世電機株式会社,S100YLNO,2026-03-31,3942,72cb8078988b9a24368cb33346c6f45ab61cc6db,1514,136ac131c98da535996d973530db7929f705cc55,1260,847c02f864d05eca6f09a3d41d98a7dba50ae382,1732,4042e4d1cb31084b399a33777693991c911d038b,
E36545,6228,株式会社ジェイ・イー・ティ,S100Y7JM,2025-12-31,5296,c1836ea9b65959713d290d79f94fc32a00e1875e,6744,6be9a4f1953acb9f7a444b98d956ff825b3b5902,8022,8c658b8571c19b66b47b2c9143e548e333d24509,3851,fd402f97319044adb5cdeacd24b00e074cbf83d2,
E01578,6371,株式会社椿本チエイン,S100YKVK,2026-03-31,5572,63608600536b8d7d04da67a33ad5e29889311576,3829,d6e6a48b51646e08d1b0fc1ad1135f6c17b23b0c,2222,73b7ff1bb30c4585be9f2b8aeea025f2d02b3366,7384,521d4434c935d17bea4e8705e01923deafe7d723,
E00222,1994,高橋カーテンウォール工業株式会社,S100XUAO,2025-12-31,6840,48ca5f6a2a964dee601870c872a4c613e0c8b52d,1408,4d33f9205a39abc9d928fff547bc5e47c8120ab7,1497,6d6cb44a0ece996b365940ebfed0cfad206fade0,2432,a5f5778e0829d16e8804aa265db1d1d380f9cb16,
E05561,3800,株式会社ユニリタ,S100YDKQ,2026-03-31,5310,b33ffb9c7494cf2bf315004b841a41738cd6a0e3,3037,51a5001c4f558df67b3203d518dfedb1127af451,2909,2b1a7fc8558a4665de7524002ce4d1685e8e3fde,1528,c891eea150146f4f5c4c51bbaf2bbc305168c38e,
E04816,9755,応用地質株式会社,S100XTJV,2025-12-31,8946,11c0d8d3c7f0c14f02960f1544de2646a6cfcb34,3507,83f7da98e06d67c0f4e430374adfc9aff931ab80,3387,ad5a51ccbbd0d5f03a030abbe6c38635436f3714,8980,561c19fa67fdf91d9feacc92e8c0b8ad190078e3,
E01694,6292,株式会社カワタ,S100YJHG,2026-03-31,7108,38814270523dc53bb9b43d1d0c560574f741aa01,2964,aa542e737eac6429b7b400af98e32b292d890fc5,4897,914a8efd6a6be9d2a636644981a07ba4e265ae9b,2895,1ff59cb6ca6e8f3264a0d29ed0612d65263fd0c4,
E02199,6470,大豊工業株式会社,S100YF06,2026-03-31,7201,2ecd7e53dbf83560708e9e454adc5e9b2acafc45,1508,8729ce46665510aa9bd2fcf14e3775966dc76776,1285,2924f0d0e99b20db7b5d79de7726d14c3a23a9cb,3922,323c7b2c0db39a3cc56cb52a14a4bea6a66b84ba,
E04777,9763,丸建リース株式会社,S100YEAG,2026-03-31,4284,e4c1dddcf239d04513bd3b7174140369326d8303,7978,47f363ae1eb6224f9376e665782606901cd868ab,2934,0c0425c0e7103fe4222b355cecbe8d87bbcfb3c3,1760,30bbf13925b0fcbe854458c6270e6b849265ce5d,
E01110,5110,住友ゴム工業株式会社,S100XT7A,2025-12-31,7005,a643228f1f4feec5dc8fa928bb72b95e752c4299,5636,01ae7683b2d552ea679eb9acb2fb7c339fdec31d,4946,6e2531b8230637dd616d9750bede0c344653c6da,20049,9273b30f37ae424ecd559020b7b0560cc5045d30,
E36711,9240,株式会社デリバリーコンサルティング,S100WXTF,2025-07-31,5664,1eb4319470e431b51a83a36da4ba625813d2efb4,4702,d7af06d08539af8b958aa83cbda1f2e0f6ce538d,7506,502156054e39275f1838b257842de4d6cdfe06fe,2811,55527f3fe3029b7cea6e7980dc8cfb8241e0e8f1,
E27054,2931,株式会社ユーグレナ,S100XSL3,2025-12-31,8639,70e33f53d9e22279f18d4b40a07b2b0920db4ad4,8770,e8d5dd95796373af5e19422a1fb2e93a81251d28,7616,8b50a7d1d0180453120c0f6084d4a2f8838883fa,7895,b59d53ea45a0225ca656f518eb3a88409876b932,
E04980,4667,アイサンテクノロジー株式会社,S100YBI7,2026-03-31,10031,479f93b3d48c1422b171b661e287e9a3c823a046,13964,af61b4ad3326a5abb2ad886a41b759f0586926ff,14580,289eccbad9517df86bbab2fc8db17c12cc43a2cb,5537,3d1746decb85e44f76be86bc0daf0a3142013072,
E03660,,株式会社西京銀行,S100YCB1,2026-03-31,14565,d6335b34a59fd4eb99e7a86801bef982e10b64b4,2970,2adadfcfc4c137d2bee0c70af2b86695ccffc7a7,2148,2842ed1e1da9ad4486241757836855e881d74b05,6251,3a35a0e583999b2ea6e3a4a26554919c55f05ad4,
E02266,7721,東京計器株式会社,S100YMS0,2026-03-31,5980,04385a27404c09426e4cb6979de39803a106dc15,11539,2b2c49860be90a7bc8c62e707b6ef49de84dc34e,3250,3fb8f63a7e1313713cd87ea4349c58004e6da336,4189,0d1ae6f098e1a147b43df2f682b66eed28051777,
E02155,7236,株式会社ティラド,S100Y8UO,2026-03-31,6470,5be56489e94da76a534f52f7cde93bf1700561b8,3191,ae8d5b0fe3c3dbd3094f1b08a6558880dc40fa83,1809,7d01be3b2b49494e3e5b438d2dde704da60a32e5,3821,4a096ba338ee78fc041d22974bf74a55a6545602,
E02840,7483,株式会社ドウシシャ,S100YGD2,2026-03-31,6863,60485434c5a7b4ca54b74e2056122b5a9374bca6,1672,c88bb0726853053fd2457f7a4eea1c1b6b1e0ae7,1393,6f8c9ddb03210c5929d38f03ef2ab9712108105b,10799,8858a3f6109a28fd8161884b2f42184899b3cff0,
E04976,4662,株式会社フォーカスシステムズ,S100YFP2,2026-03-31,5403,b7d99679eaa06dcef490faf079629b619b9366db,4626,976a6405e984b9ac603575f98b49d119b0284e3c,3519,3bac14ffc0affbca73c1cc2f514f929ffa17aefa,1670,451f4ae43c53d2a84956e0dd26e8d1ba4926070d,
E00975,4554,富士製薬工業株式会社,S100XAU2,2025-09-30,4916,050393812b019c530d597e6634140868cfebf79b,3740,aa4ad8c1121516186913e2943112405b3aa7543d,3137,87849914a577f607f990884e52a9e4de6eb8f64c,3390,ce1fa6c2a43eb8f22029540a832a3c1d8a20c124,
E05090,4761,株式会社さくらケーシーエス,S100YEEF,2026-03-31,6328,95785694c8e8154d8c12e9d1d2d0fd74b9aaadc6,2313,13e7a1d881a07b0642cff8382c78b3add6a657e9,4236,71975758d849d0046f5accdbe0fa4e280c31dcb7,7814,b5dc4c366850e5b903ccaa940a7d6c77f2403647,
E01834,7944,ローランド株式会社,S100XNYW,2025-12-31,8436,460603e2cfeb9c44a3986f4d9370cb2be1d528b1,12770,5e8f745ead0853284f47467b047cc2109d3094c4,3164,8050fa37f318d473b3c5c59c4b139ffa2ef43ef3,9092,0d362c2c884f46408916885aa31635f7628218cb,
E25303,2229,カルビー株式会社,S100YEHI,2026-03-31,6960,f3a87b90a7e1f0fb0c5558d5ad43b8796fe40ef4,6636,74f579ed4e0707979d63ab1d863f6f7fc18bd07c,3633,025e5a57b3d174372ded66b44c7f520eab73f8f9,15058,3a919527413efbb3914be2f897307661087a6255,
E27624,4275,株式会社カーリット,S100YIGR,2026-03-31,8062,6ca1368ca69c2521a4345622a26d617e3d2a0625,3569,32a68422781a45eb30bfd8738e22b46f12e133b4,1578,74ea57038b5897fce56ee5599f3f8055306b7449,5707,a57a07ddc3c0739e89e5f7a9c3aa4a4dd004fae2,
E31052,9418,株式会社Ｕ－ＮＥＸＴ　ＨＯＬＤＩＮＧＳ,S100X6EF,2025-08-31,9195,eaa5aa15625a142d7cc0018e8e6989885ddc800a,7927,616430a6a3c4902f3015a996d741ce52fb99ff6a,4249,9c9e12e8063313fc9bb60ffa4e3af5b5869daa75,11545,55bcce61c90842bf18a4026e65e712586b060222,
E02745,9902,株式会社日伝,S100YCBD,2026-03-31,4717,343b0a783797b8384d0ac589dbb7f842fc42064c,2029,de3082fd7c98fafb1fbae75dce7f1ab1cb657e75,1571,78f798619b0c98afe6b2ff1c68ef6acd100e0b72,5112,7e2ac104e754bd504a403dde682d73cd213d0247,
E02664,8141,新光商事株式会社,S100YME7,2026-03-31,4658,4927009178dfd3fc46c1fc7e325312c0469d8074,1500,4473a0544e86126cb40662133f5e1462d7b3467d,2234,b3ca19cdf4c2ef1e5eb4b19ab685787e579b32a7,3064,b903afa65e757b1e97ba662638f66074af9d8a8e,
E11873,3863,日本製紙株式会社,S100YJ5X,2026-03-31,3806,fe761d6dd0cf8a23c614b08a3ae2dfe977a6e675,11059,aa5fb593ac5144882ec2b149d9a26871155db60a,4017,7e194fbd9af34599f1bfc3480f24ca9135c7f043,29920,3fff297b588d7030065bcab08a0b81aa2a872218,sustainability
E02760,9932,杉本商事株式会社,S100YBJ3,2026-03-31,4413,1593428dff733f80968502560be86b1f625a768b,1978,4b0f4842c19aa67112a8a3c256a6c30c2660625c,1511,6152315c73d13bf2af48b9ea0a0b955d5246d0bc,1341,453f767d3ad6ff5978537e51a83875115e52aba2,
E00830,4216,旭有機材株式会社,S100YDDN,2026-03-31,5271,22cb9914621e445f27d61da7335ef31d80a9fea9,5818,9902e53ebded6a48acf3685275f5a2c4ff1473e7,2805,84c37b9269e27bda26c3ed54185f40a60755fecf,5598,d8c243d7bb8062b6f0736c683dc37b92d4c7f12d,
E39194,5621,株式会社ヒューマンテクノロジーズ,S100YL5B,2026-03-31,5701,cd8f08bd35c5cc48311a2aeceba98fb3e6a3fdf8,8762,cc63ab44fd280c410e0ce2d566f20658c53080f8,5982,a5b56734da6f3467d50da30b04010f40cbd43ea3,2971,7bfa78bcac3fb8b4a25425eabaf44fc233947770,
E01662,6351,株式会社鶴見製作所,S100YKE5,2026-03-31,7522,ea8735889d3a1eefb62c5752f8e0ae8718fdd187,2615,4f1d27a6804860cc592f65627cdbe91bf0a78ec8,1909,9b888e49aa16911dc3461befc22c4cd521d21e21,15270,d19edead148acb9daa5b6dfba1b3e9755c86b09f,
E04476,9445,株式会社フォーバルテレコム,S100YJ9I,2026-03-31,5498,076e5fe91baeebc56a2c987d5cbefcd6d49b6e14,4126,20547907625a34202f6f1adbe4c2722488e2a42d,1403,94b1e64f4a1851b57b45976095ae9a0c6c570605,2157,81490892f76da56249b94575361b60f270ac927c,
E00764,4027,テイカ株式会社,S100YHFP,2026-03-31,4337,bae90760baf05e2d00f9cb2164721174c408b9c1,3533,a7ab33b1275571fc363cbb7c50e01150044aae04,2681,5909c42f65817dc815f0d8ee8ec03ea0f96d3eca,3932,9658df5a4eb6ae608fffd774542860d805027343,
E05664,3837,アドソル日進株式会社,S100YFRS,2026-03-31,8269,b82f242c7522ce07f2ca85da4272beb2cc9022a1,4231,683b934866f500abf76245d26c4aa9555e608414,1490,ef3f0a8ef43828aa666935ab6618d5702d9569ae,10439,f00adbea74b24f515f2ec1289c672f7f06513b26,
E00804,4462,石原ケミカル株式会社,S100YHRO,2026-03-31,5284,06ecbf338db321573e936bca05249e58425bd9a1,2316,384fb3c9cfca2f97f6c6d5a1249542f8f12417d9,1370,15ac9bea341bbd7b45f2ff8760bab25ecf00a109,4626,f34f0988137b1184417abc7e11e3d9f73aee215e,
E00650,3878,株式会社巴川コーポレーション,S100YDU9,2026-03-31,6169,986b9d47fe84fca6f35627d841eb7b3d98e33cdb,2101,f5b25fbe043a9a8d676df2c38165140ac80c6a9f,4211,d516ae47c53ff1655542f21999b1efa6d5b6fb34,3626,33aeebff19f93e8a6809226f87584bcad584e559,
E34716,7057,株式会社エヌ・シー・エヌ,S100YCPU,2026-03-31,5982,8038d59eeff22ec146442d29da0f79547fec233c,5643,a4759c6dda808bfb9bee9cefbaec7307ac75670e,6450,f1714c0853760784a3db485bcd0641651e28fdcb,1593,09546c290533630049fbd2ba8654102b9a1c5675,
E02056,6787,株式会社メイコー,S100YIE8,2026-03-31,5552,923a70ce0b310e4a438f9111fb6c88cb94b523a0,6985,6527656e128babe5097de489cae11b3f6b359ad9,1303,99f64eed34ab43b5530a9359687fbffb4ee0b3d1,5876,a736d14af4a6f76ca5b5ad86d65bd29040913a71,
E01006,4361,川口化学工業株式会社,S100XLSD,2025-11-30,6113,7fd53e853fb52d57c2ccce54d32407527040204c,2611,8c8361dffa2e9a98e0d2d616b542089967de2324,1216,de6076b62119816aa58e8e19eefb8cb318d31a4e,1417,7d7fb5779571aadba7eb78eca8e76c82ef300b58,
E23245,3156,株式会社レスター,S100YJ4V,2026-03-31,12094,e211c21b2bd7853dc5c8cfb046d7d65323d1afd3,3835,2723e8ad8e198609f2717290f6a9aa739b0a1948,1312,c34efdbb3906eab8d964f9814160640ccb284d9a,3882,511947af9b2b20d81e51033db6dfb5719e272c93,
E01541,6339,新東工業株式会社,S100YE4V,2026-03-31,6092,6ffe76a3bde0553c3c40c3a1136c02df81929624,4575,55399a1f176612f93f2a5e49f487501871925fd9,4634,74c28a42e81862bdf302a30cc6d1e1be563ea2bd,6784,ebce102a5b837c1738076aa57661d0a40e1377d1,
E05120,4783,ＮＣＤ株式会社,S100YEMH,2026-03-31,4615,35a26d7683433cdb74a0e6c755fd6995b4f13971,4731,e631c69aebea8c2ba8bcafbc788cd4bd1d4c46bc,2891,17a1d613eb664010e44192af4aa577dbbb66a259,14014,6c4d381e2623b4600e8fbaf3162e7bd9cefb10cf,
E31991,3928,株式会社マイネット,S100XRSE,2025-12-31,6626,1ac1e6dbcfc73bc5406b4ceac38e1dc52a64061e,2442,33e122db0f603d11ccbdfdb0d762379083b282c0,2131,303f91a0e06cad1ddedab9b5f6c25d305b6360ba,1399,fecd0a52682ecace51b45933c1bfc93d564877ad,
E01859,6822,大井電気株式会社,S100YI6A,2026-03-31,8495,12ede477d8e12d4518369b7dcc9db3763aa7a59b,2759,f8c99f2129ca9356440ffff23f9cad5bbef276e0,3641,5e34413077e6be44256398d8896e3eca23cff4a6,2092,b4abfb4114ba97aa09fac6d63125759f9e3415c4,
E03137,8227,株式会社しまむら,S100Y2PP,2026-02-20,8432,a3297b6264426d06b8c5720fbe0f380ded30f5e8,2955,6996cec2e6a230ba971d9075910cf57c01d0cdb9,4787,22b80cf22ac952af0fe5d19e29117a08b66ec6bf,11073,4f0104024012d47c47649f960da4b399914dcba0,
E02415,7943,ニチハ株式会社,S100YH8A,2026-03-31,4498,b7698719fc6a5a78a9eedf4026390cb02ca38382,6534,948c7225277c7cada799cc4a8f3a773320ee051a,2835,94c9fb171a0f410272d509eaea49506a6d67675b,4694,c3a6b26daca3dee68f8434262e3512830ced1343,
E01377,6136,オーエスジー株式会社,S100XM3S,2025-11-30,5262,0a6de0f4cab193dadc12b3070d971dbe737f223d,1976,4fc7d0258f13bff509c1be61d951fef45babc0b9,2391,2812a974f5a1a0144c93aba4b51c4c14ab1cd19b,9093,0d72975ae4d4d5dc9967370368cefd5f4a390b4a,
E31386,3134,Ｈａｍｅｅ株式会社,S100YS4J,2026-04-30,7591,d65a41f3614ceeb1ce7771a07b7260592b8f6f81,5782,e5dc2f3a5e151c26ebc5f0b39c9228964cdb8de6,3016,d565c3980251224966d445354822c1657154e4e3,3004,740f4277cde4a04bc12efe4a0a209fa5d44b3ad0,
E01913,6444,サンデン株式会社,S100XUJB,2025-12-31,6029,485a76e657ad658559b711b89e27562c005b5153,7237,148c1e2c7f7b891c526888e367e03af31fc55c10,983,71d4ab020d7e3808eca435f3a8f2b949016da720,4492,147992e7a56c673d8fdbd5c067cfe8ceff656c23,
E02161,7238,曙ブレーキ工業株式会社,S100YHCS,2026-03-31,6329,722e17e6b71c57a131868edc2b018833f939a3ef,7230,8264db0734f9545952d4124a079ce1b90bdbf2e5,2204,4071b29dc53caeb1fde230d098f413151a559783,4168,f9e5ef1fb89ce1fe71aec1f1d67a7b3bec14ba81,
E01595,6445,株式会社ジャノメ,S100YCOS,2026-03-31,6361,54977345e6806c18fdcbe935def16ff8962ca017,2982,1f0018c353dcffb8e52b87eb65ad0bfd949a7aaf,7117,52a2a0cd14f7cc05af2832330e79add1a4ecc816,8140,11314ae793e794f0aacfebc959988bf1f44522b5,
E00484,2814,佐藤食品工業株式会社,S100YGVL,2026-03-31,5348,d4b18e98aba8ba2c2a5ff7dde1664efa30f344a7,1415,7d6aa498a11edfb1cd2637adbabf0bc97b4d6f3b,1643,1ea505eb0b125c76b2d0af3f895cc3c5c045081f,2038,e2204b1a64e21dc1aa6420f4ef084d4e8877de49,
E02469,6267,ゼネラルパッカー株式会社,S100WWCW,2025-07-31,4899,367b7459297810e960c0eef54ff1620eb1e54a78,1471,bafd2aa9c88b901b4fea386d7b91f54898c922e3,1764,6951e2dd38bf39e7ddff60d91b4788812c1a7681,2437,d878c31539e6c638b7a1c124395b120edd6f83c6,
E08587,,日本貨物鉄道株式会社,S100YLOZ,2026-03-31,7051,5cc41e1812ee7f6f28db674ea6a2a12e64b3b391,16704,6701ace32c14a8380e867dce137278a3355f680c,6733,59e8302186b054da0f7a12bd8ffbca842d0a63c1,6678,14d24fd4740118010913fa60f6fa6e754ef0f0c1,
E03013,8233,株式会社髙島屋,S100Y4X5,2026-02-28,11456,021872f8962f176d10045bf2f2d84dd3e803700a,7277,088fef25a8510c665151ec337587c8f922959cb0,7131,e4af6407e3ac34235cbf183187b17dc0abd5fa65,16510,4abaacdb81732521d607e540016744627060ee61,
E01806,6516,山洋電気株式会社,S100YCEQ,2026-03-31,9248,d07ddbdc9e343a17d3c943b0a2dd9ea8d46a9c8f,3898,ac9c0d4c505588cc89f4e6b538133f94ced62493,3534,c23349e57e0b03741fa4777d8bca7d0238d59103,4115,118b2fc360837b806c6b75d5b8cf8d054e97794c,
E30699,3193,株式会社エターナルホスピタリティグループ,S100WWX8,2025-07-31,5588,000ec62e21aa5107b78018531c1cee715d61eeb7,6140,076da91f67f4b62ebfe1f5d06bfe4d59a7d53b5f,3506,23dd93bd8c307fabf5f1ac4c4f5191c670d57655,2367,3ae05132c5b11252215cecc9f835d9f4159bb0e4,
E01180,5356,美濃窯業株式会社,S100YG4G,2026-03-31,4754,ef15213b09314e29b80071f180ef84e77f10f967,3900,5d4c4663991e2a7c933e943f9b4a8f71e4b05892,2106,fc896070af3fa9d4b69e177a43c285cfd7116d91,2952,bf1e568d35df603abd7b75d77135f8771fd91a3b,
E02270,7727,株式会社オーバル,S100YDYH,2026-03-31,6751,fc1fbf5104689267f85da53594f1947b9dd5432f,3198,aea41f400ef9269b1da47815a978cd2f7c354f75,3178,212edd10d071bc826a5eb88c341a157bc1ce3368,1981,cbc787a798e15283c33d9f66c5412f75e47a70a5,
E32951,6543,株式会社日宣,S100Y6L2,2026-02-28,6545,9813c071b71d1bf8972e60ee47fbd862232b4e98,4479,584b18aa39aaf6382478e367bf06bcc450587102,2995,cc1cb74ffff2cc97beba2e9d409c39892a8eb3e2,4136,f0ac0a00f913b2f53e0de44d3d7ee4d18241192d,
E00414,2593,株式会社伊藤園,S100YRK7,2026-04-30,7301,dc60e746a2a4d8033585901c23a13688506b4a3f,8847,1abbea01b168d694123e762c77cfc653b2ed956c,4166,a4de127d0d90835638e810883d00d11417d6ad52,8440,e5512b46a09bab980eeda62998dd910e55cd6b78,
E00493,2915,ケンコーマヨネーズ株式会社,S100YDV4,2026-03-31,6143,7489f48cd58f1aafc8fa0e4114b839bf29d2a2b9,2636,e1076b8453b2b1ef1a7b42897a3d4ff4e4d6cf01,2389,c5f3f12146b1d16e4216fcfa565b1abcd8b7563a,5176,0adf3987b3efe807da637271c9bab1e0e4fe928b,
E34633,4429,リックソフト株式会社,S100Y6L5,2026-02-28,5007,c2b8bd4360954decde4d233c86a2a8b8179b3486,4562,b8b1e452e31254ffb31dc3ade8e3ca1b05ad8b2f,5092,84248c5e600a999c06c2d9587f8292fc157ca0bd,1437,3e4741efbf7a46c6cd533c3b33067d73b23ca198,
E02681,8079,正栄食品工業株式会社,S100XHU7,2025-10-31,6605,8d50e4e7e0d8022fa8f25adc5abb1de0eb21f340,2288,4a07a076fca1d957e4e91a50a65de802341660c0,2383,8c40cceea0c322576903b573561fa10f7a37c8ed,3551,595bf60773976a930078494970702f08fe366179,
E01805,6798,ＳＭＫ株式会社,S100YFRH,2026-03-31,5855,140bf1f571bbbc5e29720dc9ef678589ae271c6e,2316,a2bfa4ca2b7b6b18d7d68675de6c07f1be4aa5e1,3157,3bb5e629169d9879217a947283ea5022d2dd68f1,4728,4a3facc214ff82123ca5c28d0c8af31ccf69f410,
E01632,6357,三精テクノロジーズ株式会社,S100YE8X,2026-03-31,4183,474a6381241fb4b19b4f8027eb037bbbc85650ff,1909,136c92153c5cafff7e92e62606cf9b455ba18f32,2264,b78149ede499c0fa1a570805b20ec0901a41b3da,1913,29df965cc47a524d500b2de89ff781e03f97ee17,
E05283,2317,株式会社システナ,S100YFPF,2026-03-31,7227,7372002bd9d837f13d40b3ddba2babbad860e8fa,1552,35866a257528d3284ec31c4705e2b93b83ee3f37,1167,198be0ab12c9a67a9e69731e88134e7b0b85a48a,2466,136e9c8578a51c6af6cf71d262231c04406b3561,
E05497,3775,株式会社ガイアックス,S100XUBY,2025-12-31,6615,380d24777dbceba01fab63677195218b4e75a095,2832,c83cfc5e1ef996a5d1eaa62beef4804eaee19991,2681,3427170bfe6d3a78c297b5bc04b7a335bcf2a9bd,4405,193a2e3aee0f8f9c516f96709fb795bbfa550d82,
E02175,7245,大同メタル工業株式会社,S100YFV2,2026-03-31,5097,e61b5c821d5db15fd9a639c4a6dd4920a560aa75,5615,f997527b266e3c44f3d8c11daae9b607abb3337d,5200,f6ccb33a0cef3d338a373fd560b8275a8e68d1f7,8323,fa47ecdfcb08da18acceb840b21c6cd7c36ca49a,
E00510,2923,サトウ食品株式会社,S100YR44,2026-04-30,11013,6bf841a009444a6583298a61d9a48b90a28c37fe,2460,f3d0b43426b06f613cb8dc56cd53165255362d38,2604,72c481ea3ddf68e95c5c7ac8e36c0f7b1ebf341d,4937,2d1896d6c116ceb05406fa84e00096a98d76dea3,
E01986,6932,株式会社遠藤照明,S100YH7Z,2026-03-31,6407,0481fabeb29f33ef5d189455f304bc30cb3322b7,3241,627a4ba3d6ba5bacd59bef259febf55533f95d9a,2443,381ea26430105cb794bac6a73212d518906aab3e,9976,19e4120a704c488d3dcbd0f8d8e8edc320ffce85,
E23187,8713,フィデアホールディングス株式会社,S100YEQ9,2026-03-31,14166,d32ac03662435d35ac2d498cddcc7cb5edbc4dbb,7181,57d697a42ecffd4c8dc73bcfee98aede7eed8506,1451,cee0304cd851f1a1b115adf7365678e3d1fb2d58,23961,ba99c5989594357c3000419cab47ff0310456a12,
E01499,6140,旭ダイヤモンド工業株式会社,S100YJMM,2026-03-31,6073,17578d6d1c47547c1484fa3f17cab464eb698c81,2280,4d78212e62cd7372b2099df431f6431067229a02,1433,32b4368fa6d359d8426c8f44ec1a8c870668e809,10950,1aab6cd2ff0f7a3b66654f68b63c79aa0081018a,
E01704,6307,サンセイ株式会社,S100YJ78,2026-03-31,5613,9fc6cb7e8aa939de632d621aa17dacf780031534,1408,f1eca8cf31363c96db6a2d03aaf589e004c24c9b,2445,50333b0025f559fd4da478bc9459834997e7db90,2718,436a5e11c0b25f1f86424ec2a2da2b5e47cae348,
E04106,9044,株式会社ＮＡＮＫＡＩ,S100YBA0,2026-03-31,9582,83b0299e0111e92a2b5e07dd9ad4d57e05935923,5273,59133a1f29056bb08955e0081f03648e462f3286,3780,21b567617669ee6a8efb553572d0b746e1e43a5c,7134,acecf1c8beb9f6e469ffa612f0324bdc57d5d4c0,
E02060,6387,サムコ　株式会社,S100WVTP,2025-07-31,5639,37be5bf2ea350a7ef4e5f0cdc90dee57a1914a9e,4501,ec162ff4a5ca9a8592593ce13879bd04d81fcc96,2725,a32df840e76eb5710fc3383ef23a3fe7916f3d84,4180,1482f2bf6f79a83fc88ab0b90cbb06ac36a3a39b,
E04560,9722,藤田観光株式会社,S100XS71,2025-12-31,6447,fd16017c77d44e4b519b01220f2bce17f24efe01,1309,3b564686f35b74be6c9cb61e7d4dd40dc232396e,4147,606751bd9da184c985acd2163b599ada5c831b8d,4892,61aeec8607f08378ff96e312b314a1f8870064b5,
E04145,,東京臨海高速鉄道株式会社,S100YKF7,2026-03-31,5617,d2c1815fadf67232568f4b13b3fbe0f9283a776e,3405,7d65598110275d10c212f25dc70bbd69f296e0d7,1662,981e80e4b50b3bad523deb67c5023cf5a4ee1e92,3717,36f7f08896654721deae77d717949b20bb97d532,
E32647,3963,株式会社シンクロ・フード,S100YGE7,2026-03-31,5594,f7b0cdf73aef318f5537cd5002368f747438582b,6219,88b630478655ab07bca2e8ea38815e80bc1d443d,1602,55479e2f77100b3dc933ffe653766bac39278db2,2453,6cf4743910a236e37a9189fc85ed1a24c133c663,
E30047,3679,株式会社じげん,S100YERG,2026-03-31,4944,3011896a84a679eee01bbebef9b6422c037957af,6077,1615b534a7c1a141e222c46dce295721bbd40c1a,1884,e9199e588e54798f44c60ca7e042720d72eec7fe,6361,c7d5c5328f65a7ce7a3ec9d9792a555bbb237a25,
E34994,7378,株式会社アシロ,S100XHO2,2025-10-31,14521,35e83c0bf6c7b6be8f681187a71b0dc98c3ef5c8,8465,62ab6fc478313dafafb1e8e5c4971d2e27e2c1fd,3495,f88cd62235bb1a4080728ee3f07eea583d34eea3,2922,d2ca58415c6fffeca57b592b8caf6e9dc30687ac,
E03652,8522,株式会社　名古屋銀行,S100YCZ0,2026-03-31,16162,97b6e9858ba6c3790f1ac513adf9dba1c7e50f74,7486,ccaa1933de160611fcecac7ea5c6f869177de94f,3370,58cc79e73fd9d613fa13b26dbe17d11032ce0683,11142,60e4c728edc806f112b296bde0730b49b69eace0,
E01715,6338,株式会社タカトリ,S100XBFK,2025-09-30,5059,52dcea19130fbcb4d7247eaa18f797afb5448de9,1103,4d2ed1259f3030e8af463d0455c9e641b233fd2d,2203,024b8bd43aef85d046fd21eede7a2ca857f30d11,2467,eddd2d2f3ba93f7edeec19c394616d3529352a3d,
E03264,7505,扶桑電通株式会社,S100XAQS,2025-09-30,5989,370a371108421bd03ed20651d66dda78f34c6f79,3031,0e66aee15f0236112375f71feffeb25906254242,2006,361a21f5a03f7f18ac376959eb292bc33639a0fa,2011,205a0907475cd4dc02f460165cb23223b1bee9d6,
E02732,9896,ＪＫホールディングス株式会社,S100YJ4A,2026-03-31,6153,1425bf5ef4216f7067437ab8da0cb43d0242a95f,3953,fbc6afac8fcea79651674199db7e62d15c02e4cc,2880,b8f418e8f9fa94449dd291b9a4bfd4985115ac85,8519,b8f72c6e09293a3bf2567b20d8f3887469f32b96,
E05496,3773,株式会社アドバンスト・メディア,S100YGKZ,2026-03-31,7125,2761206227f1ff8e16ab99a47a45832c3a48bdc2,4684,403a67531a2707db84a0a8f2647a4c09fbd34257,3155,76de87fdcdc0fb65e35edca0ad7aa148a5a22475,1595,a7aa067d27399bc8bdc56cc2c45c12972c1b3875,
E36638,7370,株式会社Ｅｎｊｉｎ,S100YXYC,2026-05-31,5719,d638de438983d2cb5e54f0429ead20e6382bdd3d,6118,507cb5924877d931cf3803afa9be384a14e104c0,3247,396811c1ca5d4dd9f4094dbb17d5b3576d0f0cd0,1427,c46fde3df4835dbe842444e644e536bce5124116,
E04329,9380,東海運株式会社,S100YHD3,2026-03-31,7529,eb890983363abd371b3cd33791d1c8c058abe198,8939,dcaa2af6d820401e29481584f79d44a6dddd801b,1377,c7212275b0bdba6e5eab1fb7c46502ab4f7cc4eb,3269,d9446c4aa5c089a8d27c178766307359ec82c8d2,
E01509,6151,日東工器株式会社,S100YFFT,2026-03-31,5965,fe2d0999cdddbb0d586d70d49cf92b7082423ab4,1505,7558b83336c7fa7f5b0f4f1a089760ef7a134c00,2069,053e2adc7863a3e92f37a3de0bdc4f4f261cdea2,5196,563b556cd2a1155c13638419f383df3c278d37e8,
E02616,8046,丸藤シートパイル株式会社,S100YF98,2026-03-31,5042,f2faf15ca49755af671636556d4d8f42e5c19a10,3113,1804d8c06d6cf3818de96fc01518b7782aa58834,3869,e66f06e92847cf57b0e655eb82cb3349e52ca75b,5072,0f9bc12de1176a667826d53cc7ae486f838707fd,
E00281,1766,東建コーポレーション株式会社,S100YS6C,2026-04-30,5868,2b10c8527453be5b457356a0e51faf07feca0ff6,1479,38b17f9e22a60057bfc99d16a61f28ffc575928e,346,761ad53cf145168513c0a80523660d33e91376b1,4686,0ea833ecc181b4eb721ed7ddd2dc6b41167d603e,
E01951,6652,ＩＤＥＣ株式会社,S100YEDS,2026-03-31,8708,b31934e690081d99009b15880313b9ea4b61caf8,4237,efce56b3085fb3dd5c6eae415451632725dac3f9,4968,71cc4569ede42dc60c9c02dd064709a7e2862b17,13572,65a4eea60e4ca4279ef354680f73c7d9dd73b6c1,
E32141,3930,株式会社はてな,S100WX9N,2025-07-31,15192,7e238a08c48b0cc849352eeecfd4daf4db01bcd8,13335,66e4363affe08dac072ce8b92634e8bf95e83f27,5733,04793c9dacd10a673e7855a838de4ddc2fb56359,4717,87fcfdec23ded3d734963514feb8e6af37ebe433,
E03602,8399,株式会社琉球銀行,S100YCM2,2026-03-31,13874,683af053959497184c0546715b482fff7e482cb6,12260,26a0528103c280441b4bcc44b41f262ce74246dc,3495,5e6356eb70190b90c699b5d9628af3203a704a5b,24667,938eb0808f5ce5f1d1cc7813e3cb5bbf0e39a801,
E26933,6069,トレンダーズ株式会社,S100YNGH,2026-03-31,5070,de5e75d0f0627c8dcd1d2fcb197b13fbd71e2084,3095,d4e66337cb2fcbd5237262a2eb732b635aa45332,2337,4be6867239b8a4aac0bf3bde9e23780d14ffb4d9,1609,b2cfa83b58046fa52610b1f447849bbbf763a0ad,
E32194,6191,株式会社エアトリ,S100XCN2,2025-09-30,7426,55d6f94fffa8c89b3751e47d1ce73a06d0278e18,5007,a77638f87f8f6a1ba7bbd5707a2650d903882c16,3678,5a1438c40eddcf423da614e30be9883425199d9e,1483,d21fa14e4827836ab364f2f088fac1609bcfc3cb,
E02675,8153,株式会社モスフードサービス,S100YE7I,2026-03-31,10882,7bdba80751f7bb4cf33ae2200180d792b5edf8f3,8313,89b148d105c4b1b510510ecaff977bb6e1ed10b2,3687,3adf25fc3b90b95f214b574c0a7d4c86c4d9883b,5979,b9c851dd824c0ee8dbb91fa28731ea9f96679eb6,
E04293,9312,ケイヒン株式会社,S100YHI4,2026-03-31,4452,04c8df43617a49f4408a8a3945597eddfc88fbd8,3298,a3a85870557482f8b093dcc417db8ec07efa446c,1519,4a2b12e6abfa51de332327b593838e29a2cc078b,1790,d399ae111290bd65088c7687974178e11ebeade8,
E38504,4040,南海化学株式会社,S100YI8M,2026-03-31,5173,8188b01838c439cbd58c9bb3428d607a6252f6c0,3274,968ae93a2f679ed89431a7c053c0c1509c71efb9,1893,8c305a245c62d517e360f314e0f903ba7c7e88a2,2786,57f6a1d48e8226f1ba0e731a94dc9551e518d5a1,
E03116,8214,株式会社ＡＯＫＩホールディングス,S100YFPQ,2026-03-31,8578,378b0e91f554522b6fa417bb2e5b24d7af3d174c,5905,35bce0cfe2f7f8220233c725508bf122cc722409,4103,620812863b863d7b179efe5671cb175772d5785a,6249,578f8a3aed0508bdc607f2e40cd06a11915900c5,
E00467,250A,シマダヤ株式会社,S100YCRS,2026-03-31,4964,af4c8b0ea938ca78b1eb66a6743922857affc792,3971,46ad982d7d89ed99742379b2164e1f04ba13dcac,4166,598965f9ebda95be2a151fb43fe9848500a2ddf0,4301,bfa43499cf86d164fb78bf6f1da34f518eee552c,
E01139,5331,ノリタケ株式会社,S100Y4PM,2026-03-31,6087,64792ae291e465f8372a2a2e3797f6f07de985f6,4518,42aef4878fb041e52ad3badd44f8ba4ff0bda757,4410,164634b7195a50b2c9bd3be96aecca884764bd2e,4148,7cc08676194cf22f787b7bbf6bf5624afdf988cd,
E04287,9306,東陽倉庫株式会社,S100Y9SP,2026-03-31,5300,fbdb7a30c067289fbd4584d9dff9f833277ac8e3,1719,827722c5d2c0d54fc00f83b7c6b3aec975803de5,1921,64922a2261a1f18f0f7d025847e1f5f4a5611bb6,2636,61d6cdb97c20fd96e35d06eb2ce2885231987473,
E03287,7545,株式会社西松屋チェーン,S100Y3CW,2026-02-20,3325,866d92962b38dd08020b5cce7289b81d58cffea9,2783,d500d79c44d05537afde1bee8f69bd8d79e49b27,1192,614c6482a96e055ec257c323cc698f3cfedf527d,1390,2e0e4956184c3186ae7ca5362cabffa39c3a2d9a,
E31902,3921,株式会社ネオジャパン,S100Y0W0,2026-01-31,11537,4ffc7eb27c62d7748efd650f6ad04530dec13b8b,2763,b614a271aa8ca580f7915fc4b1e3b6609719525b,4507,e9bfa9c61154b4584b76c74728c52327c47842dc,5976,17cf67ad42f4a2cefbdcef54ef513cba46a75727,
E02300,,株式会社　ミツトヨ,S100XUWK,2025-12-31,4840,6827ee8b08e11f4aded791e71c7d1bbaad91a77c,1276,de85af9495e79cb94b79348fdcb76154601c05dd,1401,560cd7bc3aa32af54bee407094849417fc467462,5708,8ea63375772387d6968585389ba5a0dd46ff152a,
E04101,9048,名古屋鉄道株式会社,S100YHOL,2026-03-31,8753,84cbbb3a0e5ab9a1c8b737f7230a0e81f1c7a2db,2716,8da5ae46f7265981a9a4979525e1b3feda6451f8,1926,496ec03fe1317409d988e1b6fbe7df11d308d576,9892,d7a5b5ad6a021d2cccce9433d103d9de73f0556f,
E01157,5262,日本ヒューム株式会社,S100YL8F,2026-03-31,6929,9138e7bb2d0fddb29da0a8eb2e2c6a9f1a72bee3,5469,ce8c67c3a0cb38ab886d7677be2a27844093ccb3,4266,0645399b45f3d954da1b1998460cf39c474fb5cb,4609,63abbf0b78969be2010663d4ddae6163b6f876b5,
E01666,6340,澁谷工業株式会社,S100WQN6,2025-06-30,3945,6eec2b0472a04dc75b1be9ce36e0d219cabe867e,1708,e90324238b66bccda2cc146d965264fb71136f85,3904,ef56b02dac0e1ffeffcab2b7a3a626689238d24b,3898,6de9d428a71de2c9ced8374c92b9c645a46996ed,
E02427,7906,ヨネックス株式会社,S100YCTQ,2026-03-31,7178,d4b9780a559ada43fbb5b4d38b63fe141319d0b6,2671,117d55fda3007b10ecd18473d21988eee5f5643d,2951,89d55cc52f4b1479e8112c1b1ca7cd4050df6332,3775,d227b8e444d7855c32e7ce85c9000c52e2a1c10f,
E34537,7047,ポート株式会社,S100YDYD,2026-03-31,5397,910d45b043f6bc639aec0af460411283f2882246,11946,2e52cef07371e125f2716f3027d7ee45aedbcf36,6240,08804a2487dfc8964e178a81ef59355d4b3e07cc,8945,f894123a2881dd2f0efbed21f57f21e1cef66781,
E01660,6498,株式会社キッツ,S100XS6X,2025-12-31,9430,f6bd93b33ea636ede6db2a22851cad086f420730,12598,080056bc76c7d6d9ae813209f348bd4b66328832,8866,44c35d1439a2ae5f9c63df99d1d85b01ad96e573,15707,67fd26d0907ee54656cef3b2863d9053ea99f827,
E33586,4480,株式会社メドレー,S100XUX3,2025-12-31,7356,fdc92d38941b5dceb1f655704d9565a4bcb21ca0,10122,9838b886f3eb74f3360b06aec541d14703bb696d,4083,1a617bbd0eecd5ce7e9a666c08789a86ed5cbef7,2684,6976e977b2c5aca974aaae4b0889df631473ba51,
E37788,9347,日本管財ホールディングス株式会社,S100YHX4,2026-03-31,6842,8c173c3068b9fbc790c589d877e7294280fe7dfd,2229,5af01a55240d0feaa1eca0941b8a76568c5a1c84,2201,40d2a4ee71f1d702f3f1234b4d6952542fb19647,7507,28756bd6111845312ce00a9e02b1f7b0c735a108,
E01657,6345,株式会社アイチコーポレーション,S100YBY2,2026-03-31,5655,f5cf1f6f79674feda9bd30d24b4406018a31f0f0,2606,72d990e4ae9c567836299d01bf0c5d886e4db101,1460,42fc7f56493afba6c554ac507c4d6324ca542da1,2349,00078532c9ed7be0f9b3c7857f662bf45cb03e80,
E01378,5981,東京製綱株式会社,S100YJJW,2026-03-31,5227,1a89256f2a4244b2380f02c5b32c14ccf3f3a7be,2433,af53d8e79433fcdf17aa68eeb4645396994e8b98,1586,d6bef6005305d65d1e098594009684285a85cb75,10220,008174ebee8876c95fc437016acd0673be247ea2,
E01111,5186,ニッタ株式会社,S100YGN5,2026-03-31,7007,2ce49dffdd6a12896b587f86e046f8e781c6562b,2526,04915cfd440984d0dcc4e8d96b0c8b02a77a6c42,3021,0b487f0d5a2173db4d68b5d33cc9c1dfe91c659b,12717,cfd98d00d43ba1610c626a6961cd6ff7f6e661a5,
E32225,3936,株式会社グローバルウェイ,S100YIGW,2026-03-31,5763,314b390d408be279cd4d6929680148977ae66955,5777,89f8ded3cf71e67119cfc2f035fc7e5f10b8ffee,2207,0aa0ba3ccadcb1051a1068045a13ef66b74dc576,994,79f6f5a35ebd3dcb88d2cd580e9ae8caa1001417,
E00027,1491,中外鉱業株式会社,S100YKQY,2026-03-31,4855,704699e0910d7d9d5463f0f2209fe37b2f4925d9,1167,339b89f5a62e863debaa262e11f611d00f6bff15,1965,1a6324e1a37f73283b584c2b67b8463ee975112d,2081,2d5926faf34352bcaa832de0f6e62ee4c15523d5,
E05280,8798,株式会社アドバンスクリエイト,S100XB5U,2025-09-30,8913,7a0a2626f138fa4ac689ee73fbf7a80912115fcb,8478,9ce6958c6e2e5eb18022831783ad827bea289b62,2884,3b812011d4c244e77a80cca793508e55a7223c4d,8144,e07601783b7a444f0db3dc2fca3edb63ba946d4a,
E01001,4992,北興化学工業株式会社,S100XMF0,2025-11-30,6456,16c38c331c926477a46a6e63c54490624aa6bcfd,2852,43616c7da1f3861f05bd79e8cd756f9754ec0d02,3171,5fc118748ca272f5b483225bb481d84ba53028f1,7739,cd5ccd06c500f56680d7c3508cae3932a1e385f9,
E00121,1826,佐田建設株式会社,S100YILD,2026-03-31,9031,ceacb2bd562021ef1579a03fe89a28de354426cd,949,e91f03545568d05b53761e356e0eb968b546cae6,2500,509e0ab49224a9d0be202f1944f2fb0ad3816386,2209,85243e211e2d0481120e0529781e3e6e91ae30d3,
E30002,3678,株式会社メディアドゥ,S100Y71R,2026-02-28,7042,693cebb79a588227b334c38eb61b7e1a9fe8aff5,7007,567b2a1988a965cb345a0ed5721747b8b5b486b7,6459,5882bee3fc9bc9a45a1220aef30e1a738cb7b073,6517,5e64d098c92d60263ff0e669038aeecc1b1b50f6,
E04861,9682,株式会社ＤＴＳ,S100YCT4,2026-03-31,11195,7a7f2661f7b24676d525095d607e01f13d36529f,2851,2439188806e74f774b490b629d0c342a06dda109,1118,9a5d2b01819baf84638db280f22d412a8a5b5f47,5068,45877a406221642f9a6c272bcd3acf15e2aba583,
E39382,135A,株式会社ＶＲＡＩＮ　Ｓｏｌｕｔｉｏｎ,S100Y2CG,2026-02-28,4513,3802e69e4796499f25b1596fa5a41af2629118cf,7782,f211193c19f2cea844bf12ad7b812b721f91ea05,3097,f023354b2cb6caaa7e66bb99aa8f56fd33e8609a,1139,fde0d57c69d3a6815c25e7707cdd09d74f404625,
E01126,5210,日本山村硝子株式会社,S100YHIJ,2026-03-31,5163,c32955135adcf339495335f6d2403e7a990e0331,4152,5c0446f9c11c5e8f6ce8d1d08ddea3a4c840e07f,2351,384f7b3c751eed348f9e7f48a87d49ca954c27e7,4790,69386f2f5cf65621c17250dea47caaa090cf9680,
E04317,9322,川西倉庫株式会社,S100YF5T,2026-03-31,6032,941aa2db9d5bd641e33a73daa0b15837b0b8be0e,6190,0ea531ea265cfa1d803cac3049f343fd6f6dd80f,2597,6cd8c592ec24cb6f9e87258a8c2969485a0d892c,4454,5fe3cf88f0cfe3943f2ae2af1669ceffc39a41f9,
E03768,8614,東洋証券株式会社,S100YH08,2026-03-31,6584,f5ffc0654e890e6ee1acceff557f9e92829763e3,2221,d2f389237556fe44afe6c1df8f7a67f00bb7697f,2285,b3ac38b2a4b63b9ec1036312cffc6442e593f774,8779,e0bfed2a772931dee2fcdb799deb17c4ce78dbf2,
E03207,9956,株式会社バローホールディングス,S100YHUD,2026-03-31,13333,bc4196b3396ffecf05eb0a0de06acd11818a6e4c,3368,45af233cbb2f90bf8a219d658a0c4edb3217e05e,6815,2ccf8b2469657d67efad5f4b813c6fe019a54733,5313,724842cc0753ce4f04b3d407d71ebbee7962c4a4,
E02826,7463,株式会社アドヴァン,S100YM3U,2026-03-31,6660,8278686364ae23e93974c5aea65f12f89367f0db,2173,a82f206dbcb91cfe422b078aa9f36a1f44e1b183,3236,f8e97bc5daaa53097e450d6fdd5cb7112e21324b,2536,a21a7706fc8eab5aad271de067b580c677d382bc,
E01080,5013,株式会社ユシロ,S100YEVT,2026-03-31,5804,8d8731aaf3a61f97fc0e434f803188e09b4977bf,3329,b089193bbbd7d322bc9a5d05017cb60f8ae506d3,1581,779aa13bb6c254b58de1778b93f8a49ee6184c5f,2540,eb2436cf7f22ddd198308c98d12279ba619fafd0,
E40420,331A,株式会社メディックス,S100YHLO,2026-03-31,4345,db13bb9adf93b604acb34d875052c3bd49d58c2d,7197,5fadb4b537db32cb0ac9e4022d2c4752e5803e51,6234,dc8059c5d98f69234b988d84e978bf08641da805,1066,89a8474a9dd8529e733b536326c2ba42ae676027,
E01591,6376,日機装株式会社,S100XU3R,2025-12-31,5205,7088cca0609af57fa300b0b8b1e6f0042d24ecb7,6196,40316386bd17f1def7a4b5cd83fd713783ad049a,2499,13bbb36796dc1350ac5c45bd63468905f0717180,14585,7674ba0c99cd761660389c02e8b9a40ae026c386,
E32750,3967,株式会社エルテス,S100Y6AI,2026-02-28,7213,a70fc48b8a41e76ca67e47c06d7ab7ae13dad681,4387,b8d295229d14a68a2d9bda36861f24c5a73da530,3127,68297fc8af7808aa49df39bdfd46de2861361209,1447,b4e7a33df474d66bebb4689d77135878493e2fc0,
E37131,4261,アジアクエスト株式会社,S100XVLI,2025-12-31,4575,1382d2ea699a1392b565df23d8c4e38352286839,4216,7079981597d2545d12dabbd263e395c4e4679ff8,3653,6a3d9628848c2621da9cc08ddcd9218e6e48a348,2350,cd00f8d00a78b3e981dd8190e84f5f9ec7c88c2d,
E02194,5949,ユニプレス株式会社,S100YCON,2026-03-31,6140,607e3f0a513df89764dbf4ea4394eb8643d65ab6,3520,4cf78d41a6cd277d60a0413b8cba755a4d812acc,1931,533d44809a435ca408da0a52ea318caa974bcd32,10844,72fde4a0d36ffc029bce064b595b9977cd4fa2c6,
E36989,4378,株式会社ＣＩＮＣ,S100XHNB,2025-10-31,5892,2a31efe00d609e931e29be99392cedcbe1bd1ac3,6118,2d7b81b4f717e4648eb59214f33cbd22ebbeada3,4582,752addd83d8e57fd82e2824d4ae6f438dda40d15,1206,f66f99fbe9f447ee00f263b643d77842d8c5c779,
E04783,8179,ロイヤルホールディングス株式会社,S100XSL6,2025-12-31,9692,4d5c1094cb2c982561aac11f4fa7c0c1550f490c,6965,768f2f90c65aa269febe251692362fd6a2a4bff0,1658,bdc8253749f58ebeb65c2d72c51d902016ac63d8,15245,aa9f881651f0e25800313659d86d005b682b8e3b,
E00254,1795,株式会社マサル,S100XCIB,2025-09-30,8008,9f5436df7e1e4ee9abcc8a81dcfdbc0c14c5b945,939,dd276d037ae0b83fa6b937b345c95977748194b0,2451,4bdd82e0f04d90843d54eacb582a5db46193f474,1829,92e5e3edcfa67489325c45502e3dc100a6574672,
E01100,5122,オカモト株式会社,S100YHXH,2026-03-31,6188,e65c6791b3a0a4f9fb857404459a37bf5e54691d,3896,9e54f7d8a3aa4fcf7e3eca9a456d9124b7f8414c,3095,de917deb106d8d6018c2bc93ee0077263a5fca21,6739,00c300b22d1fa22413ee11a4cf3edf466f557325,
E00994,3553,共和レザー株式会社,S100YDOG,2026-03-31,3603,4b582b2d75d7b13ae2fe4c2c7882cfc707d03a60,2566,4d1dd10ef36aeba7f3a6ae9e5ffc679c297cce6c,1038,ecdf8de3e9803b5680d991b84c943bc01eec828f,2940,db69429f942900c5a5a236473b78359107becc93,
E02024,6890,株式会社フェローテック,S100YJVG,2026-03-31,8465,7081ac5438b6fae5156140fda5db5db3e5d79fba,8311,af423c4e85d60f61add7fed507958b0b2a071bbe,4074,70743dc6dd3c9c5e68144d47942bcd229d639be7,2615,0259946c752950aba5ab192b45aa3bb7019edefa,
E02618,8125,株式会社ワキタ,S100Y60M,2026-02-28,5650,d698756b0c2555060625c10fbe006361c6c35a7c,1682,92cbb51118e955211b7d76f58d7bcb3ef477bb3c,2674,171cc5872c7504e07b9a71741245ab720ab22959,3687,c17e04f44748dfee09615058be8099e7f4b61e6d,
E01146,5351,品川リフラ株式会社,S100YFV6,2026-03-31,5395,bd762dcd9359240ec7ec1b251fd6fad5df432a15,1490,553e68a21463f8369d7aaad7817894be59ab01ad,2730,f6e2ec422cb0efa7dbaadb52f262fb7adbef9389,2694,49ea62cee60166bd2f1dc3ace2f5c647afeb308c,
E02388,7970,信越ポリマー株式会社,S100YE3Y,2026-03-31,4121,fc21df068befd26e01780a3a69de28a5c3969613,2043,d2c825307388ea6f7b54ed54dda44f6f7b58382a,2563,de16e0463f972fefb78f14f44310aaff79c33ce1,4147,42229971e1802f4801e3db9429d1d91980d5c5e6,
E01824,6976,太陽誘電株式会社,S100YHU5,2026-03-31,3741,039b5b2a9793ee67f8f53ce6b589cb518ea32587,4657,b0d0566e68f9fb5ac1fda4167edf07cb9e40bf53,1323,cd2bd4f4625fbe5ab08e7028637c976aa6a489a2,6335,219a78cb760d6f54b4b44b3480eb06483bcb27c2,
E01816,6743,大同信号株式会社,S100YEMV,2026-03-31,5964,dd8529d58a443d42a7af352095f4dfef8920665a,1454,f0efe8bd1022764c3f0a36d432fb84348267c84e,1909,e66956ebe391d6f039f1d8de3469e48561f7c690,2312,859b9ccc95466f5d239c59b04d83a6b45a97b7bf,
E01880,6923,スタンレー電気株式会社,S100YERJ,2026-03-31,7269,0b6efe8de93875a609416274c678d63de259dba3,3228,77a467737ed639aa5f47b3a54924c4d5b899012f,1518,5b28793910072ff299a3b84f51c4ff0aef0ed2b7,6271,8f79c188725a06c7b46a4eb91f572cbcd5810a69,
E34644,7673,ダイコー通産株式会社,S100WM3R,2025-05-31,5981,7641a903b9e8d33f476ca4d4f947f87278216255,2053,711dc69d25a2fea3b2a419eec45672a0a1a2778e,3089,a0fe14e1838ca2659be3dc56e68a36867bb81822,1488,5dd5cc2f2d56bfd8b0a01b3264b371dc90d3e464,
E01968,6946,日本アビオニクス株式会社,S100YDXW,2026-03-31,5276,881a510b632c890ffb6521076b0db61c4f91f000,4613,d7ed0a8eb20e6abdd718d2119c7d3996637d9828,1357,b659ffa694191d943429fbebb4f6f62cf6d032f9,2363,4749715272dd56d0e078f64e71cc5ba8d878bf83,
E05576,2481,株式会社タウンニュース社,S100WPVC,2025-06-30,4792,fdf1e701bbee586a70e15a614ab83bb6ab15721d,4801,376c1ada3ec5b6bc0a7e73ed7710dfa3d7683e9c,3045,75a5e1d26a61374a80e565c2b51a26aab0e2451c,2319,357271c45428b5fe6f34c4cf98a94df6ab49adfb,
E05419,2410,株式会社キャリアデザインセンター,S100XBEJ,2025-09-30,5552,192e95f98f0d6b204fbe4bf4b637186f43971a80,4763,44fca0c87284f6e1fc919bf20b705d7ef101acb6,1414,27954814e06f495e493b3ff36571af3f434d20ed,3953,d6710efda2aa0f6e78e515dc66300b0a97a1c85f,
E36130,4169,ＥＮＥＣＨＡＮＧＥ株式会社,S100YGHR,2026-03-31,7170,62f0cee1c36cca574ac5b102dcfc0d0d19d77c95,4886,9afe590cd9a56a839f1626318230086525364f1f,7417,a8896bec1478e4f1cc708a3cd602d7569db3345b,11313,d757c6db23dc9f56cdbafb48f7ac3faad72bf80a,
E37006,9253,スローガン株式会社,S100Y4UP,2026-02-28,7442,9745f945246e6af5697fb6644e4ef1c09d54be2c,6313,a5f18868f473388a55b6dcdd456f63c9d308f658,9770,b5358a7ff7592602494e71645d8c13f4770e72a1,1526,30438738ac333a50b13c6e50c10f68cea91936dc,
E37936,9560,株式会社プログリット,S100X76V,2025-08-31,5791,59ee99be43340817b86222534a9295047f09b5c3,7556,cb21d0bb6721c9755fe1851d6e84220f656ecf5f,6291,459457c6b2de4e2342dd7bb8277c9f06dead76aa,1430,fc0564fafbe5aba26e64e046d1ce088d730602df,
E04775,8585,株式会社オリエントコーポレーション,S100YCKH,2026-03-31,5915,07c2aa4f9544ac11fbd627ce4516d53c6169c835,7047,435d0034ed9135b4b0fb4f0117590d9ceb16d883,6152,d949b804dd3d6782673d3c0f14142e6ace74ef78,6164,4e3781d9fea49dc4d95dca558de8b087061c2ad2,
E03599,8395,株式会社佐賀銀行,S100YH10,2026-03-31,13271,7bc22e794fa9a8a9e3488bf97f28bde68a7bb4c1,2662,4b64ab44144089d56b3ac9f4054b573d8b8d5b7a,4557,619da42d5822b3193b22bc12aa429f799766fde6,3475,c6438d2424fbddc7026d7c5262b3798d8bc6cd21,
E00347,2003,日東富士製粉株式会社,S100YK99,2026-03-31,8962,92fa4051e34e1b34a9ea42555d00c80192983ab7,3660,7fe0ebb59e2367cf10403854be2fd5c515c2d7ab,2969,4ff46654659e01e2c26647702a130bf5bf3b4d02,4399,7221e43efd5f39dc8bb890deb608181b41142dcd,
E00422,2551,マルサンアイ株式会社,S100X978,2025-09-20,4414,1aababb5bae1e0b51894aa7a5899e539ab355c6e,3943,2b2f0290c164e34c4cda5db19ca0ca3931840d0c,1167,9b254485df696f2996d91ff1cf26ed20a2296cb6,1849,b672167aa7109609c853c70b37da4d2a7bc37bde,
E02843,7488,株式会社ヤガミ,S100YP3N,2026-04-20,3533,b0c689abf46676c573107c656b8d99b9162507b3,1568,11de7364f85a5dbed7263fd74c0a84b0b2b76163,3663,a27dc229a7df02f24dca6dab92148ca287806964,1196,776bfc796a7e713a330037bc9f1c9e0a9304edc6,
E01899,6994,株式会社指月電機製作所,S100YKEP,2026-03-31,3580,e4f9f35c01dbca9c50eadc21564d43029fac37f8,2866,c56276651a303a8c1fecc40708dfe356ac0c3f50,4414,73a27976a57b1567b2fb8eeb877a9ca419654a46,6932,47254d4f8c2796d831f26455f8e1b02e655d7b2d,
E05477,2436,共同ピーアール株式会社,S100XUFT,2025-12-31,4683,8e923477c468bf803fdf7cf9dfe03356d9d3d9ef,3310,cd9ffa3bc7f7a14ce15c3547c1414eb19e5f823a,3580,b76ea1db6626eb46160a7492ae6c70a60c5d74e9,2524,1a9d551b7d4644dcd982cda7f11aad03ffb200a1,
E01005,5010,日本精蝋株式会社,S100XTUB,2025-12-31,4685,792384c8e004bb55103403d5c1578f595ac65c3c,1558,d178913f07f58305c9c93b2223dcde1079ba2164,1149,20d930f2abe9117df4aad4e9d502448aafbc6b45,2099,37cae816ded9793ea81f809ce9dfd87d415ff6bf,
E00965,,千寿製薬株式会社,S100YKML,2026-03-31,4143,6e525d768e41ee4a9dc36a2cbdd18a8762f1b442,1653,eaeee6ef787089f02fbdab995d3fba260b4de674,1312,9f3ca6dedbe9694b0b9f299aed1dabde169e5277,3100,d8fd5f8b1a9c5d0a8da7a2d754e58c387a5953e1,
E04522,,四国ガス株式会社,S100YFG1,2026-03-31,4538,0cf026151257bd94ba2b4822e4bbc2145e9ad781,1128,cf12ed6428293758196b54560a0caaea1433992c,1523,0abc82460f845996d0b9a427dcce398ceebb7231,1468,8d764e4ad27a389ef516a482145c705a6e2fdf61,
E01471,6018,阪神内燃機工業株式会社,S100YJVP,2026-03-31,3038,a8b0e3857815dce00a4c22cde5bc86861db4b151,3937,b4f7b8a4e91d7f918ffacc516714e4b06b3392d8,3128,85ba9d6d973c979ce4e7597aa968de84cf26444a,1726,9fba8c35abf7339a34c1772ffb9e05d58a7b3ade,
E31560,7780,株式会社メニコン,S100YIHS,2026-03-31,7273,1118af471363521a3300a1d272ed52c1814aa4b5,15162,807eef96cc9becfb26018f1572313405e7b695e3,3206,cbad6922bbcb03317d87f4747b7532cd32d89682,8788,8a5a2c87f034f0b834a1bee3f43afc189399b3e6,
E00916,4628,エスケー化研株式会社,S100YJ5K,2026-03-31,5412,0d97a49bb9ceb95af51b9da0c0e78d4e83a0d748,1733,7b70309b10be57e4c3edfdfbe4b4a54f3e2d1da1,3557,e68cbe75df8c30fbd35e1b95c4305b634babaac1,2661,ceacceda7c540e44a3096fe8b8297e4f93650ce4,
E05049,9438,株式会社エムティーアイ,S100XBLK,2025-09-30,6177,618545f5fe19942c9a8077f8407c5f5bba35ac4c,4808,e394754d1cf11ac91b48758c9bfb977861b23c99,3015,a9c080871d32a0c148d4909468fa130d662e01ae,4047,7bce97cbf281457e41f2af66bda66b4fac6643a8,
E02183,7254,株式会社ユニバンス,S100YFXP,2026-03-31,5054,d4fc0d0ff97e32d30f54a2f8c611a80919ee0cf6,4071,66d675b8c21013792aef2c0213023d005268b7b2,2731,f09ba5c4bcc3702a35d5b5c8c3e836a8dcf86f93,3621,56334f142cd2915cfbe7260a48486f808147d6fa,
E01380,5967,ＴＯＮＥ株式会社,S100WLV7,2025-05-31,4515,4b2fb3fa6bca09685722539b1f9fb55c7edea69e,1943,6f6d936c9c9d685bf841a321908839b2720c162e,1967,5db68bdc9bce9ac1660fc41d217934e51e95eba0,2336,6e1ad2ad79cc3fa2ef26eb03d5a1718de6510917,
E00518,2928,ＲＩＺＡＰグループ株式会社,S100YF9Y,2026-03-31,7351,6f6cf4c17a8d62b164419da7a4f2643782038f7a,6855,9d1c9d702fd4c8fe43c5a37f51d42a0c33d28282,3710,8566199e3962726816c3f9feb93eb647cb94608c,2436,0047a7d339d4256ac75a7a6c91992958ceca053b,
E01149,5363,東京窯業株式会社,S100YI3M,2026-03-31,4201,d78e79ac80de94b51d805aad2b7841cfa1703683,948,8954a950c097242012f817fe1dd96e45d43d54da,1630,2d8e60e1b11be67255571cf2f86029a31723aab8,2552,566ae7ee62ee1e15f8f5c49767071d3abe8ee37e,
E01131,5355,日本坩堝株式会社,S100YINX,2026-03-31,3963,9980fa502b121bd1bc384273f16ceffe3a325e47,3708,68141ff9aa020b7babbb8a726dcd3fc701baa81b,8713,a4aeb96bd8b36095004f2839d2979c8e0793a4f0,6419,c992df099e33e13d7eebb25d0cd2207e818541e6,
E05555,2471,株式会社エスプール,S100XN00,2025-11-30,9936,093469e83174e5a7a86779169ef51250290f67f3,4190,c8ce8ea83ecf0e466ad5d4ad54f7370a4d368263,2175,1b15f14dbaa5788deac61ff4c7e0fae693b1da58,5061,cd5a50835f49ac5b9610122a32172f0c43c620af,
E31060,3903,株式会社ｇｕｍｉ,S100YSP4,2026-04-30,5390,dc2f59a7407a3ef47956eb6b454cc2a4952e828d,8397,f283cbfe1b4798c591a93bb6130a461ed028b47f,4046,31f7687467f42d57eb9534369eae37dffa677b5f,3947,58bdec8925a55cffe9bfc5a1a3272c531007716c,
E03280,7532,株式会社パン・パシフィック・インターナショナルホールディングス,S100WR05,2025-06-30,8125,328977cd10f09f000b468327ab426f84250f7090,3025,86fea4fbf7204e31a42e56584e9e3b3195f1168f,2705,6ee808a2fc0841e1c6ae77e4996db01228f248e8,14165,8e9887a8c898072666f7416217fc6515b80f775e,
E30996,3698,株式会社ＣＲＩ・ミドルウェア,S100XAH0,2025-09-30,5605,9674cb2f45e9d2cad67b7d4f51627aeb29691f44,2360,ef5eb48a84c2fd9d6698e6cffaa15552d1e28142,2117,9f53d4c14387796aea83aabe2a4d1d03fb8b1991,2200,cd8489ff7fef5fc63e1315f85a4a2ed103bde3d0,
E02043,6855,日本電子材料株式会社,S100YHWG,2026-03-31,5329,227e89aa7e0dbd598674e326d32001c2a97bdb6b,3238,80148b8563933733dd72c14803c38bab3bf9e10a,2025,684698ad4a89c0b265fef9a9c188bfa28ee11b8c,4053,98b01ad38b5c22a43714d96c209bf8ca0b9f606a,
E05648,8769,株式会社アドバンテッジリスクマネジメント,S100YKPM,2026-03-31,6619,a9f7214c0a8a38ac104dd319252957d2946d0123,7333,2812835c16e2ba706d5bf6252bb007a982018a64,4042,27388cc26813e7818534293ac78f24b5cb1ec220,6646,40f9604577ea634bf0213430f1b770c6deb3f89a,
E00910,4624,イサム塗料株式会社,S100YJCY,2026-03-31,5867,7d621dd8b61e6c8d4d34e072488e7ed6fb3b6363,1286,fe7e6df446c8a0fcc005d844c19551a102580386,2703,977689cf16e857da03218fe772dd9cd8800b11ea,2745,59eefa4f3feb8da90f0204a1f24b8ff1d3bfb323,
E04853,9692,株式会社シーイーシー,S100XZVZ,2026-01-31,6487,4b578e7059aa0a865fa0c4f1ddbea0dbe4d3fd0c,4637,fbaf6feecf87abf83a8b779136b83ffc1a605a63,1315,31513852eb064d04d6c408f7f7872c15139e05c6,5533,406516567904242863a59ecc9106fd9665e421a7,
E01904,6996,ニチコン株式会社,S100YLMG,2026-03-31,8984,21ce62f6a85e71bed87ef6e1a239359d90dba7fd,4497,c35eaf3b3bfa9600d1f6aef6b1985be6a90bdefb,1947,f6ab3195f109178a1046dea71c4476239cf430d8,6147,93ac45c8fd061dd400f888c39e456bad9b0a1121,
E02140,7276,株式会社小糸製作所,S100YHHQ,2026-03-31,3792,def5507fc257a531876fc6a5224b4b98d08a55e3,6445,e4dac9498f9d2e682383ac41a9b01456d2a0af27,2687,09c48df6efed641b4ff1e1ae1f40395d93cb5ffa,3371,1a25c95f6d50a270bd3034a9b0931e417419e69e,
E03041,8253,株式会社クレディセゾン,S100YCDE,2026-03-31,14974,48498955df64848dc481cb7c59eea75b999735a2,10979,802f500b8df2d9454f1f4f80b51494e67c3e3b15,3761,d37ecbd62c6216c3fa23ce5e62d97266d15df9fe,13667,8b4bcff080df35b5cc78569136e5bedc1b29350e,
E05162,4825,株式会社ウェザーニューズ,S100YXMM,2026-05-31,4128,5dbd8522d15d590906a6039753e602d89ca42917,6265,943ce5a03385ec56884eda1475c88807161fb33b,2614,be9bef39b8d8508ae34619f82674873011826615,5559,170d9da1ff854097948f6af1a7c7223c78a423b6,
E01907,6998,日本タングステン株式会社,S100YIQP,2026-03-31,6617,21618365974a86f2f657d3cb3fe39f32b6127f6b,4781,b30a5a6e3f1cf27431b409ac4cb71550e8cabd12,2130,c5c9347c765be09bf46d85038ccb0dd0740c91a8,3763,777abd28bd9a6dd036dd3f0f4111850f69b2a342,
E03447,3352,株式会社バッファロー,S100YDDM,2026-03-31,13481,5c0e5be61d195bc1985534c8e6b2f44646346b46,3256,7e7cc1e853e76ffcfda7c34f489caa84a84d5d47,4903,8b9b6e6c015d8cc8dc5403b402a23ef64a935e23,4104,466c6b9df8f12484be256a146cc2a3606459f3e1,
E05153,2130,株式会社メンバーズ,S100YDZP,2026-03-31,9194,58154cac0d59d072fe1fc0cf2324bc3bdc1ea3e4,9780,ac45d8e459e2a4d9ccf885cd281a5022c0c5ef94,7135,347332c5a1c04f46ea514ab953f33979dcb8f05b,17487,2822261815a8fad7c14e0a48e5e72e585e0e1d97,
E00848,4531,有機合成薬品工業株式会社,S100YHPD,2026-03-31,5191,229e78db4118d019b7522dc58cedb0a18001c17d,1130,9bb9620fcec63e6685740c0a892bd4dd01e92db1,1297,3872f4ee5ee159f40f5a1e1cff08f106fb5d9a3f,1609,c2d38ac2406226078a86c7f6e2728b2d5175f3f3,
E03943,8848,株式会社レオパレス２１,S100YEPX,2026-03-31,5567,21424f01ea4ae14010c26a6fdfe4cb1b25578bb6,5300,3a8c648c6443b579afc22090e81f0567c454cbff,3261,7185049ef1002a10450cfc45d2badff02e3539e4,9511,a16f3ab6855becf9c33b3bba26a8220477d0494e,
E04110,9031,西日本鉄道株式会社,S100YAAB,2026-03-31,9543,1968918a2e66cc5f40dae5be425a627c35e76cea,4005,2fa46ba635802dd347dc2fbd3031c1c16ddff234,7114,0930ad0f9155b12c0fa14d6024aba635121f1770,8411,19712b284fef27e59b597fc1c6c757169ae5f2d5,
E39203,5618,ナイル株式会社,S100XV5Y,2025-12-31,5377,d3594bc13c22aacd96ec2f110a9eccbfc9ec5868,8994,0a831f6042fe1a1f970955a62c52220acb30e60f,3765,cd6842b316f058750a856ba5be6155d8e7dc05a1,2331,6e9857971533a5c8ef4912e9cdda451f88d57bde,
E03515,3197,株式会社すかいらーくホールディングス,S100XUBI,2025-12-31,8589,0b6870a9bbb00f4f1b81a6c7f75ac7ea9485fca7,13202,43d9580c89247b09675d8f13d835bed17d657ebc,4221,614eb81d44a813929193e698bf13f21a884bfa62,11131,19ff162f2a2c66cff9323b6525b90d7c6b417db2,
E02684,8071,東海エレクトロニクス株式会社,S100YIEJ,2026-03-31,7714,dca40a1cbbe42a1fc764e60612da05c31d9cfde0,3275,b26ac8242ffa43eb4a2a1ec479e61fc3bb192d09,2216,459c1fdd6055e7e2e02bcbb30b8a3d9e23f8cc96,3365,77c65cfa906e00842a79b7f8e1ed1e3a32e56c26,
E04515,9539,京葉瓦斯株式会社,S100XTA9,2025-12-31,4909,2030f1598c7d11ee793998b7c2eccabeebe41fc6,3287,45ada4f5ea126b9624438d2c64e8f52d943475db,1612,e57ba40f12dec752427dcccc5bd9fdf63ec87c6e,5342,977947746db43c59780ff4558c66cc1efcdece08,
E27051,3179,シュッピン株式会社,S100YHC7,2026-03-31,7598,49d1ebb3da6f011a8c174b408ef25fab46a2261d,5196,cf4f94a92f74a40309eb69c9fffb9ecbca45f3ce,3642,8f075c8c4f01da79f5afa7f302f75f8b6306093f,11045,7957e0d1979ccbcdb6b0d2e0ec5743ac2bd3c9fc,
E26713,6617,株式会社東光高岳,S100YL24,2026-03-31,4885,79b1598ed0747b469d600af24f6ea805f88ca5a6,3394,39cf6e3b286f8bfdd942312c374b88aff22fefa5,5731,ba8f15998039b5cd4f1bc791c81a13d8b77d712a,7840,e12d83be95bc60d80440f5e51a9360fac4cbb5ae,
E26124,6055,ジャパンマテリアル株式会社,S100YHDN,2026-03-31,6434,1d7be605868d820bfa7978069e2f6a78dbd81139,3743,54c6ba66e6c9a611fe783cce99a8785faadbc23f,2546,ba3b42231e91ce95ba713fccdd93d6038d7d9c9d,5129,f8a1f3c0177aa31cd220d7172961268f3a4754f3,
E02377,7991,マミヤ・オーピー株式会社,S100YJ8W,2026-03-31,7896,e9213b810deba8319a05fcae901e8575b1f23c6a,3126,af193d956cee8dbd1f5b515532b4d07fd04263b0,6072,5d47734109744e53187d4221645806158a49eadc,3186,d2c4cf98fb09afc19f489b3a9ea1fa64dafe8a09,
E25870,3276,株式会社ＪＰＭＣ,S100XTQS,2025-12-31,4003,b9d0397c6b60e3129f1dea559dd10dc053cd5def,2396,460b2af11d53dc9ed7e2590f037fff0270bf942b,1790,3b067db34aee98457a5fb8ab0e0f90067ddcf704,7223,94bde91c9125cb3a25dc34a1db597df60da24c72,
E31216,6036,ＫｅｅＰｅｒ技研株式会社,S100WR7B,2025-06-30,9546,4a485573a0893494acf756e7594a06e6873d94e5,3746,66f7ac892ba660927eb4a1bd39e713e8f3fb2bc3,2398,94a18449b78985146cf48d5ae014f212840ed0c9,4273,f3ac7d2edfdab3cc26dd29ac87aa58b31ea7b3dc,
E36750,6227,ＡＩメカテック株式会社,S100WQVH,2025-06-30,6562,4c9900e2ea9baaf5146b113ad22d53c4b862d25a,4553,23d46b6123ccf6e37ba84d4bf74d7460c4a076f7,3544,d8eba9875f8e7826eb6179c4b20fd0d9ee9c3b01,6531,d4b1c8918ee77f2190b66abec2e72a1c3f2d4c3f,
E30091,3680,株式会社ホットリンク,S100XTX2,2025-12-31,6219,92ebec274cdd20829b38b1fde43269ba28c37045,3865,27ca516f85236ab4eda6626bcb5ef2aa796f452f,2013,42b140a57e61aeccb9c7fe895d0c879022fe8877,1489,799cbed888bd4e8a201c95b004791d14755acf5b,
E04294,9307,株式会社杉村倉庫,S100YEZX,2026-03-31,5973,3e707c970301d1a7210821de25b6abc40c44735b,1518,86b9890bd7eb4d83720831da52affa8732569dab,1995,b9723961127e79c1f393208d6cd89a9a05494fba,1875,29d54feaebcfe8c18dcffba609717ebd66c1deb1,
E01120,7932,株式会社ニッピ,S100YIZ2,2026-03-31,6839,b2bd36b981d57081d35939cdd49c74fd204f2cf1,3289,4049d16a19b678ef725662d5c56ab702b182fe07,1962,251c9c0ec0c46efb2f147ce97cc09d5140ddc031,5176,c9f75c3b08c330566d55ac25f6da90bc79a0aa86,
E39018,5845,全保連株式会社,S100YEH1,2026-03-31,5246,1420c70cae966cf2e510e34b6f39ba328da6ff22,5165,561abd81d6c078a4d51e82338ac4bcd8a4c55b6a,3962,fb5ecd6e61b3b90ce71f500c4fd52abff1831c77,2645,944cc7782688ecf1319dc08f06e8621792471adf,
E31896,6183,株式会社ベルシステム２４ホールディングス,S100Y5Z2,2026-02-28,10223,7a737ff3be4563a351ffeb59e89e6d0359ba64d5,5656,9ae16157b186a543edabd384e50f787e7fc6a32f,2548,92b8edcdd5c5aa248043c235385350d3c3eb6c35,12670,fc91ab3a5a7ae1466660d4023f92f9ff5670c0e9,
E02389,7989,立川ブラインド工業株式会社,S100XRWE,2025-12-31,7141,bfdcf0889ed014a283ec4e94ab52282ff21933d6,1853,5c11fe06706069f32aa081aab60e753de02ae0bb,1706,7c96272d230aa76b38a12db6570404597423d006,9985,8275137276d9fe221b22e578e1e0bb9bc4c40016,
E02920,3426,アトムリビンテック株式会社,S100WQ9V,2025-06-30,5977,cdb0801041e34310811c7c835a4774e9c6f8b20c,450,d17d3072b4045faffb44365e9fefd9368ad8a8fe,3394,0150ab0e34bfd3466475606fae16e410ab0a1024,1492,624a91155f2c717dc02878a65b2786e18bfac0f1,
E02177,7244,市光工業株式会社,S100XTYP,2025-12-31,5884,e2616ba2460e8d5abd654ae02296624c77e61d4d,1914,fcbd4d348ecd188b848f2a11e71bfb1fd4990100,3653,a25239c660861e939e87137349318efc0c5e151f,2242,7b202a9b5760ae8108d19e005b1b7595fb186cc3,
E03670,8554,株式会社南日本銀行,S100YGBN,2026-03-31,10346,1267b736531665c7e13ea8606dc65a920e3cfe37,4845,12b62797ed2e3d76b5ceaedc27b060face076985,942,95b881dca046fe3f02c4c6ca57a0c28b478cf5ec,4836,c3c51572b882c9d01e52d39df39b528fe27592f3,
E02306,6858,株式会社小野測器,S100XR77,2025-12-31,4422,d92af514c5f6a4f85772f2e6cfb2acb29a3b8717,2454,2dcd8a21773d32f515768011d2838da5734e24b4,2864,f540224cd77091a61a78856703abb7e6072ec932,5138,aa641dc3c55e6b9542e193c1a2e2be09324b1253,
E00780,4078,堺化学工業株式会社,S100YICQ,2026-03-31,7622,f28a704c49edb200d65ec93b969c53c73dda00d9,3676,7a64d5680ec12880c11f28d23617dfae9742abc9,7165,47949488322b36db57b9c2e3c2a7c19324e11199,8061,a55ca3ed39cf5f60b7597fd27236a2ba05d43a11,
E01415,5936,東洋シヤッター株式会社,S100YKHR,2026-03-31,4649,c563a203705c080640e856e363a95c915ad21295,2397,59f35954f81c52bad826b26a0fd7d6b5b901f5be,1998,658eb343b6dfa0695f6d793e264ac0e9637d5814,3754,0ea13349adb1d79404d77391c3add0133a227e6c,
E03552,8338,株式会社筑波銀行,S100YDJN,2026-03-31,11097,cd0267aac2047717de2bf490a8d1b0d6370befa4,4567,6830ffbb2c7f7606b9edff28d496fed580f6397d,3167,fee5e0905ee6954d2a762c616e870ffe55146475,11277,88a7d8ce4074bfad305f2278c7655b25a2ca5316,
E03099,8200,株式会社リンガーハット,S100Y5IT,2026-02-28,7731,08d0fd7a22cb6382af602807270a09b0e9a53c7c,4234,a5cb640dff55dae159ed0c035f32143782dc1fca,1820,6f488525597220669c6390357e35531d51ff5b70,5622,13bfe907f02684f8bed92ce3462d29a3f2b0329a,
E02086,6676,株式会社バッファロー,S100YGR6,2026-03-31,5593,14823bcf5deb7acc61d6f9543a3f8e0312d004b1,3989,1a843b7eaba1b0d85c26f38ba460f5669cb9727f,1434,006ac0cd82ce0d68544f429b05d0579aac7d10ce,2534,3c0a6040c626c31fca9cbd49f750efbf51f211d5,
E01855,1832,株式会社北海電工,S100YH4H,2026-03-31,5780,717a6ed3d9fac27cf54771a128ebbb98c77f642d,1525,29189683d81420471f324664f54dd3b2ddb64a0b,1106,3e5e41f5dcc066ff68bdf8c52f9e57823548fc7e,1793,57d442ccea8430a5f81f15e78dcb375bc96d4fc2,
E02992,3388,明治電機工業株式会社,S100YKYA,2026-03-31,5886,9ed54a2e0c12a7832b69f7db9d3dac318a06277f,3450,b8597cf612f478f7e726ab33160e997a63e33b46,1091,1d3ebe5ce677c00365bf1229d0ff9b5c8c33ad37,3211,6aa4094bac024b97bb794df841d9d91fd860d186,
E01099,,株式会社東洋クオリティワン,S100YFFY,2026-03-31,3772,1b9383e13be94954225e440498914de73fa1f920,874,8a585a406125f89c8608559ecb585d050615d79d,527,e8c2629bd1c16c91e5f2d4e8f99808fc5abd34bd,1721,bfdd989ec89c0fd34cb7f78a30c17b82520ff2ec,
E36905,4372,ユミルリンク株式会社,S100XS86,2025-12-31,6312,ee073d4a1db4da90fb1cf90840fd316dc152de3d,7894,700906722f002a8ce9c5a32a4095301232b8db31,3847,341a680e3fcb340a433b9778498a44ce7201f4d3,6575,8629d1ab588b2a12a3b396f373c93668fb1954b3,
E03761,,むさし証券株式会社,S100YFBW,2026-03-31,6451,f8bd9058da90eb733f168cfdba8975ab7188c1a6,3182,9c395e88dee687546c2286cbd53790fb5b9f10d8,1915,424418c1cd06aba816bfb529292b64857ab17407,1238,b869ee6bad76ebd403bd54f83a3dcaee4be0916d,
E02411,6863,株式会社ニレコ,S100YFWS,2026-03-31,7863,4a01258e636e25a75dc6bcfe3877417995c70687,2484,842a16c89e1ac94c0ff3ad7f91339a6db81978cb,2770,4908977bb8b1ce97cde1311a85fbaf268b581609,3025,a55abce9be4a4df1180a625653c2a0723e03ebe4,
E02055,6797,名古屋電機工業株式会社,S100YEDT,2026-03-31,4631,16e46ae5ceb951fb59b7d1d370f2df0511327948,4102,7cd971bb4a8d832545e8477d7f5f6878abd9aa08,1509,119bf96ab19e27dc1851b90134bd6de461a1c65b,4006,e15b76b4f95faa7b33f38120b7129b2dbf07cfa2,
E03528,3097,株式会社物語コーポレーション,S100WR57,2025-06-30,7471,a2364413e862cfd1c7226a8f78518eea0397edc3,2004,cab25251e22921c633ed7a5a0b0f43af06fdf19d,1994,558c055a63fb25f9d79f08cdb44e16d95cf06e69,12671,4a8ac75e5d4292307264ca33c4e6302af18bc171,
E01269,5603,虹技株式会社,S100YJMF,2026-03-31,7288,7e8bfc992cf73e91e7712db670b7e851767639a0,2900,d399fe6bcaf0164de415d2f635bbce9b2dc5a82f,1709,debb2f4045cd5d961667d0fc8f4608460c5b8c7e,2123,46c0cbd2a55967cb69c78b09ccb98f088fe8c22d,
E00794,6137,小池酸素工業株式会社,S100YKGK,2026-03-31,4916,929a223b646cf924566f803bdc73ce19f00f3653,749,3a4320a207161de9567f55193dd37b49e5967188,1682,52a7f43cf33de36d539bb4394ab9d7cf54d160aa,5020,d4398c78118e1d17b4294fd6d22996d864582985,
E00355,2108,日本甜菜製糖株式会社,S100YEPB,2026-03-31,9705,013cb446af7cbeb72a0294f73f00a1cf64348f0f,2313,d53a77f73b983f330bcfc15b35a1ac3a39b199a9,3169,f228c8d26e13edaed5c1484e7b45ba0e34dea015,3437,9ef39467f1acb3d3fe1a21b38ca00d2b04ba2be5,
E02421,6291,日本エアーテック株式会社,S100XUPZ,2025-12-31,8353,c908cacf97599b3166b9bbff82416aae0420bac7,4263,79dcf810e633777119abc95991250f20e5b02880,2977,e2e0bac17a4c9632f93f95bc8f9a6510ff28ba3e,5925,c31622441918abd9379619ae2fd39e8ec6ffedb2,
E00389,2226,株式会社湖池屋,S100YDGW,2026-03-31,5872,b9086d8d290f1db9c3a97be108373478609b2e3e,3275,c63388c011a9cb7de563d5c830d2cc77ca4cefda,2142,51ff71d15b52caecc6c74e9b618f88ccefcad22c,2960,c109f00ea93dd7e214394c430000acaf3a74c61c,
E02809,7447,ナガイレーベン株式会社,S100X5AK,2025-08-31,5453,4061645fd285c5a7cedca25f7cec9e9b5ec7a734,756,e99c59d3ecba4799a29d216bfe51051b324ee1f1,2651,1ce058ed572922f9a92098ee75250d7a434bcc83,3647,962d8be2d04e9329a8bd893848e0118ea5c336cc,
E00337,2266,六甲バター株式会社,S100XSYQ,2025-12-31,4170,f1379b70fc0164058bd39c1161c3a537ced02e5b,2243,cba31849621ac79dd7df841b086a489e05956b96,727,6a2306eb3f7c7f73bbcef1c6bb1d199c4f158fdc,4851,8d4f946d65654f623cb35184a5a16aa65d3e6e02,
E02174,7256,河西工業株式会社,S100YNJP,2026-03-31,7306,bd6cebfbccc324eef84eacdadb2c8b5da1e784fc,8483,ebdd2810346c8ea0b5c8007fedb6b86f57321e99,3359,3b1cb6caeee8f0e943d01a72e48b84cc9ac0ce01,4285,2fb745c3845ef96a049fa6c5ee85bf66956d852d,
E25263,3648,ＡＧＳ株式会社,S100YEL6,2026-03-31,5558,4ec9bf95db239e7b65be1d517b14f86f7b01e89b,6377,3340a2d87ca836a81b7a477ca2375e480615ae83,3698,fe0906914e6e06998c84f429e3fce5223c5a40e3,2909,bf0eca849e802d0381eb8c54edbe64d0eaeee398,
E04963,,ポケットカード株式会社,S100Y6ED,2026-02-28,6683,2220e0026e9bbf0617051563950f55077eca1bcb,3343,fd68b24a703a962989998e79c08fb2a294d7e479,1355,b27ede70dcba3d4a35546f74a0c374734c26f29c,2758,4729d613b1a5ff168f567225978aadee520f5c9c,
E01753,6584,三櫻工業株式会社,S100YL53,2026-03-31,5799,61529968650bf48996d72a2b4984fa589945c1cc,3599,a3ce9d3f5ff2dbe25b7fcc4cb43cefb72b327a79,4411,981aa47989066dfa5391a74db557e56ae5eea5bd,2359,9ffd25db87008a7cdf6426681e689a7036691f21,
E03342,9441,株式会社ベルパーク,S100XT5G,2025-12-31,4724,ccb24f02fb12ec395624bafd7232f35540051144,5069,c80f60e818622c3c4e957382acaa59a6505b7b1d,2972,0fcce94489ec522b34e5fa4361e1efb942ec6b28,3329,9b6488ec47a857c5595ef097d311539fa7188968,
E31955,3929,ソーシャルワイヤー株式会社,S100YF9R,2026-03-31,4350,9660f3a33d1cb755cc5ba9a4b870c4b409d6cb58,4466,b131b659e2a1bbba956980ef05ec8705e7ebe331,5379,4726f9cec2feae6c972f7df6f79e1a30d78d5495,3551,353b5dfd33495ac1f6c7872984461f18d35c6139,
E38654,5578,ＡＲアドバンストテクノロジ株式会社,S100X6EQ,2025-08-31,5821,dcaa7504b94cc98ace432f715bf99a39f5b18e16,8575,49eef6387517474f4a945c35ed1e74c7a28d8cc0,6929,cf0e091cacf82fe68ee7737cef34da57bcb2dc76,1686,dbf55f8c4bce303305a976f09ac206f236a0cfe6,
E02576,2874,横浜冷凍株式会社,S100XBSF,2025-09-30,4456,56a53b616731ab27862d400b69fb7f0f0255ce9f,2874,9388e5e394d215480b06e36b826a968e70275f5f,1209,d7303c7d7f6259e5a467572e7109969c8ab5c075,8513,9466c2da718d74053caa0cd79caf7e3460caca55,
E02219,7294,株式会社ヨロズ,S100YGY8,2026-03-31,5397,d9e1cc99fefa66a62489eeccf8e51a0a29c8ee37,877,f55650e592fe7f80da748ee0d591fd3d6b2fdd2d,1214,5d7b4bf34d7530d8ebeb9af3e7f7afa7f684b570,8501,0fd1334906679e11b43d8652500dc9fe03b6f0e7,
E02792,7417,株式会社南陽,S100YCGG,2026-03-31,5018,3d040d4f654ec07de06f8790756b17bf0d75a44a,3821,cac8d688212b1a090bba9b875c0e67c6c263eb63,2170,779d863c78e775dc66edcbf304b58bcda32f9675,1674,cb5a8dbeb35c79a89061d793d19d4f76c82a5239,
E01693,6485,前澤給装工業株式会社,S100YIVJ,2026-03-31,5248,c21dcd880bd3fbf70c95e4a0bbd4de2472def82d,1849,960561888320c76eb59dae02028e3b9fae0cae23,2669,a3794ed8c7967bbd7e88bd86737648557bdb80d1,3373,1aaf9db56a1c7e45976391938ed1b9dc58744fc1,
E31344,7813,株式会社プラッツ,S100WLVW,2025-06-30,5340,57569b82cb7aa852649f4acc9573a223a6539319,4465,4c9337f078bdec15fcaa20c98ec12ceef967edff,2160,a5b4469848509e8016b52b9cfb909b16a0b42c97,1093,9d22a15d5c675697a6731889811fb551ac00e7c8,
E05487,3771,株式会社システムリサーチ,S100YHX1,2026-03-31,4740,0cc8031fb4ebbbcd0a6fc57c28d92bbbb7191f54,5066,915ff04de7cc9ad38d9f08876ed1d49db50fed21,2566,4fea4af530d86914ad0174c0a383244716d2536c,4914,ba6e434ff3eab6f527ae2f28baf65836e3e14d71,
E34045,4391,ロジザード株式会社,S100WPWK,2025-06-30,4496,dab8fdd3d80aef8a1ea21d7870b0064130117c8d,3847,a5987f93112f73e154aec000a7afb8964cb28fc3,6591,c5197a26943632696e7fa1d55e9e9e5bdde13dff,1974,184ed03b4dbad43901866800940fef4dc0d93367,
E01678,6481,ＴＨＫ株式会社,S100XRWN,2025-12-31,6810,6112f77a9e4768e2b6481ef719d60e1757646a62,7652,9efbada15e4a662cfd9010778d13b73e63025867,3359,f0c8d1e74dc4b65a80c171e2e164cf5f1c3ab7b9,7494,c8ad7394e1577dc4aa4ff85ec5548f08a23588c0,
E02445,5965,株式会社フジマック,S100XV4T,2025-12-31,4619,9fa3f8c8bc9af8331f904ecc24b9ec4f4e3416ce,2324,a17d22363599caa8a507b66a4948dd7ce57cac15,1950,eb18496d34fb830feeffa5af5b24896d18012d01,2283,c4fbe18a9045e4b80d5c9015c45b4f936a108d41,
E02780,9987,株式会社スズケン,S100YFRU,2026-03-31,11806,12a1660a698c452802fccd929dae60510c8447ff,6002,84683a36294f9d80d7417df0699138422c2a2185,2408,23556010fc60ab1a36bab6cc1761061e5b7aecf8,9053,708eaa0f705886df91234d0eed4e1f213177194e,
E31042,3445,株式会社ＲＳ　Ｔｅｃｈｎｏｌｏｇｉｅｓ,S100XUA2,2025-12-31,6303,2a235bf9fa835118b7de07100a2273b27f2fc9a0,3320,ef5b2835db6fa853dabbc3667ffeb32b5bd98a4d,899,acef5d70fc67199b03410b8d91287fe02b1bef2f,3216,0ccad03ee7aedb5c30b88a74a3b3b484f052c964,
E04381,,株式会社秋田放送,S100YB1X,2026-03-31,7221,2ac2514ead370b21021de174a4ba587a21daa4ba,902,32480a4ccbd8c20d37ea12efa42f3c47acce13fe,441,e675c78cd63d915fa2e7f75718112a3d31764214,2208,9ab06728a0ac450b8e9f84063d20c59a08ae4ec6,
E02286,6850,株式会社チノー,S100YJHF,2026-03-31,6535,529f5b424d7c7fbfa1aa3059c1a402e0e21bd22b,2561,abd22b3c24274e94961eebeffa9adb4f554a2cb1,2706,9443c174501e862ae9d50c9a456b00b19b84006b,6911,d543e8356bb21d683af007b5787b34fd6e351a86,
E27693,3186,株式会社ネクステージ,S100XM1X,2025-11-30,6301,094eb69b22fdcd626b2504301f0a144971d979a9,3825,fcc0c436596e0e53e43bee9f19a7df1298260b4f,3270,fa9773bc8ef61b4bfb87397a05707b4003d7b258,6309,6e66b491f4ecab2aefe1ad20b6b0631ece9196d9,
E32679,9142,九州旅客鉄道株式会社,S100Y6HR,2026-03-31,8176,ee3b73795b7d187e4993291f23fd29e38e9e63d2,14698,977f2f4972284f0d28e5e64692ccc5d38b37d6cf,4655,ce34a1aa6025fed4a1ebbb22d77950d7b145cbcd,6566,410bf78f77f89102d27d0dae9425c4b8fa7ea0d5,
E38082,9204,スカイマーク株式会社,S100YJR8,2026-03-31,5754,db2514dbbbe6ea50cf40ac95a1557bd0b488b7bc,5787,52a993bc1f7046f5a8dd082c444bb00b32408641,3202,f7661ea12cfc5653a6f5c86df62912fa0ee7b8b6,6123,007bb94431acfd3160e270aa3c1a7801a055905f,
E01209,,株式会社麻生,S100YMMY,2026-03-31,4953,aba51410c21dfe3fd8fdac054bb44cb51611e964,4279,bc599455a8a0796a12ba86d2c52f8fc9956dbdf3,2413,5eb21cda844e8507f19978aebcdd89e60890798a,2974,2051b215e1e33621063b41f0aa83eb3d773d2bb9,
E02698,8228,株式会社マルイチ産商,S100YFT2,2026-03-31,7952,829f8955f7f4410da5ef1c31f59feef666e8127f,4555,e322c4251925c28ae6762dcfc96fc9abea46ea60,4683,eabbc3b6102eec20b3197fa409e62bbb4fe60fb3,3343,71fd97d16f54891c7a7bd7fa8708393d06eb8d18,
E04846,9702,株式会社アイ・エス・ビー,S100XU2G,2025-12-31,6129,9d0d4cd68945db2b6021bc3184d9562db1047480,4750,bd287f62c37eafdeadc103ecafef6d904e8ae926,3066,346e2744b038937ebf22240ddc559909b616274b,9762,6b42443411ee815c54c68972ac9942343bd0c830,
E05592,3040,株式会社ソリトンシステムズ,S100XRPJ,2025-12-31,7230,b3c8326ab4ed6792a387cbd13d7f5c916c360721,3130,22fd0147070f7e089a5a5a4ad5f4b9c04be07783,955,f07f8c28d370ece70841e0e870d3f76af9a7363f,3364,40b1f397adb7be67525c6f43f2e25c16df6b763d,
E02354,7749,メディキット株式会社,S100YI2W,2026-03-31,3985,c9a1f65a80bbdbeebcba5a865d2d75ab7bf08dd4,4247,e23f3f027f55c13109ef7fd246e7794e0a3865ff,1437,a17b443b915a8e083b5539114233cb2a91e36d6d,6247,ab1340ece4a7e1c794dd94f73ce2c9262c131172,
E04564,,株式会社　ニュー・オータニ,S100YMI8,2026-03-31,4597,6db209441d7cb3db28af765e78522a66251f113c,1695,94fbe43813a2b65d407caa88a29a93b90071e5c7,1203,04b4e4817a9ff675232d3fd09c9179b706564003,3654,be394b7e575539c90ec3d9c5f9fc3bef2531d203,
E03138,9832,株式会社オートバックスセブン,S100YF3G,2026-03-31,11711,c6bb6f9abf1b5e07107e96e370a4c98b2c29122b,7336,430dfa377fc7606e29d71414bfb2a5f0003dd74d,3877,d5f788360df5c78538d04c126301b5a522502d6a,7346,1d4643823732551ca5502a7f6fa32eb02a85f5a4,
E00915,4627,ナトコ株式会社,S100XH69,2025-10-31,6581,6a095aea8cfc2b6945425d24fe448bfbde5342d2,1601,8844e1ea80e9d31eef84ed62a2251df6b01be4b5,1943,aeb7a79e7cfecdf5c42eceecb3f057708c68c3f3,1143,7bae5299b4dd37276b9f7c84329c78e44ef7a7cf,
E38215,9341,株式会社ＧＥＮＯＶＡ,S100YFQH,2026-03-31,10136,8b4e5f309f7b372fac762ec39b40b86ddf39296b,14516,88f538a1c57ddca4eb3bd29bb572cb6d0c5155fa,5951,2c5eb88e18c0d3762c90067a1c8dd35fff5aa138,5777,b0795427ee59e1ae159f9951212292fff9841fc2,
E00246,1997,暁飯島工業株式会社,S100X59V,2025-08-31,7174,498a8c23f9ea85b7ab27a3519abb2f0407de1228,2165,2a6af447275322fd92308558a49796998ceb0ffe,1499,0beda2b7d46aa791eb8dabcb8282ee94a6b337d3,2216,f710a456b18933c5a3161a343b7d65890f86ec8f,
E22554,7314,株式会社小田原機器,S100XT5I,2025-12-31,4719,51884832495e8fd63a663d36476b8cb3d7e62689,2035,55856e9e2b4f09bac18933591c3f70bfea2046fd,806,af9a86a293d969ec71a7c2bf98dfb8d357fe54c2,2655,5f69aa92bffbeb1a85376a343e5a72a33ae878a1,
E03581,8370,株式会社紀陽銀行,S100YE5S,2026-03-31,13666,8878b2ae0b85a2676d36fd789eee70f1dda51678,4636,9b9f23232d63a1ca61e181be0313c4a4f3e4c1ad,2187,b5880461643d52354c48250d253a3a2ebfc30c80,14304,debf82508f3f488b20a5b4b520e855ba9320e741,
E02693,8275,株式会社フォーバル,S100YEZW,2026-03-31,11058,891a06bd85dcabd877fabaf21016baae82e576f1,2281,1ae1511a8cb5cab3e9617c9fe60c7506b4cd42e0,1997,c6bbda879e7308fa37e0c9ce7bcb84ac6d6f1d01,11866,a741dadde1310c0e0fd2719c7a5a5e388cb37318,
E04855,9691,株式会社両毛システムズ,S100YIGO,2026-03-31,4375,cfeab1b03ac4e90597acf3078c9d45ca8431ccc6,1938,ba9495590764598e1ab6dc1dbbafd4e396127465,2461,0d655b471cdd7e286a52e6f88ce343af602e65be,2502,47d55618e78e80b39858c864c5a11a2f43975272,
E02049,6337,株式会社テセック,S100YHSE,2026-03-31,4538,b2308bafc0d312d2f38706573e5a30919de30f74,3173,726192a94f21ef43c2e7beef2707418b943e11ac,2433,ce54140f510da38e55d42acbbc418c16603863f5,1658,aaa9cb31229b64311b97aa10da5b2d8057aae6bd,
E03216,9974,株式会社ベルク,S100Y4X3,2026-02-28,6319,d77b66716d9d9bcc4eafb05c9b335b60864efb0d,3645,f7762472df5760f004f02f7777d58fd99287e679,817,3ea5bdfc394581e2a3d77929517d21d5895d3928,14116,13a26d4e90e04669e47f214725218a1543d941a7,
E01751,6513,株式会社オリジン,S100YJF6,2026-03-31,7452,39599b2de676eb657f8c70aad53fae2ca4479d36,5355,1e8fe50a665b7aab02dd42acba7df7732a831c73,4333,d5dacbcbff0c5a3b6ba1899873a25e649cf0925e,6123,afee7edb562f08af8ceb2a1357db9b16bd43d1b3,
E36123,7694,株式会社いつも,S100YI9F,2026-03-31,5717,fab6e88d7350e3a6d1d424d8121c10da6071cb1a,7153,70cf53da951d9f050b8bfa400169a02bae9269a0,4792,5f8aab782b3535e3ed20b72f8a7e9d67e0fe1dd0,5454,45cb254b7070e589c034b2809c6d8ea655c7f389,
E02892,7599,株式会社ＩＤＯＭ,S100Y64O,2026-02-28,3466,2db551c077f9dea1d6d22411dc9333d277aca565,3240,21755ecfe730c37f43eca8ec35e1dc23bfb829b4,2476,ab6ae6d33d88c14fa0754fef25c79b467bee907b,9711,44be6703e010bd44ae04a5a5087906ba37aa20cd,
E00494,2916,仙波糖化工業株式会社,S100YKFH,2026-03-31,6957,b906f4e4cf1c5f899a81019f4d1d5d4ba00eeaa1,2317,e7661f52a9f866264cbbfa83bdb25985df63c559,2009,514ecdccf384d322b477378b51a791db2cda27de,2075,268ec7f24d833141af5137e90f833ddce8725b76,
E00760,4022,ラサ工業株式会社,S100YD99,2026-03-31,6083,48baee9f9d505cf0c211a21ee18d2b5c4717fd1c,4330,6cc0e20564bad80d39e33e62d8e45a991bd312ef,2689,24b364803898e11128f37b1996188b6c5c9c12fa,3841,689df202090b2e77a21a8a603f1083b1890cfac1,
E03640,8558,株式会社東和銀行,S100YCZF,2026-03-31,12198,d003fa5ac1c15ab1bc46e0011f2b277d6d550dca,5065,16d7d6b383fb512eb15bd875edaf34075aedc396,1252,b13782b731deb00c40d1a76b99f9d4332aebe47f,6939,8a570f80eb5e3f2efa34e980881b90be649903ec,
E02210,7239,株式会社タチエス,S100YLGY,2026-03-31,5582,964a92130f6cdf52c8734e34727e6a9250d49f4c,2769,166aba9a8bf397650004d078da0891dd54a56c88,1876,7b6ff7ee77e398193a1b663b499111de25e45b97,4435,c56f565ec2f95235c18d904d3eaa8f7cf48edb76,
E01007,4998,フマキラー株式会社,S100YGPK,2026-03-31,8926,72d10dab5646f3ae34605b875382fe63e29f666e,4132,87be366125add35a7b866b00dca47515ffa3f72e,3601,2f1919da1b2fa7e2abd43f302892aca0d0316fbe,2604,d8bb0deda9c777ba2adeab25dabda47a44f6d75e,
E01627,6382,トリニティ工業株式会社,S100YE9T,2026-03-31,4375,e1ca6787a4e566952fa6429e42fed3e83708f2fa,1030,74581c98304f16016061ca78e72205319ede4fd6,1920,b0c4b900abde1dd7a1e1fe94ca600dac897def81,4762,8fd16bc7610b364d1df9607180d3e04b6d6454cd,
E01294,5695,パウダーテック株式会社,S100YCVX,2026-03-31,3739,29a34f0b32f2b31454212323360965c4b58b7bab,5260,4827649837660294435b2dcab91c6556d7848422,2023,499aad636b9d9c2e588172ad10820d4df43334e8,2461,1bcc4fecbceaea328af328c99ff125d12efb8b93,
E00686,3954,昭和パックス株式会社,S100YK0Y,2026-03-31,6082,6fc75c4f493dd18dc6315909cb6d3d1613504479,2233,549d6efd6805132c6c6b56360541ef89616a3731,2788,86f4fefef42f6d2e2d8ab7273188a204b8734a7e,1218,19119d1d498ee078f40d3d773f0728686da0346c,
E02467,7844,株式会社マーベラス,S100YGG0,2026-03-31,5762,cbd2ce4dfc47635f1886e7e270e786ee9a124596,3608,ea5f818c34c5f09c8a98ccece7031b1c88573ba1,2357,0fe4ca5920a9624a5a09774ba58a054686be208b,6181,67aec24c27f51b2193fc3341ca6b7d51d77df4cf,
E00375,2212,山崎製パン株式会社,S100XQ5C,2025-12-31,11140,66d593dc10985d2fd29a2039be4593cc071197d9,3636,b180b68de4f5b53186bfe62a55e6e909e50280ec,4066,ee479734cf6381a125bf5ee8cf9b9665538d800f,5162,e0bba84610ced5c59d65b378ad532a0cd1769250,
E02838,7480,スズデン株式会社,S100YG54,2026-03-31,7534,9bcba2d11fada1da87c21d8a8dffe9ede456fac7,3388,e1806777e104067f756e0b5d34df6bb3c35fb70e,5720,bb51ad8f847af212cf4587ac78f74d92d72c17ff,3014,6968fcd86b515ca134c48b47553b02a7693372ae,
E01112,5161,西川ゴム工業株式会社,S100YIPC,2026-03-31,5820,240212f014c659d5e2834d61994f94c2a549fbcd,3061,71687a4319b419e67ca99e8a719ac177a6c2b6e1,2702,e66efc121fe07b92fa6b398a7899b594101ea579,3850,e5a26bd3855f634c5a42a6ac82a47053cb7d71fb,
E02335,7722,国際計測器株式会社,S100YJ8C,2026-03-31,10134,6244728ffab82582eb79f3f42e1f9287689569b1,2515,6e688882c541851a0df9d8bb085dde64ee451d2f,2821,9734ed0d2fd1e70d53759245e3f4d00a078c4a6d,6156,e3f2060ec1e1ed05f28ef0a39046f7635b81e130,
E22509,7775,大研医器株式会社,S100YCII,2026-03-31,7097,297f728f188878d74eefa22dbde80bfe0f307b41,4443,c79453a4959636ae2dd6554a457ce967e03181de,3072,572cd9340e32b03acec6349a0c44dfb33ce87cb3,7844,57b531f271bf5617ef1e0a45831b22f81f0a1c4b,
E00209,1966,株式会社　高田工業所,S100YGU2,2026-03-31,8900,ed0d54941ec17e076a54adbad3a1bbc22d74ee53,1377,2e30ddffb8a8fcf4d7c0ab8986ec4a1af61a24cc,1219,9a4e6d394ac170c8df5d83bda101158cdfab1cd5,2536,a53741ff6d4d2da07586342f757c9a4ea00ce2b5,
E01303,5852,株式会社アーレスティ,S100YIGS,2026-03-31,10095,863a8d81785946956cbc7d0ed87d458fe8863285,3499,afa949b2e25a6be933451f29d6edef24c0b245c5,3297,2e7ca539d0f20fccde252fba9ad932422415d9df,7705,3fffdc2953e72872182120de02058bb06fe37044,
E02414,7743,株式会社シード,S100YGWB,2026-03-31,6836,f674e9586261d769cf732d46014ccbffa45b3f01,5361,f19c40c6d0f29f01b576ece4da23ad17e2299e53,4866,6866e8815f666cf45f3112942819510edf652b74,3545,4209a187d3cbc961aab4e5150843ed10f147109f,
E00520,3002,グンゼ株式会社,S100YGEM,2026-03-31,7064,78de5f7dc6a18187937f4238323456fa0ee804c7,8225,9cfba0de927f8a5a569c7d2cc3d8af7bea03458c,3488,298a6d54be9cc4e54a076ac376cf66ff91f5b710,11025,355ddf37e7bbe012f8fbdc98aeb12f5138655d9c,
E01103,4224,ロンシール工業株式会社,S100YGGD,2026-03-31,2998,a389e4ffc7fb40ab16d04bbd2740f3bf7e8a891c,2988,5ae1717e3a5ad17e25401374a49690567c59be6e,2481,6241e548be1c78be8b934d7f29d96a34bab275e3,4095,75f7ab3a1a6ec06f73bac5cc86212d89c3a88531,
E36532,4196,株式会社ネオマーケティング,S100XCJL,2025-09-30,4853,c958a23e6439941e5a473eb925a4df67a7c56ad2,5960,02b24627b41af016924884b25ef98a18afae7a74,4335,76f4c93c9e5b748c0291d09d20a2f813628ef6d5,1616,8a2e4306a78c4684ebb05c86578be55f600eecd3,
E02839,7482,株式会社シモジマ,S100YIAX,2026-03-31,5567,90062888ff09fc06d4c719bfed58ed5af08ed653,4231,a836a1784465d2c7f3953f36117a5d19ce05f529,3455,c6044adafa428637328efd399ab5241e36c0949f,5251,dbfcd6c0506b2debd10d3ffcdcfd317ab0867aad,
E05192,4849,エン株式会社,S100YGWT,2026-03-31,5336,22ed243e1e040b289d97137bf7d518ff7bc9947c,5508,41a7ff5a9da5f88543c740b78c805e1cbeb74d0a,1323,b4ba243ebe4a2d134393d3f646535179b323b32d,6001,57dd6aa5d434a08215aeb6ece96262bfa7f08830,
E34880,4442,バルテス・ホールディングス株式会社,S100YE1A,2026-03-31,7067,623b3b3352f631493d3c0208f37128b620f98319,6668,6d2924f7161181ead53a195b6ed62dfef2c11bdd,5682,0f3a284d4a58716ce998f8cf06e5be30779c5818,4687,17138e071a7b64d82f2de779377ee08d67db7747,
E38695,7409,ＡｅｒｏＥｄｇｅ株式会社,S100WQWW,2025-06-30,7117,cf65e9629012892a4bbe867c880dcc7dec2c009a,9871,ddeb737362c9b7f3ac4911b7bd0c23b632600385,4724,268cc4e28514795ac77f8c679135bd491ee57373,4665,f65817a0dca17afa6cc6c9fb437aab7e58ab1aad,
E03676,,株式会社佐賀共栄銀行,S100YCEI,2026-03-31,8154,9dc3085c09160cfbbab688efdcdf517568924932,1171,fc1e882df09eaa75afde5e66a98595928af47329,1686,1117a3fa5283597930f3341fc0e165b97981e7bd,1237,83f7c391e891d93d8ac5fd9c0dc05e86d456cd9f,
E01710,6482,ＹＵＳＨＩＮ株式会社,S100YJC5,2026-03-31,6481,b2f018c0c09466c6dd3cb33a1e48eef7e1e26fbe,3265,3a4a77d7db15b48183fbad437ac6d8f0648adba7,878,0bc99d596a97c41bac11cfecf26a9aa52c41cae0,5221,cb5b1fb24733a4f86e1ea266ab4de2b45aa70003,
E01426,5945,天龍製鋸株式会社,S100YJDZ,2026-03-31,4322,c9ebbeac0c401880ad151fccb55723a9a0332a20,2727,8bc408931f4698ecc5786db9fc0b0e134e36b82e,1737,770166b9c83dbfab1ecd84d8b6364f3648260b0b,3861,e386f809115602b4338b8f8275d874e7765d1156,
E03467,3396,株式会社フェリシモ,S100Y6XM,2026-02-28,4821,d288fd583cf59c6a6f21a13c383522be65f74531,4734,4cd0eab9cf8a82caeb2b35d5ffaf61b3baf8de82,1350,d6028e000e3a52d948d5e8e8a29706a7faacce80,2530,ca8004b0561d9b3490a2422e2f14fbecd5602381,
E02728,9888,株式会社ＵＥＸ,S100YDU2,2026-03-31,5358,563aeedf9c102887cc076446b679e3cb41da7989,1375,25fc5b30ead18aefb72c76e4d5c8b58e507eb94a,1645,5603578f2d5b44f68c41e02784602191af699596,2861,b2424cf90516195db5326bb5e57e0b13b901de7e,
E20870,6555,株式会社ＭＳ＆Ｃｏｎｓｕｌｔｉｎｇ,S100Y6L3,2026-02-28,6852,1264aa278d66be76d7fab2ae44b6e654685280a7,6659,b32f95afffdcf73b0383ccf98d9e7da1fd11722b,5241,9a0abd67ecae2a5d27c18dce7cffa7daa1dd026f,6111,5072482aad62d32050a00da54d90b9d9a53b5deb,
E33242,3989,シェアリングテクノロジー株式会社,S100XC4O,2025-09-30,3098,1971945cc791b4fc6ae2bf930f551c585d700a39,6883,8c337742b5958e551746cae0118f39065514f833,2149,6b0cfab423c6e0b75d25feb2c2b40991d0641f49,1191,b242138f0d4422ad9bac59d2141389fecc86d248,
E24994,6627,株式会社テラプローブ,S100XTOJ,2025-12-31,4455,e4fc407a0530b2d8129f40649e4a673acdf3e66f,5425,9fa0d42101bfb2e0e6d04b9236b749b36a8cada0,3106,97d0098697b1df6113dc520c19fd127fa8035139,2797,d61b1e2cf0ca50ee082b19522b5258f25144e754,
E34643,4431,株式会社スマレジ,S100YSPI,2026-04-30,5783,fd197b62746eac307d1a883ba0eeb735620206b2,5689,a64cf9751acb550afd0b5da3748e7a315710142f,3488,5859adb2748a51862d93097948321792ad975c0f,2621,1475845572ce13af3f39a493c94490d29859d55c,
E01610,6358,酒井重工業株式会社,S100YKE1,2026-03-31,6366,f2814763eae98b8eb9cab32fefd736a3c08f2447,3653,396ca482b3fc98de10891024d537349543a28a7a,5616,00989ed4e5960dd1ca6ec96173ae6888bdef75a2,3677,3020542a54bddb2ab8652709329d9fb6c1a1a85f,
E01152,5208,株式会社有沢製作所,S100YCDM,2026-03-31,6857,76f6bb70cd28a3cff49fba669592e6cb1bbf0d1f,1167,05561847780e8a69ac8a31f10a385b2256bd56bf,2357,e6a3484311d11b24bdbf9eb2e49c313f6e919899,3441,8867354b1a9c4aa286cea2823a3619be23b7121f,
E01451,3421,株式会社稲葉製作所,S100WWG0,2025-07-31,8349,ab1c0382a6338d240fe8de16abf5c62fd27b7b6c,4445,f5e214c16f57eefd306aeb09a2024bdf3e050d28,5246,4b6458c09c6a8dd39ee5373673232c26aa05f666,2645,47e453e0e31c7718e063fccc6ce2ac3b555438fa,
E02488,6257,株式会社藤商事,S100YK8S,2026-03-31,5515,3fe06a727a76c9133d34c25b783d9e4711803b95,3044,71788c073f03ecddba6334c220b4582b7d316b41,1130,0b7afa419b02b4b89635560ecc6a4f20ca7763e6,1187,ff71a1e638117e9610c20dd9b7992fb73ad41cd0,
E05066,4746,株式会社東計電算,S100XUNZ,2025-12-31,4403,73df34758993a54531f244e4557fc3e02f5c3bd8,1347,3617de2f2e6584097e6168365b610e8cfa85d266,1677,3112b1514d65723c8e32c771872bc04edfdb5eda,1181,743da2ba1eb018611d9621726bde58d0888bae3f,
E30880,3300,株式会社アンビションＤＸホールディングス,S100WQFJ,2025-06-30,9026,81f2949bbfef29d03fe3db5dd81b818eeb1bfa13,5541,45d3b91878e4019ed26c6fff97b996c8f32cb16c,2382,b2874f87ed40203affe0ad897215d3f76d5552f9,2798,fca49f9bd36424c7bafe2e696345743e07c60bb7,
E01545,6118,アイダエンジニアリング株式会社,S100YG50,2026-03-31,4955,ccad5d560fc1d4efe0ed9ad0f12d3716fb42ddf6,1847,38a6acef7ee25754b0cb55b5aeab62849bc3391e,4158,a79070f151d27e7c36ce209b1b8effc829018cd1,3917,cb026fdf22ecf1a6a86297ccb2c53aa266710351,
E04773,9735,セコム株式会社,S100YICV,2026-03-31,14028,b8f17e6146711278edfa5a7738481804f206c4fc,4032,b5b5fe6759fcd55195c851ee6870a16ce45f72c6,2672,a502d807b411baac7fc23062b59f28bee1c9b1eb,7028,1a6b8b25aa1539ada2a3a98f4375a27007e0bc09,
E01459,7841,株式会社遠藤製作所,S100XTH1,2025-12-31,5415,5f85eb7c9aef2b63095fd3c2bb50497079f1e0e1,1617,de28eabe09b4435ac3f9fbee2f8d4666c767e165,2825,691580a8c2ffdf5145c81b9c78a6b0c66fb5136d,3857,bca01839dc8bf752667a96563ada4bda1eeb21c6,
E02387,7284,盟和産業株式会社,S100YIWC,2026-03-31,4434,8836094e6cf42edfa76ad895cc43ff1a95594026,2811,0df0a9e94d6fba9f823f044ca63e417580d2a338,2641,79d3f21a9bcd3aa626da62768f1d38b79ffc1c5f,1539,f92e5f261e493e4beb5d7c6db6090d278e1a703b,
E00695,7914,共同印刷株式会社,S100YF86,2026-03-31,4684,c6f5722eec5f85d848e480df255dd6f09dbc4793,3486,9275af706e2455380d4befd1e115a05738ae2285,1509,6d26d8f3f99e6b52ae58f6d295fa28fc1fa73675,11261,88b252570931f85af15314468e03760f42c78cdd,
E02189,6493,株式会社ＮＩＴＴＡＮ,S100YIJ0,2026-03-31,6671,4347582dae51abe3be0a5c2554a9d5ee855996a4,5121,fbfd89190bd1771c1f70a9a9f3b06c43727feed5,3366,b59573b4a0002ba3602c52924ba11f5a00c67f36,8373,717ffa97d901090d86d6083a3df68dc9acfbdaba,
E05312,2335,株式会社キューブシステム,S100YCVG,2026-03-31,4956,b46acad05c20e39ef041452718e7fbd79349f339,3003,31532c790378a6c3f16dd36a205a2f4633cb9f14,6532,38995052847d2ae839233e66784cae5b0e1077cc,11566,16a506d1622b76d33c084cf2bd6142c3783e6ae7,
E04952,9739,ＮＳＷ株式会社,S100YJ3Q,2026-03-31,5787,87bdd5371055e7bff9f1f52df136290ed9f62aea,2257,3d86b381d947536863bc2fff96d83cfc478e34c6,1767,f59e3d4a38388886d0b8f81032436193eb38caca,3542,711b95e8e0e2b7aa7ee880900a4c4f906f61ca4f,
E03017,8237,株式会社松屋,S100Y6A8,2026-02-28,5971,4d26859626cadda9bfa4261eabd0476c47a2ce48,6443,695aa14c80852adc84802129afe7c8c009ba6be9,2510,1928a978b0fad53a0b7c2a0a87d80f65b943a2a1,6808,987580e20a0d426c08192bacdab83230373ebfdf,
E05456,2440,株式会社ぐるなび,S100YJQU,2026-03-31,3803,77647901fb91c7118de56f7aef4da984ef08d866,5911,3075cc6bc36791222b24be1a2919239f6aaff278,3906,d14bf40f7259ac6d01084e6c45084a2a2eeb9aa2,5192,263a07cb8ae5ae8e0ed092de0ae9ad77611a09ac,
E37603,5029,サークレイス株式会社,S100YHBZ,2026-03-31,6202,1471ea427925e07811da94511d83a449b979b7c5,6618,0088e9ee44f073298cefb80bda7a45049dfef71e,5321,7ee16d43496fcd6fe4aa93081b8859b3266d938e,1581,dc08ffb99bcef270abdfa47180384f96e00d9787,
E05516,3804,株式会社システム　ディ,S100XHGC,2025-10-31,5938,e148dec20457df5e09d04b11b3ca58d4c63c674e,2891,91633988b49169ba764c26f85dacdeaaa8840e14,1868,e0ebeebcd8d2db067817d23b18105f283b0f62dc,1155,71f04286682cd4b1e68b84bdf438f10c2e6f1499,
E00573,3512,日本フエルト株式会社,S100YIXB,2026-03-31,4253,64681448061cb71961f075ff2faa57d07895ff07,1810,92c1db64f6b3b23ed797eaa5c4033a0172a81c9f,1973,6a25af3d8671d3a3e11436f1ed495538a1c8e9cb,3555,e9655dc3e4c2ccf6179a01fc53e254a14e44dfcf,
E01402,5985,サンコール株式会社,S100YKOJ,2026-03-31,4167,154c85cfefe21dfacc886f6db5e67219880cc7af,3377,cb0149517a7a4d7b9acb3dea0e6f85d74731fa12,1808,ad1ba1e117b00296d65481ad0085f288469ae12b,5239,9f7bec5734407d40ba55a6fdf583626486d082c0,
E01932,6803,ティアック株式会社,S100YG7Z,2026-03-31,5324,e1c800bf29441fa8abac8a12376c8429beb1c237,4300,238719eb43c322c1dde89239b0dd44671e6a61ae,1921,f07c936deb5cd5947cf3634cb9a5c8b2cdbe5997,1858,208dd530aa509e87d5a7a14cdccc33b602742634,
E01400,5976,高周波熱錬株式会社,S100YIP6,2026-03-31,6756,8cc687ee6412b7436e26bd2cc1105d4c43cc1669,2955,5ae8366d5b2977898156178fdf6e73d659eedee8,2860,003411b9accc34b51ba1e1eab1ee8bacb85e9c85,6985,13ef9055307fdcad6b1b9eb6e765c753b5f3295d,
E03572,8364,株式会社清水銀行,S100YC9F,2026-03-31,12460,140c2dd6ef322237203453254dce359863eb62a6,3797,19fef6bf9a680b9bb11583b23162572db7567198,2375,2c09a06f41f268816bc09229a7ac608c19baaf1c,3973,23077c11c8025fa9b155c4023264d57047b69c52,
E39460,173A,株式会社ハンモック,S100YEGK,2026-03-31,8712,3bddbcdd723b9a33953e0519da9df3ac7473b3fb,6879,83d53415b8e7c569e6c20d27e5a6130a6d457516,7558,b46e73970a31546df1fcdb58cf31e93b7735ae84,2320,ff2a908eeee6a7733b6933e5ac9f987510c2f950,
E04801,8594,中道リース株式会社,S100XSCO,2025-12-31,5842,50a127209fa3371cd7344f2fb8f9f71f122a298b,2116,27af7de9a1cee454882984b465eed11596430c2a,1533,becc69e9ff0728a25dff29ad13bea504c2e187d7,1687,2e53641cc45ac12c25018f8dad77455d02d5c26e,
E31256,3907,シリコンスタジオ株式会社,S100XNL3,2025-11-30,5090,f0f04ccfe28289b3015b22b2ed8261c1dd394ac7,5172,d76e1586b934319af4179d97f2823ae9a5abd98a,2694,cf7fc8bf4ad999273ae4acba30dd8b04b3017a42,1414,43771475c5fe6095360bdea9ea9927f4175ee2be,
E05211,4308,株式会社Ｊストリーム,S100YH2T,2026-03-31,6405,d491c1380bff89d476f2a3fc1f74fb590829c238,7305,a1fdebc7a59d7a96e3798eb0b4d58fbd4a2a70ee,6346,891223293d529fbc0cf4838c6c200db6f97be3a5,5538,c3d874bf29b5bea219bd0233444585af13dc435b,
E05719,3858,株式会社ユビキタスＡＩ,S100YDYA,2026-03-31,6104,1a3d8948966b30f12240a8563f9f339a15c1a325,3567,30fc06e3a3f6f05fcab6138e364fc353eeabe1d0,3058,1db360314bbbd3c9bdd746b513499b91aadadb20,3987,e96a996e0d76bd75c178868e7f9b003c2438998d,
E05550,2469,ヒビノ株式会社,S100YG1N,2026-03-31,6531,a939f4152048b22767ffd1e6db5a3e72db631ccf,6528,4dfb966ae0545cbedb5038564b7487f377a14190,3235,b40635ccf898754b18ccbd469bdebe7863c506bb,7487,3d34b6c18f6e0457a7b0a5a4f3bc62011370c285,
E05368,2379,ディップ株式会社,S100Y510,2026-02-28,6213,3bebd01c19d753340722da5f10d570c4084b26c2,4050,abd29f51ced1761d484408522427f069c16fe965,4384,ef13c293676c41bc97d1e754dbc8457d4cdccc0c,6376,8c9e28707312f15d386242e4cee9c443a8834da7,
E01984,6748,星和電機株式会社,S100XVH2,2025-12-31,5703,8ae5373bc40f933fd2ef43cd89250f9efdc4423e,4814,15fdf2dcec75f4b259d61b8e36b5af20e590e650,3972,4f732e08f6e4431aee29def3fbf96a005a5499a4,2290,637e75e69d8fe16b3c5acd0a869c83eb05211af6,
E34256,3495,香陵住販株式会社,S100XCMA,2025-09-30,6531,7bc646d0d6b2121123f02959dcd4db665a62fa32,6388,b8d7464fd2edae5b8ee0fa2429be1b0a5065b126,3796,f60869a073d393145c3c22d5ef92978c9acc4f1b,2620,aed37b5e99fde584a6a0fb6a71448ea018fdfa61,
E02551,,東工コーセン株式会社,S100YD0U,2026-03-31,5118,7539a0ca3e645ab90d44fb003ed597d84654b1ae,610,dcedd462b4107479f417a3546ec1c5efaeb402a1,1342,24270f69520ff0123d22d843ba656b02653baf3f,1415,1a6bdec558faa7a9e4fed7b5049e28e4103b2ce4,
E37829,,株式会社リージョナルプラスウイングス,S100YL35,2026-03-31,5663,d58875cdb08c25c817ca88eebac387c008182ac3,4312,da46c87ddf6e311995187dc92c4516ee6cf94cc0,1039,75527ca98997f081a74fdfd34a50649152968b9f,2141,26edcc67f596381f994c03b03889d707dbc0c38b,
E04867,9663,株式会社ナガワ,S100YBEF,2026-03-31,6962,44446edcdba4b5f9657f780a42aa50a10187b4fa,2252,10c0b501fdbd346e1a457180d9d42d1fd86529ed,2339,af46ac1a1010f7a961298350a56ab312cdab8c4e,2619,4c05ef6d6839fe70aa26b033c1d866f7b7fa047d,
E00773,,北海道曹達株式会社,S100XS73,2025-12-31,5423,b260253dc7dbda183704bc14e8e59bac37bb0f64,1934,5419a8fa8c1c14b7185644cc6077f823164bb5b1,1679,a210fa33544da18b64d4db8179ee519d230494f2,3250,4fb2883ade9a81ad156a3cc12f1c096b4cd7bd5d,
E01716,6466,株式会社ＴＶＥ,S100XBK6,2025-09-30,5924,e81006ff62fe87680bdd41e476800c17873a8f17,7095,99b3e920f38fd5814ad6dc3266fadf0e8ce6addd,3921,617b7270ec6a9a4dfd6e837369e7e18e2ba3ffb0,4869,c25531e446ca1b26b5b956721a351c0aafad651a,
E05553,3799,キーウェアソリューションズ株式会社,S100YI9M,2026-03-31,7674,c2da520187174a97e7984b28ba3cb658eb3519a5,4658,a9fe9231f2b6ecf1fb7f4db5fb63fd95761aded3,2052,a5b6aa752f996420c57235e1d343f184cb09ead4,4724,8cb31594717c2b78e7f22eb08ac0e022885d53cb,
E00786,4094,日本化学産業株式会社,S100YH9F,2026-03-31,4255,3e3d5751d31bc41335d0c388652b329dc633f405,1687,bc58f05432fe827fb5b2843f8db260eda2006877,1293,a8cca5c2f84ae4361bf35cfcef0b57f27754ff0e,6838,7d9218cdd4786f09682b3582f8613c3c725f97a0,
E35323,7080,株式会社スポーツフィールド,S100XS6L,2025-12-31,7039,af9b652d589caeaa2479dd6a1cfe6d828aeb86b5,7185,bf9c7e74a17653dc448f19a5efba048240a6f65c,3934,039197b5c67bdf55cd8e6ef034d2f63a9ee731ff,1131,fca3c3a3dcf0374546e22a8b587d3ff760056758,
E33553,3997,株式会社トレードワークス,S100XVCG,2025-12-31,6189,bffb7c289ec44476b1dcc40fed81398ed98e3204,6961,5e38e5d6fece0104712a027cc82233b32e14a1f6,2725,c6b6fbab1cf8154e0a14ed1a841526b3ceea73ec,2968,b3446aaeeeb9b8f620358476be645c98994b984f,
E05028,4718,株式会社早稲田アカデミー,S100YHCO,2026-03-31,7010,af73aba30e39c4a3e171effd42ea627811110403,6274,5116337f1f05212e660f429aeb14f80eebec5603,2778,691cbe4fd2c8a976cd5a2d3bc7948a74a0b54215,2717,02ae68fb2202f82f2aa65846423a59548ce9804b,
E01427,5951,ダイニチ工業株式会社,S100YDWR,2026-03-31,5268,31b49561a145e15719139c7074b601032ad8fc29,3661,731871d8e9ddb13b17fceaf030ffc3e39b23dd38,2019,5a3d969dd5198e225862275fcec6ebabcbecf36d,3137,f0b856b3c2d87c1718e918e78b1a33ea9b594edf,
E01719,6384,株式会社昭和真空,S100YKGJ,2026-03-31,5267,b1edab73b99396e3aa2bdc625797a7cc5b632216,4752,e1fe741de362edb31ee55b428d64f363cba551aa,970,a274c2030fcd016777f11f84f7f4cf8650486722,3390,f15a129dc2af290a53510971606b8667b8d43458,
E00506,2922,株式会社なとり,S100YJ2U,2026-03-31,7074,8a20938cdf7b1f16f08db30c46a8c7450ee93ae9,6021,98691f9f3a0ba8fe150d0f0c7038f99d7c17456c,3146,de9ac274321259db176bb8f93ecafcd106b20aa1,6769,81b9d5e7be3a2c63af46948ebd821681b1b01353,
E02416,5187,クリエートメディック株式会社,S100XUEF,2025-12-31,6328,5f5abfee9c29f4a26b0c0f9c1a49b997a535e22c,4356,33059d94fe1aa5e06b2adf09388e94952528ec37,1202,b8aa7e7a9895233d06cccc5fb921a13302a663db,2626,e419d8ea047cb0b43c7022646bf6d5d3c13c00c7,
E02876,3420,株式会社ケー・エフ・シー,S100YDJU,2026-03-31,10686,a4e6364c69f8a79490bdadc951502972beff4445,4305,e86e53c3ebe702d6731cc8f8322f9716cc9a786a,5104,eb501c7566ca1c2da565e4b54595bcae8449ee1b,1715,8a213052df26b7abe9cfed4ec9cfcf0ee5de87f8,
E03721,,アイフル株式会社,S100YDNT,2026-03-31,20707,1e6b5c46c663987e485479916515b96c6bd3b7a9,5773,45413ec2df545401be5093b4895370cfc3dbcf52,4236,c8adb7814704366ec870ef83678535c2ce5ee17a,1327,d85fbeb752cf5b7564bc2d36e0ff869c310193e4,
E27215,3180,株式会社ビューティガレージ,S100YS74,2026-04-30,5908,f5a492be592562cdab3c92a959661f90dae9ba23,3516,7045e9c036de7095d69833091cd1c6f13fb060a2,1959,fd60872f0606d5ff0d57c93b7a7178b03a4206d5,2813,c591510342f50f65b76bc673d24e17d10f2f6221,
E02373,7981,タカラスタンダード株式会社,S100YE7H,2026-03-31,5244,8b29dae1742e5b320dd25c0f8d2fa9a9a51d79a5,2461,30b4a1a0a8bab2de7606cb3b841293bfba358e85,1585,ae396c5e34bc9686d6cd7f87f06bd28954c60762,5312,39d3a755078b1fd4da1c8563708c39f031c3ec4e,
E01518,6208,株式会社石川製作所,S100YDE9,2026-03-31,3831,3439106c34bfd34d1e730f60437021db41050b20,1503,4c3e53e7c983aa5ac99af2b9c4fc80746b1c039d,234,801a7fbe09ad2a75029f352f5a750c6c6b84585a,1008,17ae7e3bfccb3752a697a25338cabb0b52ebf06f,
E00644,3864,三菱製紙株式会社,S100YJLB,2026-03-31,8050,77be9c180244d575cd05fdcc2c0f37994b1bc2b8,1923,81c21fd08bb9ed7de9c9cb65e4e9e9be46295a50,2158,46b4c5508fb2f2b05747e76c0619e5cd3f665ccc,8555,09a735e77ba7c825e7810fc51305f0cc17700b4d,
E33603,4249,森六株式会社,S100YE00,2026-03-31,6300,6373b44cc81c77791d45982a87b8977da32ffdba,5259,4a322eade705f4dbcf16e98d7fd12e7f1d196183,2735,a0a1721c3aeedf6f057eeff54c4c2f30e41e3279,11703,03065aea3afe3f31fd286f51fa2b6ee639420e99,
E01287,5658,日亜鋼業株式会社,S100YIXZ,2026-03-31,5559,2efb638965c4dd9f4a21edcd289c4ac29c25a45d,1375,2c623f7386de4ec564b8447edf9b9682f61cb2d3,1925,54de4477c1f17cc9b5af1576f2810133e28e00a5,2937,96df8f3a8c90f4bd40b73d607820e14fa32311a4,
E04357,9368,キムラユニティー株式会社,S100YCXZ,2026-03-31,6400,a1dc50d02386e90cd43a1445ff2890b810fd307f,3158,e1a79b88f0bd97afdc5d40c18cc7c883e45fdd44,4753,c15a49b8f6c5def9a4e8706679842ae18e7fd01b,8572,d296e1a71e9a7985b42e7d1347408bb90af68960,
E02248,7208,株式会社カネミツ,S100YE6U,2026-03-31,4387,cfcd60f66a3d0df1b1634623cbca277ca7d2b58d,3159,e87bb195fe0ecf4201428cc3443cc14dd254e03d,1253,4ad333fa017d435aa1a87790d5154f1521b16394,1893,b9fe95dc20aee27a20b59c00a5c0869cafdc7bf8,
E02379,5943,株式会社ノーリツ,S100XUKL,2025-12-31,5419,08c8b0e5faaf719c98284fb3fdea698834682c7c,8071,67d693cf3a8fcf175a0d578a98f7b697ec472478,3173,52a674b29e98f72690b0fdc9c46dce20ad346316,5876,f34bda8ebf1a45d33d4a15277255365f08faedeb,
E05215,4299,株式会社ハイマックス,S100YC5V,2026-03-31,4704,85d52876cf672b5f70acb5bf3c6d0b455d8c810a,2856,877ff8fd3989be4d2c8a1087b1c0e2bb9be35341,3680,b1b3a0eea762ef91f27f6e28babb61824ab9094f,9650,31782739641f7f22e7074434618eb7427ac03539,
E02103,3436,株式会社ＳＵＭＣＯ,S100XRR5,2025-12-31,3919,03d07cc3055eef4c70a46da383659758bc6412c0,11570,e7f73be4dd7bf562cdeb7e48c4020859d2f4536f,1767,6dfab1b86694ebb5b1a2b6163e76684058d07d2c,7364,fc630ef959ff77160f28b44586b6b29ee5c5c1f5,
E31056,3902,メディカル・データ・ビジョン株式会社,S100XSN5,2025-12-31,5375,eba547cadb6f083a89c7a44e2c2a228be283c362,5945,6ce250459f5498ce8d9bd1a11e868755382c41a0,3636,55f88df85d76eddb2ad414196c53e909a25bfec9,7421,63fab2629a109a853192e2b86996b2190c8b6197,
E02403,6412,株式会社平和,S100YM5Z,2026-03-31,7640,17c1762ec63520750ebcb9d9c8d9f76ab7ec9f13,4310,1c462e6ccbe4d33a993839c5bc2b2701f22812f2,926,2ad09aae3604c7648e6dd756ff37de5d68104a6f,9449,1375e4bbfcaa7fc693f605c4d1f071dc2191b223,
E04856,9687,株式会社ＫＳＫ,S100YIFE,2026-03-31,9110,9d3e31be41f2460593faa2be96cff57baee1907a,2380,4803e60222830006be772c2173859d319d3732d7,6267,da1966cfc00a11b57f394aa9af6e974479d0934b,3522,18c915e45aa69edaa802b73e7d2db8315354bcb2,
E00376,2207,株式会社ｍｅｉｔｏ,S100YHY5,2026-03-31,7713,a7f5285506428e39a61d5f513ee427ba2f280de9,2795,f50ad92665a085097370cbb1faeb3c44d8f09d15,2941,db3a6de722d5e461756fa91828631b01bd6fd911,4959,93883088d02996778d7cf90a1d3a36fe0c817b6b,
E00762,4025,多木化学株式会社,S100XS6V,2025-12-31,5762,c603b66dbfcbfd7715e6c142f7d3a74b26edd53f,7230,a1dac50df1d9e6130dccccbadbd917e1163d53c5,3162,3ffe7e3e352f90d6505541f9d4f34d654ced9aa7,7426,8b2f64ccb388622e0e0a025bf7e9d738a6df844b,
E02952,2750,石光商事株式会社,S100YEZP,2026-03-31,7981,eeb76d64b389c663ac83d9153674644a95051033,7994,063c240d4fa8dce37f2d14dcb2386e8d7567954e,9916,ac31a98de4b844d1cd9cf645fb75f8f1c356a745,11157,2c2a20f4cf069073c2a20360b08b8e71421a4e7d,
E04323,9311,アサガミ株式会社,S100YIGL,2026-03-31,4542,81e124807f4135ae30d43533067401d7e73ae0c8,2079,49b8cf9129041f093c541df953273861b7707491,1607,46dd30fb2764d2ff2d850ab5cc39333fe55dcdfa,1898,9bd3b9cae539173c89219e159cda338cec1fdf4a,
E02665,8142,株式会社トーホー,S100Y0S6,2026-01-31,7954,0473b96f86b46c7f9738d222e30de98be27b89b4,3671,c8d586d1772988900d01fb73035a35432f62bae4,5031,d81a4416e139e3ddeed6a72775f2279d66553493,5153,6f67ced233272a1fccc8e018b3efdd292614ef29,
E23224,,株式会社アプラス,S100YJSL,2026-03-31,3850,7e6a4dc715b8b98216f166f6c63702a2d14a84c5,2103,f46297d8fef421402562af58f588ba8241ab79ee,2633,b2547661d2f6c6cf19171848c25e2a32b8ccc1c1,9285,d1fe9390eb2cb3a0e8b61025875c2ed3c52ead7d,
E32420,3542,株式会社ベガコーポレーション,S100YIJ8,2026-03-31,4957,6d96ef0725fdb7f7ae9f74bbc3a4264a59453ea5,4818,bb8ef3510d43c4fd369cf788ce7d08b50ea6df59,2721,601f3e44b8332c9bbbba7a72c79fc58d7b2df865,2919,f7d3791c0f83dea43e8c833361e95ac9f60aeb1b,
E03153,9861,株式会社吉野家ホールディングス,S100Y5NR,2026-02-28,5823,c7db6d02372eb50e7f129b8c6f0152a5047ff3b8,5215,14dc93cc0509b6b088e83ffcb40e06cadafcebf3,3053,d17679687e0d52d59219fcd075df9f1ee4e0eb79,8473,9f211e89929e715afd95a041776c6d4daf562277,
E02735,9882,株式会社イエローハット,S100YC2P,2026-03-31,8371,d20e238d53831d7065ad4c30b9ad010e32a85584,2350,5c2d295802569e1d2d5ff85796008c51981b7586,1557,6e65eac31f72eb5a70ca14e02df94c9069ce5921,4081,58436e3c531f6c7af91245213f477992b0d5bafd,
E00941,4524,森下仁丹株式会社,S100YE3I,2026-03-31,4935,8162bb955fb481078bd6417bc6f4f809fe949d25,1677,60487467c1fcced663574ba83a9f576da95393c5,3411,987149dd58499d2d4889c76020f687626e00efb2,3436,f54d1957218fe0a18dcf9c236aa798730bbcbf72,
E02991,3386,コスモ・バイオ株式会社,S100XRR0,2025-12-31,3653,8516169190fe880391ee139d7ee98fe02ce96d38,1905,f4b979a00b6d8b18237f95febb7f57f6ca0b9bc2,2891,a4c99b0eeccf58a9980dba47b00ba380a4b89a22,1861,e068b6df4297808baf1bbdea67dd00b8db2b1e0e,
E00709,9471,株式会社文溪堂,S100YCYT,2026-03-31,7832,0f7c63e34e04bec75b6bc0fe19cfb0ff854e39bc,1605,346186dcdf8e14534f7d8901308b58d444081e3f,2347,2b66f1aa9c4594db0f017b4c6a41653c79b0e8a9,3306,4cfd42c264b3d955ac4f3c92b7f0af543d470f5f,
E00465,2806,ユタカフーズ株式会社,S100YHEX,2026-03-31,5342,550cccad5ada263934894a1054540a0f68f73416,1971,8cb093f970ba30837a1651c8795a70e065e2f198,1653,b283dcad6faccf2d1a35b6dde2821cbbeac2146d,2155,f4a6b76bbb7b5d7fe0405b6b2ef741edc315da94,
E01798,6848,東亜ディーケーケー株式会社,S100YFF9,2026-03-31,4418,3e461597a6f6518814982a38dced7442595a48a7,3860,b0411a2b656247a14d2e97520b1a0953d919affa,1471,1cc18437e4a927a1dccd80f2bf5b3277c1252047,3961,d0b9132c68b6c536cc4b9041514c78221360bd52,
E34294,7036,株式会社イーエムネットジャパン,S100XVWO,2025-12-31,6461,5687328f9de60061e1b0449b47a2e74729507fa0,5633,451cd49922dedf1c41f69cd85b05a64b8850ae51,3813,ad0f51e6d297310547ef0656243c35ef41db51a4,3074,f47b9ec359253575e0a5344db0d529279090da38,
E02691,8283,株式会社ＰＡＬＴＡＣ,S100YDG4,2026-03-31,4267,cfda54c2346d703c421a41587a70560878bdf879,5715,b4e24d0ce90a6eefaa46888ffc00159d48f440a3,1077,135e69d35f3a10f6604ad519211275c308aaf988,6009,a76a2d55019fc032ae550b194c6134676cfc24e3,
E01373,5923,高田機工株式会社,S100YI9L,2026-03-31,5753,05200334b2afa84a5a78a10e9e1fb7155327a88a,3101,553893dde4f2fdf2269639cb2f3083326b258dc7,2702,6e530cfcc910dce7070d659e9ed59e8f31687935,3184,7b47c2a149e91d75496dcc75165292bde8bb3528,
E02169,,トーハツ株式会社,S100YHG9,2026-03-31,5751,1b99b7fea8cdca78486d840f6e892c8f85155a0b,1344,2404953b4ce3c91dbea8cdbfe09b173991fbf1e1,448,b8f392be62a11eec1f9801ca88bc232f6892cee9,1937,7834c43482ec287d7e0fd9aa4f9eae38f5db1132,
E37573,5032,ＡＮＹＣＯＬＯＲ株式会社,S100YSEA,2026-04-30,4628,0ae57d6f916700f853af4dbc4c8d91bb5d6d4e65,8097,156317c0e2d5d49dd58fe363265cdf6b0f845292,7444,b0d259bbfcee07fc3bac9b6617f37f60eb2d279c,1894,d507b200e2cc49ee60c7a5d060fd05a578d93b95,
E33794,6568,神戸天然物化学株式会社,S100YACF,2026-03-31,5913,098021d2bc3c2a26927fb06e798a16ff16ad9c8f,6419,8d6476c6173478e69f8305f58139277e7fb6912d,2178,0dd71af2d2448a6097059a426b4b68e40a4e5960,4003,07558a9678c4565bea28e650ed79eebb6121d93a,
E01107,5189,櫻護謨株式会社,S100YIQ8,2026-03-31,6914,f003f699fe5399e89acef2a779c440834fa75c03,2110,f6d210a059eda46765b07826be8e2440de77affc,1037,4f15dd15c62df5c72af849a03e5d049028bdf4d9,2166,61b07b3d5de83e8a1a9a7e169ae9e6787f0516be,
E04213,9369,株式会社キユーソー流通システム,S100XMO8,2025-11-30,5338,736b12a7f4d4be32ed1b8afa82391eb68147a49d,3772,296ae3e997272bb42b100781bef9d53041db7737,1510,ba6e97a883c5fc2eb162fbc1acee89abb71ad65c,4680,5fa251b8e8a903d43108c11f5aad233190b610f6,
E01008,4212,積水樹脂株式会社,S100YIY2,2026-03-31,5922,9c05f35bcbb6ede8aeb026d5154a95b2deeb28cd,2158,3c5cf0871db4e414480b6c6ada1241b4e59e1e6f,2320,410955d7926d2b4d26099066eefd508281b3c59e,4008,f5e182f8c570f4fb19ccdc63fe3d49dbb03d1e40,
E00787,4093,東邦アセチレン株式会社,S100YL3N,2026-03-31,6431,19be1a9e310350eb6699cab1d6850b32bb862ef2,4658,16459f4098e5c69febbc8ab9b210db6f5736c764,2442,10895646a5dc23a5b7d47bcc2e5b901c3cd562e8,2427,49adb438c053659ac1acb7ab1ad821954839461d,
E32801,6539,株式会社ＭＳ－Ｊａｐａｎ,S100YEG1,2026-03-31,6791,4b91043eeca8cdaebdef31fa482f4e1a7a1fc3e3,2973,a360647c04de2dc9bc0b73afa1ee7b9910d495d6,5545,930c20e77ac43707f3d06d61fc909818d6846f63,3352,d0fe6a3b22b7e165e5e48a7d4f40853c33351f2b,
E00781,4097,高圧ガス工業株式会社,S100YHRU,2026-03-31,7492,b7a3429509d96b7147eb448715dfce63bc436814,3621,a08d1dbf86ffc4491d99ec1c37b7b4e47bdf9ec3,4137,4ce7b7b34a6e6600683cda599218beaa349b4ea4,1820,87198d55de7d8a3d149d368653579f2941063851,
E22049,2186,ソーバル株式会社,S100Y5RH,2026-02-28,5417,148326c47d9ce68205509ab39489c2bbcf0746ba,4136,475567568997f9de2a9572e4ca31497c95a71aa4,2063,847529f46ecad7bdba42b1b4f2e868bc037bf2e4,1593,1a4012efd3d321c3925b7b8c398f7193ca14536f,
E00603,8111,株式会社ゴールドウイン,S100YGJI,2026-03-31,7264,24b8ec0bc8a6b4056c39b71a754c9e31e6651f0c,2271,c82358e7c6981b01fd85e30b900f369e2ee055c5,2190,598b5aceac4e01ec20fa884d7b5c948e2f1e4b88,6928,58378b20e0cb43a303c96a570670319b5dbb4312,
E00995,7971,東リ株式会社,S100YB1Q,2026-03-31,7629,86189e30da5ec712a186c8f6f3c0c679810531d5,2899,a871359f72ffa1eac408d47d3743d96be090313e,3423,f9c3cc3fadf6fcae509176d70e3c3212172db010,4328,9227ca5bc0b9e8b404815ea18a727072031cf5db,
E01677,6279,株式会社瑞光,S100Y3PF,2026-02-20,6796,4675271f4b95b283d5336e79ef404952f6e66e1b,1736,6f02cd3b21a3424b2aa6c2fa3edb940b66500b05,2378,10a0ed0462b84a208d570a6f9451a5ffa171853f,2920,99ba285bb3b3c084861d857f39c9d09df68ddf04,
E01815,6804,ホシデン株式会社,S100YI0D,2026-03-31,4849,5b15e8074b45cf92464120412452740c50802ee9,2725,aa7eaa21a23a93895d46bef6b36f87cf71823f60,3177,23bcfcb088ba5c4b70c19488588fbbd1ba0eb02a,6455,c36583d6d4dbb54d102fbabed03ba7479fd80414,
E33515,6558,クックビズ株式会社,S100XNDX,2025-11-30,5594,3e7a1d28f0e7b489c7db27951accf3ede61c4379,9623,2eb4c48350ee343e704d947a55dc7ff38c152c0b,3092,58153d7cc9faf0339aadea8c8c8317e3ead0bb47,3337,b8a3d6b9b4a7d9b775806bac38b8aee87e680301,
E04800,9761,東海リース株式会社,S100YJ2Z,2026-03-31,3976,e6358edd36cc7a3ecf8c3dde1594a414fc048ad1,1173,bb9e1716afa4c4099d5ae171dcf0c47528d1e5be,622,b4711c215d805171052dd411346dd77fd20f18ff,2302,30b9e1d9488bc814c63be5b4c685e7d663b3e242,
E02092,6668,株式会社アドテックプラズマテクノロジー,S100X6VA,2025-08-31,5219,3ddd7cc26a439b8c97e65bc4d57e7083c316c91b,3037,baec78f6a7a717fa0ef48b788a50b5a0225079e3,2005,15afebca8a372f769655ff74927b0ea498961bb9,1817,ce3a2082ffc18563119a26799efc29c08e810620,
E04884,9647,株式会社協和コンサルタンツ,S100XMZO,2025-11-30,3288,12c08901d7213d999f16bf49b68b163dd84cab29,855,0399ef00f095a9397f61dd8d6b697b5b7d365002,1593,d66b728f36acd57a2e206d1192c9ff03783e198a,1604,37c1790806c9b5870c5001e0b6e1d48d153db04f,
E03235,7419,株式会社ノジマ,S100YAOT,2026-03-31,10114,84a221d52f87d8cf784854a2b1ba57faa2a096fc,4836,8b4de57098498ebc27bf020f42fc135a57c6f2ef,1718,05c37820673a15dd400ef496519b6713704f51f3,10342,bf1e3a336d97e3b62ed7e7b353d7abc4d0df1b6c,
E01296,5697,株式会社サンユウ,S100YGAZ,2026-03-31,5904,931febe3a881fde9d014abbe39a50df5cc790936,2290,33382364e2f9e6d0581ecb3d2c4367a2fc01d75b,2302,2c6a4d46104085424261605eb30a69da4a2aad7e,2084,bb968e5245a5cbd8731e2b029bc73c14910906f6,
E01445,5941,株式会社　中西製作所,S100YJT1,2026-03-31,5607,8b1e68828639ea44bc8ccf4b72eb43f552c67ae9,1996,7d6a58c7126ab7e4b4e40354b846cded755f6156,1485,2fbd9d835810689bbf0095d71ff90922b4881707,5192,2e8f133803ccad94e43c61491d0a3e0471ba6516,
E01166,5237,株式会社ノザワ,S100YK4Z,2026-03-31,6641,7206df7587c59f7f8e5b4b1a3a9fd7a132bd6c54,4972,9ed0d3d7f01f9c06b33d33d90889a3b737b20b68,2518,96ad16c58b503936eaa7adf01b33d400f20123ab,5057,1391a3cd63c4da5e148365d623dfa0929641111f,
E05494,3776,株式会社ブロードバンドタワー,S100WZGB,2025-12-31,6976,0fdd0742f67e57866daa7ca0ec9e475c620fd398,5530,985d3ec9e6efeaff9f7a0a7a43ab2415aed91067,3796,a434a0aab87e5dad3bc836e0647c80b68e3cb092,4381,64da027401a8b607c6a00088ec8f36c1802b6530,
E02334,7717,株式会社ブイ・テクノロジー,S100YITH,2026-03-31,5105,6221be1468ea91c73d56527476bb2b5876fea2b9,2529,28e75c24e8e448d4692750933edd83abed94d0fe,3514,13c5d5f6be2fa01ec3de7d2f96d61bb086411ce4,1955,247ac3af3f79df9aebeec7a65a3fef0fe96657f9,
E31614,1431,株式会社Ｌｉｂ　Ｗｏｒｋ,S100WQNU,2025-06-30,5517,354211de15c84e28f5d1405180cbc5678ac99526,5300,f6e61b6207727aedebd3560b5f6e8d2f313859af,3325,8735b2c2970351d5ca21959ab7939c2ad66a7772,4603,3045b59131a9481985fe6099e540e4df881d9e26,
E01819,6771,池上通信機株式会社,S100YGW1,2026-03-31,5848,e39cd07964a024acfbe36b792c4e6f90c1c00486,1927,3169ff384444400684b22f47ee9f219918623592,3212,6b63ab0ffa903fff10a9181599c31fed47fa87d4,2042,32707f554a9728c1d2fd52d49c9bea40164e4280,
E00891,4611,大日本塗料株式会社,S100YHL6,2026-03-31,7051,3ef9ec58c0ca49805d1929fa415ed9f9d877b452,4839,88121222377bfe5cbdc4507f1f7df3582b64003a,3475,183bfbf7283fc622411874d18d0060baa96d0d5b,11798,08ecdf8d4d53a9ea026a90e3e74a845332fefb16,
E02398,7962,株式会社キングジム,S100WOZY,2025-06-20,8495,0a01535b406c8bf3af548b1815816ad6ca9fbf47,4057,3a3758c5d8da312566b11212be7914983c0c9894,2656,a66171f2950958814e324a6b883917386eca4de9,5110,db7cf82341f11489d534e834c08e06d0fc62ceff,
E02357,7774,株式会社ジャパン・ティッシュエンジニアリング,S100YDBW,2026-03-31,7910,e712a3b7ef869b781cb07840b60b1f1c614624db,1630,1896dd772fd76698a2ee72cf0ebd46a38aa67cab,4048,f5cb1d5933c1755453ebf8de4fb9d4d42ad44dfc,3306,5fba0903402665c421c6cc4041367325e63dafee,
E01113,5185,株式会社フコク,S100YG75,2026-03-31,7176,0f8ea97d47e5ace2185c641acef37cd39a490cef,3245,b30a81591c6b3d857a1037be25932daaf4fc05e2,2966,24649de51af39116665c2caab4727bde2d3dadac,7160,0f94ce8c99674b8d14573918220df211b4d07ea3,
E30126,1429,株式会社日本アクア,S100XUQB,2025-12-31,7631,04c9ed725bae24d795925e7d7c875856b7edca22,4957,b4fda724c68f3c4f73f26953575dd6d7ef86f0c3,1036,2eb8cffb32fccc6b312dd957bc3cb6dbc565b68f,3157,21b021eddbdbf51084c450453bd9448021a6b3a1,
E00528,3106,倉敷紡績株式会社,S100YIYE,2026-03-31,6500,088801331ca5c8f51c179ed94159eace583984ab,4392,c5a07cb8cceca2afbb0300d72cae2b065ee457bb,4352,f76222a018d54b5f44f0258ae18543783dbd72b5,6052,a84b6e965ed880a1fedebf3969e3abb6e4ad33f5,
E30481,6740,株式会社ジャパンディスプレイ,S100YH91,2026-03-31,4763,0a2e3f7e79f1e8e404e59aa6becc8f821a0fba1d,12397,0b46efc1516a10a8ba8fc311db1265798f47851f,3263,5712a71a6745142d4301188fb06464be541df3fd,7836,f70b92112f06a9c264fe6d199cafe994d529419e,
E05149,2491,バリューコマース株式会社,S100XU5J,2025-12-31,5691,669e7c43c255c16aede4816169494a91ce17c803,2892,5fa6abb3df934cf92db68e6cbb62377f4630bf98,2251,382948710d0fbd63d79580c8fb3f9b1029b6eb49,1981,fff7387137bd9bbcf5fb0dd12a3b43a4fe874161,
E01649,6496,株式会社中北製作所,S100WLJD,2025-05-31,5527,bde086ace80e830fa3d0b16e5273158f6065f868,1620,4e4680f277d654e70fdeeb2803085f50fc4e323d,1395,0a012d11f4dbfa79cc39d672221e01fd8a12a6b9,2173,3d68cbbcfe5dc363832b5b44ebd71a9e8a65ec73,
E05088,4772,株式会社ＳＭ　ＥＮＴＥＲＴＡＩＮＭＥＮＴ　ＪＡＰＡＮ,S100XTT0,2025-12-31,7268,807b9ae207228ed8253e7d93e6d7e9600eb1a0b2,7317,8f007a414c6129a530ef22cf8da882c1318bd711,2860,90b586d92e3477711595b09aeb12cc7e630f67c9,4029,cedb70ac0d76baabc3dfc304934eed4c524c3182,
E05267,4345,株式会社シーティーエス,S100YDWN,2026-03-31,7689,3a7de875302cf371526c4085c2f784ed69e7575b,1818,a2cd36474a6b78b28f0db5d696bb0f7d550383d0,3129,bf91b988773b3fe30f629612cde36d6af4f44b25,4753,239deb9ed4afd846363ff1987a4bfc6ae6921d86,
E37482,5125,株式会社ファインズ,S100WS33,2025-06-30,6324,f66ac83f12e4e38357740963c493432baf984462,5813,4c938a24fdda278fb84ce9d48245659ac508eb43,2272,13ad9479fc7a6b1d0c54b54fa6bca9974fdb043d,1038,48adb5439d53ae50d97e017c65a38550137d32df,
E03321,7616,株式会社　コロワイド,S100YG3O,2026-03-31,7931,25ca33889118130fe1d87cb283a1e829f481519b,3382,3bd0a47b8dee76300fe7a7bf480cafb717588d0c,1214,e03ac24e6411c66d35395b14c3708c4646c5fe3a,3995,f2fa4f26221eb225704ba6d2d61d86a98e39064e,
E05291,2307,株式会社クロスキャット,S100YJU2,2026-03-31,5816,f24fcb6be1b76c45ab340d33a80118e259997444,2160,6a7e503e3651dc74b05f896a697f17b9eaf9a802,3509,05e0b44eb3efe77d760a9b122ab16d0d67a366d8,3195,018c52f26ac9356787b378744cd17b2c69ab5cad,
E35941,4011,株式会社ヘッドウォータース,S100XUSL,2025-12-31,7097,992b4f8e19b4d0e7d564b5de8c81be5ea9f04a0d,3147,75f07bcbd1ef2ec3ca73625e2c6ec8fb24afd21f,2931,6789a5797a786c778c88800d4f2d2c68450eca93,2513,f0a02e1a7ee76ae72bf1494cc1f47c491d33f92e,
E02521,8016,株式会社オンワードホールディングス,S100Y6J6,2026-02-28,4668,521714b5e16a5714a31bf535e5e34f11b574cc8f,2662,75b372c8356a6bd5f8cb7bab62cf15ddf5072f77,2076,51fd6c21e811733a763b00f2c19664e460f5be5f,4976,934786285b3f03e9166ce944391abe019ec3990a,
E00287,1758,太洋基礎工業株式会社,S100Y01F,2026-01-31,3704,ea857498f695e02eb11de321d064cb25af03e68f,1381,17c8d9a00bae0d05595f85cff342249cfafc0574,1959,46ca4eec45614eabffd3af75f702da7ad5efe3fb,1642,8b84b2184774df8346e271710433014bd0e50e39,
E01563,6310,井関農機株式会社,S100XTT5,2025-12-31,3601,c76ac45ba7663403ea12b2a2164b0d19ddf4ab31,8338,9540997a90b8e42f4f60e6fa8544cc18f6217562,3692,83718eae0bcc80aee527c233d99a9aa67a867241,3978,efcd5c55997fa8ae7f2f2e856dd41031df2a27eb,
E05123,4784,ＧＭＯインターネット株式会社,S100XRMD,2025-12-31,7284,2e201474d6ff4689badf57f5281ed4bff1ff3fbd,11455,166669d02eedaae589cfec9987efe5e71aa01250,4004,cbf3a104644252782acf8d43525a8123c57fac1b,4645,7ea89d7d4253d956069967da539c76affceace7d,
E05047,8876,株式会社リログループ,S100YE6Y,2026-03-31,4248,503a07b76f773c4b1ccda7319406a5e1950d8899,6103,bc9e1c676fee24afdddafd1c406f2979416a385f,6041,b4a3b90e0c1306ba4d8008274ffb68276b2de458,11970,d4e9b780cff07200bc40042ac885d4f3664f65a7,
E33839,9450,株式会社ファイバーゲート,S100WQ94,2025-06-30,6088,04bf25701962f264a1f5d247c7832b63a898ab4e,8470,f62275d20c7f56654ab37844f75c2048f83f8679,3098,5318b7a5f23bc9b27f495ef48252896cf012e127,4879,9fd61b9d9a6cd656c9cd572094b94ef5231aa770,
E34470,7670,オーウエル株式会社,S100YFWA,2026-03-31,4975,1c34f3af175177863eb8fc307ed5c36ef9b273ec,3273,790fea218f994a02b690d62df03a36adc3ad7290,3352,51fee2a76a12448aa04950babcafe6f85bcc5bf4,1862,e6a6c30ed8314b6fe06526760b02ef6b0d77bbda,
E01053,7856,萩原工業株式会社,S100XHSU,2025-10-31,4535,9dcd757443a67d384acb9dc7d11936f4f7645242,2557,06be89eadae7f19eaff346f1fac95efad1c2b8f2,1814,02700e8a515375799685b70bfaddcc37c6a0d254,5064,18ca0b809ee23a94e8f4156f7bad5d0f0a8a472a,
E00668,3947,ダイナパック株式会社,S100XT1X,2025-12-31,6190,828fa230cb1b741fe876a54f49bc3d993fbf7f3f,1723,93e7492e928cac7f2b91e104dc0b0a621cff5e31,1633,3db69e36467d01dee536c60c787038aa84bf2a22,3149,f491ecca30e455c0facaf9452abe3acd74debd3c,
E27394,3674,株式会社オークファン,S100XDE3,2025-09-30,7833,c9911607ce0090872e59bb553eec0d8469f9bf28,7356,0140a87857807a624d384be6ba4ac580c17c818c,2913,e3d7fbad4ff936152c80953f3ad285ef5eaaad71,1559,e070324da63ffc64c5757a40e1d22d276c1f34d7,
E35497,5368,日本インシュレーション株式会社,S100YG71,2026-03-31,6265,393dd8deb3f888666c89e56490074c583bf5d428,5605,fa54757b3dd9648dafa8f331760dd85c20fe42a9,4979,b9c8d357e995562643dbfc64098e4e93966485ab,5927,c906bb12e7066d8ce0ee410137165643125ffb97,
E00906,4120,スガイ化学工業株式会社,S100YBHZ,2026-03-31,4263,9efd1b03e2e3cfc65eddffab48a68be49ae02f27,2574,55e184022f972e3e634824c0a4eb1687096cfb28,1480,ffeadb5886ebfd83d6ca6ffc98ae7127d6564090,2381,253a394d0460abf5e47be8b0c60097ee42f4db6c,
E01683,6488,株式会社ヨシタケ,S100YDUY,2026-03-31,5798,dde0a168007597e220744e20bdc6e25636d552b0,1228,4f9889394e42bf1890e8496810d2e5a1581f24d5,1984,16571448a84fbcc621b7f948348d5fca449ab543,1801,974c0d3fc07547718d64ca05fbc38be9eb7ce1c3,
E00591,3580,小松マテーレ株式会社,S100YHIR,2026-03-31,6873,61633d6118b127f581bdee12a53b3361f583daba,1887,1e1ba21654750093ae366b12702e70a9bdf4e30a,1454,c488982368f937e6a598a570b81fc051e4c73321,3968,9184cc52af2edd44b5bcc5f443e932de5f0d0082,
E00374,2211,株式会社不二家,S100XS9W,2025-12-31,7156,a1fdbccebf2aac5505bd0f9bd0b15d047610f950,2621,0f25b2def3d1dd2e3c817ca1ae42f28c5f7053ad,2764,58a47d8e1839683ecae065718559bd0e7e2485d5,12181,e0924902aa334e993d4d48cf45481ed25d270983,
E03520,3093,株式会社トレジャー・ファクトリー,S100Y644,2026-02-28,6374,76e5296dbed781f50b6d7a54f32491c92425d0af,5418,92214befd6c2cd0867c76dedf6b9c823c6a57499,2912,177cf74fcb36cb9ffda052e562671ed321d264fa,2972,213099416247323f0f304d8f4b6b6c128e468c99,
E00277,1770,藤田エンジニアリング株式会社,S100YGU7,2026-03-31,4041,0d3babe6098df9bb3b01da43ddd0ccd2f1274a6f,2173,c008bce3e226b168b38e21da761897fcd6d8b7a6,1406,22a592281f6667a48e1199a38f3e5787eeaa7888,2097,1806c35c7ce61d0330db878a84ac9b34e8b42861,
E23465,7819,粧美堂株式会社,S100XAKV,2025-09-30,9323,49fc8788d0db0123d2d6cafdad27bd93498cd615,2916,0c95a100d28210462896b1a637cbedfa69531030,1518,63d87833d9791ee3de562027615845bf1c4cff75,1387,63376e3c9e9c17950b8aeab74ce215454d7c9e8b,
E01315,5464,モリ工業株式会社,S100YEUF,2026-03-31,4333,93dd225a10815a96c5feac6b053c6e9282c48fb8,2022,449344e90c9f3f2a490b0e5f3329da6214691de7,2378,a1e1e18241f44d78fef8f7d83204f242fd124531,3805,c02acf9a2fd401da9f6e2ca47ed936547d39add6,
E01926,6997,日本ケミコン株式会社,S100YL3Z,2026-03-31,3735,b81dfdb52b3aa3a8bd701f6404bb44ff13eeb201,5431,4bd5fe477986fc558a9dcae7b45851f69ab515ec,2123,ea7500f03887f10c364c3ccf8e3dc47bce96e192,9072,dbe364b1655be42aecaa30db35d3030c651d6817,
E01659,5946,株式会社長府製作所,S100XRH4,2025-12-31,4109,0e0f6d4248eaeaea8be1fc803c438b14dd66f79e,1823,8c650394b1e8bed53be375279e48628b2352fd3d,1101,e4f9ed70fdd2b7b75eb101a7e7d3a2d6143d93b2,2756,d1fe62d535b482f5c8a257e79ba1331c2827c7c2,
E00443,2286,林兼産業株式会社,S100YJI4,2026-03-31,6294,bb419972b42c3350c582bc7122cfa48a08a1e8b0,2418,57945b4ea37e6ccb5b5cdc64361c0beebb3dd3b0,2076,b0a0909a3bf62c10a41d0d4ad91246adf29aa168,2356,222e8dc6d91273529c9aae313b14296a52afd00b,
E01782,6763,帝国通信工業株式会社,S100YDZX,2026-03-31,5721,1500ae9e835dbb55ec1200b9fd02d3f9fa4b96e6,2981,40c5e33ed981dfede8c5b612950a6c30f6bb7a21,4389,6338fa55aead846b9c227c2b3108a4ec08861ebe,10795,01e0b51f4df0a212a69cec3d85a38d0e8c951b29,
E32855,3976,株式会社シャノン,S100XV3B,2025-12-31,6086,fea6a9b3456ad3100e49048d698fa09154e363de,2343,8a173c447676325ccba10089858e26580241ac28,2402,d1fa882a92342f5435e605aabcbe1b8c8263ca8e,3986,3fe633ac7e0bcbc23c08d3cd44bd1cb26182ec31,
E05691,2152,幼児活動研究会株式会社,S100YD0S,2026-03-31,4350,0858bc8b30a7f8de88f45f04a17a2448c733d398,3868,5e0873b6d065098bb2ee7edbc56de1d740e4a868,2971,eb73f20a9b7ad5c58ee02501ecc3ef92f5986ca8,3386,c6ad710f353b96e4feb233965a2145c5c18d42f8,
E01684,6286,靜甲株式会社,S100YHL2,2026-03-31,7930,8c5f7edbcafd0e9e5e61df94edf27fa6778fb33d,1961,c263a99ccb102a4746c02b68abd3aec842dee423,3200,c08e040beed6110b5c1013651ce5c0f88eb7f2a9,1762,83880a108b9db7dafb40918357a0b3ab42a2f267,
E05262,4341,西菱電機株式会社,S100YFFX,2026-03-31,4931,61e2241fe903e1e2913490caa2586a6cf82e5454,2362,847f27139f3b4c8ee3c45b321975bc16d208d14b,3674,89546d7e287fe28a3b132f1e0065b85944541e5d,4220,1e2770c9f0c158a7cfa5236ba8e7f5d4e70a283f,
E01993,6918,株式会社アバールデータ,S100Y38P,2026-03-31,7714,c98679a9ca0306fd530f34d3dd84bc4f07f69e51,2118,e0e248e7f695e61f92651c4cc53aebd4ee6404f8,2766,5a7b6157d75d0cc34ff8b522fc59506937c3939f,6901,e4c20817256481cc7cf79e7ee300d1e5be56c1e8,
E03406,2764,株式会社ひらまつ,S100YL5S,2026-03-31,6527,5d684f66a49c44739857bf3a354e84b7ccefdde9,1808,402ba7e1b943bdb40bf31b2d3375c778ecc91a6e,4317,6432c24b5a7f8cf756e00edf4d4b9d661943e746,7156,ec51142732aaaff16f5a1576707723c0b9426c4c,
E05075,4752,株式会社　昭和システムエンジニアリング,S100YE2I,2026-03-31,5035,14cf4f585b06c7f5f59e1ee26a5c853675f7c371,1377,6a44d928a15bae79999cc73091c9f8120ce7fb21,2033,2e1fb1ff19fe9412b343d138271294ca264a65bc,1492,6a548560658bf8a21495cd3dc06c3c77606ceb3d,
E02850,7504,株式会社高速,S100YEIF,2026-03-31,3788,4dbcd8c51de20484ff9372963b9019e7f98f6765,1749,8723bee1ddf48c72dd4b060fd1621b139c84204d,1220,db7dc18e06b1dd60bac1928b1800b92a368f590a,3062,57d4b81aa984624e1780d2b485721b16766c77a7,
E04815,9753,アイエックス・ナレッジ株式会社,S100YIII,2026-03-31,5468,dd3b16eefcd42d9633e82fe672c73169f0794cd5,2711,f746b5cfb14488a922b76223239053bc8931fd84,1993,b136659a2f729ef883e28632132175b70e7b834c,4349,b3d27939c137993e0bc3166d7edb44405c3728a8,
E36134,7366,株式会社ＬＩＴＡＬＩＣＯ,S100YDDX,2026-03-31,5897,74364d9ebb496424f14e757aaac634e7b6c3e246,6272,e46da8e23f1b2de55ab4c9cd5dc2716a3ab5bc83,2519,ba2dac6eb457857a9fe0f462d819a00c19466137,3421,822e8765c145bd3db73e48fff731281643c4255e,
E05533,2461,株式会社ファンコミュニケーションズ,S100XRYY,2025-12-31,5914,242340993c398ec0c4ea16727daaa9a9580792de,6379,4b8775bc9e28f3420f205252593757efb7db9d1b,4209,32bcfa5f331eafd8566ec5efbdbea3f3bc62b6db,1403,90a4b3b2b4c99cc77694eca0b190968391324d5e,
E03648,,株式会社静岡中央銀行,S100YFGS,2026-03-31,10497,139413164f97ef9fee071d0a6de00c5c87457e4a,1935,25e70d1975f992fddb73bff483b69e5e4d2d70a9,1475,bea9cfa17fe71bd6a4ea552ed67e0211454b05e9,4235,48fa823e51ef31751012a84e9469b17ecfaa6f67,
E01364,5918,瀧上工業株式会社,S100YJYC,2026-03-31,8037,2569c7876e12e8f666534485fa2c30569961942c,1027,8f851da8f28fdaeea0a0b6b39373f41ac0224564,4256,e7641c938be9e93d775f87ee64cd3baa3fabeb58,5112,d15dd0a03330c19ec38365eaca2d89e02e2c4055,
E04954,4641,株式会社アルプス技研,S100XTGN,2025-12-31,5202,705e41e36349ae75c61f56c26dcb4b4920a16633,1310,6de7763827d3ba143d808844e71e05fb38cf6874,4262,5cc9734c9bfafe7a4e56a127ff7815c9dae0abf5,2943,4a39ac28088aea94741570f32732e0e1bbd6ba85,
E38007,9564,株式会社ＦＣＥ,S100XDAL,2025-09-30,5934,71b92bc34c17d3d436f175d60ed8e42e79689313,6488,b068d8e124676ee7838ecf52e141082696b1da5d,5536,68690e36003638482a13a65ee79d1031999a6c39,1430,3182d4ff9e688048caf79c114242c19bc27ea477,
E00777,4064,日本カーバイド工業株式会社,S100YJLD,2026-03-31,4986,f85886eb82f98731649236186cfe22ceb124b498,3653,b6be463535eb4d8e12f020f93a4d28f7ff0036d1,2133,697f3058996078570e276594b5ca2dd716d4891c,10903,61de8a29d5f50fa3a1fc874408b24f12329c710f,
E37743,366A,ウェルネス・コミュニケーションズ株式会社,S100YKON,2026-03-31,7119,bad8eb34b0c4c9f8b3e7b03c0b17e2b3917edfd7,10277,d291410269fa1350bec5e4a81e7d3cd26e584b02,8014,293d406ce809bb53d8ceacee115e0cd0e997c6a4,2501,1ec10e25a65a0b4ffd4442e37a644a512e4a5938,
E33037,3562,株式会社Ｎｏ．１,S100Y62C,2026-02-28,6083,3bbee1a52c85b195f459d5dd86d5f681a82878f1,8377,fe96780b7738f6f1dd469a26b6977c7d0c67a01c,5695,89869267e22d75afb0d15a9b91c434519d90c485,4561,70a7ce8078ba9eaa90e725e5463f05457d20e6aa,
E02566,8030,中央魚類株式会社,S100YL2H,2026-03-31,5295,9d9b84625195b3ab35355c5a82c0750e61649a0b,2685,aad4684614fc28f87227e45387c266e6d0fafaaa,1877,6115645fcd3896eea5213e05f9642cbe1a6602a4,1734,d7356233d38a7fd2c9241cee595f5b600b4ed00e,
E33928,6578,株式会社コレックホールディングス,S100Y78X,2026-02-28,5770,8a6ed7a60e8b5766adb67d64282d9aa30622f821,4453,c45617e8d49acc975f71ee241a9117674e12723a,1403,18a469b291db40856282329bb0e9c1fb261572c4,11015,c77ddcc139f7e7a3cc88d161d2aaed05ae03be64,
E02435,7885,タカノ株式会社,S100YITM,2026-03-31,7756,9f9fe715048562721a530f520506163badbd330c,5367,a51abb2ebcc45441957c25ef6ae092d34457e8c6,2104,d102e2f71cb52637e2e0af53a8d7dee17f0ad96b,2125,c301c72f0ed9d7f1c76390c8f68dd2bd1956e0c3,
E31979,3465,ケイアイスター不動産株式会社,S100YIZP,2026-03-31,3797,4c760f7418e7c29a84462c53cc5bb53fa0e67634,2642,bc3d2de6093f10f1f70e734572ba493d84a43e17,1482,40612fad11a23ed94abddbac8a6fb4279ed4a11c,3222,ecb39a6ad42beb8ab64ef65ade3e61ceb6f4e143,
E02223,7297,株式会社カーメイト,S100YKN6,2026-03-31,4735,16c6d4dc4444c21e5eea4656941fa30a871f26f7,2555,feb67bb1da714c91b8a1e76afd47803972f0224d,1252,9b3b75b1f252aad10e60ee403e0c1b3be0095520,1145,f6a1df9ecc12a2c56ec7ae161fa7239c3a6c8862,
E35562,7094,株式会社ＮｅｘＴｏｎｅ,S100YHNA,2026-03-31,6799,fea0709dbb8c582529d3cd870bfc5c8e054112a2,3521,a17eaa9e591212eb41110bce351575d1e0c0eaa0,3244,0e8939b5a9a88812cfbe1413965976090ff7d19d,2732,df9dac2f075d80dabe1fc82398ebe80be0e1571f,
E00660,3880,大王製紙株式会社,S100YJ8D,2026-03-31,5844,e71332a57149d1f9002ba241d8371e3ad1b23615,4488,86e201d3e2d23b63d13f13418bfd5cfa68e073f6,4393,a4e50579959ff5be53f187f0cf163d9ceb3c714a,14204,b32c8d6fed26868b4d8b89949c2ab12f78f0891c,
E33232,3986,株式会社ビーブレイクシステムズ,S100WR2U,2025-06-30,3574,19f9b9cd253242cce303ca22bee7c9d008c1b6a7,4811,c8842686eb2af883e9c16056dd87de3f5a72bbd2,1490,8f253dc1007171a6726b32eb8a1d310f74d5135d,1434,f1a634c968f351149b29250fca7fba0d3323e5ed,
E37157,4125,三和油化工業株式会社,S100YEHE,2026-03-31,6976,270d3876b155413b71edc97b6dc73566807800f8,5679,697be07961e0a39ddf33da90698b29bc76eda2e2,4477,84cedf56f1041d75f9f0d073d4c0607bc0131b89,7027,dac9fd8ec23c97796aaeffa8be72232d4446ba34,
E02002,7931,未来工業株式会社,S100YBKG,2026-03-20,6241,dadc722c9dbee84add6cc360701adb5e6831f68b,2710,0f5e9d51fa540fe14cdbc50174bd5a6512ff0f51,1153,45c949fd86795a4c705c7460ac14354573752663,4760,47498047a6e53ec6ffaa3df2cf5bf36f508de8db,
E02229,7212,株式会社エフテック,S100YHFG,2026-03-31,5152,6b71968d0552181623a81e669d4237681fbe5db1,3780,5f3f9604e4da6d16ce61811ea6b19d300a89926c,3702,35bb67dbcbf65978aea7c36e7dfae4b7f70ab638,7289,3b6197cba454d4c1dfbdb0b5026cab983b3e3cee,
E03318,7611,株式会社ハイデイ日高,S100Y64B,2026-02-28,7059,822b8e697c66fc68187bb408bc69ce744c90d3a7,3667,208fbfbecdcca92157c34c14b1d72c45b179f4de,4354,036722462e0a42734fb628e6e3729ae6d679e82e,4651,8b938c641a4828ef4dde8716b1a1ec1f99b3d567,
E04521,9535,広島ガス株式会社,S100YEHM,2026-03-31,6637,d77cf8d9ab4c22693980dd6be3f7b0bf13fe685b,4710,86891b048febbbf0312af297f15be87614b96682,2222,949a804723255a57a7f2d09a13cfc2b0c26d9f0f,8695,1fc046750121bd412c55447f1acb0fb23e599dd9,
E37979,9561,株式会社グラッドキューブ,S100XV2A,2025-12-31,4244,23a12483fc82908508b63b9f271b4a207af9d771,15108,855bd92a840fdb507cdfa8f17d74cb5ccbf44d0d,4261,aa65fa9fa8746fc9bae4e7b6e7809ca4a6ec86b3,2380,5a941d10646840898b62ae8d5b9c4982402e5b6a,
E01425,5939,株式会社大谷工業,S100YKRJ,2026-03-31,4725,019badb68fa587f652bd8af39918f0ac38c204fa,1869,f53799aab3810aeac6a63a2ccb7228c236fad6f6,1207,4f3ae01546567830e4d133c3ce5a9caf86f74ee4,1848,a600e5d3760148101923d8b8fcdec732010ad1ae,
E02718,9867,ソレキア株式会社,S100YKQM,2026-03-31,6220,f26221d89dc7c0bd4ad13b7159900ac943af9728,3285,855eb79b6dcf4ec6cdc82836f92faca29ec4b0ca,2120,cf964939521128e59acac27543a95a9020ff0cb0,1724,7c467b7961d009e398d8026d736aab370e84464c,
E03227,9994,株式会社やまや,S100YIXT,2026-03-31,4987,f0ea4e2fa72416597f566ff3ec90fff2d9dc9704,3394,a25b0703882c9c3e2662c28ad6edfd316e659b39,3714,7b5e0201601df68ab46aa088419c0137998dce15,4005,4711095ef95e4e356d5a3c76269b5274a2c9750f,
E35004,7803,株式会社ブシロード,S100WQQH,2025-06-30,4489,83fd5e0eec1bbc66454debefa16ccdfa6b5f5963,3528,fed886efb7e4a9ad2f6a3616ff941cb34a08a9e2,3234,65266c2b0dadc854bbfa1a3cb3c13e6e45eccaee,2014,68fd7cadbdb80b7884b692eb3fcd7641e3f92f27,
E04707,4661,株式会社オリエンタルランド,S100YCJX,2026-03-31,6024,58ad65591290bbed6f6d83ff4e50187060a7bd1e,7653,7d56383fc9293b6068076de1b673364a7c95ca85,4050,4a39feddb31469087a8412f88b75fa5aad76a987,15514,c35e88dea5e5cd120a9abdd950c83d44fe5775f3,
E04899,9625,株式会社セレスポ,S100YF00,2026-03-31,3150,acc637836b407876e2df9ee9f3ae6e88d4d6088e,1146,d6521501daaf0bd8e2229c05a2dd82cd772aa338,690,8eee94566828df847f71b9099ef9db3d996f67ee,1728,b877e03723528d471ee3a286c0410a2dd3f85ced,
E04539,9708,株式会社帝国ホテル,S100YF3V,2026-03-31,6542,6af596d5cae5b12b5e5e820a40c3854661f6152f,5310,d0ce64c14c0a912715bb534e8270c490aa2c830a,1996,3cec5bf525b2d9152d14644ac57f6eeea169dab7,3070,36bb087c9a7e4f2844cad25fedc61a9009670f76,
E05545,3788,ＧＭＯグローバルサイン・ホールディングス株式会社,S100XREJ,2025-12-31,7061,b3fa63e0cc88a33c8232623cb1ebcdaf043f66ce,11521,05c30ce1f80597d40fc5bd4ab3dc4fe5a2256196,3933,461c36cb171ee7fbdcadc90cf473b345f9d64e10,4596,705ece6bde69e28cfa6865f7c9dfc02c44d50997,
E02870,7551,株式会社ウェッズ,S100YFMB,2026-03-31,2700,7a3162d07547b0f88b3928de8524a951be1a5deb,3039,2312f971b6d3bc9511fb07e5547bf780e6a6c304,5163,1ba3d16c306bbcab2dc0cd45649f05ade8eaffb5,1995,65c0f9c2304ce3476c1e5a3ee15b40907c2609d2,
E34508,7048,ベルトラ株式会社,S100XSV4,2025-12-31,6441,270ef43d15108e18c9292d465ffc1daac86c2627,3980,cd4c915c6313ad8af635d0b1de8f7469ca302049,3577,50be87b32eae01718fdece6d97ef0e2dffbb1e3e,4861,7679660099a60cb8ab1255eec0bc17e7cc155239,
E00030,3315,日本コークス工業株式会社,S100YK1Z,2026-03-31,5568,61ccc99ffc9a430d5ec6c9cbcaa309719e736d12,2364,21618166bb1278bcd7e8db2de82489ce1812bb1e,2852,872cd9c6b0f654252e3a409a90c5a83ad8776385,1470,ad688407bf3a260297e4961fd47d5059cc044fa3,
E02245,3434,株式会社アルファ,S100YGLQ,2026-03-31,9701,ad79e46f3ad66feed91f4b32a8d4e5ad8013bfb5,3510,32265c3b24e6a19150cecdc5c96aa15e6fbb261b,2603,c0d368130f16b578295cfcb3b370761e82827e93,3138,1255ceec2c1a997935902dcc3e92417cb4404a26,
E02584,8089,ナイス株式会社,S100YI3N,2026-03-31,6131,542f8648794d029626004bc0047be35edeab6164,8052,0de03ace3bb58768b030ce46e228dc2b8a006b58,2526,a7d7c4716bdc5e46be230f26f4cb1f5fecbf1ab0,13028,2627c427712cceebcc49146fe9c2c8f4f2896620,
E01438,5988,株式会社パイオラックス,S100YDNF,2026-03-31,7443,b57a33f4df9eb2123c6d9efbd6ec37ce9e90d1ca,4274,a0ba779da6a24495f67d983488a8383994cd2698,2759,6c308324e8e31de81d76edf1b6b9a40cc4edd405,9026,c695358bd9a666c8bc066ae099be81f737b500b4,
E36661,4199,ワンダープラネット株式会社,S100X6FE,2025-08-31,5584,90eae0923783c0e7c99c841e190bbe88a7af1d5f,7792,579c509039ebd76aa6d2159b14ff122c4ad244e8,3516,5a37eabf66bc53d7d4047ebb3e53449c107afb7f,1582,3cc78b65b74f7b261d0f7c306d77435ad71fec54,
E00572,3513,イチカワ株式会社,S100YE5G,2026-03-31,5380,43647054b15e981d6eddc8bf76c6f6f17c682e17,2413,c646b7139ac5f5585b720f4457153b2d7743c97a,1851,e3a1d3336413c80a10b29f2f6db6a6fc38d10d64,8114,442d02eb78c161dd65cf4adc08a0dc95f5c44538,
E04130,,北陸鉄道株式会社,S100YMR2,2026-03-31,5861,ec413b6db9983dbbd5d6b8f5ae14b1d78b107393,1285,10ba7f5eec0b88d31898f1e9584bdb087f67e5ce,1750,5001c234c7a52f51c55366864fb040bce5bcdbda,2201,86e8790e7ad7626629ca2af1fd40015a3418093b,
E02227,7271,株式会社安永,S100YFR1,2026-03-31,4247,363f76067f02ee04b2c02108202dd23a9bdf8710,3272,1b73b8dfa5cf2662605500256d54b61baa6150bb,1649,1a4a0738fb6d31f5ad73586ff836fa181e075546,2754,bff5f785a6f083f9b1bc2634ea161d917abba263,
E00834,4221,大倉工業株式会社,S100XSNI,2025-12-31,4543,aea2060af47308bb0bf7af477d444a8d984151bb,1757,d2168960f4143a9cf72b407e473884c8e4b857dd,1676,1212abb3ef62ef55151e1e83c5fd17e908978a30,5898,8b257f22b966fb337cd7e966d570f41e278caab7,
E02244,,株式会社山田製作所,S100YDVP,2026-03-31,4563,7210f48fd4d84690fe050813416ebfbfdc4e9644,4440,366816d71141493584852fbc67e216316cb4ecd8,1260,2c05db4eb7aa2d100d50213ba4e23cb73d954faf,1645,eaafa7eabe5b001cc26859e7983ba8cc513142c0,
E05679,3839,株式会社ＯＤＫソリューションズ,S100YHN8,2026-03-31,6180,2df07fb9597279b7ef76d24797d1d311233c3321,3035,418868010377522e5d60af5d1a3b3a58ab336a15,3151,96e78c4a58c9d905a50e8d138ccb5f599a5b4a84,1041,629954d9091c72ce392e107f69578e7a344b1d06,
E02871,7555,株式会社大田花き,S100YLK4,2026-03-31,3386,9c7c126abe5fc5cae1b373d9c8d5c02c83f0d67d,1534,d2666657d614e061ff315a3d492af76057d65c6e,1959,ed730549f40711299626383df7a786ddb418ce1f,1240,2cdb419bbad059b52276eb5d1a2aeea7da96027b,
E02011,7435,株式会社ナ・デックス,S100YSCT,2026-04-30,7822,968d1c03ae0abb51b12228b3f1a7219dc716c4fa,3091,4c1dbea2c345abdd78695d18438b06f45cb1db7a,1449,17031c21058a71620c77dfbeed42250f8c7e03a3,4075,5fa7bdb90706c386626ba6b3fac7f1f8bc6f3c1b,
E01504,6143,株式会社ソディック,S100XUQM,2025-12-31,5818,862540c1dbb44fea974d0ef05ab0a26f355df254,9377,80f8520d6bd4ce06bd1f0777ff769ec752de3b94,2421,2e07dcb8dc327e867f28f0464b0ce80dc8e7183d,4467,fdcfb15c65b79c38f89f95ba7afb6f51947cee01,
E04519,9537,北陸瓦斯株式会社,S100YIW6,2026-03-31,5700,c84b6adebc4fdf71af225673d67253c97d8652d1,5103,3660f6c17b1ab8f5e9b953ce03ee8194aaf80ca7,1702,a875b73e1a8f67d7f45eb773691f20266e407864,2329,14c9bde73824b698f779350c26eacfd4f02d5d14,
E35334,7686,株式会社ひとまいる,S100YIAO,2026-03-31,3642,fb2feaec20ea365ce6695125d483ecd907c09f4c,4075,70edeeae6b703f05eb9fb528154646e75ec22e84,3521,3a2b6ca73c641d3c25a5c4bcf6bcccf0c04d85bd,12233,c9a82c950e6b7ff8c2ff1932b287ff14b118b223,
E02833,7472,株式会社鳥羽洋行,S100YC9S,2026-03-31,4746,dd38491bb8ad057316e3cd1cf240c1ac9d9980e7,2278,8e575946128328148a74229b8079ad05625327ce,1639,662d432ec1389af2248dd1d9e5c1e39198dd3b97,4580,9b2f40a1582bd980a5a1f662b400c08f1a9ecde7,
E35504,4492,株式会社ゼネテック,S100YJQM,2026-03-31,9085,d28372009b03be59dd68ba8031b4a1d5031ee00d,4259,9ad8c619e2da34928b1c1754fce7d469065c6925,2471,8b02a17c0cbea7c994a79a1678482f598e276b94,2130,bdf1ac5546befc18e36043ebd3deede3ce45245f,
E38849,9330,株式会社揚羽,S100XCV7,2025-09-30,6748,7e8b4ccbc2e4fe16a0361f5bd0e476c19fe99d25,7120,615ab062786990ebba2402feaf746af9648bd65f,4362,e2d93b4b7a0c0df815a411ebc57fd207eb7ff668,1086,66dee6a7e7ba574512f7ceb06768c3f2093d894a,
E02824,7458,株式会社第一興商,S100YK39,2026-03-31,8117,fd4b5c23fce5544e180ccf261fed0a613c4391dd,8674,1ab3c4355441debf052c900bad712a02379c14f1,1701,9f6bb0b9cae81775340f25cc9f87bccd8ea6faba,6065,384e5351744d71695a85e20e20353c06bedbcabe,
E05310,2332,株式会社クエスト,S100YAQJ,2026-03-31,4679,8bf4973db9540367614108967c43e3d3fb99bc42,1101,233feedf63c630fd556f3fed4d76bdca66dd654b,2660,a3235e2aa04feb6ced44b0e0820ac8eae1201fe2,9983,68d334bf940d08822f02c1f37c987462d14a18b0,
E34053,7030,株式会社スプリックス,S100XCTM,2025-09-30,5126,e24f31cc5426f243c16689578b4e96802df28949,3311,b0ded9cfb77e3615bbbee16394b46099ebadbd62,3264,0b15f4db5b7e6b534b416087c8b3ffb421071e06,2072,71233ba3d5a12e902c6d1b83e357622ad2f465a4,
E38906,9170,成友興業株式会社,S100XB94,2025-09-30,6114,30a60c97302bea3d53b11ad0ddd9684365995b9e,16576,b35424e46502a6217446ded9cd524c98fea2c160,4968,3bc926c7dd7776ca3462c7d793c89255db6e0458,1639,ea4a1697a8b2a0f20ee4fcbea3720d10e3eda0fd,
E30164,,株式会社日本能率協会マネジメントセンター,S100WRZV,2025-06-30,6070,62fb029b607f42599ab38b90289124f22a1f44d3,8630,276ad149b6901d976749208382a1990c00d44ad5,3064,7d54f8fe7261ed1afbd55c5594018020262ed164,2686,a78358b18c9c29e1c081ddd3868e407a6a0a5286,
E03375,2695,くら寿司株式会社,S100XHP5,2025-10-31,5761,fe12c5bd17f146fec724f15b4abb46420872eaab,3278,38f65775f031c3ec77a9650f596eda3090acb671,2468,6e647c441d392be5bb9951a465e33bab353a9ff5,2594,0b074154566fe9eeddfd1b84f344038579a366cb,
E03953,8860,フジ住宅株式会社,S100YB7Y,2026-03-31,13276,8ba175a5a1571610244f585803129c5261633ff5,6625,44bb6c07601bc76af875d1b4afdb5e7408480e6f,8400,8450c8f654de6cdb4930950e0d557030de78b20d,3089,3524a61a4d5cc20aeffceb46d1beaada0ab0e312,
E05101,4769,株式会社ＩＣ,S100XBNE,2025-09-30,6166,c4815792fedf65c43c7663f59ffdfd95c008ca42,1534,dbfa1dc88f8e053fcfcc881989307e75610ebc80,1518,73888f53b6fb88e277d175514abccd82425d48a5,2925,4de08a6c357b3761d7af0156431afd8811294c10,
E36098,6229,株式会社オーケーエム,S100YHR0,2026-03-31,4598,35b5b8e53770c45c5265b39faaf81335f629b99b,2959,ed2fc3474f9f3ef75738c5d3c5eae0abacff6df4,1642,d267ba2a3eff46828b73da31df867579228aaab3,2121,ebe9cbb9c85193d610f64e88fe6b3fe9d60774ef,
E02383,7980,株式会社　重松製作所,S100YKGZ,2026-03-31,5935,d57a5679c51fe989eea4b7e54e5ace6d16ebbd0f,744,e970223e0497f0981640add831e5f05074746bc6,1237,19f081f63232ee7fb7ef54ea15b4ece7f86875c7,1180,6204f4e56e72085413bec4a71dd6f0d23559f5da,
E01493,6125,株式会社岡本工作機械製作所,S100YKCW,2026-03-31,5626,f22179a3f66a60028a66e7ff40927d3a9c9b39ca,2040,e85ca8aef1224437d1f024dce8324255a2e21b56,2482,35a68319dfefcb1258e1651c90ffec438d0408d5,3405,62b8b0bde85002f8387e287ed547b922beb27d4d,
E02722,9872,北恵株式会社,S100XM1D,2025-11-20,7374,561c8397df0b4acd720316dcc594fbe6e2807f3e,1688,7fd9c85e9fed221a47d9ebd93a3da37bbc521afe,1673,f406ff1c26fa38c07b94529bdd303b7c5a27e0b5,3692,9a5ed363c9bc72534a54e8492a44aa5508cce99f,
E01688,5953,昭和鉄工株式会社,S100YE8F,2026-03-31,4731,d57c928fb224afd803ac1c2276ddfcfb248fb698,1491,489f1cbca3a553b116ee0c4926bbd0d86f9613ec,2242,d924cc9f380402cf35443a70f8e95b66c057bfd1,3016,ef2d4dc9c6c9876f96f303785489c5f4b5e461e8,
E01748,6623,愛知電機株式会社,S100YHJY,2026-03-31,3776,5a77f8dc1364325f93454b71dd6db401c4f3e784,3386,32c996a401933fcb72bc2173a0bfabe92d905a03,587,8c22b059feb631f62dfdffc4482282b31356b7db,3104,0eb9025b79a0bf5b99846d2c77f59f5bec007678,
E02039,6874,協立電機株式会社,S100WQ31,2025-06-30,4922,002edc839d9ece10978f51d3ca42baa4b3823ca3,766,ab14a5e9a8c57de2c57fc4f456b649bdc1d2dcdf,4063,d4e4d4323ce481a2947fa30f230bfdfdc7fd08ca,1476,696cd60e8ba003f10542dddca87a96bfe3f0a1f7,
E01052,4234,株式会社サンエー化研,S100YK61,2026-03-31,5600,5d2b95648a675f860a908fcd68246258fbd3c85b,2639,aa0906bfd9645e61b0f0d9e9636e0576a7c82380,3576,46e863fde2b64d73e0e032a34259e8d986ec6e8e,2424,1c912a17702943b9d4507545227f3704a5bbccb6,
E35959,4012,株式会社アクシス,S100XS04,2025-12-31,6118,bc971a4874c39678d17b797ff6b72ff50debe923,4086,6fd40c176bbeb1358f2f8563898105f320cef070,2905,5a2998a609211c007901f923315641185eb6ce60,2272,56da80455d2e87bd03b1bc6e379bb3bf38a5b556,
E03517,3091,株式会社ブロンコビリー,S100XT8X,2025-12-31,4248,74bd80d8781461d7d860ccc8e6c00896b996719b,4784,819c251c51211f8c273e18a7c54c8bdd2230bff0,1801,f148311939c48b190ca451dc78573ac4b20ed368,1301,a11580d694bf6c678c7b87258c1245724c927805,
E24392,3639,株式会社ボルテージ,S100WRYE,2025-06-30,5791,f088100368cbbe57fb091662c6bb0e4989f0d6b1,5213,cdfd85cb05653940feaed118dac894656fff9c5f,2900,06d0f8733885d895d5e467beb93682784b9533b7,1304,bfe6141ab2fe860eaae6dcbc37284e784e6cfe8b,
E01672,6489,前澤工業株式会社,S100WKXB,2025-05-31,3858,0e9b9e4d8eede37156e9a6a91c016f01a18ab009,1135,a23b4bcc96191b28a786d775d90ca54428aebf4d,1227,52523dd9de2b9d357ad9342cbf9e33b885f41cd4,3038,ca07cc8df6902faaf2a3f8f8c6bfd275b6a6cb00,
E00829,7871,フクビ化学工業株式会社,S100YCP7,2026-03-31,9067,fed4b6aba3fb729f029f4e20965401b57a2aefb5,1818,7d1e66db0f44a8b243df9d0b7a2577d909bffba9,2629,942a04740926cdad8b8a7594f95d0801261e3221,5557,e68569f890c9899494cd9564031e4319cca45dc7,
E02203,7278,株式会社エクセディ,S100YBAF,2026-03-31,5521,e656c3f19e7151bdaaf44c15c2abe56400d2a144,5297,9a94c2ae007f12bc9c9a0254034098403a11ab58,2842,397a3dc93a8e54953817e21c64d04e47a83b95b7,4955,af01e1f9447482eb1d4e9bdd432ee432de1f64ee,
E00887,4463,日華化学株式会社,S100XTLN,2025-12-31,4327,29e6a25d20ccc15c3d98eba5ca542c00999656dc,4455,4b3ea980469848c5f5d73efe11851a1fb72269de,1579,49291912fa33f1932d2080103d0baf87dc5fa809,9463,29f923436aeec95c3f764ce3330a7a791947a95b,
E00996,3551,ダイニック株式会社,S100YFSH,2026-03-31,6759,5f426abf76887afbbc9fca5fb0bb5ca026c595b8,2650,a437ab9bd05081134d57e49113561957ed4025b8,3126,df06264f386a8b0e7df15932f16dfef66efc6630,1723,19a7a92dd34e2a38ece5898c8a5417ba3ae9393c,
E01439,5983,イワブチ株式会社,S100YHYU,2026-03-31,4276,097b10879e57d6c42025e89ba1e6c7f47f7a4794,3980,c6e825ce6560c7fc49ba40af72ebdf794dead073,3396,6d9904d6be231f5c108986781e946ccbb8ffd9d3,3184,2b8d343c2c5e74cee1cb8be9f394b789963df043,
E01096,5142,アキレス株式会社,S100YJF9,2026-03-31,10104,0fb37dfc0f9b2b2cc2acb1961abd3c41587e9b01,2225,93e3ca3421832259c346fbb5fb732c1fb219820d,1800,64944144a58a25d1c67dfd12765b83edf2bf3444,5201,1ce77469212931c80658d76591005ed6f28a74bb,
E00649,3877,中越パルプ工業株式会社,S100YJ03,2026-03-31,5685,0bc3a5bc06ad302759341a90fa64412c6388aceb,1378,83db8b88b3efec37ee147f6d8cccb90e51f929da,3215,2bc80adf0c9c7f9d98a47e5705a309f1c8140a9a,5679,7671aa49ceeae3afe3c2ead2970731b233d09b20,
E05163,4826,株式会社ＣＩＪ,S100WOO0,2025-06-30,6613,c1e2c0bc0bd4fa4250f2cfe91872a2838c85d5d2,2300,0526d90ef743d46452eb9f6b3a923cd342c83f51,2733,d2f78ae436450b74b69ea9735f6d4445b05335ba,5887,af7a3e7d5966f9e22e16adcaedcdecc40058baa0,
E02855,7521,株式会社ムサシ,S100YHDE,2026-03-31,5361,0ad6088be465a61b0a93906603636b17903e23cc,3823,98d719f31593a74711456d3d6116b8a5e6d9dab6,2664,b7aa0a34def6e592dbf88d8f9350f9d6865ed5c4,1487,9aafd6e1e9f7803904d233ff03a0a65694e22fa3,
E04353,9366,株式会社サンリツ,S100YFGT,2026-03-31,5730,07d8c891d38ceaceed49bf87bedb07fae034e7d6,1626,6d7dd239ce024cf54be17f10ec0994c6771dba5e,1145,a77f439ff90bd13c9c036b84cb179529d0620616,4420,3d0e81343a571430faae1646d8ea8f7a6115b014,
E00008,1379,ホクト株式会社,S100YKAZ,2026-03-31,8096,ef97aea91105aac2ba3541222913d4962a03bd03,2530,261dfa16b7fe880649401f69b33528b4ead4e98b,2423,ed41c20f83bfffe1766f5d2ef0c4b01aa4e49943,5422,05ad8c20adc7eb7d08b9532a09fc4431ed2b3ecd,
E02007,6654,不二電機工業株式会社,S100XZWO,2026-01-31,4530,8d03fe226fe44528530e293a27138ee38cbd40ba,2861,5f4d61c0bab8afba7df9099497b4c9b9543de585,1731,75d249e7e4c07111330bc45e5112d53dccb5255e,2063,59c5efc67f60870ff3896312bd8a6ee8e679cbb3,
E05514,2454,株式会社オールアバウト,S100YFW5,2026-03-31,4950,6f983f9729033e744d1ae88e0747c725f36d5446,10530,fde6f32200a69d04c9d9572a0c7255297af0e303,4270,092781ee21313a9bed10a55780299d78b80234ef,4852,4611e12890678837a051cc29f7f6e845c6e3a272,
E02214,7287,日本精機株式会社,S100YHIT,2026-03-31,5009,cf3c830c4dd32e6e88cf234846ea8fadabe8f878,5019,42cba62ed04cb49fd2340b521896defc90bf72c6,3764,67f4405a8e360cb7b442d63e922b7a9eeccc90f6,6975,a0f33bbc2c266d70bb7684584e27674bf5a24d7e,
E00645,3865,北越コーポレーション株式会社,S100YITB,2026-03-31,9001,d220912ab8ed61daac674ee67374ec20618d9d49,4364,adaa86f0d195fc0c379965c287bc3e84fbbc32b8,3837,6b7fe887d04b1a937658894632815270f049e532,8743,39d49db48e1e0433824a07bdad8ad1fdbc8bd63a,
E03634,8551,株式会社　北日本銀行,S100Y8FP,2026-03-31,11425,01da662ef60b2bfd843e562601147e8e6b2575b2,5579,d4fb96ad91a15b80e729b6f5f8004b39631be87d,1440,573187fdad78508784fd03102b0719861c7eaf06,11174,aa3c4fe72c194b309900d2cbea3260f141b68288,
E04878,6197,株式会社ソラスト,S100YGQU,2026-03-31,4574,aa37710d4d248cc3144f3501ba82176483ec681f,6327,12ff7e47287e94afb6a796b70f853bb892eb343c,1574,c41506a4e6325c5c9013316403eb9aad9759bb19,6031,eae4f4b7db8fabcaae34530444d9f74faaad3919,
E00953,4538,扶桑薬品工業株式会社,S100YHSC,2026-03-31,5139,5efa22b19aad85d5bc6846145a9bccd78393da6b,3086,0cd9c6c02cd2b3324fd3b9d4552ea6f2e94fd609,2548,bc9c2d9e8f0a868a39f6f27995b07139cfe890ef,4602,702dbfd2543042989f525767960fd2b0f6fe2076,
E25283,3649,株式会社ファインデックス,S100XTNK,2025-12-31,7816,8b2ab10559acdde424d3c8d938ca3029fba6d036,2766,b2d03dc961dd0b2ad137926a40126f9ed2fe0414,3378,29fc7fec5ec6b76f0d0e722c0ed2f11d4460f320,5289,d145ea518e4a287dd1623ee28245fc374e564894,
E05307,2329,株式会社東北新社,S100YKO9,2026-03-31,4340,f32cfa6fb40ee25a2a15df213b8d10d23318e096,8706,80fadfc131a5cccd617a5b3f29cfe8619d991149,2271,834f196106bd84d539f1c56234f54acddc3a91ac,3364,f91ca7a5b4b9c3a264d8e32fc58fcb8d4cf56bd2,
E02216,7291,日本プラスト株式会社,S100YHRY,2026-03-31,5311,42c3a44ac0d3f9633687edadcacf40ee6042c9b7,5334,7b4fc76620f9a6da4ca975a2e95bbcd78d0c230a,3258,7000c73e943c19eb567f18c8dfb1adce14d44e21,4056,4688c0ffa83fbbd2870643a8a38dee6228b61fb1,
E01974,6943,ＮＫＫスイッチズ株式会社,S100YJBX,2026-03-31,6371,0e213a820861bf17a728880ddb5154632e0615f4,1810,91425cde068b20b67febca86374bfcea30ee46be,1405,28568c530c9d72afb6dafad95d2c4fccc656c4ee,2343,1ecedcaa255b2e8bf74b4502d0d71c9fd910396c,
E04224,2384,ＳＢＳホールディングス株式会社,S100XSXL,2025-12-31,4259,8cff73ffc23cc6277b464079acf55702db3247fd,4167,579d77477ac501044aa7f4ae5116938cc9fba547,2754,cf6d1854b36d3119a80592da70d6e66b78c33f5b,10217,589dd7abce6ed86d49e8cbc26042ce41f0e0ccac,
E05322,2349,株式会社エヌアイデイ,S100YK0N,2026-03-31,5253,4b75c4e8a22e0b196b7b59e47b1963a69fcb2eff,3816,64625242753ad65df28d0ddd7cba7e01668bf521,2814,3fa9689fcb2c8a74048ff92623d010c5ceda4095,1105,0433e4c12d159fdfc0ecf7d8d55d68737b4d16ed,
E32682,1438,株式会社岐阜造園,S100XCY4,2025-09-30,6055,8a2f7ce1080c4c62653d591e62a65d77d17d144c,1845,115cdb4f307b70b78074728f3b12b9246957a38b,6467,54e5fa52d595dedc3c985b576bd1b3f0ea0085f0,1810,8bbed9d7b0b320af2c89ac258246ae0d47a57a33,
E01897,6706,電気興業株式会社,S100YH6S,2026-03-31,12130,486047e33b5e0db93cc00edf1ec090448d8616b7,5284,79f293d715790a26ebf34560dcc8589d0467812d,5304,b5e0e0e7bc4911ea2c690b66dd7e90cd92e3ca8a,9651,86b8ccfedd6e9700dc087da8e714549f51b2697b,
E36859,4264,株式会社セキュア,S100XTNP,2025-12-31,6389,861433e65a548f45b56298505b52f0f9d6a47775,6722,e31162b7fa3f2f65effad942fe0ce0689eb954c2,4099,deda0f32fa7d3b2dd87d742a4677bf8c17c7f380,2352,89e96b713a778c2f609e444add072afdfd79906e,
E00342,2292,エスフーズ株式会社,S100Y5H5,2026-02-28,7803,005dbc7e860734f0d2e58705be6ab0a9a89007b8,1154,9690e01879ff065342506a65930c26a79942eb19,2148,1855a0bdaf0e0cbd2a9ce8a6309a081c0be7f227,3424,2aad66fd2c1119df6d5970e8d6a43cdddad70e96,
E36078,7357,株式会社ジオコード,S100Y7GV,2026-02-28,6445,2f1acebb19b6c7fbbb58072519bcb45097a37129,4895,ab8d448c2d7f03eeacfb484205ce6548917f824b,3117,140fea1815158ff43e45b3f9eeadd0b5c1147833,1676,09e22cd9ae7eebf62d16d7f0c2eb5451bc92412d,
E01764,6637,寺崎電気産業株式会社,S100YKLJ,2026-03-31,6715,17943565e8d0dd517068db1189271022cc27f823,3109,660e18411e5c24e0b7d71633f3ff080f99acb10b,2712,0f1449a969f4091910adbc5f414aad0ea39d56d3,1987,83248b2152df85a28c03bdd5233dff4bb7c2b08c,
E33633,6566,株式会社要興業,S100YFRW,2026-03-31,6472,0715e4d608032a3cba1413d40cc54d8a49d4cf5e,7637,610591e7ea28f55c942bc4fae06909b0264447a5,6067,0789030b55e5234d02422c51df15779dccf05467,6353,0f1af0d0fd530c218b0c65f360fb83641edb5a87,
E05309,2331,ＡＬＳＯＫ株式会社,S100Y7EC,2026-03-31,16302,a414b12910fe0dd14fb43795827d000c7f8bd847,6890,6e2a3d527cd0e6cadd87dc8306db63fa874a9eb1,3249,8d34fd82d1aa91cc7e3aae235843935d1a7a0338,9739,083f30dd9f104c149db9b7024c60c956dcd3ec35,
E02058,6785,株式会社鈴木,S100WQD6,2025-06-30,5224,a555d62b5afe459d71d1488882b7b38a02a59876,2469,3d917654f394920bd3210815870fd7ff7cf1af8f,1362,2bc1a0e6a3afc1f72a9c51b2da003c1af892a59b,4225,5f90477606a450ab581042a969dbad428752c76e,
E05611,2493,イーサポートリンク株式会社,S100XNBS,2025-11-30,6739,d77d46ed773f143c2ad1d617074ac100874e5a55,2961,265ec7f1650dbf2b882831bc82554e9851ba05bd,1986,627a56a07a33813c7053a91f66ae2f48e37d056c,1737,39537884ac5f5c14aed84c35aa0222f7f8d3dc02,
E01742,6505,東洋電機製造株式会社,S100WL6X,2025-05-31,3886,94763fda86718fe4c7c48b11affb138b6e34c27d,6636,f1927a4af04e45f981157afb226172ff9328b6b1,2634,86e83dfa17a257a2af26f01cd84d3e979fac0240,5767,ec169517f437f8660ca75bf952fab6c02eb62698,
E03398,2753,株式会社　あみやき亭,S100Y9U0,2026-03-31,5942,04e1eff0ed7d5d74e4d074a47fbed31be1619f5f,4167,ccfa99b19d8aab431d2cec5559e65a631cb4e9d4,3144,50089f41119c8df2f7b8c3fc857ba1ba79aec189,3580,e0ca0d34826336065a4decfec7a4a0a9b86145ed,
E03567,8362,株式会社福井銀行,S100YFJC,2026-03-31,13088,a4884da86babf3b7a7a9e5f32129baaef2cf3029,9179,f68dd7dfef733c905ddf3dd9a1770d5432dc1ce2,2576,5f0036157bc545f7ab281bb79bf0af712ac1a1c7,16693,a00d9318fd9104474d7a7efc73c6c077b79b1856,
E04326,9355,株式会社リンコーコーポレーション,S100YHZP,2026-03-31,10229,3aeecc29c1bb8e92058b345dad1c5649723d83aa,2592,ecc1513ff0207ba2b7089599893a0b2549b54d04,4014,85b174edf4448deaa9c99817055ea9f1324d55e0,4250,468d8f53a9be7f91caa280c7faf353b03a155271,
E00315,1718,美樹工業株式会社,S100XTPB,2025-12-31,7959,05572fc4b89f7611b5fa78f0f9cd4499a91ca789,1014,6f044038505f48a53ec1f0c5911615a0aebfacc4,1463,875de5303f3c838dc402d114e412e4025b6cc822,2040,a5d051848d832904e69710e07c45de831bb3751e,
E01454,6469,株式会社　放電精密加工研究所,S100Y5TC,2026-02-28,8630,e5ee7ab7912037a21b09abe0e7b1356e7c094b2b,3272,3ad0b45f530ca86b6d2581406d71605b0546a076,1481,28fb07cd788ab6ed5a7c10b8ce7fc9923ec4e4b8,3290,13ad143c8d5c5c80d2e5287ce7a716493202e4d0,
E33009,6546,フルテック株式会社,S100XURA,2025-12-31,6616,79e0ae6eb9fe90f2d9264e391d973896d9ab7752,2841,ae4fc225c4810ebb4e83ebb47f3c6a82d430015c,1415,73d75e2c6240603ea985c12f67f46829c8785964,1791,39475ff3fd696c1400097f133f226378eb2d657e,
E01583,6390,株式会社加藤製作所,S100YG4R,2026-03-31,8149,0ed0dab6afd73c8093f9fe905757c2c8131c7bae,5540,342ac60cf259fbfeaa7de3f4c2251afa2b6135ba,2596,5effccba4470dd2a78d45a42e3f343ef29dd5a4c,3064,53707dfeaea299c15a31c19d5580e174c3ee0b60,
E31030,6028,テクノプロ・ホールディングス株式会社,S100WRK2,2025-06-30,5955,3d3f9267f2fa08f02fcf831bd8866646f9e77f0e,9688,99057fd91afa552c52a844d0befb1d658c0e1297,4938,9c02e3e1119f951ee60bde6298d3c317d21f5c55,7598,c5c439f17e5c69d74b94655a26c05490bbb2986b,
E05326,1724,シンクレイヤ株式会社,S100XT97,2025-12-31,4479,47b26e61d633bbc25859c32c52c9f5991cfd2e75,5443,7af31b71ab05c5174d60eef7e3289ac8bff7bfa7,2189,71e8e4fc907e4d1523c277bea0088e5d4afc7add,2256,be940a55cbf553d324dc5a6c01392e7ee21c6bb4,
E22042,2185,株式会社シイエム・シイ,S100X9E8,2025-09-30,4195,d85e04d66b666696ce69adf339277cfb9e81dc3d,2603,0527ffd8f84a87e632f5f6882f58c821bf982b8f,1573,76282bf38fe0f39ddc2a9ecfba14577a13da79f9,2140,905ee3e887412e73fd19f87e2b8fde544ef82626,
E05524,2464,株式会社ＡｏｂａーＢＢＴ,S100YE51,2026-03-31,6914,ce716a35a9095a736fbcfdc60b73de6a53d0645d,7519,2d0989f621659547e36d6b40fe36bed44c7d7ffe,6320,da5903720235db51f216fcc441fdb28160da9066,7439,8dda4c7dfb8c6a4632d3f9021d47fb558450d386,
E01606,,旭精工株式会社,S100YH13,2026-03-31,3065,21ee64050d56821b4bc0af29dc382f504e7aa2f4,1623,f0e2675fc3e12c8713726b753fb39ce60639d66a,738,85819aef2e4fa9c4c27ba163fb76ba049cb77d90,1460,4f6b0d765788cbf5c5eaf0e67299da866b3d2351,
E40916,410A,ＧＭＯコマース株式会社,S100XR0F,2025-12-31,4713,255896ba74bdc05c5c30f7d061724d48daa4d42b,5563,fa82835e37a8564e1d5b2289670bc9e90619b118,4273,6dcbdca3a61ecab8f6e9c6e47d7b8e9cf0bebc7b,1200,115d45fcdf1e190954311a47f3743995952e6c3e,
E00574,3501,ＳＵＭＩＮＯＥ株式会社,S100WLEX,2025-05-31,5814,9563a3232bd17c5bda8053c66a456af0e63c5bfe,3481,3809ba7d08378cce2963ac8303d73260541a8175,4704,07b3b90f6e757405b5981e0c0b9c1db85b2365c4,11351,f88426df3fb975183449bc37aefdbd367effba1e,
E01078,,株式会社　りゅうせき,S100YL16,2026-03-31,5224,52f2099c3c844e560fca08162c87536d2e198142,723,f22337e7dacd6d8a303409e3a1b53a9143cfc800,1457,d76dbb34b87fa78f8ae4043767567190efb82e17,4894,6537459027ac74ee80881a0d82907629dd258c49,
E40756,386A,株式会社みのや,S100WR75,2025-06-30,5682,19690f7bb3391b326b65cf3f50b31a84fa088bd7,5392,69408eb60ab5d580f1111ef523573c07d1b2030c,6631,fddc51cb99b1b6d8e10c4a7dd655523ac31b0a05,1640,65fc9700b8589464a08421e0f362cc0e5a9b346a,
E01142,5269,日本コンクリート工業株式会社,S100YI1J,2026-03-31,3249,ed984137217d674624f421f3188d7231d1c2aa99,1965,36c2f5235ec0836f7c88353db00c0a9f5512ddd8,1291,db561f1dcb2f14743ec2906d7e96b99484bd9d0f,1945,afa911c5f31990c831b63409342f64bc5870916e,
E34800,7804,株式会社ビーアンドピー,S100XHVC,2025-10-31,8150,ffe69f844637d1a0c48ae133c59cdb53df2b0f5b,2612,5f66153caba68f0c3d9d0485db673f2d55081f07,3336,fa958bb628388f6915a9f91e32dcdb34ccb54368,1751,20a7a4c70649d43b4d7886ce2fe3d0c9249a838a,
E01959,6958,日本シイエムケイ株式会社,S100YHVS,2026-03-31,8543,7a2939d067bedb206144490547cd2e2c96f61a8f,16251,f5b8f5a855425280e7b91c6e1747f9fe17d9491e,1393,2d123f973e50cf6cc3b7d9ac871ccd5f653aaaca,7283,95dac515aa73a8596f1987ae81f3cc038bb0e91c,
E01624,6495,株式会社宮入バルブ製作所,S100YKBD,2026-03-31,5910,66a70b855b56e6a63a54795fdea837573174d8be,1353,5ee67c2314c69ee3b76054091c14eab537275abc,2766,cbffb64e50b6613859a8112b2ad9b4dc38f53d89,1874,570b0a75919a26265f6cb35829d20054f430e893,
E03352,2659,株式会社サンエー,S100Y64A,2026-02-28,3398,a0c30e58e0d0ebb18248d2ef68127ac2a9222084,3594,1ee57b02f54c1096c57e7a389eaa60fe86abf177,1850,9f47717e7d0f4da2c75e332f39bb32df874265e2,7915,bca38599b16885634de8c2e1de99d2442f3919fa,
E39476,151A,株式会社ダイブ,S100WQCJ,2025-06-30,5582,f954a7c481fa1ef9b90e0c142712278f02583bf9,12976,5a99a1470eee3518c0eab7668c6bd7576d608248,6177,ba333e31cf39d155188301e31bb02854044b86cf,4314,da822ebb016d2c34e279f0b49b5e949ff26ba4c5,
E00690,3895,ハビックス株式会社,S100YE3K,2026-03-31,5124,52ff0eb4a99ebdb585fc8ee1b03765b63a830c5d,3383,0aa830c2a5d22651bc79730412aec5f89da1cde6,2993,37d0e4c901b4d42abcdb7810db104d0b5b25ece3,2664,d828c266e020e3c1dc933fd403ced0ff6f621c3b,
E03678,8542,株式会社トマト銀行,S100YJ7V,2026-03-31,14507,617915036617e630d77c570a9805116dbe588b75,5812,37c2dfb4684255717414f395b7302ba318ca9aa9,2155,4cf9762e9a7ad6990b312373b59525431c2f74f1,3667,b1fa6d0a2cbcef7a324168a63dfeb29694efe9d2,
E04158,9081,神奈川中央交通株式会社,S100YF1P,2026-03-31,5768,e6286e7ee965ce3e3c7fb833ee9122ed5e2e9eb7,2490,47fe2e7f10bcbc542278c740e64ebbfbb4fe9a32,2195,b991272a7709753e0ad9e167e15b0ac76347718d,5341,64abeddb89618196f6a7e7151ea4de2acad0d07b,
E32412,7187,ジェイリース株式会社,S100YM65,2026-03-31,5437,c6b4d91b28169b68d1bf0277b4b625377590538d,4827,f32d26590dad18c1eae99bc8ed85d588ae741e34,3024,8b02e272f82dfbe9689b5f20a9df9b1f04a7ae5e,2353,212049a59db4b5197eb69f5bd1931a3aaac62763,
E04342,9362,兵機海運株式会社,S100YGR4,2026-03-31,6801,cbacca503976ecf540c8787320125f4ba4806ece,2859,c81c9c0cad51afc8fdaba2cd4638c3bb68c4351e,2526,ccf6f57af77a162c7683fd8ed603e6a21812bb9e,2497,c37fb7ccbe529698a199d3a81297f6e6ce186443,
E01635,6396,株式会社宇野澤組鐵工所,S100YF8O,2026-03-31,3737,15ccd3daad4f3f8108634c97874655caeca4c56f,2419,40081fe773d9f2d11b6b67194f2c2a2c97567188,741,cbbe06f1efca967e233f56d5a4ea453b723c2a74,1259,f0b24d4cd0f160fa820af42f80a00b5f52168e45,
E00473,2903,シノブフーズ株式会社,S100YE21,2026-03-31,5427,f1b3066c063863561dcd2becdb349dee86aba8e5,2651,0997973ffce4e38f6b7bd1c79a90db6e2176922c,1915,539bee241b86a0cbe8275f751a7996579f51c271,1701,4e53043529acdf75628f7ad7788a3f4124ae9623,
E04981,4668,株式会社明光ネットワークジャパン,S100X5JB,2025-08-31,9439,1220ad13fb73d84d7a624cf89e208377857fe53b,4175,a61479a7f0de2e5715db1639d55fcd46692c4a68,5338,8dc2b81b4de967893b705b013b6c96385078f7fd,20906,4c7619b5ae84afdefa7df2845e9b7a7ab8ffe3e0,
E01992,6919,ケル株式会社,S100YJK1,2026-03-31,5235,de1ebde9a36240412bd5fdef1ba8d25ffba73732,3889,3ed90c3645b50157e55de639fcde5d4a42ed47c0,2798,b16445f2972d3b28b4198fa057d7c7a6837abc8b,5638,3e446bac35795a7d47a36d0c648e4aff592d4d70,
E02172,7247,株式会社ミクニ,S100YLLZ,2026-03-31,6890,1f1f15a19f3b538866e8fe540fb4cf25a75521bc,2195,6051549ba4cba01581a46434dca8bf3829d2955f,2276,ebc7b632cd211c5d40b89c6bfec97be29687a3bc,2238,c6f39ccecd37d7af26adbec2a762d472155e9753,
E02247,7214,ＧＭＢ株式会社,S100YE26,2026-03-31,7138,f52c83a0c9e623ca7e4b6c880d0cdf5d37efa604,3629,dfe1575934a0e10d0626c77a9ef211f55dc5e968,1865,3dbf9b351fbaf8d995a997304f16bb712b548f2f,2507,bc3c8455871c4a3ae9d308fd1b97dda38501e57b,
E04197,9073,京極運輸商事株式会社,S100YGY5,2026-03-31,4478,f6b26dbed23e37ee6aecb507f9204210c4f7cd87,652,e800808b01abd50f41fb5077d0ddf8d1af41b481,3488,2425d0c3a945c0a3355f8dce13bf63b9cb317d6b,1644,6588aa51f4bd683f54f115a392c0eb6206c78536,
E03302,,オリジン東秀株式会社,S100Y5Q8,2026-02-28,4387,6dc2dbdb6169af8372be065a3d461abb68a52c7a,2395,7cbc471674949c60fe173cf154161d7758f589ba,1188,aada421df840f94d84a7a404594dd64fa0c6ec65,3893,2285ebb9f1f4e31e7d1a518ba9a288ede4540685,
E02258,7305,新家工業株式会社,S100Y8QF,2026-03-31,9141,28a0495a39d30836a7ec73ca2005501237638112,1477,58641033914a3cf8dcfdbad88a71d75227d70931,1594,22fa318b6596463069e39edfebfc6fc497d0ffbe,3267,b3645ee86c91c003a0b8c09dd9a6b833ea685e65,
E02185,5644,株式会社メタルアート,S100YLLM,2026-03-31,4638,91ebbfa64ab425c35024da4424cd03fde852906f,2144,b3acfdb98276a8946ba2499703d23de108150edf,1374,876ca64ce7735afb8e50e2b413e9df4274b22901,1907,ec45a8e8d611873de0dc34ab1aca0a69c007f46d,
E02231,7266,株式会社今仙電機製作所,S100YER6,2026-03-31,5541,a20de0292858b7fd40c4cfdc3bb954fad7558bde,4174,1701d2c34d8d224b7d7d555cb712ff52377f4e43,1822,8e5fbce27f60cc44e24362cbb4bddf931a4bd3c1,2081,617dc852d87eb1bfa3ac52a6333449a27004cdd0,
E32169,6615,ユー・エム・シー・エレクトロニクス株式会社,S100YK9A,2026-03-31,3917,28dc1b7646510e00357ddd507bb98500c8727346,5494,27fd52a78041bbdf10bd716cc9dbe241e9c3da0f,902,20e85e7da8a264eac5b4c4e50f29c9834af20913,1271,7f49f3952737ed0a0c0276c1ca4e79afe816a313,
E03481,3048,株式会社ビックカメラ,S100X5J8,2025-08-31,6867,2c4c974ad833830b173aa26772e18c4fa19138a5,3881,0529d61ace4af48fcc121c0122edb29134e35c06,1907,ebd3d9c1179f5c8e5a4bf042dbf408b7e7b85685,13266,cd8871ef55ce6d4fd6a8045c7c3c49015dea7441,
E01437,5984,兼房株式会社,S100YEZU,2026-03-31,7684,fcfe6ec6499753c3ed502aba2d8a6862aa90362d,5291,2ec2361fc79c9becd414b9e56306ce073b584aae,1612,9a448f04a3ae3facf74b99d11e45331b2817fb0f,6270,874f4fe98741a1128850f5e5ce2f6e0f667391ad,
E05198,4284,株式会社　ソルクシーズ,S100XRPQ,2025-12-31,6987,222dca1a51e67e4c1d44e87fe11771ea32f32101,3013,5021ce163384410ab62b4b7abb2403b969185df6,4674,eeca1816deed7782c852e5b91ea295965587243d,2910,9cada95777dcef097bb1147c64cc8e508e761cd0,
E05736,3622,ネットイヤーグループ株式会社,S100YF6I,2026-03-31,6338,96e0ffd9730b7aed1209427ea13c6e4d6eab41cd,4152,636d3bcec3102aa17db6d57d859d95a5624ff192,3232,080b13e0f3b84287ccac122c800638c2e289e796,2976,b6107ec5eb7dddbe929bfdd6d937230348c94cf9,
E34720,7060,ギークス株式会社,S100YJZ1,2026-03-31,4768,dbf4ed12eec8731713d59a38c5c7a2045e5fe11d,3086,6802ae833c21831b9e92c2956b78aa5e1e25dbac,1782,ac554e31fe734516c83988541777325a483b1ab6,4678,bcdce79e3b31e5bd54e5c7e4fc8034bcf03244ef,
E01902,6999,ＫＯＡ株式会社,S100YDTW,2026-03-31,5625,b3f6c0b1098a8a7ad6549274f3997575ac686254,3630,ca416ff56e38bb893f7d6d48e0d4018af1824a52,2210,901bba8096fe571c838a196c7f075aefd7c9871a,8702,d149f3968d7b0b004d0efa57b5cb6042a57bc375,
E04230,9028,株式会社ゼロ,S100WRNH,2025-06-30,11542,29540180dd850361662824d72615fad2f4c034e8,7259,23131a6de15ca543d1bd616b0091f1131e7f9c7c,3707,03a9c326d66f26168c813961c0903bff63f0e194,5227,db6ea1d2fe15d55774ac7b947a4e770d45b0f61c,
E30010,9416,株式会社ビジョン,S100XV85,2025-12-31,6400,5718e21528e125dc67511f3689da86391081eef6,5029,e85b2c03bf49d59aaf3b5eb3b300a3c25544794e,3175,1e4cedad539c2e08fc068b039ab8edc83f55387c,6104,2e4b41f73d23ab2235ca4867ad4f4e2bba90e374,
E02774,9972,アルテック株式会社,S100XMNZ,2025-11-30,5588,551ff0994552290da7508406ea3d0c91b9a4c436,1722,07b1670c21adb46fda8b1a99914e83a33e84dc17,1961,0eadae7d47eae7b450e77bd144b55706ad38a0b2,3607,a3af98d7e0d8a5a2bb6bd8a6552a85cb6eed72a3,
E01409,5958,三洋工業株式会社,S100YFD2,2026-03-31,6019,28edb39769d466aa2c534f19315f54e9e8a283e9,2820,42c92a30e506e768b73fedfd0d7eb0af66967d9a,3603,38ec439d3814de897d45f944f41cdac557a1ef74,4699,5c401bf36dd6a6a18214527bc5575197088b5f02,
E00372,2204,株式会社中村屋,S100YF3Z,2026-03-31,6997,768f12b07dda3e05a77c40e6eb49bb40e7da27ee,2268,b18e72778f368d3b3025c75dac1363a8fb800ffc,1953,547eb1146bb294d0f920a359d1ea53c905a1fb22,4087,ef8b9c4937e9608296a8cfab44a50c489a2b3556,
E03645,8537,株式会社大光銀行,S100YC1U,2026-03-31,12071,de2967ed60d6b9b5778ae4fd935b0771039b8d6e,5205,90f24735c8f5d7d7e710ccf034808caa7752bd54,5367,6c057d4a075489a307563765900533f6c9ab4fd7,3461,a4f99317ef0695cc767fa6639a320678a110603f,
E01024,4231,タイガースポリマー株式会社,S100YK4M,2026-03-31,6186,499025721a2e1b932bbf5600eb8aafbc81f2a308,3111,ba2c550879ba0976840fc71e3fda2d6d3f014e9a,2676,8db3bdf65e749dd437deb711605817aca093b22f,5343,d9fd1dbc6b0ff70f5708286fe2d9c82c83fc7953,
E00763,4026,神島化学工業株式会社,S100YQCW,2026-04-30,3114,9e83fd99f3c7c1ea075c7a5d2675bc034b14b633,2657,294d0f7a1d7d1232c3dc75dd1348dc74040c4306,1862,0d3fed00e905b10b539ad4f4cf509e45affb80bf,2357,be5a84321d01b03c7c8c386358d081da8fd03113,
E01511,6158,株式会社和井田製作所,S100YI25,2026-03-31,6923,87942dce64a61ba8b2503d7740865665721b319f,3639,8bf7b95d818283ab0a0ea35db13d62fde797c161,3352,efe8c28479668fabd843f9d52efcd93318a2dca4,1637,ff2ec2489668db1d5d56aeee2f0ee6818646c2e8,
E03421,2790,株式会社ナフコ,S100YJ0H,2026-03-31,4958,abc6b513b2b532526a86247c8be6e31a738fdfe7,1789,95ab9fc7d8b13629aa3c9a0a2532315b379d545f,1486,969a35660f7b9e4669120714fcd37d0151ed3094,1499,618efc857326160e22b886e976fcb9654592605f,
E00511,2924,イフジ産業株式会社,S100Y9CI,2026-03-31,7429,f5de015555346ce94cf4be38e565db80594e35b5,2438,7222745a808edbdc3780e9e30724c695bef45c78,4323,940f7b2acd2a01631b5c88f4c053124f9e9fa0d9,3531,925eaec531db08a44d164b8552be5f8b52c87667,
E02818,7538,株式会社大水,S100YM6T,2026-03-31,5966,b9dd12d7d94992b203c9021791115d4cac59088c,5056,654a1453d9151cbfc0c8a353dbe0b96784968804,2132,09952a6ebe520fed11c6ce6273b5058b3140a0c3,3223,6c18dfb6c84cd09acbfe7d2e92e3f760fb7ccbaa,
E40060,278A,Ｔｅｒｒａ　Ｄｒｏｎｅ株式会社,S100XY8O,2026-01-31,7680,d17816103625f440c623fadb976877a8755c0efa,9690,c37088fd3f2f1e4fe546511a6aebe852fbe06180,6146,c0397f63420aa13d1d4fb35208bf7f9aed2e7d91,2982,272f34f4fd741ee5e23680e7abe118adf089ebf1,
E34499,7677,株式会社ヤシマキザイ,S100YJ1S,2026-03-31,5277,7bfe775900e87a596e4d74fdc36cf3b0e962fe42,5007,eb0927e87f24aea5dabf54b18e6d054781f6c315,3048,5295a295ba8ee56373f153bd4813170e7e4d632f,3570,ac306353236bc7398a31759e49b3798896453c57,
E33854,7320,Ｓｏｌｖｖｙ株式会社,S100WSFJ,2025-06-30,10408,c0af95d97639b56ea5f7ef73cdd011338a6d7a8c,4026,66057b890098ed8aa13b2e81bb5d528f623ae044,3749,cacb5504d8513536ffbf751a4f093519f3c2ad50,2070,4d8888f73e04bb73fe3d63367f84aa75f4d10283,
E02752,9913,日邦産業株式会社,S100YFGN,2026-03-31,5748,f6cdd44a66089cf8e3212fe654bff1b73af349ee,2791,f4b4d653c4ab2edd88fff938552a7e1fba1affed,2370,4b29d71266a991c19e66aae5d9c8c01fd576b2a8,5908,09b174befbf1aeb3307cb21750e245b0f3ea18d8,
E26231,3663,株式会社セルシス,S100XVIW,2025-12-31,9669,ab30db6845d0652f5c3f9b402c322d9ff0b86255,6024,5edfbd3744bdcebadafd97c40a18d1619dcd939c,1500,daefec67a5c2812666571f3d9fb8fab3360cae18,6451,44bf887a4ef55a1e66505a9f7b371d118f1e1a4f,
E03108,8207,テンアライド株式会社,S100YIGD,2026-03-31,5074,da9e0012219324dc963417ec8ed1f9f17536fafe,1358,1517ee75e8dd3e314c067f49714be62ae6751ddf,1417,5dd5866da9abbf8000b8309f7ed9cc0086fac7a0,3033,5ff1a225d4241f511e60775c9282908ea8748a46,
E02639,8115,ムーンバット株式会社,S100YDWL,2026-03-31,5527,445047e8aa0e4342fc9ddfc41b6056ef4e9dfe56,2405,ab2c2c5e142b9aff31c00b7ee36e910a59feee21,2158,4aae49e460c94a2b57a7fdf221530179c379b157,2106,636714536ebf5e85bf04a615abc0ffe8ca2e1188,
E03850,,共栄火災海上保険株式会社,S100YK13,2026-03-31,8772,aa7864c62ac7c464903b91b24bc37e029d22bba7,2095,7e55d245cd946ca4a8777a6135495f2e69025099,1352,a2cd0db51cf7753cf40b952c516c31c6dd4e19e0,3270,96d9605577b2a2f95e70df124a413642a9eff6b7,
E04125,9052,山陽電気鉄道株式会社,S100YD7X,2026-03-31,3976,aec96c2a8bf1728392ccbb3967ed54b1122ad6cd,3040,b61614a42d9767c984bbec9c1192f06757854dd0,2492,db9a8628f864e94e8e9f1fee25212c370cd3f653,5628,3ae65bcac0bb0893596630e26976d186b7864bf6,
E05685,,株式会社タケエイ,S100YER0,2026-03-31,6037,48e249c80763b7906615efc3d0d47b5057063c14,14243,27cde2555b88be761053a1f05d030ec8b97a2eb7,1369,e60d5f2b38d56a5c8167d859db8223bbd59bd0ff,8691,297b3526d581e016cd416ff4508394d3e6b451fd,
E02021,6894,パルステック工業株式会社,S100YDWK,2026-03-31,5725,01e71915e25f421997b29f3052df02fe09cb6a57,1989,3f67a61de7a8967ae915806667570652f1c0aaeb,2493,3dac369b37c5ab523b084f7e808530e55f03e0a6,1761,43b41dcf53a1b006fd0f316793af7e069a045f9f,
E01503,6142,富士精工株式会社,S100Y6NR,2026-02-28,5555,060b3c48b7992f9c3c7aef11e5b663a1f67e36ef,2587,f189d3f6d3d810546355a4d527f295ac1af2845d,1612,a1b2e5f29cd0d615628f9ea9b880fc1d36b64396,1469,952143478b8b64086af08d6a03f9d654378fb95b,
E00197,1873,株式会社日本ハウスホールディングス,S100YR5P,2026-04-30,5631,0d7f3538d4b007698f6bd78b4279ad126450f73f,2692,24698c92c1f68c9966918f4df29316e5e803a2f6,1059,acd585cc796c61790112d94e551e19cd7cbd0154,1459,21e218daef51b2c7ff81b620dd55fd7ccfb37935,
E03356,2664,株式会社カワチ薬品,S100Y9UW,2026-03-15,3548,c25cdb596c5dfd3e39a198913e343fef1a432115,2662,32b28a057bfbf5f6ad31a680ca05e4045d15bcf6,1522,1ac6710b74f20e899a7d3ceeaeb5d0250bc012ae,2957,22db73032a55e7976300968bcbbd0fdef25762dd,
E00458,2288,丸大食品株式会社,S100YD4W,2026-03-31,8764,32a75df23a9d10408697f99a6f97c93d4ea1314e,2585,74afb3938c4fd378f3c6336ca2fb0dfa1c59017e,5149,f94f565ad4cd93445aaf0f0b1776097cc363b67c,8241,a2ef8c4d6c0be8343069613e28584c65e0d02c7f,
E01730,6161,株式会社エスティック,S100YCSO,2026-03-20,6095,097ba6e8ea863b4a995883ca15f942f8f178e2fc,1909,4cf8e6eadd64661ace3c77e635e149e7fa2f9f84,826,38a684ff4053fb6e343fe9bafd1172789fc75995,2341,ff49590d251a85f7023bfb7b1df91ca75a99068a,
E33282,9262,株式会社シルバーライフ,S100WWED,2025-07-31,6132,57150bd5ad50351965ecf24fd3e2964636e14967,5117,ee6da8c5a1b3b68643cf4edf0440253b770be15d,1563,59638c83d0e9e474b8875288dfd39e5e3278b609,3199,f6ad63847228f5feba1221b82f9674f1a7e309ee,
E04358,9603,株式会社エイチ・アイ・エス,S100XHDP,2025-10-31,9008,d276181f692354563d3eba0bf171954e72d2bae9,3046,c2ddcbdd7934e4a46a4f857beeedbc1d9c137a8a,5176,7ed53e7787e3dc206e77c20d15c14e5543172bab,9869,cc50c7ee18dacf8d82f1b0fe41539d72a521c6af,
E00677,3943,大石産業株式会社,S100YE9U,2026-03-31,5101,446ec4240eda7198be833eef662c09a685161051,4268,74f75205911d21774a702fde05daa5b2f6129bb1,2834,122f79ebf33222a4a1d90ea30ecd87bb4a2920c1,5839,164c3aab079366f56ea9b43d8d3f795869ffe255,
E05517,3387,株式会社クリエイト・レストランツ・ホールディングス,S100Y2PC,2026-02-28,7963,f8d9f521180aea0f74b249fe58566efe8f2543fe,4724,79cd5d5a8979adecfc148c0bc44dc9da2aedda63,6479,9e79461ebbbe737fabd4365a9fe7376caef66659,5846,2dbdd7010b0ad469f8d66acc265d1963e26f05f8,
E05635,3816,株式会社大和コンピューター,S100WXEV,2025-07-31,4746,7cd4e5ccfc04b1b277005f89d3d72bf3536fd187,2965,a608d7533271b340ae5b38dd3e552439d56543dc,2999,8e9d5d3f520cb1f2ba4ed2f5a5368f01d3b0e775,1579,2179477beb2e91b05f28c1fe867116887a179830,
E04341,9025,鴻池運輸株式会社,S100YGFS,2026-03-31,6199,d3ce4327001cbf57d6475b9a6431bbe8653cc20e,7439,902897c55ad53ca3dff3b760378fddbf6307a351,4968,de00bdab53222998be51e0665838f08d901186c8,10888,7f1b2c693887984d126ece2b7be121815252d33c,
E30929,6099,株式会社エラン,S100XU87,2025-12-31,5625,9e030ae6cee7ea46cb3fefa953d183211c20f454,4247,11fe3f93722ccad3edda3069450f9957c53db079,5312,87ac92c7de76dc3a4aa9f128f47d9ebac514b95d,13965,4a0020f6adc1abbe1d8f4614710b3a85b1b5d74e,
E02608,8129,東邦ホールディングス株式会社,S100YHSN,2026-03-31,7845,982ac45702486cd4c8fe93221b88ccfd385460ca,6263,aff5339dbb2f23a54c49978587334c0ddbcbfc15,2014,778240f236bb7b393b8b6f197712105a78285d0b,6744,3d8523d04805d71720369c6fca4fd8595e479d45,
E02233,7227,アスカ株式会社,S100XNA6,2025-11-30,5013,2e3a462bf46150da88394f4832d4eaa3dc70f3c5,641,8ed98da565fd6574513d6adb855011be8e291450,903,24f23bce911e1ed89d761f8565880c7fbd0ff47f,1723,8f0f2a60221fea5b4ab66c0b575daf0834a5b56c,
E03472,3020,アプライド株式会社,S100YDKO,2026-03-31,4973,d4b56f32022e762cc5807177ba85be89df992a89,2471,8336f0b77b863e42a8605a6f7cec05bfafd1474f,429,ca8dfcf79f6d0cd7ec63cbcfb03819ac5b28ce2e,2608,9e621067ee5aac880c34744166666f443bd49ccc,
E03229,9997,株式会社ベルーナ,S100YJ5M,2026-03-31,8873,a6abd0d6ccbe425dc3c8bef1b1e6da867109a532,4299,5137557935738eab569b3854d7c641de416f464e,1674,789a9b3f46570edee25fd6165dc82b6f8fa1f010,2587,3fc7bd22e87a7b8fa29892e0aa1f4486e024a75f,
E03683,,株式会社　沖縄海邦銀行,S100YCGZ,2026-03-31,9052,87e65835293d5840ff07e12c51cd9d24e0a0b948,2059,19342d429256f00221267ed563ba863f821a2d9a,1901,74df9b3562595b579302df815863671b46f830b4,2864,556117219039568b33c20090e5ce8a167731e7fd,
E30898,3196,株式会社ホットランドホールディングス,S100XU8Z,2025-12-31,15573,4e2627ea39fc7f86eaccb39e2c9eae8fffb79c0c,5873,7dc682f4857b20f44de8b74234c08dffaf6314c5,2950,adb5d4b17be6880ee3493aab5780b47af48c514e,2418,d9053b969c20644a730236f44ef8e97b8badf6a9,
E00669,3946,株式会社トーモク,S100YFA2,2026-03-31,5203,f8cf40d873121eb218bbb10d80ecf071fcc9bd86,2983,47ad01ee9d44c92a940bdf013f7d06bb64d47d99,2110,886f413c6a76734664832b0341aa1b166f3b1592,9535,1d08c33f02711b7e331a6be3922d1bbfed4d2498,
E00590,3591,株式会社ワコールホールディングス,S100YKJC,2026-03-31,7673,d499c85e3a732eb4d8ea779501280e4268a2f495,12542,100088070e9d9410a31fb15009a02520d85fa60e,9743,b169a4f74cbcee642b13414e53ad14e233926a9b,22037,c3c31e5715c4bab4495f0242d2b4d06473eb3874,
E00004,1376,カネコ種苗株式会社,S100WL4U,2025-05-31,5146,f2564da7a1a040004b4d6efbfc72552e1fed3e96,3377,3b0211ea305ce052ffdf34e8fd27b8dfb64a7e1f,2616,9fbea0f59037c59c078537e4a2c72418ec00e685,1822,295b99495f141cc2118eb3c26ff06916301b7159,
E03465,3021,株式会社パシフィックネット,S100YYIV,2026-05-31,4759,7aeb2938ffb79bcd09ec5fa632c120ee159eb720,3625,ec4bed90dffda449a01502fd97ee0f62f4ea4bc7,1218,51f82b18f188c7d9fb79aeb9934aa3bec59d53bf,2326,068459cd8fc966f8fe09835dec6bb3804fe86455,
E05361,2378,株式会社ルネサンス,S100YK5N,2026-03-31,6656,20e6f9b51b2dcbc0a85e4743b28c13b2121e5032,4218,13da39e38c6ff71441b0def9583ceb5365b7abcc,2331,e7b87a576b8853a66cbc513c3a447f6080a5cb5b,3413,e8c67afd31d560e891a4150bd63be4f643a18e2f,
E01568,6316,株式会社丸山製作所,S100XAQD,2025-09-30,5889,444004b5807ede987d5823c54c8976496932b428,3600,286363fbe7b8922918912fd57541bbf985d760f9,2866,f077030b3929232d25661fc6142a166e201553ac,10599,819925bc2324a4de195aff736f38bb44caa5f756,
E31573,3916,デジタル・インフォメーション・テクノロジー株式会社,S100WQQ5,2025-06-30,9681,755efe74a30115758456b2b4d4309ba912b740a1,3522,68ff57003f3dd0dcce527163bbaa00154555d0e0,3461,17cc85999e143a2d4b77d108ff2d46fe21def6df,9693,ab31b29d09ba4aee3cd1acbd03b6411d1f2d47b9,
E00311,8904,株式会社ＡＶＡＮＴＩＡ,S100X6R9,2025-08-31,7480,5ebfc32972cf13b82a4048aa90b3f5ea7c0491a8,1529,3931a1d6037c2796ec93b5279a59b6a24196627d,2329,0b7d7cb4393897c4c715a2de506780ff0e8bf4e9,3671,d2ef69b2cc1816543def0081ed6ece3374863a3e,
E02905,7628,株式会社オーハシテクニカ,S100YHS4,2026-03-31,6757,2bcfe69ef34ec5b5c9c9cd057712ffabc46c6951,4848,e4d882195d389acd5e63c9303e8aa475aacff318,4256,d875bb7aeb85709e4ca42bd0738549c6d6b135e6,6683,2dbed4acbfed10f87819045551d840130591c5bf,
E39158,5870,株式会社ナルネットコミュニケーションズ,S100YGEJ,2026-03-31,4489,9d5d98e7e28032d481ec27663cead228d00093e8,6553,32c9a59c179f10c13f4d6a6e041a6fcbdda3506e,2496,38713b70539a1843473c89228d9dae06e77c7acc,2899,31026aadaaf1a45f633db22432f7588211189878,
E03664,8416,株式会社高知銀行,S100YJZJ,2026-03-31,12913,ed48d5a95217bc43b379da770b57d161b5113b9b,4859,8915dad5b924b9b20130e3b5fce8f9cb47bad102,3281,3480ceb0255a4fb91c877592f6943179204afc96,6004,eab21db6bc6b67cb8ac0087c824e9c08aaf034be,
E05697,2175,株式会社エス・エム・エス,S100YF7X,2026-03-31,4048,3f62d354660aabc9541078ffdf3cd546f172dc0a,8380,5ba1a9c8c5aedc9e45cb1abe07be36fad7fb9e82,9354,aa6188f846f15d2d171121f268ca9577d6c977a5,14391,6b5cd328f47cf713c71bd2ba6ca04876d5118126,
E00846,5816,オーナンバ株式会社,S100XV82,2025-12-31,7382,3d96019cf54da0c22bf54d1e0271b62c429e1a37,2011,3c8af7a576c5a975336512cb2e86af5e3d6be2fe,1335,16ff77c2dc35522c7586eb2148143f837caf3fea,1862,b8f036be756f9e60cdc83eae441bdf1727bf4a65,
E02205,7280,株式会社ミツバ,S100Y9OD,2026-03-31,6219,f6001f0b8ffd3c925d8d754bb05813d6aefd4f0b,2084,b582b7cc9971564d4cf5d49ee047d7105e90782a,1468,5f7f8695822d11173d513925e026b2783ed40430,7090,78ed4f5b0acbc95e55bdf9ea681175bdfb368206,
E02947,2733,株式会社あらた,S100YEVF,2026-03-31,7620,6114bb1da2b4ce6a87c84aeab5b70e89a66a8058,5222,5b4fbc998e655ecbb4e20ec6bd359e65008bd0d2,2371,19def37f00cb84a0f8fa89aef666dd53e186a591,9079,5b65c33ea09967014269c1efe1669342592848b3,
E30438,4246,ダイキョーニシカワ株式会社,S100YCYY,2026-03-31,4698,ef382fe874c0d4becbf237f0bed746ac71b06772,3891,aa968799f4a13105ceaca5fa1dd55bc5560bf10c,2560,899502ac876bf8aefc3a532b6c48738ba87d15b6,4636,eb09f98058caaccd4694fc72da9d1d0ca357e963,
E02234,7264,株式会社ムロコーポレーション,S100YGBE,2026-03-31,5529,222a1ebac2747cc58e317f1585c41df8fbce4a8d,2419,433df327f5999ba16c798bd9110fdf07dd58764d,2579,f50af5adf8c30866d95cd92b576a22568a18f1b8,0,,
E27280,3672,株式会社オルトプラス,S100XCNH,2025-09-30,7297,1f0ca3bb86b005f290de59479c855bd37a6b490b,8953,06f5ce845604a7c9fa060bbdf2e505b200c6fd38,1967,527402fe41e52e21bb88017db08f6f63a4356dfe,1357,fe6f06ed482df812a7282e06041a794913b6e09e,
E03092,8165,株式会社千趣会,S100XRKS,2025-12-31,4782,e193ddd0c08dc2d29133e589f7129003cf29ef9a,4111,50189148324be78d57816a5501c092849de1f404,2125,8771f6d3219eb6cea37e31d3210872af1a1f25d9,1797,72c6345d7b3449332110807c69397d4f2aada07e,
E04524,,日本瓦斯株式会社,S100YM45,2026-03-31,5135,b5425731d5d1f7cb92c5d49d8386738398779250,1694,39efe79937fe9ce49be501350748755ae59dbb6e,489,c2239f96323118759852f090e136214b3f1b5eb6,3203,ccb7d22a900dde5e72d8003898a9e55f204c08aa,
E02020,6870,日本フェンオール株式会社,S100XU9W,2025-12-31,5473,f823e318cca8ef77200f61458c2b81b4f7a547f6,3002,76664f2fc3980aee672928eed3206049b3cc46c2,1745,53944b536d1ecd10a4c6288e390a57209048fbf5,2811,912c7cda38e74af30d4d8283db35ec19a92e82cb,
E01068,4976,東洋ドライルーブ株式会社,S100WR11,2025-06-30,4099,bfb669fa75e2e3b293730d628930c08405c96855,4688,b0f6b1a488ad66c03f811468e412c7717d709b1e,2026,d0efc4f2cfaad956ff60a3ef80d11f97cff937db,1621,16184b8376c781f3cf3bdb5e7d2fcdb140d71ca1,
E01841,6986,双葉電子工業株式会社,S100YK0D,2026-03-31,4935,855388f0f69ab4b1b3d24040c5822096c8131793,2494,eb8081d1b9c1854842d9e48cce5daf589ce3446a,4526,4d0b06067fa461ee89b629a9b9db063bfdc52539,7950,05c70cd5ba39bec89af470713632f9b212d6fb17,
E04346,9365,トレーディア株式会社,S100YJV2,2026-03-31,6775,b93907f3bba48c4dd1eb471fbd05057545284f9f,3781,d270fd1410066066077f7e17a3c171f1f53555aa,3373,bbb00ccf99f4719671b0aff35f627b9648e69614,1896,49f4e7efc28f31a6d92dd011ddccab577fb6b928,
E35220,4251,恵和株式会社,S100XS6Z,2025-12-31,5982,e0cbf489457d468980ea6fb6f993a08e851926e4,4710,05028cb4c98843fc7a64310d6d4208a578a1b053,4540,df63cb4708792d47481a99ba53efda818b3103a4,5054,8dc1dbf6abc77a57a600f360ed9dbfa570f08e89,
E34335,4421,株式会社ディ・アイ・システム,S100XCIO,2025-09-30,8386,817135484f1766e4b301a5ccb88f52688b6dd7db,5640,427927536e3d44ae3f0544b524ba514e7db971f7,3234,b0c686a9c3173bec86030bd14759c3eda4654418,2688,b97b2252cbe1f44b1a87ca28f91be907344b4fb5,
E36670,7792,株式会社コラントッテ,S100XBZW,2025-09-30,7504,03286f12ee65c413669cf2b5dc778d638a67b188,5600,c28063cea89a54bee02029989d9ac75e9e9a329e,4495,e334652a6df8b36db854d7922d17f2edf778f13d,1279,954651e2e052d575eca1d1820a2eb142e822b7ce,
E02363,7952,株式会社河合楽器製作所,S100YG4C,2026-03-31,4986,24c1f66153dd9a6a40ae7201a11f662d08595040,5004,06a738ae8366320d20858ecf36ae404fe90290ef,1923,fa6ba27ad1ab4ec302ebeec61eee19c87c4509ef,7154,6eaebc10746eed223e2c3d3a4582a17d66c316af,
E04914,9612,株式会社ラックランド,S100XUUG,2025-12-31,8280,7aa99fed714e4c207ac01f97ab9e1e826878c17d,3382,b11ad65765790895a2c78665fb974c35d57f1fcc,2655,b93a67c2c66c853e8fb1dbd885f30e3dd4045bcf,1994,6d13eaeafa797773750353fa62f28d64f05fd405,
E03054,8005,株式会社スクロール,S100Y6S7,2026-03-31,7360,434e2e52b0d00d31f985da3b07770417e6624677,10089,5fccad34be0862fcf2563d631f01dba31fbe53d3,2328,f1ee7ce1f28f651f0a938ce27466da48834e48bd,8730,8b38646eebfa38e65b8bc311f2c07b088dcf3780,
E34729,4439,株式会社東名,S100X6GX,2025-08-31,9372,1b70bd087c3dc1590acf4c9703709368616c7dbe,8018,f77837ef8c5ea36688e35eb6326f291008fee765,5105,ec47e165e2997e18e7e5d5b10fad4d334c4a480a,1846,0f7230a84a9b871757012a01e1eaec6ed57e0c0f,
E03076,8135,ゼット株式会社,S100YJPU,2026-03-31,4061,af538e7f00722623cfbe2a023a010f3abc7760dc,2866,77ebfcbac3328e874ce4ef495160b0c7ba86d9db,1601,1c62fb466e68aa6168faf2e4f6957d72fa5f90d1,2855,a0960b8d4d6d17f2d67b14a3986d7567ed7d9860,
E02444,7874,レック株式会社,S100YIJB,2026-03-31,4474,84d66481dd3beb6cb41b4b8638e549ee0c3889c8,1171,24f4f5053c835730c11da6459c53fe2685c2e682,2357,8610ca8ecdd8e14557c8f9ad4605d06b369d5c9f,2671,7a61e63ba4c9f31052501bf6825cebfe1f949a3c,
E00133,1897,金下建設株式会社,S100XT0W,2025-12-31,6176,6244ac798ea12678ecb8d73dab599f0bcec4d997,1487,e7008609bd93f7a44d4f39c12028891d8c5a7e8f,1257,11b071add935622cd69072261c0f21406cac3c2e,2993,f2d2d374438611a7cdc21bcd053ee4fd03aceb9d,
E00408,2573,北海道コカ・コーラボトリング株式会社,S100XRTE,2025-12-31,5213,13a4eb67e93865f8bce210ae108163cb96b00342,2869,73fd6f7cf6233b3d603e427dd0d9ceef1fbfc151,1353,24f6b931227070b9517ee2ee0847af1753280730,6343,717a128d6cbf936bb343bc821744241a99b3a335,
E01123,5204,石塚硝子株式会社,S100YBU1,2026-03-20,5167,80e8e99cb2bde88090ec44e21247f4b17f7f1334,2002,53284425bc9f15fde8b0852874157a2eed10dad2,4084,76b98f515000af8a68eddfadc47404d2995c22d6,2227,2083f208e848c31d57c7898db6a51918bd5f7347,
E01420,5966,京都機械工具株式会社,S100YJPO,2026-03-31,7563,6227c7262a7e54b0d8d2864883d78382fce39ad7,1492,98869ddae77d3425edc6182d66fb7513aca67cbf,7415,270d594defab6435e7d771316a05292ae98d1d61,3623,ba0696657a446a859cfcedc6de61d93d727b5dfc,
E30133,4245,株式会社ダイキアクシス,S100XU1D,2025-12-31,14646,9cd11288a94349b928dbe6c78850de7797b8b37d,5702,e5341429b78b01f01f8648d905ea65ee259c4d38,1967,1f2919e8db5d9bc7d8c86a1d1d642d9cff031079,3245,8a9ef6c2ca024e3755ff2fae1047a2f6c3bd646d,
E00842,4100,戸田工業株式会社,S100YIHV,2026-03-31,5235,9e2fa6490b8630485f4e6a19a30d55ac5616184f,5467,419b7427de643ce0169f67b129b3832f19f8c621,7036,d3ea0c7ee3ef116d8d9a33ad6a4881fe252e6cef,17863,a7a5ac28d72419957d54b065162365a379a30f94,
E01554,6381,アネスト岩田株式会社,S100YF9W,2026-03-31,6055,bf6a2ed9627a959a2d6c71d8c5ffcb467828f213,6842,a59ba989079e75d40612d39c1b0584cf34fd2d72,3121,794b5653ad07a7060baeda9ac5516504b068b1c6,4490,29a02c9a8c250bb063c0e62682e9a64d3ea69be7,
E38645,5576,株式会社オービーシステム,S100YC6U,2026-03-31,8631,b08fbf1942f8118efad2ad7214d852871b572bc2,6317,83393a2a28055641b7613a6a0b80d8dc31e25489,4525,061d2dd926fe92a0885a402c8dda00a6835284a2,2014,73808c4def70476a9a70ae7d27b59db7765c78e0,
E34285,3496,株式会社アズーム,S100XADZ,2025-09-30,5127,3a9fdd8e0a1a3a36a79d5a160d3c471b69bcf484,6462,f5989c52213f38ac0b9e5a2728869a94ac918670,3266,01b0a67fcaa076745419378b8d04fe74b227f865,3322,a9a19381c9a9e9c48e7f1c428e231fe4c3605373,
E01170,5218,株式会社オハラ,S100XHTP,2025-10-31,6058,713f0ecc190c4fcda2ae633f61d813cea596fb63,4169,6a097fa45b8e0627dd77c670657d32543ef2c217,2525,e08dccde100942509541550962f251c350dae0d0,6444,e0d3ba5104276b45c231394946badbebe1322c3f,
E24453,3641,株式会社パピレス,S100YJ7Y,2026-03-31,6840,54238400ecf4f27c995b68c4f660fef2c9702497,4457,60f1cb4f13a598c3306a3e4246c070022dd60688,3048,9013d6d0f51a2a0fc14d3efd69dea4c110682cea,1212,a6881e9768e838caaddc8aa52477c53c3c7c968e,
E01997,7711,助川電気工業株式会社,S100XAGE,2025-09-30,4258,ae20fa6131da21db239e28e885241e85fd60dacc,1196,ce3da103c7a078c2920f4e351354a2affac04a9d,1184,de16bda0bf873e7c5e67775b26d415dbd3577845,1176,85a56b13a1eae5305f4a87af596a752dcfe05e4f,
E03310,7596,株式会社魚力,S100YGEC,2026-03-31,9501,549fefeca7caec66b9695e168e401fb95ecd3e63,5325,a0bc7583cb3b50f2de1fb14dcba469b6cae2b59b,4304,2299edd5c5d63dfa02d53f85e808a755c8373f80,3188,46a7735ce13f6312aca231c20c20e9ae532940aa,
E02804,7438,コンドーテック株式会社,S100YEX8,2026-03-31,6339,41d35c88a316c23e99f918ee1aed4c7a71006758,2994,31ecb9cb5a12c96777dd2e31dffb5b539db104d6,2203,4c23bceec1b0103adfcedf217882424df62062d4,3035,401bae11f52415d53c302074d57e27932a27131d,
E01940,6846,株式会社中央製作所,S100YJMI,2026-03-31,5004,69c3561014a93e7829d7e92fbe7053c090ca8b89,2496,2c37117bc49679e2e0622f96c90fee351db02ba3,1515,67ca3dd95a574dbad615c4b0029c9113e57ce59f,2830,c3a31a6a43ecdba713e5a4fca755eeb356075b45,
E02301,7739,キヤノン電子株式会社,S100XSYM,2025-12-31,5819,ab2dae27825c0e494e395a3f48b5bd201e2d231e,3326,4adc17d554600a0bd28017b3cfdb88fbf86de9fd,2093,54d299bf837e42933dd9fc8de9136ff1e7294242,3049,357dcebcff444cefbf30ee3b750bed3fe9eca65e,
E35139,7081,コーユーレンティア株式会社,S100XTYD,2025-12-31,6931,ce942009caddcacca526715dd85dcd7d7019dec8,4682,c95b128ffb4661eda891748d485575d7c898ce7a,2285,6b86d51a7892db35edb53f450819fc16bf79b585,3034,ec34ae6d2d7a68d9745c0651e77cb92df3841d4a,
E01547,6342,株式会社太平製作所,S100YIVE,2026-03-31,6292,db1065bd5f9a0a07873d78ba86efcda45d5fe5de,1393,de0bba5c6418514b4faac28ad006a9db44261129,2491,57f3823e9cee503a6bed5e25d1d0cb7f1bbf66e0,5108,124d21448f13b82f87726a64d5cfdfef77689e40,
E02269,7726,黒田精工株式会社,S100YK6H,2026-03-31,6089,a73eb692bb43e09dd8b6b323d8847caee66c0c5e,2813,6d90cdddbef441f91f0616ce03d7fc2584615fdf,1913,eb7dc9e5d7ecf1e02a47698048753232ca392319,4251,3d0c4d69c1a3aa0f1038339c7fbb59861521cd88,
E00276,1771,日本乾溜工業株式会社,S100XB9B,2025-09-30,6995,12908ccc459507e4fc44d913356e7b89973fd7ed,2177,4d2696a38a9ef1978f9e66a1f7d8284000f983e7,1743,2724047a80ff600ab183a3296e21a9dcbf5741d6,3181,9471388eb6c10be1b95682668d4871ce76eb31f6,
E35287,4484,ランサーズ株式会社,S100YFEP,2026-03-31,4092,8babdf6c3ad7df9a2a1335fb9814576e36980da4,7306,827f942bb7732d7d20ac92ce585cc86c1a97d335,3647,33676a181ef3ee1d70fd3514723604e401718492,5949,2c2146ca6e1af351094049eef26c2a960b170c20,
E30398,3683,株式会社サイバーリンクス,S100XU98,2025-12-31,6881,f9d04030f0ae91c662cd53385258a089bd59066f,8905,ab9c411faccf797362fdd8091789a605d739f2b7,5363,66898a3f57495a8fd75bcad1db023b357e922d55,9714,3f1924ef0f2197729eb6a6da2bfc00f1b462d4e1,
E02674,,日本アルコール販売株式会社,S100YLD5,2026-03-31,3835,40ef3e6ed68271ff7db0f6d00392da0a2ecf2314,481,3e531c398587e64cfbf8ab2deceef8e082cdce82,2664,0aaf20068d0ed470ea2b9eca25d81fdc87547532,2283,61b25259c9e3853453119615cf339a8c9a3e8fba,
E01325,5900,株式会社ダイケン,S100Y6RH,2026-02-28,7334,e8753d32acc5a89b720f38c97a3e8d7192ffd197,3300,92244db59b19abb70c9d8b97017222fc7f52fd5b,1915,36de777b5603dc0c7836831cb1278a5e63632af4,1598,bdf70e0ba4891f6d011b0438c51a295413ca6c5f,
E02267,7723,愛知時計電機株式会社,S100YF4W,2026-03-31,4549,6b76d70df9202985e0ad7091006f69e9d5d4cf23,2292,692ee33c183925b3306fd71ea84356bc87c17707,2044,57fd2046239621ce907e94d51ee25f95ce05acd7,5638,7a698fae035e9c08fb7cb6b192fc4652fc2c5e02,
E03329,7630,株式会社壱番屋,S100Y73F,2026-02-28,6624,a2242222ccdb53abee2862715f228756fd2ed8b2,1572,4c4458c02ff07e45f794a85d65038c921f7f452e,1861,b6d936464f2c17bfa74d5dd88d26f27e558f39e7,4805,05b3e0ac2d9f11ee587a1eb425a55e5ca4f9942d,
E03674,8563,株式会社大東銀行,S100YHKN,2026-03-31,13621,2ab48125be5268a8b9187ae5d728a69c7f56f8e7,3918,795119dc63d4d7f7d9e2d3fb54098fa3e8fd6c6e,2318,09fb59e14ba314adb1d28bf1e4c390b97b84fc0c,1694,a301bb28cc689b2ab160d78cee206da0ec2778e6,
E01212,5285,株式会社ヤマックス,S100YFLV,2026-03-31,7038,5b583e8ff85e6b4fadd1d6b9e0ee497062a167c0,1545,2bbf5a95e625b7d6fd2f1efb4474150c086d0f90,2522,0c970777ca3701a46f2c2a8a83098814025b7fdc,2014,cfd7c6b840f2af6151e95b8dc682de42ef62e7ab,
E36801,9241,株式会社フューチャーリンクネットワーク,S100X7HS,2025-08-31,6094,59f822bbaa39e4ee0108bbc03e6474e94bab1428,11095,3010186f49f990fd050175abed0030962d359c85,3252,5f984f7fb999503ba977874b7b15e754c82dc0d4,2365,ace2bfbeac4aec4f70650ee507b8d1d7de58038a,
E02803,7434,株式会社オータケ,S100WLHT,2025-05-31,5605,fe84484551bb4990b011c0634ca57a73ca4cf85f,1641,0f66b0fe5f5ba7d75fb92ab712fd5a296acc3b5a,1588,a843a6a53bed2d2580392379586fa3c4ea784054,1052,6f8a9bba0cf940beb1828e8341810fea73a78340,
E04123,9033,広島電鉄株式会社,S100YI48,2026-03-31,6335,9b78d964a2e2d27bed462fef51ae113b339b0e1c,2837,dfc028131a8443f4be2fc7b07f36273467e20e16,3517,d784deacb932f086086f5581cc787212097973c5,3514,bb861b2f8d67413f25ac3770fd929139e6178362,
E02706,9842,アークランズ株式会社,S100Y5KN,2026-02-28,6133,703a77fc86946b04babd01f1cf533a8fb67b5db3,5659,bc35d35356b24352458218289f997391bf746dba,1522,db6b8535ce031fc12b77d38206103f2060544d21,2552,ef805b8ac9aba4c9ff23583c6de6db79574362db,
E01422,5940,不二サッシ株式会社,S100YIDL,2026-03-31,6046,818c4b3cd90019165ef8f2cca48217a141ac8c02,1811,cd15d635a69b9f8e010985eab0bc210cdec7bfbb,2297,aab52295f7072becceb0f90894cd7b1a89e99b3e,16660,495761b777ace0949c77d326ef15fdd9262d06be,
E02470,7839,株式会社ＳＨＯＥＩ,S100XC55,2025-09-30,5174,65d0bfce6e2ae7ad2dd8145bb43c4f394869077b,3602,bfa75869f1e88e7a48b8f6006bfbea018669ac41,6804,8ff7a6c4dbacfbe5d8ee75d419b7e7f131f16d50,3247,9dd0d2dcb443a27200a7d2176f9d676fe975b931,
E05669,3841,株式会社ジーダット,S100YAUW,2026-03-31,5574,aa3e88ca783f7f97d2e97323ea913155150282ee,1273,3026d780eaa087839ce7c6c8bdac3f7abcce0b59,2278,abc58700f683b1acff1fcaae0ee60a942ff86b89,1121,b0c4d6cf33221f505186ea0bd0fe90a52b112354,
E05645,3825,株式会社リミックスポイント,S100YJHT,2026-03-31,8438,f1dc601ced6d324b2c2de7987934d4f7b4ed1412,11177,093d31886e78288ab3aba080e0313cd1fff6d06f,5822,2e0746a230c8e8cf9de1df21278dddf8df9bb92d,1715,1e98f47a3875c1cca120d70ab194991ccb196c84,
E34321,4420,イーソル株式会社,S100XV6D,2025-12-31,5279,adddb299116d3b1e22ba59edac625e860e45d2e4,3512,14c654a4e973026752b4cc9317d3009289d281ba,2172,5b0dd10e13bac96267908621afa9f5346a2a1e0f,3659,4c5e49b8c2465e7f823bbabdbeecfea748d16ef2,
E04304,9319,株式会社中央倉庫,S100YF4M,2026-03-31,6768,3f55bab268708575009236991ca2e376f6377cc1,8638,ccf0b826552b63a2109e052ae0900b798534b042,3292,4cdbf83b3da277118fd60394cd620cbe37453496,4391,dfa7e0d3b12298c6fbeb3c551b194c74575eac2a,
E03592,8398,株式会社筑邦銀行,S100YE9H,2026-03-31,12870,013fca6ce84a9882b84ed88a3a4a4fbe65378ae2,3869,721c9701b886bad139b2e56bf21d2e302dfbe021,2834,b121fe0258ee2d2b02f5e40d53fc0661456be6a3,3795,81a3a2e909c54740683d00095881ee3948d63951,
E05017,4709,株式会社ＩＤホールディングス,S100Y7D7,2026-03-31,8839,35bea1e0e4f407d3de67f11d3a5d017341e908f6,7040,dabb86c55b969154151ad043feeefec851a110b9,2859,bab1070900f7f9cb50aa29dad8ca419e757be4e6,5098,369142b26e6c919b9d4eb8c3c95c0c7c44f89550,
E05585,2485,株式会社ティア,S100XBVP,2025-09-30,6256,6e5c0be3c3af334f3723dbd4ee54e8fce7f90221,5225,1660473c034628db244efe15dfd6f517a4bc09a2,3243,0c03e7cd21b554517c2c0ac5a903cdcff4302b79,2427,56658403b26123f38f10d48b5a455b00ae3d4ade,
E27361,3673,株式会社ブロードリーフ,S100XS43,2025-12-31,7332,f62439d8ae8aa35c34bbbc7a1360f9a5e4d73d8d,4337,f44389e3da9ebce68a9c292eda0d34313c13dce2,3183,e60160251eb30198c2a73e863267c4d8acaf40d2,5004,69772fbba2f86e14aeabcaa9bc43309174e5ff82,
E01362,5915,株式会社駒井ハルテック,S100YKDC,2026-03-31,5333,ba29a9e915fc85b2cbd573ae6184ea194fd1afbb,4599,7c72af40a20d84318ca7c1caaacb2562ccd553ae,1226,1d315debb631aea4daf3371217b2c0da5f2b3038,1399,4125876c1ae32d6f766730a934b3c3e0481d90d4,
E01857,6904,原田工業株式会社,S100YJHN,2026-03-31,7821,094e1b09233c381829de3f8fa0f408a61da1ec8c,3188,63b9d90313808088373e374d243f29f92a649630,1594,a91f98656ee26c131237a36e0267cdec8e4d798e,4413,50fac696063b4fb25e930f050244fe2d31bf3896,
E21815,9385,株式会社ショーエイコーポレーション,S100YIVY,2026-03-31,5849,4e585df6ce007a5c42b564ac93e5265e0fbe3c4d,8100,afdc89aa50615ff2ea2de950fd53c41d01b3a9e0,1497,eba693f08d02ef1534b80faa31d14129040b0d2b,2590,760eaa1295e86bee037dddbfd424d7e991843915,
E38148,9336,大栄環境株式会社,S100YKY3,2026-03-31,6918,3211dc7d7a192592290fd961e3bd8751bae8862e,16786,3a1f25bdf7da588ad2496072dec4db39ec65ae52,4737,0c29e3b832bf61f7849ac1d372731b931a127c83,6957,c76a51b1221bdaa5d798bf68a83652d93e51ca8b,
E35821,4054,日本情報クリエイト株式会社,S100WQPM,2025-06-30,6382,3f1218a0d2849c369148d244599ca8a10f4123dc,4969,b18cf6c7e7182e80cd0de0c707fcbf14d932bf60,3631,09b219d0c6356f8af1616599283d42f2001ca708,2281,4ab4633b992a5d2961269e22a5ee235e0f219eea,
E01308,5707,東邦亜鉛株式会社,S100YI2P,2026-03-31,6453,a541ee6205844ca98a661e7ec289238415e34551,3646,a090020ef5373f02b7ff73973a8122f38618e22e,1904,043b560261a85f73a3b6b95395111b5e4b55f212,3724,27fab50fa1b5051f5a76ff51bfdb32ff36308908,
E01245,5484,東北特殊鋼株式会社,S100YNM9,2026-03-31,5613,95284d76ae385caaee065fcdf9e125aa30235719,4557,f23691f9bd0191bef47eed9a8867d05b9cdcfb1a,4138,e0a55993d96aea05a9e5ceede908aa09f04ae35d,4647,b1aa4b058a2035341950db5fc6e121c861881706,
E05428,2415,ヒューマンホールディングス株式会社,S100YIDK,2026-03-31,8059,354056e1245affdebc50d8d6d2d2e337603b9d98,3658,bf6448085dc97a21e1e03f9b4b7af6781ade41a7,3546,c3bef3ea617069868456a90de01a851aac9196ab,1808,2050ff8a4b25bdb437ce7faa2189763b2ec9cc27,
E02138,7122,近畿車輛株式会社,S100YI50,2026-03-31,3737,13f425097074ecca573573e5c16f630cd4637a07,2366,2dbd1affd7338af72ea848a04ad7055e9fe92b24,1023,072a61b045c3129390ac87f7fa82d8cc17da70c9,2515,54d08ae3f8c0b40efe918900e6d13069d1f96fde,
E39222,5892,株式会社ｙｕｔｏｒｉ,S100YC75,2026-03-31,4189,68c3c94f2bfe3ee1fbd313dc827adb30a2d9778e,6690,83ce98edba90b7aeb9f4964ffc09385c05e206d4,3514,ea94de3612ab27dbcbb058716079fb5fffa91690,1631,263d2189ed189a2022c371495fb9f3d6d290c379,
E05054,4736,日本ラッド株式会社,S100YGDA,2026-03-31,4694,7d5771795bbb45e6e32037aa47e2989dec5e91cb,2378,78bda0babb707dd2a1d2c06f64b2433d0ce8ce5d,8072,8b82bcacada148b75a7bfe537289fac9ae150a0a,2620,9a9364560aad6fcca4992e9d692f35d7983b3aa6,
E41331,550A,株式会社ソフトテックス,S100YA88,2026-03-31,4755,65e10b545b245350c462b4c585dad0d7e7d9951f,8763,bb330c642fd5877b1ad997c084225815fa8362a1,4894,3ae4c84cd9b4a2f46cfe7c88fa6fc7154f06f51f,3398,5afc27cc57342b81b0651549bcbd3311fd2d114b,
E02201,7277,株式会社ＴＢＫ,S100YLAF,2026-03-31,7803,c7ff198141d6546e3de7233f0a2080c4a67d933c,4097,d8ee611bae311a7c2d9c94041857cb5426ad52b1,2591,247b7327fbd10fef3873d8476e2058b0b27ee5a6,4799,846fd28efc16268893a819c50fb38ee375645361,
E01652,6497,株式会社ハマイ,S100XUXN,2025-12-31,3255,50ac43d9660c66e29c0c51b77e9633cc2da30903,994,6abe86bcfb34fe4f007ffd8f5f93059c5ff7a37e,1415,00422a13d1d82a6926eb50f1739be6c3b77090a5,2298,d5a33b85b45017d562d1a9b9ed9b3587a8aba06e,
E03176,9828,株式会社Ｇｅｎｋｉ　Ｇｌｏｂａｌ　Ｄｉｎｉｎｇ　Ｃｏｎｃｅｐｔｓ,S100YCXM,2026-03-31,6955,911f46443b89d95e8f323cab88d9d829de8b2440,4034,31ea9cc34433ecbedce2fd40746f01daa5ebd636,3164,1c1c4955991d3e178e81002f1861050fa92b199c,4656,9e78e75addd6060a478162e18d691f3eb70c1fc7,
E02442,5956,トーソー株式会社,S100YHLG,2026-03-31,5700,d24523239721712c55deffc27512bb1bbade4850,1241,7d62a9063317179226e8b3257085b7cb5635f5b5,2082,082c68a6b01d7fa58ed205f4f7efd6bc6de7d118,3821,188b70beeab493b5398994899d607177b356b53e,
E00687,3892,株式会社岡山製紙,S100YYF7,2026-05-31,4719,06df4bb6a4d607ad68b4420c09a233a19d91d2e7,845,ab906155a7da06be664c10011850c73b71682e51,2374,8fec883c116b63978515c11468d3fad09559fd21,7918,bb04201eed03b83f1e92a579a1f4896c08135d07,
E39136,5868,株式会社ロココ,S100XSJ5,2025-12-31,6128,f92ae27f2d2470855cd74ecdea72a77381971022,8176,ac80f2b6b0dd331fcb7200804687a939dd4325c2,3438,e3433abfad056f18dcde1fada4d1f03aeb1c6997,2492,501cc09f5d98adb7f1887bf826f6c3ab04eed7c6,
E03361,2674,株式会社ハードオフコーポレーション,S100YHYF,2026-03-31,5115,a7147ab11e3df2633ab69067a16b74d5b6818cd3,2732,9cddc4b61cc69bb5431be9b2424eb57a46631666,1802,249cfddea020b78e9f1fb38de2a6dd41b4ed54c0,4465,64aefd15af7c7624789e9d156e3027c02e3445d2,
E04339,9361,伏木海陸運送株式会社,S100WQSP,2025-06-30,4267,83ca00d65af595b22f5b115cbec20a2a3c3e5c0d,1059,5fdcc51af53dea03d1ba6c15a39fe6dac56f32f4,1043,666f6720530c8713e27205f08778dffae103e053,1138,baf2bfc449c864047d23364e8cbefe0cccb00ff3,
E05201,4288,株式会社アズジェント,S100YGM0,2026-03-31,5147,c2c9cc93484964a0c5c003e415194b46238690ab,1998,ee5bcf3f132e1cf076f1591f8dfc408c15f6d1a5,2118,1c0ba95b5fe2a1093de4e24e449fadaaff0b886f,829,fc9d680458e35bfac31f1b5f0c9cf2a3298c0754,
E01032,7927,ムトー精工株式会社,S100YGVG,2026-03-31,7313,b498ec425161713ce6437b0ec85ef8e1e61bac0f,1851,268c8afdab997945a392531430bbecc32a4e1983,1022,fd853df7ee344eb71507b5471946464487af4d32,2209,87cca697ad98f6545af771bcc3c3fc204e9ae4ea,
E01188,5367,株式会社ニッカトー,S100Y9NY,2026-03-31,5632,30d5fb5b48e7b1974e38710b1704fc60cf98cb27,3462,a1214c863c11a1608ad068520b87bf731646d21b,1783,d09b06535169293f82023cd72f7e91b78d8056ef,3571,322d7d4a5347c1c89d58f83cbe5af4c3f2985e1e,
E05065,1738,株式会社ニットー,S100YC8S,2026-03-31,6053,7c994319efbbadb004dfa80ce3859b8262c4f211,2498,aad11acd3daeb5418fa6bcfa271f6a044f039f95,3585,62ee352ed6d5c58dcbe18e46f94d1b939b3aac08,3156,8953299fa30803dd04a080a13641d788c92e4636,
E03052,8173,株式会社Ｊｏｓｈｉｎ,S100YHVK,2026-03-31,6885,36412963a5bd49cfaf91c9a3cc2a4e7123cc04d9,10435,0da37d5031f47d57006dfbf439d8d4859d975a08,4497,799de7ccc974fbc3d416e797718f07bb38f65593,21526,a73f4daf735b515acd3678059dbbdd4d4ded83ee,
E05182,4848,株式会社フルキャストホールディングス,S100XTTU,2025-12-31,8488,733c9a111f3e80dc92ce6daa7fa378364fba13b1,6764,a33be3b7c37480903faacd490d3510876187b93c,2864,8431c35334e6bd54e1d0be06c8a1df049161f8cd,5789,64d23582eba2759a72076924d3f9b0ab0a704a54,
E38335,5257,ノバシステム株式会社,S100XT6D,2025-12-31,4654,9d9a78085bab0f06358ef426faf36a6e3dab56bd,7110,63c7b1491cf1c406a93770129a05ca911b89e171,4696,52e99150643e441bfdc90340a0292c7a46c24569,1817,ef6794e6b7601ebfdbb59e974e11478109bd9660,
E03173,9823,株式会社マミーマートホールディングス,S100XBFS,2025-09-30,6107,b54ded5fb008e230a19ef9850688e699a92d1d9b,2532,422a4fef8284b157572399db534b7d8f2ce815e2,2018,d6da826ae7da680f9f595f3bd56b5305e05ceb66,3201,7b56a08a5b9e048ccd74a79450680a3529fcfa8c,
E01236,5609,日本鋳造株式会社,S100YGG5,2026-03-31,2772,2c1b8c7859127d8cb32e7d91f3afaeb787ddb2b4,1372,bf1a8686d8ccfd3a0f88c148cb650d771d77d4ed,1277,0971db074597f760c8c4a5cc227f8d422e981201,2164,9501976cdc117b2c3c179e423a20541818ff56a1,
E37790,5035,ＨＯＵＳＥＩ株式会社,S100XU4M,2025-12-31,7461,f09c8cceae910acbf0225168e1094ab274d06b18,8531,654e16c82eb1a7ea4b1977316532593529f12935,4865,590314a94c2b4326c013c7573253fc772920cb26,3808,2805430ee089a9f6c6a8814a1dcb577c626854af,
E01276,5491,日本金属株式会社,S100YJG2,2026-03-31,5248,a2c4e7bf17c9b435debaa2c2d5918056cb998aae,2738,f105d9b21910f2470b786dd862e79a22e6da99ea,1412,acc933f2c3ae9fea5e452f424cd75016920211e7,2949,6d67ab67497c400a7a450d63879b56b271b652a7,
E04044,8999,グランディハウス株式会社,S100YIKY,2026-03-31,7938,87de406241ef0fb0b18c1a8508ec0663caddafce,4699,8f289f583fee13f609c8dab4ebec07641f734895,2794,3475c0eaf0835b13e64302c71605be679fbecb4e,6334,304378a4b8232a5ff6f9d086b5b380122b79985f,
E31379,6044,株式会社三機サービス,S100WLAF,2025-05-31,6275,f0fbe50d1060a7efe7f0f66805bf34420fe8c0d4,2611,145e195a9ab624404d772ca96b8a163adb46b353,3504,df948212f8e0617e5e1c5b7d086a13b03f472bff,3326,59ae274257a1adc39f27339e02278ba2071dea81,
E05351,2370,株式会社メディネット,S100XB0H,2025-09-30,6201,34f6e8cd09b9ba481e1704c4eee268442903a3d6,6304,1ea5e82d20a015455c7da7a9a6baafb19536d548,2312,c51d9c8d6e27a94ffca0549b78447ce08bea1675,1625,867890c1a785b4f43ce2a8ae1e9edb60da961dcc,
E04018,8920,株式会社　東　祥,S100YI5M,2026-03-31,7769,f24acc312c02e5172b96a22ca769b5aeab5b6e3c,2563,273c7cc6312b29a0aa9e5e9567cb92a186845db8,2942,d0ab3dfb8496bd470aa233ba04164cb8e43374f3,3245,91d41531dc6b73978b851f773266f7f9cde23da1,
E03446,3349,株式会社コスモス薬品,S100WLSP,2025-05-31,4841,e83910c6e6ce501b2b61655d9172a27c1c785120,2197,8270811dbf096adaa26af307e2b719df1dfcf236,1418,8dadfe800a974a00ad9937ad73e8baabc9bebca6,5428,f834ef19a40fe0b25a570392d2c58a41856483ef,
E03669,8560,株式会社　宮崎太陽銀行,S100YG72,2026-03-31,12206,4cfd3feffdf5b57c1d2f274dc2bd00b907e83d87,2219,f5411f0c1da15de97aa68f6b9e96f5a962b40286,1703,0071f9fa56c094f6ebec24ddfb1ea171532a9555,2672,e4306e2c6e1b9befb7d621670270197b8e0d5fab,
E00481,2908,フジッコ株式会社,S100YF97,2026-03-31,7482,354492722abf6a8a494cb7e12ede54ad72d2e93a,3566,d47e5d7577cc93112f18f9c16064cff4cbd3af4c,2445,b5b190426170541673e5cdc34858ea778b1ce97e,7813,5cca5075f0167994fe987b1f8749361c3eeb3728,
E01352,5821,平河ヒューテック株式会社,S100YKSU,2026-03-31,6253,79e8202cce37c2a746c6edc5d71e124dc04c048a,3818,e0ad34daa82fedcc02f28634e00781768a54fb6d,1987,27f36acdf52e4eb446091025fda2f5c582d09964,1363,d46dad0d4f561f2e97177cd4ed911bc11dcf8e4d,
E02699,8226,株式会社　理経,S100YK3T,2026-03-31,7261,4cafaed556145e247a2d834f2a03fd57cf527d65,3027,d91b0ebe588d2faec6e6025ce3154c70be74f6ac,3939,ecc645a1fe871fcc0d40675d1dd73706f5e4cb39,1930,b28755bc3aae0ded581c6f161b671d2e3be91321,
E05493,2445,株式会社タカミヤ,S100YFC3,2026-03-31,7904,046fd263e80e271dba4cfff83d2659c942055dd2,3542,ff1b31293cc639f225c03d60c705c14c303cc960,3059,8a38ac02143addc58cc51b481600c16617d2d8ef,3313,ef4db1ad9442b841aa85120648c4afb84c190a4d,
E04385,,株式会社アイビーシー岩手放送,S100YMT7,2026-03-31,4107,ae5b8964101a04ee6a73f2910b1311e68cc0a853,1017,f265bacb4ab64b53df3317a2750980398f0cb29b,969,15d8ad8166e5fefc65bf0a6612ccd5197d58c4e8,903,93ee7a549b5b1f89b6a73170cb4fcea88c27eabd,
E02441,7877,永大化工株式会社,S100YJVJ,2026-03-31,4170,2f59662c0c88265ecbd07ca3ede0fc9c22c45e47,1508,704c38c867118a4bbe083d671d47a24f6ef0ca25,1118,3400e03b1834daef8705459b3e80a71f97f16c5b,3249,9435a1c7eaef1815d39901cb376f8f4a18cf3060,
E39349,137A,Ｃｏｃｏｌｉｖｅ株式会社,S100YXSF,2026-05-31,3896,41b047c2fede059a35b19c3acc93ac68a66f697b,6423,3c0ef6529508c647e829224eb577df9762fdd713,3981,5d9eb0706ce0e148b89ce77e3dfcbaf432719a0f,1404,4e7f4ef786b6ba5ecfb495a31f244063e42e3294,
E05504,9428,株式会社クロップス,S100YDQV,2026-03-31,7544,a7c587c1555db23baee443365acb0f6e76fdede2,5598,3e9408763f5de5a7ee2b3e2e4f9f2cfe7ca9a887,2620,4e81355fcebeb66ab3a619561b48eeca5c13f26b,1810,9dedbe54875bb64d65ea37e636734a144f69ef84,
E34065,6699,ダイヤモンドエレクトリックホールディングス株式会社,S100YLYF,2026-03-31,12079,021bc0b3cf654462e15fedae42c856c9676fcc84,3987,ed97e408752e782198c56e0cc46458df700ddd9a,2045,b5ba77aaf41008fcd948dbf5655a5c42ccd63b9d,4753,15dc054d76c28bcef1836aa76debc004bcc31af3,
E05659,3835,ｅＢＡＳＥ株式会社,S100YEPQ,2026-03-31,11312,aec6d1e2710a02c364781b90e1c3b489798d925c,7760,ddc95944b6689a96a4223bd72da0e0f4e08496b3,8395,4a9d3a5558eaee74c12d1b7ecd1ebacac86e8f30,6636,d95d4f6d6e2906ea3ee362b7e4371add49d06f7b,
E02238,7219,株式会社エッチ・ケー・エス,S100X6JZ,2025-08-31,6332,179a7aa4b3fad058b1de3c54443a45b12ca18a5f,2118,f7e76be8d18db41dcf391e7102efb89e80556e26,1749,49ed1f5f32ae7e6fb35bad2d6761556b2cb6fbe5,2082,cd5402b2ae93c4dd64eb124cbf36c4649775c456,
E01465,6264,株式会社マルマエ,S100X6CU,2025-08-31,9573,b999849a238aeac04068e342c9589ceea5066bd9,7490,4c9927bb18734d4ffbd56ba01b20498b6e102e6e,2711,aa6c6ef82f30669a5b7338b22a015b2da4fad67d,6325,e57c4ca5c810ab59e637c31f2796fbad46161e63,
E04109,9046,神戸電鉄株式会社,S100YAZT,2026-03-31,7435,9320ba8859035710a283fd49e8508610f5397e0a,2666,2752ab796167822826dbea577de7e4074dbcbab8,2603,da9fbed9c700c20753c082018b034bd986f64de3,6247,ed79d53b7ca8d8bbe7acc9287f79c13e6dc3bf1e,
E31343,6038,株式会社イード,S100WQQU,2025-06-30,3769,e6636394254908a6e59ac94b7d35b8725bc76356,3309,efab773dad0ea2fb503e540fc9dff5a73fafc9fe,1424,3b0d64d20120f371f85f6ea4d2476580db7c60f8,1328,0f34eddae58a678401dde5c826dc564477eb8c75,
E03081,8276,株式会社　平和堂,S100Y2FB,2026-02-20,7133,37a2c15a07996809252bbc8e00b7a8f3b026b12f,3977,672430e015590849d924c9b5465cfaa5de94f05e,1676,fc2f57290d1ecdc2b37c56435524193e9b57bbbc,11722,1a2c7908b1a14075385eabc17f694e55ad787a6d,
E02409,5906,エムケー精工株式会社,S100YA6U,2026-03-20,6780,e0d1f9cce22fa525015dafd798e4c9d42357f112,1577,286f69499190f5b93c3eed795cb80d3d804a8ae1,1593,d187441a27c02b564e4fea933add28bbe9eae3a8,4433,7a11736460b2431c8376c7a39b126b6f3fad254b,
E41115,475A,株式会社ギミック,S100YJX2,2026-03-31,5521,000937d0c5870a21b9ee7236f028927a2ea50459,8424,08a33897099aa6be4b285bfb2b4304ec115773c2,6413,87253eed3afb921d8c8414d4ea26db247210b4ef,1978,1cfda4ecebae575b6257126cefe571acdeb6bf3b,
E35187,7073,株式会社ジェイック,S100Y1BL,2026-01-31,6232,d93053cad08cea72d301e6a1246711bc1428142f,9131,c60a0d8cb135c4f636dada797a00918ea79e65bc,2122,2ea578d27e326fc403c3bb584fcaf06181860914,4279,90aea3683a6cb26f64098f856cd83f2f3c3ce70a,
E00631,7822,永大産業株式会社,S100YJDA,2026-03-31,5671,d9d5f78c401e52db2f68927265e9be68436a6723,5178,b9be19d5f16e3a22cab6f5f982835b59c34d053d,4411,8a531b992fba9d82bb612c5f3bfdecd65e1a93c7,3561,031b43bb4be3ff9ecfe941f49ba4529bb522e5ab,
E01531,6222,株式会社島精機製作所,S100YIO7,2026-03-31,4275,bc587d2454237face3111dac185e0de3320c4b78,6753,6b7bc342eee30d3c6095740a934df7bde9faf6b5,2140,e6dbb6452d95151bf427054db9abaeb288f7eeab,3147,036bd7631a7a80d51be4d25762c00be2724dd3f9,
E05458,2428,ウェルネット株式会社,S100WQVK,2025-06-30,3994,3338e1106ffb25ba1f8a4be73cda4a98cb4bd107,3320,f6c24dbbcae908e1731261aa07b812f91ceff554,1814,65d921e23e9d348b1886dea0bcd96cf442e68894,2116,86c564a444f72518b223ea242c8f57217e816bf0,
E27235,3670,協立情報通信株式会社,S100YG51,2026-03-31,5712,80285e8b3760a3aa506ddbe4692636e59042c9e4,2662,fe3553b6851e936c1787bd6d1655d57d790b6b88,2265,07d2122817b32a453ee44841e29ca2f45d2aeab2,917,2fbccf178717e6ed8f96789aa6b7aa21c66a1b2c,
E02069,6737,ＥＩＺＯ株式会社,S100YEV1,2026-03-31,6946,58cf89c1a07fc69900a852ad993e6a645f407291,5294,8826a42d552165899171d6bf0def4793c3390e93,3807,7be6c9cce081c421c643c5dc91dfbefc9fa3c68b,12012,732a39f4b7d440e0ee73c8fb79c82530d4ec9568,
E31023,3901,マークラインズ株式会社,S100XSGJ,2025-12-31,10104,3a1af80ae70e108d4c29a52eeed8e0e6749f8bab,6582,32ea1597b385075c5a491d0045b07b0a2d3ff46a,2726,64b8bcb6cc0665d4fd41a8b8826f16146b1fee37,1982,33a495198b045e13634134ba336038b782d37058,
E02296,5957,日東精工株式会社,S100XVV3,2025-12-31,6274,68a407cfbc8cc6517268e143d07d09735ad19cc1,4662,8d63ac38e38debf960fedc6f09761ccb7f52aa33,3233,1e1d5d6063dc2c8953e05b52a22eae1964e3830f,5226,a4310d9526334f3f226c8eda9383d7b469594117,
E01408,5905,日本製罐株式会社,S100YK2J,2026-03-31,5436,5c62bd624edb2ed2ed901f2e5f1d3703ddd37c9e,1150,7cd5baab40ae15448c4cc6227922c2d16830d0bd,2783,74e1a31b60856b5125f84e0da9ce08a081989102,4400,d02d66696bb9a40fbb23b5c87b600b657bd3ce80,
E38689,177A,コージンバイオ株式会社,S100YB5D,2026-03-31,5904,1717d7af75ef96cfeeab6cf95b5eca39c814722d,8399,5c0cdf4b5926ce0002c5af1c8f22bec94aec61f2,5391,58085416be76d365561432cc1f3ac378ae14ec25,2567,ba44341166fd1ece21e43563422c5c4e10ef2f0e,
E00385,2220,亀田製菓株式会社,S100YEEA,2026-03-31,12318,90b46ef3f44f20e11fba35df027294e39b8bd7c9,3572,6fc25d55729e6be827cb51b7cd8adeceab94c0cb,2399,d636b8b1c41611cacdb4f81a898d884e0763b9ad,7173,64a99063ba5a4bbc229660a3c7efc47f8cb0d0b0,
E03083,8194,株式会社ライフコーポレーション,S100Y63D,2026-02-28,5777,faa3001b9c2d89b9c1513a541a9436989b11e726,5589,fc010f22c0be453bfab9b2cfb68399c93e4fd125,2391,fe2a3a5482dc6953876e482a155f444b5ba35c18,5309,69f555f120552bb66793479802a3a580d3180558,
E02028,6655,東洋電機株式会社,S100YKQN,2026-03-31,6011,f098f941d722ee6d74abcd70e84eb50953f24c5b,1807,939c47948b9b943722706671c0e9c7d0be0b1e92,3048,3878d9bd5eedfe6c22e4edb76db5d6a1abb9263a,4055,152609b3366c5474f4ef91e8f4aa3fd4329428e5,
E02464,7847,株式会社グラファイトデザイン,S100Y66O,2026-02-28,5087,34c91cdf35c12fa566e9a2dc4ee9096be3841b51,2251,37f3ef958c8e9da924f805951152539372b8ae0a,2167,07efe061f300c9a7aa9abe29875f1d9d67368055,4301,f412129b50d97e13db476964d2b68e6241d8b1f9,
E01260,5446,北越メタル株式会社,S100YG3Z,2026-03-31,4263,798f81925b2daa1d281f9c3dc599444cef54529a,1664,05a6cf640fbf4c9ace18895f230142cd97a83c0e,1130,0867b4c796a826bdc375577f39f4e89b491c60a6,3422,622658c7fbfc06fbe312358a31994dd35dc1a716,
E40066,274A,株式会社ガーデン,S100Y6WH,2026-02-28,5187,3a4a1c4586351226a59e0bb507a2fd0212ca3d4e,11137,6c663a11a7a18cd627d61b425560a78388208476,4149,196e824178b592be21de628486f03951a0270b10,1702,2900addb03d0b32c2f716fc60725da3222657673,
E04849,9698,株式会社クレオ,S100YGVQ,2026-03-31,5192,66aaabd2df65b5d783f8e94671abea52eb6f6291,2046,584fc935110b29a8b01f0b6b03a3893d1100f341,2033,b0554acb4c8b45c4e09a1a7068cfd511d5675813,2723,0d89abc6d721d6bcd486143006adede0ea51cfb1,
E31408,6040,日本スキー場開発株式会社,S100WWGS,2025-07-31,10785,14250fbc4edd163f9296c43c67ac50acb2fd07fb,7098,88898f71b02bed8fc0d1e852e798b8c3c63342f8,3299,28aeec09dfb20eebc4731ab37772fc38dc555f59,1413,76e41f01cc86c4180bd16f338f9f7788297c9a41,
E02331,7716,株式会社ナカニシ,S100XU9P,2025-12-31,4956,516f2051142ddeb90bf3c17862fb46db740c4292,2811,31c918b9e6f2a24023f7f83d148104e82fb9e833,2300,796cf5e39b946174f5ac4869408053dc87ac9a79,4072,0a306918553c5c074898855c5946987084afba2c,
E00584,3583,オーベクス株式会社,S100YK22,2026-03-31,4732,d40a7f59b3de11401cd3b28725272b576c48dae3,2367,ffaaf3db0abce28633c5ac77ab62792b5f66738d,3728,aa10cc100ae21e7e00f1d466b4fca14fd7b96417,1750,d6a12bf0a0a8f44d9f4c0448ca98486bc3c333b0,
E05417,2411,ゲンダイエージェンシー株式会社,S100YEOU,2026-03-31,6760,62e66cb1efc7d81e5a281e252c114e57ef8d32d8,2408,7f39d256ff9e81eb55b8181dd8b67131f46d41c4,2519,6b66a67b24de9eea99228916273dc369f9f1e3b3,1934,661df15eb48569d2365fe656c4c7519b12979973,
E05145,4801,セントラルスポーツ株式会社,S100YEYH,2026-03-31,4836,b35d798dc655408d53a03db82c38782fda9dc379,1395,fbd4d94630cefa49ebbfcccce3997ea5d9e07dee,778,ac45d37d88819924da4db3648d23346b24a32ffa,2764,611bc1784a1c5ef98bb5df5c3e210bc574988b75,
E37133,4413,株式会社ボードルア,S100Y6J0,2026-02-28,4182,44867cb33c7ee75cabb1a04e9f0197a3869cec46,2746,57ca79c9abf3b6798521b58da76780c76c6c1d52,2338,6ed0c285ca8505f50dcebec90a5e788791cc301e,2002,2a83ad43e5f11eafd1991fd0ca7ccdf8fe9cd6ba,
E03565,8365,株式会社　富山銀行,S100YFUZ,2026-03-31,11067,b69b32ea9469687084e8f1e21acb54b32ab62e61,6185,02e3b65071d18dae78743ec3dd0cf9ed8f18f957,2968,782c69ce7b7541cd5375b00a17675cd1733ee920,3577,7dd566ce6f7b376b8d122eade0e85f7f87ed5d8b,
E03343,7646,株式会社ＰＬＡＮＴ,S100XAET,2025-09-20,4619,63e132591d8d81a772aa6cb7e9f1a43206df0056,3740,014114b7a3b11ecb885473246546ed3abc668236,1609,b2ca801de011121270dfa2cd5dbd2a03765078aa,2471,29be666b3d602e3e8159ac5eb85d7d8cb73df5e4,
E04196,,立山黒部貫光株式会社,S100YN9U,2026-03-31,5869,14b6ac179671870793f0df9882478fb92c3456cc,1040,da1171b817adac518423c8608033adf7f0e8a330,3541,9dce89cc5f0930a72e28dbb97fb77a3397b43057,696,9c43d56d073607a5545b49b2f6340132fcd9b822,
E02012,6518,三相電機株式会社,S100YE1K,2026-03-31,4940,314feb3e693b73afcaadefbb6fd8788fcd927c86,1161,e7b52be7b6c8367cb3ffcd1cb25fa7a116b071f6,1532,be3e62d340ac1a86ef9818b6a046f8de829d2852,1314,d37be68bb0b0d670372e3e334752909954764a02,
E01218,5381,マイポックス株式会社,S100YFK2,2026-03-31,4506,6c26e0485e2fdbd19d0e950e1a028151d9020bd5,2794,cc0c9a151b0fb0b4ac4caa2d78a1538711d0546e,2144,f72f7e54d9b908067f0a76e033e5730ba2992a88,3420,e29f6ad94f64bfb81e4f4181957a40ee025d4380,
E00527,3103,ユニチカ株式会社,S100YJHA,2026-03-31,6103,8d599d0ad010781bbf6322dc8b7432f296234592,2917,5cf1bafb89ee48483f5edf5a1714d66a1d96d785,1428,400a9027ad662791878ce9da4c465f593ffe8a27,12144,73dea18b0ccfa6db99d223ec8c780b204801184c,
E05254,4334,株式会社ユークス,S100Y0NT,2026-01-31,5010,4fa2f68d47ebed8497e79d8cd37180a76632c106,1662,4ea2f5e91dee15bc5d40cf9fe01e062150e673fc,1174,8022af15bf30799b92829a2dd03ac339911de118,2069,16891e64051b5b11d978e35c9cbd095bed3cf672,
E02462,6400,不二精機株式会社,S100XUJ9,2025-12-31,4220,c16dac5272cc2d3eaecfa0b40781c6478ff985ab,2828,e2896e8e3825b1d0aa3dc97c619245ae6113bd98,1381,826daaf51c1ae8b8d5c534dd0d290ac45f743a2b,3631,9db40ecc6e108806d64bc6c7643425e1b1eb4e68,
E02779,9986,蔵王産業株式会社,S100YJ27,2026-03-31,3564,000fdcb9ede2966f00d7212c3fd0fdaf1406ce22,3299,2701fc7f2d59d5c4f08d0bf0bc5712b33789e8a3,1806,8f300fe7f3959fa9fb9e670360eeb4ee9d091827,1841,0de0abec6ecc9791ab696cc18c32976c4e9fb172,
E03439,3333,株式会社あさひ,S100Y2X4,2026-02-20,6112,07a5781330a51dc784b88e8645b1c80f567176e9,5197,8a2ddcf14e15c065017068b208d9bb33698fa11d,2686,5862ba32529740468c0d19288f6db22b487926c8,7023,f83f2dd7176655e379508a9f0c4c3b7bf91fad81,
E01411,5986,モリテックスチール株式会社,S100YGQQ,2026-03-31,4510,da69d720ab3954f0451863096b53113e463cf90e,1126,839d533164c43f956c34350dd8a68990b5fc5152,2720,e68ad1f2ec9c8edbcff26766c7feae3ffbccb5b0,3825,b1520060ff583d936ad56103aa067f5a3c8f1e52,
E01275,5458,高砂鐵工株式会社,S100YH3H,2026-03-31,4121,a17946b707c2118a4511e30ffea070b497591098,1678,5ee29a5e5acc7bc7ad0aa026f523e144385611f6,1536,bcbfc123caf03ce269979e4c40b94df80887dbb1,777,81cdf9561108dd6b91017d40f59340bbabeddab3,
E38373,5241,株式会社日本オーエー研究所,S100XTGF,2025-12-31,5489,c4da2667adf241b4af62f4fbed99f7a2f89b34ba,6498,d3a4afd0ef6497b02658f649bbab7181269e3673,6210,0df00bda7232a4e65fd89fdbbd8cd5dea3c0045a,2252,a8ba89b5960c801f668f26d86fef81f672feecad,
E02538,,株式会社トーハン,S100YM13,2026-03-31,4948,97c9dc168c2fb67580d7aa2b0e77cd12aa7dff0d,1738,9573c7568e0f78d02492a64d032c78023259a5ba,1483,ee50662c7a033f56d4bac29f2a80f7f8df5203e1,1809,80402a9e824e657c3d8346dfac230b05ac694c33,
E27043,6087,株式会社アビスト,S100XARO,2025-09-30,4265,80323b13956a6532d7d121ab9318f40ad532f569,4280,62ec7a876bade5abe8a273602f13f66625dfba8f,3444,706105f5090df36cb2df0741f9c535b3f9cbfb29,4826,97ee709aaf1ec48a5fb9f56a79a8b60cc26be9ca,
E00664,3944,古林紙工株式会社,S100XRPZ,2025-12-31,6335,fdf03a95d5ca4c093122d3b57ca252e46ff93bdd,3488,3747eecfda893b6c8f046947e70e7338da3a6929,3841,3ce89923006d7ff9b064ec088d6179d89e5ac1a2,1314,7fe8170cf821f97935ef96d87660e9a4b8dca6ed,
E36133,4935,株式会社リベルタ,S100XVNJ,2025-12-31,4882,6e87c321caba0070c5979f1d9f0bc039a321ca8d,6682,95cc284395f4d142243d7ee80f087a39380f5179,4110,27d23758939b47b496a24bf3facdbe5e9eef189b,2216,2072643f75d279314b42ca075a74089e9166cd81,
E01584,6317,株式会社北川鉄工所,S100YHUP,2026-03-31,6263,786407f68262e24fe14f4037b0e03e1c13ee6104,3326,14083d91d019a06baa0936542e3514dc50947908,2727,b3894a979e50093ac94581390b831274522a4f23,3923,c84e918eea1258630f3751c65f66ab1ddcbd7d6e,
E27303,6073,株式会社アサンテ,S100Y9ZW,2026-03-31,3186,e7f3780cd043f58570f61ef5c71a4210a92f45ff,4065,428a3d9a8dcbe257c0b73e828c2e5c62b249c7af,2401,8f23b4577ccc7e849e878a7684c306b7487b0e88,4173,c264778519266cdce0ee29741f187e82c1cff38b,
E02759,9929,平和紙業株式会社,S100YGD5,2026-03-31,6240,897ab93edd4f6b79a23d3a7ab2beed3c2156957f,4124,60ee5d8584ebf7e262c3e06900b64ad97c2071cd,3267,c934955b212bd9269b8026aee57821387e5507bc,4520,401ec5173803be2e64401538cbbce0a20b82f85b,
E27063,6165,パンチ工業株式会社,S100YE8P,2026-03-31,4985,abc356cd21af7d83a05e8f507cb6fab3e02c6de6,6978,d5cba0edb7354872a3f2f31e26a39b349b863d9d,2901,848ccaae0c550171f6655c8e8ea45fd186d331a0,5463,1ebb1e445b0fbfb4b83f0334833ee0c08d7f1c21,
E03395,2742,株式会社ハローズ,S100Y5WR,2026-02-28,6182,1f29df5f3f5ac2b2671442593dc6745187a4711b,3963,8118c85f133eb1a018f555043472e03871e3c3d2,3256,94d36c19e2f617b61b7941487e8d6d5096c1fd7b,3860,d87ae131c710a45d1d82ef885d2eef9f66c01a15,
E02246,7215,株式会社ファルテック,S100YEJ6,2026-03-31,4819,54e17dca34f60815dee5bc436c3ae878fde22c15,4642,7057fcd809e9fe587ba0f4b8c989a03a1900215e,726,ddc7bf0a411b26322b4301e9b39a6c0c71b3e529,1773,f108c2d4e60c65045ede228863f5555fa2e78c91,
E02025,6424,株式会社高見沢サイバネティックス,S100YEQL,2026-03-31,4391,73bb018d5029fbea40e79d7547ae30fc8b009618,2206,d5edf0dcff2b7024e03581c644ed5f7c45726f38,1100,bac16d5f184b051b4e097195515dda0fbc3d4a13,1611,deb84096a83c6df2e29bb495535d71fcc069c6ae,
E35294,3449,株式会社テクノフレックス,S100XU8H,2025-12-31,4472,2d2a69bc70fb84c51f3e3582943862d93ce23d99,3688,9ad5a049bce28a0fc5239d022fbde3ee0fc14104,3884,a0a34db1c185dca1f97ffc1110310dbf8febc108,2562,99b834fa1a8e76b9e0730ed399a104153f9f2875,
E31036,6030,株式会社アドベンチャー,S100WXVU,2025-06-30,4204,639b53db9f4f722735706b47bb88538a8e45e824,7367,7d9c5253aa98526b8a5b8a0dbec5f6638b19cfe0,2009,2b4d994b9a271c804a2b384f5f36264053774d89,2001,ec098b0d02e8cd0ccc0b7ebbb8dfb0e62e5a2005,
E36968,9249,日本エコシステム株式会社,S100XCE0,2025-09-30,6372,94d273a4823a4bbf4a12ef9d1cbaee02b6aeab15,6401,add67fa8f108820831c0c6f88c92f8f4ed004bc3,0,,5337,39d616ede74ec81c5612558ef1150cd360a5f5da,
E04940,9782,株式会社ディーエムエス,S100YIWH,2026-03-31,4330,160eac7c067c1a3834685ec14ed160afe3dc986b,2538,deeea989574c16e5d4199593a6efc08ce3697964,2565,3524a41d1c80c4e15ce44de1bf4bb6d64dac5102,2866,8c5aa92bee60d95884b6f4ce6bdf227520077b1b,
E35587,6230,ＳＡＮＥＩ株式会社,S100YEJ7,2026-03-31,5955,98f1521ed30b3f537da70cdcce72ec1b4061418f,5755,1cc82f3a935acc8e92d18825015a6649b5c80f5e,4569,9ed28b3877b2d336e9ac468b5b32754393caa889,1880,019057ba7e951ad21a6575d9b92b993f0b89f616,
E03128,8282,株式会社ケーズホールディングス,S100YFQY,2026-03-31,8155,729b67ac5a7fda4d84efcdf40dc1c45320214f8d,2617,02920b6ec7642e192f9c9dc1ed9346d2c68d232d,3058,c4cce8fdeb0641a8cca139c21177eaa748fd1e4b,10862,bef15c42c67117e7d8c0cedfd96e0b6273127a0b,
E03340,7643,株式会社ダイイチ,S100XC2D,2025-09-30,7131,1f42448a81647c74390cec002ec8c3cb8eb77451,2324,87e1ea2f8e63d57fc56bf6fde2bf43f6ad0bc0f8,2004,dc1d5a954a85ceddb24b25d12aa069fbee42ea1b,4944,a24c32497e4adc82b77cc3da55bbdceb8567548e,
E01856,6905,コーセル株式会社,S100YUI9,2026-05-20,8082,7cdb5ba782e4d70e93ae5030206026f68d92fdb9,4818,21ca8acfbc33bc77943849235c443cd7cc4dc71a,3124,b6eab701aa58903ef0cbeac20cf0ad945776cd34,5180,757e4dd93bf33035a144659978e685af10af98b6,
E01115,5162,株式会社朝日ラバー,S100YKQB,2026-03-31,5102,a9fe1e74c4e23eae1d1934abcaaed7ab05becbf6,9113,2724c9bee7b364c6cf7189999d4204c3c4625550,1633,7ad7cc3439d452bfcf22b73fd5cb957834a0529c,4488,b0e2eed080870da75a40fd9aa0c9f0a68d370193,
E03330,7634,株式会社星医療酸器,S100YHH0,2026-03-31,5817,5796b3e2b052cb8a7c644fab8aca8b4ca44d9f6c,1967,9864605c3813a742d5e6d88b2de04858604704c1,4073,2a9297c661351a559b80410837a1b9a77b90d982,2310,c6edbb27f9b7737681e8a713eecedcb195aa875d,
E03418,2782,株式会社セリア,S100YH2R,2026-03-31,5001,fa575073e3459b167902255206efc86fe8560aef,2335,8efe0d6165d5f799e6a184a7af5e408f2f77fac6,2453,f4d318b1b1513c65a6b76d74051b8671bae63700,1193,c118863e1e3cb3a91c179e0a2ecc4bb689bbc9a4,
E01821,6882,株式会社三社電機製作所,S100YFP9,2026-03-31,5642,cb4148fc44c0a769a81530ea2d498381c925ef46,7413,54eb81f0662347323be8d889df4cea7d215d0e13,3659,87eb187508b29bdce79756e0f0c23ae0cf916252,6445,0ab17120e71da93c9ad1826c7c529752a793c1d4,
E00400,2540,養命酒製造株式会社,S100YK3W,2026-03-31,4891,3f52d6e194751812f76e91485308b62d76815a98,2675,6dc6aabb2faed52550397767bb8c7eb8fc00e1b8,1492,7227495a5d83f094a505c4ea6202c37ca1ca1075,7434,1ab1cc1f9a638c38403cde8ec0bbd672bb720b1e,
E01283,5612,日本鋳鉄管株式会社,S100YKL0,2026-03-31,4381,acfbdd142d4a4d72bd48e3009df06a9c35ee57ec,894,ed6b172d29816b466560ad2b36e7c94a926bdeef,6848,0a7ecbde09cfd6885014fc2cf34074c9a8ab0615,3463,21bbde5ee87e6986433facee0ab62d2e5dcc23c4,
E01094,5121,藤倉コンポジット株式会社,S100YJDM,2026-03-31,4023,88da49970e6d2925456c3b7ae6e52b020cf857b5,1894,b24eaa988af834c9580e8cafb304167d4259be6d,1932,85c53a0d243c29a1b4f2a71b074c881e8addb57e,4211,c71f7d93c8ea363142c4f04631d00e6053fa2bf5,
E05469,3766,システムズ・デザイン株式会社,S100YGLS,2026-03-31,5194,57987cefdac75006b08fa6e5c5ef291efd123548,5254,e9af815a1498bf32fc26e037f357ab6dc2f2341b,6208,98c0395a056710c913a25b66401dc0ba7ad14c06,5164,0d75d22b3d7e2dcd2f1b05328dca090f59f0a4db,
E02484,2929,株式会社ファーマフーズ,S100WW38,2025-07-31,11909,4451462d7936932a34152b18f831246e78a2e0ae,13697,02896107a8504724db65c235f1d3dc335d2bcf0f,2518,d22f8a6bad9e9ede348b7120bd4acc3fb9d48e5b,4066,6e730ec190d6bd8243c8713276ca440cf3e636af,
E27276,3671,ソフトマックス株式会社,S100XURZ,2025-12-31,5667,8ac9f78f06663d5168e113d70af2e9b41519d0af,3441,5e752ab38d0b1d4d03df81ffd5f6a35dfced3a78,2714,6807f9616a9a462d25b853b0ffad3d06c9b22b9c,1369,1d5bb677db1e7272e498e836c7e0d5485d9d218b,
E02604,423A,株式会社ライオン事務器,S100XCRL,2025-09-30,8208,c229955c1f22f811590af09df05f4c6154cba87c,6697,082182fb4f8d245522fa02ba665daaa895547aa9,2531,4312e0782f330bd9300365ff55bfc2d65f36fe93,3389,71353ea37c259618b87eedecb386422b11b2f38d,
E02845,7490,日新商事株式会社,S100YKC9,2026-03-31,7153,5390027412d435ae838a35f0ae181a19bccc0442,3527,234e91b6ab32c9b9d31f71c41abfcae05f5f5729,2879,08e0d630bfacdc65c2f1427a9484f5e4751470d3,4147,c253d6c08772fb606ae3c05532307488f8290624,
E32405,6195,株式会社ホープ,S100YMFF,2026-03-31,6381,25beb32d4b76040c1b3e7a56c03724dbc84e1a00,3811,466e7e105560c540b2dc1800d47b2176f6237822,5664,a2e71a79d52cad2530b56c53f42f07d6ae0d742d,8554,73da71ea12182fc05977c3a12244eb2a44a0e184,
E03544,8349,株式会社　東北銀行,S100YEUT,2026-03-31,12415,b913f1a6de543d548355171bd409fe67c1b1148e,6110,8012725e0f7f790a0b6d2a332385509ae58309c2,2464,2fb8394398d169e12200629f13961efc990d8a9a,6678,667a1766d02589783a26550d3ed9f54b0a90cd26,
E01896,6955,ＦＤＫ株式会社,S100YH9L,2026-03-31,7737,1b985e29d6e3bc34c3ad508976a177aebc4c851c,5411,fbfb351a60d129ad176b55105940d31bc1cf8598,1164,59f600667dbb65ae2a25561d9455648c20c539f8,3555,69f88ee63c15b35dcd9e08b3214ec62fc3041162,
E39133,5891,株式会社魁力屋,S100XTBZ,2025-12-31,4145,2673c71a114156a75e272ea32553dbddae49d55e,13401,4dfd30316eaf2351f2ececd4a195283c9b5ca4eb,3448,5c3753d6e62bd4b013383369d2088460b3572e62,1507,c3cef081aed8b60a34bc4629796320b2bbc54e64,
E32966,3558,ジェイドグループ株式会社,S100Y6RE,2026-02-28,7504,e6648d05127f34dbc594c3ffe73693f1f107236a,5076,d87822a57db0a6d14bb0b754bcd1f622385e8ad1,2393,1f4a1c773369caa0237af14725ea8c5b5c0a4d49,2367,1a893cac37480fe801bf98bf234152439c208fd7,
E31079,6033,株式会社エクストリーム,S100YF6F,2026-03-31,6835,30b2158f3d9034598af6ae86425951b76a8e8129,8283,37c0791e48f2c7c17b46ea24dbd29ac20212470a,6616,9099ea2d03dcecff3b0d5fae5b21dd3a3a79cd18,1591,c3d4f0bab5baa28a332f1421de4cfac332bacb84,
E03188,9946,ミニストップ株式会社,S100Y4UH,2026-02-28,14428,2ffd6c18be4c9a7550ed39f4fdfb2793d83fbe88,5044,dad563a8caed01e1311e51cedcd1eef5fdc76ca0,3142,8cd43ca78ee53868b9b1b1b324903203a8871296,18817,15330ad91968c9de1398ad11a3b41be6e7945d7f,
E04209,9057,遠州トラック株式会社,S100YBRY,2026-03-31,4680,79e224235ed5b70913b4530c8add4bdc86e4ff57,2607,da95c4ee108b467c21c75fd427bd52c10cd69806,4008,17723a4c8002dda97605ff6f6b3a0e48f52c53e1,6282,996af7773248d025c47558549baea9223e137112,
E21649,5724,株式会社アサカ理研,S100XCLW,2025-09-30,5612,53fef7c690a73397d9a1aaca4ece6b46b30e8b75,4372,84a5f4c6554bfbd45476613421180437de5ad2fa,2286,a05aa75edd4e98aa168a1ad7981bf22183dba5d1,2829,d7db9fac713aeebfccb802ef6c1f5713f87346b3,
E05641,3824,メディアファイブ株式会社,S100WL8L,2025-05-31,5589,0f6688b3b35ab292507e498843f3591ecef9da1d,2747,1fd96c06562e2e1c08ab8892c0a8b88188558f5d,2499,3766424d1a2304cce2ce65b8d7b11b999c50682e,3136,e6b6c7e7001e1474f022878288e807ef9f5495e8,
E02491,3439,株式会社三ツ知,S100WQN3,2025-06-30,5407,d59001745b5bd4e3f0c0228682e76c8c7513c881,3623,4aa0db1a63ed55923d313c3ecd1abc3a716498cf,2468,1598e10f0fe206658e528b59294ef66c1cbe8932,1785,087c9898749a4aba260dbbab6bca6c010da151d7,
E03582,8383,株式会社　鳥取銀行,S100YDT2,2026-03-31,11559,b234b352e70d071b05bc8598c62404a5bf04adba,5621,e3e2cc2dbdb44d33cd8ac5ecbc5b1e0fbde330be,1012,cd4a2dbfe5430d6dee0299cd6068c6000e442a23,21727,9130e224d68b463f55e6decc3836a81e80694dbd,
E02923,2668,タビオ株式会社,S100Y4Z8,2026-02-28,4377,ab296ff46fbba0ca8d268c5cf171a65b8254758b,1878,374e10b18ec98a182bf0096362d6478bb32fa233,1244,45bd9b1f9f8785d3a660b7beac5c0b771a9cc7b3,2148,8edb731ed030cc68e201b37900d8178249f51f24,
E00667,7975,株式会社リヒトラブ,S100Y4MZ,2026-02-28,5654,ff0aa772947327a511ae970202e25d43d40bb091,1707,e98055c416216e7b5f24c8063d98f342b3724663,2289,064948116c411cc202740844ba3772a77a6cd0b8,4292,a4a6c36ee0776f1330f079a87c38461c6d2058c2,
E02406,7955,クリナップ株式会社,S100YHN2,2026-03-31,7501,0defd5e80219cddfe5fa8c1e241a1b34997cc9cb,3613,8b682b1a7182f011e66951ae5134211a455142e9,1428,a502065227996b05fe8d3d12c344e957c5e3925c,5462,191d31e6c80d03800ed0455131d034cb5a50b8bf,
E00513,2818,株式会社ピエトロ,S100YFQA,2026-03-31,8237,59185c2dd2c75d4c41be71a883bbd9a4cd982e1b,4188,4b5b00feb3027de49587e86a06116fb23f979dcb,2831,18b94aa6fc057859526935249920a28cc975c7ed,3810,7b85f723cacf4c34e6e9f1a723ed4db5ef3f3451,
E05471,3768,リスクモンスター株式会社,S100YGM6,2026-03-31,10667,a8a77e6d80be01a6c2459bdc318459f39e23d32b,3926,60d0ab833ecaedcd6bf759b581ef51b1bf76156d,2750,7cd9772572959e723338c4a7c2ac592befa0ae0b,6012,b372c574e497a66b3ae52ea2c1016e8a9231f383,
E40662,372A,株式会社レント,S100WMBE,2025-05-31,5434,011c215f6d31e8bf5b0c820a92b7d2377e01a104,6429,98b04a1093cbe0e6ae00a471ad337500053be61f,4669,22ebe797efcc4417a2a95597a281f4e5bf2d9a3d,2607,11cb7cfb36909be3c924a379ff08eed1a799a83f,
E01817,6989,北陸電気工業株式会社,S100YJZD,2026-03-31,6613,a6b0d9e8c4d760e1d47064afe3772e12e43a6dfe,7418,d3fac67da3a894210b496928be96195b4351783c,1993,ff6dc766091fcb6a54d4d55404700a1a87bd5ffc,4699,450cbd08158f9a1a2b62fe4596be70b791c7b931,
E02013,6899,ＡＳＴＩ株式会社,S100YD3Z,2026-03-31,7165,ed8895082c634a6c341e99ec3b464d6c12ce931f,2464,29292de5be5a3aa857d17ea14aee23d08803af8b,2017,8dd20f6b5b9bb9ac22b059ee199aa456cd59e2be,1611,4df15179811c3715a7b1656bc4cb48b979645c2f,
E04862,9678,株式会社カナモト,S100XGOW,2025-10-31,4014,e5f8b8965c54772ab246e38791fa9e5034de4bc5,1158,085ca5980b0115c6f3539707d40302858bfdf94e,2722,a6e5d6742af33dc297970c41ce2fdb0e29fe2f76,9743,ae57bee42a8b6c0e7edbc078507eb8c7c1380caf,
E01348,5817,ＪＭＡＣＳ株式会社,S100Y6GG,2026-02-28,3424,fad14d1ea88b25b6e43ff5e9e4ee8e75e80acf4e,827,c4aaaec59bf997268bb691ffdda6a92d36ba337d,1060,d980cbac58579e504e982df702ef3be12c88e6a8,1223,7bf883dfb1c606f9c01c4a62ece016f349167472,
E37292,9214,Ｒｅｃｏｖｅｒｙ　Ｉｎｔｅｒｎａｔｉｏｎａｌ株式会社,S100XV6A,2025-12-31,5464,b0589300663804c618af40ec8f9ef66de4f23270,6256,db8cf9c5ad8cc3135d5643e0b875305257d24c5b,7167,5a2ea6a323c6e814ec0c52e5055bc1fe63f235d4,1783,91c0d897349164f33f2b8e322653ccc87a969566,
E01629,6346,キクカワエンタープライズ株式会社,S100YHXC,2026-03-31,4154,aa46011bd40c7df5ed58da998a6d09085c7a1b6d,1037,de4518abac6048e0bb45e348bd457279643fa249,1805,2f85640c42a9fb2841dc2b9fd11f5307f1b9803b,1272,60741c49e57dd9d6356138064a376904c80a548f,
E24982,3645,株式会社メディカルネット,S100WLO9,2025-05-31,7924,f9baeb4e1173327e23ce0a06674222681989c025,5413,d652cea5b976c5f595034dcef4e6cfd75dd23158,1606,836da00687ac4d61601e201d4239d2481af5922a,2025,71e38af2dbee55c8cb0aed3469c19301bf3cd27f,
E05274,4350,株式会社　メディカルシステムネットワーク,S100YDT5,2026-03-31,5109,df3da0ac6fac71598fbcd43c3ffa30c330d7a09f,5922,66978c25dcab60e96bfc0d14cae9478e75c63e8b,1619,f02d40e04ae4f6f6bd1aa4b1a017f62a82667b91,6258,37aab8976cf47d436d4329f12a06b59367717f30,
E05512,7833,株式会社アイフィスジャパン,S100XT95,2025-12-31,5076,2ea0623d34bcc49354eeb68cbc53032142366149,6359,4c2b140627b3696b9cb57b5f779175913578e3b0,3355,d422b110c49fe020e89a3f5cae8f521a02f00569,1646,807c8afa87e7f279b1a1ef0765ba9c5dd0f1e9d6,
E00552,3201,日本毛織株式会社,S100XLV8,2025-11-30,7019,a3560260a473019c556d1246b02e051eb5f63e53,3148,b7240ed2c08b39fa48f311c1de4c56ada268ba70,6827,0a1dd75dcbc9e245cce53dabbcdf407c8a77c62f,7319,26ab2f9ccf05882e5bafa7fdadefb57e30a4e103,
E02805,7442,中山福株式会社,S100YFRP,2026-03-31,8281,e807699f6fc0e6cf71c2a83b82cf023375c4641d,3034,8d6a6c771d549795b8dbf8a623ed09ba7551cadd,2397,59ad464b167e2a1c49b6021bbef1669aa0f6c5d4,2628,765f961ffc1bdbac608598e2add81412567798ab,
E05432,3753,株式会社フライトソリューションズ,S100YH2V,2026-03-31,4689,5e1378dfa4021c583ab516745fe1f18d18acee34,2643,dbc9bca53c6e02d733859f7df94be753cfb1d4f7,3098,3a8dcb6535698223619c49d58241dd704806c860,1654,428ac6a3bf0f271974058aee7a2ae97f236a82ee,
E00466,2804,ブルドックソース株式会社,S100YGZB,2026-03-31,5656,172b2343ab3ade7bd96d3f421db397d3fccda209,2909,02bb6337c6805708aa27499e06b2c1efd66826b3,2052,e564bdfb44341cd4700fa51fb1000801624479e0,6675,8954c12e1bcd059ff835b14d98dac87b91f2c6b0,
E38118,7115,株式会社アルファパーチェス,S100XT1E,2025-12-31,8218,96657790d76941ec26e6141128dde04583d01a10,12147,8dbf294ebb170a2e1d09713f19aa514bce34adaf,3420,a7d51ab6b765c6324fa59b628262b061842eac74,1187,824e2246ca58ab01342576a1b6799de615f3ea1b,
E00636,7879,株式会社ノダ,S100XMYW,2025-11-30,5980,584ad417348162793df142100b931bfce112076d,1439,f750bf2d8e53f3faf1e1e96774b749211f0bcd68,2476,92d65863f56dd9b4ba7bad369d80e9202250a087,2187,db96d8e9698071c9faf6e6464366d95596c0c1f3,
E04170,,奈良交通株式会社,S100YHD1,2026-03-31,5631,14f6df0d1a50fbe593e7175c27ea0083843b485d,2939,85368f4317ec1468cd4488582c1b8980dea1a9f0,1312,1ae8e7cc1b5cf8b0160930dd91a3ecc6f337ad08,3509,182e9b405d6beb416af3c3f7bf5e1d16956b9f30,
E33638,6565,ＡＢホテル株式会社,S100YDVA,2026-03-31,5581,3ed132d34fc421a2f362dce1b2a1148e835a4f20,2507,6c6c7b64d0f3bb9f9fd7ec61aaa30b324b878c02,1988,76d1c1a06d38a76cee52f00b39de2d6ea5903dcb,2756,48996febc9c8fe3dea253b3b9a9b040bc6e7b2d6,
E00495,2917,株式会社大森屋,S100XBNR,2025-09-30,6254,affffc586594a0b34c622a742ac93eb2df2cbe77,1576,5e0a1ead89e13180ae3edde7d4e2b16789d4cf7f,1721,2c7cc8e5133fc034a95a5fcf211d6971fec6186d,1998,bb150c73858864ba76af16d2d83c8aaa015a9f55,
E03202,9950,株式会社ハチバン,S100YDJ0,2026-03-20,5193,0a1ad1824c3f19fe9880600de0e2b33d0aa355d8,6487,975f5f550edddcfc4a552063838ca7a88963d3e0,1992,93694cdc7eedae6f85c698934d1d7147237306d3,1835,d1deac9040a7bcc5dbe74cdb887b5e02e5e08f99,
E00708,3948,光ビジネスフォーム株式会社,S100XSVY,2025-12-31,4720,e2e218793c5e77a5cd90499e35d53b1a691d21a1,1704,53f3d09c6b28e0cfa32a4eae9794fc5af5cff371,2912,17313be3d2843d9ee610143dff6d2a7a11087317,3776,ebf4e7e6b65c5896fa4b7501c49b2734549aae38,
E01351,5820,株式会社三ッ星,S100YG3G,2026-03-31,7733,cb4191754156b36a15af597a572cc2ebcd6f3700,1969,ff2934436afa76863b2d54621032cf4016d0e9b9,2811,439c44363545fd01f718f089a18e344fb27f5ac5,2153,fa5eec3fb1436667ca7a3fbaff44d44d392834fe,
E33834,3447,信和株式会社,S100YJZ0,2026-03-31,6630,386a3f7df05e277b411423b037a562d722a006f6,3560,8fe4100cf55dc391d375ff3e6ee30ef78b157c98,4588,2e914e02d585b6444c55b8f7690f02455c9df219,2633,acc3eadaf7b7bd5991a9a36df1b2559d7802a2ba,
E00478,2813,和弘食品株式会社,S100YGOO,2026-03-31,5056,1f307a7b14d8ccfcb4d3513169c01e5735df17c5,2569,6fb74b0d8483539971b5cbefe81ad7f61327fcbf,1739,2b16b92e15b1bee028b058666aa09bc27f04ad11,1788,f26cc5830623f3dbc220b32ac4d5bed8d2f75382,
E00567,3529,アツギ株式会社,S100YKV3,2026-03-31,4413,aa3467eebb0c9bd2ae915bc3ec000c130295e4d1,1979,26abae400874ae2b1373ed55c1b40f5bbb6d5bd4,890,57b9afd385e1fb2a2fb0fbedd6ff6e270ad651f3,6873,b873c9bdeff7106d670afe27be125e25c17824ae,
E00896,4616,川上塗料株式会社,S100XMOI,2025-11-30,3982,4355d7b2225ca68a0bd1f7cf144ea84d4573a871,798,96f42a59842aafa550e83273e8de9b108493a913,1418,2ef98106107903cc03dca2db927acbc348050adc,1423,8856cc64f340f819ba719202df87cd8e887f8764,
E01912,6647,森尾電機株式会社,S100YJH1,2026-03-31,5333,95bd35d539a5f1928a09660277fe1043bb67bb41,429,874e636d45be38a654050ebdcecbb0127ea5d410,1870,4e88dd5b3bb9a8ed277c30e20856c1140cbf8697,6173,1a7f9853f7454c58b93f1aafe58e25ab7be40866,
E03199,9948,株式会社アークス,S100Y640,2026-02-28,8159,d60bec25dfe6a6f5578fe92dff86c7c84b13b903,1965,18224da1cd1f6777add4fd29c73f7d7fdc4a6594,4245,0bf50a7e9545ae20b6152ca5c82d9548cfde0ecb,9248,40834d1741f90357d947ca00ebaaa162e4b26db8,
E25443,3168,株式会社ＭＥＲＦ,S100X5OB,2025-08-31,7010,1721b9c4a358a5cc320be6e8a782a1bc0c43accb,4342,c9925642ba4c25bde45829d0e88435f746699cfb,2604,bd55c97923369f25fc2368d3680834ded0cc5b73,1942,fb75108c1c243d44d57aab8905de054eb0d8aece,
E01109,5199,不二ラテックス株式会社,S100YGMK,2026-03-31,5376,a1452301f08d9057149c86be5980d95e586712e2,2294,91bf2573c36e84b94ee67e0549af009a632a4769,5399,8b695bf8ed8c4e751798018232998e72176a4337,3323,40b53afd6eac553417b77575ddc14d06a7c02188,
E03432,3317,株式会社フライングガーデン,S100YHND,2026-03-31,4783,42ff1f114a25353543d8614bcccc97084e9f6285,1979,6f0be11ba1320c0759842ba11861fa779c0ce447,1437,0fb97a3ab244e1ed059f42331cdbabfe891cae9c,1621,cbc1b6b823197dc6606be06f1001018997d4cd2b,
E03673,8559,株式会社豊和銀行,S100YF85,2026-03-31,8600,5697fb0e8e6a58f614599d39eb891af318b2b319,3401,0902d7ed2efe202fc13ac9be011603d1109f1313,2588,70e0f39dfa5abbffe52c85db77a6db8d0fe126d7,5998,dec1500fd2ef6400722b1bd4ef761741398d5024,
E30993,3910,株式会社エムケイシステム,S100YL5Q,2026-03-31,5286,0f9bb8414905eba1224a0708ebefa1ef87d00114,3147,4d5d2c0a43d6a7683b3526dea57d07c5ecbdd571,1424,84fbe8adff2e9a000600effc7289692754d859c7,1924,6de2a644b96cf02d2a869581ade66da2bb04a1cc,
E37902,5038,株式会社ｅＷｅＬＬ,S100XSJZ,2025-12-31,5709,1ba1d91cd61c79fa70fc0c705942b64a7362db5d,7547,5fa1bbed44330f8149dd812dca5c980fa83155a8,4608,7b8b481c7279450c8e7617c7a6dc4fa5e763966c,4738,7ce5d0e50ca5f447a9056392cae44cebd756b4c9,
E00486,2815,アリアケジャパン株式会社,S100YDGM,2026-03-31,5506,f9079ac2618bfeab290709665ff6145ee333c9ff,1679,76723bf5fc818c01ebdd3ba39daabb53911505fc,2345,8a3a4f993b535d5e09e2dad8ef5bd51947aa1a94,8864,4f503a6f5d1821ac5147cf2dcd18bf0bddc74734,
E03068,8273,株式会社イズミ,S100Y671,2026-02-28,11530,19a1ff7ce82134ce3e8df99991817cb75d87269a,3673,b61197a7d65d2c27555b6119849e7ca84446ebf8,2138,c8285c180a068b23336888531d7f5d592db5d1a9,17527,5c41c4a78e05adda913eda30f54a9938b3bf9a6a,
E04908,9616,株式会社共立メンテナンス,S100YIIM,2026-03-31,6819,6f4ce0637484105ff1b5ab8a8e57a7406750e4c8,2144,1c004e944ae422bae91e78bd63fa547e935cf5e7,1416,ded362b62d03ef7dfd50a6171a9c94f85a5133f3,8166,e2fcfdbb9d6d707f36248873d43699788ebc72f7,
E02938,2708,株式会社久世,S100YG7R,2026-03-31,4245,2edce523e5938ec67541d64afab69ef5dae37c00,2004,6f96bc70c5e24ced15e51f71a5380787b42f9eb6,2922,a02944fd86eeba1d50e81a3672cc9705ced81a7f,2316,4fcda86547a773d13ebf77bfcdd2de38d8fa61d2,
E37560,9221,フルハシＥＰＯ株式会社,S100YBWO,2026-03-31,6024,b6f54d89342db5a3f678069494593a6f82bd3960,7865,7ab86e037399f45793b238c1bba5cf7c351851a2,3320,db28970c9003d7fcd15dc3a5735812a02025db2c,5264,574f7ba0e2bf8f80ddc65970f31faa91b6f53540,
E01195,5388,クニミネ工業株式会社,S100YLG9,2026-03-31,5790,2d35446d4c84f8b9b3837255a7d1b070105e6d71,2956,e3bc287d57c8867747511d0bf0acef9da176513a,2777,0e3bacc36694e515b5afbfc91e80d275fe14fe34,2851,db53a00668f2d8b5cc6284ca0865bd0b3bb5fd5e,
E33625,7198,ＳＢＩアルヒ株式会社,S100YFMO,2026-03-31,6019,18d516c3fe527f087cdc1df8b69a020b33e0b062,14644,179e7c45d8419fe063af5274e236b7709da0517b,4649,ffa09811b85d814b3c6f01c4bff6f3cac44c2887,5013,9cb34aa5ee1126442ff72a512c349a071868f1c9,
E26839,6070,キャリアリンク株式会社,S100YHI9,2026-03-31,9136,06f825a37940608dc1ed51b19e043f29b81c6960,6526,0048f106bb2445b70dd5ef51c22bceb74dac1422,5461,cd6ed0252628d42ea657082c3c571dc44d892b83,17928,58f47771cea0191e6b5236878358f0922c4a1614,
E03367,2681,株式会社ゲオホールディングス,S100YJMA,2026-03-31,6256,6b2d5414212c00e97e5665bb2ae9d0f865955649,5237,82f4f3c2fcbe58a47efdce8a1f0d622e82da55a2,2158,235d8f8a0c37a21c8226c9d1791285f9d8a893be,9727,129d1e626494af1071736c03579859eab2cdcfdb,
E04113,,静岡鉄道株式会社,S100YJII,2026-03-31,7093,168192f90ffd1d7af2e44725785287f4823d9c26,1869,086034d6eacc9726b83b59a12425702630bd65b9,1291,cbda8903e982416affc624c833ee687476e22bc1,3305,6dbede47d6de9beff6486ed07f671872352a9853,
E31594,6167,冨士ダイス株式会社,S100YEI1,2026-03-31,6998,9db0badcb1f4bfef5bd9280b53947a446a302e08,10574,d57756a141646fbae9b81a7b6e66a001942c547a,2345,03eda84d0f4184c9e21d973138bf034a18c863cc,8857,9ad77b89dffdd569232ae8f530d44be8a1094428,
E01538,6334,明治機械株式会社,S100YJ53,2026-03-31,5763,d6db6c2632f760ce1e7acc283c09d5759baf2774,1756,cc5b4013f719de02e41f52f6d521ceb4cd971453,1901,09423e2f8e44617f0ea4be9a06e14ab8277ab86f,3404,ba83e478442e537fd1d38c9731e8ecaf3adedea5,
E36350,4885,室町ケミカル株式会社,S100YYBG,2026-05-31,5351,fb140657eb9f937b0d31ff3c7c44fc604c06b13c,5486,f671aefd893dc743c771626a61c745a0788b2cfc,2756,f553ab76c26332f996535b8445a0ccaa2b2dddb1,2145,8fc3df2dd1a8f4959b081aa76da648c7af2d88a9,
E01254,5541,大平洋金属株式会社,S100YDBT,2026-03-31,6570,dc570801b08be8edcb112f21a32e63242602f589,2523,ca6547b7de892258d02fde9e0df4c3d4f309302a,1891,889a8d72bb6ee2759da4151353c618e4eb564b14,4723,e2a5c203d467b32e6e95dbeaaa7c3c3814ee4dcb,
E02571,8039,築地魚市場株式会社,S100YISR,2026-03-31,12765,baf07354c6220e9e11ba97ce3708123dc626a7b9,1720,78819a98f99c931a68a5aaf94107dca183005236,3686,4f2050f9f72a5debbfaf24742d156b6323fb0506,3446,3be735d767ed5750068f6c45360379c32ec7eced,
E36637,4198,株式会社テンダ,S100WLGP,2025-05-31,7137,2d53a9f62e8a1152a9840a06b610f811b6f331ec,3830,12acadc3d31d97674554605428655db9a125f2d3,5191,3294d57d24a15b415e25c56858037a93c83498d4,2405,c9a6433d01dad2c941f96de29bfc167f11329940,
E02807,7444,ハリマ共和物産株式会社,S100YK4R,2026-03-31,3749,a01dab681f45f2ec27a96593bf6dd8ca85a5e99a,1693,7253db5ad4b991d9874d47481e903b02786141c5,1608,e3899cfa83f1234bb28cea33e5c9ac6aa7ce50f7,3183,98dd6c18188bbbd4ceba0097f930ba88a46e6e6a,
E02477,4238,ミライアル株式会社,S100Y0E4,2026-01-31,5428,10bd577addbd4b4ef1592c4cc3461d78760bbf75,3899,5d1ca466769ecac8fbb6694890b8341cab9efd62,2180,3d9b59338b4d4018ef848313eae9ca95e4907802,4600,72ba45dc64560870ebbfd63b9a8bf2a605cdc147,
E00791,4102,丸尾カルシウム株式会社,S100YFE2,2026-03-31,2980,5d92669e34fc63ef41d35d0c4f1397fc10343099,1284,27ff306814896e21b904ecca83bc29b83ee8db10,1338,5473ae885fd29a2feaa05cdb2f30e8a52a67feb3,1279,08ab8cea6dd359545d66cf0fdb908c4576d31284,
E05096,4763,株式会社クリーク・アンド・リバー社,S100Y6IG,2026-02-28,7942,b5d5de946ae72bd0bd54c15f950c163e1399585c,3897,5348593dbc130708ff4fc1f826bb4a9d47ffb68b,4065,3785710d66dc407a5d6b4d183143529b24cdc851,13798,208fa4122e507b367d745ba3100f638891976509,
E31012,2883,株式会社大冷,S100YBPW,2026-03-31,3678,4c949001b3f1e999f721039dc3c814af33fecd0f,3736,af4e89676775e5708401f515a61ec1011d93f447,1901,8e867e6e6ef72ea4c517b7cb4dc674d31cc11ce4,2013,f271f3afc347e465ad8500e35e305fa3f8e6e256,
E01952,6962,株式会社大真空,S100YKVO,2026-03-31,5741,e1376d21671265c82a1feae5e272b320564c7a93,6162,7f1b8b1ed99fae8335b4eee2cbffe17846b93b12,2847,710a4ecc5ad5dea6c0c87d857bbd02061bb593b2,5792,e9980e08986639dbb113d8911e2ede487a025fdd,
E33574,3611,株式会社マツオカコーポレーション,S100YHK4,2026-03-31,8272,f662b3bc272f26d0929d3830d525be3910e75b46,2978,ad67c216d2b862025ccb73ce0eea441d20c85535,2637,c4907c5115c4cba6fac7bb2d140c94f179c53e70,2491,ac6a4f534f57d4084ca24a28fbd31c39218acf71,
E04218,9039,株式会社サカイ引越センター,S100YFJQ,2026-03-31,4634,75b6f0e540d778f42f35ff3a726a4e0524dbb73d,2287,5f2d3bad160495f66f031e000edec686873a6a05,1835,6a5ef51f68a3a760170e0a5c1f3566cf4adc14f5,9654,fb5042056d414b205d5f78f9b37e1fe595044e60,
E33392,7809,株式会社壽屋,S100WQU3,2025-06-30,6690,7af0b3d0aba304719609f2949f37ae550f9e5cc1,3558,8f60419d3df8c79989b1c4dc4a37aa664d8fc2d2,2714,72608294c0d9bfa7317841f432ec110851036d72,1729,0d2e6281145e3a874673cc80803084665c9863b0,
E02727,9885,株式会社　シャルレ,S100YE1F,2026-03-31,6922,ae24bcc27aa0e34561c49abbf40d8b3f9ec7df27,5667,7933b4dfee37911b2d6c9257ad4f70f2f0e76764,2807,88b9cf4bda24be77e739c01700dd1508f494a955,2150,476d9f5d1a295ac18090d7fbe0ad51cc586af57c,
E04934,9788,株式会社ナック,S100YKSL,2026-03-31,11574,a7f5709f0556a2d74c6cb2020aaf7865c117458e,2115,213e7ef5ce40662795778050e7cbe92096a14177,3705,0401323841d78cf280425ab33dbf470ed7e8b540,5542,f584ab9d92c3ee48345802e6cc32fe8640618fd3,
E01040,4920,株式会社日本色材工業研究所,S100Y7HD,2026-02-28,8147,e6c27ba5ae4cdf40533916e032f92c624691e153,3803,7d07fafc345662161c750de45b08d364483b7aa8,2928,aaf0a4c57ab6680ff0ef4cac2c5dd019401d22d7,5414,ea7a219ef5d6067d0997cfb93b8da3ee50aa1e43,
E37141,2993,株式会社長栄,S100YCXS,2026-03-31,4778,7b88bf0b50f90a317fcf67afc0de01324affaa91,6850,42753709cd27e6f73653ab2a39377a293da8c4a2,1403,af3a8a3aa5535c71525eceb7331887d71c203317,2915,a32f5b38146b81310fd73f1c8cd9e4419dd6fe84,
E02447,7399,株式会社ナンシン,S100YM6C,2026-03-31,5490,fad1581f38a75e42a1068f1a1edb0d9153787ee9,2204,2271a3f9613b789107543a90958bad8dbbe41aab,957,d891014b4edcb272b0fbc4705eb16b34f2cb286d,2548,d554eb8f91c63e0715bfe4820f96f090e44f04a1,
E35466,4491,コンピューターマネージメント株式会社,S100YGM1,2026-03-31,6072,2aa7cc53a2dccdc475cd3fe60a8526c065613a51,3741,0eb7c0cc4ce3b572eb1a01dee7949c9a56471b10,3544,a6f687ef87d7f7389f08afce76ba1a0033101f4e,7271,9f014219ab3d1f47334d12e69daa8180c4cef7d5,
E34965,4931,新日本製薬株式会社,S100XA5Q,2025-09-30,4588,c50db09b71d80c74631ff4dd83f7831a3fb67e2c,7218,7e1934871e4d4c02081d46b5977d349bad62dea6,2126,78adabdc615b5a2a24ef2b3531b2db6becad83c1,9506,76d15ad0f3c8c19fd5bf71b10a588508f0468755,
E01118,7938,株式会社リーガルコーポレーション,S100YFIT,2026-03-31,9041,afe6f56dd9b23f67a847d547b74ca52316acbc65,2629,1c378606f9d8c751ecc0e7832ba11bdabd863f17,2476,02befe04d2ba6d8381729650ab2ff1ea0d3c145f,3148,5ed2b202ff817cd1fcb2c3234161c844a8d32e15,
E04920,9799,旭情報サービス株式会社,S100YHT5,2026-03-31,4980,71331fdf270fdc569230b245f514b8df35f55fae,1553,4db7a22282076f1d1e718816d5face5dc2ccfc1d,1199,624e981c56f3328d7c21b1078223d16851997317,1932,3c9d4c31dab0ee35e9ba17d7831a539a8be74735,
E00928,4512,わかもと製薬株式会社,S100YDBU,2026-03-31,6299,c9850b5bc8fc0417240cca2361ebffc2f8b68008,1267,b9a7577ad44fe3f09ab73944128a72ee5fbe964f,3208,f10a0ccc73a3c428e321f511eadd6c5609f4d2f8,4029,124eeb354df4ec7d312be393664e7b72da8df4a9,
E36002,4172,東和ハイシステム株式会社,S100XCQ7,2025-09-30,6529,1198e4cacb7b6c71469f09e5c763d3d9c698f769,6157,cb3ed7ea7dd6cda193d93e5d23d8b2b9cec7aaff,2527,a6e028938288e2dc12e32f7a4ec2395e27fc2bc4,704,c4c15959cdc684d4224f22bf9ece081801e51f95,
E33345,6695,株式会社キャストリコ,S100YJNO,2026-03-31,5612,f470b05a25b89f5a27dddaa653418f6212f22538,7382,ec2018c73b226d9930021b8c94e200eb8fa66b01,1470,18f86ef198afb6affe23fd1ade32a957712ae093,3237,b995d4d8a5af06771920d1f896076c4ee985ef68,
E02428,7902,株式会社ソノコム,S100YJAF,2026-03-31,4196,27e1da5aa3e099716f869c0779aacf3fed411b40,1078,c1c290f366b872eeb752b4b61bfde10cebf5fee4,1128,5f1b5a3b4b25b886b775a7611ec02546b08a29b4,1350,fbed45ee4ecb46a1fdc325ecba93d51ba5f7cf7a,
E01431,5997,協立エアテック株式会社,S100XUIL,2025-12-31,5036,665166f8a245bc303f8c21999c53b883ff3b410b,926,0d4480ce994b2f9257c8a39360a8058fd2f86b80,1321,c26b01022c19acb9d66686a67b4bb06ce249a767,1278,e14ad241e8e2f49bfdb49e339546e62045069f99,
E03087,8198,マックスバリュ東海株式会社,S100Y494,2026-02-28,9658,108242267824d297bf54525bc8279aaa3117f84e,4201,8f8bd1094e2c4aa47abecaa3a8aecd880a59d34a,1502,39564992fa803efd2c3f5c4be6cf4fe57c2d9239,4156,bde6373898ee13098ea6636097f9643e1e684554,
E00679,7987,ナカバヤシ株式会社,S100YKAO,2026-03-31,9414,09bb1407977a7701192a6dae1b227562d7b8fae0,3490,d3ce6fcab8a3508963f956b152bbea8b75a848ed,3996,13f67bfeb746ac74286c434dfe16719b67b80a22,4450,8da5fb1854dfbd8f4e8767dd0bcd5f068801be93,
E38780,6224,株式会社ＪＲＣ,S100Y688,2026-02-28,7311,d6adcc545d9a61b6677b037c7dc9ea04119678ff,5980,5364c86bea84397ea8577d5a72fa70578a8567f5,3075,94e0db03ec6f07a474e9324b892b2f2bd6e90ad1,2612,93264111448cad85ba2a264b91d42603222c570d,
E04244,,佐渡汽船株式会社,S100XVOA,2025-12-31,6042,b2ab382f6bf37e635ea693198f09d599ebd6389c,2637,3d5986befe13c7f1fb7a517c5a663e42a4b295ef,2636,d7c7af89944ca60ab8944e93219a002463a3a1b5,1824,0b117e2729fd29069a26b8ad0973e0651f3400f2,
E04129,,遠州鉄道株式会社,S100YII3,2026-03-31,8606,78e57829d92fdf95f4409350199bf24a30e17b4a,3235,13b681f85cf0101af310ba9a7c4d57dff7676da7,1417,25314421cdbaaf258d039a004d8212e3b6beb62e,2744,9503c5dcc7e2dd671a61703c52fff40b08260974,
E04691,9679,ホウライ株式会社,S100XAG9,2025-09-30,4786,b395053ceb4e649797325923176c7fe809294d40,4175,254efd346fdea513729e3e247e50b2c642fd2c66,3418,0963da97a6aef6614bee975db957c10a66548a82,2736,a78264bc996fe2c1ced9374c28905c41217723aa,
E02679,8040,株式会社東京ソワール,S100XV8N,2025-12-31,4254,2eed97e562e3e39969d9c57a854ddc4d9822c0a3,2300,4e24c3cab3483bd63486a974dabf935be13a38e8,2395,da381e0feedae73bd0897049ef153161ebb26f67,2601,ce88130358f0bd397a0f22a3a1df200843302b7e,
E01434,6484,株式会社ＫＶＫ,S100YH48,2026-03-31,6373,5d1c7e2fe72580135dce5746911495273f2ea0e1,3053,a6df1fe02014cb713b2420fc50a7c4a7c3b3338e,1353,7125036bbb407ff3a2bf777d31f0d575aa8d76b6,3971,be980bd8b18c1354068f340270daf777090bdc08,
E02999,3038,株式会社神戸物産,S100XHUJ,2025-10-31,6650,9bb22152218c0a17d12e17be6cadfd0401f50f07,4440,62c4754dafb46878d88355d46450e8850f4edf0f,1870,4a32cc48ce245c97adc8b366627c2edc6f6a05db,7600,cde55f8a4e4106256cec148bc36d7d77419af815,
E38443,7120,株式会社ＳＨＩＮＫＯ,S100YE1C,2026-03-31,7713,c2e8fbb3a858efa0785c9b09b446867289e751a2,5654,967c4c12bd73d2408c5f543e2460c309e3529a5b,6894,49b5778341cb77a18664652931c7e8b8ee915959,3134,ece3fd61cee2371b811cf34f0197c35e24f640a7,
E01954,6964,株式会社サンコー,S100YJUI,2026-03-31,4540,fea33194b5cbb0179a113872fa854bb472b1e93e,2033,f6a1a5e6f14632e5f6f56d4a5f40fff861b73782,814,ea6836bc74266df33a1cf2760c3cc67fc6eb6c0b,1388,6051c00230f6955a167fd6274cf9e1d6626cfbb5,
E03475,3028,株式会社アルペン,S100WQEC,2025-06-30,7024,9c295a4924db8872c1c6a3422d7b43ec63a5381e,3720,5445f70f1a6fe84f11604205ea38a9d09350be68,5578,18ac5b628a3e6ef4869553cf26db76e38352a8d6,2559,b99c2f147bbb1aaaa684640a553f14ee885624ca,
E01488,6138,ダイジェット工業株式会社,S100YHNC,2026-03-31,4914,ddbe07cb870f8348341ba301f67a4f58a7673a4b,1221,6c8ad0bc8bf2de0f2b550364475bd7ffa68fae02,2068,ba5c40b04ea5935163a9044f70345fb41a0f5045,2727,dea5f55a682f9b77950fc4bac77f1d18f4857e53,
E36991,2961,日本調理機株式会社,S100XCJ8,2025-09-30,5244,947bbb2bf47522c88954df54fd63961b9f0c0043,5188,cdbbf40f5dd6f33b6b5b0c90ede7e4f8300eead3,3565,c2554a457329e50f9c6b504ca118cb150e1365d8,2462,7ecfde772223f2c83002e85656b97ca5a3afce75,
E02070,6736,サン電子株式会社,S100YKGG,2026-03-31,11679,b34f82d9a721eff25a4255c89ba9b690dad01c09,4193,53d62acbb4df86f0f7877dfe662f34e104bc9913,3415,6a4787a5bf97527d7e1defe145689f02f6d83f24,1403,26e9bc5df9d6a011bb011f48539b8a9d3d24284a,
E03316,7606,株式会社ユナイテッドアローズ,S100YEY5,2026-03-31,6844,b05ff1e3458d950bde5aa4dba35b2d12f0bd74ab,5779,cd59d9cec4c0fa8323e0f926331d277740524716,2636,7be50c884506d6922481e89aed09ea0a38a03219,3134,66d06fa50bdbf5a3fbf0346020e62a36c0cd6455,
E32763,7191,株式会社イントラスト,S100YECQ,2026-03-31,6211,c875a10a85de84facb24599e7fdf691a5211d3a3,4391,ee9e41023e9fda3c61141372b654f5b48be7e032,2003,6289cdce31d707fb36e8b3182f71290f8728475d,3502,705a0f9855e2d9dc7c780a59afa7c969e0ac3546,
E00688,3955,株式会社イムラ,S100Y0K4,2026-01-31,5221,bdd348818b9c34ff8e89be78f997bee0e40bd995,2074,90569894582df7a49c97e63dc60136ba7c41a304,2820,9c8db0e58d79d543194607b355541a831ad989f6,1513,2ad1a9b4c3088ab1feae321a68dd3471a3c4b0f6,
E02204,7279,株式会社ハイレックスコーポレーション,S100XGCL,2025-10-31,7550,8f832acc85b1e56a99cb6df6190880e32f6f32e0,2308,4676f5d6cf4aeb028902ea467d009da2b5339635,1982,c1d40b5a09997004b38d724cbfa76474e828b25b,2792,8d9eef25448d224193d42ef4543351e8168da28c,
E01456,6467,株式会社ニチダイ,S100YGVK,2026-03-31,4814,9b9217b3284b3c73be15413f053904356351bb25,1418,40f281f9624142d9e8559b1ab5ee4484530f09fd,2395,00b226aad5a5716aaf8ecc64eb05f2dc9cf12741,2645,b03904ddea978952117d63bd27740ec38eb74cba,
E05569,2479,株式会社ジェイテック,S100YN23,2026-03-31,6798,ac0a8cb627f6fb4d8eb02fa6e5d32f232a44ab69,2664,e71c444ec077c9cec7feaedd6c3c34f85a759c26,3302,65ac458cda8b2413cffd5fb49d6b8847e380f7eb,4159,29736c90adf3725ee637bba4338c6c199326de23,
E00719,7883,サンメッセ株式会社,S100YFTU,2026-03-31,6840,ba4f43e5e0dd9e76dd2b42502c9eca4d939c3acf,3655,cb5e8cf1f791b5f929e898d369c1f5b2f5958afd,5298,ba731a621c44e240e8b9de7677fdd2893473e7eb,7307,f93af68d6c07eae54ed2de6da89be93f040e5941,
E04206,9060,日本ロジテム株式会社,S100YNBV,2026-03-31,7367,d2314141ff8f027c97bce730f26b2dd714face80,4002,7a414d075bde3002673bdd359da7531927928525,2615,8bfe2b53ae2b1509245c7920d4252a984f7333a8,3154,378e9bc8f52035e9aabd392a876a41b23cfd1bb8,
E01734,6255,株式会社エヌ・ピー・シー,S100X6PR,2025-08-31,4816,ce8c73721785cd1e47f1d94617d7b987a84c02f4,5368,35294516ae48630bb8a80bc704a0d48fb3b8181c,6105,2b793c55baa91992d01d8dd50c4074ced21263e4,3363,a8dee436eeffedf1a79a900aa1c047e701a738eb,
E00789,4031,片倉コープアグリ株式会社,S100YFRR,2026-03-31,5135,c18645fa0dfd431403a7f88a4a0bc34e477cea12,4415,ed3095f65a3eb0dfb8656d30732773325e18fc9c,2643,36049620a245e7fb1c7801402ef8cfa2a3017cfa,1564,cfa07eb7866195fb484732394bda62b38a71024b,
E00453,2894,石井食品株式会社,S100YMHZ,2026-03-31,4986,2c6621219b696dcd678699504461fad2acbb00b4,1888,6ba1c24fe7f3542d477ffa0f2692c544150fab9c,3677,278b126585cf1ac1732cdd387b243007cb8fdd92,1357,5dce38f90d53f28cc3b960939d66c8ad3cb0375b,
E21553,3628,株式会社データホライゾン,S100YMTV,2026-03-31,6496,d8e36f6e3b8289ebe6038c708822c569eb5b8b74,2448,2acabadbdb0deff8673751aafc182c4bd1cd45e5,2751,329f1e5ab72dfae87b417681187cf1eae50753c8,2890,82c963d9336bf4a540131c41789c8e4bbda5c371,
E31348,3911,株式会社Ａｉｍｉｎｇ,S100XU6G,2025-12-31,5011,c7d5a96a9a1a3eb761276c40ee2e96498dff3407,6950,8e38db8717a2663b9b1d11b91af8696c393aaa81,2126,84dc10f02d78b522e65da46d1d5a644b6b11a2f6,1658,0f8fb06254802e0897d0199fca4d134e6392c232,
E01462,3435,サンコーテクノ株式会社,S100YHPR,2026-03-31,5595,d074d75c1bb26797b64b131b10c1f200c2095149,2040,d6425e75ce99955f908460ee476bf93abe027462,2371,52f245e35aeee7c6b53901773f5563a5290e38ad,2672,62f85f1bc9cef1e3953ec6c5c41057272549e04e,
E00491,2594,キーコーヒー株式会社,S100YK1N,2026-03-31,7966,d5ef77367a9e503281cd7fa5767783c19bf7d092,2491,e10ab04dd6b7ffe6d273daa052f3b5faf152a700,1537,1ddc3bdff3950366ba97497508467e3751fac206,10746,c13c3863acdeb9e33cea0ecca67811360eaf4b6a,
E31924,7811,中本パックス株式会社,S100Y635,2026-02-28,6272,0d8cb058c052e09008f647aa5ae04f454bf88371,2789,e1ea62f5288bf275cbc80fc6327f928ffd75b656,3680,f9d2c1ccc41b945a73a7e12bd58a80587d77a875,2380,b5e35dcf6ce85cd94241c19b512db50fab8ecf8d,
E01550,6111,旭精機工業株式会社,S100YHGQ,2026-03-31,4759,792e1fba680425556222ca4b10355a91fcc24ef9,2406,f774dcde4f3822d9c89012e2bb88264a62331df8,2617,5ff1fbee360132bf505cca4e27333acf948d1388,1860,478b5e66bc88ba9e8e5323666f5834f0310a41a6,
E01370,5942,日本フイルコン株式会社,S100XMRB,2025-11-30,6716,b0aa7bf20bce4186b081424270542b7a54363cb2,5209,33badfbf13c1798190cba4a12abddead3a5c3666,4474,7aaf6fe081b13ba4f7d40754084e71d192f32ad6,3451,3d236631198d15899311de7010c17f5fb17c6179,
E00717,9474,株式会社ゼンリン,S100YD65,2026-03-31,4089,9d0f943a7f32cc44b87cf9572b9e19edc69c38ae,8094,16bfdaae28c007efb85526a7285e8b19e983b686,2585,f7c8cf235873eec5ef9409d05a586cca558a96f7,5270,4fc34c16e83512dc198f1449d62bfd585bb5b1fd,
E34281,7325,株式会社アイリックコーポレーション,S100WS0W,2025-06-30,6937,a54128eb26d077d2f27c18a05e53c899abf0038b,7526,eac8fb97eb92b5ab5eef4af7e4f723ac07462411,2995,602e52dbb49b258219362ee1c0d2c0dae2713fcc,1393,aff15f5a8d1b953b1fe64eb59a91fc8ca9173726,
E01647,6408,小倉クラッチ株式会社,S100YJ6L,2026-03-31,5577,6fa21d2d058ab7dc17ee490b26659acb5d2b5e56,1996,543eef9454fe9233b6b2f06f3d93671399bc5b29,3595,b410546fff8551945e006713d16639b5016320e8,3139,4d217937319887965cd9d45b7f52668854289ddb,
E03189,,株式会社ドミー,S100WK6A,2025-05-31,5114,a494b5ef76189ed91a19dd9ca57daeafff7f19f6,3326,9ec2ecafecb5828b3a3ffe0274a710fca1d7a4e6,1351,537de8ce1dc0e0b930144d9b6f51745533b5771e,1091,730fc2a147e82e72251734c7ddcce63386347dca,
E02570,8077,トルク株式会社,S100XHJG,2025-10-31,3590,a55c66bff17d8a748c20d89bf7665430ec9d8e06,705,a4899491892ef0d2f53912cf6a680d20a65980fb,1472,1f95abe09a920027afc20b31bebf9e3ee177043d,2061,9f160e7f01e8963b6a85b7be5aca82437b6755da,
E31159,3222,ユナイテッド・スーパーマーケット・ホールディングス株式会社,S100Y585,2026-02-28,7081,ed9a5a46b2114e34050c0a510b5a9ba0541ce191,1991,df5199c27df9ac67c04e57019610d93d1d7bc768,499,b986f536137b5e0d93a38d53e2cca2c564817769,3078,bd7b115c56f7cea42aab9c2fd4f9238e646e1f91,
E03270,7513,株式会社コジマ,S100X50A,2025-08-31,8161,23a8b02dea9df3d3cfbbb40177baba27030abaa8,3434,b15676e2bdef5ab7fc3e390553fcaed7302ea002,1863,67f1e350495559d8c5eec9dad932d2ddce85989c,10985,e302f8a799f8366decae554eef821560f292c1b3,
E00675,3945,スーパーバッグ株式会社,S100YJ4G,2026-03-31,5351,1479ad46851b3157dda1e188a2e57fba8150bcef,3323,4e6a8eb582a43a55261096cdac82f18bb06517dd,1635,8775071c060d91e01484c7a413e07870880b0ace,7238,85c1d7e72cd10a23911bd31ad55a519d6828d42f,
E02743,9827,リリカラ株式会社,S100XUAQ,2025-12-31,4474,a063aefe2f0348915771a5cb7960c712a2d99441,945,44c7c7f34b481d5ce1ff14164dc0249c9129028d,1278,92eaa2075ca101a0bc1458f3b77ebe8f553edc64,3146,a4b959334c74ef6853836a582c486876d9ed6786,
E03600,,株式会社　但馬銀行,S100YI1V,2026-03-31,11920,e7f571f249bdd95c8ab5defacca8784b4859b31f,2899,f5d57f2e7d8a29a7e7d79397b231041ef20a845e,2713,579128b27d95e3b038d068dfde2dbe991055ecea,2721,f7e68bcb9ac206f53db1260e793f922545b3f550,
E02902,7619,田中商事株式会社,S100YDHJ,2026-03-31,4097,f23a9aa2c69952f71a06901e04747d8585b61fba,1929,8dcd92dd42f7552c64121f143f7d35c1eac0e6fb,2237,e374f415fa21d89122974fc42d88cc37008145fd,2945,faa467d7851bd51eb94e6fcef7e847fa0790c819,
E35114,6597,ＨＰＣシステムズ株式会社,S100WS3O,2025-06-30,5911,c3c90c4060256c8465a88ac3d7f694d1e317aebd,3960,4f97a3258f4873a95ed1ff49b8173914d873187e,3173,0b572c7c286540b400e5e8f5efd1d19fd14ab575,2601,7f6ed2095b8644acf0d0ed00bf123a4aff50e91a,
E01442,5971,株式会社共和工業所,S100YR73,2026-04-30,4402,b2d62876bc7863980b8cd759c8aeb375dcfcdaba,1200,84768c654a19e2379540fb0bc74773eac79d613e,1073,7566037e0dc71d4b857ffe7a8804080308986f5f,1682,028dce50242131f6cf86a3e4c96efe901d5cdf88,
E36466,2933,株式会社紀文食品,S100YGHF,2026-03-31,7207,45ad3bd14914cc124eac3f23ac670372e44851f8,6818,8e322dc683b14b557ff29d24f584e720810d8ed0,7402,8a9f3a1b55158a98f37648251fd82c8d3b496d41,9531,ea0843b01c276bd745e16b92653beea509eb5881,
E02801,7427,エコートレーディング株式会社,S100Y67Z,2026-02-28,6453,7f10506800d2663f63ba32595954a938e8dce879,1529,75076c5b57e4e68f470db245a74cd1841294d2c2,2258,ab0a35231b168ba3fe634354598c1292c5f2fc5c,6111,82d12f71121d43edd6fe9b61254864b315af92b7,
E04826,9729,株式会社トーカイ,S100YE2Y,2026-03-31,7513,16e7d142c585bb48cc6bd56ea4f2d53428f07234,2439,1a62f9cab9ead234479a3eccb2aa023b17c5a332,2310,292f8f5119584cda780d9b343ee91788763255e0,6808,b04843fdd13d52b29f87cf3406b5d77363606a17,
E37502,4197,株式会社アスマーク,S100XNPA,2025-11-30,4235,b460ccb18393e644a62b39195687b4107ca48ffe,9627,a4f234f357b6824c54eff9eef04df38b00200f6e,2714,1a83dd576d7e601522167c59e5df17adae648ff7,1294,674fd222069bbb043f24d7d5d389d33102e734d6,
E05411,2418,株式会社ツカダ・グローバルホールディング,S100XTC0,2025-12-31,8603,462de3f5986f4d751a945b3f46656323aa282e36,5981,93aef521145ea92616d536ab5ac7b4687649cf9a,1484,d8ddd6db216f4da400039cb614be9ab050949c62,2356,96b5f3f3413c4532b35bcdeae95199d3a6dcfa35,
E33610,9388,株式会社パパネッツ,S100Y5VD,2026-02-28,4977,32659e6f341a410cc9741c0d38e3a459d3438aaa,5158,cad35f2b2b39f0ae18f64f1497d6fe2786240152,1969,e30f0d62e7a73915f8556a06abf87a20a5ed6c67,1547,ead32d1dd4c0e942c69c82c0dbf51dcb765bf062,
E01731,6262,株式会社ＰＥＧＡＳＵＳ,S100YGO3,2026-03-31,5611,0bef2c25b56d6968225df35028e40d34b6b6be62,6301,6da0907a0587a3251b0e0b815c618b60b34d884e,2482,33f14ebaa1282fcecb49c3397624b33d79d81b01,3911,de3e1fc1289dd087d844ae69da161459da1ad501,
E05579,2483,株式会社翻訳センター,S100YILW,2026-03-31,4529,8900383e507f3e10361370560f893da9df3471fd,4341,65af89918cbc032d50013495380ad140f530a93b,1753,0f835c3e789e4f8d5d511dcad76c50ba840759a6,1942,cba759320ca6f3dcb3da325007626d386c86fada,
E33247,6549,ディーエムソリューションズ株式会社,S100YJGW,2026-03-31,3801,a5702e5b1567a1432c57ce0e7fbe0ed07b63abe2,6393,2332bbbb5a4014ee45de978e1abb2525fce402eb,2239,54d4859891fad5022ccb3a4c10a50246f37273df,1240,ace38e6ae50bd8817f292a050825eb2064dab976,
E31905,7183,あんしん保証株式会社,S100YCZS,2026-03-31,4366,007afe4f43834bf980c319ad5982976e2823f0ee,4041,9af18290e105da7a6a762fbc10ffcaa3c5cdbb98,2061,bf50293f0febd805405b54747b89a3b5b21b7299,1964,c8486b7d39b475ff8695e3f09e1996d8d60c1da5,
E02407,7950,日本デコラックス株式会社,S100YI56,2026-03-31,5672,ab9945a284d068299eb6ade97531775bf5a4b1a2,597,09c9992535bb5916de39c35f48de79e76104b068,1071,56832307a3c21375dd70a6f728bc804cbea14427,1341,5ac4e173ed2c9f16a4c0ac0f375b4df2fb45bb7d,
E01221,7746,岡本硝子株式会社,S100YL4M,2026-03-31,6274,8e1f09644a7fcb3b40faabb8a6f28aefbd2f08e3,4042,41dfedf13ecb7f1b52ef7b686924c36124999e1d,1899,28987a44467dbca0f80e541a6ce3324d248135f6,2885,2f613fd21940ca9b4e61bcf9fb0bc4aab3acb10a,
E37098,9252,株式会社ラストワンマイル,S100X7D0,2025-08-31,3711,ccad8d929d9a16c621b8582d5adc350835e21677,4379,48a360056e39b41b2c910fde1b0644fb5b9ea0a3,5009,242e97cf6d632155a26cc9721f8715a46d85bfc2,1171,0584572635e108abab8e54eb10900125b01e3f55,
E05316,2341,株式会社アルバイトタイムス,S100Y5RZ,2026-02-28,5177,5cd3dd0be16c94a958417927a3fc79f933f42274,1966,5f3c71ea620e3f75464da8cad9f5ad24b28101ae,774,8c63e030673b6555710eaf89f1450ecff89d7687,1554,8f6c8c29aea8694bd3c744123e263618daa2afb9,
E01200,5279,日本興業株式会社,S100YFPM,2026-03-31,7262,ebcc166a45093058b1dd9852005ba6efde021987,2536,1d52b221ff7131215b2ddea3a0a214ae0f25ff4d,2500,e6eb0e8ad63a13fae33dbfcfd13509b1a257169e,4072,7fbbab308d3404cf550134c11d14ac22777b6683,
E02903,7624,株式会社ＮａＩＴＯ,S100Y4MW,2026-02-28,5302,acefe8f5d24484b0e4b1c5f4b33d6dd34938dbc3,1254,3f8898d1ef966c9038c065ae12c88bfc5f4a0c96,1229,475d2ff73a51c6299c2dac95611ba98fe129b63e,1953,a7f66fe5d47f44ee937a36dd22d2bab82152ee6b,
E03423,2791,大黒天物産株式会社,S100YYHK,2026-05-31,7240,b91352cb793041581a67da9c0ae1efa487f397af,2747,ef0b703bf026949c98b54a98f913b7232f55e515,1903,7f72e111c5ffa0dac8b552896a2d0518dbc57b56,1908,a65d898a69641355f6d9a2854bb9e571474e9023,
E00380,2208,株式会社ブルボン,S100YEFS,2026-03-31,6970,2570989e81918e5d3c0d32cb402c80f71a1a691e,3131,a19a6b27df2e5acb9c65954fe0dbdec6cc6d0be7,2212,f08dad838feb69f87210ccd0c2513dc1957b29e0,7229,bdd8f0f45c460858053682594a4ad5548b3fddc3,
E00600,8127,ヤマトインターナショナル株式会社,S100X5IF,2025-08-31,7238,96cbac7fa2fb70f8f45c4c0b08e0a6140a4f6556,3018,8d8e6ba3e905cce9f756a5ca3f31ce90628bcd3a,3088,d113dd61486259ffb3f0af177a51d1ca9b08951c,1899,123a5a8a37e32bc6ad3a86cdab2b8bd5dca59943,
E05070,4750,株式会社ダイサン,S100YNWZ,2026-04-20,7297,015ef1a4b166c97b1ded358ff59f00515b418723,1787,a8ac0548108aab4e889c532206b032ddb0d6c0b5,6634,cfef2caffe5772e8b48a6c93764f337a5e1ab396,1964,bfa243d3dc7ed9cdc4cf3182a6fe954f3cbaa89d,
E05717,2163,株式会社アルトナー,S100Y062,2026-01-31,3903,96ae1c6ff526da5c7b05de2be7e6284709e7f6f1,4408,4baf1765040e9adfedd6adfe85cab4c61cd546d6,1897,fe0d60931ddb7d4612d6e8035dbe41b4e59c5248,11205,d2b4a156a66bca9d5a3619e09bf09ed5f9530155,
E37221,9256,株式会社サクシード,S100YJBO,2026-03-31,5305,d5f321da37e688746d903cf355a2a8d7262affde,6934,3c6b2537511be69358f02ea7972da334cc26fd2a,3363,9bde0d937b8f80941eab1e882e5c94c2518fec18,1124,e84b20d6c74ba95edca85ef676ad30651f82cd99,
E37419,7793,株式会社イメージ・マジック,S100XVC1,2025-12-31,6380,5f0a7fa091f2839e045e35c602523a81f6cc0216,4537,ff177ad3d0ddbf4242512c9a062136abb3f64e9d,3941,4f7a056e87502d08fb1b06d51066facdb8f7396a,2549,e69f5277210ee74e16e2235ce773dad8e31c91e4,
E05556,3395,株式会社サンマルクホールディングス,S100YI0O,2026-03-31,7260,7264eccc5e818ace40efeafe833865373df17cf5,4198,8434f38c9108a0c7acb6428add9cead4ecb11e33,2058,41f088f96e7fd6e4033d2abca1f4073e72be5c04,4864,b1de24ab519a6cefc71bb5c9435e9bca5441dec3,
E00633,7896,セブン工業株式会社,S100YEA0,2026-03-31,9981,760a900a900c922a8de976b3b6c11d4faa35d65d,3692,ce2f1f044c6f4f03e0b2f5c90752e6e22acd1ad7,2550,cccea49bd2e0f0dc99e92786a7fc31a39c2256ed,3210,8444332dd91049c02fc51929d8c29c40d79308de,
E30881,3195,株式会社ジェネレーションパス,S100XHU3,2025-10-31,6227,89f9954dc2b6d76c107356cd8c57a2d1861d3aa5,5402,119f7c25c2fd930792dab1817e2e43a241da987a,3200,e8beb5f51e6f214d8d11878d0862cc57d483e62a,932,c5227dbd3c0e391568b00dc4fc77f5db86146919,
E00593,8011,株式会社三陽商会,S100Y77K,2026-02-28,3806,03263621b1090ba85587821d5362b3650ed2341f,2698,95d2a289dba5b288baf2dcd400b52fca4544e707,4306,2a77200e2dd1a8a9ea86ab746853f18ba2174c5e,12326,d2eac044606bf305866ddd781f272965755b35ff,
E01644,7255,株式会社　桜井製作所,S100YI1Y,2026-03-31,4797,da13ec89b5b2daf3ee7f821b0c59bcb2225ab822,1309,e40d7f0635ae8a8d27a49fe1da8bbd24ae636a60,1275,40c7ad604199dc87c299c714d48e92e4c35a6aa5,1960,7ef0f2d8cb482b143bb5baac5f97c646c0ec2194,
E01452,3422,株式会社　Ｊ－ＭＡＸ,S100YJJI,2026-03-31,6720,f6147982bd2d6d95126632be1f73ec1189e936f9,4679,b53de47f955f0d72d1be987784e172c1b2493fae,1876,cd571252f108a7c2b34f0ba3b8e77c6f51e2b3b3,2174,38e3d981b4dac3893e86559de771718e1294a859,
E38969,9237,株式会社笑美面,S100XIJD,2025-10-31,5346,3402df4e5fd9df2ce689f59a6e5d21ae720b75bb,5293,783ae2c87fedf86ad6fe142fedddcbae0ab6484e,8800,9e8689ed7de65c3c59b775c8e78870fd9e0b3d1c,3931,fc7a67fe495a810e88e2ec826b3519a89b7b570d,
E35563,7096,株式会社ステムセル研究所,S100YI32,2026-03-31,5550,dbb220ae35b2f528ca72ed572bb378e98d4ff301,4690,eb212bf9f2b85a755f9a92fc25dfe970aef45801,2834,ff10b1c28ca5518cfa5fe5215f58a6fcceb8798d,1811,b370854ce7e00a7b389af20fc9c07f499cc20945,
E05726,2169,ＣＤＳ株式会社,S100XULK,2025-12-31,4491,e5a311f12b637601e6564c7e380e86de883ea6e0,3889,9ccef861564ececad6c38014ce0a6652f117d759,1859,59cb7eb1eb18cce2424f9a4b59a44971bb275253,2026,1636c6abc3f8d9ae032acb438b20fd060d508fe7,
E01366,5974,中国工業株式会社,S100YHRE,2026-03-31,3210,4f3ba9090e6303a478853e4ce4f39b5c725f2040,1795,d643ed1d3fc1922af93465a4a5e5126f60ae997a,1842,98f815bec2430f44d3e3e19fbccfbd94e24c87ce,2518,cfb822657c0a4e8f3decc51aaec8321d2ed31a2e,
E00909,4623,株式会社アサヒペン,S100YLY9,2026-03-31,6636,baefa36c002a27920360c112da975773198d553e,696,847497b89681c93960348e0890e08bd0744d037c,1630,c1473f9d565cb75602fe4b93ba1747c7d7dfff93,1294,bf58daefad8ede4905a2848d80e76b82a8b540c9,
E36659,4068,ベイシス株式会社,S100WR7P,2025-06-30,5042,40eaf244617a862970650e3775939d106e94e172,5305,fb2f4e361466a4418766c98857c7a45f561d935c,3618,85509138bf5dc26e888ec7893212d436e3a76bc2,4235,a288ae0c5d270e91348b2474db0cd54b0a057606,
E03196,9942,株式会社ジョイフル,S100WOVG,2025-06-30,6830,61122b8d97af37bf32b77a986a7fb288b60b95ef,4079,ebaa54f40d6bd59890f9f68da0a2c14ec1a8338e,1726,3116fdb0bf69842519e37d8d44b94ce3abcfb14f,1793,9f2cd883e50877239304bd5180f547bc979d9be3,
E05056,4694,株式会社ビー・エム・エル,S100YFSM,2026-03-31,3739,0c2249995e56699e678b3099cea69e20375fe2dc,2294,73eed347b2a0a7c4031557be64f518d6454ecd67,3085,f9a758f4f4907bcee519af04f63d9884649d67d9,6965,c4e1904c876070c55e2d914e057de997e99726fd,
E40408,343A,株式会社ＩＡＣＥトラベル,S100YG2V,2026-03-31,5452,865defd2c8cd132cd4ec7e6c0b6a00158be1314f,5583,c44559b66457a8ed7678003050e4f730e8695e76,3753,4dfd7da2f36f4d54b08804a5683e8cb02b0c94d7,2689,a962c5c1433673adc6f5e6dac63ca52dc24bbc3f,
E34273,6233,ＫＬＡＳＳ株式会社,S100XBSH,2025-09-30,6291,2d9e305443f1840ae83683818baef20f5e8a8ebe,3221,725b22155c14cec8091eb5a8af6ea1cb1ea74807,4788,86ebd623d9ba354555c637f8d5bd97f15a114e8d,3493,55be819bcf061fad0b6907402cfff4cbdf5ad243,
E02171,6042,株式会社ニッキ,S100YKJL,2026-03-31,4730,f9e22b39667b4eae2dac8eaf079fd4761cbd698a,1152,0b597dbda41f70a503c9872a230c994a31fb101f,1275,b4f086237ad578b55178d72ed4c61f890144c178,3393,45c17cf3db3e6bf8e5c5dbfe053e2bd8cee36667,
E00480,2907,株式会社あじかん,S100YGFU,2026-03-31,8356,40ca126dc6106dc338e3e9faad208df28c87d9ce,2798,24c4dbfab38b3d3a30bb8c0ae1226021087997ea,2617,9fb2beb4b65e2174c939d6767e467b3aea12ef3b,3168,2004a58cf75f7907bdb6b6f4b0859e0d4c4f27d8,
E02797,7425,初穂商事株式会社,S100XT3I,2025-12-31,5465,47c4a62da13a3f759ee40509b3a63b5faa4bff7c,2258,6ea81b588a3b83bb22e52ae0b99161a402e67528,5296,4cbbdb71ee68f6b8b8d5b69d750f93105e1cf80d,2914,f3d6fe3eb319672e02e2bc4e38d468c91bee11b0,
E33367,3992,株式会社ニーズウェル,S100XAHG,2025-09-30,5999,170ae6d8c620a1751564daa5a5eefe8f9f0f4a0f,4684,fd783ba0893fd5933731523025817caa473d2a9d,4049,dad145ebe90e5b131c69c4b969206310a2d7ae43,1869,c23c110af106380a8cbc5e8cf72b381a57cad432,
E01215,,株式会社武井工業所,S100WQYW,2025-06-30,4171,c76852660a8f1100e783352a46c35b1723f983e6,753,269a7e6a76d472755f2c01c0f69c2277a19a19e4,1375,76bb97dd692a07c89a03818d03b4eeb210a6aec5,1688,96c666bc71c78c176f53050e033c1eb7c565d5ec,
E38157,5240,ｍｏｎｏＡＩ　ｔｅｃｈｎｏｌｏｇｙ株式会社,S100XU3Y,2025-12-31,4377,6e8d0ce1811e505891df228d0128c866cf580c49,7554,202c7a2ac2bd72d5ee76917b54406e799a55fe43,3583,e230d9612cb4bab9370a678a29547073fdfbdea7,1728,aac0b1e78b616f215ebc575a09f834c4d0b45187,
E04160,9083,神姫バス株式会社,S100YHAF,2026-03-31,5688,0968c8cfeac55f7b36d840afb5fb7a3f1c3bc4a0,3344,f51d063858e4224c973de11b1be3923dfd800f10,2436,5fcf07630d54912a5007cde1f3963761d15c6a41,5802,35978e268ab373d6c62a19ad4d3dc69c6f12d9e5,
E01656,7986,日本アイ・エス・ケイ株式会社,S100XV0H,2025-12-31,3893,761ac25e5dce860428a05deed9c63029e60c6a91,671,5fde2253679dc11d13d67063a6c06f05ae1c74ac,682,2add8179780872c3de7f352a45fb3f03cc1280d4,730,fb3839db6d1ed5fc6b46eda63f471b7d3e459327,
E00868,4960,ケミプロ化成株式会社,S100YIYR,2026-03-31,7447,685a162d1c9d235b744778fe2641a497f74876b7,3319,e7024f6d1997761e64a9d19afcca119d55940279,3722,81d3581e564e171f498062456d960d553958abb2,2251,2b76db681ab0c0e1f9cc7c29f5ee06a5b99ee377,
E01208,5283,株式会社高見澤,S100WQGP,2025-06-30,6775,1946d7ed18a0bab0ab4d61a1d192ad05dd7856a2,1166,8ebc707478389ffc4a7043ed261585d99b01c8b7,2403,3e02021c7c452707de02f1847eae4ba97459f30d,1938,bc5e0719f571b84892e5cfabf247880b36c20be3,
E33822,6570,株式会社共和コーポレーション,S100YF8W,2026-03-31,4539,0fe62c4c8a432d401b605e5e5727bbf3baa5065e,4006,5063f9747986d2713a719903b88729bb2c9a63b8,2754,33cb4ef713e1f0ac10edddedcd45de7cf6e1ad11,2460,d0163735b7d7249086626d63c0da22518f4c343e,
E01617,6325,株式会社タカキタ,S100YFLC,2026-03-31,6288,b77dd2f82bdf6c05bad6a305d6dbc0d49bbe55f1,2911,73f7b83d19e58a9351d9e5cfcd0d075c5fa65afc,4361,836ca8ed7bcdf681e62d03536f0b4752b153bda8,2763,1423a71b0ae19ae0d6771201597acf3c3ae730d1,
E00871,4242,株式会社タカギセイコー,S100YGHA,2026-03-31,5519,a44150f2a3cf8833f53a9ed4e8ec3d56d0dad976,3913,834888298febbd78d67996e2194b76fc6f0bce50,2105,7bb725a8af93edfb2f0fee407e88dbb80921a014,2085,a1880fabd925e4bbf76328281c8aef2baadae5fe,
E38738,5888,ＤＡＩＷＡ　ＣＹＣＬＥ株式会社,S100Y0CE,2026-01-31,5254,afc02603d3f507ae6923412387a0abb5543aa64a,5871,ce2c0ba2b9f6cb8d793e0e1393851084f9d6e2bb,6724,957a58e8583fd2b9c43b15984616fc4ced8b97ee,2664,d9ac457efa43d124fb302945421770723df06de0,
E01444,5909,株式会社　コロナ,S100YF55,2026-03-31,6536,26145274c80bfe33683e7b425cdf4bcc384bc1da,5326,f161818a2a71e4df907eaea4113d6cb99308e026,1913,1bafed49e57513d7eaf3f973a7877022b8ac5ecc,6682,9d6cd1fe63be3c11dee5578de800afa469e5d975,
E01713,6327,北川精機株式会社,S100WQMF,2025-06-30,4795,ad775fbdcdb7ef39d85c7fac44385f65e778f924,3330,f082325e18574d51e45d99d6ff5254d0a1a5f800,1568,013dcb7e7f231af6245cd72f96402e22e7200707,2756,15cc41085464b12101dac3eb9fa10693bca1be3c,
E26831,5932,三協立山株式会社,S100WJUP,2025-05-31,7212,ec697f2b427d1a240c2b9c3da4b6035255804f9d,5725,4c4ecca87d6d11d3529834f731c785e66b1abba2,5758,7ec16f8404102a8609c7bbb43515c1e2b5efecc2,14930,50014af41acf5b647c069d00e7baae313e8b8a56,
E00501,2816,株式会社ダイショー,S100YGNU,2026-03-31,3512,9443dfb4d82504537f352c7708de37ca4eab7e78,2104,0ec21875b51bd701dbd9098ce2d7b19f5498e981,2389,cbbae29f764ae9211c6112609c7720965d25572f,1993,fbcebb39a15d1d1bdbcf4f44a325c3ed0df648d5,
E24917,6050,イー・ガーディアン株式会社,S100X9H5,2025-09-30,7623,c2a738fbb92b03d73c80a7b470e11c80100c47b5,3331,80a5b3b7485b69cad8e9fcaade652dbf1d949e69,1241,b98de71853bfeacdf202aedf1822d733c7cb5a58,896,1d89f7c8f924ed8401b3cccbf241e482e1fa24e2,
E41485,548A,株式会社システムエグゼ,S100YKKE,2026-03-31,4792,396cceeaac8653be3c1460b07471b0f03352ef75,6876,4d572a4c2e6dcc320c2228dcc095726afc2c9455,6175,84b88a7e7a5b97b42efd8c22fbd072eb803252cf,2651,392f8851f90cff84507c9ca09ee6a1b241cc4741,
E01216,5287,株式会社イトーヨーギョー,S100YJYN,2026-03-31,7766,72b0341ac9dbbbf2e5f298c33ce6185a6462ae07,978,3450dd153769c5b9df8dd31fda8df198b48446b2,1790,4a654425d1397532b635ec6b9d3f3edfcc0fdd98,1758,8f961477294de0aef07a87a9fcbc67c9cff47f94,
E04837,9715,トランス・コスモス株式会社,S100YENI,2026-03-31,5484,f983eda578469298f71838f77c1ee48ef40377c0,3851,f1f664ebffc959cc475752620d5c78309c928ef2,1143,68f1e59295fbe6ace91afc560317e93bde385d62,24911,21cd7a9057c4167d20977f2ca9a12977a7478579,
E00911,4625,アトミクス株式会社,S100YIIT,2026-03-31,4626,b7e2824a1b4a180cd4afbdac8e1d005a5c60a391,1792,235daa41892a36b7459c4f64cc454711a9484420,1454,4545d819605bc22bcc27660a2f4d03818c6e17cb,2612,9f1fbe0a82f913834f81fe541fdcc8641f8ae2be,
E38965,5592,株式会社くすりの窓口,S100YKTN,2026-03-31,5909,4262393330c55cb7a98bfd6604feea62eb8a05dd,7783,3245a7d00071a925f9fb9ede2a3630f815e1e5c8,3504,c5e1770dc110bdf731fe3735139eb2b28afe4687,4075,ce49358dab3cf1afcf301b06d9cdc55fa3979181,
E00488,2876,株式会社デルソーレ,S100YC0N,2026-03-31,4781,04f61452ea1fbf77f564b3a2348442041d381c8e,2141,54fae3dc1fb7dd8c46fbcaab8e458b359e2dcc93,2567,d8890ba3e0c7ceb996ff774b66e6238586b570ce,899,9abc225e50b16ae34c72ce62256dabb02b446f40,
E02767,3612,株式会社ワールド,S100Y4W7,2026-02-28,10998,e252ec479a98f0776c6e773fafa5d477e6ad2262,5928,9ad8597e46506ec16579b995773a894c6c39a6dd,7745,fa38056203824e0d8f5b1d507fb87c7655c3b116,6077,05aaa3df10874bbd39a672cd7fb3487f938ae109,
E05302,2323,株式会社ｆｏｎｆｕｎ,S100YKRB,2026-03-31,5205,5cd949201b6f2ce180db7f9238abf25e50223aee,2666,f49d69afaec554b31002a138588d6f6ea19a9261,3808,b9c8bbbd4b25a1ce397928d32f57efa28dfce1fc,3440,a05c80b59a8d4872e44c9e26557e37b32c2a9953,
E00381,2217,モロゾフ株式会社,S100Y0DZ,2026-01-31,5628,646aa7c8442b7406f16610c7e4b86b0fd655bd1c,3892,7fee52f9f4d428f8a321e0eb85684d335843aa59,3381,6ffea7e8f41d7cc876f13e62ca76986fe1ef4ec9,3026,d865c612685c226a2ae1a2888896a14f8b7526bd,
E00895,4615,神東塗料株式会社,S100YD50,2026-03-31,5219,3d80f5a655519c94aca6adea1355f778a795df03,5806,437adbee021668816c66adf4fca72e2baed9a1eb,1979,a848108bc15556e0ccc9ffcfbf78542f516b120b,1279,842b8f9344db615aed867322849981777f4796b7,
E03124,8219,青山商事株式会社,S100YJ44,2026-03-31,8229,adc933444940329fa825a4b731fd4d76e48f2997,5035,64053c138b7c45475708e91ab7bb7a68a5528a79,944,1e46234352026edb0c819fbc4f0f3ef1e66714c6,8720,27dbd28dad56e92268268dd47dc2f304757a7623,
E01391,5962,浅香工業株式会社,S100YIX3,2026-03-31,6125,8a45c1e4440485fa642b7a2c1823ed4655542a70,1165,e1619071e9c2096aae36ca0a388d05bd1a27c1ef,2539,29f54b34d416b3876a35c4baf4fcd5a7bb5976e8,1929,1c98699bfc587ecf75a7c7624cd7a7e3da01697f,
E32351,3541,株式会社農業総合研究所,S100X7ID,2025-08-31,5316,77f9715ca734d38acaa21c891925eb072860a0c4,3773,94b923f2464b98254959e88e1027460f54a7c385,2938,30e5afa44b4c34fcedf0a1461170709520025b04,2103,9055e2e4a9731e0eecb4cf91f984f5a1d8c2c907,
E01989,6928,株式会社エノモト,S100YF9J,2026-03-31,4813,13ebfc026902929a2ce7c529c7b8a51406789716,4183,d8d3d6de31ac2b1740258a7eb2aa6c468a0caa41,2552,d9f3dd0a7567a9dd951814859806940268cae78b,3469,b43c51ad1fea64c993e44ab225a9f405d90a6c77,
E05657,2136,株式会社ヒップ,S100YEJ2,2026-03-31,4811,a6b13d4da7864a16f6ea7b0c9d02aa9716d7d571,2735,12758fb2495c775458ad61699c0f4cffa40005c5,2390,d80ce03e98bea5a088eebf58f022400b4219f9e5,1798,fdb10b8f0bfbfa75fc46da168aaa72853ff84d85,
E38191,5247,株式会社ＢＴＭ,S100YLUK,2026-03-31,4724,113deec8ce3d13328da88cfac9aa7b37800f4d7f,7999,da8dec315ee69ef6146c6c454bdfdd0ebfa48c24,3513,cbf7dcfb6232d8867a0bd7300662afa52e098352,1457,02d001781aec25c4bac0e691a29db7a0c49df709,
E32119,2424,株式会社ブラス,S100WX02,2025-07-31,4532,83161ab491d63e856bdd6d2f024013097ac4c10d,3937,00c49502ab441999125790e3d37248414eefb990,2103,d18e22959fbf47fc80372d9d6d117ddcedebac34,1569,152d8eb6cff100dfbead6d0fbe87771db47d6558,
E02786,9996,株式会社サトー商会,S100YHOR,2026-03-31,6241,cb2233040f08f673e1813d22360ca6092a031b4f,4381,0b957ee7904a3fa33d84e3d2763c4c3b48a7f1f4,5651,5a8d86135def8916d3bf69f36a81512610fe2896,4347,fa78779f978b6274d7f7ad90a8aa9a30be58fcf5,
E04890,9639,三協フロンテア株式会社,S100YF0N,2026-03-31,4573,cd7ccdef95de8de371706a775e5cc96be3b7c9b9,1509,dd6a9caab3d3b98f5431913ab48cb94992394248,1408,121e2bfc6a31917786012e967a3810c5b3137f57,4125,380203793f8160d1b79f46e2ab153509aab38203,
E26095,3169,株式会社ミサワ,S100Y0VC,2026-01-31,3682,e822f7a10f0be1b168c7aef33401ddfce35c7f3c,2549,38e1168f8e537a2286aa132cc89a916ea45de7bc,1183,74dcef854e415a5c4a97183798e98f71092f694a,1355,c3180ac0a74608fa4cf9417d9fb6dbe0d51c9728,
E26914,3896,阿波製紙株式会社,S100YL59,2026-03-31,6756,e310633e51e63174536ed48dc63f8e3e96ca4d57,5488,0739b64af230e4c1ac9e4da0efa0f850092353b3,3122,032a16593cd8490ebbe4d29683a256a85ae66afb,4443,ab745901cfdf6a3b72665aad3103af212cf40a5a,
E01172,4990,昭和化学工業株式会社,S100YJME,2026-03-31,4797,aa26ca7e24a7a82f8ebdbcdc21aaf42b83bd71cd,5573,d281ed9d6da804290ef0a09d07e236efd2742ded,3177,a2e2534f84988e822b87b40a12cab6db3561eeaf,4661,db54d3e44b9b587c965533e080758c675dd74ee7,
E03637,8562,株式会社　福島銀行,S100YCO6,2026-03-31,11252,43e7e04acf984c5fe86a763954bf0270f0002f34,3400,bc02240d00627519dcc4d14e20b4f1fb8a35e208,2120,83c0ed37c67eb0d13102f68578c11b7d15952ba3,2213,f1f0782bcd95155b374b7abe30ab3aa045076018,
E02065,6757,株式会社ＯＳＧコーポレーション,S100Y0OW,2026-01-31,6342,98bc40551ff5fdb0a08302f0416fb31605798a95,2263,72d912b04b0fd0a88ae086c6084446c341f33af3,1546,d93a396dad6042cfd4314974d1e81784d57dc814,1294,7b54807d625938374ea3983208598b3351f80e69,
E01596,6440,ＪＵＫＩ株式会社,S100XSJU,2025-12-31,3126,42a53109f0439ff9888dbbac282aff967ab0fa0d,3505,9977e6f54cee0db15bf949c3ac6c0f1bc5bdd75b,2866,1d929dfb430737fae0ecc0b39ff8ac1446232b2b,8678,755c9f68f18194d6cc3ee8d8a98464c44939f528,
E01277,6439,中日本鋳工株式会社,S100YIME,2026-03-31,4700,5a1af5e8bbe214e889ca3c81e6a93e1c274d80dd,2568,0a042ef057117862d7a96bb188cb3fb6ae0095b8,1365,e0f6f306502f396b2dcd90878d58ac037feb7f83,2407,f5d0f5d071202ec49d070dcce89a22dd4042e4fd,
E37458,5026,株式会社トリプルアイズ,S100X79V,2025-08-31,9195,db3a2a6e1e72f6afefe1ccab74df9b40df6af7f9,5672,18c72476e960363b607cb6a8591a9a71050305f2,2470,b2b831d28e0792bc195c62ab99c94150ed6dd4b3,2274,e26767810322409bf944f7a954d9a81758083e96,
E37399,9216,ビーウィズ株式会社,S100YYAI,2026-05-31,6456,8a93d89efb67039ee45642f6ec20771c0b7984dd,10784,264be4d25054a2a2ec6b2bfee5b2a3d7a4384a2e,4045,afef7873a0619bc2b82fa3764cd8eedae4aaf58c,6977,6d66155abe64e8d10b11084d75c3dd917c81d226,
E02329,7715,長野計器株式会社,S100YLAN,2026-03-31,7257,e25069753e2fb3a4fceeca43977772f075fae222,7661,e0647f632c5c645914e1d319e2a8b2285f98fec6,2007,e850d657c443a2b97458bcbfd66361ef57d5c22c,5299,61c124240e7abd3817cd65d493d052cca92a682a,
E03478,3053,株式会社ペッパーフードサービス,S100XULF,2025-12-31,5358,58bb955db17220693edeae62c58430b051ede34c,4989,efa6717aa1ad78a202bfff4532c704ebf79e333c,2019,fdb8eb2994886bc01aebd208973ed524b3ba1f7f,3461,b3b452808e053e3caf423fe99341897c7e2b8afc,
E04159,9082,大和自動車交通株式会社,S100YHKH,2026-03-31,6034,056f3ca556eb2da513c51aa3a496436b52a4a92a,1929,65a628105a9546895451a4438c0180ff23872269,753,2ada46428ed1c92bd14a8eac1a2308a4e37d9831,2447,95e09bf5a68efcf2f0d5c56779cedcd78805360f,
E37304,9213,株式会社セイファート,S100XTQ4,2025-12-31,7695,a163d519138e5d5456f0813dbe69c6adfed8ef4e,7679,66dc15950de8172142c7a301f3c5ff1c333e3e4a,2662,9a87e7cf793f0a60618375cf1bce88c75c101084,1270,638f4e16554fdfc645b59223d6e34a3bf71c6bf1,
E01441,5973,株式会社トーアミ,S100YDF3,2026-03-31,8919,758bebd3447735f9b42c2c55e50aefb216bbc546,2211,4bf25499f95b9f036ee4a254dd2347476054d11e,2221,5027907e4cb5b02db84a6c9b623fc9396784c036,2401,3812d7b755c7902ac8a5300e9f3ce90416ef4333,
E05327,2353,日本駐車場開発株式会社,S100WW40,2025-07-31,14764,4f8a10f4b38f1f39557b83aa4c293fd3c823db80,2117,65ec31905a80738fcd4c07489549676704abd853,5224,debe7106f697070374c41064275081dd1de038aa,3605,4886b64b5f04e68d723f86d80bf2a33ec303d529,
E34336,9279,株式会社ギフトホールディングス,S100XHK4,2025-10-31,6290,2c0f315a00b75a1cc395b684174ff06e348a8fbc,10543,01fd717fc167cea12d991c8816f4baff99f7b666,7052,c0eb8e135fd6c7fae4f1fafa6495e444aa133517,6193,0b303293423278c9dd2727ad6993f0865c723602,
E03147,9853,株式会社銀座ルノアール,S100YJPB,2026-03-31,4466,4c687a76d68062769a8aaa10c550e508cb14249d,2208,c741141349011184ec316cf2212e3ed40e87c573,1105,8146531eaf172f4c6e53f800f833d4f1fea94555,1656,3ae504e5b08605da877d5cc85f093fa68700b178,
E00734,7863,株式会社平賀,S100YLE6,2026-03-31,5973,4f8d6f17d553adc5ae1d8ec70403c47f610f505a,1493,dd247e18f6e3878a701f8cc5f394f09ef529a9b4,1852,cf465e13482068413baf0e6ec2cb2655d5297e85,2917,81a722221a9b7b4947d668525822becf68aee362,
E32988,6547,株式会社グリーンズ,S100WQPA,2025-06-30,5844,478a3ba83eb292d65f72ee06f01bf01ba3c615a7,6449,4d6538e88d1c860ea518dd2976178010fe86026c,2320,796942ee4e70ae252f4f3f19bcf67ea8842487f0,4759,9a46d2807d790d07894faad7f76a9f4b69025aa8,
E00351,2009,鳥越製粉株式会社,S100XTAP,2025-12-31,3483,ea3e97bae982070d3372d14f586ceb4dd31ab735,1306,a990cb2fef55ccc806848a6734b3b1c0ad1946f3,1413,6da1c963f3ca4019008fda58b80deaffb361621b,2172,2f085ac92f9debc22388a88eb6521702ebe8e866,
E38685,5579,株式会社ＧＳＩ,S100YKIG,2026-03-31,10108,5060217b018d9388c7476c8dc1491bfe4c709791,6089,db638b0cda2f1fd22607b751b6bf3e7c86651c85,4067,182ce466deaea89b2d359b44008c406c51798906,4600,8044bbda2e31e01e31c588ab152c3c9927486bc5,
E37165,2585,株式会社ライフドリンク　カンパニー,S100YIP0,2026-03-31,3530,88b888b74184fb60ca86eab333c49f5906dbeecd,4040,e409073ca7f4c71da7a428e990832e9302f5c584,3423,f2bcde4b98a6045f83ad53bd00e5bb850e837215,4110,497fd799342314820ef0e9da3eb2e338d41a9c38,
E00632,7897,ホクシン株式会社,S100YGLJ,2026-03-31,5553,cd4828c3b6abb37f07257678a9309b79616b9af8,1830,1448a925ae4fdbf9043c41a4058126f9eda4adbc,1251,770196a427263151ec76066e94d14b4c3842a869,6169,9d2cfcca3f0e233f115b3fc4133b30afcb63d865,
E05627,3054,株式会社ハイパー,S100XUT2,2025-12-31,7016,80fdeb63f5dd37ff6f4f40afe32d95693727022c,2541,7db6f25df6e4d48e90a4aefd32eb4e568479d8f7,1247,ba817be1c4e32a16794f1cb6cff1f32c45477a49,2579,17c8dd36db592dbd4e8cc848eb9320e5ef6306c5,
E02425,7908,株式会社きもと,S100Y5JR,2026-03-31,5040,155de72c93aea1ec0c54703f09a01b29058a30d8,2551,24ef1129a07874ce5d96d9ac33dd8d408881dd9d,2287,d3d4535ef6e71a808154831c512c5d9b9a7d3760,4782,fa1d7b10c679c0590e58585719fcd1cf5d8393e5,
E03273,7516,コーナン商事株式会社,S100Y7KL,2026-02-28,4775,d1fd88ec34bb88157a9db079ea70836190c72b90,1584,d43178f6a039fa1824fd833260e277c764a0bc93,1679,d7e36c55668796ae94b19b9bed2693ce084d16af,2077,57367ff227ca224a967907f8d2674fb15146e36a,
E04095,,伊豆箱根鉄道株式会社,S100YFA1,2026-03-31,6081,53e66324eacb814746789e95abcd38ce19b1424d,3884,4d262112aa56a3ea9660661ab95189d964be72fc,2626,fb91431a781481ffca1b2cefb5212c4e37c318fc,3295,2ab69b9fe8f01601ffad91a5fe46eff07fd36419,
E02588,8025,株式会社ツカモトコーポレーション,S100YDV3,2026-03-31,5668,d270dfd1bd3d19bdc5988d58c2bea8bb6d3cf246,3053,6cc85e35223abff84a93560748d80f514a06e24e,2683,bd1296d90000c61e8eea7476a357c63f942c0a32,4183,4b917cc2b0fbdcec88af01680fcae9db357acc20,
E00714,3951,朝日印刷株式会社,S100YEXW,2026-03-31,5842,e9e2eed232c122092422f3fd863cc8ab440b96b3,4628,c04e525c4c5f65f0e07c9eed750a351490aa6e22,1832,4fe1860264a4ac500db4cdb3f75cbadab69628fa,3956,6e8f6c89ec83e2813c2070b3bfdc8a3981a9a3e5,
E01324,7414,小野建株式会社,S100YK40,2026-03-31,4655,0e762c71fbd01bf2afef0c315fc751f22e3b157e,2339,23d53df023a0534188eb805bd8fab6d433603fc4,1759,c18e3a9927e85f62b91752bb1a1723f0a1bfc155,4507,78533b214d56708a1a7ff19a633dc3a56035b547,
E04136,9012,秩父鉄道株式会社,S100YIV6,2026-03-31,4549,1f1c4dbb0cef4ec19777eebad39266b60b5711f6,971,1174afb5c0daa0e8f7f68e9d9fd16a74a8be0da2,1565,506ccf39374bbd23e6600509ddacb21a9752eb7c,1039,e7b844ff4ff44bfac3c155a5ad581ee440c7e975,
E33557,6557,ＡＩＡＩグループ株式会社,S100YH7U,2026-03-31,5016,1e7988d152d06ebd22f919d93d5f61650696fd3c,5142,1c54d0661f30beb7e5d0f9b6523e51777c022dcf,2209,63fd933c2189c6f7524b946390beebb080fb8819,5368,990bf8782bb1e1856d55ae13637a037ede2f9689,
E00912,7953,菊水化学工業株式会社,S100YKW4,2026-03-31,3724,7cef1ffa219dea7d16deb403a9b0de0629d62bff,3328,05e657253d41c7d09f5c014cf1353047514cca54,4080,6d34ada71c23acf45af7780f6b00f0044a1770dc,2383,1e5238e98b2a40bcc7c90c2d5e1cad6d3f2953b4,
E05483,2438,株式会社アスカネット,S100YRYL,2026-04-30,7829,4208f42ff8d51179b75b094e894ef90994217957,6231,93aec1bb2144f1038a7d69d9bf5e4ba26fa46722,4718,0eac1e8571017cf66d353b2a71ec100baead89d7,5007,b7ff759919a99e6da714dd59f4152b0fa26cfed3,
E24129,3160,株式会社大光,S100YX88,2026-05-31,6520,833d13fcadc5b8bb5e49ed8d2556bcd712cecbb9,7315,82289f90199b4539e5a1b13bb7723efaa5442e26,3563,4010013a78e7b131b4c4f0499486303f2342de91,2161,27b9ca58314d452352c2e05dfda6ceb0858be7d7,
E00867,7886,ヤマト　モビリティ　＆　Ｍｆｇ．株式会社,S100YMK7,2026-03-31,4368,7bba5f6436ab1f67adfcbc388f8edee750b1ea52,3685,f52d91d2b8cd7e40f59219c95f44a4806615ad39,1436,0f5c580bf3f2ff9451f61ae99c6d801101b8a729,2740,7f8fbdeb476ba021c1d7020d3f418865b993a471,
E03347,2652,株式会社まんだらけ,S100XD0Z,2025-09-30,4622,e6892841e26a75b67bc6e818023c48db5a20e3c6,3502,31209d4234a554309b9d20eff3ada7aa952604dd,2269,12d00b3f7d469811c039897ea3b9295cc11c910d,1018,e51f8ef9a43eb1dfb9c4a361f9b77dd2fcadf9d4,
E05248,4331,株式会社テイクアンドギヴ・ニーズ,S100XVY3,2025-12-31,5556,728c9206d0a581e7ff9a012f348ac48a73cc8c80,4841,0070519ec4c573ae3573e6bbf331bce5f49a8d95,3231,61d80ab01594d4d79c37dd38f38384c57241e282,3308,cdead2450936af4daa6745c3c29c30819c30e92d,
E03473,3030,株式会社ハブ,S100Y764,2026-02-28,6281,2c19e269ab235605e50a15b7afa1cf3962ed2fce,3118,29e851314819fecd6a725f0c3862db43dbed1fc0,1179,daa1c467ce74d47fc8c53b3a6ee49784cdcfc80a,2927,22ab8bf4d4ebbe7649523f9bcd97399af3ec5b19,
E02385,7985,ネポン株式会社,S100YN9E,2026-03-31,3799,d62e5b1cd678d37ffadd5dd385b05dfddb0785f5,1212,0f5b6b4b2710c120ae6036742dc3ee00c62258e1,3289,0e5f5ffe343ac99b741b3eefbfaa1119e07dbdf0,3895,5bb843d003e7ece06428f7ac93b8672902040dd0,
E04334,9075,福山通運株式会社,S100YIXL,2026-03-31,8546,1febf4b9ae06cd177478227538270fdf396abc6a,1570,500a79056f22157d26588cdb9cff5f1208d03bba,2603,7e3fc8ae8e52a5b3f04895e9acfb74e35fc33647,8818,638848a0bbf679889602a88875c4fc821d3012ed,
E30692,4247,ポバール興業株式会社,S100YK0F,2026-03-31,4125,823f6954fd705fd949a19699e3ef06477fb24233,2427,cb47b06aa3b2eb733743b34f76f8a0e482487372,1260,3c47c7780ff2064de05c3a1f63569de6e6300437,1803,92efce8d0621a4fe502ec0600fd433690e69c8fa,
E27066,6071,株式会社ＩＢＪ,S100XUID,2025-12-31,6727,e9c51df6e20f010619ce82614b34c81b8edcf5ff,10977,a91068785f73b9b13e6efbee7ae9586cfa74487b,2543,14503a6ed2bf73c8a3f925fa68abd777e5a43139,1676,185e6a8178921a9db5984d2e733be737dced4ce5,
E02832,7475,アルビス株式会社,S100YD39,2026-03-31,6665,13963d3ae5b6c9773144c8af4781a6f433dc30a3,3726,4bb9a233a199740b4e53407d3e92dd999cec107e,4513,1962027c78a9f6758b0d1fda6d610e5f4612b69a,9071,bfcaa1ef4a7377fe841f18c5dca4a606c5cef5e3,
E04796,9769,株式会社学究社,S100YKPV,2026-03-31,6335,cb1fea5adc9c04a7b7ff368e233e2dd19c44452a,3862,42f0ff56f1166157adc1745b639855a9f846d325,2378,73e800307ad14ee7ad4856ba57bf8cdc90db12ea,1750,f5e937927b312c90a7d0c145d52d2214683c915f,
E03293,7554,株式会社幸楽苑,S100YCYB,2026-03-31,6556,e1eefa77dfd9ab45b1275b6753bd355545301a04,5409,2db53daa62999faf6ebbf7a68404343e54414fdf,825,4055776c06bf1b3b1a2ba2a6a1f4f708dfecb4fe,1862,5c443935fe89156c5677caf4e3734d5053ce726f,
E04221,9036,東部ネットワーク株式会社,S100YK2G,2026-03-31,5850,2cdf32d56e4095e94b160c413819c8234c9c59fe,2010,851d268b561a42d47b2b4fbe17cb51db7b97b4bd,1066,a7ff5a78d83ca10df72cb4488b7642b9247845fb,2935,f5bcf3c64657d652e8f83edab928acb2d0d49fcd,
E01718,6428,株式会社オーイズミ,S100YLT7,2026-03-31,8521,562457036af42648d96e8bb0ee9d01d4e0eb0422,1078,c99a9ab321b34e4b4d34e08d6db2d199e2f93f77,1939,2bd6c3dd83a9d3b8a411001a617e4387bcc60059,629,62312ea8a8bba9397024e3bd0afc6e27e855fa70,
E01521,6218,エンシュウ株式会社,S100YKK8,2026-03-31,3223,070d895d47ac56a653b3a35247bbc662531e0bcb,2442,d6ea4d9e0f98e9f81526a817ab1c757d9edf02eb,2564,d6310c6d39f5b0197c567a55cfb4c793adab9b9f,5618,e4a9900ccbbf95f7ea2666ccdbec862e8989b15e,
E02776,9982,タキヒヨー株式会社,S100Y62Z,2026-02-28,3210,1149d16bf6aa5f321dd7d9c882055307103a7f1d,1933,eec044d382ffa110cf5da24dd4f06c5cd008cc9c,518,ffa145a3cfabb15a8afec61b2efe7d969b4b952c,2367,2b452fd71fd2ad4f0ad8d2dae616d20dcd8fb182,
E02997,3024,クリエイト株式会社,S100YD0K,2026-03-31,7447,361806443c6946d7563b9cd537ad2a7028603b03,7224,6f2277f4d2e4bc088eaa09e7c8057786684d2f37,4279,ceb509d8497dcba8b7870a7f875fdf6c6542b133,4080,6cbcc07acf5634105bdb1f5e355f1694fa8010ab,
E03331,7636,株式会社ハンズマン,S100WRQD,2025-06-30,3290,7789a5243220a6995da4ca609501d901fdc72706,1536,d485c4b2117ca6d9d2c69dcbed61bbf4d8102452,1140,5f9470b4fb4565322bcda0a8fa842588b7697f69,1246,b967585d1840adacef601585718175bf6d4e5ab0,
E36666,4073,株式会社ジィ・シィ企画,S100WQNZ,2025-06-30,7037,0fc61164dedcb313e969514125b37b25c3292748,6492,a3b6f6af6f15f4a988131c2235a4f7ebed6ecb46,7878,7826a1ee16d7abc71a83e9fac961c62cc70e3cd9,1019,d6e99763f70927aca633d4842b4396fe8a275408,
E01928,6926,岡谷電機産業株式会社,S100YJ7H,2026-03-31,4967,1c94e81ce824f642d6ca72e7c1a0a24924f763c0,3986,fc53ca8107de8348d301169f2caaf046c9ae36b7,3480,ec00dc1572c2a5d6bec606fb84b7813a88e22e30,1755,34edd5e295ac8ba7a1958158c664f8aadefd7966,
E05015,4707,株式会社キタック,S100XFRF,2025-10-20,4899,df6188042ee59e534f2ae450df01a459065dc1e9,987,c28b4578ffde192a84ff9f3c7a2c7e5d50c5cdfc,1066,4cffd89fcdd8d8a65437f40d6078353e3711382d,3766,cbe2ce1d63228da713d19c2a492059fd64cf2dfb,
E38167,7114,株式会社フーディソン,S100YJIB,2026-03-31,5496,dbaf2978b1337893c965be6b9a5a452be227dd49,11351,37e393c8190ed631e5a953727a44e817f7033185,5534,b0d6cdde492820f4e77fb0af421e42e2e67ca129,3061,734aefbe4a223832289915e2d3cffffcdd2bd9ed,
E31037,4248,竹本容器株式会社,S100XSML,2025-12-31,5860,936d0739d74a5b81437d2a6d2c471bcec8147cbb,6795,69681a55cd2f862d450dada9e42e15e0c5e62b55,1161,99d797fc263533e233129582f413c6211de4627e,2391,07a08e374044ed9b1406c57f0004dc641a703fca,
E00456,8006,ユアサ・フナショク株式会社,S100YIWQ,2026-03-31,6017,2c0ee7fb5ee2a93c6a57d2bb89d68bb4bd380eb6,1351,62d8623c0ff5a9901a8268ad59693eff45d5d9e0,2083,06cb4fee4417628f55be81ab66eb2fea39cb5f57,1224,e56ce4dc75c71a80536422f2113c914f23275ca9,
E03399,2730,株式会社エディオン,S100YDWB,2026-03-31,6488,3ad97b73fa4d3cf650214d39786a2b0b1e387351,3556,a9182e83b28cbc83c2c21eaa9f102d7be57ad9ca,2485,372e090bb2dae649ad5794a549f1671b7a7ae128,22035,deff36ac67b5885281a324f493243100aac83cc5,
E04189,,株式会社ニヤクコーポレーション,S100WS5A,2025-06-30,3728,835c4abfbf0083db6b16a81381d110d84f7acb38,1359,7a9e3bd6fba14dab57ddf24339116bff25f078b5,853,7390309cbdd0bd6591b01aa77872291c6efbc482,1439,0be71d108c73212d86d93cf111740d609066f412,
E01365,5922,那須電機鉄工株式会社,S100YJYT,2026-03-31,4216,1491eedcd9fddb82fa8c34a2c333d393672c359b,1345,4e42d02fc342914b25168dbd30646f298982d8aa,937,83efedb3aadc017c72991ac815ea2098091dd37c,2670,bd59770e2ad7e0e35ca730c3c4e533dbff2a48da,
E04222,9035,第一交通産業株式会社,S100Y9O5,2026-03-31,17003,d931b95ac85a571a87fe6fcb6b27348d79e50f2b,8639,dfa0103203d7b145ad014a8fac29ec958b86c209,2864,41ab9b1b0bb3dca83cf80ee3dcc5abd78601e8ab,3115,ea51f19e436a6439d7f2ad510736092cf04aec52,
E00388,2224,株式会社コモ,S100YICN,2026-03-31,4496,4b57d3498394734ee1d1f69efe22645e1fc9e692,1447,683e917a35019459d930019ae691e6b90bc13104,934,12ecb85a09749303387a68d37659d2a740271cf7,2597,c714636c4d7b8bd74f4dae49ded1dadfb2365da8,
E34018,6580,株式会社ライトアップ,S100YLCH,2026-03-31,5044,71251940e8555b476d4697120f281dd00dfb068d,5355,d75dda80bff451caf0db5e76d469810d1b78b199,2414,1686dca9b2a2ca541f1635012ddd0305be6ee221,2659,2eadf70c96f281d3b14bdafb525f74b7e1438d41,
E03275,7522,ワタミ株式会社,S100YMJJ,2026-03-31,5915,38f1f21bc9ebd4d2128670195feaff57ef4b20c5,5689,2de8f5e62cdfe57eb95c888d904010971c224269,3615,e20defdd97c6082d3f9b4e070685d3c695cae697,24717,e9c4bcb60ff42521d7a97a59d8e42ef656858549,
E03121,8160,株式会社　木曽路,S100YGX7,2026-03-31,5829,eab899a5ef80cd9b200f7280f8b9cb6c4529631a,2853,ff361367d6d7eca6ad855f2e809a1c168e031275,2327,5129e4b18867a88fe5d5349621e23be857cc376e,4705,57245d8c1eac41e42916a5ed8fc57ae1684bad3f,
E21514,2179,株式会社成学社,S100YCFW,2026-03-31,6469,34fb121fd22282b4105ded9af607d0f9ffcaf036,5539,a3f79ab982e35033b17ff0649f295578f870032f,1464,2c009f7b9a487a600f70d42cc0e079bc3e3a51bb,3175,00b6807e5892a2e1065d0423bd65ebd2b1f65a88,
E01448,5979,カネソウ株式会社,S100YGWS,2026-03-31,4432,e5b5a2c926aa5c30114febf0de5b175a947c8a3f,2577,ceba99632f562eb3de7313765cee4647bde31cf2,1095,cf4a79d40971a9f002655e7b038faf89b7dc3843,4153,8dc73303a3fa26a6321cd51b9143e9819d83ae29,
E05701,2156,セーラー広告株式会社,S100YEAK,2026-03-31,7485,f25fc810a900e778b0e6a6e41d525c44957adef4,6245,9311fb7f8fee9b2a1cb7e6d580a9b69516450dc9,6078,b7c73c61f608398682b55ce036c9b47fad761521,5686,060f79ddd56d5d09f7ffb664dbfbb825a19146dd,
E00796,4098,チタン工業株式会社,S100YGE8,2026-03-31,3740,296fceeb9cac30254a553f42af821dba6170f648,3912,baf5e0d6ce945829c5855ae3dafb482b5f2fdb78,2411,65e227e90f49ef4ade3a9caa0d5520c41af62eae,2562,e618535fb280371a88b1267dd899e3f744f39e3c,
E04991,4678,株式会社　秀英予備校,S100YJWK,2026-03-31,4492,1c7223e558b3f798233f1fb9bdd5206db6264b3e,2033,1199cb1f0fc9ea8a8e3b37ea54cb3cb520d7bb44,1547,0d63769b78adca54a948fc06599dc82825f3b0f5,2508,a4ed80dcaf15188d76cd8fb421856ea3401bb56e,
E38168,2937,株式会社サンクゼール,S100YD6O,2026-03-31,8647,8a6fe7802787bddfa097d100821f1aa06ff9f9c7,12979,712d7c55b6abe2296077b8e1b26219aed658d1a0,9481,83b45be45da5444609aee7a652110207f574c910,6007,76512ba232c10e524a5dc9eeeb72148939b8c667,
E36883,9245,株式会社リベロ,S100XS3W,2025-12-31,5496,4e7a7f9255fcc45224039370fc2c29314674e924,6379,44b0c959e072f3d7507d674b01368c200a158f7c,5863,f845c60c7253c21506257f2e6bf354b5f4289121,2998,e5789d2426d09de73d55556a414684b39e9b3def,
E02324,6888,アクモス株式会社,S100WQFV,2025-06-30,7253,05979c4b5f1d3d5c855c8070f6ae148e375f532a,2060,d03d0f3770642b894a49a87719ecbc17e89df714,3805,7adefb72df6a28f0c35546044971fd92b250878b,5573,9d731d87ec303ec94733a25dd6dca9e729a5cb53,
E03228,9993,株式会社ヤマザワ,S100Y6JY,2026-02-28,7219,6bd2bbb80987f28722ea91eb4130a23ab5c67687,2788,2f194c654d69d9f1cac7be9046a84d298f903356,2394,d43acef7fafb02effc3dde550df0707adfc80d0b,5866,c7b70ac35ac520e3ad46a9cc293271be8aac4e50,
E01143,5268,旭コンクリート工業株式会社,S100YIYA,2026-03-31,3234,5d287c87aec58ce3f5c06c2dae4631b4f8763c5b,442,361c20efbc9aa629955ade18ea6653f3c2b21043,1093,b117969e3d03e768ab76fa3ca19577dbf0cfea87,1141,a6f4da48f22473859f20618495902feaf39fd12c,
E03436,3329,東和フードサービス株式会社,S100YSG1,2026-04-30,7445,9a049722e1a1875bf2b77f397cfac273dfbccde1,2177,1d1dacd3de69f065f828bb5c555593cfef47aceb,7176,4487fe8b90921d97d66bc49c573fb7a5605b74ab,3723,ddeedd5826730d009ffe49646bc85c9f378453f6,
E33305,3566,ユニフォームネクスト株式会社,S100XTR8,2025-12-31,4541,5781f650bc5d440d4b62979be55e8c97adc3d3f5,3261,c8066241667fb4ffdea51917e2f93c27c4f395e7,2425,0d72dd8161b81aa5693c7d79cb3e5cf18fb6ea54,1158,a42a43e1e42877cd37c72c4c5db0a3baebbb64ed,
E01475,6022,株式会社　赤阪鐵工所,S100YI3O,2026-03-31,3755,ddf7f0ea4125990c32a47b2bd45ffd1bbce3ce01,1653,7dc96942ba0e2d2648dd66393c21002d70c927b3,2171,70b32b3c644e04c0a7c102bec845222dc193d257,4064,1a71217346a9cd05d226f808b4902da05a453740,
E03289,4558,株式会社中京医薬品,S100YJGX,2026-03-31,8146,2c1ed6422f2109cfa3c5c351d05b89ce40d231f7,2112,fe861b4bccc17af77b7598fe7f71d99429e7d37c,3382,b7c9dce25f24c3f284a5949978df77611809e600,1970,8786a90f5b2fc6e49e03e12138df019549ef1c11,
E02986,3374,内外テック株式会社,S100YH0J,2026-03-31,6854,7d53ff915e8ae2dca132b2020f0e3b498b4ead50,4108,d453d50a9dbeb856b9e9d064e22750c2ffac9a4b,3955,1e54731f74f306a19eaf049309456a39f80b2167,7883,d8d4d76667df334c145de6ab4d2cfcf78e6e5bbf,
E03490,3065,株式会社ライフフーズ,S100Y57D,2026-02-28,5258,53dc5eaa1aa7867a27ad928d493b0a2de7a1b597,3137,fbaa0740393575ffd49b8123bdbb0aab70f11c7a,1169,2bc4f30e50f4d3cbf335ef919e3e20f8b73656d2,2524,d15decbc79f72153f9e83d7282f9d6143ff27f06,
E25148,3480,株式会社ジェイ・エス・ビー,S100XHE2,2025-10-31,6577,bcaf1c7045f4614fe8d866176bc4d6990ede7339,6534,58db6f587a5b18bd536d8fec55d799c3fb30d4df,4727,5a82d6994c0f6cdb90dbf365f39db798da4629bc,8328,06c0fc8f36058188e86d09b53c62022e07b917aa,
E02323,7713,シグマ光機株式会社,S100YXKH,2026-05-31,5935,dbfe232b6cd3848cea971ec80ad4f202989fbe5f,2559,a8dcc762fcb57d7cfb585b61ca8cf919dce88018,4025,d32220aa46234d301a8fb8abc74ebe99e43fc80f,2023,2b8ed22fa12d62b2d541402525c43e42910f5adb,
E30066,3293,アズマハウス株式会社,S100YL9X,2026-03-31,7002,81ffd7459d7fb496be472d638cb629ac2785ec3b,6124,66e893bb14ce8450e4b30545845443d0a247d1cb,1606,0867fc33a823abe56ec1d5588c76b5bd914ff74a,4034,3f0fa0049dd3d64fc4a460e0c6adf8d8111f7f4d,
E04857,9686,東洋テック株式会社,S100YCTH,2026-03-31,5598,e7f7237c5266300a524f878846ac20d9df6f781b,4538,b52daed1683dd26f01b5faabb6146f0a6f625d01,1936,bf943ba25d141ff8e5b41a56546136abbcb65bd3,2747,3d4429530c847692954b47575441a4f76f1073c6,
E03428,2798,株式会社ワイズテーブルコーポレーション,S100Y6U1,2026-02-28,5494,1b62eca60f7cc28d9d136ddbe4d2a26ca9c35846,2267,f47f285e227f228fc615e181b5f7464d536bb153,1805,81bebe97f45d54ccd3d37fc852ca8b136efa8fdb,2674,f6e82338a0a69d19de26c82300fb312b3c896e1d,
E02241,7218,田中精密工業株式会社,S100YH4P,2026-03-31,4397,2bb563ca668173f64b8e7cf6fb71688f8930b619,2799,ae1087f30df3173fa13670cde405433afd3d5007,3931,4bd9d2d3cee87397eaa6eabd06d5bdfd9ff66f40,2156,89c35c2c34e4497079487479f27a0e75f881acf3,
E01515,6203,豊和工業株式会社,S100YF38,2026-03-31,6647,3c6fdbc7d3ef832b36be10c4570b4ed677bb3b0d,3411,bafa3111e3d4fbf3e96243bd6d02190003a72bef,3773,ea964f93682f2392b80ca3ed742addd61d022755,4584,c6191b64fdd515714e7e7728098d338f1afc88f2,
E03679,7150,株式会社島根銀行,S100YHPP,2026-03-31,8837,8e027090a5cdce79a5ea0ffe36ff7a661fb04576,7348,22bdd17eda8cef7ce089935ff3300a35b37ce2d1,2761,f43688e9d6b8848607e2fc1a82d08b5dfee54f25,1975,f379541faddab679ce04659683e648289187f04b,
E00508,2831,はごろもフーズ株式会社,S100YJSM,2026-03-31,9312,510e898c495be9bd5582489ead064edf3107252e,1534,b6c77405df435aa8d70732f7fc4dc1e28c71b5fe,2941,16cfcc9528d8efa784ffe79cc60e4e06f8a9499c,3082,9eb5f9f5d5d2d1b8b8e5dac4c9c16177085424d0,
E04161,9085,北海道中央バス株式会社,S100YNFT,2026-03-31,4486,1213548a5e06054cb043132abbb76b4f822d4c1f,4922,e9fac5bb523a8c02ec6ed97451fcf536dd5b23fc,2795,6deb129ef1db32783d7c8a5c2e2078fe10357b45,3362,15294522aa187ab59b9b9d42c7cab1632c059159,
E01035,4918,株式会社アイビー化粧品,S100YHO9,2026-03-31,9978,41140f87665b85011718d5e7e0a3b94c16fe4e17,3462,6af266e9ad10e6350a3cf4074c3a6912fb557e80,3207,9b679264078c705aad9c02800b9f534e9bb97d6b,2823,7ea8d73f1ca7d60cc32a57896d12f1791ad3fa9a,
E32159,3934,株式会社ベネフィットジャパン,S100YHUS,2026-03-31,6883,a363bf7acb8cf6ea90ef80c644a7c4508ca0f4f1,2475,8ab983905be1eee48815089b4c48926b0df03b92,3538,be052f69addd1b798698f0014bf5aa8d270e0ec4,1209,11bc1e040db7e0c8511a5fec385aa78363e119bb,
E24465,7371,Ｚｅｎｋｅｎ株式会社,S100WQCF,2025-06-30,7416,92206e1b556999d8ba20fc382ff19f889bd30594,3337,00917ee1fb6db8e31d5198d95a20e9fed779a0d0,3205,14a2c3a14eee3cf91ae5540b7c4f6a22be1ee26c,3542,b4bc49f5b81570d55f19f76cf1c16089b18fa1fd,
E01510,6155,高松機械工業株式会社,S100YHHC,2026-03-31,6594,6b7794db8d6fd004afca44b4a66e68b401352568,4394,5ae2a18b2891b60de50974db5aff62b33e27544a,2058,7caa754ad9e807f95fefab683a9abc2c93ab65f5,2001,62a82c040b5dc9ee94235af5cf9f7c274fc2b278,
E30909,,ＯＰＩ株式会社,S100YCZD,2026-03-31,3091,c39324d789ea75d4a9f755d776b3f936b255d55b,1261,7074864584f948e3aa36daad0e4a389d84e6b3d0,1324,9e1216e075f4b4138fc0d097acd2004faa44070d,978,78aba3ab52af99f3381ba298d19421748dad5689,
E34974,4444,株式会社インフォネット,S100YLDD,2026-03-31,4371,f7d2303fa7bb0d612415dcd0829fae9cf9137c9b,5830,8d9c24f09205b5dc1e1b50ed99c781339bef0630,2890,77cdbb024cf21a88863c3be96cf345e62a151175,1747,cf0f7b11c4f675ae75119e4d54aafb4d82584f13,
E00578,3524,日東製網株式会社,S100YQZ2,2026-04-30,5085,e015f4ff6be58b051fd0ea978fdf31dfbd9b1e18,982,fa2b32a7209c830402d6863a2baa02250d43da2a,1791,61e639357c46f53e1fdae698b74afa7f198a4aa9,1381,930db7e6cb5c352422080dcbf355efd0746fd218,
E38898,3958,笹徳印刷株式会社,S100WQWB,2025-06-30,4281,9adee91207d44eb3445f67848f0360bd1d5fef24,4509,b5fe2b21dca92fcf6dbe3f39f414c30ee8552ccb,3088,1d8cf650208ef9074802b8c934d42b8f8013714e,1779,1d6c2aa71b2039337fca3a9c77f66972f93932ec,
E02109,6658,シライ電子工業株式会社,S100YEDB,2026-03-31,3926,41a10d26727732fc6074ceb5d9a896e8e8582377,2679,f2743997ac59c74de25cd5ad75f762a32d07465a,1095,ca47c90d812fcc5e7b0dd3051f17f60cd15be01e,1502,9196625996999afbdc80f8c3074622bf9389b810,
E05053,4735,株式会社京進,S100Y613,2026-02-28,6358,8354e2c3e77d1c9f43ac9949953c9de7a8e21fe4,3938,e2b7d324a803a0999d70bc6cd6cc15184fd112e2,3984,a296e2f5e72306a02dafde3e943062d626ce4cf4,3989,b89709f0ac7ad40126152b788d32df3b238332b4,
E00386,2221,岩塚製菓株式会社,S100YJ2N,2026-03-31,8241,1da310e8d30ed5661ff07239e7a1457390eaaaa3,9727,e8fa7bff2f33990caa637ba1707f3d522c701ad5,3361,33b94f2a637406c2b688895f14c21d89c5ad5ecc,8943,a989abcca00d9f5eb110c02e57c814261337edd8,
E02343,6156,株式会社エーワン精密,S100WQRX,2025-06-30,5295,76f06e1074db96ca262e4cf9f51700a0ac043989,2907,35486078d7fb34a448896d27ffba77e769e79fce,1465,e079ade5c843e4700c74b8c37ca019cf6a4eb3d9,4954,1ddeadf318cc0def0eea032f74b0a541ccd2952a,
E33497,7808,株式会社シー・エス・ランバー,S100WLYT,2025-05-31,5360,3a187ed3779fcc7927e66b7c7adfb6028c3075ac,4931,4c28d4b4e409f1d92458bef6d10a48077ec5954a,3225,0a481a9c781544e5cc776df588719db2d0cbe4b2,4501,3b9eec7166449a1d2b7e49baf736e1091bb4ff32,
E34052,4388,株式会社エーアイ,S100YGJY,2026-03-31,6078,adddd0f246af26cee51ceb3f858caeb605ccbd5d,3091,b8fdb0b1289c5f7560974075dffeb80a45c47922,2959,37de81b289d212c9a4b73617af96047a40539fc3,2548,5c95d9f3ce21cedf4b1e658f35bdfd4ab6e4faf0,
E34944,2974,大英産業株式会社,S100XC53,2025-09-30,8229,d934ebaeab613da2e2715014bf90869b2c94da2e,7773,d1c2c08d14598322766f55d41486db54301ea863,4054,42b6af5b1a913173fe07826cc7259c2b08caa114,2740,034cb9d0b667bd05d868265540302af960496a95,
E36366,4178,株式会社Ｓｈａｒｉｎｇ　Ｉｎｎｏｖａｔｉｏｎｓ,S100XS7T,2025-12-31,4631,5343fc6e1de2d7a1ae2ad254fa318392e9981857,8432,6a46dcf0a46fd5489a31f82215504f20c3115a22,2305,de1f91714717f170d5aaa3203371dca802a5c279,2017,c51957ee8e3f2ee48109e4406282af3be47cafd1,
E04496,3834,株式会社朝日ネット,S100YEHW,2026-03-31,6460,012cbd31e1fdae914038b731054b6e29223ea5e2,4442,63c1bfdbc6f92a7099c254e79c4901a473e0ec0f,7538,b91bab08a4d726a5ee506cfad563a8a3c380500a,1099,891ec8390eb6d0f11885a3e6214a58cb753bdf95,
E01393,5998,株式会社　アドバネクス,S100YFF6,2026-03-31,4276,357b0a42eb77ceeb2d18a40bcfc28c2e18901555,3289,ba64c461bfc4fcbd564b1aa78745c7efdd3f065d,2226,f636c2d9354ce5038e44fe3cdb720f9aebdae4d4,1859,d960341efd9bfd53155fd9b6b7df7914c1873cec,
E02017,6897,株式会社ツインバード,S100Y6EN,2026-02-28,3985,4bcb40d1cc324ef0e1282501b47c967f77ba0ec3,3707,4a8714d232513ae58e9f900ba5858617618b5773,3503,0f25d2502d8857c1831a44f7276c7e1544661207,2594,cb7cc664dc369f0c7743be92c83c562c67d41bf9,
E38919,5589,株式会社オートサーバー,S100XTAQ,2025-12-31,7872,8f539287ade30cad3bf147accf25039004bb74b2,8288,67567083a8fdef7e2dfec382bf738aef9dbe2c38,4651,76254d5ba2dd11aca28a9ed49b022a925446184c,2008,9c63bcad6a4c5683e91271668a69a9609064a4da,
E03454,3361,株式会社トーエル,S100YSDU,2026-04-30,5405,e57225686505aa6b464cce52024952eb461167ff,1746,50c0f9d5d4e25ba12b9edbcc07807f84ec499f76,1831,5c050b97d091ffd5c1a1503ade36bb33aba49b0b,1650,b86bd2e69204a4528a07f90d516c22e4485d95ac,
E03219,9976,株式会社　セキチュー,S100Y3VC,2026-02-20,4743,a87196f10bb73f5514c52da114fcd697ed2833f4,1958,3bc25293fcdbbbdcb63eb348dad22b2860c02cfb,1039,8be27eba1371dddda02a2511d93990396d07bfc7,3731,ab5c2bf94557341888a371c8c083fa9644a702a3,
E00482,2910,株式会社ロック・フィールド,S100YSC6,2026-04-30,7555,0769ca4fd944ea53e140c3299d2d7d260acbd377,3054,4dbaa5f238fce73f617a032eae1b8f1127807892,2337,930042a62e32c57837fde555eb3f778a3ee3b62a,3869,554696d4ad6f62799e966c64cd50ca2a3c26ac6a,
E31284,3457,株式会社Ａｎｄ　Ｄｏホールディングス,S100WQWR,2025-06-30,6910,8d6350e44003b1deb3c12a3387c1369b98a463cc,8774,30719a0267652f85f2c62c53fa7cf7d2fbd55e26,4382,39ff0242de7514edaaaafdf87997271fdd1698c5,3842,a2a12319c44e7223e29f25892642d94adade4203,
E02047,6336,株式会社石井表記,S100Y0EE,2026-01-31,5744,c0d170b51420669c1ab9fc8d7ec7fc71f76b87dc,3041,1b36601cf0ba05384f9d3e60873b0ade5dc7109f,3059,0ee413b3769c02c87461462c5200745b2386fd37,2787,5b561e5cf456c305068b698a7cc42f4756db6917,
E03434,3326,株式会社ランシステム,S100YFHT,2026-03-31,3896,0611a301bbb77206b3fd200eeb5c5857a4ad9e49,2492,6455fb4db3e5f84f30a486397804007e84c5378e,3119,4dd38edd6680314ac3544314c734820d08527c01,1559,6dd7baf2d8e34615fcd112e89e7e51dffa8871b9,
E01165,5271,株式会社トーヨーアサノ,S100Y4LV,2026-02-28,9022,0409469fc068da92bd857b168108acc311c19be7,1671,fb021d42a96c510a04191bffbe7d5891e430e512,5432,eb369f0b9a7f1bea54cde6e8bf4bdd73f259fd1f,2439,704346a5891f841148400027b051eddc14a7442e,
E31954,6464,株式会社ツバキ・ナカシマ,S100XTLM,2025-12-31,7397,2443ba29e3dabac808b91aeb7adab8ac56541cae,3784,31f047035fb639a25a38b36a26cc099d7c98e646,1653,25851acbddd4deb031122d2418298610bf1d869e,6066,aeb6fe5cd4f88a0f20035c61cc82e168fca341e4,
E02478,6159,ミクロン精密株式会社,S100X5M8,2025-08-31,3704,dc6e89726b50c1a785d79ae86f8b09dfb8469ad9,4232,09af2d633d9ed2020addf67525adde1a48b0938b,2311,02096ee09c64951ff706fcfa3bf63bd8f24f400f,2029,98b616edae77d64f4678c313d73a1dc51cb9c6fb,
E04223,9034,南総通運株式会社,S100YK2X,2026-03-31,3878,d2b9c873ba20f97414cd9fa411c37471dbbba367,2343,32ec74991ec100a1957b3ec0b9d124e64cf9d8f5,1100,e00c68d72819a607043e1a55d67c1d55908c29de,2424,621523d8bb6c9629aa9b93e7a90cdd5db5114d23,
E03324,7621,株式会社うかい,S100YL71,2026-03-31,6486,c7f087b2406aeb1d050f4ec03612d6d01b400ae1,4322,50790de2a6f290dcb173b0313e4905513436d89d,5765,90fcc6dcf2d3f27dc7ee815f8d01a0cad3879388,2797,968cb0f91c64f1175ff1a3436673ec62e70d032d,
E01524,6217,津田駒工業株式会社,S100XMJD,2025-11-30,4666,d71de97588812945bad72039b6015582a3369ee1,3441,afac3d49cc406ce550edfe9b4f0692cb088a5a1f,2359,06b44bad138af77b0639e1745c5a15d8091d0000,1488,bc33360056fce43db431d7429cc5607f531c203f,
E01508,6150,タケダ機械株式会社,S100WLR3,2025-05-31,6183,7647a00523a7ce46cd819641cf5acd3ced49da3a,3192,89592932a3fcd1e03ab682702544b65c14778350,2904,b99981bda39b8074c6cb3f092c07fdbc088a68be,1648,d4d99335665dfb8a9190cb9bd4195ec81bffa570,
E05269,4347,ブロードメディア株式会社,S100YK4A,2026-03-31,6017,dbbdf6caa71f2a21aee6fd33f443db53654ea045,15863,eb1458c3abbea88701693e2a8d085cad43c18eb6,2968,63e35100c481ca23f58ac72fa6adc1bd31b063ce,2798,d69710a791ecb81d18779e1d238917a34bad26e2,
E01961,6459,大和冷機工業株式会社,S100XU5A,2025-12-31,3856,3dea2b9737db078148eb4c88963a7d5432591e0c,1591,5e901b26abb774341cdb92a20bb7d6d16f54758e,316,e168ad96516b7072d3ba7a5562c6b3d4924c4308,3391,bd72c0a7e04b99dbe2032bfd3d70c58e506e80c9,
E38716,5843,ニッポンインシュア株式会社,S100XCA4,2025-09-30,6041,0e493e5e4b50ffbe4d61910ce5219461097c45a6,5274,b4e06a56c94d5f93fd07eb381042546717263f61,3493,f03b55b3ad22f618f1ba3d9489dd69429624d6d1,1835,60933b479e6e136f2301edb09d4f7fc7bf77de0a,
E00530,3109,シキボウ株式会社,S100YGL9,2026-03-31,7035,bcadd7d11a3532ed9a1ff615f1afeebb8f4e50ba,3381,2ad32cc95b36fd337bb70e326b01e1c977052050,5894,d9cbf53d5f2434e31a9a4bc500c3584f5669309f,10074,06e905798d06585a1e45f51bf09fd09bafea2f2a,
E33485,7196,株式会社Ｃａｓａ,S100XZL9,2026-01-31,7298,f680259c8faef0ca150a1b9d2d5a983a819b15d9,4626,5783d229a1f9d5d63a1cb57ea6252f31b44c3fec,2770,cadb4faac3d8e337faf48cf8b6d026df19fd9070,2210,b78d17f9464745d6ae321e5d7f9332a5d7f6ec47,
E27815,3187,株式会社ミラタップ,S100XCKW,2025-09-30,6640,faed2d2c530f5a64cf6d9c841f2367a6da902044,5546,6639b3d5f249fc6f1c7f93eae2d1d226e5a61b52,2769,f6e80196e292ec361187d7a4efdc272f3c03615e,1131,deecefcff7c2bcd5a3bbfd07aec90ee361f6a958,
E00282,1764,工藤建設株式会社,S100WRZI,2025-06-30,7142,29ad26ae6af198c6a0edb67365347aa3b438b40c,2972,31a3a24685c418d3e61446a7ce7bf96a63da0520,2591,57ffee58cbb5ba7323402e7419e4e49d7f6c52e8,2402,7bb16ce9d56199a095f11118838765c01ab8719e,
E30598,3297,株式会社東武住販,S100YYGF,2026-05-31,8104,783a0130514e947dfd9700925ced59b1ecf8b0bf,6499,7a87acf69a26c9c16e79c8137d2c2f5b0aeea38d,11999,a71083f2fb1b142629c953765ad87804cd74ecbf,3515,809940c227422dca3ce191331de25bdf10436ebf,
E03139,9831,株式会社ヤマダホールディングス,S100YJWD,2026-03-31,8096,04095c664ef1ee98b7621c867abee6567b4c6435,17695,19deeb41318be30719045255ee40c27757a8259d,3836,a924f0c34074f3ea00d52afeb8f9ff27e83a2ec5,15474,60ccc8cd316a430716740faf542109bf66a30173,
E38440,9343,株式会社アイビス,S100XS2D,2025-12-31,8903,bd60ebd1d6873ac723e2134dd64bbb57a41192dc,10015,3e52433f7564b6c591d9d4a8c44412e238037f7a,9716,a86f8be7c8e289b52c9acb14d4a75aea35dc179b,772,00499d35b1a6f134f716c3565172d4283a5e4bdc,
E03358,2669,カネ美食品株式会社,S100Y5SJ,2026-02-28,7609,7af2d601b0e3eb68169fec514ae7539a2a300f93,2101,8c49b23e35ba816c07a76f532499e4aada7fc8f1,2001,39619519531f2660fc140227ecb81fa081a99b0f,4085,56e51a725e817d2e82c8be574837ca86461da485,
E38523,2962,株式会社テクニスコ,S100WRPQ,2025-06-30,5565,9582ce2028f31856a79d6bc4e179b6ade9a519d1,8905,6579ad0b75789690d454f05ecc22cb89be95b798,5408,b5da08338b1eb0585a4f28779b5d9f7100d8bc09,1091,c0a81786ffaa4010e45cbddad1209753b774fdb8,
E03166,9890,株式会社マキヤ,S100YN3H,2026-03-31,7719,2bf2608b072c2e9931464822e8c4e5351a5595b0,4396,1bf98d97a7e0188deadaf153eeab0075f15e3113,3062,2910b79dc532527bf0a3f61b4f29e70cc210bbf7,2310,9acfe54731f867cc6780964e9f9f4ba742b1b079,
E02348,4237,フジプレアム株式会社,S100YH1C,2026-03-31,5319,394f5d74b818148f077d1ac6fd00c3a4df1c3e9f,1818,e4490c7dbe38d654678fa15bb49ee23d9e652db1,1636,9fec0bfe7f3f425c28574594f18dd823b37674ba,3903,cabf37e81f4db06b56437edcd9ab065edcd02e20,
E00639,7827,株式会社オービス,S100XHFP,2025-10-31,8430,678a95a8d2d7b7e1993189c35d5034dc39fcd5b3,2201,ea44437374f580e926201c12424d1d5d10d962e8,1588,46951dd0b16c31e2ff1beb76eb74315cc81369fc,2823,02a60093f7d426777c05645c9792eb3d76d3a8ec,
E36464,7368,表示灯株式会社,S100YKV6,2026-03-31,5606,4febb22026da819e8217f23d8cce601e7bc0584a,5100,146a03ddca1d41da46825af453374b127d646e38,3508,418ab021692537c79437dfe71f92f8e769b3e75f,2351,4f4dc353974b2cfc91c1e7d602030ad13c2d231b,
E04217,9040,大宝運輸株式会社,S100YADW,2026-03-20,2957,d348a7d2388d98af0717f5677b1d4550fd74dfbd,941,31ae40629eb6605f8bd9551dfed51073a65a42ac,1089,4d3fc44a9f5b4aa24d76d77436948181e35d0398,1843,59e1d4eb7169dc0a0e2ab8fbed013e6672fa564c,
E02925,2670,株式会社エービーシー・マート,S100Y5F0,2026-02-28,5112,f72a538463586de799f3c80b55b79838a0132239,5400,402678e797c6f74ac6b36e5d7cb616cc0d3b7571,4795,49a3526b061b75df2e2a2705928c22256a0eab36,8371,a96034671137aecb154a2c963031d00d73592053,
E35136,4691,ワシントンホテル株式会社,S100YF5I,2026-03-31,5469,9df93edb1e64ee1b742dd7be4cd583be19259d8a,4084,a63f80c7b013eb5edd857a224c564910573a4bff,1644,d1cb6cec891689041f5d76d682eeba5e554f31a3,2673,1a2c0f83919e8ab74c89f2f4df050acdda1950ff,
E31936,3926,株式会社オープンドア,S100YKIK,2026-03-31,4585,6cf023c40c527340662ba8c0fc47f62a13c322fa,6447,103ca4103e73366050efcf6dbe2e4c2011f6eaa5,2066,a5428875cfc3643c89675dd9a8516d9b7379c67d,1166,761dad72155fd5bc77affe1b3a75a5d722f09657,
E36433,6521,株式会社オキサイド,S100Y5QW,2026-02-28,5853,daf0b6ff0ed9caa9ad37e94f817cd5df55fa9664,8297,f29b6ba194665fcf62dc8e30312bfc9c3fc4c031,4606,09aaa7b4cfa9d6890466fe331fe844f2d608d3fd,4104,d5aa67bfe5e387fcb7a9fcda2edc132543572233,
E23871,6629,テクノホライゾン株式会社,S100YLV9,2026-03-31,5471,e639f86017fdc746b6d5d3b7c7de69110e9c7fb4,4844,ace853f4f874b843f1f3da80f90e73bc3d6722b6,5133,dd5b5fd3ae62c0bf6cad3f3a99cd4121f18771d2,4030,1f02be0b25c7b7c2759aafa571151b2d2022d4e2,
E03274,7520,株式会社エコス,S100Y4BQ,2026-02-28,6463,67f58ca66c4a082f291298576a72b66f0f131b36,2871,a7604d0101793a0c5a9bdbd07f83b039a8c950bd,1344,a81283092b2a42e55a3a044b2cfce1e300f355d3,4344,75fb1c5989822bfd795c1a66b4316b2ff268e96f,
E01446,5987,株式会社オーネックス,S100WRVO,2025-06-30,4472,fd5edc3a558e59b048943b2a76ce71f0495d47bc,3339,3514592ef2bf0ee537b0fded2a9897d141b18db0,3276,e8c93cecda5fd73fc3cfb8c736fa9186028a2c64,1429,741c669be47a6d96acc8d952c9419dc1978c23c8,
E30501,3191,株式会社ジョイフル本田,S100WO68,2025-06-20,8030,a352ed38d3895de153e972e19ffda7b9681b33f5,3094,277cdaa2d6a48230d87216ebe7f6dce92b529a6e,1642,8f5dddbb0d93515a0a4897bee15ef2865b58f62d,11947,618b8507511732801b2c4546eaab08f2ed6a36b8,
E03271,7514,株式会社　ヒマラヤ,S100X67D,2025-08-31,7335,1f01aabf6a840376079f79b44a98ec52d6e1e10a,1636,84e0cd8899733de8bc8b79564da6530225b95be6,3534,f2228632867bafd019fe0a70124a84a64d51999a,1920,cfde0780e4c414f5c4972d72c1b22ac880b1bad8,
E02048,6837,株式会社京写,S100YHX8,2026-03-31,5567,bdb111a9f3191d5b0ea095f688f8a2a3f0e496a0,3460,8f053bd8d1d06a4711f7c2a41965783da924bb98,3472,9a799476a274b363cae31cdd58810ec4ec4364bc,1517,547ef7fff7d8b3801dd5fc2b31011203e2661857,
E00497,2919,株式会社　マルタイ,S100YG8L,2026-03-31,4398,a5717035656bd3e220e0836b670554617c1225ba,1747,d6b66d479ada55efc968c135cbcd66159fe01a7c,1851,5ad3656389598936a1fcdad03053607358168ba3,2233,67c47d1de72b7e1e73c503974a670e727afe34a0,
E00630,7898,株式会社ウッドワン,S100YI45,2026-03-31,8799,df6240e150eb10019b7bc741382d0ab36b45ebae,5997,81fe53d77a9ea3cf4354e1749a3758b981a0feda,3138,78367aa6fdc65ddc5c9218cd27a2817050da5194,8900,4a06535325153442421bed2e0b50a12909f2b633,
E02294,7769,リズム株式会社,S100YFZJ,2026-03-31,4206,2c00cd1877b20bd33654a0a998f0cd409f50385d,1463,2d73ff15e4b93cf2b9e1ff1f564cb60fa0f6bd80,3717,36815fc11f72448af3e329e6705bfefa56346e1f,4727,b0d87323c4a20efcfdc000bb21ece693c863d607,
E32193,6198,株式会社キャリア,S100XD0G,2025-09-30,6305,d138747e263bfcb9d79c9c743a9164617a03f051,4861,cbddd3f064f9762b202d17b110fc7d2d36c6052f,1709,a999bb9bd1b4595cc6ce2023ae53736e9f744eae,2113,de37ecfffc53ee327b42cdffaee34d8f16a31e5c,
E36405,9327,株式会社イー・ロジット,S100YI5P,2026-03-31,5965,402a7f42082b349b654428941e978ebe42c017fe,5844,3cc94e7f4f93abc18fb7eadfc02fffc5d00e5f68,3275,d412ca21dcda21d1303a1f641b4c6c2a749ca503,1873,6ad8a907f02eae586a193e6d8faaa67f38206828,
E02841,7486,サンリン株式会社,S100YDT8,2026-03-31,8454,16917d9bafc7c43063c7cc2079a5ad6e36e957d3,2454,a3119ee7a78a7341005b2226b8d0f27cc4c9c6ca,2348,b769c2eb9c4f8323e5c7f8797687224cd7c28579,2301,7cdc774481cbd120e882135a0b6be115d4f463a3,
E01331,5742,エヌアイシ・オートテック株式会社,S100YGNV,2026-03-31,4892,8499b28d5a4d9e520e731f8f2bd22199cc1f834a,2319,c258dd0c42b6177437879671f1ac3512b8bc5311,4478,d324624f63eb8d8e2c96bd83dcb87baefb6a0cdb,1540,0865a2f2d14c822fea9d71e58fc84ab876edf14f,
E00505,2597,株式会社ユニカフェ,S100XTDG,2025-12-31,4930,8a15370d569cec73944cec61efd1fc65a2bb50c4,1320,34862456b8afdb646c0c3f3b13a1be11d3af64fc,1412,87825a29b9fad80bac6b67f582bf4adbae15f46d,3708,a539cf3129eb0170b54dc1904847d5fa3834e285,
E02823,7461,株式会社キムラ,S100YJ86,2026-03-31,7003,17c118d0e5a02d7ac35744c03d0726708a49b154,1986,77fdbaa9af986fb59ad3e1266cd11613c7080cf2,1648,bb01ea0b34d31f41484a1023033ce64febd6a42e,2987,fc8a428f38bd275ba4d0bcff0181395dbd78014e,
E39448,160A,株式会社アズパートナーズ,S100YIQV,2026-03-31,6117,6ce728edaa0e3704c95ab2b0644911e54ebcc1b0,12269,f58b5cff7d3de831ab5b3ceafe99f569fd798d1c,5916,14a54c2b6fa943eb29c59f89a9d0eb324044c1b9,8905,ec040de8cc3e85a726979b1b64a31dbf9336c811,
E31071,6034,ＭＲＴ株式会社,S100XSR6,2025-12-31,7097,a8c565e65ca9cba89087ffde0c8e5ca49be1fdfe,8543,be8757cad5836694a4bcbfca55db8dca283a9a89,3984,266780d13e06889e46f93926919d067173e5201f,2734,c2799ddfe9e9939d6a5378922b8ee137a69ad76e,
E34130,5699,株式会社イボキン,S100XSK6,2025-12-31,4583,5feaa19ef2cca7d23694898c7a39b0650501cd0e,3562,f510076ccb6c9ed6c226c52858cdc32740f61cff,4750,7a0336772e9cecc2cf7f52dfb093d78767370ef2,2121,58e0fd30be1c1984352b507efb4b55dd9a82abec,
E00863,7894,丸東産業株式会社,S100Y5LD,2026-02-28,4513,337d7406fadc494004c0e067359472ed8b8cd7c4,1890,37da665701261f547f29dc9d18d047e5e244e0d9,499,b753a83559be92f9ab162030439c5b47c449554a,1355,76e85ecf8a2ad6088e18509333be3d20e91a0823,
E03120,8218,株式会社コメリ,S100YJBF,2026-03-31,6302,cd95a0d3511005e62992def8c003d7fa3724df78,3274,9ed542d7490a762ab1c1fa4fbf704e71e9e2fded,3253,f9b9c1c18f5753761c230cc49646dc6265222f46,15953,51828ab907f8f67b3c2e4a1add606cd61a10a24d,
E02673,8152,ソマール株式会社,S100YI5G,2026-03-31,8870,335bd810d038d958e73d2d2f43dd5823ee4d9a6e,2187,4c8ee26c18dfca8854d99fd5105eca1c0f01320d,3750,8accf37a1743fd99e429be5499def363470e5220,1993,d997edb35a73f2d9e12c1403d7c9f59f629aecc0,
E03485,3067,株式会社東京一番フーズ,S100XCZ1,2025-09-30,4085,3fa7d7eea8312ec176a09ae20948b6136daa6c3b,4263,5671945db5bc5b8fb7b5d24a3500b219ddd6326a,1423,5fcc7c6f58d4fa8edfe6391df78c621b7427c409,1537,a709024f71f5a20f16e8bc34095b6a6f067efc97,
E04220,9037,株式会社ハマキョウレックス,S100YBXW,2026-03-31,6164,a47fc1316a245b73b24b5496b0056783c37e81b9,2254,f7dc102bacb099c026570e17f66719f9ff99508c,3320,7c3976521a5b3adffba3dd3313bbd8dca184ccf8,3734,f85a39af66be35f80d92a4961c22b846f8ef9410,
E01009,4995,サンケイ化学株式会社,S100XNCR,2025-11-30,5982,59e0b7916d23bf231508e2797a0102fd3065efaa,1354,91d6ed0c1e0df8aa0b4c6ec55330b5798c7f8c3a,1229,886b4a21f9b17537b22fca01e92eac01566f9a28,1221,8300dca51d4edfa27cf4a5c70fac6410f465c182,
E35170,7683,株式会社ダブルエー,S100Y159,2026-01-31,5581,6525c1f2cc5a8adf8e33a7f0909ffa74c9468893,2974,d1671d44425d844fadad993dd1022fdbccabc078,4286,e6cd10c49962adda20a37af23ec4156ece55da2d,1357,97a2751324cf1293316cac215545636c715c85b6,
E05355,,ＮＴＴファイナンス株式会社,S100YB34,2026-03-31,6997,507503c77eb3269da2bd48ea2d600730ce676c5e,3633,783f059c92f74a28a969355d292b75be1fd728a1,2292,f6231f48d45f3cdc8ceeb1aacc738dc44e2fed32,4261,3d58922bf9d9b7db58085a223371a7b68eeb500f,
E33357,6554,株式会社エスユーエス,S100XBSY,2025-09-30,5890,177d311303d6a0a7532c4f2f053d5132765b8feb,3185,7ce8303ec4b2ef1438bbd30eddc2fd069aa88708,2036,e156edc6833de34f4ec6391cdf30f392323bfa5a,3847,e20c9299b5bc135ca8c6455dae545f5ba281e04c,
E05275,4351,株式会社山田再生系債権回収総合事務所,S100XU23,2025-12-31,4745,a3e50181ada06b6617447a68f7819f8d46759ac1,3723,54f12398c2e6ab885ac0b7330677c4edd5f8fcab,2907,023a0984ff9a93086f3ed418346d2e0d7ac9d9dd,1517,7a68613d1c29d5167ecc6d79a65c68c629a06dd6,
E00652,7919,野崎印刷紙業株式会社,S100YEXP,2026-03-31,6701,4d3e183be65905bad189da71d02cf0d996db0661,1288,f207a1e278c9e2ff98ef74d02ff19cb21d467645,1727,f0521558c716e58279251d03f5785189a2453d53,2407,37ba46b38d77d88b13499d9adbf2caf810542755,
E02431,6907,ジオマテック株式会社,S100YKF2,2026-03-31,4892,fc7060cc46a9872bca8cd3edd4c38432229132b0,1236,152c73109fb4e44acf6fa5a215bd6752d19d2386,989,a7d09dd7924ebbad6cd32cc51287a7ded9cd204c,3759,93de0bd6781ebe84aff1a9db62a720c98429f780,
E24187,4577,ダイト株式会社,S100WLMY,2025-05-31,6383,6b2699f73d46531aa08845af86eb989add8ebf60,7797,75d179a59e5f7440b23de5aaac3e3ede7120672d,6028,5de38f44ab88109e9e7c33575cba782084cc6e25,8007,9ea33e75d5c476f2d311aa1cd51de37ade809ee7,
E02097,6663,太洋テクノレックス株式会社,S100XRF9,2025-12-20,5706,e836061b3bba533297b8c8fd42d7d04ca143494a,6136,a66aafacdf7135e4177eba5588b6705ffdda2612,2687,75ca6439fa2531191216d99113ab3a461e4d672f,6666,eea9419d01577f929d94fa51a941c1daeeeb5299,
E00839,4222,児玉化学工業株式会社,S100YLN8,2026-03-31,5349,85f0a6c8b9769b5b6ce0510b5c359cfcd61b439b,1619,a0b5be3b1b271aa57ee3d7298107630ba04428bd,1779,60cc981006fbec5f4e0de5b31299455a76ed272b,2778,c2ec2f61f253f2011f982c56b5fa467dce55292c,
E03134,8230,株式会社はせがわ,S100YDVL,2026-03-31,14624,95a9dba77c571a870fb66ebb091e7dba52378a77,3107,ec60c7ef72bbcd50ac76320a72c55d4b7a5b8ec7,3323,7a04fa6631731caa20ba581312446af6976ecf0f,3938,20f2e0d876af4cfca315933c7028b4e1658942cd,
E02402,7957,フジコピアン株式会社,S100XUTV,2025-12-31,7094,93a483765a84fdc363ca1ecf5b2c6daa05bf15ff,3258,6b8520874b362822a77db87a061817ab3138c217,10168,dbd7199812b361ebc3bc052888a7b5872b2cdd1d,4074,13be2ebd7ad94b907d123e8a2ab3953a8ab6ec6a,
E31524,9417,株式会社スマートバリュー,S100WQZW,2025-06-30,9307,b5c11f76857483f3572d85abef04614d1a0db0c6,5603,77c74d5ae65c85ec08438cb53f257fe294e63f8b,4203,6d8ff273ca3c79d5b9da9022b9336379925bdff9,1757,a99dc1fe44ea8dfa527a6ebbd971bac1c0b5e452,
E31622,7812,株式会社クレステック,S100WQQN,2025-06-30,8304,ecf5cbce005ab8ee471b20e82a3cfdaacc09dfff,4222,d3bd835e069b4c2e3258689cd80869eaa146d105,4310,d232b50bf40a8112ac861835dca6db567eddd845,2091,16fd7c01ec37ac165dd2862a9a4eba3467c485fa,
E32364,2820,株式会社やまみ,S100WQUM,2025-06-30,4459,56be9de4f02c3ac41099fc4acf60058052eb3f36,4180,584f974ac25e564e28f4ffca0444163794ced0f9,1754,04e01a444e6121819786efb7b385c1c80d0071af,1590,8149cd3d27833bfb45062576614d379e0c6c9cc1,
E26322,3172,ティーライフ株式会社,S100WWIC,2025-07-31,6340,53d6d14b066507f7967088be0aa2acaa90eb066d,4019,8019f1a306533aa56b9183f8d3697dee1520cac8,2001,103d0d41aa2639d8bec8b80529d1bf1175f7d263,1114,556d283968e163918e6db8f90b4ed664335211a5,
E39928,245A,株式会社ＩＮＧＳ,S100X72L,2025-08-31,4549,da340e364edeb396e510ee92179981b5fcc92a3b,8017,38e4a8056d5e3daa8e1feeb90bf2e2e22278112b,10447,ee53b1a1e3d93d8c7809b2f0e1bc5e457e7bd113,1989,5d4242f3d8da286e37739e9d02737d0bb85b3349,
E00866,7888,三光合成株式会社,S100WLZJ,2025-05-31,5258,4df31f61bc623788106dfb25d4808adb0ab0484f,2070,503dacf01122396c11cb71124393da1f5884fdce,1537,f462c6c1ca5fb5361b734b5e819ebf86ce8a7b26,2972,4caa150612353030649a9bec562f06de34e702c5,
E02967,3320,クロスプラス株式会社,S100Y0F4,2026-01-31,4177,cb1d28a6d4518534aac32d62b963dd8d1bb968f4,2811,ca317df9aeeec758f5e1e07ed820cf1111e79e1e,2075,ddab797b7cadb25c8b059a5a85e2c6bf8fc2ceeb,3637,4555322072b2d6b930d06c9d77c833587e719112,
E05336,3710,ジョルダン株式会社,S100XDG9,2025-09-30,9649,a594ca8eb1890e5313dca913df84b3b26ba7ae77,11937,3df4e17abfd67247224269a53dc9c5a75c44f440,8280,bcf659e8e90a71483f091044f1656591ffb45846,1428,1532414791bf2360e16feed226efb3ead26938de,
E36368,6614,株式会社シキノハイテック,S100YHLM,2026-03-31,7047,38d22f8c891da03974ec4f970691d438bd09d232,4423,7f05981027a9fb28d127975e9809db849b9c11f6,1642,4759a98386bd2a209237ffe476ce663e56757015,5924,5c1b511cc0a40cde421080c2de24b718818c925b,
E26625,6063,日本エマージェンシーアシスタンス株式会社,S100XUYQ,2025-12-31,7208,0ee4632a9ce270fd710bf7ca74ed2cab5d5f217a,3325,6401e3fbe5cf3848a3f198787befe372eac8fe7c,4048,356a3c62025a561eeb2a2661ca016f899d0d876e,1766,cd876f4018cbc769104712fe88866ce74b7974bf,
E03355,2666,株式会社　オートウェーブ,S100YLV8,2026-03-31,4248,6a63790c0a27a4e6bf333aa0ffadfbb26da6f10a,1481,6c8ffefb7984a3f88821008dfc47ae99176394a0,780,369222e2109a2da3dd8b7c490e49b82db57b3691,2357,127c7d4edeff40db35f9d381a741a0a79e0c612c,
E00722,7870,福島印刷株式会社,S100X17L,2025-08-20,5024,e3e78d96cf87ee97fcfc4202c69be48d7e9f6e8b,1362,61959e176348be91780fd122fe596f65ece5a45c,2011,bb14d2071e2112c277c91d82fdae370b75afbb37,1401,c5ce7604199b6d8c03ed276fca4540e4d57d6090,
E03507,3075,株式会社銚子丸,S100Y6WM,2026-02-28,4467,66dc2a1338e7a5f3bdefcbe8e601b36352b14841,4087,5bc17c8e57acc734e654daeae4354721717aaf76,2400,48ba1f562165f9b339fe5b08919ef948de6471ef,1906,ea9b2a9f844b3d806147e8119994661ce840ee6e,
E02888,7590,株式会社タカショー,S100XYFO,2026-01-20,9369,3755282a23b80f3af928adaeeaacd86c941788b3,2569,c6bc3118fb1cdeefde82c893bf5ac8c12a88f4b5,2651,b7240be348baf767737378e3cf044aa7564d3acf,6003,2fc356d3076eef643a7c3bebf164b97ac5630bd4,
E05151,4814,ネクストウェア株式会社,S100YN09,2026-03-31,8635,6a890541bdd98d30ee3b7a047700e62717e7e786,2033,03beb652905c6cfee74406e7231f55b3c70c04a1,1775,c578e165d94e2161d291dad2ef96358459b3866f,3911,c4c1e7a17472103476e754c2b0c62f277aef1381,
E03179,9903,株式会社カンセキ,S100Y67I,2026-02-28,7027,b56779db2afb15f050eaa5e8780a662c4c4e97df,2121,2bdccf193abd873fccdc43548527681175886aac,1165,8a9cb064a2ce64ec0bbc1e8da9cdd6d2c55e5b04,1155,74312fdd91322fa6ea565afbefed849a96b48cdf,
E00959,,株式会社　廣貫堂,S100YJNG,2026-03-31,7301,d92bdfff4a9e4902ab1cc2d32422f956f5e300aa,2227,ab5e0aeb09ade9d2d23da8afe173f5d74cd66028,392,c4bca97b06091aa874d84ee41e6396086f8ad498,4224,e9f39d9500e2d5217be4cac1f1217f5dc10badfe,
E03283,2294,株式会社柿安本店,S100YRG8,2026-04-30,5527,4daefe6ceb19f79098c1211b1bcc577e71e070ba,2015,aa81f1a4e5d83d7288449423f025dd8e81fda4e8,1254,0c16731b437fb2fbc802579081962b639531ba59,2486,80c05a35adfc8a8b742927d83e61bc0bf5375b6e,
E00343,2293,滝沢ハム株式会社,S100YGEP,2026-03-31,4262,7a9fcb0f33343077eef75332daa25b662d408045,1925,363a870c74f529c462cc3f1bf6115bac89a53389,1697,e38a83d3591c0dbf27e64ed07585733edd488cbd,1024,fee0859151fd3780adf20e77b41db37d61d57370,
E00454,2055,日和産業株式会社,S100YIEA,2026-03-31,4123,e09ca3e71ac71fe72e4298a4dec3f174e7c94438,1329,341e506574cc3b2d7441c42ba6326c3c258dc99e,509,8fafab15acea038e3568f6ef6aaed8e0a415c2b9,837,a4d35d18c1bd98360c556df95a5d468d9dacc18f,
E02303,7702,株式会社ジェイ・エム・エス（称号　株式会社　ＪＭＳ）,S100YF50,2026-03-31,5437,a8a380458ee7f2e731c93fc055a4e8648edc8bee,2218,4016f688899ada01c061502d4896ecbc66c381a6,2652,78a24e85238783ea17997facb964025a9fd36552,3048,d9c685a39686fb84458151c0aa7a447b96897558,
E23829,6630,ヤーマン株式会社,S100XSSJ,2025-12-31,6202,2e5b7ddc17e73cee3f4589fb7e757d82230682ba,4653,16b8ee87a3c10ce2e0e39eb656be86c8db4fc4fc,1387,d007c01b796f22e32ab675d99cec43c1eb914548,6408,59d91d95c69c0a19b15f9a94c3a78db45a92ef2a,
E00344,1380,株式会社秋川牧園,S100YK4U,2026-03-31,5930,37a6a253d4846b2cecb1d7b7014abbc14bf77dbb,1058,d055216a90d26a7e951d304dc2021ed7e28a82b0,1545,3929d129ce9b3778b48be5251846c83244a289a0,3491,9d0fcdad8758443b78389b712976de20d59978b9,
E38450,9345,ビズメイツ株式会社,S100XUK8,2025-12-31,6061,d8940a46a735e70db16530780f5917fce03150e7,8426,f4c53b994e7f238cae4561980a536791adf5b048,5121,80daea8c78b499effc8c1ef45ab95dd4b0bcb11f,1480,75229db3b1a02b3db35c0b1a9e2ea3a7fc26295c,
E35797,9223,株式会社ＡＳＮＯＶＡ,S100YJ2P,2026-03-31,4984,5b723ff15cec9f0ec3d034a3f97e735db2802b03,7282,0c4d06d3fe8ad066255f4ebe1835afe898bf29d5,4141,7bb1ab3b49ce0ca753693633496d0087d393ae4a,2879,8dfc8bd53c5fa71981905db0e46fed9ae1f65d4c,
E03319,7610,株式会社テイツー,S100Y7L3,2026-02-28,5850,8109184bc209dea7c45661c7b208272fe8fb483f,5567,714f0df01cd6c062e5b566f09b2ab4c2c23aa808,3057,63ebe693127133dad0600b7394dc7819da33bbab,5229,4564e4064e46e71ea550c79dbecf4ce2ab0e10ae,
E01428,7939,株式会社研創,S100YEUJ,2026-03-31,3807,2df5654694b06c126ea42207016d93028b921229,2978,857ca0a0b686f6740231202a2ae9d86a3ddf9211,2831,eac20bbcf105ac32edfa8e3115f924e3eef5b085,2608,cd8c4d39c8e6434306ede3baa8a2cb6ad1e82918,
E05175,4833,株式会社Ｄｅｆ　ｃｏｎｓｕｌｔｉｎｇ,S100YB3A,2026-03-31,8129,cf7e89df4ca96d52f6781a3744bf838c78dc2dfe,3735,1b6655bb7c77e339f9da25dd14cd577919e0b54c,2222,1ec7be12761634dda84c593e372890aa63f5cf25,1527,690a8569bdde550a7853e33570568f86c05142c1,
E00640,7820,ニホンフラッシュ株式会社,S100YLHV,2026-03-31,5751,6e46889b5b7848c1899c54204654883057e750a9,2565,2f08084cb362ce00a4a8ca627cd6b4bd7693623b,4387,28b45b94a0881ddb9bc2d69bf2b2279f22d2d483,1911,1ea86e155f422b69b22e66b34a7c1b839d78004a,
E32814,3974,ＳＣＡＴ株式会社,S100XH0H,2025-10-31,7632,8d6fdae3cd0b186e9e3f08cf2fcc88e696da3654,6909,873491d933fe987f23c7615a36a27625ee3677bf,2444,b5a6f1dc7ea6481293ab2bd08e58da24dda30184,2154,9a9adb2a21c241cd28ab0acbfa12ae2efba41469,
E05083,4760,株式会社アルファ,S100X5LJ,2025-08-31,6074,84209d0c51a4b17c09e8cb2f8ad1479f17be4746,2935,1d168886d1e0b01a7c5a9c04569b346d5fb583b4,2697,3906db44b6d8f4e1ba3701ceacf8da4055fe3ddf,1506,8a1b87fe2d78b4a685897b87464125ef64cc93c6,
E37719,9229,株式会社サンウェルズ,S100YL7U,2026-03-31,6571,755df30aa2068b1183c4129c85484df375a88c3a,11273,ce70cdac88029e4ee26bd3fb144d2670bd289b0a,5579,9307e02732299a8340f222ddd109a8dbd777fe29,6150,c05c956271ef6a2ea136a81001c5408c463c38b4,
E39377,138A,光フードサービス株式会社,S100XMX3,2025-11-30,4459,52d32821ffca201d861b2fdab2672af690595aca,5109,ee9db6a21be3bb645b36435a3d468b1dec34da68,3250,a7cc14e5288218588aa43b87d67a685b3db6449c,1613,7dc49a44b6b65b7a4f8461d4f9530537cd905420,
E00377,2215,第一屋製パン株式会社,S100XV32,2025-12-31,4892,a7cb74754b657230a06922c84d881c9b1b68275f,2032,1594f31424dbc00d9350d208d86c62df392e1f61,2461,1a97018f67e16e2ff2f9570e942b05067d108e87,1536,36745529f87d62817719ed860c94d000e3fd9ec8,
E00341,2291,福留ハム株式会社,S100YHU1,2026-03-31,5372,c36cc62d7f6f599363e183e37a7cc705409e5eab,3121,2447445cace7c8ba900fb737bd8e231cc2ec36a7,2549,cf749157c9d8258342a5a891778512e6ae9f1354,4032,8d41142642a7c2c4568bd484f80303686a691272,
E36714,7129,ミアヘルサホールディングス株式会社,S100YK3E,2026-03-31,8410,037e3044536adaa058c1725a9e3f48bd2b23879a,9722,232a0bac6092d7e809ee40e2f2ba43edb0f0c25a,3811,5ea2a440c6511e9f144c701b227da37ae52d879f,1427,0ec8e74dc7bc5e6e7e994d0a5636e56dee5b3727,
E01933,6969,松尾電機株式会社,S100YD97,2026-03-31,4636,e96180a991361e7efd0df1121564f1e07afa4430,2352,9dcc1c0ac0bffba1731bb80aade0796f12865c0a,1828,c3e056187900a2dd2f60bc1bc988110a28482e97,4777,968736689d9f8148243bf4a8ef0b3e94e0167d9f,
E00502,2058,株式会社ヒガシマル,S100YI3U,2026-03-31,6322,79da3f1258b39a2952bd437827e9510c1abea245,1709,ae219637a4f9a928110fabb6df17a1626166e3f4,959,6bb3ad9953241e91f2f2cac63b0f77d5e19eba27,2482,f9c604a46a62efd44be78c7f33d854ce8067c3fb,
E38693,9165,株式会社クオルテック,S100WM9C,2025-06-30,5501,4d218f83e484391f760658c7d9ff9744917eed94,6135,efd68c78ffd50295f0b44f4c98a34e332d68f1b2,6585,17ee02f3152a1169eb3e531cf67b68a141ecd30b,1906,3ac050e22d32e71454f2ece1b67530620a0af9e4,
E04550,9723,株式会社京都ホテル,S100YIC1,2026-03-31,5661,dc707efc026526b1e3fefbca0b5b69f9699add4e,2020,a01ee16dd14eb3ea2ea85696f9e83acb6ce57e27,1671,4782613857070292ec8addaba5883bb65882324f,1712,548f4a5274a923ef0df0e02dc01c1013bf77df49,
E32770,5704,株式会社ＪＭＣ,S100XSBE,2025-12-31,6696,9f4ea749c26a2300237b9b2e01d136a04f0718ce,6305,1dfde363711abd75cbbdf114763dc70d64813c0f,6146,72e71d462abeb07a680f3a4b46867960654bc155,2190,4a4013c45cd881eb1519458409504bf55dba5e33,
E03268,7512,イオン北海道株式会社,S100Y36L,2026-02-28,6351,183b0b60ea0f26d1995777b049bfeabcde776aec,3042,504604af5cc4822116acb89c7dbaa0b496750638,2586,7f2dc9502ee91e311b782ba5441e800e6f35e5fc,3958,0649b22cfd4bd5d461613e47e7681038f29bea97,
E38512,5530,日本システムバンク株式会社,S100WR0H,2025-06-30,4801,83894a26a21a40efa5cddd9853ee127be41d1d46,5452,ed2f8f77dd559648b2670db858ef2dd0acfd8c7c,4504,2726aa85469ec23d6e3ce7d93e17dfbc59bf51b6,1466,2ec25c6436101b12132514aa8ac30bb4474b90c2,
E32965,3557,ユナイテッド＆コレクティブ株式会社,S100Y7EJ,2026-02-28,3443,aa37a76149bcc0709a169103f49f994ff8cd3929,3314,030da1cc45b83c6b3ca62c1f2ee1ad87f7025b46,609,21689ce1908644d62cb3cf7ea642657d215d7ddc,805,a883d63e5e2b7ee22b4930557a803fed3ae82df2,
E01204,5386,株式会社鶴弥,S100YD8C,2026-03-31,5515,4b43c46e59117561f788afd34da0be1e24d62ac2,1942,c234e54263edf18610d022137dd6354abb82d5bc,2639,22a90d626b3a6e87e39c346288a952bb8dc1193a,1334,acfdd3ac19858d232977d7f78a0cff505d9c03d7,
E05042,4728,株式会社トーセ,S100X5JM,2025-08-31,6806,27f6be2567a2548ddb303793f5389afcadd9c2ab,4941,c2442126b3ccd91bb3226aebf7013dd959569546,2711,ffac135ab6432bcfd3474d0153ad24503ac22e18,5920,4d72a61fcc6abe3798e97daac503e00db106e2ce,
E04972,4657,株式会社環境管理センター,S100WQ16,2025-06-30,7173,5ace6f1009606deeb18ebc079f82f61c87152f05,1693,98dc09f697a0cd02643592efde5d30e0f243ccba,1963,e71b3a3d6e82fac8c513d757457fd8bd2a73570f,1563,f895f2100566580634c5eb6f217e3a37dcb0ac01,
E31220,1384,株式会社　ホクリヨウ,S100YK1Y,2026-03-31,3867,d551b86d475ef11960d303a20db9c84ebdb079ba,4071,a0a5ba1055335db0aee12844f839ba889467d59a,2110,fdcd940e9263dd7db963a9acc1b68988d6538a41,2259,5b25f7f0fd7c79858e0c40bf3f733a70590882ec,
E00009,1381,株式会社アクシーズ,S100WPSG,2025-06-30,3706,3c7b099ac4860969d890e69c15f256825bb6d3d3,3528,8c3520c20cce112a7aae62233da9ae96454ae723,1393,ede0245d6145ba607610a1e4047db16ebb8b3f31,1332,2fc9ff9cf37da8870a8169b23263609b19d87b78,
E00735,7850,総合商研株式会社,S100WXH6,2025-07-31,4841,c1f4212499adad8a530f8a194dced735fc4b352b,2106,2a38de4aa127f2656cad27f9666cbb0eb04e88f8,3266,3c03d0e49e2a3276deb1e5a3bd00e67a92843fad,2489,4fd10f7ffead195a58140767cd953b3ccabf307b,
E03077,8185,株式会社チヨダ,S100Y563,2026-02-28,6243,09e6eb6468b577fce16f1ea823341db98da345b6,1727,5f33933d5a006387a5f8ada2ab210d54554d36d7,899,c39f19f02b160c533a98a323f69565857d3e4a1c,8465,de72b728b6b6a696683036b4e189183bc25f03db,
E01581,6380,オリエンタルチエン工業株式会社,S100YHXB,2026-03-31,5261,cd3fbd1ba4b63f7d17cdbbda2bb64953b95b395b,1371,e86bbdcbaa9a887d01aa10abb30d8893e9aa9eb2,1261,b4fd86eb2474ac86e51ab8a41346367d9836188f,1537,161ac4040d1eaea65fa2cddd7fd98813862d9a35,
E02739,9818,大丸エナウィン株式会社,S100YII7,2026-03-31,8321,2a490a0512740e3b87da36516d4681d1f29027fa,2491,5f302aa53dd9f165d7030c97456359272824b647,2210,abb4199d18ecb0b95507f324f1bde15216189d6e,2554,b05b19bbc820ac5d1bfac9974fca91622b56da51,
E31123,7815,東京ボード工業株式会社,S100Y7DO,2026-02-28,3951,656a2c53ae842100c4c1eca82645b635b70047a3,8447,40104a744f2ab82ab8adc9002d4e8ab205eb81d4,1428,e58e1e37adf757ad12afb5b81dd29517a04604b5,1421,4c9b5e7568c9a1048211891aa08c1121496b84f3,
E04799,9740,セントラル警備保障株式会社,S100Y6FE,2026-02-28,7067,271d6e02945d26376cc99d4eacfcf1fde725d8e3,3659,0fded371577bce962b3371f0e509937ee89a0b97,2662,1abe9509638662ba33cebceec4372085b0b9986f,5951,c3fa1852626417d03f1196f8aab952321b1af125,
E04535,9701,株式会社東京會舘,S100YFQM,2026-03-31,4085,4591000d1c6a3287b2bcf0b8a7a3c719293adf11,1770,929b5f99a1d2a2ed3e1d9b4fd95623256acd40e7,1089,05d077c13bc8f4998141a24367b1ca51a4b70145,1573,e71bcf2890fba45a6b3ca0c65727bcdb8026b63b,
E35335,7079,ＷＤＢココ株式会社,S100YFVI,2026-03-31,3064,d5b4bee55eda698b362edfd7b6b65407caea9d6d,6806,c0ffc9303d7c80c4c8715ec05ff6d4e022d8865d,1039,aa8037a5399d059971226677bdf53cad8a909c59,1694,4a2a0a6261b62569f155b8bca205e9e9b9f3cb30,
E36627,7791,ドリームベッド株式会社,S100YHQB,2026-03-31,6668,f12a7a2697e5e8dd063cde06987b1a51ad02f680,3825,be919fea84de054e367f9403ffd4531abd96c389,3471,3cb0acf5018dec889478e01ebfd753bff9f54fa9,2732,1e297e18bf470c2fe850c6aa21206a1132e3bcb9,
E00682,3953,大村紙業株式会社,S100YK44,2026-03-31,4663,60bac052989d7ee3d12c50d88c2582b9dd13336e,662,7450a961c844db046cb2515e5e52ae84f56fb442,1375,6b4ab1ad6b08c05a7a84e771ca59241f32ba3f73,882,069b194b386a3b59fb7f0843eb22e1d939a656f4,
E30476,6093,株式会社エスクロー・エージェント・ジャパン,S100Y5Q4,2026-02-28,6018,713f14cb4cfd1e1b0c5c5ea087151b96d2697ea2,3200,1d8530c038d3c8b5bc425e625cc30f3e1d6d710f,3113,0b96ade10295a1a1df4305fa205e1d9d4810123a,2705,9eb8a1719992d4143f693b8513fac6b30cd5e10b,
E32486,3474,Ｇ－ＦＡＣＴＯＲＹ株式会社,S100XUW1,2025-12-31,7179,ed4157803fa61b032fd56f6f5a57301609ffad5d,8418,57b78217044d8d620f43971b81aceb6404f0d8e5,3274,e26e602c5da2d9321771d33dda469f42a114d486,2440,719132f05f1fb30a596a170be75017f9da5b30b3,
E04128,,富山地方鉄道株式会社,S100YM5D,2026-03-31,10924,0ef3cc7723dc4e35bc1459a510085bdf33463f48,2639,6f0403ce7e0612d8331f1f26b0f418752297c3c2,2658,35b3fec30b855b8ba14dc03cd7e938f8e0032417,2280,4aaa52887c690e91e6796fbc846dd4a7809a1b2a,
E01211,5284,ヤマウホールディングス株式会社,S100YG9T,2026-03-31,6720,6ce441e056662b00a9bac056fa5e652c82cb1b5f,2113,c8f17c8af3db14d0504789b9c6b471cace8fe356,1841,ce741bba771a8e0620217497c0e4ba71daba237f,992,8818aba6f9d1acbda9a324055483dfefdf0020ff,
E03251,7464,セフテック株式会社,S100YJG0,2026-03-31,6655,7781f9e8ccbeb395b1100d959ef781a09991dcc5,1101,316b755edbb3272fff70ed7d9f0e93ee928d7667,1409,e425d55bcc9e33ccf78e8bc87acf9c9419824b57,2012,8ce3401cc7bbbdfd2a525372e5cc6b44df4ef2ec,
E01507,6147,株式会社ヤマザキ,S100YGTK,2026-03-31,5088,881f4b7a5d04175098efc671e99453c25cad47de,2209,e9423f0a87959f68b4ff52227fe524af40947787,1449,c082493add4c401d4418f02ec74690bcfe53146b,2776,510d356e94d620dc00161a67a5d389aedccf2512,
E05381,2393,株式会社日本ケアサプライ,S100YK97,2026-03-31,5289,0e081a3b495afeb6e8da3fd400a085f73fb3aa6b,3693,d0b830a74dfb900c8950b352fffc2c94886099b0,2073,98c5864d6382b44ff76ba1687ce92da8bb803b83,865,6d876d7c66d7303a9124ffc8a20a507ac5acb1cc,
E03118,8278,株式会社フジ,S100Y4CU,2026-02-28,5720,fd78ef12a0d398988599d9721a839ce15874950f,3355,b1c7f648a3d9e530908335623bffcf181b708630,1434,b6cfe5b0b599896ae5eb0e8ff9a4a798c39a77ff,5784,80778aba732e040efc0e4fad26ca573cf88483d5,
E23818,3178,チムニー株式会社,S100YE67,2026-03-31,6582,4eff86a8c018cf0505f16c13c3120b4ca53ca222,7065,b1e6d79121c5e3ceaaa8ed09cf23e7fad383a130,3620,f97b46c8229603b8fcf9dd570ae3dff423a22a0d,3109,e600d8a53c2530fffeb62c28a0d85248aae8d7ff,
E31551,3135,株式会社マーケットエンタープライズ,S100WRDT,2025-06-30,8343,12f60d271531676f59185288d8feaf026d4e9d11,8331,94c5ef53f5e8a713793eab1adecbd65bf5dc1134,4383,6d44513c36dc2eeca02fd5a037141cabb543864a,5963,5a132ddca590616bc193f9aef33bba9e0c703f9f,
E05416,2408,株式会社ＫＧ情報,S100XPFN,2025-12-20,7005,5f7f80254645a37c4cef8c63fc0aa595b72c6925,2151,972d167a72dd726e9c1adb1d453854595c817f9a,927,47ea001b9013411d53f2677eeb4e5bda67b1090a,1336,956d60fd3f9a9462076e87e23042e75063ec8ef7,
E04118,,豊橋鉄道株式会社,S100YLIO,2026-03-31,5987,0a48353b0ca8088d504c42587090b5ddae0454c2,2376,ffb650b7c7be022b7ee744aa03faa4241b0d9827,1119,11b16f9007662a2149a1beb2d1b7bd4459416a42,1756,cab693c043baac7474f855c0566ffc77f11cef87,
E03393,2305,株式会社スタジオアリス,S100Y6JW,2026-02-28,5069,c7ec903fff6319f2f05f296bb778af9d0320d2c1,2324,42bf714df12a3bde5656286b36ee9beb8aadd3d8,2239,ceb4f4c55c0c6f1963e0d62bccb2d702bf7a4f0c,3081,752d9d2cc58d5b1261fdd0ac8ede474b0b5bd54b,
E35125,7682,株式会社浜木綿,S100WXPT,2025-07-31,5016,db524ed05ebdbb52391a35a711cb5bcf230274d8,4273,8da405302c86a3d7cc9419be108bdbcb9e210097,3889,9bd7ab1c68723494934f87b5238fef701a72902c,1441,f247b8f6c58400706e60a9110c0a9569968fb8e3,
E02051,6832,アオイ電子株式会社,S100YLRR,2026-03-31,4427,0c454113d8a29e1fc86ae93cb91b2a2169e3dd49,4607,ad6d5f9743c5cc3dbe2dfe55704aaf4b03019b6e,1341,8ffce879b3562cc12da8d693dc1a23df9cdf784d,2842,47cddddc95f79635779c5d87213ae56eb8e596cf,
E02121,3441,株式会社山王,S100WWVN,2025-07-31,3751,19fec00d3ed3ed065aa9c0ee8668c5e0f13980c5,4182,c7531f95ae94b4485f5063b4b6530bc55d2665a6,1580,4180bb422deb49ad6bc46e316748376cc4567ba4,1946,931c557e87ee5c3af53b57a0793c52413cd6a933,
E03336,7640,株式会社トップカルチャー,S100XI4H,2025-10-31,6616,03225f8b8af73753ebdafdc87e2c8ab5ab86b40b,7560,a6a09c1f4d309baf8859e2db9bedd5b80201c70e,1883,81e91179925166d45c83e3b766e3bbfc25f757f8,1282,a7c3dcfe602944b6722a4a316ab19924bc740066,
E05264,4343,株式会社イオンファンタジー,S100Y4UK,2026-02-28,8054,a7dd15122f11659f50ee133a25889b1583ae0b9f,3116,be1789f488318fdef41d5832a98cbe63690cdf69,1889,765d170af64ac4b64ff5e874eabc1f6cfea8b7e5,5908,c3bc2ab4a7f20807c653a15f2077cfa563b878cd,
E03021,8244,株式会社近鉄百貨店,S100Y5TO,2026-02-28,6170,47ebb8880d538d68d15b6279c23471f24a50bb1d,3861,60aefea564bccaee0a2eb8fd96a266f40e0538b8,5475,646fcc2de26919c4f9f0572619c8fc72e5521a18,3845,2f1c3fd299fb8e35baba68815bd73e2267d29875,
E03072,8190,株式会社ヤマナカ,S100Y9HQ,2026-03-20,5727,86ac458265efc8e99060a5fc86a663e23cbb24ed,5477,64655aa1edca51c5f39666a2cc983886af253d2b,2007,e917421dbb9795254c62729aa6670a38dd433f7e,2383,405c96286fb7b3fc45aaf88b5382bf5c5883a31f,
E02232,7265,エイケン工業株式会社,S100XH0G,2025-10-31,7301,f31b512cd5142bcafbc0a82e21d175d7f964acda,1719,1ba28db55461775afe3b444366ba50cf5d0523e2,2931,2d1386965a3188f93cb7ab491e2082ff71dac1df,2054,c372a58d0d6570d6c7c8f684b57224b6e6402d55,
E31291,3223,株式会社エスエルディー,S100Y6RF,2026-02-28,5096,3f1c1d8fab6348cd35d161c10200a24815da27c8,4322,7b0482939dabffb75040232c905384e283a3a5bd,2755,33025c978ae491b89a8deaf7da8e6c9bc2d99082,1967,0dd874c117a3b8c845e50fc2a88601e0018cddea,
E05668,2139,株式会社中広,S100YHNL,2026-03-31,4384,1695f2041efde46f8feb5839a0998da248a5e3ed,4585,c46b703be1af6230f3eb2280daa730cfaa56c9ec,3759,baaebc758481db5b11901a2441db4b62198c0b7c,3796,234f951a5a39ea553fb3660291c637c18acf525a,
E01375,,株式会社山本製作所,S100XNO2,2025-11-30,4500,6db26837d701703303f99c2ba5cd7d170275921f,703,ea1e8b8014fa4a647338fd737486d849a526fb90,967,cfa872b6131e97bf20aa99fe8982746f88997356,960,c3863cfd0c8d1db7421f0da9ef76ea3561019b4d,
E04195,9063,岡山県貨物運送株式会社,S100YJ0L,2026-03-31,5311,72d4652eff80e7486c395ed99dc249bdf5d9f3b5,1542,235cc6946816d2a3f1e91bc0fc8681c014fcdca8,1506,50ff7c26daad4df0fa4397b877e75c8668367493,4752,f1202fc02b9a7f6f502b93a847cce89417f604f8,
E00831,,プラス・テク株式会社,S100YG5O,2026-03-31,2844,7ca660720fe0bd0eef9b8f20001fb45920e950ad,312,2c5c821d1372bbcea9d747ff1e81a4a72d6c34bb,1086,9ea388ccec22a7eb8b79143603dc256b04bb08f7,942,03586f80f0c4c74826f8484bf1d264cb541d3c43,
E03141,9835,株式会社ジュンテンドー,S100Y6C2,2026-02-28,6736,20eac54ae838c82cc5877e48b589deb9d2b12b03,1963,dab7df6aec3ea81edad9a70fe7bb84a1b362ba01,1306,6badc843cc5eca1428a0a3e340ec0723084e3b17,3355,fd6101f89151de00a4490dc5ac1f36c2c10edae6,
E00569,3571,株式会社ソトー,S100YGQR,2026-03-31,4180,e5a9cda86e9c41f1ef29ab8e29356df5b4b9dbdb,2067,8d14e57624e31f4b9777eb9ba023a0dfa5c3e30f,1315,aa39b39e3606a5d5c3dd36310d0dd058cf3e458c,1897,c07cbcc385b70588abf40cea695e468a3ae69ddf,
E02116,6635,株式会社大日光・エンジニアリング,S100XUDS,2025-12-31,5239,ec7e6cf4f06090ce669fd9466ad670eae31d2afb,1905,1101e08af4e4b82fddb557ba57e0b468f290b782,2521,803b4a95747829d89295397f302f48daaa308d71,2047,7f1962c1c55df3b1c154508cf28bc58b5f8bcb92,
E35493,9326,関通ホールディングス株式会社,S100Y7I7,2026-02-28,6133,c2bff57f19d20f677712215d6978850cbf5c545e,6336,6f083aacef292a13812431e56eb2afbc2a36a3ba,5016,f0448b9cfe2ed919c9576be4e6b200010a162645,2689,9a5cdce5b9e6665559fd943b546e17e5f7e63b30,
E03236,7421,カッパ・クリエイト株式会社,S100YDD5,2026-03-31,9056,74ee7f2c4b7a856fb6804e41a4fad5a0b6a60bdf,2685,fecb574a08cf12d436b78eaa310f51fad749adab,4681,a6b90c839e4688f7154fdce37a10744a7d620495,4840,ffd790934250c1608a74836fe7e46213b2be15a8,
E03119,8217,株式会社オークワ,S100Y362,2026-02-20,5172,82c20b599603e76f838935ed5479dc4a04e42505,2792,083c149ef82fd541d3ebe770a743d40b36e2e6ef,793,ba9f88b63dfdfe22a3d6699056976595fcd64ce8,9248,02001543016898a88152fb36b9b8ba3a2e6b51ff,
E01095,5194,相模ゴム工業株式会社,S100YL8G,2026-03-31,5340,68c7e251d38aab1cbfc17f90171710552d5753a8,1248,fdc122122cda7bf5440cb7b27e6477b6d9101f94,1294,667cccba7bb498ef740299a2477e4eb2f61a020f,2192,3ec118786976174b9f75b243268cc0bb9fb38839,
E00696,7916,光村印刷株式会社,S100YL1G,2026-03-31,4428,7e98885a3de901855f439e16608d56a8d97482b5,1899,02a68673ddcb15202cf03aa78c0eef5701b05e9d,1670,55ec1d352a5ed0b9b9011dd1573732ef1472fe98,2144,fe28254ee2297540e1d8bf91f80228d49a8ba41a,
E00598,,岐セン株式会社,S100YGOS,2026-03-31,6727,a455065d296b9770e2f6acc29957d8d2159bdb81,1170,315c2612f045f2977c8bb80d7669b533f6242d00,1566,938c98b633c8fd8d9a4bb88b8389ed15ee063d0b,2273,2f13cd63ca1b4592d5dc691f1d0a61a6ae4a4614,
E39367,142A,株式会社ジンジブ,S100YHUZ,2026-03-31,7499,7a5d11b162ef696a3c15314758de3d0e88b0c1de,9501,a165fba7738936927fe078b4283892d93712c250,5480,89c36bb76bfca8422db75bafe27f7d27fcd49f82,2299,f34d176cee596baa87f77666a5221113eba2b7eb,
E04115,,サンデン交通株式会社,S100YLZ7,2026-03-31,7339,a97fb3fbc53dc004b969c25d80be5b3ee2a268e0,525,e14d82926035437b04156d966e687c5ee429fce3,1351,a84468b326660e84d9273d9934de2fdcf6306cdb,1970,8ddbe13defa1953387ff8179b469a62160104051,
E05631,2499,日本和装ホールディングス株式会社,S100XTS2,2025-12-31,4829,ff55d9f9cc243f805610168fb6af3de650c6a210,4217,6aae169279907c1d5710243b9687b9cb08ce017d,2113,9d09ff5295c90667521cd51ecd537624f62017d1,2507,aae865980cd7ef6cdf5af57bbbd4c462091cced6,
E03272,7515,株式会社マルヨシセンター,S100Y5AV,2026-02-28,4608,1a9bc91e95ef6dd4cb49e08e6a69a6ceb23de35b,1732,39a4c0e06c8c8b79f49cbab9bfa5b8f48c5ea6fa,2238,1025ad911e28c1db00573e7284842ec594eccd39,2405,2af1ab6dab9a6201c37fd299bcf6257afa8d8fd8,
E35514,7093,アディッシュ株式会社,S100XV2Z,2025-12-31,4872,a0034b1c6f0384560fbb7b4d4c37bced98c30295,6145,cc31d68d0752f8b28c21ce587786351ca0012c03,3422,35e8c1993bb3c9391c65a99e8755b9c21e27b095,1099,3dfacd16697b5d3f88e705a6692a227c7abe4576,
E00711,7946,株式会社光陽社,S100YLWX,2026-03-31,4489,0231fb9ae4c5bb662d7debdaeb41cad4d3eb24f5,1089,83d3e818d9bad28b1455720c10b6693946478d57,1882,e7c08c59eafb6316f8e5987c31ccd189df7e7978,1956,e1bf56f912bccda4d08c11b66e13e0029d626720,
E02787,8225,株式会社タカチホ,S100YJCQ,2026-03-31,4504,8e421caa2542dec359472c826390a44fd91d274f,1197,582e1dc41437053c7f6a50400f2dea48c7018b76,2665,b88c93d6046bb245d34a336945cabb75081d7aa1,1647,8841b84efcc399d739d0b74353f50bb5bfa7905b,
E03509,3080,株式会社ジェーソン,S100Y69Z,2026-02-28,5593,174d0a4da30a00157c8b376f30fb70af7f405d24,4806,a7b131a4d00de8257a9fccc8f94bd3d67dc38238,2939,61ab6207f96aa46d5035b4a9209cc932d8e0dd88,1724,569fd84890bcf23ed8d2229291a417a885aba7d6,
E03397,2747,北雄ラッキー株式会社,S100Y6GL,2026-02-28,4387,9603d23b576760a10ed3744133602b790b4eb604,5748,771257ec759649e7adcf8414652f92c05121ab0e,4102,40f2e4252e4ffd1768f847662fdc884bbfb978ff,1454,d9ba1eb32bb2f5499c133598e59ae3a55bd30a97,
E00635,7887,南海プライウッド株式会社,S100YIWV,2026-03-31,6545,4a1a562072102caca8926f1ac7670d78a33a80ae,2147,7e4a132fd75e85406ca61a0e790e886552aa1038,1910,58cc42c529648e8b1ebec38598544db2343ab686,2430,0f3c6ab58c043a7e29fc4940e15505c1cf06c551,
E02372,7997,株式会社くろがね工作所,S100XN3N,2025-11-30,5554,8cd7d90be563c6356b10aba456f0d3f14d51589c,3195,31828e85e43b7dd412abdb601184200fa9fd75e3,2309,b3f94abb5c91a12ce8d821b60f6613e674ad5558,3606,f2498c667e3c185eebf4aae51c7d6393a9ac4f4a,
E32664,9160,株式会社ノバレーゼ,S100XSAX,2025-12-31,8417,b49a67225d1e6b479279b455407525a955adbd67,4990,bbd5c644dd05b47f16671195fb56afd63dd85ad6,4435,50cc861d08226d058e06ba2659851b5512711cbe,3691,37f236318d3fe769ad65ede46fb887b76723ebc4,
E01398,9930,北沢産業株式会社,S100YKDH,2026-03-31,4646,d6d6fb33eb323a7338ba2d7a1191a69c8cb6e68f,440,076711fe1dcc47c60a31be9db5f5e3a668575fb2,972,92d24076ec7d79b756a5f3347488f57f003bb7cd,1692,51daec3fdfa787c508edf89da54b9c01fb7ed0cb,
E00730,7857,セキ株式会社,S100YA1Y,2026-03-31,6031,d293d947c11cddcb5c20061a947d5eb900c37692,1426,18a8fb3d9bb181d4a01869a3d683b31a865331bc,1704,0db6a7ffec66e3a20220719d7d2ab4fe28f418c9,2689,7a083152903296b954f5891ffb70a517e31e18b1,
E03163,9876,株式会社コックス,S100Y4RA,2026-02-28,4274,cc4b9c344cb021149e98350f092e1fe46ea1df80,1973,7e106806555c1c76ea2a5286865a2530e95a5539,1430,7b4bf4705052155ea0ef345363f4c7c1e8a55dfd,1885,13547e325d3dbf4dd6f69c50380339c077ea113f,
E37198,7133,ＨＹＵＧＡ　ＰＲＩＭＡＲＹ　ＣＡＲＥ株式会社,S100YI10,2026-03-31,5380,c441206c21b0ac706f282f52182bc40ec2c115fd,5492,819959c4e1ea0975962b71ac687bd290f032fafb,2912,efb25dab952d8214f3e0c6adab84cc9d0bd3b3e8,3107,f4ff6812b4c7d10b96561575a8c1ef9539ec9089,
E24248,3161,アゼアス株式会社,S100YSKW,2026-04-30,5475,db9c3be2443b95b3453440969985c86d545fbd48,3124,58f0430a0febff049e89e2d5b9dbbe69fc15433e,4516,ecb28c12732abfda6ef53b26e28eef25d4ddabaa,1908,ece9dc789ed8e8ec8e91616c234ccce6538cba77,
E26446,6061,株式会社ユニバーサル園芸社,S100WRP5,2025-06-30,3795,f993f0db13dcd6d8fa310aeae01e1bb84f7b8c82,5852,b15decd26b7a8cd15b853977994845e1ade52fee,2175,86fea5d2ad1929225ce9d4021db513d52ce6f98d,1909,2b5eafb6cad607bcbf58d28b7239c7a8e44ca2e0,
E41152,477A,株式会社スタートライン,S100YM56,2026-03-31,3862,1fa097f49a8bd2ca99b8a3ea04395ab25079d62d,4778,1399993802b3ac507e7cbac918bf02aa6ce21f71,5686,64e6a7335a9ed41901ed2cbfdbaafe2c000a92b9,3204,ce5fcf188f4617976414ffe3e824b009a1031b1e,
E02494,4243,株式会社ニックス,S100XC1P,2025-09-30,4056,6da3e46232f512b382451d1b898a10f6e9f6ecc7,746,28d07e94102e263e4c24d0941b029c333aeeb01e,1786,15235a6ac9854e95e22b5244fe6bb3658e6e0e87,1726,a7f2d447943e957c27702d9815bfca1117ce8d00,
E00007,1375,ユキグニファクトリー株式会社,S100YK0W,2026-03-31,7417,d60c0e1bac6ac554c310d5418656890f24c0d9bc,8717,cb7ec6fb1656218c7ac479ef51d3d8347d49b17d,3515,70143d08220eb72f34db227aa885615b9bd75ab5,7185,103b31e97590de299bcab810d12a5057be0cb937,
E27202,3181,株式会社買取王国,S100Y6PJ,2026-02-28,5810,ce40923dc61b08413c70f64238c09864243d02d1,4187,aa775add2e1528e30129cc69b2dc6113d661dcc2,3803,cc088fc6dca6de2a67a1ec78d2e69710e82a5a02,1786,a2b5f7a5dc79dc40a8bac83171bcae4622029cbc,
E00498,2877,日東ベスト株式会社,S100YGFI,2026-03-31,3815,6a45b4a332e15850f7d52445fdafd07c693f78e4,5840,460e7db44ca77167162238f03d6c14f4db2fe51f,1204,a86ec08cdd785423c1f35f6633ba930a45a8069b,7986,dae31a1a61ac6d009585cb921c65fab84720c9a2,
E02765,9955,株式会社ヨンキュウ,S100YDUS,2026-03-31,5710,056287c3b2b37d4c3309be79a2787849a1f294c5,1738,a5d95a2d46761aa8ce2b7575a47e51519a09e9c1,2013,96e9d7d07887d2754e8d11fac775cf33bea98ea0,1899,f22f1eb4b047e98a6b94f0964b8fabbbefd402e6,
E03505,3077,ホリイフードサービス株式会社,S100XN95,2025-11-30,4898,e73c30be975470299335071249763d3c9c46c3b0,6306,55db09514e381fed95389d61d4730269e6474778,2610,13b1bad072c5d37190d981ea55cef62463823ddb,1946,9293808f2b55b855ec683ed9133802d5cdae71a7,
E04964,4651,株式会社サニックスホールディングス,S100YKAR,2026-03-31,6620,7e2c41ee0356afa9dfdf807aad1e132301d14d38,1649,477334c6b245bb8dfc4409ee3175370346860715,3864,fa74bfeda6bd16db0c10ee40593bbfc3fbd4f663,2376,8087281364f23e3adc1def29cdcb7d44ff776fc2,
E26705,,ディー・ティー・ホールディングス株式会社,S100YKXF,2026-03-31,5093,ba4e86d03b5d9111a68a14926ffc9a845dc6c589,2690,813773d57671eae60851691314a0d143fb03ea2e,1286,b3b71a689b1ec544ec358d1b8e38633a308bd1df,1911,d5ba86eff557c3aaddf7117e706911703a6b2a1a,
E27506,6074,株式会社ジェイエスエス,S100YGXC,2026-03-31,6598,34f469af9b875f7d3589e8eea59c3b49ecbf207c,5214,dd60a2816887653f7b87650d2f3c3867cb9e0117,2032,4c313be2e80fa213d80d4896b90eb95c51c694e2,854,92d15e79fa5197565f548bee4c0ff9d426719361,
E03424,2792,株式会社ハニーズホールディングス,S100YY3Q,2026-05-31,6693,91db0f554d083d35866344a5bf7e186252c97baa,2043,510e020fa29180f2ed13b840aa59bc98503d471e,2397,d3e0662891980b10444b27218c9a5e0fcb2f7766,2393,8629343a9f1e79bf4ef19a74a5baa9d7eb1d9c6b,
E00563,3577,東海染工株式会社,S100YJEV,2026-03-31,5223,a81a547f040f667c74f3edca41133c7fa6217c58,3023,2e6fe11216e64507060e7dde52be66b9191649f6,2106,cdc8a873d6d3a8000706d5ce53e97f26738c0891,1355,0b594ba670ccad8ce7a5714cb4d7a399fd90cc0f,
E22016,3444,株式会社菊池製作所,S100YROC,2026-04-30,4787,1e5cf95a067bd71b8e4349e694dae5b41998c379,3667,dc4ac87fd5f5268a7b6c16b97294683691490053,3378,59284ffbfc7e4d044a1cc21e6bf4d5697018f78f,2893,7cda19fa6565a42ff07f4b0c9c32967aa0eb049d,
E01686,9895,株式会社コンセック,S100YI0I,2026-03-31,10329,87ce7edd0d7f5b6ee2bbdb3ded766aaf80cd5c86,1208,709364f7b7578d9d53ee506401234301a9034c05,2804,d759b1e7abaec9adee69c15772c7beb7a80fcb2b,1647,aaa81170430f896feeca7053dd557092452050a1,
E00447,2872,株式会社セイヒョー,S100Y621,2026-02-28,5529,407f728b497935ffa21de05733bed0084f307b5f,1668,9c0a2d856928262e7c46e1c4dd1e22f27fc392d0,2713,b43dcecd21b363896f4002198d0f66893d3ccd2c,4685,d7a08dcbdca35041f612257989d5f1427d19e144,
E04754,9731,株式会社白洋舍,S100XT2K,2025-12-31,5632,b6b54a8570cc6085da669068697670a869e0d199,5869,03702fb38a700f554209495d4c0b2f1b296d5149,2141,ed829b30043a2cceadc6d22d93721463481ea91c,3431,2d7ea41cf888db54a62fc892d2afeff02e5b9509,
E40546,352A,株式会社ＬＯＩＶＥ,S100YGOP,2026-03-31,3376,50417ff7044475e75278f706b1ddbc55f550b708,6132,32cddbeb8b729d2c8fb561b7e4f5321246af0cd7,3336,ed9615f204459328bcfd4011e4800744842083ac,1053,06ca4e96d88a2e687eafb38c02e28334b17650cd,
E23479,4926,株式会社シーボン,S100YIUO,2026-03-31,8111,9fc65ab34e7d3b759193d0f62ba7cb94bef1e2d2,6784,53fb20678562ed2385ff171d7858e066dd3eb387,1949,a90b560c1d6d526caabd8d6e9fcc955171184541,1434,b4158afe356a5cbe0e4341affe2de56bf08c48b8,
E04215,9051,センコン物流株式会社,S100YKGW,2026-03-31,4270,7ed33d42102cbb14410e2219da734821bc5becf8,2165,0f5961538919e34591b3d1be963b499870a7491e,1601,080f4108522db1807c21baba619c58fbd6343a56,1180,8ea71b8235e2507e3559534bc73ddabbb7c1782b,
E02650,8123,川辺株式会社,S100YLIH,2026-03-31,5967,51bc70167bebef09e04be644817d51c0c85a86d7,2405,3f542e5c7451c8134e062aa26441991a3e80b650,2690,f9bb7de273725234ca542c05c3eb12f212ef683f,993,a95d9038e19b61bea82f7ebc48e0a56171265a01,
E41055,469A,株式会社フィットクルー,S100XO08,2025-11-30,3547,be239112dd064c1275e08bf9b7ebf168f233b120,4686,2b39f22cc3dd3a0c447348ad5594ad8c0269ee4d,2461,c3271d3f84f02e3e81697c3a200a0a30da6cc1c7,1245,66db2ba666dbdb128052d3369718f1d360729e4c,
E04633,,株式会社千葉カントリー倶楽部,S100YDJY,2026-03-31,2355,2665ce5fcb405b0411906c77e624fcc4a51a9839,648,3fecc9403c637edc8b9970ffc25d2fab03d15e54,1175,9669c9951204a92d5200539e4d010fe6ac668705,1063,8fdd1113de8b9edb5ceb30765507abbe807cfc85,
E03457,3372,株式会社関門海,S100YGBF,2026-03-31,5392,bd472f085946de62ead9769e6e22104375314f16,1511,c12e2c048b4aa7f46c5db06fb1446e8daa94a8f9,2352,e8b552d1606bb179d1b33b1e02ccfb33d5914f9e,1487,dddec09f5f174b4940b60546e893db1f4fda9779,
E01135,5343,ニッコー株式会社,S100YDSD,2026-03-31,5598,7f203ad1a55570b6d4246348d7dcd9193bd5be54,2318,7af6a4bb18c7b597d44cf2ba78ead316f3095cc3,3871,2a25db11b96d42ed7d0d7c4e793920d1048d9b37,4561,a2b73013a1d3cc2e66bb537d299c1df790ab2aa9,
E03146,9846,株式会社天満屋ストア,S100Y4A4,2026-02-28,4873,8642e57bcd07f5328852b935b63f24e84d43a969,1283,def37dc872e3dc9367f166b88e79c169b521d342,1355,78614f0ad97f23f8ffeca3121ee56258a7d8866d,3372,ef62814ce0247661c335f307ba5308a702c26c28,
E03495,3063,株式会社ジェイグループホールディングス,S100Y7CP,2026-02-28,4764,cbf6e50a9b88b06327f2ac3c833699910cad5796,3631,28d659471489445b6ab9c4ad2f37ee6779b4cfa2,2153,b91b7a1fb403e152ef88ee2a712df4ee0c9b7062,1520,cf1c78802114fc1d410c9e17de985429f6a3aebf,
E36658,7126,グローバルスタイル株式会社,S100WVWR,2025-07-31,4676,a776dcec1257a7e52d64466752820bc6535ba70c,3070,9ed7eb318f50a537bddf8209eaaed7a77e76225b,2758,5b75c4c6119795aab583fa653d398c364db3cce2,1401,f9c2e783b84429ee1bfcbf0261b9f6cead5765c9,
E03278,7524,マルシェ株式会社,S100YML0,2026-03-31,5767,6114c7fdc07adfcd97a758ddd4350ecf080d1851,2215,c5079d44ddf4650090340b08178f53ba1e31df0b,2288,fb52be433220a1d2d9c175d880fad6ec8756523e,1282,b9140510dab48e4acd138779fb0da41a364eece4,
E02537,,株式会社日教販,S100X8S3,2025-09-30,4209,363992032b8d174bcc9e57411f3858720a9163e4,1521,07a20488b0ae8a60f383ad950b1ff69ff8afbef0,1186,dad6d6bad68cdd5fa09fd4eef51fef794e711819,1150,90d5d59ba3d998bfe7f6604b864ada370fb0acc1,
E04112,,越後交通株式会社,S100YNCK,2026-03-31,5042,e117933ff39bc05393147e61d2b7e271bed5426a,860,6d84027536b1c6d8c9c21981ff81832355fa9f28,1308,d76ba1ac27b26d96133067b67c6ced41b6fcdd6a,2087,6af9303d92705d6c5e4fe0a1a2ff4f8b739083ed,
E33602,6561,株式会社ＨＡＮＡＴＯＵＲ　ＪＡＰＡＮ,S100XU2F,2025-12-31,7533,a06ffad76f28f72faaad852fa607fac5b2f3ae5b,8733,f561402b791d3014ffb1f35f12f7f2a48e442be3,2976,401d56d50124cc2e31bb5c759958d46e4b2e1289,1321,94bae26209ffe8ad91550d1d9c26c9f50d29c85f,
E32397,6199,株式会社セラク,S100X5OA,2025-08-31,6427,cb1ade731778137e4023659e0906d0ef7344c5a1,2810,a361b0c5176880537886b699f43f1dc1dfd017ae,1923,2820f0a0a8edc3042b0998aa026233d55c092c56,2441,1f34c87514c7d565085bbfaf6cfdb47e4b540b55,
E01421,5950,日本パワーファスニング株式会社,S100XS9S,2025-12-31,4011,343d06d7d8940a8deddec5b4d2e5c79895f618a5,1879,a081d2e7cf675c3d28ca5e8be873e6df211c9ce6,2627,acae523ccff33b06ad4e33ed7885918d5e4eaee8,2554,637792c2875203698101c09c3ddd8f1ca7e4435e,
E01320,5928,アルメタックス株式会社,S100YF9N,2026-03-31,4284,9f203ae8f64fd51328617c098f3513362b545bd8,442,0357ebb05f967df450456fbc0ca63413c4880f63,2140,bb72eab6b515c289b0c31236d04c1d62467ebe1a,3028,596eae329e809ce3981fe19f94b20bf94aea5d55,
E37911,9558,ジャパニアス株式会社,S100XN61,2025-11-30,4620,d7e51153b9daf51507fea7df4b8cdc3a99315b06,4144,2922f0e976dd7dbb9dfaf3e3753c91cfc277a720,5564,377a1e3a08a0ca6b2078b9e56ca5ce7a07c42fef,1255,913018558f3e2d5dcc4f834d7835d2d3f0be8b0c,
E03223,9979,株式会社大庄,S100X5DP,2025-08-31,4786,6043134a67f70f44776c40cba70cb269c6ce289c,3024,9df36acc7831e4f642acdcfb8c9b37d60fd8e301,3041,34418df768573785aa09972c6c526629d134cda4,2944,0d28b11f754a363913530057641346495efe372e,
E04164,,大分交通株式会社,S100YDSV,2026-03-31,4939,6b962dc6148eac804dcc2bf57446b2c247dcdbdc,452,be7406c9594cd8fa08dbdaad8ada31425e349fe3,909,ee430de811f851740521fc69d44d4bc5b1cf839f,863,e3d01ff0956185f0b0f4931cbdf165f244fc2aad,
E02995,3035,ケイティケイ株式会社,S100WXKZ,2025-08-20,4335,dca31d17d792d35afe18e04c66eea1ab3fcbf9ae,4625,039db9f28ee53c9dbaa80d9f507c58a18dca3117,2049,3e1e8f61989cbbf4265449315b9c2dbd8422604c,1913,9b684fe9cc9c9436f3e94feba1b8a3ddb1e3120b,
E03494,3059,ヒラキ株式会社,S100YJ9F,2026-03-31,4670,79737fc2b861bcc44f316bcf3fff959fc46d4356,3425,6a38f66333b62f383313e84227c7a144af0ab3b5,3102,91b1450660b97ba87e897b274fe3699aa0454a1d,4131,9f858610a736c99bbc19c0ad6dbfef816a365d3b,
E26444,6062,株式会社チャーム・ケア・コーポレーション,S100WQO9,2025-06-30,8150,cf5b5f149ab66079b06bc35b1de452ebb387a382,6956,0f3ac24dbef1e7d3743af3935e18c4cb139a30ba,3553,60eaa7bc472ca68911dd690dfe88fc7d440e21c5,3685,3b9282d95e49090e945a5e5d44970447fc506709,
E03404,2762,株式会社ＳＡＮＫＯ　ＭＡＲＫＥＴＩＮＧ　ＦＯＯＤＳ,S100WQ92,2025-06-30,6837,e76dfd2326b1993ccbc0638945219c784e7123bc,6386,29bc24f45418d1a07a9178df1bb0bd559409a16f,3527,9fd8bd1ad676ab218958f02ca34d85ee656a1c32,2017,dd4471163b858f32085ac11e66fa8f555794470a,
E02711,9849,株式会社共同紙販ホールディングス,S100YM2W,2026-03-31,4676,cf6587e10a83ef620e4c321cbdef5178ce7dec73,1678,3d9e76101a2eb145538e4595c17034ec96a9a2fe,852,32c7245689e76c1ddeba2380e56767e0e39e6121,1980,dc840d388f737b865f043762dde287b3e52c79c7,
E04540,9713,株式会社ロイヤルホテル,S100YHWF,2026-03-31,5122,f93102325db218cfbb18f000abb1bda42e1efe7e,2675,1bec23bb6a5d6090e5abd1a5219480ae506af0de,4148,d8471dfd7684c35e525f72dbbf9d454940cda349,3616,02c621ec83a018419354f33be1ac987335ddec81,
E04566,9720,株式会社ホテル、ニューグランド,S100XMSL,2025-11-30,3727,e5dad3dfe97f9b0ed0be732f3f4dac7c17701ed9,575,432d7505e8fb9e22f69d076f2c0cfd11279e8d28,1367,f9a1c6ca9063238ecece1e222e48f1f65522a81e,1496,1aea26294c8ef04b757450d65acfab004d81bbf3,
E00035,7021,株式会社ニッチツ,S100Y8BD,2026-03-31,7907,fd3b0c7de7c0049f6453e4b7b8a6c6507e3cd0b3,2217,48877a38cb6322b5dfc4e6d60213b67f3da86786,2346,d93f3d9a295439bff7b98b03672eff9094913653,2380,a128b7b379a0c77191c432f0425a5d6ecaada49e,
E03180,7937,株式会社ツツミ,S100Y7SI,2026-03-31,4767,f9ba905910cd154467316fb186db077a4dcd3f80,1129,64178826a29c5c3ef86bacef5d7ed64c8418c0db,697,e24ded503baa897df1e6c906eaaebad73372e16c,1804,e6ea347e88e00603d500893efde8c14933766832,
E01177,5342,ジャニス工業株式会社,S100YJHR,2026-03-31,5003,4453f8fc667cb607aaac5a8c6bf9fc5c0629192b,2354,f25f3569dec4e2c449e2c0ab4cdecd90d3eacd62,1007,6cadfa524342cbf47c309fe4e27355ea9b9b60b6,2830,0f440a7928c73eafd0d681a2acc80b162a3f3fd7,
E03377,2698,株式会社キャンドゥ,S100Y64P,2026-02-28,5188,77b71a11d88fc120267129549d5caf939d64366d,2998,d6363cce697a34eded206cca0bbb7a5b0b2db156,1991,8d2802e25503a8468505973c5f71f7399ce87f72,2812,75efd4b1d45e9b79297fb9905663dbbaf3fefc7f,
E05698,2146,ＵＴグループ株式会社,S100YKK1,2026-03-31,8146,3c697575ca00c746942d6d862ed3f599adf4b587,8193,3c997f8d5a8c622dec2726d84f485a470db30784,6078,d5290004b72db64be10d1a4b28af60ac8fa02b41,6430,880be30134596a1724343be6941cfcfba2c9e886,
E04192,,新潟運輸株式会社,S100YSM2,2026-04-30,4972,f60396b50e3b9e51ba172dbc82d873fe13b544c6,1529,a2ebc77517f62474e64f494ca1bf35f23406b860,1057,70910888c08b130e3ac73899705fc7d90f1a5462,865,8632386df53f5784b0d55fef7ba7f05b574d4997,
E00382,2218,日糧製パン株式会社,S100YHEK,2026-03-31,4479,5aa67802736a93a2aa6178f9d7d07aefeb3846b5,1540,307fa45f964a725be2c4458ee5fc5c424f0ae80d,1770,73bbeffcd14051e003ad30c0d565c522867cf937,2680,b7f390b036e6e93c596273bf1241b05f492eef0c,
E03231,7412,株式会社アトム,S100YDI1,2026-03-31,7875,58ceccf52bfce441db43c77dd1ca5066e3d0c937,5250,f527cf469ec68395e7ef7202f45fd69938738cf8,3309,992e4e9f2123cdf5109e13136bdb93c4298a9cbd,4069,e458ea88b459c4c37ca42a137b22f56c3ef812ac,
E36435,7698,株式会社アイスコ,S100YHLL,2026-03-31,6105,d4096922741e5a39dde34dfdb052b81e802061e9,3129,cafa2c759d1cda1dff18bdac1a6224b5d44560d0,2048,174e57d165cfc455d10691bbc80e94e1be04e4ba,1233,641627092cc2dd5b6edac33c71f9da808fb4189e,
E04155,9017,新潟交通株式会社,S100YI97,2026-03-31,4989,dc851298ec52808e9f512bf3b2e1bdda2e3b15eb,1420,c7d351e8bf5d329eb0fd9a68a533ff4ef824a7bd,2769,dd94b4729403fccf654b278e3140d36acf159b09,4051,016bf2dedd8de701c8f65d1bd8d4d53ba830f1cb,
E30999,6025,日本ＰＣサービス株式会社,S100X6F1,2025-08-31,4431,2e3354bb90a79a5ca2a85eba4578ee2e961c5970,2457,0bc095488ea57383222057fecadb6db0aa95f90b,3387,01beea36072a82c08a91dff3e9da1b7e1adf24e7,1877,c779be5e6e3717459cf40d6f0f49a90db1953576,
E39945,259A,株式会社ケイ・ウノ,S100XDKZ,2025-09-30,5343,8f179761344c00ed1a37ed0330dcf30973328615,5847,38304451bad43303f82f9870f56db9d0082031f2,4192,c2c5feac111019c6eee1e13deb132db2b9bf0cb3,1750,b03d4e8dd73032715228c92320da5fbb70a88a89,
E03349,2653,イオン九州株式会社,S100Y4YP,2026-02-28,11106,f9754068d25f582c19cb966c0414bf044ea07ee6,3858,53e859b842ae89b8d55b7f288661d29efb87746a,1113,606bc1f5f1f832b38dcd499f17f86672e97ef583,6315,7c00b0fb490c9528433d561ffd93d1b66185bcbe,
E00487,2911,旭松食品株式会社,S100YI4Q,2026-03-31,6607,c3a7243f8aaed6f883e01dfa2f63e617ee090b70,2052,1ce7bf0dbe2243b97ff0414ab17c9bb67938ca3f,2511,232fbce54ac7183e0ea2303955b1eb758b00c73b,3831,f88ec5c60655e9a91e4e1766e27f4260d4b53edb,
E03493,7823,株式会社アートネイチャー,S100YCH9,2026-03-31,7015,ea0394a6847dca2b2b644f5930dff0f9c7643c67,16657,2eda707166fbc019192d9a11d52e889dd34aade5,5079,d0ab811f3ffaa49b1911ce90c3156aeee339bd62,4575,c1a1238130859ee96f7d106f196e3a5fa886c24f,
E03314,7604,株式会社　梅の花グループ,S100YSIF,2026-04-30,10984,3fce5670461a768225f9e9b7655fedc3a2e7923d,5229,f803f793af9d44534e17f620d503982338ce39ec,3399,5bc7249635466a8dadebedad76e51eb68fc84141,3639,ba435ca0e6f89315820d2df65825f7368c9fa79e,
E20616,3479,株式会社ティーケーピー,S100Y7OL,2026-02-28,6718,2b7fd1c2c7e83d68e3a09d299225fe034f0df462,1904,a60b80de034bb8b98e9cf30e8b100454c58ff6bb,2781,ddb31cc1dc7f57eefab458cb7f45face97f8bfc8,2636,d24a84988b58f2dea221a27ca4eb92b68afdeff2,
E05030,4720,株式会社城南進学研究社,S100YKMH,2026-03-31,5603,16c8bf3d5b38b1950b361923ebf3b4ab9cabb614,2201,c847c9b64249c040d27619eaeb8d1e1a1a510e16,2154,3bf44477374a589ca5b26f44be4dda45d2c34b13,2995,38de98edd09ad7cc58103855013352460784b7cd,
E27761,6076,株式会社アメイズ,S100XMEJ,2025-11-30,3298,198c87920887af363ee66ec2981f47e717b3a92c,4975,b86a2f4d196b28996f5c976b754ac35d1b325b11,1429,572aab2e4555f6ed58163863a995b07e50b4ff4a,1216,a3ed020b34180c01747093eb3bf272229beefa97,
E04013,8917,ファースト住建株式会社,S100XH4J,2025-10-31,7321,76354853112e90ce78578c2def03f54895b2b151,6734,ee22624eb982fc20febd52e68e6b77e780b1fe97,3681,dd5a895518024f3911137cf2d7659abbf98f510b,2164,7301dc5c892b3f58e121cb76209972179e150dae,
E02988,3377,株式会社バイク王＆カンパニー,S100XLTO,2025-11-30,6131,7607df90b766c800063dc0a0ddc1bba43e3bfa52,2024,33a6cfc3d33bf4eccb9fa3a36cadd879b617fba2,1878,ebb877a09da7075cc437887d63aa2ddbef41be12,3852,ee08adabc690b985b523828d08b9cc97ec6ffbdb,
E03368,2685,株式会社アンドエスティＨＤ,S100Y5ZC,2026-02-28,10088,1714615b77551d8e807560bee45b9f24c35191d0,7768,2ac6e1e8a57d387ff5975c011e12b9f3cda14af4,3406,3809bdc9bbe18234e235f42e62174137792c8555,22059,e73966b0361431c7482feec0fb48b10c964f7cee,
E31997,6186,株式会社一蔵,S100YFD3,2026-03-31,6166,2c5549aea9fb22ee4576604ea853bf6c3a6ca103,9326,861dccbed7aef40304a12cc3d8bd79012b4368b2,4590,6959bfaa1fd72a919df1ec3f639a004bff1c50fc,5445,6b8c1a85653f0c7253e180c227d1e65875d4b3ec,
E38382,7118,株式会社伸和ホールディングス,S100YK6C,2026-03-31,5757,4091f09bae0f619f0bcc2141e5fe61b84554a753,9042,07f912780ff5a69dda1cfed85f64fe015685197d,2199,1d5e66ac5d24af539d7169100bd479af2f9199f2,1597,4d835e1d1cec94b48c83aaa95f4fa3f4799338a5,
E03259,7494,株式会社コナカ,S100XC1F,2025-09-30,4902,d0e8375d542986ef8ee83216be77a45ce7b36b51,4689,64aa43a3ba210e57842a236d822770cabe4dad26,657,8556188ce447c01a6ae6ff89f02391984b769910,2588,c5a596b4ca8c6efbb871dbbf1409f541c7633c24,
E33272,6551,株式会社ツナググループ・ホールディングス,S100XCA9,2025-09-30,4771,c4300a8ad4033fb52b5b648fc0f958ec9bc92252,3978,e618bcc5d1c0ab964cc40183e51f27785f0bc842,1705,99ffcc272774dabe9a8bbd212a14f395c0678965,3230,0a2b6e9ec985ebc8f96c1c76b54f696432762cf6,
E34891,,株式会社ＪＴＣ,S100Y770,2026-02-28,3197,2d379f888a262e57db685d4a7b025d76a6e2bade,2041,efccb91e54c7baf3a2767d727e5c9be7adefe07c,1211,872530ff3cdee1dc16459b6e8b9298971a8d4170,833,55c336435638a23754af7059a58d7b754719c86f,
E02459,7851,カワセコンピュータサプライ株式会社,S100YMBT,2026-03-31,5075,8a64fe51fdd3456e67c6e622dd443f003c34f2a2,1605,a91d834b613c52c70000db1d4704a4582db5b339,2193,e39b4309628ca6f6d6f4fd09210327cc6dc7a310,1670,1c7c19ecd99d481cde67a1dd6b7c2b8859d271e5,
E00607,3597,株式会社自重堂,S100WRSF,2025-06-30,5073,1bac9b8453c7725ff816612f975f6e4cdddf8bbf,1012,7313deaaad46cdebfd90cd3bdc0dfa0d7e6fbdf5,450,c9b9264db0d0694cc7867a3f52a317005d8da06f,3608,d4545c0033aeff7cd879d3289445bae0cf64201c,
E38474,5252,日本ナレッジ株式会社,S100YJNJ,2026-03-31,4707,d3cb65045e896d9ad045f6c55296e4ebc664630b,8175,9b3a72fdc8b89c53649f650c3f54bb3bea6abedd,2762,9e6312b3574df3020ebb92827210e58c6523f2e8,2787,808df833a011f6ddfb557763afbbcd35133aa24b,
E31723,6171,株式会社土木管理総合試験所,S100XSOI,2025-12-31,6587,e652380bc15d43392f1d575b704b0cf308a57794,1316,0018dc778191e4ca7abf196f4811ef533b866baa,2342,d56a0efd6a01b07cc653d9e11992751db81cc55d,5720,3459f08ea5f0780f26e6a60b8a7eb1cf2c9f6312,
E01064,2927,株式会社ＡＦＣ－ＨＤアムスライフサイエンス,S100X6W8,2025-08-31,7301,7558f8aa505684232272ae207f435f0a187d12fe,5158,be9bf179abeefe111d401859cf590fa9cfef601f,1767,428039702619f9655672a4af9e78c8e0bbae15be,1108,0d9dceb777f26d96134d61459d9873d906bd8e64,
E34363,7805,プリントネット株式会社,S100X68N,2025-08-31,4456,9293058102b3a4a01259ef90fe5f6dfccdb9eca5,4779,b91482d3eb2083e6ae1b6bf90ccaa6355d139f5f,2255,ecec315c9bc6c924e8449afb1647dc3be2cf3221,1921,84c9c8b788601fe2036968fa478077ad35040f9d,
E05293,2311,株式会社エプコ,S100XSPG,2025-12-31,6588,61adf87f616a58803372deda111352723109d0a6,3819,4a22be6b5d8dee3335256c46183d339019ca9780,4303,1bc2a41198bf7f626c9f30064d77ce6c27be3d37,14556,5c08f0aeaf15ed656d25f780435d2c65db1cc231,
E05478,2435,株式会社シダー,S100YJJS,2026-03-31,5642,e0c17ef54d864ebf49084a0f8d510a7e81efd622,6710,b126073726d15338be8b36859b0d595730a12d95,3694,c40d606fced7981de27ba463703a1fca57306105,2464,d855ef5c4343d39058f50d02f1070e08a89896ab,
E05682,3845,株式会社アイフリークモバイル,S100YJ02,2026-03-31,4294,e257585063d0c1be73f5f36acd4501b8cf784d98,3331,35abae704ff3e606bb688a02612a9c7891c8a4f1,3547,0096b9de29d1cbba664a585e00b0245e0e4f5853,2401,9cc9d8ce863ce34edc9d3a80198f2eec74272805,
E00476,2904,一正蒲鉾株式会社,S100WQ1K,2025-06-30,6387,66a47c213de4730997d423574d4be2ab899d4191,9263,415c1f9374f140dbd8590cb32cfee6fbe582e61b,5997,e203d37b7aa0b3bfc45aa95a7b472153c17eec06,3509,b07a07dbee664e9fcfa05ba6013bba6b9fc0e4db,
E04990,4679,株式会社　田　谷,S100YFEW,2026-03-31,5753,7188bdfdf2c459851f1e8c6da58ff05430b8b0b9,2047,cae89509f296439daca1226b0ddd9f20c8f32832,1974,1543811eeac22c117fda7c1034ebcecf94e2288c,1948,b40b8af91b5b746d7955e48b91a7602a3a5a1bcf,
E03470,3399,株式会社丸千代山岡家,S100Y1KO,2026-01-31,7852,60b68da43ec292a63290d8ed71239d4cee8ac831,2754,eb33bf81834a60320dabfb56786b52e80d539783,2436,a96e49fdb90170da3ba60c7b9cdc94f38d79e9d8,2211,11645e2b49c6d6798b2fc1f00973c604e42724dd,
E00744,2376,株式会社　サイネックス,S100YICX,2026-03-31,7044,534c4b54d4c56438680f2b026633004cbd5fa1cd,7579,6730d00ca0b136608f64f41d68cd66a875da9766,4992,a89e3ba4f1b2c0c84651406b08468a494191e5dd,2836,046650e1f2e470e75ae751e71fbccfe3191b9b5e,
E04163,,長崎自動車株式会社,S100XV65,2025-12-31,7564,189843eecb78958006030b9691cb6eb36e90aa3c,2598,468b2ae558d47c28fe8e2ef93f3c031ce90778e4,1544,5254b3b921194671769b29575cdff62f9d61b1ce,1238,3dc60cdb56b5b5687c26d194cd14b72e7ce82f55,
E40516,353A,エレベーターコミュニケーションズ株式会社,S100WM3J,2025-05-31,6067,5078e5d041c7344f1e7d126d6311b952142ff394,5594,da852a1d06a9c90c3cd58680d394d084b13fb535,2436,90a348e4014137927df9c20d119a00637222b575,2348,b3be123867719e6e2170a1d31afbcfde439c0fb0,
E05716,2164,株式会社地域新聞社,S100X6X1,2025-08-31,4858,d08593a616228625e55d25c084767cd1b776b00e,7364,cf9337022e40784e2d594468082a96e58702261a,3391,5558c8093705156c445f589991c3f5e782ba974e,1300,a334f631a408f7361a789b88b78450c6e2361470,
E05440,2425,株式会社ケアサービス,S100YIQF,2026-03-31,3821,7f786268a32421f6b2cf60a4da4ed83021c4214c,5084,9fc28e751d69ba9cd62eb4a0bce65e283921329a,2014,45ec5ebc9de5fdc321e970bc0837a735501ed856,2343,56e5066b2ef7afd089345e35e3d45a92dbc7bffd,
E04165,,南国交通株式会社,S100XD85,2025-09-30,4808,f32fc9bb7f51b4e17f6a43d6bc5dc8ec57bc7105,2220,2f58b05c230ef8b011b4ab125ed0222ab16b1efe,941,515586bbd50b1f5e0a39222ec296c90e812ebdc5,837,9d8564d827a2c427ba43634208dbc0829bbe8fd3,
E02660,8139,株式会社ナガホリ,S100YJAK,2026-03-31,5774,861c205204e3dd949b6170830902580dfb368318,1209,75f6139d629ff7a6e866479bedda79b1f6aabef6,2585,27176c3f2e8fb9a9f673c67676dad54cece0831c,1832,e71d47cbe80845a2e5beeb82a1bcff49a3b5f3cb,
E03312,7601,株式会社ポプラ,S100Y6BQ,2026-02-28,6267,239a8bc343d6df8a270b2d2498da7bcfb3dbd305,6288,4acc4eee2bbc41f15ad6ba13f1f232c151ea6725,3030,dc1e6df7c6cd64c391a9c5193059a268ed6f47a7,3409,cfd3c7bf7ae8689d1310a3604d3403605e3986f9,
E31855,6181,タメニー株式会社,S100YHBC,2026-03-31,6785,c36667bb04803cd50086b906cbb92e3b23a1a454,8008,948c2d8583295475f074caaa109ef17fad3569ec,1902,42f4edf60ce88dc6e0fb543f2f9768e07ae97b54,1430,cbba7e46bec080581272df37b020925dc15d3e3d,
E36393,9346,株式会社ココルポート,S100WOJI,2025-06-30,6126,061a160edd11cd11d448147b3bc322e1442815d9,8476,fa5877033718d482b36ecc97fe54b065dcfaf71f,4616,bfbea899e078ab259a69c97ce726a560cbb3fac3,1889,06db27f347542dd01f3d152099cda33ef0ba781c,
E01988,6929,日本セラミック株式会社,S100XTCV,2025-12-31,4946,b4d1c19e096709daae455cc0b9be95d17d052f6c,1812,9b077ffab14092c64bc481f75c0b96ad88f599b6,1485,3037e2c56b8bcf61ebb5ee726fc8ad77d5e93300,2619,071a97dbf02e6cc041041010cf69cecef0531f45,
E36353,7362,株式会社Ｔ．Ｓ．Ｉ,S100XU5X,2025-12-31,8359,e1427c88b66918e899223a8f83f5f8c8e5c8448c,9642,03a361482b752eeb94e1666f7242b8ef3c294a78,3936,c58fd7cd92576689bc629472976d32cf4e86ccaf,1782,ffe12804e605be0dc7d53c1c87073b6e387de6e0,
E32198,9466,株式会社アイドママーケティングコミュニケーション,S100YEVM,2026-03-31,5559,07423dd521c691f99e9be60218e6dd4e7a0c98ca,3402,eecc20b860d67387793ed0464f0f2851e4f52bb4,1653,e04598696e140d73d947ec1e1c2e62dd1c55a37a,2145,1274b1d2c124481d71146fb535093d2045c0fbdd,
E02810,7446,東北化学薬品株式会社,S100XAMG,2025-09-30,4624,aa4df1dd2283f62bbb601c559dbd057f536e9fdf,972,1dab4e44b65297b4a48ace411848e0528bdbcfdd,926,ea5dad141a8a058369ea035a6cdaafcf1b50b8a2,4106,2e64579f8c1434211fbd141519e17f4b5a77503b,
E05601,3810,サイバーステップ株式会社,S100WM70,2025-05-31,5070,7fa96514004d4fb04ca6ac475559ead399c51b14,4330,8af37bb34f52a5bb32d7592366ba92ec83e3a7cf,2440,bbc0b77d6e9d80bdc2a3465de67f32b0fd7b58e7,1559,ab98556c4d8be0a0401d57040ce21af2a64c4e1b,
E04944,9780,株式会社ハリマビステム,S100Y7GN,2026-03-31,3917,736e4dbf3390148c4546fb349a15f608c0fcbc4c,2886,f01421d6abd52f5b91b66b487ca04fb321cb1380,2998,1892426e81ed2c4831a1adcb1b4065ff7c112ea2,1742,f74a554101633d0d49d8bcadd8beacdcd9071fb9,
E03365,2683,株式会社魚喜,S100Y5OG,2026-02-28,5847,8cb22f67f4886b7ae6489b7e1dcbe5361c67654c,1129,f61c7e40f45ae1a01190001f3c9b10d982b6dbc9,1535,3d4017636b97ef00566538932d4c1c0ef458c5c7,1255,3125670a74c7e175d8a9ec2e69aeab3d3902313a,
E03524,3096,株式会社オーシャンシステム,S100YKNJ,2026-03-31,6013,2053c5ac9b876fd754f9f46d6159f21c682099e3,5103,6c3d2acce20384015002e899cbf140c14c31925f,2595,bbd8ec089378959d8f9eeadfc191c84b51be739e,1913,d6b15a327fb47a24dbbd0af3e2ee9faf54ef64dc,
E26821,3177,株式会社ありがとうサービス,S100Y7HH,2026-02-28,6697,fb967b483db16350d1f286aa3a7a1accf6c800c2,6507,5930dd26029182153a12decf50bdadc72287bd93,1395,8b04e88176f8d01cb98ec1b5da3f27f4c4d0ff40,2063,fc4828fd862d43fb99464f59be366e0c695656da,
E30451,3190,株式会社ホットマン,S100YEJ9,2026-03-31,5558,ed6a21f027dac36709efe25db509324c0a1302b5,5281,b05b9596f6ed7ae5068b2f88ee65e77eb9cf88dc,3529,b2dcb4920dba08499e95b8f01a2c7a9be007745f,3646,2d7fd83e47c311ae86fd45c9fa50bd513e52da17,
E00715,7901,株式会社マツモト,S100YRR3,2026-04-30,4369,d892b15131c54af6962611b416177ce3fd5066d4,1921,bbba5c1091dbfce9588a62da25115623923eefac,1390,14395a398f0411d96a6c4973f6f864f589a21093,2018,dc4859aa713e303b1f121c954b573279908d75a4,
E03370,2686,株式会社ジーフット,S100Y651,2026-02-28,6261,e7c974ca2f1c48db039b2d5caf7838db7ad5603b,4380,56d2b5fdb43447c6bad1190e9fb3742279f03f07,1306,fd48b72fcbc8bed3796cbd649bcbbb400c90467e,2956,f1e07ccc8b23a8d857bcbbd005e753cb3f58a421,
E03281,7872,エステールホールディングス株式会社,S100YLKC,2026-03-31,3977,0b2f8b990d5f93c035d78e946bbc4b8b05f5a498,1508,d1c7f913fe190d194526027193bc064f4face0e3,1608,ac45e1abf2d4c842a1052bcf70f2c0bd6afebda1,2547,ab2c0e2de082841179e43c8acf2edb5e7415104f,
E03266,7506,株式会社　ハウス　オブ　ローゼ,S100YHK9,2026-03-31,5659,cc0c45bbeaa7747cc6b40b2b6fb26fdbba38ac9a,8240,9608c9830c944ac435673d034361347e0017134c,2717,831feb02f590062ae12d61b5c636ab6387e7c97b,5231,6f39bab908f502925b01bc8f43849f4a67175926,
E00521,3010,ポラリス・ホールディングス株式会社,S100YITQ,2026-03-31,5194,cddd3837eec152f3c6fa682753a1ace6af4eb2ed,1788,e1dc226a4b82fd3619b3f0eb984c511a6ac212c8,3059,3aef724f5844c7795cb8f7dfbd602ae77a0d09e2,1978,f068ca8327d05acc71cd3b76292bd8c6b67ad048,
E01063,4925,株式会社ハーバー研究所,S100YA2L,2026-03-31,6666,6e1c89ca8c0fc9ac5f5feac3a3c85d40fc0284a3,2732,5cb61ce3083088e28ca1a6acc325b9b890c9a579,6187,b54f281bf7b4a190b5248e573969b4ba299b0713,4250,aa687e5d83ae9d4215a961ca879d99a1b8ef3eb0,
E39273,168A,株式会社イタミアート,S100Y111,2026-01-31,5022,0eb9632df1c3f1ba05967848b89a34f981cdf86e,8284,dcc64d293d063f4bd4a732d6693a8a2ebacadf4c,5948,48c77c394805a3b2f24919d1890f6903aaa7e331,1299,8007c43b76bb236571f902267be7286640fc7cc5,
E01813,6776,天昇電気工業株式会社,S100YIYI,2026-03-31,6552,9e76a57f7d78796fa0d556f1e46866fa276c89f6,2216,fa26697fccebd792cbb9b2fad4922a7b2780652c,665,928196e15ca6011f494d79d05b3470e4a99c69b5,1223,43208b58f082330e41012594f0552ba709fe7e93,
E00034,8835,太平洋興発株式会社,S100YL7T,2026-03-31,4461,f4a0d577ae68011499c3dc27b12c8480ebbc0a34,1977,62f4b5580dbc8b5ea34636eb79019fa86d950806,1424,c0bce173396365806efb2d54aaaa81d6311895d6,1902,7bf04aa85a898d8689a5c3b0cbcb48f70e788900,
E03374,2694,株式会社焼肉坂井ホールディングス,S100YGJS,2026-03-31,5211,eb0892d5d85cedd50196e81ea05094b6fcc2c4c7,2982,0eec5953927aaa15d6e08f99832e4afe2956b0de,2439,3a1c976afaad5e4014fc70e1996b6b12cee5678d,2771,8721c09f564827150e49836d4b3c30ab02f2d85e,
E02489,3851,株式会社日本一ソフトウェア,S100YLU7,2026-03-31,6564,52213f84083330ff6cfa652e11e9403af69e0bdc,4538,b2084de7e1568e4003df9e805dda1221bb6847a1,1038,46a46872b6bb9d76f86ae073fd80f0c262e7540e,1208,ddbff423e365278fedee76c750d2a17505388f4b,
E32697,3548,株式会社バロックジャパンリミテッド,S100Y6V9,2026-02-28,4292,3e6f8a9216e7a476b558eab7db4cc81c5387128c,1701,7778dc5f1f355ef2b403f5dc9346693658ebcb59,1484,33a670edd7a2dc3b632db36375db55782a8357b5,2643,e57b7f70785e4905434534eee67abe747ca5557e,
E04784,8181,株式会社東天紅,S100Y6NU,2026-02-28,5096,b7d89ddc40b9d948a867ec5db0ee894faef98ea2,1441,8a5126e9864ee5044548303fdd6e2e1ac839d77e,1457,227ed536fe36eeedeb96742b50fe0ebaae6bdf8d,1777,52f797457ecee0e5ed04fc861279615fb18476ef,
E21259,3140,ＢＲＵＮＯ株式会社,S100WS12,2025-06-30,4579,20b852f60d20c7af54ffe804d0b35c757e1d6c28,3669,ddb088ebf4cc43d32fb06fef12c55d6577e77352,1846,669fa9d5f606428b195604372c871da56ea4dc92,1341,9dd6236d987c92b2ecfd840c8dc102b09c537cf3,
E34704,7678,株式会社あさくま,S100Y0LF,2026-01-31,6452,bc3f4ef270b04d0d1c073d2911f307569a66d44e,6033,05933c0e8b40f0fad938823c2c4237fb5ceef088,2090,72d62406b4a7d47ed71cb69b7be7e9d6d224cc74,990,8dc6adafa3de4c23ee123935876fa1bd91b7397d,
E04941,9778,株式会社昴,S100Y5RU,2026-02-28,4663,951a7a1943997fe5a7004b7a5afa1cc0cfd97602,843,19a65adfed8fa53870b3bbf4d1666211c5117997,1631,0821fb81476243add985921780822dbab0a75e2a,1656,e23d61e8cef510c0b1121299787fd76b12b01134,
E02836,7477,ムラキ株式会社,S100YCAP,2026-03-31,7401,de6fdc12bca4b71f999136cb01eef4de5f1fa14b,1734,690b18f6c7e962c199504e32570f32b967c27266,3656,cde656e762972e6b8abf38336c5a8ac4ac2942de,2035,b7bf53d96c4331d31ee0e7007ae90785fd0438a5,
E04978,4664,株式会社アール・エス・シー,S100YIKA,2026-03-31,6200,da4ff470a68b2b1cc4adc1ff14d0a8c8f2583697,1571,7bf03bd6bf9679f33262e209c61e5305c7b77030,2743,b241beeed593bed10c0253360e0fd381ce4d9c54,2925,58331ef42ef27b2cb7224ad07da9ffdc2bb9c8d4,
E25969,1383,ベルグアース株式会社,S100XHX5,2025-10-31,8385,8041d41feff9f56d9b8169ac1dadf354b3fbb643,3902,0064f8526eeec214f43156311b356b99e3a7cb70,1689,734b7debe9d3bbe07d66e03f5591c15e6af29691,3702,be593b9badd6e47d194a60061deaf0eb35ce6be9,
E01031,7928,旭化学工業株式会社,S100X6CC,2025-08-31,4060,2a1656cb70aee90cc52de230f269f0b2282f43dd,1242,654dcce6bddb47646d344cd0d0e26f67e7c4c29e,1463,979dade7232787dc160d1186891d525e9a7ad042,921,f39fdf48b7e693ba2b129b34a72a186f7b876c82,
E26579,3174,株式会社ハピネス・アンド・ディ,S100X6RU,2025-08-31,6646,866d4a2cfb2c1285c36204189e108edaa0e1f8d6,4168,88971e0b6cb372fb20e00fa10554fc47799c3ec5,4256,1c84b3ceceaea4666f8ef87d44f768b0a4d46507,3685,7d9175ba0c32ab1790fc9b9b9bf5be88cbdffcc9,
E34331,7039,ブリッジインターナショナル株式会社,S100XV70,2025-12-31,6420,cf920b89a5eafc60e4c5eab315052a2c205ca877,3949,27b87926ccdf33370354bf92a5d7d59be0a1972e,2229,c9442890cac034dc1d00074281660c81a68cd9ec,1503,26403e06be24907d80e543c29679bb80f7f6566d,
E34725,7062,株式会社フレアス,S100YLVZ,2026-03-31,4937,2563e623249118354ac05841527b82865e0be79d,7415,40eed0b75d2b306c8666b42d4cf22d46707cb743,2083,ca9ade8d1f64240303e9b8fa2044b4567569e1b8,1170,535da582a31e88571248c24a75e3fe37b0972eb2,
E03422,2789,株式会社カルラ,S100Y72L,2026-02-28,5304,58a9176a46405f99527ae1545872c43e86f6c286,3151,7ce2c5bcb83ad3892948845c4e3156433de224e6,1734,db5a3fb354b7f5b6b854a75fd564e274dd4ac1a4,1363,27ee3d2954fbfb1d99eae841b097144abfbfb4fe,
E32753,6537,ＷＡＳＨハウス株式会社,S100XVE0,2025-12-31,7487,41ac7e962cc5b6cf5d3055fc11b48469940426f8,3060,ff55ce282e78673599087a5418998bce056c211a,1861,ab55789a2c5c7122d13408effef3ca22a1bf0cca,1266,6b2e8b043ecd2cc7e1b6f630892ed8d65dcbc058,
E34954,7066,株式会社ピアズ,S100XD95,2025-09-30,4182,0d22aa2463c0137d4fd7e618184c0badefe017fa,4126,934be709b8018630e7e0d489292212401670daaf,2034,f2478d1ba0c81dedbd2b230dc6dcda84be587cc7,1318,2a630b9ab9c8ab807b33696f58823191d9b3ab64,
E03474,3032,株式会社ゴルフ・ドゥ,S100YHOE,2026-03-31,7061,24310c0527c9a0a0b72d55d67299fdafdb18655d,6811,db9f0301879aed6af6ce8f04aa2b971d8c720e05,4349,fd145d39aec1cb1e873ac40cdda6d7f942d205a0,3515,ef07bd7f61d478b129be03de0e9c38235584dbc4,
E38651,9331,株式会社キャスター,S100X1KO,2025-08-31,5528,89fa2386671c14586b5dba8a962b31a4bd5399a7,5855,de32386fba18a550ee1506d199493d8a91a64c1c,6339,228fdad8b3cc5f4d84b4a716420bda458fdd5a77,1524,46345d7e6f0e92ec45422af540cafef8c8a5c42a,
E03148,9854,愛眼株式会社,S100YJUD,2026-03-31,3919,c882f2aba2f9c973f9ade7a62abbfdee146d94b9,2714,f6a828b39e93532fbc9373872eb87645dcce18b6,5171,9b16a5418dc82218501f20c1d12918d7392f375c,3565,c8a96cbc313b6eac4b00f96487b929c99d8397d7,
E04551,,株式会社熊本ホテルキャッスル,S100YHML,2026-03-31,3206,4ff3dd5fbcd7c22183029cf4aa31b82aaebadbc0,1255,bd176dabe94eb5a366ec1bd3dfa114437dc6177b,833,ff47709ee90033ebf55b5603bacb160f3b215c6b,2145,1e9c61b63fe2a1e7ecf32acba79efbdecf43b350,
E02365,7992,セーラー万年筆株式会社,S100XUCR,2025-12-31,5277,d7ccdc0237c93a93eb5ad6fb40378ea6dfee543b,5314,50c52eb1a50b94e0297d9198224746bdc39b73ec,5927,6ea10bcb49c6b2a6ea9a334413a9421ca4bfda46,3123,ebb6f3abb9adf1e5692d36c93d6476690f54fd22,
E03313,7603,ジーイエット株式会社,S100Y5TM,2026-02-28,5896,9f6958125475fac35bb2bfc2effe2540f63ba087,1969,63087d6d89cfdbb88584a8ca4204c1e7e4041d54,1126,dfcf2484567dead03552e76acfda14960f7255b0,1142,d32d09c66ae02f10f0e145d5fbf9830286cc9d3e,
E03295,7562,株式会社安楽亭,S100YEJV,2026-03-31,5335,665315cee0100e963434e6092a58096ecfa5beb6,2660,5e1f33f40476165c76ef703c91e3d9a20db4c87e,1048,394aab860c3674bf4687bbd9cf451a7381b76826,1180,56acae97af056d662cef41f7d34a6ec4dcafeeda,
E36367,7374,株式会社コンフィデンス・インターワークス,S100YKQ9,2026-03-31,9930,eae935c1363ec565eac4796ead2511be826d5627,5501,654a4559cd432fac559c831f5b96a0cc76013e94,3716,2ce29c0ff7980b9d1f3685bc9f747a4a49aeddf0,2018,deb665e593578a5197e1639a6b658adb395ab790,
E22470,6078,株式会社バリューＨＲ,S100XT60,2025-12-31,5910,83924775c4d7e0ae7835a3b3882d0e09c439fcbd,3605,64879a04d845cc67d9e97a536544fd873eadd681,2157,cd71b5e59173cf83667c58f2c7829d15ba05c14f,3624,634a5d360f06edc725181a4d1998cc463efb7dce,
E05278,2300,株式会社きょくとう,S100Y6G1,2026-02-28,3871,d34866fa38a8ed4a08566e14b4c230d5f002ec53,641,b6851b35eccd4d015c90a8188295a098ea2acebf,1119,d26e594d53e4ebb0077232cb8b672ed5ff86a5b6,968,ce75f0f26bd6ebe4ecdc9e4245e90131f32d4329,
E37523,9220,エフビー介護サービス株式会社,S100YK1M,2026-03-31,6038,18acc17a7575f6427f4f9d13c8ceaff411c30894,12577,4e88968d84f4f5ba111eeb3477bf03242b58be0f,4272,2e273f5a65a00bed08e24bbd4a85f7e260f775ff,2892,5bc3a6a5de0840af8b4ff5701dcfdf5a02c98159,
E02813,7441,株式会社Ｍｉｓｕｍｉ,S100YHK6,2026-03-31,4965,2f21e4fab435590408ba2551a719b44dce4bae53,2228,dbb30d378cd734942417d4f132ed03160d02ce65,1765,478fa84b978c5dec6667e5aa3eab02321705afff,963,c347c6eff16bf016bdcb9541f1fb5461eb5ea215,
E35250,7083,ＡＨＣグループ株式会社,S100XMZ1,2025-11-30,6872,73a6c7e77b2eebc2d05dc45aa588fb0f4e1d005b,8099,f02119c161184f6d88c7568b09c142cb8caa4732,1851,f32b74109301d1edec7c1c988d9c15be3d1dd774,1305,5eaec6c314f263a96dcf4810948a7e0588d971e5,
E33864,6574,株式会社コンヴァノ,S100YN95,2026-03-31,7092,3f10ed80f13f27b709daf2c39f06c4056f846208,9977,12d4a5beba3e5c502611bf679ac3852d653f75b5,4654,8afe4b562080343c6542b0371706e657f12a6a85,1521,7df23d7721d0528627f030ddd2cafe3f0c207329,
E04671,,株式会社可児ゴルフ倶楽部,S100Y1CH,2026-01-31,4111,1db2ad8e186760a5391856df0c2640c0ea4222ec,854,aee5f0ef14467ac6b855804b08c9441e30ff7efe,1280,d55a361b6bc4276fbf8cf782f55d42767785c2a1,945,e3a89b5a08b6e03594eaecd85a0ee9f10c152f01,
E05353,2373,株式会社ケア２１,S100XHNL,2025-10-31,8594,af1041dfcf702f9374a7c309b0b645cae0136e2c,6654,2979ad31232b452db1f335a484b6506deb0e0cef,2718,768052125bbc750f02a8894315606510768d532f,3255,70d715402a94858e199a2b11ea7dd17a72d4a606,
E04580,,株式会社ホテルニューオータニ長岡,S100Y766,2026-02-28,5373,d0048019a5e2bb21f89494df768fa36237c17756,770,d41c40b825dc1c0132d790e7397481b20a8aa6c1,369,683811c2750bc4aacd2172be5d065c444cec255f,1096,759624a77903644885017e582b6dfbb8e03e8b16,
E03025,8247,株式会社大和,S100Y7D9,2026-02-28,6643,c7efc22d470d5c716eaf5d2843c926544f0dc3c0,1640,f9c8152a31a4afd885452478c500847acc8e2a9b,1806,31fa972ba62a01018ae88fc3340112097c8a199b,1581,be1c710d23faf8d465cd5423f2d725f21509ac62,
E05011,4705,株式会社クリップコーポレーション,S100YDSM,2026-03-31,6300,cdca60c966e652c04c0b87e336ed40349b29599e,1228,6afa867b877239df6a9598c49b8a0225eb46eae6,1365,41f1c04d9e0f71448296d643c7026a1fb89ce104,1573,f2c0902b00aec9f40ff25436f496b07a52b52821,
E36655,7376,ＢＣＣ株式会社,S100XC7N,2025-09-30,6758,a2966bba8b719b054135b2a8e7f6b14611afb31e,6693,c8d4c41edcba8494b73cd52aa061247b5f5132bf,4015,ed1631371e24bb2457fa582200dcea3160738290,1231,900002f9be841ca125c5ec47a46de4c2e05cfb00,
E35470,7087,株式会社ウイルテック,S100YHRI,2026-03-31,8238,be5ac10caa81208cbc84989ee57158cce02d6dda,4884,a274cdcf9c094608f6425e3dd3ca3e8eb085017e,3662,d4aa3b76caa4f1493d1457fc40626ec1b22d8fe1,3010,b0ec096e15961fc98038b4a5599ecbb0bbfe0125,
E04127,,福井鉄道株式会社,S100YLJZ,2026-03-31,7949,e42c6318df408d01eed33124a24a512e9b345d28,1882,250087f8a12fc3cba5ffefae78e4b06adb22ad15,2586,1ca81587693dd31158e7d8f8162e54bdcca32471,2308,d951f5552df14739cd1d21f40979aa9c976377d9,
E01916,6982,株式会社リード,S100YGCM,2026-03-31,4473,1c3ef41afe8ad4ebb790829018103a8d67b8a549,2856,b252386a14c3addaaca77a4b25ede1535278cba2,2176,9bfb9fd263b136e72a8edd5f525ab0830e52ea70,2410,21bbb88e07dbd4e03b88b0fe0216565ca9b5d11d,
E04673,,森ビルゴルフリゾート株式会社,S100XVJS,2025-12-31,3025,e2cb195d20f5565999f5d76a0fa7411cf6dd3e60,781,5f9e4a6dea8155c5fe278ec4b794c6624b8ec4e2,629,60062c8f142fd5cb3415bf40745b6e49d744a3a3,1082,8f76268e1502e3bb8cbca58e4bc2859c17ed9beb,
E03456,3370,株式会社フジタコーポレーション,S100YIJ4,2026-03-31,4920,9c091cbcf2aa3d8aad2fdb74f96a9d38c1cd1be9,5837,dcf833dbafa7732fe2c28c6c8dded181b5d8d64a,2269,c3ca9ea2972e66b25f697a89e5880d8521dafea7,2236,981811d22cd96d365d57063994e2854c9605c487,
E04932,9791,株式会社ビケンテクノ,S100YJP6,2026-03-31,4069,5a0b29432b01eadaa20eff67bc30291573d4625b,1530,a16da1472ab3ebbd7faf970db614458783a4a5e8,2559,6e814e8261d42fa618e4fc8ac69338fcf52c5b9f,3031,addd6510aa582d1efe4f7f0768e8c6a64a23bf04,
E04137,,島原鉄道株式会社,S100YFI5,2026-03-31,6093,4cf25e5198e9dc75ee05e3e383bee904be74f764,2110,f7c96f2733d1dc8108b3f17430c6757368a6391e,1040,f7c4283ecd582350eb0e0fe44d27c172d712d6cd,1640,24ad943ba8a458a19ac2265c7affb3b186b6d28f,
E03032,8260,株式会社井筒屋,S100Y6HY,2026-02-28,5873,da916d0ae5c4bb8606d99acec39d93356cbd2365,3585,4ed30f0096a45718b715b6ef9987faab75e496e4,2934,988a4c31166dabbc10dbfdf8b59a35dc462ace7b,5561,bbee846e72b09ecb89b130fa86eab7bf42d93784,
E05670,2137,株式会社光ハイツ・ヴェラス,S100YIGV,2026-03-31,5173,0b7da2581db24510f614ed0340f6083c58dacc8d,3081,7ce322410cd75226b794174b77f3556c9debf27d,2657,319cf51591e3f0969b7a176d173016b11338b076,980,a2a401167597abfb1ef2c7a5903f61d074026f6a,
E03299,7571,株式会社ヤマノホールディングス,S100YJEK,2026-03-31,6953,8e06fad2577de1969aadb547122ca361195b90f5,1426,86d46a7853f1cedc446b1fa80ce94f36cf369b1c,3286,547b87e9d6f570d86386e54bf2d711f21bee4aa2,5625,7758c4cd45e3f17d319835ca0f562f3232766f94,
E03044,8254,株式会社さいか屋,S100X51A,2025-08-31,4057,f61cf48eb8e337776ed6b03a7a5372cc695e0937,1689,aae5923b60b92d1593bceb1f50effa45555bbf7d,476,7ad86461994662c8081d221bd5d10860ed96326d,1147,4f4f05cccfc80d14f815944eb47ba680d50e1d7f,
E03093,8166,株式会社タカキュー,S100Y4PA,2026-02-28,7556,9d5d4269e6b1c03d2fa3c08f48feebd0a5700258,3132,f997c1413440250416d480f70a4b6417f32db32f,2065,cd6b9f2f3a2c83c791c2bd6d44f2c9e9756ae269,2112,c3d15d6cffca38ce67365b3213ac99b3392e9067,
E04399,9408,株式会社ＢＳＮメディアホールディングス,S100YHOV,2026-03-31,5656,16bd6e83e8ee9f78fc8f6d2502fbc24e5cbbd6e1,1564,d17e932a8daf2cbc614080d62b68b1ed3f289c55,1661,40e4133ad83f4b3470309f3c41958569935de6e5,2059,12cfa341cac6e39e1141da7c7b938eaaf72746ae,
E03306,7585,株式会社かんなん丸,S100WR5V,2025-06-30,6356,a2dd1f9726cb951edb88a239f5255cde5330bf1b,1706,4c58fa8257ce11aba2cc147bb6e1618e28646cac,1100,d9f2cac5ef039d08a0b16d45fdf1edc6703e8375,1933,6dece618227f88bfdaad9927d55ab5037109a393,
E03213,9969,株式会社ショクブン,S100YJTJ,2026-03-31,4983,2e4139d5ad066318442c27ee9b34025ff672571a,1720,7103ecc93b3e0d15976e5f5cb1411d0d5ba6fb8f,920,d2cc018ec883467a9fbf538d883d9f2902d77304,1373,b7079a39f609bd72b979b4bbb2aae9aa532c865a,
E03240,7445,株式会社ライトオン,S100X6V7,2025-08-31,6415,7b946af31c329bcaa0905fc3f885b99c2a466571,4364,e87397bce31b12a1f2824023a88c8a6517d14074,2540,b5b0f620af4934b4a9ef746c727b974cb42d6472,4139,3a75b4c46e941d5393eebe65fac39e381a1ff615,
E05176,4834,キャリアバンク株式会社,S100WLAZ,2025-05-31,4535,d3b35da397b905b5b698701d13e4e4e9a2192db8,4235,8355f5e667c0805b4a83e18077834a6b38975db7,1448,5cea9175479f79d9048ca11372316c0f62582a77,1495,e2ee402c045bce0605d41a2bdcc81b3ee26052d5,
E03181,9904,株式会社ベリテ,S100YGMS,2026-03-31,4362,5fce0e4322c3ffe5461d845d1ea68780a58b02b6,1121,4eb22cd489fc7e74eb8665396a26c43351b270f6,1142,dca7165e4a5091eb5beff0e06e75e4f5a97d2658,1025,ed7dcfc0e6a47a2488462532f74e6d100d0b2770,
E03362,,オーケー株式会社,S100YF3C,2026-03-20,5092,6200bfd3989a18869f00b3f08a0c3467faea6590,2229,7eb51496caefa302cde77999be204d7d189e786c,1977,dd91d161cfbf2f9f6a49e9b1f0fbdab459d0efaf,1434,dd744dd10fe1be1f97be82c39924a91887ab9ff4,
E39184,150A,株式会社ＪＳＨ,S100YFUO,2026-03-31,11539,f8f8cbcfeb78502c79d495fe1b9870af8c23e5b5,12434,1ebd138f70f327aff2bba4243235137cd48edbbc,8197,d2f24d53d942d84bd9356013ac9578cbce183ee7,5422,c48203a1b321d2075b03be11421f70bf3ef76b10,
E39640,194A,株式会社ＷＯＬＶＥＳ　ＨＡＮＤ,S100WRRL,2025-06-30,7048,4f91ae7ab90a9491d320ca7480c52d50606e4ea9,9767,e736c5ded64a7b5bb17d0442b4cce8305295aaaa,4480,2588143b428280d3d8c60e6875f66851f35e0c7d,1587,d1d8414ce70dd8d9fcc0573adfc1cfe005144941,
E04168,,日ノ丸自動車株式会社,S100YL3M,2026-03-31,4627,d939a43372d23e4b7ed30fed29bee3ca03f270be,1543,ec2a3f1be379b9276a75bbd795568b1f74cce66c,944,0f55c6fe4c514f9fab121cfb3a7af6231cc8f717,1981,3494d04416ae057185ebdc9fb4102691bd382402,
E05073,4754,株式会社トスネット,S100XBF5,2025-09-30,4264,7c5a1512cb411bca72a4c7224e99d86f93e8f75d,963,87fcca770bfa99fe468e38523e7db0d44edeef11,3959,75e1f3e44d6cc10ba4f870286239a461f90fa9cb,2375,3d6a239e9c455a1ffc60b4a5ff961b1a4e210a85,
E04728,,小金井ゴルフ株式会社,S100XUAR,2025-12-31,3161,caf137297720dd0dbb378abad1e5c5ee518be149,483,dfb09ce34a9ad1880bb68ad5c3ed1de9e991f77d,1427,487472658f1b9f88ece314bdfe0f979857ba633f,928,dd7ce182dfe24176a2fae1e4152bf0a6d3336ae1,
