edinet_code,id,filed,doc_numbers,doc_description,doc_analysis,doc_pay_policy
E00004,1376,2026-08-26,S100YYEO,S100YYEO,S100YYEO,S100YYEO
E00006,1377,2026-08-21,S100YXUM,S100YXUM,S100YXUM,S100YXUM
E00007,1375,2026-06-25,S100YK0W,S100YK0W,S100YK0W,S100YK0W
E00008,1379,2026-06-25,S100YKAZ,S100YKAZ,S100YKAZ,S100YKAZ
E00009,1381,2026-09-24,S100Z3O7,S100WPSG,S100WPSG,
E00011,1911,2026-03-25,S100XTVO,S100XTVO,S100XTVO,
E00012,1301,2026-06-22,S100YE8K,S100YE8K,S100YE8K,S100YE8K
E00014,1332,2026-06-23,S100YHOQ,S100YHOQ,S100YHOQ,S100YHOQ
E00015,1333,2026-06-17,S100YCK1,S100YCK1,S100YCK1,S100YCK1
E00021,5711,2026-06-22,S100YFRY,S100YFRY,S100YFRY,S100YFRY
E00023,5713,2026-06-24,S100YJ6N,S100YJ6N,S100YJ6N,S100YJ6N
E00024,5706,2026-06-24,S100YBQV,S100YBQV,S100YBQV,S100YBQV
E00027,1491,2026-06-25,S100YKQY,S100YKQY,S100YKQY,S100YKQY
E00030,3315,2026-06-25,S100YK1Z,S100YK1Z,S100YK1Z,S100YK1Z
E00032,5715,2026-06-24,S100YIDC,S100YIDC,S100YIDC,S100YIDC
E00034,8835,2026-06-26,S100YL7T,S100YL7T,S100YL7T,S100YL7T
E00035,7021,2026-06-25,S100Y8BD,S100Y8BD,S100Y8BD,S100Y8BD
E00036,1515,2026-06-24,S100YI8I,S100YI8I,S100YI8I,S100YI8I
E00041,1662,2026-06-19,S100YERU,S100YERU,S100YERU,S100YERU
E00043,1605,2026-03-26,S100XU9L,S100XU9L,S100XU9L,
E00048,1925,2026-06-17,S100YAZ5,S100YAZ5,S100YAZ5,S100YAZ5
E00052,1801,2026-06-16,S100YBGF,S100YBGF,S100YBGF,S100YBGF
E00053,1803,2026-06-22,S100YDXD,S100YDXD,S100YDXD,S100YDXD
E00055,1802,2026-06-24,S100YITC,S100YITC,S100YITC,S100YITC
E00056,1861,2026-06-25,S100YK9Q,S100YK9Q,S100YK9Q,S100YK9Q
E00058,1812,2026-06-24,S100YGGI,S100YGGI,S100YGGI,S100YGGI
E00059,1887,2026-08-21,S100YXXI,S100YXXI,S100YXXI,S100YXXI
E00060,1820,2026-06-19,S100YEDU,S100YEDU,S100YEDU,S100YEDU
E00064,1810,2026-06-25,S100YHYW,S100YHYW,S100YHYW,S100YHYW
E00065,1815,2026-06-23,S100YGCF,S100YGCF,S100YGCF,S100YGCF
E00066,1882,2026-06-25,S100YFHW,S100YFHW,S100YFHW,S100YFHW
E00069,1811,2026-06-24,S100YJ24,S100YJ24,S100YJ24,S100YJ24
E00073,1941,2026-06-22,S100YD98,S100YD98,S100YD98,S100YD98
E00074,1942,2026-06-22,S100YDOZ,S100YDOZ,S100YDOZ,S100YDOZ
E00075,1944,2026-06-22,S100YFY8,S100YFY8,S100YFY8,S100YFY8
E00076,1946,2026-06-24,S100YIKH,S100YIKH,S100YIKH,S100YIKH
E00079,1892,2026-06-26,S100YKW2,S100YKW2,S100YKW2,S100YKW2
E00080,1885,2026-06-19,S100YCGY,S100YCGY,S100YCGY,S100YCGY
E00081,1888,2026-06-24,S100YHAB,S100YHAB,S100YHAB,S100YHAB
E00083,1833,2026-06-19,S100Y95Z,S100Y95Z,S100Y95Z,S100Y95Z
E00086,1893,2026-06-19,S100YF3Y,S100YF3Y,S100YF3Y,S100YF3Y
E00090,1808,2026-06-25,S100YJVQ,S100YJVQ,S100YJVQ,S100YJVQ
E00092,1945,2026-06-24,S100YJBK,S100YJBK,S100YJBK,S100YJBK
E00093,1814,2026-06-25,S100YK21,S100YK21,S100YK21,S100YK21
E00094,1951,2026-06-24,S100YI51,S100YI51,S100YI51,S100YI51
E00095,1822,2026-06-23,S100YI2K,S100YI2K,S100YI2K,S100YI2K
E00097,1813,2026-06-18,S100YDLY,S100YDLY,S100YDLY,S100YDLY
E00098,1926,2026-06-24,S100YIK2,S100YIK2,S100YIK2,S100YIK2
E00105,1827,2026-06-24,S100YHMT,S100YHMT,S100YHMT,S100YHMT
E00107,1961,2026-06-23,S100YH3A,S100YH3A,S100YH3A,S100YH3A
E00109,1972,2026-06-22,S100YCWL,S100YCWL,S100YCWL,S100YCWL
E00112,1835,2026-06-11,S100YA1U,S100YA1U,S100YA1U,S100YA1U
E00113,1968,2026-06-25,S100YJVV,S100YJVV,S100YJVV,S100YJVV
E00115,1950,2026-06-23,S100YGLL,S100YGLL,S100YGLL,S100YGLL
E00117,1847,2026-06-18,S100YD9X,S100YD9X,S100YD9X,S100YD9X
E00118,1850,2026-06-15,S100Y9NL,S100Y9NL,S100Y9NL,S100Y9NL
E00119,1964,2026-06-15,S100YBFQ,S100YBFQ,S100YBFQ,S100YBFQ
E00120,1852,2026-06-18,S100YD5O,S100YD5O,S100YD5O,S100YD5O
E00121,1826,2026-06-24,S100YILD,S100YILD,S100YILD,S100YILD
E00130,1853,2026-06-25,S100YJ3W,S100YJ3W,S100YJ3W,S100YJ3W
E00133,1897,2026-03-25,S100XT0W,S100XT0W,S100XT0W,
E00135,E00135,2026-06-26,S100YLFQ,S100YLFQ,S100YLFQ,S100YLFQ
E00137,1934,2026-06-24,S100YHQP,S100YHQP,S100YHQP,S100YHQP
E00138,1967,2026-06-15,S100YBIH,S100YBIH,S100YBIH,
E00142,1929,2026-06-23,S100YIDU,S100YIDU,S100YIDU,S100YIDU
E00143,1928,2026-04-16,S100XZ22,S100XZ22,S100XZ22,
E00144,E00144,2026-06-25,S100YHNJ,S100YHNJ,S100YHNJ,S100YHNJ
E00146,1959,2026-06-23,S100YI0L,S100YI0L,S100YI0L,S100YI0L
E00147,1860,2026-06-22,S100YG3E,S100YG3E,S100YG3E,S100YG3E
E00148,1870,2026-06-23,S100YEMP,S100YEMP,S100YEMP,S100YEMP
E00149,1969,2026-06-18,S100YDOU,S100YDOU,S100YDOU,S100YDOU
E00153,1975,2026-06-24,S100YIGB,S100YIGB,S100YIGB,S100YIGB
E00157,8157,2026-06-19,S100YE5P,S100YE5P,S100YE5P,S100YE5P
E00161,1976,2026-06-22,S100YFOI,S100YFOI,S100YFOI,S100YFOI
E00167,1807,2026-06-24,S100YJEE,S100YJEE,S100YJEE,S100YJEE
E00168,1982,2026-06-24,S100YJU0,S100YJU0,S100YJU0,S100YJU0
E00169,E00169,2026-03-26,S100XU22,S100XU22,S100XU22,
E00173,1960,2026-06-22,S100YFBB,S100YFBB,S100YFBB,S100YFBB
E00175,1866,2026-06-26,S100YM22,S100YM22,S100YM22,S100YM22
E00176,1898,2026-06-19,S100YEPV,S100YEPV,S100YEPV,S100YEPV
E00179,1867,2026-06-24,S100YIPR,S100YIPR,S100YIPR,S100YIPR
E00181,1939,2026-06-19,S100YCY4,S100YCY4,S100YCY4,S100YCY4
E00182,1992,2026-06-26,S100Y9QZ,S100Y9QZ,S100Y9QZ,S100Y9QZ
E00183,1979,2026-06-17,S100YCPQ,S100YCPQ,S100YCPQ,S100YCPQ
E00185,1938,2026-06-24,S100YI6M,S100YI6M,S100YI6M,S100YI6M
E00189,1981,2026-06-25,S100YDX8,S100YDX8,S100YDX8,S100YDX8
E00194,1980,2026-06-23,S100YGXY,S100YGXY,S100YGXY,S100YGXY
E00196,1899,2026-03-25,S100XT0V,S100XT0V,S100XT0V,
E00197,1873,2026-07-22,S100YR5P,S100YR5P,S100YR5P,S100YR5P
E00201,1869,2026-06-25,S100YK2R,S100YK2R,S100YK2R,S100YK2R
E00204,1914,2026-06-22,S100YGM2,S100YGM2,S100YGM2,S100YGM2
E00207,1930,2026-06-24,S100YI00,S100YI00,S100YI00,S100YI00
E00208,9743,2026-04-22,S100Y04L,S100Y04L,S100Y04L,
E00209,1966,2026-06-22,S100YGU2,S100YGU2,S100YGU2,S100YGU2
E00218,1878,2026-06-25,S100YFJK,S100YFJK,S100YFJK,S100YFJK
E00221,1879,2026-06-25,S100YHI2,S100YHI2,S100YHI2,S100YHI2
E00222,1994,2026-03-26,S100XUAO,S100XUAO,S100XUAO,
E00225,1965,2026-06-19,S100YF2U,S100YF2U,S100YF2U,S100YF2U
E00227,1952,2026-06-18,S100YDMT,S100YDMT,S100YDMT,S100YDMT
E00232,1905,2026-06-25,S100YJFD,S100YJFD,S100YJFD,S100YJFD
E00233,1904,2026-06-24,S100YIC7,S100YIC7,S100YIC7,S100YIC7
E00238,1848,2026-06-22,S100YG4M,S100YG4M,S100YG4M,S100YG4M
E00242,1828,2026-06-23,S100YHGU,S100YHGU,S100YHGU,S100YHGU
E00246,1997,2025-11-19,S100X59V,S100X59V,S100X59V,
E00250,1799,2026-06-24,S100YILN,S100YILN,S100YILN,S100YILN
E00251,1798,2026-06-18,S100YDA3,S100YDA3,S100YDA3,S100YDA3
E00252,E00252,2026-06-29,S100YLF5,S100YLF5,S100YLF5,S100YLF5
E00253,E00253,2026-06-26,S100YL08,S100YL08,S100YL08,S100YL08
E00254,1795,2025-12-24,S100XCIB,S100XCIB,S100XCIB,
E00255,1793,2026-06-24,S100YI8J,S100YI8J,S100YI8J,S100YI8J
E00259,1788,2026-09-28,S100Z43N,S100Z43N,S100Z43N,S100Z43N
E00260,1787,2026-06-22,S100YF2C,S100YF2C,S100YF2C,S100YF2C
E00265,E00265,2026-06-19,S100YEMK,S100YEMK,S100YEMK,S100YEMK
E00268,1780,2026-06-25,S100YK4B,S100YK4B,S100YK4B,S100YK4B
E00271,1777,2026-06-22,S100YG5D,S100YG5D,S100YG5D,S100YG5D
E00276,1771,2025-12-18,S100XB9B,S100XB9B,S100XB9B,
E00277,1770,2026-06-23,S100YGU7,S100YGU7,S100YGU7,S100YGU7
E00279,1768,2026-06-22,S100YEJU,S100YEJU,S100YEJU,S100YEJU
E00281,1766,2026-07-24,S100YS6C,S100YS6C,S100YS6C,S100YS6C
E00282,1764,2026-09-28,S100Z4DE,S100WRZI,S100WRZI,
E00285,1762,2026-06-18,S100YDDS,S100YDDS,S100YDDS,S100YDDS
E00287,1758,2026-04-22,S100Y01F,S100Y01F,S100Y01F,
E00304,1736,2026-06-25,S100YKWY,S100YKWY,S100YKWY,S100YKWY
E00311,8904,2025-11-26,S100X6R9,S100X6R9,S100X6R9,
E00313,1723,2026-06-25,S100YH9O,S100YH9O,S100YH9O,S100YH9O
E00315,1718,2026-03-25,S100XTPB,S100XTPB,S100XTPB,
E00316,1720,2026-06-19,S100YFDZ,S100YFDZ,S100YFDZ,S100YFDZ
E00317,1719,2026-06-25,S100YHJP,S100YHJP,S100YHJP,S100YHJP
E00320,1716,2026-09-28,S100Z3L6,S100Z3L6,S100Z3L6,S100Z3L6
E00322,1721,2026-06-22,S100YFLP,S100YFLP,S100YFLP,S100YFLP
E00323,1401,2026-08-26,S100YYQB,,,
E00331,2264,2026-06-24,S100YIHY,S100YIHY,S100YIHY,S100YIHY
E00334,2282,2026-06-23,S100YEEQ,S100YEEQ,S100YEEQ,S100YEEQ
E00335,2281,2026-06-24,S100YDH8,S100YDH8,S100YDH8,S100YDH8
E00337,2266,2026-03-25,S100XSYQ,S100XSYQ,S100XSYQ,
E00341,2291,2026-06-23,S100YHU1,S100YHU1,S100YHU1,S100YHU1
E00342,2292,2026-05-21,S100Y5H5,S100Y5H5,S100Y5H5,
E00343,2293,2026-06-23,S100YGEP,S100YGEP,S100YGEP,S100YGEP
E00344,1380,2026-06-25,S100YK4U,S100YK4U,S100YK4U,S100YK4U
E00345,2001,2026-06-23,S100YIC9,S100YIC9,S100YIC9,S100YIC9
E00346,2002,2026-06-22,S100YE6A,S100YE6A,S100YE6A,S100YE6A
E00347,2003,2026-06-25,S100YK99,S100YK99,S100YK99,S100YK99
E00348,2004,2026-06-23,S100YGEO,S100YGEO,S100YGEO,S100YGEO
E00351,2009,2026-03-26,S100XTAP,S100XTAP,S100XTAP,
E00355,2108,2026-06-24,S100YEPB,S100YEPB,S100YEPB,S100YEPB
E00356,2109,2026-06-19,S100YCZI,S100YCZI,S100YCZI,S100YCZI
E00369,2201,2026-06-25,S100YHJS,S100YHJS,S100YHJS,S100YHJS
E00372,2204,2026-06-23,S100YF3Z,S100YF3Z,S100YF3Z,S100YF3Z
E00373,2206,2026-03-19,S100XRXN,S100XRXN,S100XRXN,
E00374,2211,2026-03-23,S100XS9W,S100XS9W,S100XS9W,
E00375,2212,2026-03-24,S100XQ5C,S100XQ5C,S100XQ5C,
E00376,2207,2026-06-24,S100YHY5,S100YHY5,S100YHY5,S100YHY5
E00377,2215,2026-03-27,S100XV32,S100XV32,S100XV32,
E00378,2216,2026-03-26,S100XTWS,S100XTWS,S100XTWS,
E00380,2208,2026-06-19,S100YEFS,S100YEFS,S100YEFS,S100YEFS
E00381,2217,2026-04-23,S100Y0DZ,S100Y0DZ,S100Y0DZ,
E00382,2218,2026-06-23,S100YHEK,S100YHEK,S100YHEK,S100YHEK
E00385,2220,2026-06-19,S100YEEA,S100YEEA,S100YEEA,S100YEEA
E00386,2221,2026-06-24,S100YJ2N,S100YJ2N,S100YJ2N,S100YJ2N
E00388,2224,2026-06-24,S100YICN,S100YICN,S100YICN,S100YICN
E00389,2226,2026-06-18,S100YDGW,S100YDGW,S100YDGW,S100YDGW
E00393,2501,2026-03-25,S100XTM0,S100XTM0,S100XTM0,
E00394,2502,2026-07-27,S100YSGA,S100YSGA,S100YSGA,
E00395,2503,2026-03-27,S100XTVS,S100XTVS,S100XTVS,
E00396,2531,2026-06-25,S100YINV,S100YINV,S100YINV,S100YINV
E00400,2540,2026-06-25,S100YK3W,S100YK3W,S100YK3W,S100YK3W
E00406,2267,2026-06-19,S100YCBJ,S100YCBJ,S100YCBJ,S100YCBJ
E00408,2573,2026-03-26,S100XRTE,S100XRTE,S100XRTE,
E00410,409A,2026-06-18,S100YE88,S100YE88,S100YE88,S100YE88
E00414,2593,2026-07-21,S100YRK7,S100YRK7,S100YRK7,S100YRK7
E00422,2551,2025-12-10,S100X978,S100X978,S100X978,
E00428,2602,2026-06-16,S100YB17,S100YB17,S100YB17,S100YB17
E00431,2607,2026-06-22,S100YEWN,S100YEWN,S100YEWN,S100YEWN
E00433,2612,2026-06-19,S100YEW9,S100YEW9,S100YEW9,S100YEW9
E00434,2613,2026-06-22,S100YFUT,S100YFUT,S100YFUT,S100YFUT
E00435,2801,2026-06-19,S100YE5V,S100YE5V,S100YE5V,S100YE5V
E00436,2802,2026-06-12,S100Y992,S100Y992,S100Y992,S100Y992
E00439,2053,2026-06-22,S100YF88,S100YF88,S100YF88,S100YF88
E00442,2892,2026-06-22,S100YF39,S100YF39,S100YF39,S100YF39
E00443,2286,2026-06-25,S100YJI4,S100YJI4,S100YJI4,S100YJI4
E00444,2811,2026-03-13,S100XQN0,S100XQN0,S100XQN0,
E00446,2871,2026-06-16,S100YCCS,S100YCCS,S100YCCS,S100YCCS
E00447,2872,2026-05-25,S100Y621,S100Y621,S100Y621,
E00448,4229,2026-06-19,S100YD30,S100YD30,S100YD30,S100YD30
E00452,2805,2026-06-22,S100YGTZ,S100YGTZ,S100YGTZ,S100YGTZ
E00453,2894,2026-06-29,S100YMHZ,S100YMHZ,S100YMHZ,S100YMHZ
E00454,2055,2026-06-25,S100YIEA,S100YIEA,S100YIEA,S100YIEA
E00456,8006,2026-06-25,S100YIWQ,S100YIWQ,S100YIWQ,S100YIWQ
E00457,2897,2026-06-22,S100YEWB,S100YEWB,S100YEWB,S100YEWB
E00458,2288,2026-06-19,S100YD4W,S100YD4W,S100YD4W,S100YD4W
E00461,2875,2026-06-19,S100YDW0,S100YDW0,S100YDW0,S100YDW0
E00462,2810,2026-06-22,S100YD7A,S100YD7A,S100YD7A,S100YD7A
E00464,2809,2026-02-24,S100XMJE,S100XMJE,S100XMJE,
E00465,2806,2026-06-23,S100YHEX,S100YHEX,S100YHEX,S100YHEX
E00466,2804,2026-06-23,S100YGZB,S100YGZB,S100YGZB,S100YGZB
E00467,250A,2026-06-17,S100YCRS,S100YCRS,S100YCRS,S100YCRS
E00472,2902,2026-06-24,S100YD3Q,S100YD3Q,S100YD3Q,S100YD3Q
E00473,2903,2026-06-18,S100YE21,S100YE21,S100YE21,S100YE21
E00474,2268,2026-03-16,S100XQHI,S100XQHI,S100XQHI,
E00476,2904,2026-09-24,S100Z3NV,S100WQ1K,S100WQ1K,
E00478,2813,2026-06-23,S100YGOO,S100YGOO,S100YGOO,S100YGOO
E00480,2907,2026-06-23,S100YGFU,S100YGFU,S100YGFU,S100YGFU
E00481,2908,2026-06-24,S100YF97,S100YF97,S100YF97,S100YF97
E00482,2910,2026-07-27,S100YSC6,S100YSC6,S100YSC6,S100YSC6
E00484,2814,2026-06-23,S100YGVL,S100YGVL,S100YGVL,S100YGVL
E00486,2815,2026-06-17,S100YDGM,S100YDGM,S100YDGM,S100YDGM
E00487,2911,2026-06-25,S100YI4Q,S100YI4Q,S100YI4Q,S100YI4Q
E00488,2876,2026-06-16,S100YC0N,S100YC0N,S100YC0N,S100YC0N
E00491,2594,2026-06-25,S100YK1N,S100YK1N,S100YK1N,S100YK1N
E00492,2914,2026-03-23,S100XSSA,S100XSSA,S100XSSA,
E00493,2915,2026-06-25,S100YDV4,S100YDV4,S100YDV4,S100YDV4
E00494,2916,2026-06-25,S100YKFH,S100YKFH,S100YKFH,S100YKFH
E00495,2917,2025-12-22,S100XBNR,S100XBNR,S100XBNR,
E00497,2919,2026-06-23,S100YG8L,S100YG8L,S100YG8L,S100YG8L
E00498,2877,2026-06-24,S100YGFI,S100YGFI,S100YGFI,S100YGFI
E00501,2816,2026-06-23,S100YGNU,S100YGNU,S100YGNU,S100YGNU
E00502,2058,2026-06-24,S100YI3U,S100YI3U,S100YI3U,S100YI3U
E00505,2597,2026-03-24,S100XTDG,S100XTDG,S100XTDG,
E00506,2922,2026-06-25,S100YJ2U,S100YJ2U,S100YJ2U,S100YJ2U
E00508,2831,2026-06-25,S100YJSM,S100YJSM,S100YJSM,S100YJSM
E00510,2923,2026-07-21,S100YR44,S100YR44,S100YR44,S100YR44
E00511,2924,2026-06-26,S100Y9CI,S100Y9CI,S100Y9CI,S100Y9CI
E00513,2818,2026-06-22,S100YFQA,S100YFQA,S100YFQA,S100YFQA
E00514,2819,2026-06-25,S100YJNX,S100YJNX,S100YJNX,S100YJNX
E00518,2928,2026-06-25,S100YF9Y,S100YF9Y,S100YF9Y,S100YF9Y
E00520,3002,2026-06-24,S100YGEM,S100YGEM,S100YGEM,S100YGEM
E00521,3010,2026-06-24,S100YITQ,S100YITQ,S100YITQ,S100YITQ
E00523,3003,2026-03-17,S100XR5L,S100XR5L,S100XR5L,
E00524,3001,2026-03-26,S100XTK8,S100XTK8,S100XTK8,
E00525,3101,2026-06-23,S100YGRC,S100YGRC,S100YGRC,S100YGRC
E00527,3103,2026-06-25,S100YJHA,S100YJHA,S100YJHA,S100YJHA
E00528,3106,2026-06-25,S100YIYE,S100YIYE,S100YIYE,S100YIYE
E00530,3109,2026-06-24,S100YGL9,S100YGL9,S100YGL9,S100YGL9
E00540,3116,2026-06-09,S100Y9AH,S100Y9AH,S100Y9AH,S100Y9AH
E00542,3110,2026-06-18,S100YDBM,S100YDBM,S100YDBM,S100YDBM
E00543,3104,2026-06-24,S100YIS2,S100YIS2,S100YIS2,S100YIS2
E00544,3105,2026-03-26,S100XT05,S100XT05,S100XT05,
E00552,3201,2026-02-20,S100XLV8,S100XLV8,S100XLV8,
E00559,3302,2026-03-17,S100XQYR,S100XQYR,S100XQYR,
E00562,3569,2026-06-24,S100YH1G,S100YH1G,S100YH1G,S100YH1G
E00563,3577,2026-06-25,S100YJEV,S100YJEV,S100YJEV,S100YJEV
E00567,3529,2026-06-26,S100YKV3,S100YKV3,S100YKV3,S100YKV3
E00569,3571,2026-06-23,S100YGQR,S100YGQR,S100YGQR,S100YGQR
E00570,8091,2026-06-25,S100YIWE,S100YIWE,S100YIWE,S100YIWE
E00572,3513,2026-06-18,S100YE5G,S100YE5G,S100YE5G,S100YE5G
E00573,3512,2026-06-24,S100YIXB,S100YIXB,S100YIXB,S100YIXB
E00574,3501,2026-08-27,S100YYVN,S100YYVN,S100YYVN,S100YYVN
E00578,3524,2026-07-23,S100YQZ2,S100YQZ2,S100YQZ2,S100YQZ2
E00584,3583,2026-06-25,S100YK22,S100YK22,S100YK22,S100YK22
E00590,3591,2026-06-26,S100YKJC,S100YKJC,S100YKJC,S100YKJC
E00591,3580,2026-06-23,S100YHIR,S100YHIR,S100YHIR,S100YHIR
E00593,8011,2026-05-28,S100Y77K,S100Y77K,S100Y77K,
E00598,E00598,2026-06-23,S100YGOS,S100YGOS,S100YGOS,S100YGOS
E00600,8127,2025-11-20,S100X5IF,S100X5IF,S100X5IF,
E00603,8111,2026-06-23,S100YGJI,S100YGJI,S100YGJI,S100YGJI
E00607,3597,2026-09-25,S100Z3WJ,S100WRSF,S100WRSF,
E00630,7898,2026-06-24,S100YI45,S100YI45,S100YI45,S100YI45
E00631,7822,2026-06-25,S100YJDA,S100YJDA,S100YJDA,S100YJDA
E00632,7897,2026-06-23,S100YGLJ,S100YGLJ,S100YGLJ,S100YGLJ
E00633,7896,2026-06-19,S100YEA0,S100YEA0,S100YEA0,S100YEA0
E00635,7887,2026-06-25,S100YIWV,S100YIWV,S100YIWV,S100YIWV
E00636,7879,2026-02-25,S100XMYW,S100XMYW,S100XMYW,
E00639,7827,2026-01-28,S100XHFP,S100XHFP,S100XHFP,
E00640,7820,2026-06-26,S100YLHV,S100YLHV,S100YLHV,S100YLHV
E00642,3861,2026-06-25,S100YJ8J,S100YJ8J,S100YJ8J,S100YJ8J
E00644,3864,2026-06-25,S100YJLB,S100YJLB,S100YJLB,S100YJLB
E00645,3865,2026-06-25,S100YITB,S100YITB,S100YITB,S100YITB
E00649,3877,2026-06-25,S100YJ03,S100YJ03,S100YJ03,S100YJ03
E00650,3878,2026-06-18,S100YDU9,S100YDU9,S100YDU9,S100YDU9
E00652,7919,2026-06-19,S100YEXP,S100YEXP,S100YEXP,S100YEXP
E00659,3941,2026-06-25,S100YI9N,S100YI9N,S100YI9N,S100YI9N
E00660,3880,2026-06-25,S100YJ8D,S100YJ8D,S100YJ8D,S100YJ8D
E00664,3944,2026-03-19,S100XRPZ,S100XRPZ,S100XRPZ,
E00667,7975,2026-05-20,S100Y4MZ,S100Y4MZ,S100Y4MZ,
E00668,3947,2026-03-26,S100XT1X,S100XT1X,S100XT1X,
E00669,3946,2026-06-22,S100YFA2,S100YFA2,S100YFA2,S100YFA2
E00670,7984,2026-03-26,S100XUE1,S100XUE1,S100XUE1,
E00674,3950,2026-03-25,S100XU2H,S100XU2H,S100XU2H,
E00675,3945,2026-06-25,S100YJ4G,S100YJ4G,S100YJ4G,S100YJ4G
E00677,3943,2026-06-19,S100YE9U,S100YE9U,S100YE9U,S100YE9U
E00678,8113,2026-03-23,S100XSEU,S100XSEU,S100XSEU,
E00679,7987,2026-06-25,S100YKAO,S100YKAO,S100YKAO,S100YKAO
E00682,3953,2026-06-26,S100YK44,S100YK44,S100YK44,S100YK44
E00685,3891,2026-06-17,S100YD7L,S100YD7L,S100YD7L,S100YD7L
E00686,3954,2026-06-25,S100YK0Y,S100YK0Y,S100YK0Y,S100YK0Y
E00687,3892,2026-08-25,S100YYF7,S100YYF7,S100YYF7,S100YYF7
E00688,3955,2026-04-27,S100Y0K4,S100Y0K4,S100Y0K4,
E00690,3895,2026-06-22,S100YE3K,S100YE3K,S100YE3K,S100YE3K
E00691,3708,2026-06-24,S100YHWR,S100YHWR,S100YHWR,S100YHWR
E00692,7911,2026-06-24,S100YIAY,S100YIAY,S100YIAY,S100YIAY
E00693,7912,2026-06-23,S100YF74,S100YF74,S100YF74,S100YF74
E00695,7914,2026-06-19,S100YF86,S100YF86,S100YF86,S100YF86
E00696,7916,2026-06-25,S100YL1G,S100YL1G,S100YL1G,S100YL1G
E00697,E00697,2026-06-26,S100YKLX,S100YKLX,S100YKLX,S100YKLX
E00698,E00698,2026-02-26,S100XNDR,S100XNDR,S100XNDR,
E00701,E00701,2026-06-25,S100YB7T,S100YB7T,S100YB7T,S100YB7T
E00703,7915,2026-03-23,S100XS06,S100XS06,S100XS06,
E00708,3948,2026-03-25,S100XSVY,S100XSVY,S100XSVY,
E00709,9471,2026-06-22,S100YCYT,S100YCYT,S100YCYT,S100YCYT
E00711,7946,2026-06-26,S100YLWX,S100YLWX,S100YLWX,S100YLWX
E00714,3951,2026-06-19,S100YEXW,S100YEXW,S100YEXW,S100YEXW
E00715,7901,2026-07-22,S100YRR3,S100YRR3,S100YRR3,S100YRR3
E00716,7893,2026-06-19,S100YEYJ,S100YEYJ,S100YEYJ,S100YEYJ
E00717,9474,2026-06-18,S100YD65,S100YD65,S100YD65,S100YD65
E00719,7883,2026-06-23,S100YFTU,S100YFTU,S100YFTU,S100YFTU
E00722,7870,2025-11-14,S100X17L,S100X17L,S100X17L,
E00730,7857,2026-06-12,S100YA1Y,S100YA1Y,S100YA1Y,S100YA1Y
E00734,7863,2026-06-29,S100YLE6,S100YLE6,S100YLE6,S100YLE6
E00735,7850,2025-10-29,S100WXH6,S100WXH6,S100WXH6,
E00736,7849,2026-03-23,S100XSPB,S100XSPB,S100XSPB,
E00738,E00738,2026-03-27,S100XTS5,S100XTS5,S100XTS5,
E00744,2376,2026-06-25,S100YICX,S100YICX,S100YICX,S100YICX
E00751,4004,2026-03-25,S100XTT8,S100XTT8,S100XTT8,
E00752,4005,2026-06-22,S100YAUO,S100YAUO,S100YAUO,S100YAUO
E00755,4008,2026-06-26,S100YKNS,S100YKNS,S100YKNS,S100YKNS
E00759,4021,2026-06-24,S100YIML,S100YIML,S100YIML,S100YIML
E00760,4022,2026-06-22,S100YD99,S100YD99,S100YD99,S100YD99
E00761,4023,2026-06-22,S100YFHO,S100YFHO,S100YFHO,S100YFHO
E00762,4025,2026-03-25,S100XS6V,S100XS6V,S100XS6V,
E00763,4026,2026-07-14,S100YQCW,S100YQCW,S100YQCW,S100YQCW
E00764,4027,2026-06-23,S100YHFP,S100YHFP,S100YHFP,S100YHFP
E00765,4028,2026-06-24,S100YIFO,S100YIFO,S100YIFO,S100YIFO
E00766,4041,2026-06-25,S100YJKO,S100YJKO,S100YJKO,S100YJKO
E00767,4042,2026-06-24,S100YE5Q,S100YE5Q,S100YE5Q,S100YE5Q
E00768,4043,2026-06-19,S100YDQ3,S100YDQ3,S100YDQ3,S100YDQ3
E00769,4044,2026-06-22,S100YGND,S100YGND,S100YGND,S100YGND
E00770,4045,2026-03-25,S100XTI8,S100XTI8,S100XTI8,
E00771,4046,2026-06-25,S100YKCT,S100YKCT,S100YKCT,S100YKCT
E00772,4047,2026-06-25,S100YJCK,S100YJCK,S100YJCK,S100YJCK
E00773,E00773,2026-03-25,S100XS73,S100XS73,S100XS73,
E00774,4061,2026-06-17,S100YCU0,S100YCU0,S100YCU0,S100YCU0
E00775,4062,2026-06-18,S100YC4B,S100YC4B,S100YC4B,S100YC4B
E00776,4063,2026-06-19,S100YE9I,S100YE9I,S100YE9I,S100YE9I
E00777,4064,2026-06-25,S100YJLD,S100YJLD,S100YJLD,S100YJLD
E00780,4078,2026-06-24,S100YICQ,S100YICQ,S100YICQ,S100YICQ
E00781,4097,2026-06-23,S100YHRU,S100YHRU,S100YHRU,S100YHRU
E00783,4091,2026-06-15,S100YB9P,S100YB9P,S100YB9P,S100YB9P
E00784,4092,2026-06-25,S100YJUC,S100YJUC,S100YJUC,S100YJUC
E00786,4094,2026-06-23,S100YH9F,S100YH9F,S100YH9F,S100YH9F
E00787,4093,2026-06-25,S100YL3N,S100YL3N,S100YL3N,S100YL3N
E00789,4031,2026-06-22,S100YFRR,S100YFRR,S100YFRR,S100YFRR
E00791,4102,2026-06-24,S100YFE2,S100YFE2,S100YFE2,S100YFE2
E00792,4088,2026-07-31,S100YTII,S100YTII,S100YTII,S100YTII
E00794,6137,2026-06-25,S100YKGK,S100YKGK,S100YKGK,S100YKGK
E00796,4098,2026-06-24,S100YGE8,S100YGE8,S100YGE8,S100YGE8
E00804,4462,2026-06-24,S100YHRO,S100YHRO,S100YHRO,S100YHRO
E00805,4109,2026-06-18,S100YDCE,S100YDCE,S100YDCE,S100YDCE
E00806,4082,2026-06-15,S100Y9OW,S100Y9OW,S100Y9OW,S100Y9OW
E00809,4112,2026-06-22,S100YGIX,S100YGIX,S100YGIX,S100YGIX
E00810,4113,2026-06-22,S100YCNV,S100YCNV,S100YCNV,S100YCNV
E00811,4114,2026-06-17,S100YBP7,S100YBP7,S100YBP7,S100YBP7
E00815,4182,2026-06-22,S100YEUU,S100YEUU,S100YEUU,S100YEUU
E00816,4151,2026-03-10,S100XPTY,S100XPTY,S100XPTY,
E00818,4202,2026-06-17,S100YBO0,S100YBO0,S100YBO0,S100YBO0
E00819,4203,2026-06-22,S100YE8L,S100YE8L,S100YE8L,S100YE8L
E00820,4204,2026-06-12,S100YBAY,S100YBAY,S100YBAY,S100YBAY
E00821,4205,2026-06-25,S100YJ12,S100YJ12,S100YJ12,S100YJ12
E00824,4206,2026-06-19,S100YE8Y,S100YE8Y,S100YE8Y,S100YE8Y
E00828,4996,2026-01-27,S100XH23,S100XH23,S100XH23,
E00829,7871,2026-06-17,S100YCP7,S100YCP7,S100YCP7,S100YCP7
E00830,4216,2026-06-17,S100YDDN,S100YDDN,S100YDDN,S100YDDN
E00831,E00831,2026-06-23,S100YG5O,S100YG5O,S100YG5O,S100YG5O
E00832,4620,2026-06-24,S100YJ15,S100YJ15,S100YJ15,S100YJ15
E00834,4221,2026-03-23,S100XSNI,S100XSNI,S100XSNI,
E00836,4272,2026-06-19,S100YD4R,S100YD4R,S100YD4R,S100YD4R
E00837,4367,2026-06-25,S100YKG9,S100YKG9,S100YKG9,S100YKG9
E00838,4220,2026-06-10,S100Y9PN,S100Y9PN,S100Y9PN,S100Y9PN
E00839,4222,2026-06-26,S100YLN8,S100YLN8,S100YLN8,S100YLN8
E00840,4183,2026-06-22,S100YGUI,S100YGUI,S100YGUI,S100YGUI
E00842,4100,2026-06-24,S100YIHV,S100YIHV,S100YIHV,S100YIHV
E00845,4228,2026-06-23,S100YI2M,S100YI2M,S100YI2M,S100YI2M
E00846,5816,2026-03-30,S100XV82,S100XV82,S100XV82,
E00848,4531,2026-06-23,S100YHPD,S100YHPD,S100YHPD,S100YHPD
E00852,4362,2026-06-17,S100YCCG,S100YCCG,S100YCCG,S100YCCG
E00854,4186,2026-03-24,S100XT0N,S100XT0N,S100XT0N,
E00855,4187,2026-02-24,S100XLS3,S100XLS3,S100XLS3,
E00858,7942,2026-06-19,S100YEL0,S100YEL0,S100YEL0,S100YEL0
E00863,7894,2026-05-21,S100Y5LD,S100Y5LD,S100Y5LD,
E00866,7888,2026-08-28,S100YZ2B,S100WLZJ,S100WLZJ,
E00867,7886,2026-06-30,S100YMK7,S100YMK7,S100YMK7,S100YMK7
E00868,4960,2026-06-25,S100YIYR,S100YIYR,S100YIYR,S100YIYR
E00871,4242,2026-06-22,S100YGHA,S100YGHA,S100YGHA,S100YGHA
E00872,3401,2026-06-18,S100YCMK,S100YCMK,S100YCMK,S100YCMK
E00873,3402,2026-06-22,S100YFG9,S100YFG9,S100YFG9,S100YFG9
E00876,3405,2026-03-25,S100XSSZ,S100XSSZ,S100XSSZ,
E00877,3407,2026-06-24,S100YGRD,S100YGRD,S100YGRD,S100YGRD
E00878,4401,2026-06-15,S100YBCU,S100YBCU,S100YBCU,S100YBCU
E00879,4118,2026-06-24,S100YIFD,S100YIFD,S100YIFD,S100YIFD
E00880,4403,2026-06-25,S100YI3F,S100YI3F,S100YI3F,S100YI3F
E00881,4404,2026-03-24,S100XSY8,S100XSY8,S100XSY8,
E00882,4406,2026-06-23,S100YGXD,S100YGXD,S100YGXD,S100YGXD
E00883,4452,2026-03-25,S100XT6G,S100XT6G,S100XT6G,
E00884,4471,2026-06-16,S100YC0P,S100YC0P,S100YC0P,S100YC0P
E00885,4461,2026-06-19,S100YCSC,S100YCSC,S100YCSC,S100YCSC
E00886,4409,2026-06-24,S100YGU8,S100YGU8,S100YGU8,S100YGU8
E00887,4463,2026-03-25,S100XTLN,S100XTLN,S100XTLN,
E00888,4365,2026-06-22,S100YG2G,S100YG2G,S100YG2G,S100YG2G
E00890,4465,2026-08-26,S100YYMP,S100YYMP,S100YYMP,S100YYMP
E00891,4611,2026-06-23,S100YHL6,S100YHL6,S100YHL6,S100YHL6
E00893,4613,2026-06-23,S100YHKQ,S100YHKQ,S100YHKQ,S100YHKQ
E00895,4615,2026-06-19,S100YD50,S100YD50,S100YD50,S100YD50
E00896,4616,2026-02-20,S100XMOI,S100XMOI,S100XMOI,
E00897,4617,2026-06-23,S100YGSJ,S100YGSJ,S100YGSJ,S100YGSJ
E00898,4095,2026-06-25,S100YJGK,S100YJGK,S100YJGK,S100YJGK
E00900,4619,2026-06-18,S100YDP5,S100YDP5,S100YDP5,S100YDP5
E00901,4631,2026-03-23,S100XS2N,S100XS2N,S100XS2N,
E00902,4116,2026-06-25,S100YGML,S100YGML,S100YGML,S100YGML
E00903,4634,2026-03-19,S100XRLA,S100XRLA,S100XRLA,
E00904,4635,2026-06-23,S100YDYR,S100YDYR,S100YDYR,S100YDYR
E00905,4633,2026-03-23,S100XSP9,S100XSP9,S100XSP9,
E00906,4120,2026-06-16,S100YBHZ,S100YBHZ,S100YBHZ,S100YBHZ
E00909,4623,2026-06-26,S100YLY9,S100YLY9,S100YLY9,S100YLY9
E00910,4624,2026-06-24,S100YJCY,S100YJCY,S100YJCY,S100YJCY
E00911,4625,2026-06-24,S100YIIT,S100YIIT,S100YIIT,S100YIIT
E00912,7953,2026-06-26,S100YKW4,S100YKW4,S100YKW4,S100YKW4
E00913,4626,2026-06-16,S100YBLG,S100YBLG,S100YBLG,S100YBLG
E00915,4627,2026-01-26,S100XH69,S100XH69,S100XH69,
E00916,4628,2026-06-25,S100YJ5K,S100YJ5K,S100YJ5K,S100YJ5K
E00917,4629,2026-06-25,S100YJ59,S100YJ59,S100YJ59,S100YJ59
E00919,4502,2026-06-17,S100YB5L,S100YB5L,S100YB5L,S100YB5L
E00920,4503,2026-06-16,S100YBPK,S100YBPK,S100YBPK,S100YBPK
E00922,4506,2026-06-23,S100YH3M,S100YH3M,S100YH3M,S100YH3M
E00923,4507,2026-06-19,S100YF57,S100YF57,S100YF57,S100YF57
E00928,4512,2026-06-18,S100YDBU,S100YDBU,S100YDBU,S100YDBU
E00931,4516,2026-06-23,S100YGRG,S100YGRG,S100YGRG,S100YGRG
E00932,4519,2026-03-25,S100XTBJ,S100XTBJ,S100XTBJ,
E00935,4521,2026-06-25,S100YK2Q,S100YK2Q,S100YK2Q,S100YK2Q
E00937,4997,2026-06-12,S100YATP,S100YATP,S100YATP,S100YATP
E00939,4523,2026-06-12,S100YB05,S100YB05,S100YB05,S100YB05
E00941,4524,2026-06-22,S100YE3I,S100YE3I,S100YE3I,S100YE3I
E00942,4527,2026-06-19,S100YE5N,S100YE5N,S100YE5N,S100YE5N
E00945,4528,2026-06-15,S100YA20,S100YA20,S100YA20,S100YA20
E00947,4534,2026-06-24,S100YI28,S100YI28,S100YI28,S100YI28
E00948,4559,2026-06-25,S100YKC2,S100YKC2,S100YKC2,S100YKC2
E00949,4536,2026-06-18,S100YDH1,S100YDH1,S100YDH1,S100YDH1
E00952,4526,2026-06-19,S100YFDJ,S100YFDJ,S100YFDJ,S100YFDJ
E00953,4538,2026-06-23,S100YHSC,S100YHSC,S100YHSC,S100YHSC
E00957,4539,2026-06-15,S100YBOB,S100YBOB,S100YBOB,S100YBOB
E00959,E00959,2026-06-25,S100YJNG,S100YJNG,S100YJNG,S100YJNG
E00961,4549,2026-06-18,S100YD7R,S100YD7R,S100YD7R,S100YD7R
E00962,4547,2026-06-22,S100YFN3,S100YFN3,S100YFN3,S100YFN3
E00965,E00965,2026-06-29,S100YKML,S100YKML,S100YKML,S100YKML
E00967,4544,2026-06-15,S100YB46,S100YB46,S100YB46,S100YB46
E00970,4548,2026-06-18,S100YDGT,S100YDGT,S100YDGT,S100YDGT
E00973,4552,2026-06-23,S100YF19,S100YF19,S100YF19,S100YF19
E00974,4553,2026-06-22,S100YFVM,S100YFVM,S100YFVM,S100YFVM
E00975,4554,2025-12-18,S100XAU2,S100XAU2,S100XAU2,
E00984,4568,2026-06-19,S100YEY0,S100YEY0,S100YEY0,S100YEY0
E00985,4569,2026-06-18,S100YDHG,S100YDHG,S100YDHG,S100YDHG
E00988,4901,2026-06-24,S100YIBH,S100YIBH,S100YIBH,S100YIBH
E00989,4902,2026-06-12,S100YB93,S100YB93,S100YB93,S100YB93
E00990,4911,2026-03-23,S100XSCU,S100XSCU,S100XSCU,
E00991,4912,2026-03-26,S100XU1E,S100XU1E,S100XU1E,
E00993,4914,2026-06-23,S100YGT4,S100YGT4,S100YGT4,S100YGT4
E00994,3553,2026-06-18,S100YDOG,S100YDOG,S100YDOG,S100YDOG
E00995,7971,2026-06-12,S100YB1Q,S100YB1Q,S100YB1Q,S100YB1Q
E00996,3551,2026-06-23,S100YFSH,S100YFSH,S100YFSH,S100YFSH
E01000,4218,2026-06-23,S100YGTG,S100YGTG,S100YGTG,S100YGTG
E01001,4992,2026-02-20,S100XMF0,S100XMF0,S100XMF0,
E01002,4208,2026-06-18,S100YD42,S100YD42,S100YD42,S100YD42
E01005,5010,2026-03-25,S100XTUB,S100XTUB,S100XTUB,
E01006,4361,2026-02-20,S100XLSD,S100XLSD,S100XLSD,
E01007,4998,2026-06-25,S100YGPK,S100YGPK,S100YGPK,S100YGPK
E01008,4212,2026-06-24,S100YIY2,S100YIY2,S100YIY2,S100YIY2
E01009,4995,2026-02-26,S100XNCR,S100XNCR,S100XNCR,
E01014,4366,2026-06-24,S100YGAU,S100YGAU,S100YGAU,S100YGAU
E01015,4985,2026-03-24,S100XSLS,S100XSLS,S100XSLS,
E01018,4540,2026-06-23,S100YFC1,S100YFC1,S100YFC1,S100YFC1
E01019,4951,2026-06-17,S100YD9M,S100YD9M,S100YD9M,S100YD9M
E01020,4410,2026-06-25,S100YEIE,S100YEIE,S100YEIE,S100YEIE
E01024,4231,2026-06-25,S100YK4M,S100YK4M,S100YK4M,S100YK4M
E01028,4107,2026-03-27,S100XT8H,S100XT8H,S100XT8H,
E01031,7928,2025-11-26,S100X6CC,S100X6CC,S100X6CC,
E01032,7927,2026-06-23,S100YGVG,S100YGVG,S100YGVG,S100YGVG
E01034,4958,2025-12-16,S100XAHE,S100XAHE,S100XAHE,
E01035,4918,2026-06-23,S100YHO9,S100YHO9,S100YHO9,S100YHO9
E01039,4919,2026-03-27,S100XTTF,S100XTTF,S100XTTF,
E01040,4920,2026-05-29,S100Y7HD,S100Y7HD,S100Y7HD,
E01045,4966,2026-06-24,S100YIOW,S100YIOW,S100YIOW,S100YIOW
E01047,4967,2026-03-25,S100XSXS,S100XSXS,S100XSXS,
E01048,4968,2026-06-23,S100YF3H,S100YF3H,S100YF3H,S100YF3H
E01049,4922,2026-03-24,S100XSUW,S100XSUW,S100XSUW,
E01051,4970,2026-06-23,S100YGHH,S100YGHH,S100YGHH,S100YGHH
E01052,4234,2026-06-25,S100YK61,S100YK61,S100YK61,S100YK61
E01053,7856,2026-01-28,S100XHSU,S100XHSU,S100XHSU,
E01054,4971,2026-03-23,S100XRJV,S100XRJV,S100XRJV,
E01055,4972,2026-06-22,S100YFCG,S100YFCG,S100YFCG,S100YFCG
E01056,4368,2026-06-19,S100YEIS,S100YEIS,S100YEIS,S100YEIS
E01057,4464,2026-06-25,S100YKEL,S100YKEL,S100YKEL,S100YKEL
E01059,4923,2026-08-31,S100YYQN,S100YYQN,S100YYQN,S100YYQN
E01063,4925,2026-06-19,S100YA2L,S100YA2L,S100YA2L,S100YA2L
E01064,2927,2025-11-26,S100X6W8,S100X6W8,S100X6W8,
E01065,4975,2026-06-24,S100YIEL,S100YIEL,S100YIEL,S100YIEL
E01068,4976,2026-09-24,S100Z3JC,S100Z3JC,S100Z3JC,S100Z3JC
E01077,5011,2026-06-19,S100YE06,S100YE06,S100YE06,S100YE06
E01078,E01078,2026-06-26,S100YL16,S100YL16,S100YL16,S100YL16
E01080,5013,2026-06-22,S100YEVT,S100YEVT,S100YEVT,S100YEVT
E01081,5016,2026-06-24,S100YINW,S100YINW,S100YINW,S100YINW
E01083,5018,2026-05-26,S100Y64F,S100Y64F,S100Y64F,
E01084,5019,2026-06-17,S100YCS3,S100YCS3,S100YCS3,S100YCS3
E01085,5101,2026-03-25,S100XSMJ,S100XSMJ,S100XSMJ,
E01086,5108,2026-03-18,S100XRPR,S100XRPR,S100XRPR,
E01090,5105,2026-03-26,S100XTYE,S100XTYE,S100XTYE,
E01092,5195,2026-06-22,S100YEMC,S100YEMC,S100YEMC,S100YEMC
E01094,5121,2026-06-24,S100YJDM,S100YJDM,S100YJDM,S100YJDM
E01095,5194,2026-06-26,S100YL8G,S100YL8G,S100YL8G,S100YL8G
E01096,5142,2026-06-25,S100YJF9,S100YJF9,S100YJF9,S100YJF9
E01097,E01097,2026-06-26,S100YKGC,S100YKGC,S100YKGC,S100YKGC
E01098,5192,2026-06-25,S100YJBU,S100YJBU,S100YJBU,S100YJBU
E01099,E01099,2026-06-26,S100YFFY,S100YFFY,S100YFFY,S100YFFY
E01100,5122,2026-06-24,S100YHXH,S100YHXH,S100YHXH,S100YHXH
E01103,4224,2026-06-23,S100YGGD,S100YGGD,S100YGGD,S100YGGD
E01107,5189,2026-06-24,S100YIQ8,S100YIQ8,S100YIQ8,S100YIQ8
E01108,7282,2026-06-17,S100YC23,S100YC23,S100YC23,S100YC23
E01109,5199,2026-06-23,S100YGMK,S100YGMK,S100YGMK,S100YGMK
E01110,5110,2026-03-24,S100XT7A,S100XT7A,S100XT7A,
E01111,5186,2026-06-23,S100YGN5,S100YGN5,S100YGN5,S100YGN5
E01112,5161,2026-06-24,S100YIPC,S100YIPC,S100YIPC,S100YIPC
E01113,5185,2026-06-22,S100YG75,S100YG75,S100YG75,S100YG75
E01114,5184,2026-03-18,S100XRDM,S100XRDM,S100XRDM,
E01115,5162,2026-06-25,S100YKQB,S100YKQB,S100YKQB,S100YKQB
E01118,7938,2026-06-22,S100YFIT,S100YFIT,S100YFIT,S100YFIT
E01120,7932,2026-06-25,S100YIZ2,S100YIZ2,S100YIZ2,S100YIZ2
E01121,5202,2026-06-25,S100YL06,S100YL06,S100YL06,S100YL06
E01122,5201,2026-03-24,S100XSTU,S100XSTU,S100XSTU,
E01123,5204,2026-06-17,S100YBU1,S100YBU1,S100YBU1,
E01124,7741,2026-06-05,S100Y90T,S100Y90T,S100Y90T,S100Y90T
E01126,5210,2026-06-24,S100YHIJ,S100YHIJ,S100YHIJ,S100YHIJ
E01127,5232,2026-06-24,S100YH1Y,S100YH1Y,S100YH1Y,S100YH1Y
E01130,5233,2026-06-25,S100YJYE,S100YJYE,S100YJYE,S100YJYE
E01131,5355,2026-06-24,S100YINX,S100YINX,S100YINX,S100YINX
E01135,5343,2026-06-22,S100YDSD,S100YDSD,S100YDSD,S100YDSD
E01136,5334,2026-06-25,S100YJTF,S100YJTF,S100YJTF,S100YJTF
E01137,5333,2026-06-22,S100YF7M,S100YF7M,S100YF7M,S100YF7M
E01138,5332,2026-06-16,S100YC72,S100YC72,S100YC72,S100YC72
E01139,5331,2026-06-22,S100Y4PM,S100Y4PM,S100Y4PM,S100Y4PM
E01140,5302,2026-03-25,S100XT3M,S100XT3M,S100XT3M,
E01142,5269,2026-06-24,S100YI1J,S100YI1J,S100YI1J,S100YI1J
E01143,5268,2026-06-24,S100YIYA,S100YIYA,S100YIYA,S100YIYA
E01146,5351,2026-06-22,S100YFV6,S100YFV6,S100YFV6,S100YFV6
E01147,5357,2026-06-24,S100YHT7,S100YHT7,S100YHT7,S100YHT7
E01149,5363,2026-06-25,S100YI3M,S100YI3M,S100YI3M,S100YI3M
E01151,5393,2026-06-24,S100YG7B,S100YG7B,S100YG7B,S100YG7B
E01152,5208,2026-06-17,S100YCDM,S100YCDM,S100YCDM,S100YCDM
E01157,5262,2026-06-25,S100YL8F,S100YL8F,S100YL8F,S100YL8F
E01161,1871,2026-06-19,S100YEO8,S100YEO8,S100YEO8,S100YEO8
E01162,5301,2026-03-26,S100XU85,S100XU85,S100XU85,
E01163,5391,2026-06-25,S100YK9E,S100YK9E,S100YK9E,S100YK9E
E01164,7995,2026-06-16,S100YC38,S100YC38,S100YC38,S100YC38
E01165,5271,2026-05-26,S100Y4LV,S100Y4LV,S100Y4LV,
E01166,5237,2026-06-25,S100YK4Z,S100YK4Z,S100YK4Z,S100YK4Z
E01169,5273,2026-06-25,S100YJGQ,S100YJGQ,S100YJGQ,S100YJGQ
E01170,5218,2026-01-29,S100XHTP,S100XHTP,S100XHTP,
E01172,4990,2026-06-24,S100YJME,S100YJME,S100YJME,S100YJME
E01173,5304,2026-06-19,S100YDCX,S100YDCX,S100YDCX,S100YDCX
E01177,5342,2026-06-24,S100YJHR,S100YJHR,S100YJHR,S100YJHR
E01180,5356,2026-06-26,S100YG4G,S100YG4G,S100YG4G,S100YG4G
E01182,6971,2026-06-19,S100YF47,S100YF47,S100YF47,S100YF47
E01183,7979,2026-06-23,S100YGMA,S100YGMA,S100YGMA,S100YGMA
E01188,5367,2026-06-15,S100Y9NY,S100Y9NY,S100Y9NY,S100Y9NY
E01190,5214,2026-03-26,S100XU17,S100XU17,S100XU17,
E01195,5388,2026-06-26,S100YLG9,S100YLG9,S100YLG9,S100YLG9
E01200,5279,2026-06-22,S100YFPM,S100YFPM,S100YFPM,S100YFPM
E01204,5386,2026-06-19,S100YD8C,S100YD8C,S100YD8C,S100YD8C
E01206,5282,2026-06-23,S100YG98,S100YG98,S100YG98,S100YG98
E01207,5384,2026-06-19,S100YE62,S100YE62,S100YE62,S100YE62
E01208,5283,2026-09-28,S100Z488,S100WQGP,S100WQGP,
E01209,E01209,2026-06-29,S100YMMY,S100YMMY,S100YMMY,S100YMMY
E01210,5344,2026-06-12,S100YB11,S100YB11,S100YB11,S100YB11
E01211,5284,2026-06-22,S100YG9T,S100YG9T,S100YG9T,S100YG9T
E01212,5285,2026-06-24,S100YFLV,S100YFLV,S100YFLV,S100YFLV
E01215,E01215,2026-09-30,S100Z57K,S100WQYW,S100WQYW,
E01216,5287,2026-06-26,S100YJYN,S100YJYN,S100YJYN,S100YJYN
E01218,5381,2026-06-19,S100YFK2,S100YFK2,S100YFK2,S100YFK2
E01221,7746,2026-06-26,S100YL4M,S100YL4M,S100YL4M,S100YL4M
E01223,5310,2026-03-25,S100XTP9,S100XTP9,S100XTP9,
E01225,5401,2026-06-23,S100YF8E,S100YF8E,S100YF8E,S100YF8E
E01229,5408,2026-06-24,S100YIVA,S100YIVA,S100YIVA,S100YIVA
E01230,7231,2026-06-24,S100YJBN,S100YJBN,S100YJBN,S100YJBN
E01231,5406,2026-06-18,S100YCDA,S100YCDA,S100YCDA,S100YCDA
E01232,5631,2026-06-19,S100Y7BQ,S100Y7BQ,S100Y7BQ,S100Y7BQ
E01233,5632,2026-06-17,S100YCQQ,S100YCQQ,S100YCQQ,S100YCQQ
E01234,5482,2026-06-29,S100YLIN,S100YLIN,S100YLIN,S100YLIN
E01235,5410,2026-06-24,S100YCUF,S100YCUF,S100YCUF,S100YCUF
E01236,5609,2026-06-24,S100YGG5,S100YGG5,S100YGG5,S100YGG5
E01239,5471,2026-06-30,S100YNEC,S100YNEC,S100YNEC,S100YNEC
E01242,5480,2026-06-24,S100YC9N,S100YC9N,S100YC9N,S100YC9N
E01245,5484,2026-06-30,S100YNM9,S100YNM9,S100YNM9,S100YNM9
E01247,5451,2026-06-22,S100YEVQ,S100YEVQ,S100YEVQ,S100YEVQ
E01251,5461,2026-06-22,S100Y9WS,S100Y9WS,S100Y9WS,S100Y9WS
E01253,5463,2026-06-19,S100YDSC,S100YDSC,S100YDSC,S100YDSC
E01254,5541,2026-06-19,S100YDBT,S100YDBT,S100YDBT,S100YDBT
E01256,5563,2026-03-26,S100XUK7,S100XUK7,S100XUK7,
E01259,5444,2026-06-25,S100YGVD,S100YGVD,S100YGVD,S100YGVD
E01260,5446,2026-06-23,S100YG3Z,S100YG3Z,S100YG3Z,S100YG3Z
E01261,5423,2026-06-23,S100YDWW,S100YDWW,S100YDWW,S100YDWW
E01262,5449,2026-06-23,S100YHWP,S100YHWP,S100YHWP,S100YHWP
E01266,5440,2026-06-23,S100YGQP,S100YGQP,S100YGQP,S100YGQP
E01267,6326,2026-03-16,S100XR0M,S100XR0M,S100XR0M,
E01268,5602,2026-06-24,S100YDW9,S100YDW9,S100YDW9,S100YDW9
E01269,5603,2026-06-25,S100YJMF,S100YJMF,S100YJMF,S100YJMF
E01275,5458,2026-06-23,S100YH3H,S100YH3H,S100YH3H,S100YH3H
E01276,5491,2026-06-25,S100YJG2,S100YJG2,S100YJG2,S100YJG2
E01277,6439,2026-06-26,S100YIME,S100YIME,S100YIME,S100YIME
E01280,5659,2026-06-22,S100YDZS,S100YDZS,S100YDZS,S100YDZS
E01282,5660,2026-06-25,S100YJTL,S100YJTL,S100YJTL,S100YJTL
E01283,5612,2026-06-25,S100YKL0,S100YKL0,S100YKL0,S100YKL0
E01284,5607,2026-06-25,S100YJLT,S100YJLT,S100YJLT,S100YJLT
E01287,5658,2026-06-25,S100YIXZ,S100YIXZ,S100YIXZ,S100YIXZ
E01292,5445,2026-06-25,S100YJ6R,S100YJ6R,S100YJ6R,S100YJ6R
E01294,5695,2026-06-17,S100YCVX,S100YCVX,S100YCVX,S100YCVX
E01296,5697,2026-06-23,S100YGAZ,S100YGAZ,S100YGAZ,S100YGAZ
E01298,3423,2026-06-23,S100YG2M,S100YG2M,S100YG2M,S100YG2M
E01303,5852,2026-06-25,S100YIGS,S100YIGS,S100YIGS,S100YIGS
E01308,5707,2026-06-26,S100YI2P,S100YI2P,S100YI2P,S100YI2P
E01315,5464,2026-06-23,S100YEUF,S100YEUF,S100YEUF,S100YEUF
E01317,5938,2026-06-17,S100YD5L,S100YD5L,S100YD5L,S100YD5L
E01318,5702,2026-06-18,S100YCJD,S100YCJD,S100YCJD,S100YCJD
E01320,5928,2026-06-22,S100YF9N,S100YF9N,S100YF9N,S100YF9N
E01321,5757,2026-06-24,S100YIA1,S100YIA1,S100YIA1,S100YIA1
E01324,7414,2026-06-25,S100YK40,S100YK40,S100YK40,S100YK40
E01325,5900,2026-05-29,S100Y6RH,S100Y6RH,S100Y6RH,
E01327,5726,2026-06-23,S100YHFZ,S100YHFZ,S100YHFZ,S100YHFZ
E01330,5741,2026-06-18,S100YCV0,S100YCV0,S100YCV0,S100YCV0
E01331,5742,2026-06-23,S100YGNV,S100YGNV,S100YGNV,S100YGNV
E01332,5801,2026-06-24,S100YCF0,S100YCF0,S100YCF0,S100YCF0
E01333,5802,2026-06-26,S100YL2M,S100YL2M,S100YL2M,S100YL2M
E01334,5803,2026-06-23,S100YGP3,S100YGP3,S100YGP3,S100YGP3
E01336,5805,2026-06-18,S100YE42,S100YE42,S100YE42,S100YE42
E01348,5817,2026-05-26,S100Y6GG,S100Y6GG,S100Y6GG,
E01350,5819,2026-03-18,S100XRBT,S100XRBT,S100XRBT,
E01351,5820,2026-06-22,S100YG3G,S100YG3G,S100YG3G,S100YG3G
E01352,5821,2026-06-25,S100YKSU,S100YKSU,S100YKSU,S100YKSU
E01353,5901,2026-06-23,S100YGR9,S100YGR9,S100YGR9,S100YGR9
E01362,5915,2026-06-25,S100YKDC,S100YKDC,S100YKDC,S100YKDC
E01364,5918,2026-06-25,S100YJYC,S100YJYC,S100YJYC,S100YJYC
E01365,5922,2026-06-25,S100YJYT,S100YJYT,S100YJYT,S100YJYT
E01366,5974,2026-06-24,S100YHRE,S100YHRE,S100YHRE,S100YHRE
E01367,5991,2026-06-17,S100YD4O,S100YD4O,S100YD4O,S100YD4O
E01370,5942,2026-02-25,S100XMRB,S100XMRB,S100XMRB,
E01372,6306,2026-06-24,S100YH1J,S100YH1J,S100YH1J,S100YH1J
E01373,5923,2026-06-24,S100YI9L,S100YI9L,S100YI9L,S100YI9L
E01375,E01375,2026-02-27,S100XNO2,S100XNO2,S100XNO2,
E01377,6136,2026-02-19,S100XM3S,S100XM3S,S100XM3S,
E01378,5981,2026-06-24,S100YJJW,S100YJJW,S100YJJW,S100YJJW
E01379,5851,2026-03-25,S100XT40,S100XT40,S100XT40,
E01380,5967,2026-08-28,S100YZDE,S100YZDE,S100YZDE,S100YZDE
E01381,5921,2025-12-22,S100XBJH,S100XBJH,S100XBJH,
E01382,5975,2026-06-25,S100YHLP,S100YHLP,S100YHLP,S100YHLP
E01391,5962,2026-06-25,S100YIX3,S100YIX3,S100YIX3,S100YIX3
E01393,5998,2026-06-22,S100YFF6,S100YFF6,S100YFF6,S100YFF6
E01394,1921,2026-06-26,S100YLBY,S100YLBY,S100YLBY,S100YLBY
E01396,5994,2026-06-22,S100YG56,S100YG56,S100YG56,S100YG56
E01398,9930,2026-06-25,S100YKDH,S100YKDH,S100YKDH,S100YKDH
E01400,5976,2026-06-24,S100YIP6,S100YIP6,S100YIP6,S100YIP6
E01402,5985,2026-06-26,S100YKOJ,S100YKOJ,S100YKOJ,S100YKOJ
E01405,5992,2026-06-17,S100YBNR,S100YBNR,S100YBNR,S100YBNR
E01408,5905,2026-06-25,S100YK2J,S100YK2J,S100YK2J,S100YK2J
E01409,5958,2026-06-24,S100YFD2,S100YFD2,S100YFD2,S100YFD2
E01411,5986,2026-06-23,S100YGQQ,S100YGQQ,S100YGQQ,S100YGQQ
E01412,5959,2026-03-26,S100XUL3,S100XUL3,S100XUL3,
E01413,5930,2026-06-15,S100YBKB,S100YBKB,S100YBKB,S100YBKB
E01414,6486,2026-06-22,S100YFUB,S100YFUB,S100YFUB,S100YFUB
E01415,5936,2026-06-25,S100YKHR,S100YKHR,S100YKHR,S100YKHR
E01417,5947,2026-06-25,S100YJCU,S100YJCU,S100YJCU,S100YJCU
E01420,5966,2026-06-29,S100YJPO,S100YJPO,S100YJPO,S100YJPO
E01421,5950,2026-03-26,S100XS9S,S100XS9S,S100XS9S,
E01422,5940,2026-06-24,S100YIDL,S100YIDL,S100YIDL,S100YIDL
E01425,5939,2026-06-25,S100YKRJ,S100YKRJ,S100YKRJ,S100YKRJ
E01426,5945,2026-06-25,S100YJDZ,S100YJDZ,S100YJDZ,S100YJDZ
E01427,5951,2026-06-22,S100YDWR,S100YDWR,S100YDWR,S100YDWR
E01428,7939,2026-06-22,S100YEUJ,S100YEUJ,S100YEUJ,S100YEUJ
E01430,5933,2026-06-17,S100YCY5,S100YCY5,S100YCY5,
E01431,5997,2026-03-27,S100XUIL,S100XUIL,S100XUIL,
E01434,6484,2026-06-23,S100YH48,S100YH48,S100YH48,S100YH48
E01437,5984,2026-06-22,S100YEZU,S100YEZU,S100YEZU,S100YEZU
E01438,5988,2026-06-18,S100YDNF,S100YDNF,S100YDNF,S100YDNF
E01439,5983,2026-06-24,S100YHYU,S100YHYU,S100YHYU,S100YHYU
E01441,5973,2026-06-25,S100YDF3,S100YDF3,S100YDF3,S100YDF3
E01442,5971,2026-07-22,S100YR73,S100YR73,S100YR73,S100YR73
E01443,3433,2026-06-22,S100YFML,S100YFML,S100YFML,S100YFML
E01444,5909,2026-06-23,S100YF55,S100YF55,S100YF55,S100YF55
E01445,5941,2026-06-25,S100YJT1,S100YJT1,S100YJT1,S100YJT1
E01446,5987,2026-09-30,S100Z50O,S100WRVO,S100WRVO,
E01448,5979,2026-06-23,S100YGWS,S100YGWS,S100YGWS,S100YGWS
E01451,3421,2025-10-27,S100WWG0,S100WWG0,S100WWG0,
E01452,3422,2026-06-25,S100YJJI,S100YJJI,S100YJJI,S100YJJI
E01454,6469,2026-05-25,S100Y5TC,S100Y5TC,S100Y5TC,
E01456,6467,2026-06-24,S100YGVK,S100YGVK,S100YGVK,S100YGVK
E01459,7841,2026-03-25,S100XTH1,S100XTH1,S100XTH1,
E01462,3435,2026-06-24,S100YHPR,S100YHPR,S100YHPR,S100YHPR
E01464,3437,2026-06-18,S100YD8G,S100YD8G,S100YD8G,S100YD8G
E01465,6264,2025-11-25,S100X6CU,S100X6CU,S100X6CU,
E01469,6013,2026-06-17,S100YB3J,S100YB3J,S100YB3J,S100YB3J
E01471,6018,2026-06-25,S100YJVP,S100YJVP,S100YJVP,S100YJVP
E01474,6016,2026-06-23,S100YH5Z,S100YH5Z,S100YH5Z,S100YH5Z
E01475,6022,2026-06-25,S100YI3O,S100YI3O,S100YI3O,S100YI3O
E01477,6023,2026-06-25,S100YCLQ,S100YCLQ,S100YCLQ,S100YCLQ
E01478,6005,2026-06-19,S100YEGC,S100YEGC,S100YEGC,S100YEGC
E01480,6101,2026-06-16,S100YBZA,S100YBZA,S100YBZA,S100YBZA
E01481,6103,2026-06-22,S100YFQC,S100YFQC,S100YFQC,S100YFQC
E01482,6104,2026-06-29,S100YLEZ,S100YLEZ,S100YLEZ,S100YLEZ
E01486,6113,2026-06-25,S100YKCP,S100YKCP,S100YKCP,S100YKCP
E01488,6138,2026-06-26,S100YHNC,S100YHNC,S100YHNC,S100YHNC
E01493,6125,2026-06-25,S100YKCW,S100YKCW,S100YKCW,S100YKCW
E01495,6134,2026-06-25,S100YKAW,S100YKAW,S100YKAW,S100YKAW
E01496,6135,2026-06-19,S100YEQK,S100YEQK,S100YEQK,S100YEQK
E01499,6140,2026-06-25,S100YJMM,S100YJMM,S100YJMM,S100YJMM
E01502,6141,2026-03-30,S100XUMY,S100XUMY,S100XUMY,
E01503,6142,2026-05-27,S100Y6NR,S100Y6NR,S100Y6NR,
E01504,6143,2026-03-27,S100XUQM,S100XUQM,S100XUQM,
E01505,6278,2026-03-24,S100XSU7,S100XSU7,S100XSU7,
E01506,6146,2026-06-16,S100YC6I,S100YC6I,S100YC6I,S100YC6I
E01507,6147,2026-06-25,S100YGTK,S100YGTK,S100YGTK,S100YGTK
E01508,6150,2026-08-28,S100YZ4M,S100WLR3,S100WLR3,
E01509,6151,2026-06-22,S100YFFT,S100YFFT,S100YFFT,S100YFFT
E01510,6155,2026-06-24,S100YHHC,S100YHHC,S100YHHC,S100YHHC
E01511,6158,2026-06-23,S100YI25,S100YI25,S100YI25,S100YI25
E01514,E01514,2026-06-26,S100YLTB,S100YLTB,S100YLTB,S100YLTB
E01515,6203,2026-06-23,S100YF38,S100YF38,S100YF38,S100YF38
E01518,6208,2026-06-18,S100YDE9,S100YDE9,S100YDE9,S100YDE9
E01521,6218,2026-06-26,S100YKK8,S100YKK8,S100YKK8,S100YKK8
E01524,6217,2026-02-24,S100XMJD,S100XMJD,S100XMJD,
E01529,6391,2026-06-25,S100YJ76,S100YJ76,S100YJ76,S100YJ76
E01531,6222,2026-06-24,S100YIO7,S100YIO7,S100YIO7,S100YIO7
E01532,6301,2026-06-18,S100YD25,S100YD25,S100YD25,S100YD25
E01533,6302,2026-03-26,S100XT1R,S100XT1R,S100XT1R,
E01534,6360,2026-06-24,S100YHZL,S100YHZL,S100YHZL,S100YHZL
E01536,6331,2026-06-25,S100YK3Y,S100YK3Y,S100YK3Y,S100YK3Y
E01537,6332,2026-06-23,S100YH1A,S100YH1A,S100YH1A,S100YH1A
E01538,6334,2026-06-24,S100YJ53,S100YJ53,S100YJ53,S100YJ53
E01539,6335,2026-06-24,S100YI7P,S100YI7P,S100YI7P,S100YI7P
E01541,6339,2026-06-19,S100YE4V,S100YE4V,S100YE4V,S100YE4V
E01542,6361,2026-03-23,S100XS6E,S100XS6E,S100XS6E,
E01544,6365,2026-06-25,S100YI72,S100YI72,S100YI72,S100YI72
E01545,6118,2026-06-23,S100YG50,S100YG50,S100YG50,S100YG50
E01546,6378,2026-06-25,S100YF9Q,S100YF9Q,S100YF9Q,S100YF9Q
E01547,6342,2026-06-24,S100YIVE,S100YIVE,S100YIVE,S100YIVE
E01548,6245,2026-06-24,S100YIRK,S100YIRK,S100YIRK,S100YIRK
E01550,6111,2026-06-24,S100YHGQ,S100YHGQ,S100YHGQ,S100YHGQ
E01551,6383,2026-03-24,S100XT4W,S100XT4W,S100XT4W,
E01554,6381,2026-06-19,S100YF9W,S100YF9W,S100YF9W,S100YF9W
E01563,6310,2026-03-25,S100XTT5,S100XTT5,S100XTT5,
E01568,6316,2025-12-17,S100XAQD,S100XAQD,S100XAQD,
E01569,6366,2026-06-18,S100YEDH,S100YEDH,S100YEDH,S100YEDH
E01570,6367,2026-06-24,S100YFQL,S100YFQL,S100YFQL,S100YFQL
E01571,6368,2026-06-25,S100YK07,S100YK07,S100YK07,S100YK07
E01572,6369,2026-06-22,S100YDS7,S100YDS7,S100YDS7,S100YDS7
E01573,6370,2026-06-23,S100YBAT,S100YBAT,S100YBAT,S100YBAT
E01575,1963,2026-06-19,S100YEFQ,S100YEFQ,S100YEFQ,S100YEFQ
E01577,6379,2026-06-22,S100YDME,S100YDME,S100YDME,S100YDME
E01578,6371,2026-06-25,S100YKVK,S100YKVK,S100YKVK,S100YKVK
E01581,6380,2026-06-24,S100YHXB,S100YHXB,S100YHXB,S100YHXB
E01583,6390,2026-06-24,S100YG4R,S100YG4R,S100YG4R,S100YG4R
E01584,6317,2026-06-25,S100YHUP,S100YHUP,S100YHUP,S100YHUP
E01585,6305,2026-06-23,S100YIBR,S100YIBR,S100YIBR,S100YIBR
E01589,6728,2026-09-25,S100Z3KY,S100Z3KY,S100Z3KY,S100Z3KY
E01590,6436,2026-06-24,S100YJFL,S100YJFL,S100YJFL,S100YJFL
E01591,6376,2026-03-26,S100XU3R,S100XU3R,S100XU3R,
E01593,7259,2026-06-12,S100YAWO,S100YAWO,S100YAWO,S100YAWO
E01594,6448,2026-06-22,S100YECO,S100YECO,S100YECO,S100YECO
E01595,6445,2026-06-16,S100YCOS,S100YCOS,S100YCOS,S100YCOS
E01596,6440,2026-03-23,S100XSJU,S100XSJU,S100XSJU,
E01599,6463,2026-06-18,S100YDSL,S100YDSL,S100YDSL,S100YDSL
E01600,6471,2026-06-22,S100YFE3,S100YFE3,S100YFE3,S100YFE3
E01601,6472,2026-06-17,S100Y8YZ,S100Y8YZ,S100Y8YZ,S100Y8YZ
E01602,6473,2026-06-19,S100YEL3,S100YEL3,S100YEL3,S100YEL3
E01603,6474,2026-02-24,S100XMRN,S100XMRN,S100XMRN,
E01606,E01606,2026-06-25,S100YH13,S100YH13,S100YH13,S100YH13
E01607,6479,2026-06-24,S100YISS,S100YISS,S100YISS,S100YISS
E01609,6492,2025-12-22,S100XBYD,S100XBYD,S100XBYD,
E01610,6358,2026-06-25,S100YKE1,S100YKE1,S100YKE1,S100YKE1
E01612,6393,2026-06-25,S100YJ87,S100YJ87,S100YJ87,S100YJ87
E01613,6395,2026-03-18,S100XQP3,S100XQP3,S100XQP3,
E01617,6325,2026-06-22,S100YFLC,S100YFLC,S100YFLC,S100YFLC
E01624,6495,2026-06-25,S100YKBD,S100YKBD,S100YKBD,S100YKBD
E01627,6382,2026-06-18,S100YE9T,S100YE9T,S100YE9T,S100YE9T
E01628,6246,2026-06-24,S100YJ0X,S100YJ0X,S100YJ0X,S100YJ0X
E01629,6346,2026-06-25,S100YHXC,S100YHXC,S100YHXC,S100YHXC
E01630,4543,2026-06-23,S100YGMG,S100YGMG,S100YGMG,S100YGMG
E01631,6480,2026-06-22,S100YD87,S100YD87,S100YD87,S100YD87
E01632,6357,2026-06-24,S100YE8X,S100YE8X,S100YE8X,S100YE8X
E01635,6396,2026-06-22,S100YF8O,S100YF8O,S100YF8O,S100YF8O
E01636,6363,2026-06-22,S100YDRV,S100YDRV,S100YDRV,S100YDRV
E01642,6282,2026-06-26,S100YLBX,S100YLBX,S100YLBX,S100YLBX
E01643,6247,2026-06-25,S100YJL5,S100YJL5,S100YJL5,S100YJL5
E01644,7255,2026-06-26,S100YI1Y,S100YI1Y,S100YI1Y,S100YI1Y
E01645,6490,2026-06-18,S100YD79,S100YD79,S100YD79,S100YD79
E01646,E01646,2026-06-26,S100YLZK,S100YLZK,S100YLZK,S100YLZK
E01647,6408,2026-06-25,S100YJ6L,S100YJ6L,S100YJ6L,S100YJ6L
E01649,6496,2026-08-26,S100YYFP,S100YYFP,S100YYFP,S100YYFP
E01650,6457,2026-06-25,S100YG4D,S100YG4D,S100YG4D,S100YG4D
E01652,6497,2026-03-27,S100XUXN,S100XUXN,S100XUXN,
E01653,6455,2026-06-19,S100YE56,S100YE56,S100YE56,S100YE56
E01654,6465,2026-03-25,S100XSOT,S100XSOT,S100XSOT,
E01656,7986,2026-03-27,S100XV0H,S100XV0H,S100XV0H,
E01657,6345,2026-06-18,S100YBY2,S100YBY2,S100YBY2,S100YBY2
E01659,5946,2026-03-18,S100XRH4,S100XRH4,S100XRH4,
E01660,6498,2026-03-19,S100XS6X,S100XS6X,S100XS6X,
E01661,6330,2026-06-23,S100YI4K,S100YI4K,S100YI4K,S100YI4K
E01662,6351,2026-06-25,S100YKE5,S100YKE5,S100YKE5,S100YKE5
E01663,6364,2026-06-25,S100YI16,S100YI16,S100YI16,S100YI16
E01666,6340,2026-09-24,S100Z359,S100Z359,S100Z359,S100Z359
E01667,6349,2026-06-16,S100YCBI,S100YCBI,S100YCBI,S100YCBI
E01669,6458,2026-06-22,S100Y1I3,S100Y1I3,S100Y1I3,S100Y1I3
E01670,6272,2026-06-23,S100YFES,S100YFES,S100YFES,S100YFES
E01672,6489,2025-08-27,S100WKXB,S100WKXB,S100WKXB,
E01673,6273,2026-06-26,S100YLC6,S100YLC6,S100YLC6,S100YLC6
E01676,6277,2025-12-19,S100XB4O,S100XB4O,S100XB4O,
E01677,6279,2026-05-14,S100Y3PF,S100Y3PF,S100Y3PF,
E01678,6481,2026-03-18,S100XRWN,S100XRWN,S100XRWN,
E01682,6284,2025-12-18,S100XB87,S100XB87,S100XB87,
E01683,6488,2026-06-22,S100YDUY,S100YDUY,S100YDUY,S100YDUY
E01684,6286,2026-06-24,S100YHL2,S100YHL2,S100YHL2,S100YHL2
E01685,6287,2026-06-19,S100YE10,S100YE10,S100YE10,S100YE10
E01686,9895,2026-06-23,S100YI0I,S100YI0I,S100YI0I,S100YI0I
E01688,5953,2026-06-19,S100YE8F,S100YE8F,S100YE8F,S100YE8F
E01690,6289,2025-11-26,S100X6JF,S100X6JF,S100X6JF,
E01692,6149,2026-03-24,S100XSNC,S100XSNC,S100XSNC,
E01693,6485,2026-06-24,S100YIVJ,S100YIVJ,S100YIVJ,S100YIVJ
E01694,6292,2026-06-25,S100YJHG,S100YJHG,S100YJHG,S100YJHG
E01696,6294,2026-06-16,S100YBL0,S100YBL0,S100YBL0,S100YBL0
E01698,6418,2026-06-23,S100YHD7,S100YHD7,S100YHD7,S100YHD7
E01704,6307,2026-06-24,S100YJ78,S100YJ78,S100YJ78,S100YJ78
E01705,6309,2026-01-28,S100XHQ6,S100XHQ6,S100XHQ6,
E01708,6315,2026-06-19,S100YERT,S100YERT,S100YERT,S100YERT
E01710,6482,2026-06-25,S100YJC5,S100YJC5,S100YJC5,S100YJC5
E01711,6322,2026-06-22,S100YFBY,S100YFBY,S100YFBY,S100YFBY
E01712,6324,2026-06-16,S100YBHC,S100YBHC,S100YBHC,S100YBHC
E01713,6327,2026-09-28,S100Z4C6,S100Z4C6,S100Z4C6,S100Z4C6
E01714,6328,2026-03-09,S100XPJL,S100XPJL,S100XPJL,
E01715,6338,2025-12-18,S100XBFK,S100XBFK,S100XBFK,
E01716,6466,2025-12-23,S100XBK6,S100XBK6,S100XBK6,
E01717,6834,2026-06-18,S100YB9C,S100YB9C,S100YB9C,S100YB9C
E01718,6428,2026-06-26,S100YLT7,S100YLT7,S100YLT7,S100YLT7
E01719,6384,2026-06-25,S100YKGJ,S100YKGJ,S100YKGJ,S100YKGJ
E01721,6402,2026-06-18,S100YD22,S100YD22,S100YD22,S100YD22
E01723,6432,2026-05-28,S100Y78J,S100Y78J,S100Y78J,
E01724,6405,2026-06-29,S100YN3J,S100YN3J,S100YN3J,S100YN3J
E01725,6269,2026-03-26,S100XU6C,S100XU6C,S100XU6C,
E01726,6268,2026-03-25,S100XTOY,S100XTOY,S100XTOY,
E01729,6157,2026-06-23,S100YG7J,S100YG7J,S100YG7J,S100YG7J
E01730,6161,2026-06-17,S100YCSO,S100YCSO,S100YCSO,
E01731,6262,2026-06-22,S100YGO3,S100YGO3,S100YGO3,S100YGO3
E01733,6258,2026-06-23,S100YH6Y,S100YH6Y,S100YH6Y,S100YH6Y
E01734,6255,2025-11-28,S100X6PR,S100X6PR,S100X6PR,
E01735,6254,2026-06-23,S100YG4U,S100YG4U,S100YG4U,S100YG4U
E01737,6501,2026-06-22,S100YGBO,S100YGBO,S100YGBO,S100YGBO
E01739,6503,2026-06-19,S100YD3V,S100YD3V,S100YD3V,S100YD3V
E01740,6504,2026-06-19,S100YEEB,S100YEEB,S100YEEB,S100YEEB
E01741,6506,2026-05-25,S100Y69H,S100Y69H,S100Y69H,
E01742,6505,2026-08-26,S100YYOS,S100YYOS,S100YYOS,S100YYOS
E01743,6507,2026-06-25,S100YI4V,S100YI4V,S100YI4V,S100YI4V
E01744,6508,2026-06-24,S100YIHP,S100YIHP,S100YIHP,S100YIHP
E01747,6643,2026-06-25,S100YJNT,S100YJNT,S100YJNT,S100YJNT
E01748,6623,2026-06-24,S100YHJY,S100YHJY,S100YHJY,S100YHJY
E01750,6622,2026-06-19,S100YEET,S100YEET,S100YEET,S100YEET
E01751,6513,2026-06-25,S100YJF6,S100YJF6,S100YJF6,S100YJF6
E01752,6644,2026-06-25,S100YGJ0,S100YGJ0,S100YGJ0,S100YGJ0
E01753,6584,2026-06-25,S100YL53,S100YL53,S100YL53,S100YL53
E01754,6648,2026-06-25,S100YKAV,S100YKAV,S100YKAV,S100YKAV
E01755,6645,2026-06-22,S100YG81,S100YG81,S100YG81,S100YG81
E01757,6590,2026-06-15,S100YAST,S100YAST,S100YAST,S100YAST
E01758,6517,2026-06-25,S100YHXJ,S100YHXJ,S100YHXJ,S100YHXJ
E01759,6651,2026-06-24,S100YIVN,S100YIVN,S100YIVN,S100YIVN
E01760,6653,2026-03-26,S100XU9B,S100XU9B,S100XU9B,
E01761,6333,2026-06-26,S100YL5Z,S100YL5Z,S100YL5Z,S100YL5Z
E01764,6637,2026-06-26,S100YKLJ,S100YKLJ,S100YKLJ,S100YKLJ
E01765,6701,2026-06-18,S100YBFV,S100YBFV,S100YBFV,S100YBFV
E01766,6702,2026-06-26,S100YM3K,S100YM3K,S100YM3K,S100YM3K
E01767,6703,2026-06-22,S100YFGL,S100YFGL,S100YFGL,S100YFGL
E01769,6741,2026-06-15,S100YAO1,S100YAO1,S100YAO1,S100YAO1
E01770,6742,2026-06-23,S100YH1N,S100YH1N,S100YH1N,S100YH1N
E01772,6752,2026-06-19,S100YETA,S100YETA,S100YETA,S100YETA
E01773,6753,2026-06-23,S100YHZV,S100YHZV,S100YHZV,S100YHZV
E01774,6754,2026-06-23,S100YH5E,S100YH5E,S100YH5E,S100YH5E
E01777,6758,2026-06-18,S100YE2C,S100YE2C,S100YE2C,S100YE2C
E01780,6762,2026-06-17,S100YD2Y,S100YD2Y,S100YD2Y,S100YD2Y
E01782,6763,2026-06-19,S100YDZX,S100YDZX,S100YDZX,S100YDZX
E01786,6768,2026-06-24,S100YIQG,S100YIQG,S100YIQG,S100YIQG
E01790,6707,2026-06-24,S100YI8X,S100YI8X,S100YI8X,S100YI8X
E01793,6770,2026-06-18,S100YB8V,S100YB8V,S100YB8V,S100YB8V
E01797,6794,2026-06-24,S100YJIM,S100YJIM,S100YJIM,S100YJIM
E01798,6848,2026-06-19,S100YFF9,S100YFF9,S100YFF9,S100YFF9
E01802,6745,2026-06-23,S100YH50,S100YH50,S100YH50,S100YH50
E01803,6744,2026-06-24,S100YHTN,S100YHTN,S100YHTN,S100YHTN
E01805,6798,2026-06-22,S100YFRH,S100YFRH,S100YFRH,S100YFRH
E01806,6516,2026-06-17,S100YCEQ,S100YCEQ,S100YCEQ,S100YCEQ
E01807,6779,2026-06-22,S100YFNH,S100YFNH,S100YFNH,S100YFNH
E01808,6800,2026-06-24,S100YI9J,S100YI9J,S100YI9J,S100YI9J
E01813,6776,2026-06-24,S100YIYI,S100YIYI,S100YIYI,S100YIYI
E01815,6804,2026-06-24,S100YI0D,S100YI0D,S100YI0D,S100YI0D
E01816,6743,2026-06-23,S100YEMV,S100YEMV,S100YEMV,S100YEMV
E01817,6989,2026-06-25,S100YJZD,S100YJZD,S100YJZD,S100YJZD
E01819,6771,2026-06-25,S100YGW1,S100YGW1,S100YGW1,S100YGW1
E01821,6882,2026-06-22,S100YFP9,S100YFP9,S100YFP9,S100YFP9
E01824,6976,2026-06-23,S100YHU5,S100YHU5,S100YHU5,S100YHU5
E01828,6807,2026-06-19,S100YF73,S100YF73,S100YF73,S100YF73
E01831,6809,2026-06-23,S100YFVG,S100YFVG,S100YFVG,S100YFVG
E01833,E01833,2026-06-30,S100YNIO,S100YNIO,S100YNIO,S100YNIO
E01834,7944,2026-03-05,S100XNYW,S100XNYW,S100XNYW,
E01839,6814,2026-05-18,S100Y3Q6,S100Y3Q6,S100Y3Q6,
E01841,6986,2026-06-25,S100YK0D,S100YK0D,S100YK0D,S100YK0D
E01842,6823,2026-06-24,S100YI2O,S100YI2O,S100YI2O,S100YI2O
E01849,6718,2026-06-25,S100YIVR,S100YIVR,S100YIVR,S100YIVR
E01850,6820,2026-06-23,S100YGGJ,S100YGGJ,S100YGGJ,S100YGGJ
E01855,1832,2026-06-24,S100YH4H,S100YH4H,S100YH4H,S100YH4H
E01856,6905,2026-08-10,S100YUI9,S100YUI9,S100YUI9,S100YUI9
E01857,6904,2026-06-25,S100YJHN,S100YJHN,S100YJHN,S100YJHN
E01859,6822,2026-06-24,S100YI6A,S100YI6A,S100YI6A,S100YI6A
E01873,6724,2026-06-24,S100YJ6A,S100YJ6A,S100YJ6A,S100YJ6A
E01874,6675,2026-06-24,S100YJLC,S100YJLC,S100YJLC,S100YJLC
E01878,6841,2026-06-18,S100YE3H,S100YE3H,S100YE3H,S100YE3H
E01879,6845,2026-06-19,S100YEE5,S100YEE5,S100YEE5,S100YEE5
E01880,6923,2026-06-24,S100YERJ,S100YERJ,S100YERJ,S100YERJ
E01884,6588,2026-06-24,S100YHCF,S100YHCF,S100YHCF,S100YHCF
E01887,6844,2026-06-24,S100YHJ7,S100YHJ7,S100YHJ7,S100YHJ7
E01888,6988,2026-06-17,S100YCAR,S100YCAR,S100YCAR,S100YCAR
E01892,6902,2026-06-11,S100Y9T1,S100Y9T1,S100Y9T1,S100Y9T1
E01896,6955,2026-06-23,S100YH9L,S100YH9L,S100YH9L,S100YH9L
E01897,6706,2026-06-30,S100YH6S,S100YH6S,S100YH6S,S100YH6S
E01898,6995,2026-06-09,S100Y9M2,S100Y9M2,S100Y9M2,S100Y9M2
E01899,6994,2026-06-25,S100YKEP,S100YKEP,S100YKEP,S100YKEP
E01901,6856,2026-03-23,S100XSIJ,S100XSIJ,S100XSIJ,
E01902,6999,2026-06-19,S100YDTW,S100YDTW,S100YDTW,S100YDTW
E01903,6849,2026-06-24,S100YHO8,S100YHO8,S100YHO8,S100YHO8
E01904,6996,2026-06-26,S100YLMG,S100YLMG,S100YLMG,S100YLMG
E01905,6951,2026-06-23,S100YIDD,S100YIDD,S100YIDD,S100YIDD
E01907,6998,2026-06-25,S100YIQP,S100YIQP,S100YIQP,S100YIQP
E01909,6407,2026-06-25,S100YGB2,S100YGB2,S100YGB2,S100YGB2
E01912,6647,2026-06-25,S100YJH1,S100YJH1,S100YJH1,S100YJH1
E01913,6444,2026-03-27,S100XUJB,S100XUJB,S100XUJB,
E01914,6981,2026-06-24,S100YHPY,S100YHPY,S100YHPY,S100YHPY
E01916,6982,2026-06-23,S100YGCM,S100YGCM,S100YGCM,S100YGCM
E01920,6586,2026-06-23,S100YH4M,S100YH4M,S100YH4M,S100YH4M
E01921,6853,2026-03-25,S100XSGM,S100XSGM,S100XSGM,
E01926,6997,2026-06-25,S100YL3Z,S100YL3Z,S100YL3Z,S100YL3Z
E01928,6926,2026-06-24,S100YJ7H,S100YJ7H,S100YJ7H,S100YJ7H
E01929,6925,2026-06-25,S100YKRT,S100YKRT,S100YKRT,S100YKRT
E01930,6144,2026-06-25,S100YLBS,S100YLBS,S100YLBS,S100YLBS
E01932,6803,2026-06-25,S100YG7Z,S100YG7Z,S100YG7Z,S100YG7Z
E01933,6969,2026-06-25,S100YD97,S100YD97,S100YD97,S100YD97
E01935,6952,2026-06-25,S100YJ1H,S100YJ1H,S100YJ1H,S100YJ1H
E01939,6806,2026-06-24,S100YJDW,S100YJDW,S100YJDW,S100YJDW
E01940,6846,2026-06-25,S100YJMI,S100YJMI,S100YJMI,S100YJMI
E01944,6592,2026-03-26,S100XUAX,S100XUAX,S100XUAX,
E01946,6954,2026-06-22,S100YG3Q,S100YG3Q,S100YG3Q,S100YG3Q
E01947,6810,2026-06-24,S100YJH7,S100YJH7,S100YJH7,S100YJH7
E01950,6857,2026-06-26,S100YKTA,S100YKTA,S100YKTA,S100YKTA
E01951,6652,2026-06-18,S100YEDS,S100YEDS,S100YEDS,S100YEDS
E01952,6962,2026-06-25,S100YKVO,S100YKVO,S100YKVO,S100YKVO
E01953,6963,2026-06-19,S100YF41,S100YF41,S100YF41,S100YF41
E01954,6964,2026-06-25,S100YJUI,S100YJUI,S100YJUI,S100YJUI
E01955,6965,2025-12-18,S100XAWU,S100XAWU,S100XAWU,
E01956,9766,2026-06-26,S100YKX5,S100YKX5,S100YKX5,S100YKX5
E01959,6958,2026-06-23,S100YHVS,S100YHVS,S100YHVS,S100YHVS
E01961,6459,2026-03-26,S100XU5A,S100XU5A,S100XU5A,
E01966,6947,2026-06-19,S100YD7O,S100YD7O,S100YD7O,S100YD7O
E01967,6861,2026-06-15,S100YAHE,S100YAHE,S100YAHE,
E01968,6946,2026-06-18,S100YDXW,S100YDXW,S100YDXW,S100YDXW
E01974,6943,2026-06-25,S100YJBX,S100YJBX,S100YJBX,S100YJBX
E01975,6594,2026-09-30,S100Z5CA,S100Z5CA,S100Z5CA,S100Z5CA
E01979,6941,2026-06-24,S100YHIH,S100YHIH,S100YHIH,S100YHIH
E01981,6145,2026-06-25,S100YKQX,S100YKQX,S100YKQX,S100YKQX
E01984,6748,2026-03-30,S100XVH2,S100XVH2,S100XVH2,
E01986,6932,2026-06-23,S100YH7Z,S100YH7Z,S100YH7Z,S100YH7Z
E01988,6929,2026-03-25,S100XTCV,S100XTCV,S100XTCV,
E01989,6928,2026-06-22,S100YF9J,S100YF9J,S100YF9J,S100YF9J
E01991,6920,2026-09-24,S100Z32V,S100Z32V,S100Z32V,S100Z32V
E01992,6919,2026-06-25,S100YJK1,S100YJK1,S100YJK1,S100YJK1
E01993,6918,2026-06-24,S100Y38P,S100Y38P,S100Y38P,S100Y38P
E01995,6915,2026-03-25,S100XT6S,S100XT6S,S100XT6S,
E01997,7711,2025-12-15,S100XAGE,S100XAGE,S100XAGE,
E01999,6866,2026-02-27,S100XNNG,S100XNNG,S100XNNG,
E02002,7931,2026-06-16,S100YBKG,S100YBKG,S100YBKG,
E02007,6654,2026-04-21,S100XZWO,S100XZWO,S100XZWO,
E02009,6908,2026-09-30,S100Z57M,S100Z57M,S100Z57M,S100Z57M
E02011,7435,2026-07-27,S100YSCT,S100YSCT,S100YSCT,S100YSCT
E02012,6518,2026-06-22,S100YE1K,S100YE1K,S100YE1K,S100YE1K
E02013,6899,2026-06-17,S100YD3Z,S100YD3Z,S100YD3Z,S100YD3Z
E02015,6869,2026-06-22,S100YFAW,S100YFAW,S100YFAW,S100YFAW
E02017,6897,2026-05-26,S100Y6EN,S100Y6EN,S100Y6EN,
E02020,6870,2026-03-30,S100XU9W,S100XU9W,S100XU9W,
E02021,6894,2026-06-18,S100YDWK,S100YDWK,S100YDWK,S100YDWK
E02024,6890,2026-06-25,S100YJVG,S100YJVG,S100YJVG,S100YJVG
E02025,6424,2026-06-23,S100YEQL,S100YEQL,S100YEQL,S100YEQL
E02027,6824,2026-06-26,S100YJBP,S100YJBP,S100YJBP,S100YJBP
E02028,6655,2026-06-25,S100YKQN,S100YKQN,S100YKQN,S100YKQN
E02030,6871,2026-03-25,S100XTD8,S100XTD8,S100XTD8,
E02039,6874,2026-09-24,S100Z39B,S100Z39B,S100Z39B,S100Z39B
E02042,6875,2026-06-24,S100YDEK,S100YDEK,S100YDEK,S100YDEK
E02043,6855,2026-06-24,S100YHWG,S100YHWG,S100YHWG,S100YHWG
E02047,6336,2026-04-23,S100Y0EE,S100Y0EE,S100Y0EE,
E02048,6837,2026-06-25,S100YHX8,S100YHX8,S100YHX8,S100YHX8
E02049,6337,2026-06-23,S100YHSE,S100YHSE,S100YHSE,S100YHSE
E02051,6832,2026-06-26,S100YLRR,S100YLRR,S100YLRR,S100YLRR
E02055,6797,2026-06-19,S100YEDT,S100YEDT,S100YEDT,S100YEDT
E02056,6787,2026-06-26,S100YIE8,S100YIE8,S100YIE8,S100YIE8
E02058,6785,2026-09-24,S100Z35F,S100Z35F,S100Z35F,S100Z35F
E02059,6727,2026-06-24,S100YHU2,S100YHU2,S100YHU2,S100YHU2
E02060,6387,2025-10-20,S100WVTP,S100WVTP,S100WVTP,
E02065,6757,2026-04-24,S100Y0OW,S100Y0OW,S100Y0OW,
E02066,6750,2026-06-25,S100YK25,S100YK25,S100YK25,S100YK25
E02069,6737,2026-06-19,S100YEV1,S100YEV1,S100YEV1,S100YEV1
E02070,6736,2026-06-25,S100YKGG,S100YKGG,S100YKGG,S100YKGG
E02073,6430,2026-06-22,S100YGWC,S100YGWC,S100YGWC,S100YGWC
E02077,6730,2026-06-16,S100YC4Y,S100YC4Y,S100YC4Y,S100YC4Y
E02081,6723,2026-03-19,S100XR06,S100XR06,S100XR06,
E02086,6676,2026-06-26,S100YGR6,S100YGR6,S100YGR6,S100YGR6
E02092,6668,2025-11-26,S100X6VA,S100X6VA,S100X6VA,
E02097,6663,2026-03-17,S100XRF9,S100XRF9,S100XRF9,
E02098,E02098,2026-03-26,S100XU19,S100XU19,S100XU19,
E02103,3436,2026-03-26,S100XRR5,S100XRR5,S100XRR5,
E02109,6658,2026-06-19,S100YEDB,S100YEDB,S100YEDB,S100YEDB
E02114,6638,2026-06-22,S100YCRC,S100YCRC,S100YCRC,S100YCRC
E02116,6635,2026-03-26,S100XUDS,S100XUDS,S100XUDS,
E02121,3441,2025-10-27,S100WWVN,S100WWVN,S100WWVN,
E02123,7003,2026-06-25,S100YKIO,S100YKIO,S100YKIO,S100YKIO
E02124,7004,2026-06-22,S100YGOR,S100YGOR,S100YGOR,S100YGOR
E02126,7011,2026-06-24,S100YHZG,S100YHZG,S100YHZG,S100YHZG
E02127,7012,2026-06-19,S100Y99Z,S100Y99Z,S100Y99Z,S100Y99Z
E02128,7013,2026-06-22,S100YENT,S100YENT,S100YENT,S100YENT
E02129,7014,2026-06-19,S100YEFT,S100YEFT,S100YEFT,S100YEFT
E02131,7018,2026-06-25,S100YJMY,S100YJMY,S100YJMY,S100YJMY
E02134,7102,2026-06-25,S100YK10,S100YK10,S100YK10,S100YK10
E02138,7122,2026-06-24,S100YI50,S100YI50,S100YI50,S100YI50
E02140,7276,2026-06-24,S100YHHQ,S100YHHQ,S100YHHQ,S100YHHQ
E02142,7201,2026-06-22,S100YH2B,S100YH2B,S100YH2B,S100YH2B
E02143,7202,2026-06-23,S100YFBQ,S100YFBQ,S100YFBQ,S100YFBQ
E02144,7203,2026-06-10,S100Y8NY,S100Y8NY,S100Y8NY,S100Y8NY
E02147,7242,2026-06-23,S100YHB1,S100YHB1,S100YHB1,S100YHB1
E02150,7222,2026-06-23,S100YGCO,S100YGCO,S100YGCO,S100YGCO
E02152,7270,2026-06-22,S100YFKZ,S100YFKZ,S100YFKZ,S100YFKZ
E02154,7246,2026-06-23,S100YGAC,S100YGAC,S100YGAC,S100YGAC
E02155,7236,2026-06-05,S100Y8UO,S100Y8UO,S100Y8UO,S100Y8UO
E02158,7235,2026-06-23,S100YG1L,S100YG1L,S100YG1L,S100YG1L
E02161,7238,2026-06-23,S100YHCS,S100YHCS,S100YHCS,S100YHCS
E02162,7283,2026-06-11,S100Y9N3,S100Y9N3,S100Y9N3,S100Y9N3
E02163,7261,2026-06-23,S100YDZ1,S100YDZ1,S100YDZ1,S100YDZ1
E02166,7267,2026-06-18,S100YDD9,S100YDD9,S100YDD9,S100YDD9
E02167,7269,2026-06-23,S100YFG2,S100YFG2,S100YFG2,S100YFG2
E02168,7272,2026-03-23,S100XRTH,S100XRTH,S100XRTH,
E02169,E02169,2026-06-26,S100YHG9,S100YHG9,S100YHG9,S100YHG9
E02170,7226,2026-06-23,S100YE9E,S100YE9E,S100YE9E,S100YE9E
E02171,6042,2026-06-26,S100YKJL,S100YKJL,S100YKJL,S100YKJL
E02172,7247,2026-06-26,S100YLLZ,S100YLLZ,S100YLLZ,S100YLLZ
E02173,6356,2026-06-29,S100YMQ1,S100YMQ1,S100YMQ1,S100YMQ1
E02174,7256,2026-06-30,S100YNJP,S100YNJP,S100YNJP,S100YNJP
E02175,7245,2026-06-22,S100YFV2,S100YFV2,S100YFV2,S100YFV2
E02176,7240,2026-06-22,S100YFWJ,S100YFWJ,S100YFWJ,S100YFWJ
E02177,7244,2026-03-25,S100XTYP,S100XTYP,S100XTYP,
E02180,6392,2026-06-25,S100YJDP,S100YJDP,S100YJDP,S100YJDP
E02183,7254,2026-06-25,S100YFXP,S100YFXP,S100YFXP,S100YFXP
E02185,5644,2026-06-26,S100YLLM,S100YLLM,S100YLLM,S100YLLM
E02189,6493,2026-06-23,S100YIJ0,S100YIJ0,S100YIJ0,S100YIJ0
E02194,5949,2026-06-18,S100YCON,S100YCON,S100YCON,S100YCON
E02195,7241,2026-06-17,S100YCHA,S100YCHA,S100YCHA,S100YCHA
E02199,6470,2026-06-22,S100YF06,S100YF06,S100YF06,S100YF06
E02201,7277,2026-06-25,S100YLAF,S100YLAF,S100YLAF,S100YLAF
E02203,7278,2026-06-15,S100YBAF,S100YBAF,S100YBAF,S100YBAF
E02204,7279,2026-01-23,S100XGCL,S100XGCL,S100XGCL,
E02205,7280,2026-06-24,S100Y9OD,S100Y9OD,S100Y9OD,S100Y9OD
E02210,7239,2026-06-26,S100YLGY,S100YLGY,S100YLGY,S100YLGY
E02213,7211,2026-06-16,S100YCMC,S100YCMC,S100YCMC,S100YCMC
E02214,7287,2026-06-23,S100YHIT,S100YHIT,S100YHIT,S100YHIT
E02216,7291,2026-06-23,S100YHRY,S100YHRY,S100YHRY,S100YHRY
E02217,7292,2026-06-23,S100YHRX,S100YHRX,S100YHRX,S100YHRX
E02219,7294,2026-06-22,S100YGY8,S100YGY8,S100YGY8,S100YGY8
E02221,7296,2026-06-22,S100YFKQ,S100YFKQ,S100YFKQ,S100YFKQ
E02222,5989,2026-06-23,S100YFUA,S100YFUA,S100YFUA,S100YFUA
E02223,7297,2026-06-25,S100YKN6,S100YKN6,S100YKN6,S100YKN6
E02225,7299,2026-06-17,S100YCH0,S100YCH0,S100YCH0,S100YCH0
E02226,7273,2026-06-26,S100YLTN,S100YLTN,S100YLTN,S100YLTN
E02227,7271,2026-06-24,S100YFR1,S100YFR1,S100YFR1,S100YFR1
E02228,5970,2026-06-24,S100YIKX,S100YIKX,S100YIKX,S100YIKX
E02229,7212,2026-06-24,S100YHFG,S100YHFG,S100YHFG,S100YHFG
E02231,7266,2026-06-19,S100YER6,S100YER6,S100YER6,S100YER6
E02232,7265,2026-01-26,S100XH0G,S100XH0G,S100XH0G,
E02233,7227,2026-02-26,S100XNA6,S100XNA6,S100XNA6,
E02234,7264,2026-06-23,S100YGBE,S100YGBE,S100YGBE,S100YGBE
E02237,7220,2026-06-22,S100YGX6,S100YGX6,S100YGX6,S100YGX6
E02238,7219,2025-11-26,S100X6JZ,S100X6JZ,S100X6JZ,
E02241,7218,2026-06-22,S100YH4P,S100YH4P,S100YH4P,S100YH4P
E02244,E02244,2026-06-23,S100YDVP,S100YDVP,S100YDVP,S100YDVP
E02245,3434,2026-06-23,S100YGLQ,S100YGLQ,S100YGLQ,S100YGLQ
E02246,7215,2026-06-18,S100YEJ6,S100YEJ6,S100YEJ6,S100YEJ6
E02247,7214,2026-06-18,S100YE26,S100YE26,S100YE26,S100YE26
E02248,7208,2026-06-19,S100YE6U,S100YE6U,S100YE6U,S100YE6U
E02252,7224,2026-06-24,S100YFNV,S100YFNV,S100YFNV,S100YFNV
E02257,7309,2026-03-17,S100XQSE,S100XQSE,S100XQSE,
E02258,7305,2026-06-22,S100Y8QF,S100Y8QF,S100Y8QF,S100Y8QF
E02265,7701,2026-06-23,S100YGJF,S100YGJF,S100YGJF,S100YGJF
E02266,7721,2026-06-29,S100YMS0,S100YMS0,S100YMS0,S100YMS0
E02267,7723,2026-06-22,S100YF4W,S100YF4W,S100YF4W,S100YF4W
E02269,7726,2026-06-25,S100YK6H,S100YK6H,S100YK6H,S100YK6H
E02270,7727,2026-06-19,S100YDYH,S100YDYH,S100YDYH,S100YDYH
E02271,7731,2026-06-25,S100YKBP,S100YKBP,S100YKBP,S100YKBP
E02272,7733,2026-06-18,S100YDN3,S100YDN3,S100YDN3,S100YDN3
E02274,7751,2026-03-25,S100XTLJ,S100XTLJ,S100XTLJ,
E02275,7752,2026-06-16,S100YBFF,S100YBFF,S100YBFF,S100YBFF
E02280,8050,2026-06-24,S100YHM2,S100YHM2,S100YHM2,S100YHM2
E02281,7762,2026-06-23,S100YGYK,S100YGYK,S100YGYK,S100YGYK
E02285,7734,2026-06-24,S100YIB1,S100YIB1,S100YIB1,S100YIB1
E02286,6850,2026-06-25,S100YJHF,S100YJHF,S100YJHF,S100YJHF
E02288,7735,2026-06-25,S100YK9N,S100YK9N,S100YK9N,S100YK9N
E02289,7729,2026-06-19,S100YEOP,S100YEOP,S100YEOP,S100YEOP
E02293,6966,2026-04-17,S100XZDC,S100XZDC,S100XZDC,
E02294,7769,2026-06-22,S100YFZJ,S100YFZJ,S100YFZJ,S100YFZJ
E02296,5957,2026-03-31,S100XVV3,S100XVV3,S100XVV3,
E02300,E02300,2026-03-30,S100XUWK,S100XUWK,S100XUWK,
E02301,7739,2026-03-25,S100XSYM,S100XSYM,S100XSYM,
E02303,7702,2026-06-22,S100YF50,S100YF50,S100YF50,S100YF50
E02304,6960,2026-06-26,S100YLF7,S100YLF7,S100YLF7,S100YLF7
E02306,6858,2026-03-16,S100XR77,S100XR77,S100XR77,
E02307,6859,2026-06-23,S100YG4Z,S100YG4Z,S100YG4Z,S100YG4Z
E02308,7740,2026-03-26,S100XUB4,S100XUB4,S100XUB4,
E02323,7713,2026-08-24,S100YXKH,S100YXKH,S100YXKH,S100YXKH
E02324,6888,2026-09-24,S100Z3H2,S100WQFV,S100WQFV,
E02328,6323,2026-05-22,S100Y5GM,S100Y5GM,S100Y5GM,
E02329,7715,2026-06-25,S100YLAN,S100YLAN,S100YLAN,S100YLAN
E02331,7716,2026-03-27,S100XU9P,S100XU9P,S100XU9P,
E02333,6788,2026-06-22,S100YF0Y,S100YF0Y,S100YF0Y,S100YF0Y
E02334,7717,2026-06-24,S100YITH,S100YITH,S100YITH,S100YITH
E02335,7722,2026-06-25,S100YJ8C,S100YJ8C,S100YJ8C,S100YJ8C
E02338,7707,2026-09-18,S100Z33F,,,
E02340,7730,2025-11-18,S100X59Q,S100X59Q,S100X59Q,
E02342,6778,2025-10-23,S100WW7U,S100WW7U,S100WW7U,
E02343,6156,2026-09-28,S100Z4CW,S100WQRX,S100WQRX,
E02344,7745,2026-06-23,S100YHHI,S100YHHI,S100YHHI,S100YHHI
E02345,6678,2026-06-23,S100YGSP,S100YGSP,S100YGSP,S100YGSP
E02346,6677,2025-12-18,S100XB6O,S100XB6O,S100XB6O,
E02348,4237,2026-06-23,S100YH1C,S100YH1C,S100YH1C,S100YH1C
E02349,7747,2026-09-28,S100Z3SS,S100Z3SS,S100Z3SS,S100Z3SS
E02350,6266,2026-03-23,S100XS15,S100XS15,S100XS15,
E02352,7760,2025-12-18,S100XAL6,S100XAL6,S100XAL6,
E02354,7749,2026-06-24,S100YI2W,S100YI2W,S100YI2W,S100YI2W
E02357,7774,2026-06-18,S100YDBW,S100YDBW,S100YDBW,S100YDBW
E02362,7951,2026-06-25,S100YJE7,S100YJE7,S100YJE7,S100YJE7
E02363,7952,2026-06-23,S100YG4C,S100YG4C,S100YG4C,S100YG4C
E02365,7992,2026-03-26,S100XUCR,S100XUCR,S100XUCR,
E02366,7976,2026-03-23,S100XRVX,S100XRVX,S100XRVX,
E02367,7974,2026-06-25,S100Y9NX,S100Y9NX,S100Y9NX,S100Y9NX
E02368,E02368,2026-06-26,S100YLFU,S100YLFU,S100YLFU,S100YLFU
E02369,7994,2026-06-22,S100YFDV,S100YFDV,S100YFDV,S100YFDV
E02371,7972,2026-03-18,S100XRIU,S100XRIU,S100XRIU,
E02372,7997,2026-02-25,S100XN3N,S100XN3N,S100XN3N,
E02373,7981,2026-06-19,S100YE7H,S100YE7H,S100YE7H,S100YE7H
E02377,7991,2026-06-24,S100YJ8W,S100YJ8W,S100YJ8W,S100YJ8W
E02378,7936,2026-03-04,S100XOKI,S100XOKI,S100XOKI,
E02379,5943,2026-03-26,S100XUKL,S100XUKL,S100XUKL,
E02380,7313,2026-06-17,S100YCXB,S100YCXB,S100YCXB,S100YCXB
E02381,6454,2026-06-23,S100YHEY,S100YHEY,S100YHEY,S100YHEY
E02382,7990,2026-06-25,S100YGZ1,S100YGZ1,S100YGZ1,S100YGZ1
E02383,7980,2026-06-29,S100YKGZ,S100YKGZ,S100YKGZ,S100YKGZ
E02385,7985,2026-06-30,S100YN9E,S100YN9E,S100YN9E,S100YN9E
E02386,7988,2026-06-22,S100YGQB,S100YGQB,S100YGQB,S100YGQB
E02387,7284,2026-06-24,S100YIWC,S100YIWC,S100YIWC,S100YIWC
E02388,7970,2026-06-19,S100YE3Y,S100YE3Y,S100YE3Y,S100YE3Y
E02389,7989,2026-03-18,S100XRWE,S100XRWE,S100XRWE,
E02390,6961,2026-06-26,S100YLHU,S100YLHU,S100YLHU,S100YLHU
E02394,7966,2026-06-17,S100YBFC,S100YBFC,S100YBFC,S100YBFC
E02395,7965,2026-02-18,S100XL0K,S100XL0K,S100XL0K,
E02396,7963,2026-03-25,S100XTH9,S100XTH9,S100XTH9,
E02398,7962,2026-09-16,S100Z29T,S100Z29T,S100Z29T,S100Z29T
E02402,7957,2026-03-27,S100XUTV,S100XUTV,S100XUTV,
E02403,6412,2026-06-26,S100YM5Z,S100YM5Z,S100YM5Z,S100YM5Z
E02404,7956,2026-03-19,S100XS40,S100XS40,S100XS40,
E02406,7955,2026-06-24,S100YHN2,S100YHN2,S100YHN2,S100YHN2
E02407,7950,2026-06-24,S100YI56,S100YI56,S100YI56,S100YI56
E02408,7949,2026-06-17,S100YAOG,S100YAOG,S100YAOG,S100YAOG
E02409,5906,2026-06-11,S100YA6U,S100YA6U,S100YA6U,
E02410,6413,2026-06-18,S100YE4Y,S100YE4Y,S100YE4Y,S100YE4Y
E02411,6863,2026-06-22,S100YFWS,S100YFWS,S100YFWS,S100YFWS
E02412,7947,2026-06-19,S100YDYF,S100YDYF,S100YDYF,S100YDYF
E02414,7743,2026-06-22,S100YGWB,S100YGWB,S100YGWB,S100YGWB
E02415,7943,2026-06-23,S100YH8A,S100YH8A,S100YH8A,S100YH8A
E02416,5187,2026-03-26,S100XUEF,S100XUEF,S100XUEF,
E02417,9697,2026-06-16,S100YCGO,S100YCGO,S100YCGO,S100YCGO
E02419,6417,2026-06-25,S100YI30,S100YI30,S100YI30,S100YI30
E02421,6291,2026-03-27,S100XUPZ,S100XUPZ,S100XUPZ,
E02423,7917,2026-06-17,S100YAZH,S100YAZH,S100YAZH,S100YAZH
E02425,7908,2026-05-22,S100Y5JR,S100Y5JR,S100Y5JR,S100Y5JR
E02427,7906,2026-06-17,S100YCTQ,S100YCTQ,S100YCTQ,S100YCTQ
E02428,7902,2026-06-24,S100YJAF,S100YJAF,S100YJAF,S100YJAF
E02431,6907,2026-06-25,S100YKF2,S100YKF2,S100YKF2,S100YKF2
E02435,7885,2026-06-25,S100YITM,S100YITM,S100YITM,S100YITM
E02438,5982,2026-05-26,S100Y6B9,S100Y6B9,S100Y6B9,
E02441,7877,2026-06-25,S100YJVJ,S100YJVJ,S100YJVJ,S100YJVJ
E02442,5956,2026-06-24,S100YHLG,S100YHLG,S100YHLG,S100YHLG
E02444,7874,2026-06-24,S100YIJB,S100YIJB,S100YIJB,S100YIJB
E02445,5965,2026-03-30,S100XV4T,S100XV4T,S100XV4T,
E02447,7399,2026-06-29,S100YM6C,S100YM6C,S100YM6C,S100YM6C
E02448,5903,2025-09-18,S100WP45,S100WP45,S100WP45,
E02450,7867,2026-06-24,S100YHL0,S100YHL0,S100YHL0,S100YHL0
E02452,6425,2026-03-30,S100XVDD,S100XVDD,S100XVDD,
E02458,4816,2026-06-19,S100YEQC,S100YEQC,S100YEQC,S100YEQC
E02459,7851,2026-06-26,S100YMBT,S100YMBT,S100YMBT,S100YMBT
E02462,6400,2026-03-26,S100XUJ9,S100XUJ9,S100XUJ9,
E02464,7847,2026-05-28,S100Y66O,S100Y66O,S100Y66O,
E02466,7846,2026-03-26,S100XU5I,S100XU5I,S100XU5I,
E02467,7844,2026-06-23,S100YGG0,S100YGG0,S100YGG0,S100YGG0
E02469,6267,2025-10-23,S100WWCW,S100WWCW,S100WWCW,
E02470,7839,2025-12-22,S100XC55,S100XC55,S100XC55,
E02475,6460,2026-06-17,S100YD3K,S100YD3K,S100YD3K,S100YD3K
E02477,4238,2026-04-22,S100Y0E4,S100Y0E4,S100Y0E4,
E02478,6159,2025-11-20,S100X5M8,S100X5M8,S100X5M8,
E02484,2929,2025-10-21,S100WW38,S100WW38,S100WW38,
E02485,7826,2026-09-28,S100Z403,S100Z403,S100Z403,S100Z403
E02488,6257,2026-06-25,S100YK8S,S100YK8S,S100YK8S,S100YK8S
E02489,3851,2026-06-26,S100YLU7,S100YLU7,S100YLU7,S100YLU7
E02490,4369,2026-04-24,S100XYYG,S100XYYG,S100XYYG,
E02491,3439,2026-09-24,S100Z3JA,S100Z3JA,S100Z3JA,S100Z3JA
E02492,7821,2026-09-18,S100Z2XO,S100Z2XO,S100Z2XO,S100Z2XO
E02494,4243,2025-12-22,S100XC1P,S100XC1P,S100XC1P,
E02497,8001,2026-06-12,S100YA6H,S100YA6H,S100YA6H,S100YA6H
E02498,8002,2026-06-12,S100YAY4,S100YAY4,S100YAY4,S100YAY4
E02501,8007,2026-06-16,S100YCID,S100YCID,S100YCID,S100YCID
E02503,8093,2026-06-22,S100YESK,S100YESK,S100YESK,S100YESK
E02505,8015,2026-06-18,S100YD8J,S100YD8J,S100YD8J,S100YD8J
E02506,8020,2026-06-22,S100YGCZ,S100YGCZ,S100YGCZ,S100YGCZ
E02509,8014,2026-06-16,S100YBIN,S100YBIN,S100YBIN,S100YBIN
E02510,8032,2026-06-22,S100YF3W,S100YF3W,S100YF3W,S100YF3W
E02512,8061,2026-06-05,S100Y935,S100Y935,S100Y935,S100Y935
E02513,8031,2026-06-12,S100YAVT,S100YAVT,S100YAVT,S100YAVT
E02515,8057,2025-10-10,S100WU40,S100WU40,S100WU40,
E02517,8098,2026-06-15,S100YB2W,S100YB2W,S100YB2W,S100YB2W
E02518,8084,2026-06-24,S100YGNM,S100YGNM,S100YGNM,S100YGNM
E02521,8016,2026-05-27,S100Y6J6,S100Y6J6,S100Y6J6,
E02522,8075,2026-06-19,S100YEV4,S100YEV4,S100YEV4,S100YEV4
E02525,8074,2026-06-23,S100YGZX,S100YGZX,S100YGZX,S100YGZX
E02527,8070,2026-06-23,S100YEID,S100YEID,S100YEID,S100YEID
E02528,8053,2026-06-12,S100YARD,S100YARD,S100YARD,S100YARD
E02529,8058,2026-06-12,S100YB25,S100YB25,S100YB25,S100YB25
E02535,8065,2026-06-19,S100YFE8,S100YFE8,S100YFE8,S100YFE8
E02537,E02537,2025-12-24,S100X8S3,S100X8S3,S100X8S3,
E02538,E02538,2026-06-26,S100YM13,S100YM13,S100YM13,S100YM13
E02542,3004,2026-06-19,S100YANZ,S100YANZ,S100YANZ,S100YANZ
E02547,3023,2026-06-24,S100YJIY,S100YJIY,S100YJIY,S100YJIY
E02548,3176,2025-12-17,S100XABQ,S100XABQ,S100XABQ,
E02549,8101,2026-06-23,S100YGXI,S100YGXI,S100YGXI,S100YGXI
E02551,E02551,2026-06-26,S100YD0U,S100YD0U,S100YD0U,S100YD0U
E02552,8012,2026-06-16,S100YBTV,S100YBTV,S100YBTV,S100YBTV
E02553,7485,2026-05-26,S100Y5YH,S100Y5YH,S100Y5YH,
E02554,8078,2026-06-19,S100YED6,S100YED6,S100YED6,S100YED6
E02560,8051,2026-06-15,S100YBDH,S100YBDH,S100YBDH,S100YBDH
E02561,8076,2026-06-19,S100YAX9,S100YAX9,S100YAX9,S100YAX9
E02562,E02562,2026-06-22,S100YFLX,S100YFLX,S100YFLX,S100YFLX
E02563,8103,2026-06-19,S100YF48,S100YF48,S100YF48,S100YF48
E02566,8030,2026-06-25,S100YL2H,S100YL2H,S100YL2H,S100YL2H
E02567,8088,2026-06-16,S100YBEM,S100YBEM,S100YBEM,S100YBEM
E02569,1948,2026-06-22,S100YFSO,S100YFSO,S100YFSO,S100YFSO
E02570,8077,2026-01-27,S100XHJG,S100XHJG,S100XHJG,
E02571,8039,2026-06-25,S100YISR,S100YISR,S100YISR,S100YISR
E02572,8052,2026-06-24,S100YIO8,S100YIO8,S100YIO8,S100YIO8
E02574,8043,2026-06-24,S100YIM9,S100YIM9,S100YIM9,S100YIM9
E02576,2874,2025-12-19,S100XBSF,S100XBSF,S100XBSF,
E02578,8059,2026-06-23,S100YGOV,S100YGOV,S100YGOV,S100YGOV
E02579,8085,2026-06-23,S100YHOM,S100YHOM,S100YHOM,S100YHOM
E02580,8081,2026-06-22,S100YFEF,S100YFEF,S100YFEF,S100YFEF
E02584,8089,2026-06-24,S100YI3N,S100YI3N,S100YI3N,S100YI3N
E02588,8025,2026-06-24,S100YDV3,S100YDV3,S100YDV3,S100YDV3
E02597,E02597,2026-06-26,S100YKCN,S100YKCN,S100YKCN,S100YKCN
E02602,8066,2026-06-24,S100YJ7S,S100YJ7S,S100YJ7S,S100YJ7S
E02604,423A,2025-12-25,S100XCRL,S100XCRL,S100XCRL,
E02608,8129,2026-06-24,S100YHSN,S100YHSN,S100YHSN,S100YHSN
E02611,8056,2026-06-22,S100YFCP,S100YFCP,S100YFCP,S100YFCP
E02616,8046,2026-06-19,S100YF98,S100YF98,S100YF98,S100YF98
E02618,8125,2026-05-25,S100Y60M,S100Y60M,S100Y60M,
E02625,E02625,2026-06-26,S100YKBV,S100YKBV,S100YKBV,S100YKBV
E02632,7459,2026-06-23,S100YI1C,S100YI1C,S100YI1C,S100YI1C
E02635,8158,2026-06-22,S100YFPG,S100YFPG,S100YFPG,S100YFPG
E02639,8115,2026-06-24,S100YDWL,S100YDWL,S100YDWL,S100YDWL
E02642,8117,2026-06-22,S100YFX5,S100YFX5,S100YFX5,S100YFX5
E02643,8133,2026-06-16,S100YC4K,S100YC4K,S100YC4K,S100YC4K
E02644,8060,2026-03-24,S100XS8C,S100XS8C,S100XS8C,
E02647,8119,2026-06-25,S100YJU6,S100YJU6,S100YJU6,S100YJU6
E02650,8123,2026-06-26,S100YLIH,S100YLIH,S100YLIH,S100YLIH
E02652,8035,2026-06-22,S100YEOO,S100YEOO,S100YEOO,S100YEOO
E02655,8136,2026-06-30,S100YNR0,S100YNR0,S100YNR0,S100YNR0
E02656,8137,2026-06-25,S100YJ4F,S100YJ4F,S100YJ4F,S100YJ4F
E02660,8139,2026-06-25,S100YJAK,S100YJAK,S100YJAK,S100YJAK
E02664,8141,2026-06-29,S100YME7,S100YME7,S100YME7,S100YME7
E02665,8142,2026-04-27,S100Y0S6,S100Y0S6,S100Y0S6,
E02671,8150,2026-06-18,S100YCKF,S100YCKF,S100YCKF,S100YCKF
E02672,8151,2025-12-18,S100X93C,S100X93C,S100X93C,
E02673,8152,2026-06-25,S100YI5G,S100YI5G,S100YI5G,S100YI5G
E02674,E02674,2026-06-29,S100YLD5,S100YLD5,S100YLD5,S100YLD5
E02675,8153,2026-06-22,S100YE7I,S100YE7I,S100YE7I,S100YE7I
E02676,8154,2026-06-30,S100YNQJ,S100YNQJ,S100YNQJ,S100YNQJ
E02678,8159,2026-06-23,S100YG86,S100YG86,S100YG86,S100YG86
E02679,8040,2026-03-30,S100XV8N,S100XV8N,S100XV8N,
E02681,8079,2026-01-28,S100XHU7,S100XHU7,S100XHU7,
E02682,8037,2026-06-25,S100YKU0,S100YKU0,S100YKU0,S100YKU0
E02683,8023,2026-06-24,S100YIXP,S100YIXP,S100YIXP,S100YIXP
E02684,8071,2026-06-24,S100YIEJ,S100YIEJ,S100YIEJ,S100YIEJ
E02686,4956,2026-06-16,S100YC07,S100YC07,S100YC07,S100YC07
E02688,8086,2026-06-25,S100YJLK,S100YJLK,S100YJLK,S100YJLK
E02691,8283,2026-06-19,S100YDG4,S100YDG4,S100YDG4,S100YDG4
E02692,8285,2026-06-11,S100YAL6,S100YAL6,S100YAL6,S100YAL6
E02693,8275,2026-06-19,S100YEZW,S100YEZW,S100YEZW,S100YEZW
E02698,8228,2026-06-22,S100YFT2,S100YFT2,S100YFT2,S100YFT2
E02699,8226,2026-06-25,S100YK3T,S100YK3T,S100YK3T,S100YK3T
E02701,9830,2026-03-18,S100XRJW,S100XRJW,S100XRJW,
E02706,9842,2026-05-21,S100Y5KN,S100Y5KN,S100Y5KN,
E02708,9845,2026-06-24,S100YJ1T,S100YJ1T,S100YJ1T,S100YJ1T
E02711,9849,2026-06-26,S100YM2W,S100YM2W,S100YM2W,S100YM2W
E02713,9857,2026-06-16,S100YCFQ,S100YCFQ,S100YCFQ,S100YCFQ
E02718,9867,2026-06-25,S100YKQM,S100YKQM,S100YKQM,S100YKQM
E02719,9869,2025-12-22,S100XA3X,S100XA3X,S100XA3X,
E02722,9872,2026-02-18,S100XM1D,S100XM1D,S100XM1D,
E02724,9880,2026-06-24,S100YJ5D,S100YJ5D,S100YJ5D,S100YJ5D
E02727,9885,2026-06-19,S100YE1F,S100YE1F,S100YE1F,S100YE1F
E02728,9888,2026-06-19,S100YDU2,S100YDU2,S100YDU2,S100YDU2
E02732,9896,2026-06-24,S100YJ4A,S100YJ4A,S100YJ4A,S100YJ4A
E02735,9882,2026-06-23,S100YC2P,S100YC2P,S100YC2P,S100YC2P
E02739,9818,2026-06-24,S100YII7,S100YII7,S100YII7,S100YII7
E02742,9824,2026-01-28,S100XHVV,S100XHVV,S100XHVV,
E02743,9827,2026-03-26,S100XUAQ,S100XUAQ,S100XUAQ,
E02745,9902,2026-06-16,S100YCBD,S100YCBD,S100YCBD,S100YCBD
E02747,9906,2026-06-24,S100YJUL,S100YJUL,S100YJUL,S100YJUL
E02749,9908,2026-06-18,S100YDG7,S100YDG7,S100YDG7,S100YDG7
E02752,9913,2026-06-19,S100YFGN,S100YFGN,S100YFGN,S100YFGN
E02759,9929,2026-06-22,S100YGD5,S100YGD5,S100YGD5,S100YGD5
E02760,9932,2026-06-15,S100YBJ3,S100YBJ3,S100YBJ3,S100YBJ3
E02761,9934,2026-06-23,S100YFJE,S100YFJE,S100YFJE,S100YFJE
E02765,9955,2026-06-18,S100YDUS,S100YDUS,S100YDUS,S100YDUS
E02767,3612,2026-05-21,S100Y4W7,S100Y4W7,S100Y4W7,
E02769,9960,2026-06-23,S100YGTS,S100YGTS,S100YGTS,S100YGTS
E02770,9962,2026-06-16,S100YB3N,S100YB3N,S100YB3N,S100YB3N
E02774,9972,2026-02-24,S100XMNZ,S100XMNZ,S100XMNZ,
E02776,9982,2026-05-25,S100Y62Z,S100Y62Z,S100Y62Z,
E02778,9984,2026-06-22,S100YGH5,S100YGH5,S100YGH5,S100YGH5
E02779,9986,2026-06-24,S100YJ27,S100YJ27,S100YJ27,S100YJ27
E02780,9987,2026-06-22,S100YFRU,S100YFRU,S100YFRU,S100YFRU
E02782,9991,2026-06-18,S100YD7I,S100YD7I,S100YD7I,S100YD7I
E02786,9996,2026-06-24,S100YHOR,S100YHOR,S100YHOR,S100YHOR
E02787,8225,2026-06-26,S100YJCQ,S100YJCQ,S100YJCQ,S100YJCQ
E02792,7417,2026-06-19,S100YCGG,S100YCGG,S100YCGG,S100YCGG
E02797,7425,2026-03-26,S100XT3I,S100XT3I,S100XT3I,
E02801,7427,2026-05-26,S100Y67Z,S100Y67Z,S100Y67Z,
E02802,7433,2026-06-23,S100YI3S,S100YI3S,S100YI3S,S100YI3S
E02803,7434,2025-08-28,S100WLHT,S100WLHT,S100WLHT,
E02804,7438,2026-06-23,S100YEX8,S100YEX8,S100YEX8,S100YEX8
E02805,7442,2026-06-19,S100YFRP,S100YFRP,S100YFRP,S100YFRP
E02807,7444,2026-06-25,S100YK4R,S100YK4R,S100YK4R,S100YK4R
E02809,7447,2025-11-19,S100X5AK,S100X5AK,S100X5AK,
E02810,7446,2025-12-17,S100XAMG,S100XAMG,S100XAMG,
E02812,3153,2026-06-19,S100YE8H,S100YE8H,S100YE8H,S100YE8H
E02813,7441,2026-06-23,S100YHK6,S100YHK6,S100YHK6,S100YHK6
E02818,7538,2026-06-29,S100YM6T,S100YM6T,S100YM6T,S100YM6T
E02819,E02819,2026-06-26,S100YL6P,S100YL6P,S100YL6P,S100YL6P
E02821,7456,2026-06-23,S100YGWM,S100YGWM,S100YGWM,S100YGWM
E02823,7461,2026-06-25,S100YJ86,S100YJ86,S100YJ86,S100YJ86
E02824,7458,2026-06-25,S100YK39,S100YK39,S100YK39,S100YK39
E02825,7460,2026-06-23,S100YHKP,S100YHKP,S100YHKP,S100YHKP
E02826,7463,2026-06-26,S100YM3U,S100YM3U,S100YM3U,S100YM3U
E02827,7466,2026-06-18,S100YCR6,S100YCR6,S100YCR6,S100YCR6
E02832,7475,2026-06-17,S100YD39,S100YD39,S100YD39,S100YD39
E02833,7472,2026-06-18,S100YC9S,S100YC9S,S100YC9S,S100YC9S
E02835,7476,2026-06-23,S100YHL5,S100YHL5,S100YHL5,S100YHL5
E02836,7477,2026-06-16,S100YCAP,S100YCAP,S100YCAP,S100YCAP
E02837,7481,2026-06-23,S100YDVR,S100YDVR,S100YDVR,S100YDVR
E02838,7480,2026-06-22,S100YG54,S100YG54,S100YG54,S100YG54
E02839,7482,2026-06-24,S100YIAX,S100YIAX,S100YIAX,S100YIAX
E02840,7483,2026-06-25,S100YGD2,S100YGD2,S100YGD2,S100YGD2
E02841,7486,2026-06-18,S100YDT8,S100YDT8,S100YDT8,S100YDT8
E02843,7488,2026-07-07,S100YP3N,S100YP3N,S100YP3N,S100YP3N
E02845,7490,2026-06-29,S100YKC9,S100YKC9,S100YKC9,S100YKC9
E02847,7500,2026-09-28,S100Z3XS,S100Z3XS,S100Z3XS,S100Z3XS
E02850,7504,2026-06-23,S100YEIF,S100YEIF,S100YEIF,S100YEIF
E02851,7510,2026-06-23,S100YHGY,S100YHGY,S100YHGY,S100YHGY
E02855,7521,2026-06-24,S100YHDE,S100YHDE,S100YHDE,S100YHDE
E02856,7525,2026-06-23,S100YGQ4,S100YGQ4,S100YGQ4,S100YGQ4
E02864,7537,2026-06-24,S100YIN7,S100YIN7,S100YIN7,S100YIN7
E02869,7552,2026-06-17,S100YCH4,S100YCH4,S100YCH4,S100YCH4
E02870,7551,2026-06-23,S100YFMB,S100YFMB,S100YFMB,S100YFMB
E02871,7555,2026-06-26,S100YLK4,S100YLK4,S100YLK4,S100YLK4
E02875,7565,2026-06-29,S100YLNO,S100YLNO,S100YLNO,S100YLNO
E02876,3420,2026-06-18,S100YDJU,S100YDJU,S100YDJU,S100YDJU
E02881,7575,2026-06-19,S100YEH7,S100YEH7,S100YEH7,S100YEH7
E02888,7590,2026-04-17,S100XYFO,S100XYFO,S100XYFO,
E02892,7599,2026-05-25,S100Y64O,S100Y64O,S100Y64O,
E02894,7600,2026-06-18,S100YCSL,S100YCSL,S100YCSL,S100YCSL
E02896,7607,2025-11-19,S100X5L9,S100X5L9,S100X5L9,
E02897,7608,2026-05-27,S100Y6QH,S100Y6QH,S100Y6QH,
E02898,7609,2026-03-27,S100XUE0,S100XUE0,S100XUE0,
E02900,7613,2026-03-27,S100XUJ0,S100XUJ0,S100XUJ0,
E02902,7619,2026-06-22,S100YDHJ,S100YDHJ,S100YDHJ,S100YDHJ
E02903,7624,2026-05-19,S100Y4MW,S100Y4MW,S100Y4MW,
E02905,7628,2026-06-23,S100YHS4,S100YHS4,S100YHS4,S100YHS4
E02909,4743,2026-06-12,S100YAUM,S100YAUM,S100YAUM,S100YAUM
E02920,3426,2026-09-25,S100Z38M,S100Z38M,S100Z38M,S100Z38M
E02923,2668,2026-05-20,S100Y4Z8,S100Y4Z8,S100Y4Z8,
E02925,2670,2026-05-25,S100Y5F0,S100Y5F0,S100Y5F0,
E02927,2676,2026-06-22,S100YFGR,S100YFGR,S100YFGR,S100YFGR
E02934,2700,2026-03-25,S100XSQ8,S100XSQ8,S100XSQ8,
E02938,2708,2026-06-23,S100YG7R,S100YG7R,S100YG7R,S100YG7R
E02946,2737,2026-06-25,S100YJQ2,S100YJQ2,S100YJQ2,S100YJQ2
E02947,2733,2026-06-19,S100YEVF,S100YEVF,S100YEVF,S100YEVF
E02952,2750,2026-06-22,S100YEZP,S100YEZP,S100YEZP,S100YEZP
E02955,2760,2026-06-16,S100YBV4,S100YBV4,S100YBV4,S100YBV4
E02958,2768,2026-06-09,S100Y9EI,S100Y9EI,S100Y9EI,S100Y9EI
E02967,3320,2026-04-23,S100Y0F4,S100Y0F4,S100Y0F4,
E02968,3321,2026-08-27,S100YYVJ,S100YYVJ,S100YYVJ,S100YYVJ
E02980,7837,2026-06-17,S100YDAM,S100YDAM,S100YDAM,S100YDAM
E02986,3374,2026-06-23,S100YH0J,S100YH0J,S100YH0J,S100YH0J
E02988,3377,2026-02-18,S100XLTO,S100XLTO,S100XLTO,
E02991,3386,2026-03-18,S100XRR0,S100XRR0,S100XRR0,
E02992,3388,2026-06-25,S100YKYA,S100YKYA,S100YKYA,S100YKYA
E02995,3035,2025-11-11,S100WXKZ,S100WXKZ,S100WXKZ,
E02997,3024,2026-06-18,S100YD0K,S100YD0K,S100YD0K,S100YD0K
E02998,3036,2026-06-17,S100YCV6,S100YCV6,S100YCV6,S100YCV6
E02999,3038,2026-01-28,S100XHUJ,S100XHUJ,S100XHUJ,
E03005,3079,2026-06-25,S100YL91,S100YL91,S100YL91,S100YL91
E03013,8233,2026-05-20,S100Y4X5,S100Y4X5,S100Y4X5,
E03017,8237,2026-05-27,S100Y6A8,S100Y6A8,S100Y6A8,
E03020,8242,2026-06-23,S100YDD0,S100YDD0,S100YDD0,S100YDD0
E03021,8244,2026-05-25,S100Y5TO,S100Y5TO,S100Y5TO,
E03025,8247,2026-05-29,S100Y7D9,S100Y7D9,S100Y7D9,
E03032,8260,2026-05-27,S100Y6HY,S100Y6HY,S100Y6HY,
E03036,8022,2026-06-22,S100YFWX,S100YFWX,S100YFWX,S100YFWX
E03040,8252,2026-06-19,S100YEI3,S100YEI3,S100YEI3,S100YEI3
E03041,8253,2026-06-16,S100YCDE,S100YCDE,S100YCDE,S100YCDE
E03044,8254,2025-11-19,S100X51A,S100X51A,S100X51A,
E03051,8174,2026-06-19,S100YEGP,S100YEGP,S100YEGP,S100YEGP
E03052,8173,2026-06-23,S100YHVK,S100YHVK,S100YHVK,S100YHVK
E03054,8005,2026-05-28,S100Y6S7,S100Y6S7,S100Y6S7,S100Y6S7
E03061,8267,2026-05-25,S100Y5VH,S100Y5VH,S100Y5VH,
E03068,8273,2026-05-26,S100Y671,S100Y671,S100Y671,
E03071,8130,2026-06-16,S100YA8B,S100YA8B,S100YA8B,S100YA8B
E03072,8190,2026-06-09,S100Y9HQ,S100Y9HQ,S100Y9HQ,
E03076,8135,2026-06-26,S100YJPU,S100YJPU,S100YJPU,S100YJPU
E03077,8185,2026-05-20,S100Y563,S100Y563,S100Y563,
E03081,8276,2026-05-11,S100Y2FB,S100Y2FB,S100Y2FB,
E03083,8194,2026-05-26,S100Y63D,S100Y63D,S100Y63D,
E03087,8198,2026-05-18,S100Y494,S100Y494,S100Y494,
E03092,8165,2026-03-25,S100XRKS,S100XRKS,S100XRKS,
E03093,8166,2026-05-18,S100Y4PA,S100Y4PA,S100Y4PA,
E03099,8200,2026-05-27,S100Y5IT,S100Y5IT,S100Y5IT,
E03108,8207,2026-06-24,S100YIGD,S100YIGD,S100YIGD,S100YIGD
E03116,8214,2026-06-22,S100YFPQ,S100YFPQ,S100YFPQ,S100YFPQ
E03118,8278,2026-05-18,S100Y4CU,S100Y4CU,S100Y4CU,
E03119,8217,2026-05-13,S100Y362,S100Y362,S100Y362,
E03120,8218,2026-06-24,S100YJBF,S100YJBF,S100YJBF,S100YJBF
E03121,8160,2026-06-23,S100YGX7,S100YGX7,S100YGX7,S100YGX7
E03124,8219,2026-06-25,S100YJ44,S100YJ44,S100YJ44,S100YJ44
E03128,8282,2026-06-23,S100YFQY,S100YFQY,S100YFQY,S100YFQY
E03134,8230,2026-06-19,S100YDVL,S100YDVL,S100YDVL,S100YDVL
E03137,8227,2026-05-12,S100Y2PP,S100Y2PP,S100Y2PP,
E03138,9832,2026-06-22,S100YF3G,S100YF3G,S100YF3G,S100YF3G
E03139,9831,2026-06-25,S100YJWD,S100YJWD,S100YJWD,S100YJWD
E03141,9835,2026-05-27,S100Y6C2,S100Y6C2,S100Y6C2,
E03144,9843,2026-06-24,S100YIMF,S100YIMF,S100YIMF,S100YIMF
E03146,9846,2026-05-25,S100Y4A4,S100Y4A4,S100Y4A4,
E03147,9853,2026-06-24,S100YJPB,S100YJPB,S100YJPB,S100YJPB
E03148,9854,2026-06-25,S100YJUD,S100YJUD,S100YJUD,S100YJUD
E03153,9861,2026-05-22,S100Y5NR,S100Y5NR,S100Y5NR,
E03163,9876,2026-05-19,S100Y4RA,S100Y4RA,S100Y4RA,
E03166,9890,2026-06-29,S100YN3H,S100YN3H,S100YN3H,S100YN3H
E03173,9823,2025-12-18,S100XBFS,S100XBFS,S100XBFS,
E03176,9828,2026-06-17,S100YCXM,S100YCXM,S100YCXM,S100YCXM
E03179,9903,2026-05-27,S100Y67I,S100Y67I,S100Y67I,
E03180,7937,2026-06-25,S100Y7SI,S100Y7SI,S100Y7SI,S100Y7SI
E03181,9904,2026-06-22,S100YGMS,S100YGMS,S100YGMS,S100YGMS
E03188,9946,2026-05-20,S100Y4UH,S100Y4UH,S100Y4UH,
E03189,E03189,2025-08-29,S100WK6A,S100WK6A,S100WK6A,
E03193,9936,2026-06-24,S100YHJQ,S100YHJQ,S100YHJQ,S100YHJQ
E03196,9942,2026-09-14,S100Z1WR,S100Z1WR,S100Z1WR,S100Z1WR
E03199,9948,2026-05-25,S100Y640,S100Y640,S100Y640,
E03202,9950,2026-06-18,S100YDJ0,S100YDJ0,S100YDJ0,
E03207,9956,2026-06-25,S100YHUD,S100YHUD,S100YHUD,S100YHUD
E03213,9969,2026-06-24,S100YJTJ,S100YJTJ,S100YJTJ,S100YJTJ
E03216,9974,2026-05-20,S100Y4X3,S100Y4X3,S100Y4X3,
E03217,9983,2025-11-28,S100X6X6,S100X6X6,S100X6X6,
E03219,9976,2026-05-14,S100Y3VC,S100Y3VC,S100Y3VC,
E03223,9979,2025-11-25,S100X5DP,S100X5DP,S100X5DP,
E03226,9989,2026-06-26,S100YL7Q,S100YL7Q,S100YL7Q,S100YL7Q
E03227,9994,2026-06-24,S100YIXT,S100YIXT,S100YIXT,S100YIXT
E03228,9993,2026-05-27,S100Y6JY,S100Y6JY,S100Y6JY,
E03229,9997,2026-06-24,S100YJ5M,S100YJ5M,S100YJ5M,S100YJ5M
E03231,7412,2026-06-19,S100YDI1,S100YDI1,S100YDI1,S100YDI1
E03235,7419,2026-06-12,S100YAOT,S100YAOT,S100YAOT,S100YAOT
E03236,7421,2026-06-22,S100YDD5,S100YDD5,S100YDD5,S100YDD5
E03240,7445,2025-11-27,S100X6V7,S100X6V7,S100X6V7,
E03248,7453,2025-11-21,S100X5NI,S100X5NI,S100X5NI,
E03251,7464,2026-06-25,S100YJG0,S100YJG0,S100YJG0,S100YJG0
E03259,7494,2025-12-23,S100XC1F,S100XC1F,S100XC1F,
E03264,7505,2025-12-17,S100XAQS,S100XAQS,S100XAQS,
E03266,7506,2026-06-23,S100YHK9,S100YHK9,S100YHK9,S100YHK9
E03268,7512,2026-05-15,S100Y36L,S100Y36L,S100Y36L,
E03270,7513,2025-11-17,S100X50A,S100X50A,S100X50A,
E03271,7514,2025-11-25,S100X67D,S100X67D,S100X67D,
E03272,7515,2026-05-27,S100Y5AV,S100Y5AV,S100Y5AV,
E03273,7516,2026-05-29,S100Y7KL,S100Y7KL,S100Y7KL,
E03274,7520,2026-05-19,S100Y4BQ,S100Y4BQ,S100Y4BQ,
E03275,7522,2026-06-29,S100YMJJ,S100YMJJ,S100YMJJ,S100YMJJ
E03276,7523,2026-06-24,S100YI6G,S100YI6G,S100YI6G,S100YI6G
E03278,7524,2026-06-29,S100YML0,S100YML0,S100YML0,S100YML0
E03280,7532,2026-09-25,S100Z42G,S100Z42G,S100Z42G,S100Z42G
E03281,7872,2026-06-29,S100YLKC,S100YLKC,S100YLKC,S100YLKC
E03283,2294,2026-07-23,S100YRG8,S100YRG8,S100YRG8,S100YRG8
E03287,7545,2026-05-13,S100Y3CW,S100Y3CW,S100Y3CW,
E03289,4558,2026-06-24,S100YJGX,S100YJGX,S100YJGX,S100YJGX
E03291,7550,2026-06-25,S100YKA9,S100YKA9,S100YKA9,S100YKA9
E03293,7554,2026-06-17,S100YCYB,S100YCYB,S100YCYB,S100YCYB
E03295,7562,2026-06-24,S100YEJV,S100YEJV,S100YEJV,S100YEJV
E03296,7564,2026-06-25,S100YGNI,S100YGNI,S100YGNI,S100YGNI
E03299,7571,2026-06-25,S100YJEK,S100YJEK,S100YJEK,S100YJEK
E03302,E03302,2026-05-22,S100Y5Q8,S100Y5Q8,S100Y5Q8,
E03305,7581,2025-11-25,S100X5Z0,S100X5Z0,S100X5Z0,
E03306,7585,2026-09-25,S100Z46T,S100WR5V,S100WR5V,
E03310,7596,2026-06-22,S100YGEC,S100YGEC,S100YGEC,S100YGEC
E03312,7601,2026-05-27,S100Y6BQ,S100Y6BQ,S100Y6BQ,
E03313,7603,2026-05-22,S100Y5TM,S100Y5TM,S100Y5TM,
E03314,7604,2026-07-28,S100YSIF,S100YSIF,S100YSIF,S100YSIF
E03316,7606,2026-06-19,S100YEY5,S100YEY5,S100YEY5,S100YEY5
E03318,7611,2026-05-26,S100Y64B,S100Y64B,S100Y64B,
E03319,7610,2026-05-29,S100Y7L3,S100Y7L3,S100Y7L3,
E03321,7616,2026-06-22,S100YG3O,S100YG3O,S100YG3O,S100YG3O
E03324,7621,2026-06-25,S100YL71,S100YL71,S100YL71,S100YL71
E03327,7625,2026-03-26,S100XTRA,S100XTRA,S100XTRA,
E03329,7630,2026-05-28,S100Y73F,S100Y73F,S100Y73F,
E03330,7634,2026-06-24,S100YHH0,S100YHH0,S100YHH0,S100YHH0
E03331,7636,2026-09-24,S100Z3HP,S100Z3HP,S100Z3HP,S100Z3HP
E03332,7637,2026-06-23,S100YI9D,S100YI9D,S100YI9D,S100YI9D
E03336,7640,2026-01-29,S100XI4H,S100XI4H,S100XI4H,
E03340,7643,2025-12-22,S100XC2D,S100XC2D,S100XC2D,
E03342,9441,2026-03-25,S100XT5G,S100XT5G,S100XT5G,
E03343,7646,2025-12-17,S100XAET,S100XAET,S100XAET,
E03344,7649,2026-05-20,S100Y3QN,S100Y3QN,S100Y3QN,
E03347,2652,2025-12-25,S100XD0Z,S100XD0Z,S100XD0Z,
E03349,2653,2026-05-19,S100Y4YP,S100Y4YP,S100Y4YP,
E03352,2659,2026-05-25,S100Y64A,S100Y64A,S100Y64A,
E03355,2666,2026-06-26,S100YLV8,S100YLV8,S100YLV8,S100YLV8
E03356,2664,2026-06-10,S100Y9UW,S100Y9UW,S100Y9UW,
E03358,2669,2026-05-25,S100Y5SJ,S100Y5SJ,S100Y5SJ,
E03361,2674,2026-06-23,S100YHYF,S100YHYF,S100YHYF,S100YHYF
E03362,E03362,2026-06-19,S100YF3C,S100YF3C,S100YF3C,
E03363,2678,2026-07-30,S100YSYE,S100YSYE,S100YSYE,S100YSYE
E03365,2683,2026-05-22,S100Y5OG,S100Y5OG,S100Y5OG,
E03367,2681,2026-06-25,S100YJMA,S100YJMA,S100YJMA,S100YJMA
E03368,2685,2026-05-26,S100Y5ZC,S100Y5ZC,S100Y5ZC,
E03370,2686,2026-05-25,S100Y651,S100Y651,S100Y651,
E03374,2694,2026-06-22,S100YGJS,S100YGJS,S100YGJS,S100YGJS
E03375,2695,2026-01-27,S100XHP5,S100XHP5,S100XHP5,
E03377,2698,2026-05-25,S100Y64P,S100Y64P,S100Y64P,
E03379,4337,2026-06-18,S100YDQN,S100YDQN,S100YDQN,S100YDQN
E03393,2305,2026-05-27,S100Y6JW,S100Y6JW,S100Y6JW,
E03395,2742,2026-05-25,S100Y5WR,S100Y5WR,S100Y5WR,
E03397,2747,2026-05-26,S100Y6GL,S100Y6GL,S100Y6GL,
E03398,2753,2026-06-12,S100Y9U0,S100Y9U0,S100Y9U0,S100Y9U0
E03399,2730,2026-06-23,S100YDWB,S100YDWB,S100YDWB,S100YDWB
E03404,2762,2026-09-24,S100Z3DU,S100WQ92,S100WQ92,
E03406,2764,2026-06-26,S100YL5S,S100YL5S,S100YL5S,S100YL5S
E03407,2767,2026-06-16,S100YBQC,S100YBQC,S100YBQC,S100YBQC
E03418,2782,2026-06-24,S100YH2R,S100YH2R,S100YH2R,S100YH2R
E03421,2790,2026-06-24,S100YJ0H,S100YJ0H,S100YJ0H,S100YJ0H
E03422,2789,2026-05-29,S100Y72L,S100Y72L,S100Y72L,
E03423,2791,2026-08-25,S100YYHK,S100YYHK,S100YYHK,S100YYHK
E03424,2792,2026-08-24,S100YY3Q,S100YY3Q,S100YY3Q,S100YY3Q
E03428,2798,2026-05-27,S100Y6U1,S100Y6U1,S100Y6U1,
E03432,3317,2026-06-24,S100YHND,S100YHND,S100YHND,S100YHND
E03434,3326,2026-06-19,S100YFHT,S100YFHT,S100YFHT,S100YFHT
E03436,3329,2026-07-28,S100YSG1,S100YSG1,S100YSG1,S100YSG1
E03439,3333,2026-05-13,S100Y2X4,S100Y2X4,S100Y2X4,
E03446,3349,2026-08-26,S100YYDI,S100WLSP,S100WLSP,
E03447,3352,2026-06-18,S100YDDM,S100YDDM,S100YDDM,S100YDDM
E03454,3361,2026-07-28,S100YSDU,S100YSDU,S100YSDU,S100YSDU
E03456,3370,2026-06-25,S100YIJ4,S100YIJ4,S100YIJ4,S100YIJ4
E03457,3372,2026-06-22,S100YGBF,S100YGBF,S100YGBF,S100YGBF
E03462,3382,2026-05-20,S100Y4VB,S100Y4VB,S100Y4VB,
E03464,3391,2026-05-21,S100Y5EY,S100Y5EY,S100Y5EY,
E03465,3021,2026-08-25,S100YYIV,S100YYIV,S100YYIV,S100YYIV
E03467,3396,2026-05-27,S100Y6XM,S100Y6XM,S100Y6XM,
E03468,3397,2026-06-19,S100YDW4,S100YDW4,S100YDW4,S100YDW4
E03470,3399,2026-04-30,S100Y1KO,S100Y1KO,S100Y1KO,
E03472,3020,2026-06-18,S100YDKO,S100YDKO,S100YDKO,S100YDKO
E03473,3030,2026-05-28,S100Y764,S100Y764,S100Y764,
E03474,3032,2026-06-24,S100YHOE,S100YHOE,S100YHOE,S100YHOE
E03475,3028,2026-09-24,S100Z2YO,S100Z2YO,S100Z2YO,S100Z2YO
E03478,3053,2026-03-26,S100XULF,S100XULF,S100XULF,
E03481,3048,2025-11-19,S100X5J8,S100X5J8,S100X5J8,
E03485,3067,2025-12-25,S100XCZ1,S100XCZ1,S100XCZ1,
E03490,3065,2026-05-26,S100Y57D,S100Y57D,S100Y57D,
E03492,262A,2026-03-24,S100XT2Q,S100XT2Q,S100XT2Q,
E03493,7823,2026-06-17,S100YCH9,S100YCH9,S100YCH9,S100YCH9
E03494,3059,2026-06-29,S100YJ9F,S100YJ9F,S100YJ9F,S100YJ9F
E03495,3063,2026-05-29,S100Y7CP,S100Y7CP,S100Y7CP,
E03497,3064,2026-03-25,S100XSYP,S100XSYP,S100XSYP,
E03505,3077,2026-02-25,S100XN95,S100XN95,S100XN95,
E03507,3075,2026-05-28,S100Y6WM,S100Y6WM,S100Y6WM,
E03509,3080,2026-05-26,S100Y69Z,S100Y69Z,S100Y69Z,
E03515,3197,2026-03-26,S100XUBI,S100XUBI,S100XUBI,
E03516,3086,2026-05-26,S100Y6K0,S100Y6K0,S100Y6K0,
E03517,3091,2026-03-25,S100XT8X,S100XT8X,S100XT8X,
E03520,3093,2026-05-26,S100Y644,S100Y644,S100Y644,
E03521,3099,2026-06-17,S100YD7C,S100YD7C,S100YD7C,S100YD7C
E03524,3096,2026-06-25,S100YKNJ,S100YKNJ,S100YKNJ,S100YKNJ
E03528,3097,2026-09-24,S100Z3ME,S100Z3ME,S100Z3ME,S100Z3ME
E03530,8303,2026-06-19,S100YDBB,S100YDBB,S100YDBB,S100YDBB
E03531,8304,2026-06-17,S100YCRO,S100YCRO,S100YCRO,S100YCRO
E03532,E03532,2026-06-19,S100YFAH,S100YFAH,S100YFAH,S100YFAH
E03533,E03533,2026-06-24,S100YJSZ,S100YJSZ,S100YJSZ,S100YJSZ
E03538,E03538,2026-06-19,S100YDPD,S100YDPD,S100YDPD,S100YDPD
E03543,8345,2026-06-18,S100YD6A,S100YD6A,S100YD6A,S100YD6A
E03544,8349,2026-06-19,S100YEUT,S100YEUT,S100YEUT,S100YEUT
E03545,8341,2026-06-15,S100YAM0,S100YAM0,S100YAM0,S100YAM0
E03546,8343,2026-06-15,S100YATN,S100YATN,S100YATN,S100YATN
E03549,8344,2026-06-18,S100YE2M,S100YE2M,S100YE2M,S100YE2M
E03550,8346,2026-06-15,S100Y9W6,S100Y9W6,S100Y9W6,S100Y9W6
E03552,8338,2026-06-18,S100YDJN,S100YDJN,S100YDJN,S100YDJN
E03554,8334,2026-06-12,S100Y8O1,S100Y8O1,S100Y8O1,S100Y8O1
E03555,8336,2026-06-18,S100YDFO,S100YDFO,S100YDFO,S100YDFO
E03556,8331,2026-06-19,S100YDSE,S100YDSE,S100YDSE,S100YDSE
E03557,8337,2026-06-19,S100YDK0,S100YDK0,S100YDK0,S100YDK0
E03562,8360,2026-06-15,S100YAZE,S100YAZE,S100YAZE,S100YAZE
E03563,8359,2026-06-16,S100YAUN,S100YAUN,S100YAUN,S100YAUN
E03565,8365,2026-06-22,S100YFUZ,S100YFUZ,S100YFUZ,S100YFUZ
E03567,8362,2026-06-23,S100YFJC,S100YFJC,S100YFJC,S100YFJC
E03568,8361,2026-06-19,S100YELN,S100YELN,S100YELN,S100YELN
E03571,8358,2026-06-17,S100YCW1,S100YCW1,S100YCW1,S100YCW1
E03572,8364,2026-06-16,S100YC9F,S100YC9F,S100YC9F,S100YC9F
E03574,8368,2026-06-19,S100YBNQ,S100YBNQ,S100YBNQ,S100YBNQ
E03575,8366,2026-06-17,S100YBKA,S100YBKA,S100YBKA,S100YBKA
E03580,8367,2026-06-19,S100YEBM,S100YEBM,S100YEBM,S100YEBM
E03581,8370,2026-06-22,S100YE5S,S100YE5S,S100YE5S,S100YE5S
E03582,8383,2026-06-22,S100YDT2,S100YDT2,S100YDT2,S100YDT2
E03583,8381,2026-06-16,S100YBU8,S100YBU8,S100YBU8,S100YBU8
E03587,8388,2026-06-12,S100YAMP,S100YAMP,S100YAMP,S100YAMP
E03588,8386,2026-06-15,S100YA4U,S100YA4U,S100YA4U,S100YA4U
E03590,8387,2026-06-18,S100YD3N,S100YD3N,S100YD3N,S100YD3N
E03592,8398,2026-06-22,S100YE9H,S100YE9H,S100YE9H,S100YE9H
E03596,8392,2026-06-18,S100YDA0,S100YDA0,S100YDA0,S100YDA0
E03597,8393,2026-06-22,S100YGVF,S100YGVF,S100YGVF,S100YGVF
E03599,8395,2026-06-23,S100YH10,S100YH10,S100YH10,S100YH10
E03600,E03600,2026-06-25,S100YI1V,S100YI1V,S100YI1V,S100YI1V
E03602,8399,2026-06-17,S100YCM2,S100YCM2,S100YCM2,S100YCM2
E03606,8306,2026-06-24,S100YJQO,S100YJQO,S100YJQO,S100YJQO
E03610,8308,2026-06-19,S100YDP3,S100YDP3,S100YDP3,S100YDP3
E03611,8309,2026-06-17,S100YBGM,S100YBGM,S100YBGM,S100YBGM
E03614,8316,2026-06-19,S100YERK,S100YERK,S100YERK,S100YERK
E03615,8411,2026-06-19,S100YF8Y,S100YF8Y,S100YF8Y,S100YF8Y
E03617,E03617,2026-06-19,S100YEQG,S100YEQG,S100YEQG,S100YEQG
E03618,8377,2026-06-16,S100YBV5,S100YBV5,S100YBV5,S100YBV5
E03621,5838,2026-06-22,S100YGME,S100YGME,S100YGME,S100YGME
E03622,8418,2026-06-18,S100YE1V,S100YE1V,S100YE1V,S100YE1V
E03623,8410,2026-06-17,S100YC1N,S100YC1N,S100YC1N,S100YC1N
E03624,8354,2026-06-19,S100YFNB,S100YFNB,S100YFNB,S100YFNB
E03626,E03626,2026-06-24,S100YIH8,S100YIH8,S100YIH8,S100YIH8
E03627,E03627,2026-06-17,S100YBGJ,S100YBGJ,S100YBGJ,S100YBGJ
E03632,8524,2026-06-15,S100YBAP,S100YBAP,S100YBAP,S100YBAP
E03634,8551,2026-06-19,S100Y8FP,S100Y8FP,S100Y8FP,S100Y8FP
E03637,8562,2026-06-18,S100YCO6,S100YCO6,S100YCO6,S100YCO6
E03639,8550,2026-06-19,S100YE6L,S100YE6L,S100YE6L,S100YE6L
E03640,8558,2026-06-18,S100YCZF,S100YCZF,S100YCZF,S100YCZF
E03641,8544,2026-06-17,S100YBD2,S100YBD2,S100YBD2,S100YBD2
E03645,8537,2026-06-19,S100YC1U,S100YC1U,S100YC1U,S100YC1U
E03646,7184,2026-06-19,S100YCB2,S100YCB2,S100YCB2,S100YCB2
E03648,E03648,2026-06-23,S100YFGS,S100YFGS,S100YFGS,S100YFGS
E03652,8522,2026-06-18,S100YCZ0,S100YCZ0,S100YCZ0,S100YCZ0
E03660,E03660,2026-06-18,S100YCB1,S100YCB1,S100YCB1,S100YCB1
E03663,8541,2026-06-19,S100YENS,S100YENS,S100YENS,S100YENS
E03664,8416,2026-06-25,S100YJZJ,S100YJZJ,S100YJZJ,S100YJZJ
E03669,8560,2026-06-22,S100YG72,S100YG72,S100YG72,S100YG72
E03670,8554,2026-06-23,S100YGBN,S100YGBN,S100YGBN,S100YGBN
E03673,8559,2026-06-19,S100YF85,S100YF85,S100YF85,S100YF85
E03674,8563,2026-06-23,S100YHKN,S100YHKN,S100YHKN,S100YHKN
E03676,E03676,2026-06-17,S100YCEI,S100YCEI,S100YCEI,S100YCEI
E03678,8542,2026-06-25,S100YJ7V,S100YJ7V,S100YJ7V,S100YJ7V
E03679,7150,2026-06-23,S100YHPP,S100YHPP,S100YHPP,S100YHPP
E03683,E03683,2026-06-17,S100YCGZ,S100YCGZ,S100YCGZ,S100YCGZ
E03688,8511,2026-06-24,S100YIQY,S100YIQY,S100YIQY,S100YIQY
E03693,8572,2026-06-16,S100YBXA,S100YBXA,S100YBXA,S100YBXA
E03716,8747,2026-06-25,S100YJ8P,S100YJ8P,S100YJ8P,S100YJ8P
E03721,E03721,2026-06-18,S100YDNT,S100YDNT,S100YDNT,S100YDNT
E03729,8421,2026-06-23,S100YH59,S100YH59,S100YH59,S100YH59
E03730,E03730,2026-06-24,S100YH20,S100YH20,S100YH20,S100YH20
E03736,E03736,2026-06-30,S100YNAF,S100YNAF,S100YNAF,S100YNAF
E03752,8604,2026-06-22,S100YC5C,S100YC5C,S100YC5C,S100YC5C
E03753,8601,2026-06-17,S100YCMP,S100YCMP,S100YCMP,S100YCMP
E03760,8613,2026-06-16,S100YC95,S100YC95,S100YC95,S100YC95
E03761,E03761,2026-06-25,S100YFBW,S100YFBW,S100YFBW,S100YFBW
E03762,8622,2026-06-18,S100YDIT,S100YDIT,S100YDIT,S100YDIT
E03764,8616,2026-06-23,S100YGI5,S100YGI5,S100YGI5,S100YGI5
E03768,8614,2026-06-23,S100YH08,S100YH08,S100YH08,S100YH08
E03772,8624,2026-06-12,S100YANQ,S100YANQ,S100YANQ,S100YANQ
E03784,8706,2026-06-19,S100YEU4,S100YEU4,S100YEU4,S100YEU4
E03788,8707,2026-06-23,S100YG9I,S100YG9I,S100YG9I,S100YG9I
E03792,8700,2026-06-19,S100YEDZ,S100YEDZ,S100YEDZ,S100YEDZ
E03807,8628,2026-06-22,S100YFPS,S100YFPS,S100YFPS,S100YFPS
E03814,8697,2026-06-11,S100YA84,S100YA84,S100YA84,S100YA84
E03816,E03816,2026-06-30,S100YNPY,S100YNPY,S100YNPY,S100YNPY
E03823,E03823,2026-06-26,S100YLTM,S100YLTM,S100YLTM,S100YLTM
E03824,E03824,2026-06-30,S100YN6S,S100YN6S,S100YN6S,S100YN6S
E03827,E03827,2026-06-17,S100YC6H,S100YC6H,S100YC6H,S100YC6H
E03833,E03833,2026-06-30,S100YN5G,S100YN5G,S100YN5G,S100YN5G
E03837,E03837,2026-06-29,S100YIDG,S100YIDG,S100YIDG,S100YIDG
E03838,E03838,2026-06-24,S100YH9N,S100YH9N,S100YH9N,S100YH9N
E03847,8766,2026-06-26,S100YLS8,S100YLS8,S100YLS8,S100YLS8
E03850,E03850,2026-06-25,S100YK13,S100YK13,S100YK13,S100YK13
E03854,8725,2026-06-30,S100YNCJ,S100YNCJ,S100YNCJ,S100YNCJ
E03855,8801,2026-06-24,S100YHUO,S100YHUO,S100YHUO,S100YHUO
E03856,8802,2026-06-24,S100YBLA,S100YBLA,S100YBLA,S100YBLA
E03858,8803,2026-06-24,S100YJ5I,S100YJ5I,S100YJ5I,S100YJ5I
E03859,8804,2026-03-23,S100XSKF,S100XSKF,S100XSKF,
E03861,E03861,2026-06-29,S100YEN4,S100YEN4,S100YEN4,S100YEN4
E03863,9706,2026-06-22,S100YGGN,S100YGGN,S100YGGN,S100YGGN
E03907,8830,2026-06-24,S100YI5D,S100YI5D,S100YI5D,S100YI5D
E03908,E03908,2026-06-24,S100YHLE,S100YHLE,S100YHLE,S100YHLE
E03938,8844,2026-06-17,S100YCZ3,S100YCZ3,S100YCZ3,S100YCZ3
E03943,8848,2026-06-19,S100YEPX,S100YEPX,S100YEPX,S100YEPX
E03945,8850,2026-06-25,S100YKTS,S100YKTS,S100YKTS,S100YKTS
E03953,8860,2026-06-15,S100YB7Y,S100YB7Y,S100YB7Y,S100YB7Y
E03958,8864,2026-06-23,S100YGNC,S100YGNC,S100YGNC,S100YGNC
E03967,8869,2026-06-24,S100YJF1,S100YJF1,S100YJF1,S100YJF1
E03969,4681,2026-06-23,S100YFZK,S100YFZK,S100YFZK,S100YFZK
E03977,8877,2026-06-23,S100YHNU,S100YHNU,S100YHNU,S100YHNU
E03992,8892,2026-06-23,S100YGKW,S100YGKW,S100YGKW,S100YGKW
E04002,E04002,2026-05-19,S100Y4US,S100Y4US,S100Y4US,
E04013,8917,2026-01-22,S100XH4J,S100XH4J,S100XH4J,
E04018,8920,2026-06-24,S100YI5M,S100YI5M,S100YI5M,S100YI5M
E04021,8923,2026-02-25,S100XMC1,S100XMC1,S100XMC1,
E04025,8928,2026-09-28,S100Z4HA,S100Z4HA,S100Z4HA,S100Z4HA
E04029,8931,2026-05-25,S100Y62K,S100Y62K,S100Y62K,
E04031,8934,2026-06-22,S100YGKR,S100YGKR,S100YGKR,S100YGKR
E04036,8940,2025-08-26,S100WL3S,S100WL3S,S100WL3S,
E04044,8999,2026-06-24,S100YIKY,S100YIKY,S100YIKY,S100YIKY
E04048,8996,2026-03-23,S100XS94,S100XS94,S100XS94,
E04060,3231,2026-06-23,S100YH2N,S100YH2N,S100YH2N,S100YH2N
E04068,3241,2026-03-27,S100XUX4,S100XUX4,S100XUX4,
E04088,9007,2026-06-25,S100YIM7,S100YIM7,S100YIM7,S100YIM7
E04089,9006,2026-06-25,S100YK5J,S100YK5J,S100YK5J,S100YK5J
E04090,9005,2026-06-23,S100YE63,S100YE63,S100YE63,S100YE63
E04091,9009,2026-06-26,S100YL5Y,S100YL5Y,S100YL5Y,S100YL5Y
E04092,9008,2026-06-23,S100YF0G,S100YF0G,S100YF0G,S100YF0G
E04093,9010,2026-06-15,S100YBGE,S100YBGE,S100YBGE,S100YBGE
E04094,9001,2026-06-22,S100Y8FK,S100Y8FK,S100Y8FK,S100Y8FK
E04095,E04095,2026-06-22,S100YFA1,S100YFA1,S100YFA1,S100YFA1
E04101,9048,2026-06-24,S100YHOL,S100YHOL,S100YHOL,S100YHOL
E04102,9041,2026-06-17,S100YCLR,S100YCLR,S100YCLR,S100YCLR
E04103,9042,2026-06-17,S100YCBL,S100YCBL,S100YCBL,S100YCBL
E04105,9045,2026-06-18,S100YCVR,S100YCVR,S100YCVR,S100YCVR
E04106,9044,2026-06-15,S100YBA0,S100YBA0,S100YBA0,S100YBA0
E04109,9046,2026-06-12,S100YAZT,S100YAZT,S100YAZT,S100YAZT
E04110,9031,2026-06-18,S100YAAB,S100YAAB,S100YAAB,S100YAAB
E04112,E04112,2026-06-30,S100YNCK,S100YNCK,S100YNCK,S100YNCK
E04113,E04113,2026-06-24,S100YJII,S100YJII,S100YJII,S100YJII
E04115,E04115,2026-06-29,S100YLZ7,S100YLZ7,S100YLZ7,S100YLZ7
E04118,E04118,2026-06-26,S100YLIO,S100YLIO,S100YLIO,S100YLIO
E04123,9033,2026-06-24,S100YI48,S100YI48,S100YI48,S100YI48
E04125,9052,2026-06-18,S100YD7X,S100YD7X,S100YD7X,S100YD7X
E04127,E04127,2026-06-26,S100YLJZ,S100YLJZ,S100YLJZ,S100YLJZ
E04128,E04128,2026-06-29,S100YM5D,S100YM5D,S100YM5D,S100YM5D
E04129,E04129,2026-06-26,S100YII3,S100YII3,S100YII3,S100YII3
E04130,E04130,2026-06-30,S100YMR2,S100YMR2,S100YMR2,S100YMR2
E04136,9012,2026-06-24,S100YIV6,S100YIV6,S100YIV6,S100YIV6
E04137,E04137,2026-06-29,S100YFI5,S100YFI5,S100YFI5,S100YFI5
E04145,E04145,2026-06-25,S100YKF7,S100YKF7,S100YKF7,S100YKF7
E04147,9020,2026-06-17,S100YC7N,S100YC7N,S100YC7N,S100YC7N
E04148,9021,2026-06-16,S100YCFK,S100YCFK,S100YCFK,S100YCFK
E04149,9022,2026-06-22,S100YD7H,S100YD7H,S100YD7H,S100YD7H
E04151,E04151,2026-06-26,S100YLFJ,S100YLFJ,S100YLFJ,S100YLFJ
E04152,E04152,2026-06-19,S100YBKP,S100YBKP,S100YBKP,S100YBKP
E04153,9023,2026-06-23,S100YHLQ,S100YHLQ,S100YHLQ,S100YHLQ
E04154,9024,2026-06-19,S100YEFI,S100YEFI,S100YEFI,S100YEFI
E04155,9017,2026-06-24,S100YI97,S100YI97,S100YI97,S100YI97
E04158,9081,2026-06-26,S100YF1P,S100YF1P,S100YF1P,S100YF1P
E04159,9082,2026-06-24,S100YHKH,S100YHKH,S100YHKH,S100YHKH
E04160,9083,2026-06-23,S100YHAF,S100YHAF,S100YHAF,S100YHAF
E04161,9085,2026-06-30,S100YNFT,S100YNFT,S100YNFT,S100YNFT
E04163,E04163,2026-03-31,S100XV65,S100XV65,S100XV65,
E04164,E04164,2026-06-25,S100YDSV,S100YDSV,S100YDSV,S100YDSV
E04165,E04165,2025-12-26,S100XD85,S100XD85,S100XD85,
E04168,E04168,2026-06-26,S100YL3M,S100YL3M,S100YL3M,S100YL3M
E04170,E04170,2026-06-23,S100YHD1,S100YHD1,S100YHD1,S100YHD1
E04178,9068,2026-06-25,S100YKCI,S100YKCI,S100YKCI,S100YKCI
E04179,9069,2026-06-23,S100YH4R,S100YH4R,S100YH4R,S100YH4R
E04189,E04189,2026-09-29,S100Z4R8,S100WS5A,S100WS5A,
E04192,E04192,2026-07-31,S100YSM2,S100YSM2,S100YSM2,S100YSM2
E04195,9063,2026-06-25,S100YJ0L,S100YJ0L,S100YJ0L,S100YJ0L
E04196,E04196,2026-06-30,S100YN9U,S100YN9U,S100YN9U,S100YN9U
E04197,9073,2026-06-23,S100YGY5,S100YGY5,S100YGY5,S100YGY5
E04198,9076,2026-06-24,S100YI52,S100YI52,S100YI52,S100YI52
E04206,9060,2026-06-30,S100YNBV,S100YNBV,S100YNBV,S100YNBV
E04209,9057,2026-06-17,S100YBRY,S100YBRY,S100YBRY,S100YBRY
E04213,9369,2026-02-24,S100XMO8,S100XMO8,S100XMO8,
E04215,9051,2026-06-25,S100YKGW,S100YKGW,S100YKGW,S100YKGW
E04217,9040,2026-06-11,S100YADW,S100YADW,S100YADW,
E04218,9039,2026-06-19,S100YFJQ,S100YFJQ,S100YFJQ,S100YFJQ
E04220,9037,2026-06-16,S100YBXW,S100YBXW,S100YBXW,S100YBXW
E04221,9036,2026-06-25,S100YK2G,S100YK2G,S100YK2G,S100YK2G
E04222,9035,2026-06-26,S100Y9O5,S100Y9O5,S100Y9O5,S100Y9O5
E04223,9034,2026-06-25,S100YK2X,S100YK2X,S100YK2X,S100YK2X
E04224,2384,2026-03-24,S100XSXL,S100XSXL,S100XSXL,
E04230,9028,2026-09-30,S100Z5AL,S100Z5AL,S100Z5AL,S100Z5AL
E04232,9027,2026-06-23,S100YHHR,S100YHHR,S100YHHR,S100YHHR
E04235,9101,2026-06-16,S100YBT6,S100YBT6,S100YBT6,S100YBT6
E04236,9104,2026-06-23,S100YI2T,S100YI2T,S100YI2T,S100YI2T
E04237,9107,2026-06-18,S100YC6B,S100YC6B,S100YC6B,S100YC6B
E04239,9110,2026-06-23,S100YCN8,S100YCN8,S100YCN8,S100YCN8
E04242,9115,2026-06-24,S100YGYV,S100YGYV,S100YGYV,S100YGYV
E04243,9119,2026-06-23,S100YGFN,S100YGFN,S100YGFN,S100YGFN
E04244,E04244,2026-03-31,S100XVOA,S100XVOA,S100XVOA,
E04256,9173,2026-03-26,S100XTPA,S100XTPA,S100XTPA,
E04262,E04262,2026-06-30,S100YMZO,S100YMZO,S100YMZO,S100YMZO
E04272,9201,2026-06-22,S100YFIO,S100YFIO,S100YFIO,S100YFIO
E04273,9202,2026-06-25,S100YKL4,S100YKL4,S100YKL4,S100YKL4
E04275,9233,2025-12-17,S100XAIS,S100XAIS,S100XAIS,
E04283,9301,2026-06-24,S100YA7K,S100YA7K,S100YA7K,S100YA7K
E04284,9302,2026-06-22,S100YEZT,S100YEZT,S100YEZT,S100YEZT
E04285,9303,2026-06-23,S100YHFI,S100YHFI,S100YHFI,S100YHFI
E04286,9304,2026-06-24,S100YI5J,S100YI5J,S100YI5J,S100YI5J
E04287,9306,2026-06-22,S100Y9SP,S100Y9SP,S100Y9SP,S100Y9SP
E04289,9310,2026-06-24,S100YGL7,S100YGL7,S100YGL7,S100YGL7
E04290,9324,2026-06-19,S100YEO5,S100YEO5,S100YEO5,S100YEO5
E04291,9305,2026-06-19,S100YEYD,S100YEYD,S100YEYD,S100YEYD
E04293,9312,2026-06-24,S100YHI4,S100YHI4,S100YHI4,S100YHI4
E04294,9307,2026-06-23,S100YEZX,S100YEZX,S100YEZX,S100YEZX
E04302,E04302,2026-06-24,S100YHJG,S100YHJG,S100YHJG,S100YHJG
E04304,9319,2026-06-19,S100YF4M,S100YF4M,S100YF4M,S100YF4M
E04317,9322,2026-06-22,S100YF5T,S100YF5T,S100YF5T,S100YF5T
E04321,9351,2026-06-22,S100YELE,S100YELE,S100YELE,S100YELE
E04323,9311,2026-06-24,S100YIGL,S100YIGL,S100YIGL,S100YIGL
E04324,9065,2026-06-25,S100YJRS,S100YJRS,S100YJRS,S100YJRS
E04326,9355,2026-06-24,S100YHZP,S100YHZP,S100YHZP,S100YHZP
E04327,9074,2026-06-25,S100YC3A,S100YC3A,S100YC3A,S100YC3A
E04328,9357,2026-06-25,S100YL49,S100YL49,S100YL49,S100YL49
E04329,9380,2026-06-25,S100YHD3,S100YHD3,S100YHD3,S100YHD3
E04330,9359,2026-06-25,S100YE7Y,S100YE7Y,S100YE7Y,S100YE7Y
E04331,8097,2026-06-24,S100YH4U,S100YH4U,S100YH4U,S100YH4U
E04334,9075,2026-06-24,S100YIXL,S100YIXL,S100YIXL,S100YIXL
E04336,9193,2026-06-23,S100YEHQ,S100YEHQ,S100YEHQ,S100YEHQ
E04337,9360,2026-06-23,S100YIBT,S100YIBT,S100YIBT,S100YIBT
E04339,9361,2026-09-30,S100Z59R,S100Z59R,S100Z59R,S100Z59R
E04341,9025,2026-06-22,S100YGFS,S100YGFS,S100YGFS,S100YGFS
E04342,9362,2026-06-24,S100YGR4,S100YGR4,S100YGR4,S100YGR4
E04345,9364,2026-06-25,S100YG9D,S100YG9D,S100YG9D,S100YG9D
E04346,9365,2026-06-25,S100YJV2,S100YJV2,S100YJV2,S100YJV2
E04352,E04352,2026-06-26,S100YLH5,S100YLH5,S100YLH5,S100YLH5
E04353,9366,2026-06-23,S100YFGT,S100YFGT,S100YFGT,S100YFGT
E04356,9367,2026-06-23,S100YH3W,S100YH3W,S100YH3W,S100YH3W
E04357,9368,2026-06-17,S100YCXZ,S100YCXZ,S100YCXZ,S100YCXZ
E04358,9603,2026-01-27,S100XHDP,S100XHDP,S100XHDP,
E04362,E04362,2026-06-26,S100XUDH,S100XUDH,S100XUDH,S100XUDH
E04367,E04367,2026-06-24,S100YHTZ,S100YHTZ,S100YHTZ,S100YHTZ
E04369,9381,2026-05-22,S100Y53V,S100Y53V,S100Y53V,
E04370,E04370,2026-06-26,S100YJ45,S100YJ45,S100YJ45,S100YJ45
E04371,E04371,2026-06-25,S100YL4L,S100YL4L,S100YL4L,S100YL4L
E04372,E04372,2026-06-26,S100YL67,S100YL67,S100YL67,S100YL67
E04374,E04374,2026-06-29,S100YMLD,S100YMLD,S100YMLD,S100YMLD
E04375,9401,2026-06-24,S100YI1U,S100YI1U,S100YI1U,S100YI1U
E04377,E04377,2026-06-16,S100Y9TE,S100Y9TE,S100Y9TE,S100Y9TE
E04380,9405,2026-06-22,S100YD4D,S100YD4D,S100YD4D,S100YD4D
E04381,E04381,2026-06-23,S100YB1X,S100YB1X,S100YB1X,S100YB1X
E04384,E04384,2026-06-25,S100YIFJ,S100YIFJ,S100YIFJ,S100YIFJ
E04385,E04385,2026-06-29,S100YMT7,S100YMT7,S100YMT7,S100YMT7
E04393,E04393,2026-06-30,S100YIZC,S100YIZC,S100YIZC,S100YIZC
E04397,E04397,2026-06-29,S100YLYO,S100YLYO,S100YLYO,S100YLYO
E04399,9408,2026-06-24,S100YHOV,S100YHOV,S100YHOV,S100YHOV
E04410,9404,2026-06-23,S100Y9BG,S100Y9BG,S100Y9BG,S100Y9BG
E04411,E04411,2026-06-25,S100YJBQ,S100YJBQ,S100YJBQ,S100YJBQ
E04425,9433,2026-06-25,S100YKG2,S100YKG2,S100YKG2,S100YKG2
E04426,9434,2026-06-19,S100YE76,S100YE76,S100YE76,S100YE76
E04427,4839,2026-06-18,S100YDWH,S100YDWH,S100YDWH,S100YDWH
E04430,9432,2026-06-16,S100YCP3,S100YCP3,S100YCP3,S100YCP3
E04460,9436,2026-06-09,S100Y9T5,S100Y9T5,S100Y9T5,S100Y9T5
E04462,4676,2026-06-24,S100YHYX,S100YHYX,S100YHYX,S100YHYX
E04473,9424,2026-06-18,S100YBU3,S100YBU3,S100YBU3,S100YBU3
E04476,9445,2026-06-24,S100YJ9I,S100YJ9I,S100YJ9I,S100YJ9I
E04496,3834,2026-06-19,S100YEHW,S100YEHW,S100YEHW,S100YEHW
E04498,9501,2026-06-24,S100YIHR,S100YIHR,S100YIHR,S100YIHR
E04499,9503,2026-06-24,S100YFXZ,S100YFXZ,S100YFXZ,S100YFXZ
E04500,9509,2026-06-23,S100YDWY,S100YDWY,S100YDWY,S100YDWY
E04501,9506,2026-06-23,S100YEK2,S100YEK2,S100YEK2,S100YEK2
E04502,9502,2026-06-24,S100YDH0,S100YDH0,S100YDH0,S100YDH0
E04503,9505,2026-06-24,S100YE68,S100YE68,S100YE68,S100YE68
E04504,9504,2026-06-23,S100YGCV,S100YGCV,S100YGCV,S100YGCV
E04505,9507,2026-06-24,S100YH23,S100YH23,S100YH23,S100YH23
E04506,9508,2026-06-24,S100YHHO,S100YHHO,S100YHHO,S100YHHO
E04509,9511,2026-06-25,S100YGEA,S100YGEA,S100YGEA,S100YGEA
E04510,9513,2026-06-24,S100YISC,S100YISC,S100YISC,S100YISC
E04511,9534,2026-06-23,S100YGOL,S100YGOL,S100YGOL,S100YGOL
E04514,9531,2026-06-23,S100YH8W,S100YH8W,S100YH8W,S100YH8W
E04515,9539,2026-03-25,S100XTA9,S100XTA9,S100XTA9,
E04516,9543,2026-03-25,S100XTDX,S100XTDX,S100XTDX,
E04517,9533,2026-06-23,S100YGFW,S100YGFW,S100YGFW,S100YGFW
E04519,9537,2026-06-25,S100YIW6,S100YIW6,S100YIW6,S100YIW6
E04520,9532,2026-06-22,S100YFQT,S100YFQT,S100YFQT,S100YFQT
E04521,9535,2026-06-19,S100YEHM,S100YEHM,S100YEHM,S100YEHM
E04522,E04522,2026-06-29,S100YFG1,S100YFG1,S100YFG1,S100YFG1
E04523,9536,2026-06-19,S100YE54,S100YE54,S100YE54,S100YE54
E04524,E04524,2026-06-29,S100YM45,S100YM45,S100YM45,S100YM45
E04535,9701,2026-06-23,S100YFQM,S100YFQM,S100YFQM,S100YFQM
E04539,9708,2026-06-19,S100YF3V,S100YF3V,S100YF3V,S100YF3V
E04540,9713,2026-06-24,S100YHWF,S100YHWF,S100YHWF,S100YHWF
E04550,9723,2026-06-26,S100YIC1,S100YIC1,S100YIC1,S100YIC1
E04551,E04551,2026-06-25,S100YHML,S100YHML,S100YHML,S100YHML
E04560,9722,2026-03-23,S100XS71,S100XS71,S100XS71,
E04564,E04564,2026-06-29,S100YMI8,S100YMI8,S100YMI8,S100YMI8
E04566,9720,2026-02-25,S100XMSL,S100XMSL,S100XMSL,
E04580,E04580,2026-05-28,S100Y766,S100Y766,S100Y766,
E04582,9601,2026-05-25,S100Y66K,S100Y66K,S100Y66K,
E04583,9602,2026-05-25,S100Y5O3,S100Y5O3,S100Y5O3,
E04585,9605,2026-06-24,S100YI7S,S100YI7S,S100YI7S,S100YI7S
E04589,9633,2026-06-25,S100YL02,S100YL02,S100YL02,S100YL02
E04599,9632,2026-04-27,S100Y0Y3,S100Y0Y3,S100Y0Y3,
E04603,9672,2026-03-25,S100XTJA,S100XTJA,S100XTJA,
E04633,E04633,2026-06-19,S100YDJY,S100YDJY,S100YDJY,S100YDJY
E04671,E04671,2026-04-28,S100Y1CH,S100Y1CH,S100Y1CH,
E04673,E04673,2026-03-30,S100XVJS,S100XVJS,S100XVJS,
E04691,9679,2025-12-16,S100XAG9,S100XAG9,S100XAG9,
E04707,4661,2026-06-25,S100YCJX,S100YCJX,S100YCJX,S100YCJX
E04728,E04728,2026-03-26,S100XUAR,S100XUAR,S100XUAR,
E04754,9731,2026-03-24,S100XT2K,S100XT2K,S100XT2K,
E04760,4324,2026-03-26,S100XS0O,S100XS0O,S100XS0O,
E04762,8591,2026-06-22,S100YG5L,S100YG5L,S100YG5L,S100YG5L
E04764,9765,2026-08-25,S100YY0T,S100YY0T,S100YY0T,S100YY0T
E04768,8584,2026-06-22,S100YEIM,S100YEIM,S100YEIM,S100YEIM
E04773,9735,2026-06-24,S100YICV,S100YICV,S100YICV,S100YICV
E04775,8585,2026-06-17,S100YCKH,S100YCKH,S100YCKH,S100YCKH
E04777,9763,2026-06-19,S100YEAG,S100YEAG,S100YEAG,S100YEAG
E04783,8179,2026-03-24,S100XSL6,S100XSL6,S100XSL6,
E04784,8181,2026-05-27,S100Y6NU,S100Y6NU,S100Y6NU,
E04788,8593,2026-06-23,S100YF4V,S100YF4V,S100YF4V,S100YF4V
E04791,E04791,2026-06-25,S100YJIN,S100YJIN,S100YJIN,S100YJIN
E04795,9768,2026-03-26,S100XTWL,S100XTWL,S100XTWL,
E04796,9769,2026-06-25,S100YKPV,S100YKPV,S100YKPV,S100YKPV
E04799,9740,2026-05-26,S100Y6FE,S100Y6FE,S100Y6FE,
E04800,9761,2026-06-25,S100YJ2Z,S100YJ2Z,S100YJ2Z,S100YJ2Z
E04801,8594,2026-03-23,S100XSCO,S100XSCO,S100XSCO,
E04803,9742,2026-06-22,S100YF4O,S100YF4O,S100YF4O,S100YF4O
E04806,8595,2026-06-17,S100YCOQ,S100YCOQ,S100YCOQ,S100YCOQ
E04807,9746,2025-12-11,S100X9LY,S100X9LY,S100X9LY,
E04815,9753,2026-06-24,S100YIII,S100YIII,S100YIII,S100YIII
E04816,9755,2026-03-25,S100XTJV,S100XTJV,S100XTJV,
E04817,9757,2026-03-27,S100XUVD,S100XUVD,S100XUVD,
E04821,8596,2026-06-24,S100YHO7,S100YHO7,S100YHO7,S100YHO7
E04822,9759,2026-06-22,S100YEYZ,S100YEYZ,S100YEYZ,S100YEYZ
E04824,9733,2026-06-25,S100YK8I,S100YK8I,S100YK8I,S100YK8I
E04826,9729,2026-06-22,S100YE2Y,S100YE2Y,S100YE2Y,S100YE2Y
E04830,E04830,2026-06-23,S100YHDD,S100YHDD,S100YHDD,S100YHDD
E04835,9716,2026-05-26,S100Y66D,S100Y66D,S100Y66D,
E04837,9715,2026-06-19,S100YENI,S100YENI,S100YENI,S100YENI
E04841,9709,2026-06-12,S100YAMN,S100YAMN,S100YAMN,S100YAMN
E04846,9702,2026-03-26,S100XU2G,S100XU2G,S100XU2G,
E04849,9698,2026-06-22,S100YGVQ,S100YGVQ,S100YGVQ,S100YGVQ
E04853,9692,2026-04-21,S100XZVZ,S100XZVZ,S100XZVZ,
E04855,9691,2026-06-23,S100YIGO,S100YIGO,S100YIGO,S100YIGO
E04856,9687,2026-06-25,S100YIFE,S100YIFE,S100YIFE,S100YIFE
E04857,9686,2026-06-18,S100YCTH,S100YCTH,S100YCTH,S100YCTH
E04861,9682,2026-06-17,S100YCT4,S100YCT4,S100YCT4,S100YCT4
E04862,9678,2026-01-21,S100XGOW,S100XGOW,S100XGOW,
E04867,9663,2026-06-15,S100YBEF,S100YBEF,S100YBEF,S100YBEF
E04869,9658,2026-06-22,S100YG97,S100YG97,S100YG97,S100YG97
E04873,9651,2026-08-26,S100YYEW,S100YYEW,S100YYEW,S100YYEW
E04877,9928,2026-06-25,S100YKDZ,S100YKDZ,S100YKDZ,S100YKDZ
E04878,6197,2026-06-23,S100YGQU,S100YGQU,S100YGQU,S100YGQU
E04884,9647,2026-02-26,S100XMZO,S100XMZO,S100XMZO,
E04889,9640,2026-06-16,S100YC54,S100YC54,S100YC54,S100YC54
E04890,9639,2026-06-19,S100YF0N,S100YF0N,S100YF0N,S100YF0N
E04894,9629,2026-06-23,S100YGVP,S100YGVP,S100YGVP,S100YGVP
E04896,9627,2026-07-29,S100YSTQ,S100YSTQ,S100YSTQ,S100YSTQ
E04899,9625,2026-06-22,S100YF00,S100YF00,S100YF00,S100YF00
E04902,9622,2026-03-24,S100XT9C,S100XT9C,S100XT9C,
E04903,9621,2026-03-26,S100XUDU,S100XUDU,S100XUDU,
E04908,9616,2026-06-24,S100YIIM,S100YIIM,S100YIIM,S100YIIM
E04912,8570,2026-05-19,S100Y53G,S100Y53G,S100Y53G,
E04914,9612,2026-03-27,S100XUUG,S100XUUG,S100XUUG,
E04920,9799,2026-06-24,S100YHT5,S100YHT5,S100YHT5,S100YHT5
E04925,9795,2025-12-10,S100X9C6,S100X9C6,S100X9C6,
E04926,4665,2026-06-18,S100YEAI,S100YEAI,S100YEAI,S100YEAI
E04931,9793,2026-05-27,S100Y63V,S100Y63V,S100Y63V,
E04932,9791,2026-06-25,S100YJP6,S100YJP6,S100YJP6,S100YJP6
E04934,9788,2026-06-25,S100YKSL,S100YKSL,S100YKSL,S100YKSL
E04940,9782,2026-06-25,S100YIWH,S100YIWH,S100YIWH,S100YIWH
E04941,9778,2026-05-26,S100Y5RU,S100Y5RU,S100Y5RU,
E04944,9780,2026-06-24,S100Y7GN,S100Y7GN,S100Y7GN,S100Y7GN
E04946,8566,2026-06-19,S100YF3N,S100YF3N,S100YF3N,S100YF3N
E04952,9739,2026-06-26,S100YJ3Q,S100YJ3Q,S100YJ3Q,S100YJ3Q
E04954,4641,2026-03-25,S100XTGN,S100XTGN,S100XTGN,
E04955,4642,2026-03-26,S100XU33,S100XU33,S100XU33,
E04963,E04963,2026-05-27,S100Y6ED,S100Y6ED,S100Y6ED,
E04964,4651,2026-06-25,S100YKAR,S100YKAR,S100YKAR,S100YKAR
E04972,4657,2026-09-28,S100Z45G,S100WQ16,S100WQ16,
E04973,4658,2026-06-22,S100YC3N,S100YC3N,S100YC3N,S100YC3N
E04976,4662,2026-06-26,S100YFP2,S100YFP2,S100YFP2,S100YFP2
E04978,4664,2026-06-25,S100YIKA,S100YIKA,S100YIKA,S100YIKA
E04979,4666,2026-01-28,S100XHMO,S100XHMO,S100XHMO,
E04980,4667,2026-06-30,S100YBI7,S100YBI7,S100YBI7,S100YBI7
E04981,4668,2025-11-20,S100X5JB,S100X5JB,S100X5JB,
E04987,4673,2026-02-25,S100XN3U,S100XN3U,S100XN3U,
E04988,4674,2026-06-18,S100YDHC,S100YDHC,S100YDHC,S100YDHC
E04990,4679,2026-06-22,S100YFEW,S100YFEW,S100YFEW,S100YFEW
E04991,4678,2026-06-25,S100YJWK,S100YJWK,S100YJWK,S100YJWK
E04995,4685,2026-06-23,S100YH80,S100YH80,S100YH80,S100YH80
E04996,4686,2026-06-24,S100YHW4,S100YHW4,S100YHW4,S100YHW4
E04997,4687,2026-06-23,S100YH3J,S100YH3J,S100YH3J,S100YH3J
E04999,4704,2026-03-26,S100XUHN,S100XUHN,S100XUHN,
E05000,4689,2026-06-18,S100YBXD,S100YBXD,S100YBXD,S100YBXD
E05011,4705,2026-06-19,S100YDSM,S100YDSM,S100YDSM,S100YDSM
E05015,4707,2026-01-19,S100XFRF,S100XFRF,S100XFRF,
E05017,4709,2026-05-29,S100Y7D7,S100Y7D7,S100Y7D7,S100Y7D7
E05018,7595,2026-06-19,S100YF23,S100YF23,S100YF23,S100YF23
E05024,4714,2026-05-21,S100Y58Q,S100Y58Q,S100Y58Q,
E05025,4684,2026-06-23,S100YGBS,S100YGBS,S100YGBS,S100YGBS
E05027,4716,2026-08-21,S100YY0V,S100YY0V,S100YY0V,S100YY0V
E05028,4718,2026-06-23,S100YHCO,S100YHCO,S100YHCO,S100YHCO
E05029,4719,2026-06-25,S100YK7V,S100YK7V,S100YK7V,S100YK7V
E05030,4720,2026-06-25,S100YKMH,S100YKMH,S100YKMH,S100YKMH
E05031,E05031,2026-06-30,S100YMDA,S100YMDA,S100YMDA,S100YMDA
E05033,4722,2026-03-25,S100XTFP,S100XTFP,S100XTFP,
E05041,9449,2026-03-23,S100XSG3,S100XSG3,S100XSG3,
E05042,4728,2025-11-20,S100X5JM,S100X5JM,S100X5JM,
E05045,4732,2026-06-22,S100YGIC,S100YGIC,S100YGIC,S100YGIC
E05047,8876,2026-06-19,S100YE6Y,S100YE6Y,S100YE6Y,S100YE6Y
E05048,4733,2026-06-18,S100YD49,S100YD49,S100YD49,S100YD49
E05049,9438,2025-12-19,S100XBLK,S100XBLK,S100XBLK,
E05053,4735,2026-05-25,S100Y613,S100Y613,S100Y613,
E05054,4736,2026-06-23,S100YGDA,S100YGDA,S100YGDA,S100YGDA
E05056,4694,2026-06-23,S100YFSM,S100YFSM,S100YFSM,S100YFSM
E05062,4307,2026-06-15,S100YBM8,S100YBM8,S100YBM8,S100YBM8
E05065,1738,2026-06-17,S100YC8S,S100YC8S,S100YC8S,S100YC8S
E05066,4746,2026-03-27,S100XUNZ,S100XUNZ,S100XUNZ,
E05070,4750,2026-07-02,S100YNWZ,S100YNWZ,S100YNWZ,S100YNWZ
E05072,4751,2025-12-24,S100XCU9,S100XCU9,S100XCU9,
E05073,4754,2025-12-18,S100XBF5,S100XBF5,S100XBF5,
E05075,4752,2026-06-22,S100YE2I,S100YE2I,S100YE2I,S100YE2I
E05080,4755,2026-03-26,S100XTNW,S100XTNW,S100XTNW,
E05083,4760,2025-11-26,S100X5LJ,S100X5LJ,S100X5LJ,
E05088,4772,2026-03-25,S100XTT0,S100XTT0,S100XTT0,
E05090,4761,2026-06-19,S100YEEF,S100YEEF,S100YEEF,S100YEEF
E05091,4762,2026-06-25,S100YKNO,S100YKNO,S100YKNO,S100YKNO
E05096,4763,2026-05-26,S100Y6IG,S100Y6IG,S100Y6IG,
E05099,4768,2026-03-26,S100XU0X,S100XU0X,S100XU0X,
E05100,4767,2026-09-24,S100Z3IZ,S100Z3IZ,S100Z3IZ,S100Z3IZ
E05101,4769,2025-12-22,S100XBNE,S100XBNE,S100XBNE,
E05107,4771,2026-06-24,S100YIXJ,S100YIXJ,S100YIXJ,S100YIXJ
E05116,4776,2026-03-27,S100XUKS,S100XUKS,S100XUKS,
E05120,4783,2026-06-19,S100YEMH,S100YEMH,S100YEMH,S100YEMH
E05123,4784,2026-03-18,S100XRMD,S100XRMD,S100XRMD,
E05135,4792,2026-06-19,S100YF7Q,S100YF7Q,S100YF7Q,S100YF7Q
E05145,4801,2026-06-26,S100YEYH,S100YEYH,S100YEYH,S100YEYH
E05147,4812,2026-03-18,S100XRJK,S100XRJK,S100XRJK,
E05149,2491,2026-03-26,S100XU5J,S100XU5J,S100XU5J,
E05151,4814,2026-06-29,S100YN09,S100YN09,S100YN09,S100YN09
E05153,2130,2026-06-18,S100YDZP,S100YDZP,S100YDZP,S100YDZP
E05155,4820,2026-03-26,S100XUIK,S100XUIK,S100XUIK,
E05156,4819,2026-06-23,S100YIB5,S100YIB5,S100YIB5,S100YIB5
E05159,8473,2026-06-25,S100YK3R,S100YK3R,S100YK3R,S100YK3R
E05162,4825,2026-08-20,S100YXMM,S100YXMM,S100YXMM,S100YXMM
E05163,4826,2026-09-16,S100Z2CK,S100Z2CK,S100Z2CK,S100Z2CK
E05167,4828,2026-06-18,S100YD7D,S100YD7D,S100YD7D,S100YD7D
E05168,4813,2026-04-28,S100Y070,S100Y070,S100Y070,
E05173,4832,2026-06-17,S100YCWP,S100YCWP,S100YCWP,S100YCWP
E05175,4833,2026-06-18,S100YB3A,S100YB3A,S100YB3A,S100YB3A
E05176,4834,2025-08-26,S100WLAZ,S100WLAZ,S100WLAZ,
E05182,4848,2026-03-26,S100XTTU,S100XTTU,S100XTTU,
E05191,4847,2026-09-18,S100Z2KC,S100Z2KC,S100Z2KC,S100Z2KC
E05192,4849,2026-06-22,S100YGWT,S100YGWT,S100YGWT,S100YGWT
E05198,4284,2026-03-25,S100XRPQ,S100XRPQ,S100XRPQ,
E05201,4288,2026-06-24,S100YGM0,S100YGM0,S100YGM0,S100YGM0
E05211,4308,2026-06-23,S100YH2T,S100YH2T,S100YH2T,S100YH2T
E05215,4299,2026-06-16,S100YC5V,S100YC5V,S100YC5V,S100YC5V
E05219,4301,2026-06-19,S100YBX4,S100YBX4,S100YBX4,S100YBX4
E05221,4310,2026-06-19,S100YD1A,S100YD1A,S100YD1A,S100YD1A
E05230,4317,2026-05-29,S100Y7H8,S100Y7H8,S100Y7H8,
E05232,4318,2026-06-19,S100YF5Z,S100YF5Z,S100YF5Z,S100YF5Z
E05236,4323,2026-06-24,S100YI5H,S100YI5H,S100YI5H,S100YI5H
E05248,4331,2026-03-31,S100XVY3,S100XVY3,S100XVY3,
E05254,4334,2026-04-27,S100Y0NT,S100Y0NT,S100Y0NT,
E05255,4335,2026-09-30,S100Z571,S100Z571,S100WRPN,S100Z571
E05262,4341,2026-06-24,S100YFFX,S100YFFX,S100YFFX,S100YFFX
E05264,4343,2026-05-19,S100Y4UK,S100Y4UK,S100Y4UK,
E05267,4345,2026-06-19,S100YDWN,S100YDWN,S100YDWN,S100YDWN
E05269,4347,2026-06-25,S100YK4A,S100YK4A,S100YK4A,S100YK4A
E05274,4350,2026-06-19,S100YDT5,S100YDT5,S100YDT5,S100YDT5
E05275,4351,2026-03-27,S100XU23,S100XU23,S100XU23,
E05278,2300,2026-05-26,S100Y6G1,S100Y6G1,S100Y6G1,
E05280,8798,2025-12-17,S100XB5U,S100XB5U,S100XB5U,
E05282,4356,2026-03-24,S100XSUL,S100XSUL,S100XSUL,
E05283,2317,2026-06-23,S100YFPF,S100YFPF,S100YFPF,S100YFPF
E05286,2301,2026-01-22,S100XGG2,S100XGG2,S100XGG2,
E05291,2307,2026-06-25,S100YJU2,S100YJU2,S100YJU2,S100YJU2
E05293,2311,2026-03-24,S100XSPG,S100XSPG,S100XSPG,
E05299,2325,2026-03-30,S100XV5A,S100XV5A,S100XV5A,
E05302,2323,2026-06-25,S100YKRB,S100YKRB,S100YKRB,S100YKRB
E05303,2326,2026-06-25,S100YKKS,S100YKKS,S100YKKS,S100YKKS
E05304,2327,2026-06-15,S100YAEV,S100YAEV,S100YAEV,S100YAEV
E05307,2329,2026-06-25,S100YKO9,S100YKO9,S100YKO9,S100YKO9
E05309,2331,2026-06-19,S100Y7EC,S100Y7EC,S100Y7EC,S100Y7EC
E05310,2332,2026-06-19,S100YAQJ,S100YAQJ,S100YAQJ,S100YAQJ
E05312,2335,2026-06-18,S100YCVG,S100YCVG,S100YCVG,S100YCVG
E05313,8908,2026-08-24,S100YY3A,S100YY3A,S100YY3A,S100YY3A
E05314,2337,2026-05-20,S100Y50H,S100Y50H,S100Y50H,
E05316,2341,2026-05-25,S100Y5RZ,S100Y5RZ,S100Y5RZ,
E05322,2349,2026-06-25,S100YK0N,S100YK0N,S100YK0N,S100YK0N
E05326,1724,2026-03-25,S100XT97,S100XT97,S100XT97,
E05327,2353,2025-10-22,S100WW40,S100WW40,S100WW40,
E05328,2354,2026-05-21,S100Y56T,S100Y56T,S100Y56T,
E05332,2359,2026-06-18,S100YE3S,S100YE3S,S100YE3S,S100YE3S
E05336,3710,2025-12-26,S100XDG9,S100XDG9,S100XDG9,
E05340,3712,2025-12-17,S100XAQC,S100XAQC,S100XAQC,
E05346,8439,2026-06-19,S100YDRI,S100YDRI,S100YDRI,S100YDRI
E05350,2371,2026-06-17,S100YBGN,S100YBGN,S100YBGN,S100YBGN
E05351,2370,2025-12-17,S100XB0H,S100XB0H,S100XB0H,
E05353,2373,2026-01-28,S100XHNL,S100XHNL,S100XHNL,
E05355,E05355,2026-06-12,S100YB34,S100YB34,S100YB34,S100YB34
E05361,2378,2026-06-25,S100YK5N,S100YK5N,S100YK5N,S100YK5N
E05368,2379,2026-05-20,S100Y510,S100Y510,S100Y510,
E05376,3733,2026-01-26,S100XHCP,S100XHCP,S100XHCP,
E05377,1717,2026-06-22,S100YGMU,S100YGMU,S100YGMU,S100YGMU
E05381,2393,2026-06-25,S100YK97,S100YK97,S100YK97,S100YK97
E05385,2395,2026-06-25,S100YK73,S100YK73,S100YK73,S100YK73
E05400,3741,2026-06-24,S100YIG2,S100YIG2,S100YIG2,S100YIG2
E05407,8929,2026-03-24,S100XTDE,S100XTDE,S100XTDE,
E05410,2433,2026-06-25,S100YHXU,S100YHXU,S100YHXU,S100YHXU
E05411,2418,2026-03-25,S100XTC0,S100XTC0,S100XTC0,
E05414,4809,2025-12-19,S100XB3E,S100XB3E,S100XB3E,
E05416,2408,2026-03-09,S100XPFN,S100XPFN,S100XPFN,
E05417,2411,2026-06-19,S100YEOU,S100YEOU,S100YEOU,S100YEOU
E05419,2410,2025-12-18,S100XBEJ,S100XBEJ,S100XBEJ,
E05425,2413,2026-06-25,S100YJ25,S100YJ25,S100YJ25,S100YJ25
E05426,8425,2026-06-19,S100YESP,S100YESP,S100YESP,S100YESP
E05428,2415,2026-06-24,S100YIDK,S100YIDK,S100YIDK,S100YIDK
E05432,3753,2026-06-23,S100YH2V,S100YH2V,S100YH2V,S100YH2V
E05438,8424,2026-06-19,S100YF6A,S100YF6A,S100YF6A,S100YF6A
E05440,2425,2026-06-24,S100YIQF,S100YIQF,S100YIQF,S100YIQF
E05456,2440,2026-06-25,S100YJQU,S100YJQU,S100YJQU,S100YJQU
E05458,2428,2026-09-24,S100Z3QG,S100Z3QG,S100Z3QG,S100Z3QG
E05460,2432,2026-06-26,S100YLDV,S100YLDV,S100YLDV,S100YLDV
E05462,8793,2026-06-22,S100YEUV,S100YEUV,S100YEUV,S100YEUV
E05463,3762,2026-06-25,S100YL8T,S100YL8T,S100YL8T,S100YL8T
E05466,3763,2026-06-17,S100YD0F,S100YD0F,S100YD0F,S100YD0F
E05469,3766,2026-06-22,S100YGLS,S100YGLS,S100YGLS,S100YGLS
E05471,3768,2026-06-22,S100YGM6,S100YGM6,S100YGM6,S100YGM6
E05474,3765,2026-03-19,S100XRW5,S100XRW5,S100XRW5,
E05476,3769,2025-12-12,S100X9RU,S100X9RU,S100X9RU,
E05477,2436,2026-03-26,S100XUFT,S100XUFT,S100XUFT,
E05478,2435,2026-06-25,S100YJJS,S100YJJS,S100YJJS,S100YJJS
E05480,3774,2026-06-25,S100YHYH,S100YHYH,S100YHYH,S100YHYH
E05483,2438,2026-07-24,S100YRYL,S100YRYL,S100YRYL,S100YRYL
E05487,3771,2026-06-24,S100YHX1,S100YHX1,S100YHX1,S100YHX1
E05493,2445,2026-06-23,S100YFC3,S100YFC3,S100YFC3,S100YFC3
E05494,3776,2026-03-19,S100WZGB,S100WZGB,S100WZGB,
E05496,3773,2026-06-24,S100YGKZ,S100YGKZ,S100YGKZ,S100YGKZ
E05497,3775,2026-03-26,S100XUBY,S100XUBY,S100XUBY,
E05498,2449,2025-11-26,S100X6O3,S100X6O3,S100X6O3,
E05504,9428,2026-06-18,S100YDQV,S100YDQV,S100YDQV,S100YDQV
E05512,7833,2026-03-26,S100XT95,S100XT95,S100XT95,
E05514,2454,2026-06-23,S100YFW5,S100YFW5,S100YFW5,S100YFW5
E05516,3804,2026-01-28,S100XHGC,S100XHGC,S100XHGC,
E05517,3387,2026-05-26,S100Y2PC,S100Y2PC,S100Y2PC,
E05518,3778,2026-06-15,S100YBG6,S100YBG6,S100YBG6,S100YBG6
E05524,2464,2026-06-19,S100YE51,S100YE51,S100YE51,S100YE51
E05528,9423,2026-06-29,S100YKOH,S100YKOH,S100YKOH,S100YKOH
E05533,2461,2026-03-25,S100XRYY,S100XRYY,S100XRYY,
E05545,3788,2026-03-18,S100XREJ,S100XREJ,S100XREJ,
E05550,2469,2026-06-22,S100YG1N,S100YG1N,S100YG1N,S100YG1N
E05551,3796,2026-06-22,S100YF6G,S100YF6G,S100YF6G,S100YF6G
E05552,3793,2026-06-22,S100YGW0,S100YGW0,S100YGW0,S100YGW0
E05553,3799,2026-06-24,S100YI9M,S100YI9M,S100YI9M,S100YI9M
E05555,2471,2026-02-25,S100XN00,S100XN00,S100XN00,
E05556,3395,2026-06-24,S100YI0O,S100YI0O,S100YI0O,S100YI0O
E05561,3800,2026-06-18,S100YDKQ,S100YDKQ,S100YDKQ,S100YDKQ
E05563,3031,2026-07-22,S100YRIV,S100YRIV,S100YRIV,S100YRIV
E05569,2479,2026-06-29,S100YN23,S100YN23,S100YN23,S100YN23
E05576,2481,2026-09-18,S100Z32U,S100Z32U,S100Z32U,S100Z32U
E05579,2483,2026-06-24,S100YILW,S100YILW,S100YILW,S100YILW
E05584,2484,2025-11-26,S100X153,S100X153,S100X153,
E05585,2485,2025-12-19,S100XBVP,S100XBVP,S100XBVP,
E05592,3040,2026-03-24,S100XRPJ,S100XRPJ,S100XRPJ,
E05593,2488,2026-06-17,S100YD1Z,S100YD1Z,S100YD1Z,S100YD1Z
E05599,2489,2026-03-24,S100XSXU,S100XSXU,S100XSXU,
E05601,3810,2026-08-28,S100YZC8,S100WM70,S100WM70,
E05609,2492,2026-03-23,S100XSO1,S100XSO1,S100XSO1,
E05611,2493,2026-02-26,S100XNBS,S100XNBS,S100XNBS,
E05617,2121,2026-06-19,S100YE1D,S100YE1D,S100YE1D,S100YE1D
E05623,2122,2025-12-22,S100XC5E,S100XC5E,S100XC5E,
E05624,2120,2025-12-22,S100X8TY,S100X8TY,S100X8TY,
E05625,2124,2026-03-26,S100XU6Z,S100XU6Z,S100XU6Z,
E05627,3054,2026-03-27,S100XUT2,S100XUT2,S100XUT2,
E05631,2499,2026-03-26,S100XTS2,S100XTS2,S100XTS2,
E05635,3816,2025-10-29,S100WXEV,S100WXEV,S100WXEV,
E05641,3824,2026-08-26,S100YYIA,S100WL8L,S100WL8L,
E05643,3826,2026-05-29,S100Y7MS,S100Y7MS,S100Y7MS,
E05645,3825,2026-06-24,S100YJHT,S100YJHT,S100YJHT,S100YJHT
E05647,4344,2026-03-24,S100XSUV,S100XSUV,S100XSUV,
E05648,8769,2026-06-25,S100YKPM,S100YKPM,S100YKPM,S100YKPM
E05657,2136,2026-06-19,S100YEJ2,S100YEJ2,S100YEJ2,S100YEJ2
E05659,3835,2026-06-19,S100YEPQ,S100YEPQ,S100YEPQ,S100YEPQ
E05664,3837,2026-06-24,S100YFRS,S100YFRS,S100YFRS,S100YFRS
E05665,8771,2026-06-25,S100YKOI,S100YKOI,S100YKOI,S100YKOI
E05668,2139,2026-06-25,S100YHNL,S100YHNL,S100YHNL,S100YHNL
E05669,3841,2026-06-12,S100YAUW,S100YAUW,S100YAUW,S100YAUW
E05670,2137,2026-06-24,S100YIGV,S100YIGV,S100YIGV,S100YIGV
E05677,3842,2026-06-18,S100YD0G,S100YD0G,S100YD0G,S100YD0G
E05678,3844,2026-06-25,S100YL64,S100YL64,S100YL64,S100YL64
E05679,3839,2026-06-23,S100YHN8,S100YHN8,S100YHN8,S100YHN8
E05682,3845,2026-06-24,S100YJ02,S100YJ02,S100YJ02,S100YJ02
E05685,E05685,2026-06-19,S100YER0,S100YER0,S100YER0,S100YER0
E05686,2148,2026-06-24,S100YHX3,S100YHX3,S100YHX3,S100YHX3
E05688,3848,2026-06-16,S100YBU2,S100YBU2,S100YBU2,S100YBU2
E05691,2152,2026-06-17,S100YD0S,S100YD0S,S100YD0S,S100YD0S
E05694,3850,2026-06-18,S100YBTF,S100YBTF,S100YBTF,S100YBTF
E05695,2154,2026-09-18,S100Z35K,S100Z35K,S100Z35K,S100Z35K
E05697,2175,2026-06-19,S100YF7X,S100YF7X,S100YF7X,S100YF7X
E05698,2146,2026-06-29,S100YKK1,S100YKK1,S100YKK1,S100YKK1
E05699,3853,2026-06-22,S100YGH9,S100YGH9,S100YGH9,S100YGH9
E05700,2158,2026-06-23,S100YGJA,S100YGJA,S100YGJA,S100YGJA
E05701,2156,2026-06-19,S100YEAK,S100YEAK,S100YEAK,S100YEAK
E05705,3854,2025-10-17,S100WVK4,S100WVK4,S100WVK4,
E05714,8729,2026-06-17,S100YCL0,S100YCL0,S100YCL0,S100YCL0
E05716,2164,2025-11-26,S100X6X1,S100X6X1,S100X6X1,
E05717,2163,2026-04-22,S100Y062,S100Y062,S100Y062,
E05719,3858,2026-06-29,S100YDYA,S100YDYA,S100YDYA,S100YDYA
E05725,3092,2026-06-08,S100Y951,S100Y951,S100Y951,S100Y951
E05726,2169,2026-03-30,S100XULK,S100XULK,S100XULK,
E05727,2170,2026-03-24,S100XSV5,S100XSV5,S100XSV5,
E05729,2168,2026-08-14,S100YW7F,S100YW7F,S100YW7F,S100YW7F
E05736,3622,2026-06-22,S100YF6I,S100YF6I,S100YF6I,S100YF6I
E05737,2173,2026-03-30,S100XV33,S100XV33,S100XV33,
E05739,3626,2026-06-22,S100YH5C,S100YH5C,S100YH5C,S100YH5C
E06141,8750,2026-06-16,S100YC7A,S100YC7A,S100YC7A,S100YC7A
E07801,6098,2026-06-19,S100YDHL,S100YDHL,S100YDHL,S100YDHL
E07846,E07846,2026-06-29,S100YMMQ,S100YMMQ,S100YMMQ,S100YMMQ
E08587,E08587,2026-06-26,S100YLOZ,S100YLOZ,S100YLOZ,S100YLOZ
E09753,7164,2026-06-12,S100YAIZ,S100YAIZ,S100YAIZ,S100YAIZ
E11661,6238,2026-06-22,S100YFJB,S100YFJB,S100YFJB,S100YFJB
E11701,E11701,2026-06-26,S100YLAV,S100YLAV,S100YLAV,S100YLAV
E11873,3863,2026-06-25,S100YJ5X,S100YJ5X,S100YJ5X,S100YJ5X
E12328,286A,2026-03-27,S100XUVY,S100XUVY,S100XUVY,
E20616,3479,2026-05-29,S100Y7OL,S100Y7OL,S100Y7OL,
E20870,6555,2026-05-26,S100Y6L3,S100Y6L3,S100Y6L3,
E21122,3964,2026-03-23,S100XSDA,S100XSDA,S100XSDA,
E21183,4578,2026-03-26,S100XUA7,S100XUA7,S100XUA7,
E21258,6250,2026-03-24,S100XSYR,S100XSYR,S100XSYR,
E21259,3140,2026-09-28,S100Z4IM,S100WS12,S100WS12,
E21261,2181,2026-06-22,S100YGCS,S100YGCS,S100YGCS,S100YGCS
E21320,6632,2026-06-22,S100YG3R,S100YG3R,S100YG3R,S100YG3R
E21514,2179,2026-06-24,S100YCFW,S100YCFW,S100YCFW,S100YCFW
E21553,3628,2026-06-29,S100YMTV,S100YMTV,S100YMTV,S100YMTV
E21649,5724,2025-12-23,S100XCLW,S100XCLW,S100XCLW,
E21706,2183,2026-06-22,S100YGWG,S100YGWG,S100YGWG,S100YGWG
E21815,9385,2026-06-24,S100YIVY,S100YIVY,S100YIVY,S100YIVY
E21902,2269,2026-06-24,S100YILP,S100YILP,S100YILP,S100YILP
E21951,E21951,2026-06-18,S100YBW3,S100YBW3,S100YBW3,S100YBW3
E22012,3632,2026-09-25,S100Z3F1,S100Z3F1,S100Z3F1,S100Z3F1
E22016,3444,2026-07-22,S100YROC,S100YROC,S100YROC,S100YROC
E22042,2185,2025-12-12,S100X9E8,S100X9E8,S100X9E8,
E22049,2186,2026-05-22,S100Y5RH,S100Y5RH,S100Y5RH,
E22101,3633,2026-03-19,S100XS5R,S100XS5R,S100XS5R,
E22460,3635,2026-06-19,S100YEES,S100YEES,S100YEES,S100YEES
E22470,6078,2026-03-24,S100XT60,S100XT60,S100XT60,
E22509,7775,2026-06-17,S100YCII,S100YCII,S100YCII,S100YCII
E22554,7314,2026-03-24,S100XT5I,S100XT5I,S100XT5I,
E22559,E22559,2026-03-23,S100XSOR,S100XSOR,S100XSOR,
E22560,4574,2026-03-24,S100XSJ2,S100XSJ2,S100XSJ2,
E22995,3154,2026-09-28,S100Z48T,S100Z48T,S100Z48T,S100Z48T
E23187,8713,2026-06-19,S100YEQ9,S100YEQ9,S100YEQ9,S100YEQ9
E23202,2270,2026-06-16,S100YC5I,S100YC5I,S100YC5I,S100YC5I
E23224,E23224,2026-06-29,S100YJSL,S100YJSL,S100YJSL,S100YJSL
E23245,3156,2026-06-29,S100YJ4V,S100YJ4V,S100YJ4V,S100YJ4V
E23465,7819,2025-12-18,S100XAKV,S100XAKV,S100XAKV,
E23479,4926,2026-06-24,S100YIUO,S100YIUO,S100YIUO,S100YIUO
E23492,3636,2025-12-10,S100X9BV,S100X9BV,S100X9BV,
E23582,E23582,2026-06-24,S100YDDI,S100YDDI,S100YDDI,S100YDDI
E23818,3178,2026-06-22,S100YE67,S100YE67,S100YE67,S100YE67
E23829,6630,2026-03-26,S100XSSJ,S100XSSJ,S100XSSJ,
E23871,6629,2026-06-26,S100YLV9,S100YLV9,S100YLV9,S100YLV9
E23924,8630,2026-06-17,S100YC6Z,S100YC6Z,S100YC6Z,S100YC6Z
E24050,5020,2026-06-23,S100YF7I,S100YF7I,S100YF7I,S100YF7I
E24129,3160,2026-08-18,S100YX88,S100YX88,S100YX88,S100YX88
E24187,4577,2026-08-26,S100YYNI,S100WLMY,S100WLMY,
E24248,3161,2026-07-29,S100YSKW,S100YSKW,S100YSKW,S100YSKW
E24392,3639,2026-09-28,S100Z4MR,S100WRYE,S100WRYE,
E24453,3641,2026-06-26,S100YJ7Y,S100YJ7Y,S100YJ7Y,S100YJ7Y
E24457,3640,2026-06-25,S100YJ1O,S100YJ1O,S100YJ1O,S100YJ1O
E24465,7371,2026-09-28,S100Z3YQ,,S100WQCF,
E24545,9413,2026-06-17,S100YCRR,S100YCRR,S100YCRR,S100YCRR
E24558,1417,2026-06-22,S100YG40,S100YG40,S100YG40,S100YG40
E24651,7148,2025-12-19,S100XBXT,S100XBXT,S100XBXT,
E24917,6050,2025-12-10,S100X9H5,S100X9H5,S100X9H5,
E24951,4927,2026-03-25,S100XSDL,S100XSDL,S100XSDL,
E24982,3645,2026-08-26,S100YYS4,S100WLO9,S100WLO9,
E24994,6627,2026-03-25,S100XTOJ,S100XTOJ,S100XTOJ,
E25148,3480,2026-01-26,S100XHE2,S100XHE2,S100XHE2,
E25263,3648,2026-06-19,S100YEL6,S100YEL6,S100YEL6,S100YEL6
E25282,1909,2026-06-30,S100YNKG,S100YNKG,S100YNKG,S100YNKG
E25283,3649,2026-03-25,S100XTNK,S100XTNK,S100XTNK,
E25303,2229,2026-06-19,S100YEHI,S100YEHI,S100YEHI,S100YEHI
E25386,6626,2026-06-25,S100YJ3G,S100YJ3G,S100YJ3G,S100YJ3G
E25443,3168,2025-11-20,S100X5OB,S100X5OB,S100X5OB,
E25648,2117,2026-06-24,S100YIPK,S100YIPK,S100YIPK,S100YIPK
E25682,3653,2026-01-28,S100XHZH,S100XHZH,S100XHZH,
E25817,3655,2025-09-25,S100WQYI,S100WQYI,S100WQYI,
E25850,3659,2026-03-24,S100XSM4,S100XSM4,S100XSM4,
E25867,3656,2026-03-26,S100XU7P,S100XU7P,S100XU7P,
E25870,3276,2026-03-26,S100XTQS,S100XTQS,S100XTQS,
E25969,1383,2026-01-28,S100XHX5,S100XHX5,S100XHX5,
E26032,6054,2026-03-26,S100XSWS,S100XSWS,S100XSWS,
E26061,4977,2026-06-23,S100YHPC,S100YHPC,S100YHPC,S100YHPC
E26084,9206,2026-06-25,S100YJFT,S100YJFT,S100YJFT,S100YJFT
E26086,3277,2026-03-24,S100XSVW,S100XSVW,S100XSVW,
E26095,3169,2026-04-24,S100Y0VC,S100Y0VC,S100Y0VC,
E26124,6055,2026-06-23,S100YHDN,S100YHDN,S100YHDN,S100YHDN
E26231,3663,2026-03-31,S100XVIW,S100XVIW,S100XVIW,
E26290,3173,2026-06-18,S100YCYQ,S100YCYQ,S100YCYQ,S100YCYQ
E26301,3660,2026-09-25,S100Z3T5,S100Z3T5,S100Z3T5,S100Z3T5
E26322,3172,2025-10-23,S100WWIC,S100WWIC,S100WWIC,
E26327,7157,2026-06-16,S100YC7R,S100YC7R,S100YC7R,S100YC7R
E26428,6058,2026-05-29,S100Y7IM,S100Y7IM,S100Y7IM,
E26444,6062,2026-09-28,S100Z4FH,S100WQO9,S100WQO9,
E26446,6061,2026-09-25,S100Z404,S100WRP5,S100WRP5,
E26549,2930,2026-05-25,S100Y5VV,S100Y5VV,S100Y5VV,
E26579,3174,2025-11-26,S100X6RU,S100X6RU,S100X6RU,
E26625,6063,2026-03-27,S100XUYQ,S100XUYQ,S100XUYQ,
E26703,3665,2026-04-27,S100Y0WP,S100Y0WP,S100Y0WP,
E26705,E26705,2026-06-26,S100YKXF,S100YKXF,S100YKXF,S100YKXF
E26713,6617,2026-06-25,S100YL24,S100YL24,S100YL24,S100YL24
E26815,7177,2026-03-23,S100XSFM,S100XSFM,S100XSFM,
E26821,3177,2026-05-29,S100Y7HH,S100Y7HH,S100Y7HH,
E26831,5932,2026-08-26,S100YYN7,S100WJUP,S100WJUP,
E26837,E26837,2026-06-24,S100YECJ,S100YECJ,S100YECJ,S100YECJ
E26839,6070,2026-06-26,S100YHI9,S100YHI9,S100YHI9,S100YHI9
E26914,3896,2026-06-25,S100YL59,S100YL59,S100YL59,S100YL59
E26933,6069,2026-06-30,S100YNGH,S100YNGH,S100YNGH,S100YNGH
E27043,6087,2025-12-18,S100XARO,S100XARO,S100XARO,
E27051,3179,2026-06-23,S100YHC7,S100YHC7,S100YHC7,S100YHC7
E27054,2931,2026-03-23,S100XSL3,S100XSL3,S100XSL3,
E27062,3668,2025-12-17,S100XB7G,S100XB7G,S100XB7G,
E27063,6165,2026-06-22,S100YE8P,S100YE8P,S100YE8P,S100YE8P
E27066,6071,2026-03-26,S100XUID,S100XUID,S100XUID,
E27202,3181,2026-05-27,S100Y6PJ,S100Y6PJ,S100Y6PJ,
E27215,3180,2026-07-24,S100YS74,S100YS74,S100YS74,S100YS74
E27235,3670,2026-06-22,S100YG51,S100YG51,S100YG51,S100YG51
E27260,3182,2026-06-24,S100YJ0Y,S100YJ0Y,S100YJ0Y,S100YJ0Y
E27273,1420,2026-06-23,S100YGLY,S100YGLY,S100YGLY,S100YGLY
E27276,3671,2026-03-27,S100XURZ,S100XURZ,S100XURZ,
E27280,3672,2025-12-25,S100XCNH,S100XCNH,S100XCNH,
E27303,6073,2026-06-16,S100Y9ZW,S100Y9ZW,S100Y9ZW,S100Y9ZW
E27305,1419,2026-08-26,S100YYFR,S100YYFR,S100YYFR,S100YYFR
E27361,3673,2026-03-23,S100XS43,S100XS43,S100XS43,
E27394,3674,2025-12-26,S100XDE3,S100XDE3,S100XDE3,
E27421,3675,2026-09-28,S100Z49G,S100Z49G,S100Z49G,S100Z49G
E27486,4587,2026-03-18,S100XRP4,S100XRP4,S100XRP4,
E27506,6074,2026-06-25,S100YGXC,S100YGXC,S100YGXC,S100YGXC
E27622,2587,2026-03-23,S100XSOA,S100XSOA,S100XSOA,
E27624,4275,2026-06-24,S100YIGR,S100YIGR,S100YIGR,S100YIGR
E27633,3289,2026-06-24,S100YHXW,S100YHXW,S100YHXW,S100YHXW
E27693,3186,2026-02-19,S100XM1X,S100XM1X,S100XM1X,
E27759,3291,2026-06-23,S100YID4,S100YID4,S100YID4,S100YID4
E27761,6076,2026-02-20,S100XMEJ,S100XMEJ,S100XMEJ,
E27815,3187,2025-12-24,S100XCKW,S100XCKW,S100XCKW,
E27842,3288,2025-12-22,S100XBTG,S100XBTG,S100XBTG,
E30002,3678,2026-05-28,S100Y71R,S100Y71R,S100Y71R,
E30010,9416,2026-03-30,S100XV85,S100XV85,S100XV85,
E30022,6080,2025-12-24,S100XCS6,S100XCS6,S100XCS6,
E30047,3679,2026-06-19,S100YERG,S100YERG,S100YERG,S100YERG
E30053,6081,2026-03-30,S100XVCC,S100XVCC,S100XVCC,
E30066,3293,2026-06-29,S100YL9X,S100YL9X,S100YL9X,S100YL9X
E30085,3682,2026-06-18,S100YD54,S100YD54,S100YD54,S100YD54
E30091,3680,2026-03-26,S100XTX2,S100XTX2,S100XTX2,
E30114,3681,2026-04-30,S100Y1NL,S100Y1NL,S100Y1NL,
E30126,1429,2026-03-27,S100XUQB,S100XUQB,S100XUQB,
E30133,4245,2026-03-26,S100XU1D,S100XU1D,S100XU1D,
E30140,6089,2026-06-19,S100YFJF,S100YFJF,S100YFJF,S100YFJF
E30164,E30164,2026-09-25,S100Z3CI,S100Z3CI,S100Z3CI,S100Z3CI
E30398,3683,2026-03-26,S100XU98,S100XU98,S100XU98,
E30438,4246,2026-06-18,S100YCYY,S100YCYY,S100YCYY,S100YCYY
E30451,3190,2026-06-23,S100YEJ9,S100YEJ9,S100YEJ9,S100YEJ9
E30476,6093,2026-05-22,S100Y5Q4,S100Y5Q4,S100Y5Q4,
E30479,6616,2026-06-23,S100YFAJ,S100YFAJ,S100YFAJ,S100YFAJ
E30481,6740,2026-06-23,S100YH91,S100YH91,S100YH91,S100YH91
E30501,3191,2026-09-15,S100Z1T7,S100WO68,S100WO68,
E30537,3687,2025-12-16,S100XAQJ,S100XAQJ,S100XAQJ,
E30598,3297,2026-08-25,S100YYGF,S100YYGF,S100YYGF,S100YYGF
E30649,3299,2026-03-24,S100XT1L,S100XT1L,S100XT1L,
E30692,4247,2026-06-25,S100YK0F,S100YK0F,S100YK0F,S100YK0F
E30697,4979,2026-03-24,S100XSHI,S100XSHI,S100XSHI,
E30699,3193,2025-10-28,S100WWX8,S100WWX8,S100WWX8,
E30726,3475,2026-01-28,S100XHS4,S100XHS4,S100XHS4,
E30728,2060,2026-06-16,S100YC1Q,S100YC1Q,S100YC1Q,S100YC1Q
E30731,9468,2026-06-23,S100YGF5,S100YGF5,S100YGF5,S100YGF5
E30836,3690,2025-12-16,S100XAFO,S100XAFO,S100XAFO,
E30841,7172,2026-03-18,S100XRRA,S100XRRA,S100XRRA,
E30877,3692,2026-06-25,S100YKWG,S100YKWG,S100YKWG,S100YKWG
E30880,3300,2026-09-24,S100Z3CP,S100WQFJ,S100WQFJ,
E30881,3195,2026-01-29,S100XHU3,S100XHU3,S100XHU3,
E30898,3196,2026-03-26,S100XU8Z,S100XU8Z,S100XU8Z,
E30908,9467,2026-06-19,S100YET5,S100YET5,S100YET5,S100YET5
E30909,E30909,2026-06-26,S100YCZD,S100YCZD,S100YCZD,S100YCZD
E30917,6240,2026-06-19,S100YD4Z,S100YD4Z,S100YD4Z,S100YD4Z
E30918,3694,2026-06-26,S100YLSB,S100YLSB,S100YLSB,S100YLSB
E30919,3696,2026-03-27,S100XU6S,S100XU6S,S100XU6S,
E30929,6099,2026-03-26,S100XU87,S100XU87,S100XU87,
E30969,3697,2025-11-21,S100X63F,S100X63F,S100X63F,
E30982,7175,2026-06-18,S100YCMX,S100YCMX,S100YCMX,S100YCMX
E30993,3910,2026-06-25,S100YL5Q,S100YL5Q,S100YL5Q,S100YL5Q
E30996,3698,2025-12-15,S100XAH0,S100XAH0,S100XAH0,
E30999,6025,2025-11-25,S100X6F1,S100X6F1,S100X6F1,
E31009,6027,2026-06-22,S100YFWI,S100YFWI,S100YFWI,S100YFWI
E31012,2883,2026-06-15,S100YBPW,S100YBPW,S100YBPW,S100YBPW
E31019,3900,2025-12-22,S100XBLZ,S100XBLZ,S100XBLZ,
E31023,3901,2026-03-23,S100XSGJ,S100XSGJ,S100XSGJ,
E31024,3452,2026-03-26,S100XTWZ,S100XTWZ,S100XTWZ,
E31030,6028,2025-09-26,S100WRK2,S100WRK2,S100WRK2,
E31036,6030,2026-09-24,S100Z3FV,S100Z3FV,S100Z3FV,S100Z3FV
E31037,4248,2026-03-23,S100XSML,S100XSML,S100XSML,
E31042,3445,2026-03-26,S100XUA2,S100XUA2,S100XUA2,
E31052,9418,2025-11-26,S100X6EF,S100X6EF,S100X6EF,
E31056,3902,2026-03-24,S100XSN5,S100XSN5,S100XSN5,
E31060,3903,2026-07-29,S100YSP4,S100YSP4,S100YSP4,S100YSP4
E31064,9551,2026-06-16,S100YBSD,S100YBSD,S100YBSD,S100YBSD
E31065,9517,2026-06-25,S100YKV1,S100YKV1,S100YKV1,S100YKV1
E31071,6034,2026-03-23,S100XSR6,S100XSR6,S100XSR6,
E31079,6033,2026-06-19,S100YF6F,S100YF6F,S100YF6F,S100YF6F
E31093,3904,2026-03-25,S100XTE7,S100XTE7,S100XTE7,
E31123,7815,2026-05-29,S100Y7DO,S100Y7DO,S100Y7DO,
E31159,3222,2026-05-20,S100Y585,S100Y585,S100Y585,
E31216,6036,2026-09-25,S100Z483,S100WR7B,S100WR7B,
E31220,1384,2026-06-26,S100YK1Y,S100YK1Y,S100YK1Y,S100YK1Y
E31256,3907,2026-02-26,S100XNL3,S100XNL3,S100XNL3,
E31284,3457,2026-09-24,S100Z3PT,S100WQWR,S100WQWR,
E31291,3223,2026-05-28,S100Y6RF,S100Y6RF,S100Y6RF,
E31306,1430,2026-08-24,S100YXXB,S100YXXB,S100YXXB,S100YXXB
E31343,6038,2026-09-28,S100Z4I4,S100Z4I4,S100Z4I4,S100Z4I4
E31344,7813,2026-09-28,S100YMFV,S100YMFV,S100YMFV,S100YMFV
E31348,3911,2026-03-26,S100XU6G,S100XU6G,S100XU6G,
E31379,6044,2026-08-27,S100YYT4,S100YYT4,S100YYT4,S100YYT4
E31381,6039,2026-06-22,S100YGKM,S100YGKM,S100YGKM,S100YGKM
E31386,3134,2026-07-24,S100YS4J,S100YS4J,S100YS4J,S100YS4J
E31408,6040,2025-10-22,S100WWGS,S100WWGS,S100WWGS,
E31436,3914,2026-03-24,S100XSVD,S100XSVD,S100XSVD,
E31453,3915,2026-05-25,S100Y60F,S100Y60F,S100Y60F,
E31524,9417,2026-09-28,S100Z4H1,S100WQZW,S100WQZW,
E31551,3135,2026-09-28,S100Z46R,S100WRDT,S100WRDT,
E31560,7780,2026-06-25,S100YIHS,S100YIHS,S100YIHS,S100YIHS
E31573,3916,2026-09-28,S100Z4HZ,S100Z4HZ,S100Z4HZ,S100Z4HZ
E31580,4434,2026-05-25,S100Y5TF,S100Y5TF,S100Y5TF,
E31594,6167,2026-06-19,S100YEI1,S100YEI1,S100YEI1,S100YEI1
E31614,1431,2026-09-25,S100Z3WK,S100WQNU,S100WQNU,
E31622,7812,2026-09-24,S100Z3BW,S100WQQN,S100WQQN,
E31626,3917,2026-06-22,S100YG4N,S100YG4N,S100YG4N,S100YG4N
E31632,5021,2026-06-24,S100YI3A,S100YI3A,S100YI3A,S100YI3A
E31633,4980,2026-06-22,S100YGAR,S100YGAR,S100YGAR,S100YGAR
E31723,6171,2026-03-23,S100XSOI,S100XSOI,S100XSOI,
E31729,3139,2026-02-24,S100XMUD,S100XMUD,S100XMUD,
E31731,1433,2026-04-16,S100XZ7G,S100XZ7G,S100XZ7G,
E31742,3415,2026-04-22,S100Y0D8,S100Y0D8,S100Y0D8,
E31743,7065,2025-11-26,S100X6QU,S100X6QU,S100X6QU,
E31748,6178,2026-06-18,S100YE7T,S100YE7T,S100YE7T,S100YE7T
E31775,7182,2026-06-18,S100Y9G1,S100Y9G1,S100Y9G1,S100Y9G1
E31854,6180,2026-03-16,S100XR40,S100XR40,S100XR40,
E31855,6181,2026-06-23,S100YHBC,S100YHBC,S100YHBC,S100YHBC
E31871,6184,2026-04-23,S100Y0J1,S100Y0J1,S100Y0J1,
E31878,3923,2026-06-25,S100YL65,S100YL65,S100YL65,S100YL65
E31896,6183,2026-05-25,S100Y5Z2,S100Y5Z2,S100Y5Z2,
E31902,3921,2026-04-27,S100Y0W0,S100Y0W0,S100Y0W0,
E31905,7183,2026-06-18,S100YCZS,S100YCZS,S100YCZS,S100YCZS
E31924,7811,2026-05-25,S100Y635,S100Y635,S100Y635,
E31925,1435,2026-03-24,S100XSYD,S100XSYD,S100XSYD,
E31936,3926,2026-06-25,S100YKIK,S100YKIK,S100YKIK,S100YKIK
E31946,4595,2026-03-26,S100XTF0,S100XTF0,S100XTF0,
E31954,6464,2026-03-25,S100XTLM,S100XTLM,S100XTLM,
E31955,3929,2026-06-24,S100YF9R,S100YF9R,S100YF9R,S100YF9R
E31958,6185,2026-06-24,S100YIYU,S100YIYU,S100YIYU,S100YIYU
E31965,3922,2026-05-26,S100Y6DH,S100Y6DH,S100Y6DH,
E31979,3465,2026-06-25,S100YIZP,S100YIZP,S100YIZP,S100YIZP
E31991,3928,2026-03-27,S100XRSE,S100XRSE,S100XRSE,
E31997,6186,2026-06-22,S100YFD3,S100YFD3,S100YFD3,S100YFD3
E32022,7186,2026-06-11,S100YA32,S100YA32,S100YA32,S100YA32
E32069,2296,2026-06-17,S100YCXD,S100YCXD,S100YCXD,S100YCXD
E32119,2424,2025-10-28,S100WX02,S100WX02,S100WX02,
E32141,3930,2025-10-28,S100WX9N,S100WX9N,S100WX9N,
E32158,3467,2026-06-24,S100YIPZ,S100YIPZ,S100YIPZ,S100YIPZ
E32159,3934,2026-06-23,S100YHUS,S100YHUS,S100YHUS,S100YHUS
E32169,6615,2026-06-25,S100YK9A,S100YK9A,S100YK9A,S100YK9A
E32189,6237,2026-06-24,S100YHPM,S100YHPM,S100YHPM,S100YHPM
E32193,6198,2025-12-25,S100XD0G,S100XD0G,S100XD0G,
E32194,6191,2025-12-23,S100XCN2,S100XCN2,S100XCN2,
E32198,9466,2026-06-19,S100YEVM,S100YEVM,S100YEVM,S100YEVM
E32215,E32215,2026-06-24,S100YIEP,S100YIEP,S100YIEP,S100YIEP
E32225,3936,2026-06-25,S100YIGW,S100YIGW,S100YIGW,S100YIGW
E32292,9143,2026-06-10,S100Y9P7,S100Y9P7,S100Y9P7,S100Y9P7
E32351,3541,2025-11-28,S100X7ID,S100X7ID,S100X7ID,
E32364,2820,2026-09-28,S100Z4J8,S100WQUM,S100WQUM,
E32380,6196,2025-12-17,S100XAN1,S100XAN1,S100XAN1,
E32397,6199,2025-11-20,S100X5OA,S100X5OA,S100X5OA,
E32400,6194,2025-12-17,S100XAZ6,S100XAZ6,S100XAZ6,
E32405,6195,2026-06-29,S100YMFF,S100YMFF,S100YMFF,S100YMFF
E32412,7187,2026-06-29,S100YM65,S100YM65,S100YM65,S100YM65
E32420,3542,2026-06-24,S100YIJ8,S100YIJ8,S100YIJ8,S100YIJ8
E32448,E32448,2026-06-24,S100YH7K,S100YH7K,S100YH7K,S100YH7K
E32486,3474,2026-03-27,S100XUW1,S100XUW1,S100XUW1,
E32495,6200,2025-12-16,S100XAOQ,S100XAOQ,S100XAOQ,
E32549,6532,2026-05-26,S100Y69G,S100Y69G,S100Y69G,
E32571,3267,2026-02-25,S100XMZE,S100XMZE,S100XMZE,
E32591,3940,2026-03-25,S100XTIP,S100XTIP,S100XTIP,
E32619,3965,2025-12-18,S100XB9Q,S100XB9Q,S100XB9Q,
E32620,3962,2026-06-24,S100YJC3,S100YJC3,S100YJC3,S100YJC3
E32642,4189,2026-03-25,S100XT28,S100XT28,S100XT28,
E32647,3963,2026-06-23,S100YGE7,S100YGE7,S100YGE7,S100YGE7
E32664,9160,2026-03-19,S100XSAX,S100XSAX,S100XSAX,
E32679,9142,2026-06-19,S100Y6HR,S100Y6HR,S100Y6HR,S100Y6HR
E32682,1438,2025-12-24,S100XCY4,S100XCY4,S100XCY4,
E32687,6535,2025-10-23,S100WW4T,S100WW4T,S100WW4T,
E32697,3548,2026-05-28,S100Y6V9,S100Y6V9,S100Y6V9,
E32750,3967,2026-05-27,S100Y6AI,S100Y6AI,S100Y6AI,
E32753,6537,2026-03-30,S100XVE0,S100XVE0,S100XVE0,
E32763,7191,2026-06-19,S100YECQ,S100YECQ,S100YECQ,S100YECQ
E32770,5704,2026-03-24,S100XSBE,S100XSBE,S100XSBE,
E32793,3477,2026-06-26,S100YKFC,S100YKFC,S100YKFC,S100YKFC
E32794,3979,2026-06-24,S100YJOL,S100YJOL,S100YJOL,S100YJOL
E32796,6540,2026-03-25,S100XTA7,S100XTA7,S100XTA7,
E32801,6539,2026-06-18,S100YEG1,S100YEG1,S100YEG1,S100YEG1
E32814,3974,2026-01-26,S100XH0H,S100XH0H,S100XH0H,
E32855,3976,2026-03-27,S100XV3B,S100XV3B,S100XV3B,
E32951,6543,2026-05-26,S100Y6L2,S100Y6L2,S100Y6L2,
E32965,3557,2026-05-29,S100Y7EJ,S100Y7EJ,S100Y7EJ,
E32966,3558,2026-05-27,S100Y6RE,S100Y6RE,S100Y6RE,
E32967,9519,2026-06-17,S100YD7F,S100YD7F,S100YD7F,S100YD7F
E32988,6547,2026-09-24,S100Z3CG,S100WQPA,S100WQPA,
E32991,3560,2025-11-28,S100X6M7,S100X6M7,S100X6M7,
E33000,3563,2025-12-22,S100XBTY,S100XBTY,S100XBTY,
E33009,6546,2026-03-30,S100XURA,S100XURA,S100XURA,
E33026,3984,2026-09-16,S100Z2OT,S100Z2OT,S100Z2OT,S100Z2OT
E33034,6544,2026-06-19,S100YEZ8,S100YEZ8,S100YEZ8,S100YEZ8
E33037,3562,2026-05-25,S100Y62C,S100Y62C,S100Y62C,
E33039,3983,2026-03-19,S100XR9Z,S100XR9Z,S100XR9Z,
E33232,3986,2026-09-28,S100Z448,S100WR2U,S100WR2U,
E33242,3989,2025-12-22,S100XC4O,S100XC4O,S100XC4O,
E33247,6549,2026-06-24,S100YJGW,S100YJGW,S100YJGW,S100YJGW
E33254,6552,2026-08-25,S100YYH7,S100YYH7,S100YYH7,S100YYH7
E33272,6551,2025-12-22,S100XCA9,S100XCA9,S100XCA9,
E33282,9262,2025-10-24,S100WWED,S100WWED,S100WWED,
E33305,3566,2026-03-26,S100XTR8,S100XTR8,S100XTR8,
E33345,6695,2026-06-24,S100YJNO,S100YJNO,S100YJNO,S100YJNO
E33357,6554,2025-12-22,S100XBSY,S100XBSY,S100XBSY,
E33364,3991,2025-11-25,S100X6HU,S100X6HU,S100X6HU,
E33367,3992,2025-12-15,S100XAHG,S100XAHG,S100XAHG,
E33390,3994,2026-02-19,S100XM4Q,S100XM4Q,S100XM4Q,
E33391,3993,2025-12-22,S100XC4P,S100XC4P,S100XC4P,
E33392,7809,2026-09-24,S100Z3E4,S100WQU3,S100WQU3,
E33485,7196,2026-04-23,S100XZL9,S100XZL9,S100XZL9,
E33497,7808,2026-08-27,S100YYY4,S100WLYT,S100WLYT,
E33515,6558,2026-02-26,S100XNDX,S100XNDX,S100XNDX,
E33519,3996,2026-05-28,S100Y6B0,S100Y6B0,S100Y6B0,
E33553,3997,2026-03-30,S100XVCG,S100XVCG,S100XVCG,
E33557,6557,2026-06-23,S100YH7U,S100YH7U,S100YH7U,S100YH7U
E33574,3611,2026-06-23,S100YHK4,S100YHK4,S100YHK4,S100YHK4
E33579,3486,2026-03-25,S100XU06,S100XU06,S100XU06,
E33586,4480,2026-03-27,S100XUX3,S100XUX3,S100XUX3,
E33588,6560,2026-03-23,S100XRW4,S100XRW4,S100XRW4,
E33601,6563,2025-12-22,S100XBZI,S100XBZI,S100XBZI,
E33602,6561,2026-03-26,S100XU2F,S100XU2F,S100XU2F,
E33603,4249,2026-06-18,S100YE00,S100YE00,S100YE00,S100YE00
E33610,9388,2026-05-22,S100Y5VD,S100Y5VD,S100Y5VD,
E33615,6562,2026-06-30,S100YNBB,S100YNBB,S100YNBB,S100YNBB
E33622,8919,2026-06-22,S100YGXU,S100YGXU,S100YGXU,S100YGXU
E33624,7199,2026-06-23,S100YHAQ,S100YHAQ,S100YHAQ,S100YHAQ
E33625,7198,2026-06-19,S100YFMO,S100YFMO,S100YFMO,S100YFMO
E33633,6566,2026-06-22,S100YFRW,S100YFRW,S100YFRW,S100YFRW
E33638,6565,2026-06-19,S100YDVA,S100YDVA,S100YDVA,S100YDVA
E33794,6568,2026-06-23,S100YACF,S100YACF,S100YACF,S100YACF
E33819,3489,2026-06-24,S100YHL1,S100YHL1,S100YHL1,S100YHL1
E33822,6570,2026-06-23,S100YF8W,S100YF8W,S100YF8W,S100YF8W
E33834,3447,2026-06-25,S100YJZ0,S100YJZ0,S100YJZ0,S100YJZ0
E33839,9450,2026-09-24,S100Z3AD,S100Z3AD,S100Z3AD,S100Z3AD
E33854,7320,2026-09-24,S100Z3SN,S100WSFJ,S100WSFJ,
E33864,6574,2026-06-30,S100YN95,S100YN95,S100YN95,S100YN95
E33880,4382,2026-07-23,S100YS1Z,S100YS1Z,S100YS1Z,S100YS1Z
E33882,9272,2026-06-25,S100YJV7,S100YJV7,S100YJV7,S100YJV7
E33928,6578,2026-05-28,S100Y78X,S100Y78X,S100Y78X,
E33957,4432,2026-05-25,S100Y628,S100Y628,S100Y628,
E33966,4384,2025-10-22,S100WW0E,S100WW0E,S100WW0E,
E34006,E34006,2026-06-30,S100YMEB,S100YMEB,S100YMEB,S100YMEB
E34018,6580,2026-06-26,S100YLCH,S100YLCH,S100YLCH,S100YLCH
E34045,4391,2026-09-25,S100Z2RN,S100Z2RN,S100Z2RN,S100Z2RN
E34052,4388,2026-06-22,S100YGJY,S100YGJY,S100YGJY,S100YGJY
E34053,7030,2025-12-26,S100XCTM,S100XCTM,S100XCTM,
E34054,7806,2025-12-19,S100XBX1,S100XBX1,S100XBX1,
E34064,4385,2026-09-17,S100Z2BE,S100Z2BE,S100Z2BE,S100Z2BE
E34065,6699,2026-06-29,S100YLYF,S100YLYF,S100YLYF,S100YLYF
E34116,4393,2025-12-25,S100XD6Y,S100XD6Y,S100XD6Y,
E34130,5699,2026-03-23,S100XSK6,S100XSK6,S100XSK6,
E34142,7033,2026-03-24,S100XT2O,S100XT2O,S100XT2O,
E34148,7034,2026-01-27,S100XHNU,S100XHNU,S100XHNU,
E34177,3491,2026-01-28,S100XHWU,S100XHWU,S100XHWU,
E34225,4397,2025-11-26,S100X6JN,S100X6JN,S100X6JN,
E34238,7035,2025-11-25,S100X6AI,S100X6AI,S100X6AI,
E34256,3495,2025-12-24,S100XCMA,S100XCMA,S100XCMA,
E34273,6233,2025-12-22,S100XBSH,S100XBSH,S100XBSH,
E34281,7325,2026-09-28,S100Z4GS,S100WS0W,S100WS0W,
E34285,3496,2025-12-16,S100XADZ,S100XADZ,S100XADZ,
E34288,4398,2026-09-18,S100Z33X,S100Z33X,S100Z33X,S100Z33X
E34289,3498,2025-11-26,S100X6TA,S100X6TA,S100X6TA,
E34290,7038,2026-03-25,S100XTFR,S100XTFR,S100XTFR,
E34294,7036,2026-03-31,S100XVWO,S100XVWO,S100XVWO,
E34321,4420,2026-03-30,S100XV6D,S100XV6D,S100XV6D,
E34331,7039,2026-03-30,S100XV70,S100XV70,S100XV70,
E34335,4421,2025-12-23,S100XCIO,S100XCIO,S100XCIO,
E34336,9279,2026-01-27,S100XHK4,S100XHK4,S100XHK4,
E34363,7805,2025-11-26,S100X68N,S100X68N,S100X68N,
E34406,E34406,2026-06-29,S100YK9I,S100YK9I,S100YK9I,S100YK9I
E34454,5071,2026-06-25,S100YJJP,S100YJJP,S100YJJP,S100YJJP
E34455,7681,2025-12-17,S100XACD,S100XACD,S100XACD,
E34470,7670,2026-06-22,S100YFWA,S100YFWA,S100YFWA,S100YFWA
E34484,7044,2026-03-27,S100XTO4,S100XTO4,S100XTO4,
E34486,1450,2026-06-19,S100YEWF,S100YEWF,S100YEWF,S100YEWF
E34487,7046,2026-06-26,S100YJTH,S100YJTH,S100YJTH,S100YJTH
E34498,7043,2026-03-24,S100XT2J,S100XT2J,S100XT2J,
E34499,7677,2026-06-25,S100YJ1S,S100YJ1S,S100YJ1S,S100YJ1S
E34508,7048,2026-03-23,S100XSV4,S100XSV4,S100XSV4,
E34509,4428,2026-03-26,S100XUCN,S100XUCN,S100XUCN,
E34537,7047,2026-06-18,S100YDYD,S100YDYD,S100YDYD,S100YDYD
E34557,4479,2025-12-10,S100X9BR,S100X9BR,S100X9BR,
E34633,4429,2026-05-27,S100Y6L5,S100Y6L5,S100Y6L5,
E34634,7049,2026-05-27,S100Y1AF,S100Y1AF,S100Y1AF,
E34643,4431,2026-07-28,S100YSPI,S100YSPI,S100YSPI,S100YSPI
E34644,7673,2026-08-27,S100YYF5,S100YYF5,S100YYF5,S100YYF5
E34657,7050,2026-07-29,S100YSV9,S100YSV9,S100YSV9,S100YSV9
E34663,4430,2026-08-27,S100YYUD,S100YYUD,S100YYUD,S100YYUD
E34704,7678,2026-04-23,S100Y0LF,S100Y0LF,S100Y0LF,
E34716,7057,2026-06-16,S100YCPU,S100YCPU,S100YCPU,S100YCPU
E34720,7060,2026-06-25,S100YJZ1,S100YJZ1,S100YJZ1,S100YJZ1
E34725,7062,2026-06-26,S100YLVZ,S100YLVZ,S100YLVZ,S100YLVZ
E34729,4439,2025-11-25,S100X6GX,S100X6GX,S100X6GX,
E34739,4440,2025-11-26,S100X6ND,S100X6ND,S100X6ND,
E34754,4436,2026-06-24,S100YJON,S100YJON,S100YJON,S100YJON
E34800,7804,2026-01-28,S100XHVC,S100XHVC,S100XHVC,
E34814,4441,2026-01-26,S100XH6J,S100XH6J,S100XH6J,
E34837,E34837,2026-06-19,S100YCJZ,S100YCJZ,S100YCJZ,S100YCJZ
E34880,4442,2026-06-23,S100YE1A,S100YE1A,S100YE1A,S100YE1A
E34891,E34891,2026-05-28,S100Y770,S100Y770,S100Y770,
E34944,2974,2025-12-22,S100XC53,S100XC53,S100XC53,
E34954,7066,2025-12-25,S100XD95,S100XD95,S100XD95,
E34960,4443,2026-08-19,S100YXFQ,S100YXFQ,S100YXFQ,S100YXFQ
E34965,4931,2025-12-16,S100XA5Q,S100XA5Q,S100XA5Q,
E34973,4165,2025-12-17,S100XAX3,S100XAX3,S100XAX3,
E34974,4444,2026-06-26,S100YLDD,S100YLDD,S100YLDD,S100YLDD
E34994,7378,2026-01-27,S100XHO2,S100XHO2,S100XHO2,
E35004,7803,2026-09-28,S100Z4J4,S100WQQH,S100WQQH,
E35028,2978,2025-10-29,S100WXFC,S100WXFC,S100WXFC,
E35089,7069,2025-12-19,S100XBQ8,S100XBQ8,S100XBQ8,
E35096,4449,2026-03-27,S100XUO8,S100XUO8,S100XUO8,
E35114,6597,2026-09-28,S100Z4KT,S100Z4KT,S100Z4KT,S100Z4KT
E35116,7685,2026-03-25,S100XTBY,S100XTBY,S100XTBY,
E35118,5871,2026-03-25,S100XSRF,S100XSRF,S100XSRF,
E35124,4448,2026-03-23,S100XSJP,S100XSJP,S100XSJP,
E35125,7682,2025-10-30,S100WXPT,S100WXPT,S100WXPT,
E35136,4691,2026-06-19,S100YF5I,S100YF5I,S100YF5I,S100YF5I
E35137,4450,2026-03-26,S100XU6D,S100XU6D,S100XU6D,
E35139,7081,2026-03-25,S100XTYD,S100XTYD,S100XTYD,
E35140,7071,2025-12-25,S100XD1A,S100XD1A,S100XD1A,
E35144,2983,2026-04-21,S100Y03C,S100Y03C,S100Y03C,
E35150,4475,2025-12-24,S100XCC9,S100XCC9,S100XCC9,
E35153,2980,2026-06-24,S100YJPC,S100YJPC,S100YJPC,S100YJPC
E35163,4477,2026-03-23,S100XSMS,S100XSMS,S100XSMS,
E35164,4481,2026-03-26,S100XUKI,S100XUKI,S100XUKI,
E35169,4880,2026-01-28,S100XHWF,S100XHWF,S100XHWF,
E35170,7683,2026-04-27,S100Y159,S100Y159,S100Y159,
E35187,7073,2026-04-28,S100Y1BL,S100Y1BL,S100Y1BL,
E35220,4251,2026-03-23,S100XS6Z,S100XS6Z,S100XS6Z,
E35230,E35230,2026-03-26,S100XT9M,S100XT9M,S100XT9M,
E35234,2999,2025-11-25,S100X6G1,S100X6G1,S100X6G1,
E35250,7083,2026-02-25,S100XMZ1,S100XMZ1,S100XMZ1,
E35278,4490,2026-05-29,S100Y7OP,S100Y7OP,S100Y7OP,
E35287,4484,2026-06-22,S100YFEP,S100YFEP,S100YFEP,S100YFEP
E35294,3449,2026-03-26,S100XU8H,S100XU8H,S100XU8H,
E35307,4486,2026-03-19,S100XRU1,S100XRU1,S100XRU1,
E35308,4483,2026-06-24,S100YJCA,S100YJCA,S100YJCA,S100YJCA
E35323,7080,2026-03-19,S100XS6L,S100XS6L,S100XS6L,
E35325,4478,2026-09-28,S100Z4LO,S100Z4LO,S100Z4LO,S100Z4LO
E35334,7686,2026-06-23,S100YIAO,S100YIAO,S100YIAO,S100YIAO
E35335,7079,2026-06-22,S100YFVI,S100YFVI,S100YFVI,S100YFVI
E35345,4488,2026-06-25,S100YJYU,S100YJYU,S100YJYU,S100YJYU
E35354,4493,2026-03-25,S100XTY6,S100XTY6,S100XTY6,
E35449,6231,2026-06-16,S100YCHD,S100YCHD,S100YCHD,S100YCHD
E35466,4491,2026-06-24,S100YGM1,S100YGM1,S100YGM1,S100YGM1
E35470,7087,2026-06-25,S100YHRI,S100YHRI,S100YHRI,S100YHRI
E35483,7089,2026-06-23,S100YIA4,S100YIA4,S100YIA4,S100YIA4
E35493,9326,2026-05-29,S100Y7I7,S100Y7I7,S100Y7I7,
E35497,5368,2026-06-22,S100YG71,S100YG71,S100YG71,S100YG71
E35504,4492,2026-06-25,S100YJQM,S100YJQM,S100YJQM,S100YJQM
E35514,7093,2026-03-27,S100XV2Z,S100XV2Z,S100XV2Z,
E35516,4498,2026-06-23,S100YI8R,S100YI8R,S100YI8R,S100YI8R
E35562,7094,2026-06-24,S100YHNA,S100YHNA,S100YHNA,S100YHNA
E35563,7096,2026-06-23,S100YI32,S100YI32,S100YI32,S100YI32
E35578,4495,2026-09-25,S100Z39X,S100Z39X,S100Z39X,S100Z39X
E35587,6230,2026-06-22,S100YEJ7,S100YEJ7,S100YEJ7,S100YEJ7
E35610,7367,2026-06-25,S100YL5T,S100YL5T,S100YL5T,S100YL5T
E35614,2991,2025-10-24,S100WWX1,S100WWX1,S100WWX1,
E35632,4499,2025-12-22,S100XC4C,S100XC4C,S100XC4C,
E35642,4051,2025-12-12,S100X9ZE,S100X9ZE,S100X9ZE,
E35765,4057,2026-08-19,S100YXG0,S100YXG0,S100YXG0,S100YXG0
E35773,7351,2025-11-27,S100X6Y8,S100X6Y8,S100X6Y8,
E35790,7353,2026-03-24,S100XSRQ,S100XSRQ,S100XSRQ,
E35797,9223,2026-06-24,S100YJ2P,S100YJ2P,S100YJ2P,S100YJ2P
E35821,4054,2026-09-28,S100Z492,S100WQPM,S100WQPM,
E35827,4053,2026-03-25,S100XTX9,S100XTX9,S100XTX9,
E35928,4933,2026-05-15,S100Y415,S100Y415,S100Y415,
E35941,4011,2026-03-27,S100XUSL,S100XUSL,S100XUSL,
E35948,285A,2026-06-24,S100YJ18,S100YJ18,S100YJ18,S100YJ18
E35959,4012,2026-03-19,S100XS04,S100XS04,S100XS04,
E35967,4013,2026-03-19,S100XR7V,S100XR7V,S100XR7V,
E36002,4172,2025-12-24,S100XCQ7,S100XCQ7,S100XCQ7,
E36046,4934,2025-10-24,S100WWWK,S100WWWK,S100WWWK,
E36078,7357,2026-05-29,S100Y7GV,S100Y7GV,S100Y7GV,
E36091,6612,2026-03-25,S100XTCP,S100XTCP,S100XTCP,
E36098,6229,2026-06-24,S100YHR0,S100YHR0,S100YHR0,S100YHR0
E36102,1786,2026-06-22,S100YDUO,S100YDUO,S100YDUO,S100YDUO
E36107,4168,2026-03-30,S100XVB7,S100XVB7,S100XVB7,
E36123,7694,2026-06-24,S100YI9F,S100YI9F,S100YI9F,S100YI9F
E36130,4169,2026-06-22,S100YGHR,S100YGHR,S100YGHR,S100YGHR
E36133,4935,2026-03-31,S100XVNJ,S100XVNJ,S100XVNJ,
E36134,7366,2026-06-18,S100YDDX,S100YDDX,S100YDDX,S100YDDX
E36155,4019,2026-03-26,S100XTWU,S100XTWU,S100XTWU,
E36190,4887,2026-06-24,S100YITS,S100YITS,S100YITS,S100YITS
E36213,4174,2026-04-28,S100Y16K,S100Y16K,S100Y16K,
E36223,9248,2025-12-23,S100XBUH,S100XBUH,S100XBUH,
E36321,4936,2025-10-23,S100WWME,S100WWME,S100WWME,
E36322,4175,2026-04-24,S100Y0KM,S100Y0KM,S100Y0KM,
E36338,E36338,2026-06-30,S100YNMH,S100YNMH,S100YNMH,S100YNMH
E36343,4177,2026-06-23,S100YHOY,S100YHOY,S100YHOY,S100YHOY
E36350,4885,2026-08-25,S100YYBG,S100YYBG,S100YYBG,S100YYBG
E36351,4176,2025-11-20,S100X5W6,S100X5W6,S100X5W6,
E36353,7362,2026-03-26,S100XU5X,S100XU5X,S100XU5X,
E36366,4178,2026-03-24,S100XS7T,S100XS7T,S100XS7T,
E36367,7374,2026-06-26,S100YKQ9,S100YKQ9,S100YKQ9,S100YKQ9
E36368,6614,2026-06-23,S100YHLM,S100YHLM,S100YHLM,S100YHLM
E36393,9346,2026-09-18,S100Z37I,S100WOJI,S100WOJI,
E36405,9327,2026-06-25,S100YI5P,S100YI5P,S100YI5P,S100YI5P
E36406,7343,2026-06-26,S100YKOR,S100YKOR,S100YKOR,S100YKOR
E36410,4192,2026-03-24,S100XT30,S100XT30,S100XT30,
E36432,E36432,2026-06-24,S100YIPO,S100YIPO,S100YIPO,S100YIPO
E36433,6521,2026-05-22,S100Y5QW,S100Y5QW,S100Y5QW,
E36435,7698,2026-06-23,S100YHLL,S100YHLL,S100YHLL,S100YHLL
E36464,7368,2026-06-25,S100YKV6,S100YKV6,S100YKV6,S100YKV6
E36466,2933,2026-06-23,S100YGHF,S100YGHF,S100YGHF,S100YGHF
E36484,4194,2025-10-22,S100WW0V,S100WW0V,S100WW0V,
E36532,4196,2025-12-24,S100XCJL,S100XCJL,S100XCJL,
E36539,7377,2026-09-30,S100Z4Q1,S100Z4Q1,S100Z4Q1,S100Z4Q1
E36545,6228,2026-05-29,S100Y7JM,S100Y7JM,S100Y7JM,
E36627,7791,2026-06-24,S100YHQB,S100YHQB,S100YHQB,S100YHQB
E36635,4071,2025-12-25,S100XD0A,S100XD0A,S100XD0A,
E36637,4198,2026-08-26,S100YXP8,S100WLGP,S100WLGP,
E36638,7370,2026-08-21,S100YXYC,S100YXYC,S100YXYC,S100YXYC
E36648,7373,2025-11-28,S100X7DA,S100X7DA,S100X7DA,
E36653,4069,2026-09-30,S100Z5HJ,,,
E36655,7376,2025-12-23,S100XC7N,S100XC7N,S100XC7N,
E36658,7126,2025-10-24,S100WVWR,S100WVWR,S100WVWR,
E36659,4068,2026-09-24,S100Z3RZ,S100WR7P,S100WR7P,
E36661,4199,2025-11-26,S100X6FE,S100X6FE,S100X6FE,
E36666,4073,2026-09-18,S100Z2TG,S100WQNZ,S100WQNZ,
E36670,7792,2025-12-22,S100XBZW,S100XBZW,S100XBZW,
E36700,7381,2026-06-12,S100YAOX,S100YAOX,S100YAOX,S100YAOX
E36703,7380,2026-06-11,S100YA7J,S100YA7J,S100YA7J,S100YA7J
E36706,9147,2026-03-25,S100XTG8,S100XTG8,S100XTG8,
E36708,4074,2026-03-26,S100XUN1,S100XUN1,S100XUN1,
E36711,9240,2025-10-30,S100WXTF,S100WXTF,S100WXTF,
E36714,7129,2026-06-25,S100YK3E,S100YK3E,S100YK3E,S100YK3E
E36730,7350,2026-06-19,S100YFFH,S100YFFH,S100YFFH,S100YFFH
E36750,6227,2026-09-24,S100Z3FB,S100Z3FB,S100Z3FB,S100Z3FB
E36756,7130,2026-06-18,S100YE2O,S100YE2O,S100YE2O,S100YE2O
E36795,4370,2025-11-26,S100X6MF,S100X6MF,S100X6MF,
E36801,9241,2025-11-28,S100X7HS,S100X7HS,S100X7HS,
E36840,4076,2026-08-26,S100YYRG,S100YYRG,S100YYRG,S100YYRG
E36859,4264,2026-03-27,S100XTNP,S100XTNP,S100XTNP,
E36883,9245,2026-03-23,S100XS3W,S100XS3W,S100XS3W,
E36897,4371,2026-03-27,S100XUXC,S100XUXC,S100XUXC,
E36901,4374,2026-03-27,S100XUUD,S100XUUD,S100XUUD,
E36905,4372,2026-03-25,S100XS86,S100XS86,S100XS86,
E36928,4373,2026-06-11,S100YARY,S100YARY,S100YARY,S100YARY
E36937,4270,2026-05-25,S100Y5VS,S100Y5VS,S100Y5VS,
E36944,4377,2026-03-27,S100XUP3,S100XUP3,S100XUP3,
E36946,4375,2026-03-27,S100XUXF,S100XUXF,S100XUXF,
E36968,9249,2025-12-23,S100XCE0,S100XCE0,S100XCE0,
E36969,7135,2026-09-25,S100Z3BG,,,
E36976,6523,2026-06-23,S100YHPK,S100YHPK,S100YHPK,S100YHPK
E36988,9250,2026-02-26,S100XNEI,S100XNEI,S100XNEI,
E36989,4378,2026-01-28,S100XHNB,S100XHNB,S100XHNB,
E36991,2961,2025-12-24,S100XCJ8,S100XCJ8,S100XCJ8,
E37006,9253,2026-05-19,S100Y4UP,S100Y4UP,S100Y4UP,
E37060,4379,2026-03-27,S100XV3D,S100XV3D,S100XV3D,
E37098,9252,2025-11-28,S100X7D0,S100X7D0,S100X7D0,
E37105,4255,2026-03-25,S100XTKE,S100XTKE,S100XTKE,
E37115,4415,2026-03-23,S100XSGS,S100XSGS,S100XSGS,
E37130,4414,2026-06-22,S100YG80,S100YG80,S100YG80,S100YG80
E37131,4261,2026-03-31,S100XVLI,S100XVLI,S100XVLI,
E37133,4413,2026-05-27,S100Y6J0,S100Y6J0,S100Y6J0,
E37141,2993,2026-06-19,S100YCXS,S100YCXS,S100YCXS,S100YCXS
E37143,7134,2026-06-22,S100YFV1,S100YFV1,S100YFV1,S100YFV1
E37147,4417,2026-06-24,S100YFEX,S100YFEX,S100YFEX,S100YFEX
E37156,6524,2026-03-26,S100XT3K,S100XT3K,S100XT3K,
E37157,4125,2026-06-19,S100YEHE,S100YEHE,S100YEHE,S100YEHE
E37158,4259,2026-06-22,S100YFZ6,S100YFZ6,S100YFZ6,S100YFZ6
E37160,4258,2026-03-25,S100XTTR,S100XTTR,S100XTTR,
E37165,2585,2026-06-24,S100YIP0,S100YIP0,S100YIP0,S100YIP0
E37175,4418,2026-09-25,S100Z461,S100Z461,S100Z461,S100Z461
E37198,7133,2026-06-25,S100YI10,S100YI10,S100YI10,S100YI10
E37199,9258,2025-12-19,S100XBLU,S100XBLU,S100XBLU,
E37214,9158,2026-06-25,S100YKO7,S100YKO7,S100YKO7,S100YKO7
E37221,9256,2026-06-24,S100YJBO,S100YJBO,S100YJBO,S100YJBO
E37292,9214,2026-03-30,S100XV6A,S100XV6A,S100XV6A,
E37304,9213,2026-03-30,S100XTQ4,S100XTQ4,S100XTQ4,
E37399,9216,2026-08-25,S100YYAI,S100YYAI,S100YYAI,S100YYAI
E37419,7793,2026-03-30,S100XVC1,S100XVC1,S100XVC1,
E37435,5033,2026-06-24,S100YH55,S100YH55,S100YH55,S100YH55
E37456,5078,2026-05-22,S100Y5GZ,S100Y5GZ,S100Y5GZ,
E37458,5026,2025-11-28,S100X79V,S100X79V,S100X79V,
E37468,5079,2026-07-29,S100YSTZ,S100YSTZ,S100YSTZ,S100YSTZ
E37482,5125,2026-09-28,S100Z4FT,S100WS33,S100WS33,
E37488,6525,2026-06-25,S100YJUA,S100YJUA,S100YJUA,S100YJUA
E37499,6226,2026-06-22,S100YGR0,S100YGR0,S100YGR0,S100YGR0
E37502,4197,2026-02-27,S100XNPA,S100XNPA,S100XNPA,
E37504,2998,2026-06-24,S100YIOE,S100YIOE,S100YIOE,S100YIOE
E37523,9220,2026-06-25,S100YK1M,S100YK1M,S100YK1M,S100YK1M
E37560,9221,2026-06-16,S100YBWO,S100YBWO,S100YBWO,S100YBWO
E37573,5032,2026-07-27,S100YSEA,S100YSEA,S100YSEA,S100YSEA
E37584,9348,2026-06-25,S100YL5W,S100YL5W,S100YL5W,S100YL5W
E37603,5029,2026-06-24,S100YHBZ,S100YHBZ,S100YHBZ,S100YHBZ
E37719,9229,2026-06-25,S100YL7U,S100YL7U,S100YL7U,S100YL7U
E37725,5830,2026-06-16,S100YBIB,S100YBIB,S100YBIB,S100YBIB
E37742,9553,2025-12-19,S100XBWH,S100XBWH,S100XBWH,
E37743,366A,2026-06-25,S100YKON,S100YKON,S100YKON,S100YKON
E37779,9556,2025-10-27,S100WX3D,S100WX3D,S100WX3D,
E37781,7389,2026-06-19,S100YE5H,S100YE5H,S100YE5H,S100YE5H
E37788,9347,2026-06-23,S100YHX4,S100YHX4,S100YHX4,S100YHX4
E37790,5035,2026-03-26,S100XU4M,S100XU4M,S100XU4M,
E37815,5034,2026-09-25,S100Z46V,S100Z46V,S100Z46V,S100Z46V
E37829,E37829,2026-06-29,S100YL35,S100YL35,S100YL35,S100YL35
E37833,5036,2025-12-18,S100XB8X,S100XB8X,S100XB8X,
E37902,5038,2026-03-23,S100XSJZ,S100XSJZ,S100XSJZ,
E37911,9558,2026-02-25,S100XN61,S100XN61,S100XN61,
E37913,7388,2026-02-26,S100XN8S,S100XN8S,S100XN8S,
E37936,9560,2025-11-27,S100X76V,S100X76V,S100X76V,
E37959,5129,2025-11-27,S100X770,S100X770,S100X770,
E37978,6526,2026-06-23,S100YHHK,S100YHHK,S100YHHK,S100YHHK
E37979,9561,2026-03-27,S100XV2A,S100XV2A,S100XV2A,
E38007,9564,2025-12-25,S100XDAL,S100XDAL,S100XDAL,
E38008,5132,2026-01-26,S100XHEY,S100XHEY,S100XHEY,
E38031,E38031,2026-06-26,S100YITA,S100YITA,S100YITA,S100YITA
E38043,5243,2026-02-25,S100XMWX,S100XMWX,S100XMWX,
E38072,5136,2026-01-26,S100XH92,S100XH92,S100XH92,
E38078,5867,2026-03-19,S100XS2Y,S100XS2Y,S100XS2Y,
E38082,9204,2026-06-24,S100YJR8,S100YJR8,S100YJR8,S100YJR8
E38109,5574,2025-11-25,S100X6IA,S100X6IA,S100X6IA,
E38118,7115,2026-03-24,S100XT1E,S100XT1E,S100XT1E,
E38148,9336,2026-06-26,S100YKY3,S100YKY3,S100YKY3,S100YKY3
E38157,5240,2026-03-26,S100XU3Y,S100XU3Y,S100XU3Y,
E38167,7114,2026-06-26,S100YJIB,S100YJIB,S100YJIB,S100YJIB
E38168,2937,2026-06-17,S100YD6O,S100YD6O,S100YD6O,S100YD6O
E38178,9339,2026-03-25,S100XTSA,S100XTSA,S100XTSA,
E38180,5139,2026-03-24,S100XTDI,S100XTDI,S100XTDI,
E38191,5247,2026-06-26,S100YLUK,S100YLUK,S100YLUK,S100YLUK
E38192,9338,2026-03-16,S100XR70,S100XR70,S100XR70,
E38201,5244,2026-06-22,S100YGSA,S100YGSA,S100YGSA,S100YGSA
E38205,5137,2025-12-22,S100XC5Q,S100XC5Q,S100XC5Q,
E38215,9341,2026-06-22,S100YFQH,S100YFQH,S100YFQH,S100YFQH
E38335,5257,2026-03-25,S100XT6D,S100XT6D,S100XT6D,
E38373,5241,2026-03-25,S100XTGF,S100XTGF,S100XTGF,
E38382,7118,2026-06-25,S100YK6C,S100YK6C,S100YK6C,S100YK6C
E38440,9343,2026-03-23,S100XS2D,S100XS2D,S100XS2D,
E38443,7120,2026-06-18,S100YE1C,S100YE1C,S100YE1C,S100YE1C
E38450,9345,2026-03-26,S100XUK8,S100XUK8,S100XUK8,
E38452,9344,2026-09-28,S100Z3ZU,S100Z3ZU,S100Z3ZU,S100Z3ZU
E38460,5256,2026-09-24,S100Z3D3,S100Z3D3,S100Z3D3,S100Z3D3
E38472,5254,2026-09-29,S100Z4WQ,S100Z4WQ,S100Z4WQ,S100Z4WQ
E38474,5252,2026-06-24,S100YJNJ,S100YJNJ,S100YJNJ,S100YJNJ
E38477,5255,2026-03-31,S100XVZN,S100XVZN,S100XVZN,
E38478,5253,2026-06-24,S100YGT9,S100YGT9,S100YGT9,S100YGT9
E38491,5258,2026-06-24,S100YJ6W,S100YJ6W,S100YJ6W,S100YJ6W
E38504,4040,2026-06-24,S100YI8M,S100YI8M,S100YI8M,S100YI8M
E38512,5530,2026-09-24,S100Z3PM,S100WR0H,S100WR0H,
E38523,2962,2026-09-25,S100Z3YV,S100WRPQ,S100WRPQ,
E38525,141A,2026-09-24,S100Z3TN,S100Z3TN,S100Z3TN,S100Z3TN
E38645,5576,2026-06-17,S100YC6U,S100YC6U,S100YC6U,S100YC6U
E38651,9331,2025-11-26,S100X1KO,S100X1KO,S100X1KO,
E38654,5578,2025-11-25,S100X6EQ,S100X6EQ,S100X6EQ,
E38683,5582,2026-09-29,S100Z4LV,S100Z4LV,S100Z4LV,S100Z4LV
E38685,5579,2026-06-25,S100YKIG,S100YKIG,S100YKIG,S100YKIG
E38689,177A,2026-06-23,S100YB5D,S100YB5D,S100YB5D,S100YB5D
E38693,9165,2026-09-24,S100Z3AF,S100WM9C,S100WM9C,
E38695,7409,2026-09-28,S100Z4JK,S100Z4JK,S100Z4JK,S100Z4JK
E38698,9162,2026-09-29,S100Z50D,S100Z50D,S100Z50D,S100Z50D
E38714,5844,2026-06-19,S100YEHZ,S100YEHZ,S100YEHZ,S100YEHZ
E38716,5843,2025-12-23,S100XCA4,S100XCA4,S100XCA4,
E38722,387A,2026-09-29,S100Z3K6,S100Z3K6,S100Z3K6,S100Z3K6
E38738,5888,2026-04-23,S100Y0CE,S100Y0CE,S100Y0CE,
E38739,9166,2026-04-28,S100Y1F9,S100Y1F9,S100Y1F9,
E38761,6209,2026-06-24,S100YHYP,S100YHYP,S100YHYP,S100YHYP
E38780,6224,2026-05-27,S100Y688,S100Y688,S100Y688,
E38849,9330,2025-12-24,S100XCV7,S100XCV7,S100XCV7,
E38895,9168,2026-05-28,S100Y6K8,S100Y6K8,S100Y6K8,
E38898,3958,2026-09-24,S100Z33V,S100WQWB,S100WQWB,
E38906,9170,2025-12-18,S100XB94,S100XB94,S100XB94,
E38919,5589,2026-03-24,S100XTAQ,S100XTAQ,S100XTAQ,
E38926,6223,2026-03-26,S100XTV5,S100XTV5,S100XTV5,
E38957,5590,2026-03-25,S100XTGZ,S100XTGZ,S100XTGZ,
E38965,5592,2026-06-26,S100YKTN,S100YKTN,S100YKTN,S100YKTN
E38969,9237,2026-01-30,S100XIJD,S100XIJD,S100XIJD,
E38979,2938,2026-09-24,S100Z3GH,S100Z3GH,S100Z3GH,S100Z3GH
E39009,4811,2026-03-27,S100XUWD,S100XUWD,S100XUWD,
E39018,5845,2026-06-19,S100YEH1,S100YEH1,S100YEH1,S100YEH1
E39023,5537,2026-03-27,S100XV4H,S100XV4H,S100XV4H,
E39133,5891,2026-03-24,S100XTBZ,S100XTBZ,S100XTBZ,
E39136,5868,2026-03-25,S100XSJ5,S100XSJ5,S100XSJ5,
E39158,5870,2026-06-24,S100YGEJ,S100YGEJ,S100YGEJ,S100YGEJ
E39165,5869,2026-08-26,S100YYSK,S100YYSK,S100YYSK,S100YYSK
E39184,150A,2026-06-22,S100YFUO,S100YFUO,S100YFUO,S100YFUO
E39194,5621,2026-06-25,S100YL5B,S100YL5B,S100YL5B,S100YL5B
E39203,5618,2026-03-27,S100XV5Y,S100XV5Y,S100XV5Y,
E39222,5892,2026-06-16,S100YC75,S100YC75,S100YC75,S100YC75
E39273,168A,2026-04-27,S100Y111,S100Y111,S100Y111,
E39349,137A,2026-08-20,S100YXSF,S100YXSF,S100YXSF,S100YXSF
E39367,142A,2026-06-23,S100YHUZ,S100YHUZ,S100YHUZ,S100YHUZ
E39377,138A,2026-02-24,S100XMX3,S100XMX3,S100XMX3,
E39382,135A,2026-05-27,S100Y2CG,S100Y2CG,S100Y2CG,
E39405,155A,2026-03-25,S100XTWQ,S100XTWQ,S100XTWQ,
E39409,145A,2026-03-24,S100XRTM,S100XRTM,S100XRTM,
E39448,160A,2026-06-24,S100YIQV,S100YIQV,S100YIQV,S100YIQV
E39460,173A,2026-06-19,S100YEGK,S100YEGK,S100YEGK,S100YEGK
E39476,151A,2026-09-28,S100Z40G,S100WQCJ,S100WQCJ,
E39483,147A,2026-06-30,S100YGJH,S100YGJH,S100YGJH,S100YGJH
E39488,176A,2025-09-26,S100WRGF,S100WRGF,S100WRGF,
E39640,194A,2026-09-29,S100Z4XU,S100WRRL,S100WRRL,
E39645,197A,2026-09-24,S100Z3TC,S100Z3TC,S100Z3TC,S100Z3TC
E39671,205A,2026-08-26,S100YYTC,,,
E39760,215A,2026-07-27,S100YS8Y,S100YS8Y,S100YS8Y,S100YS8Y
E39846,228A,2026-02-25,S100XN26,S100XN26,S100XN26,
E39892,268A,2026-03-24,S100XTB1,S100XTB1,S100XTB1,
E39906,241A,2025-12-25,S100XCWL,S100XCWL,S100XCWL,
E39928,245A,2025-11-27,S100X72L,S100X72L,S100X72L,
E39945,259A,2025-12-26,S100XDKZ,S100XDKZ,S100XDKZ,
E40018,264A,2025-12-24,S100XCX0,S100XCX0,S100XCX0,
E40019,261A,2026-03-25,S100XTPW,S100XTPW,S100XTPW,
E40060,278A,2026-04-30,S100XY8O,S100XY8O,S100XY8O,
E40066,274A,2026-05-27,S100Y6WH,S100Y6WH,S100Y6WH,
E40147,277A,2026-08-26,S100YYQX,S100YYQX,S100YYQX,S100YYQX
E40154,300A,2026-06-22,S100YFMQ,S100YFMQ,S100YFMQ,S100YFMQ
E40164,296A,2026-06-11,S100YAIC,S100YAIC,S100YAIC,S100YAIC
E40216,290A,2026-03-26,S100XUO9,S100XUO9,S100XUO9,
E40230,304A,2026-05-27,S100Y6MO,S100Y6MO,S100Y6MO,
E40236,299A,2026-06-23,S100YH46,S100YH46,S100YH46,S100YH46
E40299,E40299,2026-06-26,S100YFCY,S100YFCY,S100YFCY,S100YFCY
E40398,325A,2025-11-26,S100X6TZ,S100X6TZ,S100X6TZ,
E40399,330A,2026-06-26,S100YGDN,S100YGDN,S100YGDN,S100YGDN
E40408,343A,2026-06-22,S100YG2V,S100YG2V,S100YG2V,S100YG2V
E40420,331A,2026-06-25,S100YHLO,S100YHLO,S100YHLO,S100YHLO
E40439,603A,2026-09-18,S100Z3DI,S100Z3DI,S100Z3DI,S100Z3DI
E40516,353A,2026-08-28,S100YZBZ,S100WM3J,S100WM3J,
E40546,352A,2026-06-23,S100YGOP,S100YGOP,S100YGOP,S100YGOP
E40662,372A,2026-08-26,S100YYO2,S100YYO2,S100YYO2,S100YYO2
E40715,378A,2026-09-24,S100Z3FH,S100Z3FH,S100Z3FH,S100Z3FH
E40756,386A,2026-09-28,S100Z3K3,S100Z3K3,S100Z3K3,S100Z3K3
E40916,410A,2026-03-17,S100XR0F,S100XR0F,S100XR0F,
E40934,485A,2026-03-25,S100XSEW,S100XSEW,S100XSEW,
E40964,431A,2026-03-25,S100XTYS,S100XTYS,S100XTYS,
E40979,441A,2026-07-23,S100YRYV,S100YRYV,S100YRYV,S100YRYV
E40985,429A,2026-06-24,S100YJ5L,S100YJ5L,S100YJ5L,S100YJ5L
E41028,438A,2026-06-25,S100YL3J,S100YL3J,S100YL3J,S100YL3J
E41037,483A,2026-06-22,S100YGDD,S100YGDD,S100YGDD,S100YGDD
E41055,469A,2026-02-27,S100XO08,S100XO08,S100XO08,
E41076,456A,2026-04-28,S100Y17X,S100Y17X,S100Y17X,
E41081,462A,2026-01-29,S100XI5B,S100XI5B,S100XI5B,
E41086,460A,2026-01-27,S100XHL0,S100XHL0,S100XHL0,
E41104,446A,2026-04-28,S100Y1HV,S100Y1HV,S100Y1HV,
E41115,475A,2026-06-24,S100YJX2,S100YJX2,S100YJX2,S100YJX2
E41144,472A,2026-03-30,S100XUI4,S100XUI4,S100XUI4,
E41152,477A,2026-06-26,S100YM56,S100YM56,S100YM56,S100YM56
E41154,480A,2026-03-25,S100XT4I,S100XT4I,S100XT4I,
E41191,479A,2026-03-25,S100XTAR,S100XTAR,S100XTAR,
E41257,500A,2026-07-27,S100YSBO,S100YSBO,S100YSBO,S100YSBO
E41309,505A,2026-08-27,S100YZ0G,,,
E41331,550A,2026-06-23,S100YA88,S100YA88,S100YA88,S100YA88
E41485,548A,2026-06-26,S100YKKE,S100YKKE,S100YKKE,S100YKKE
E41486,519A,2026-03-30,S100XVIQ,S100XVIQ,S100XVIQ,
E41514,554A,2026-06-30,S100YNO3,S100YNO3,S100YNO3,S100YNO3
E41715,634A,2026-09-29,S100Z4Z3,,,
E41753,584A,2026-09-28,S100Z4LD,S100Z4LD,S100Z4LD,S100Z4LD
E41784,581A,2026-08-28,S100YZFU,S100YZFU,S100YZFU,S100YZFU
E41973,607A,2026-09-30,S100Z5DN,S100Z5DN,S100Z5DN,S100Z5DN
E42126,E42126,2026-09-07,S100Z0VF,S100Z0VF,S100Z0VF,
