edinet_code,year,ordinary_income,oi_basis,employees_consolidated,employees_nonconsolidated,source_year,back
E00007,2022,3722000000,nonconsolidated,,,2026,4
E00007,2023,1017000000,nonconsolidated,,,2026,3
E00007,2024,646000000,nonconsolidated,,,2026,2
E00007,2025,2229000000,nonconsolidated,,,2026,1
E00007,2026,2875000000,nonconsolidated,1106,1065,2026,0
E00008,2022,3658000000,consolidated,,,2026,4
E00008,2023,-1854000000,consolidated,,,2026,3
E00008,2024,4715000000,consolidated,,,2026,2
E00008,2025,6953000000,consolidated,,,2026,1
E00008,2026,8186000000,consolidated,4097,3325,2026,0
E00012,2022,6904000000,consolidated,,,2026,4
E00012,2023,8182000000,consolidated,,,2026,3
E00012,2024,8856000000,consolidated,,,2026,2
E00012,2025,10857000000,consolidated,,,2026,1
E00012,2026,10031000000,consolidated,2542,769,2026,0
E00014,2022,32372000000,consolidated,,,2026,4
E00014,2023,27776000000,consolidated,,,2026,3
E00014,2024,31963000000,consolidated,,,2026,2
E00014,2025,35301000000,consolidated,,,2026,1
E00014,2026,43187000000,consolidated,11526,1489,2026,0
E00015,2022,27596000000,consolidated,,,2026,4
E00015,2023,33500000000,consolidated,,,2026,3
E00015,2024,31106000000,consolidated,,,2026,2
E00015,2025,32254000000,consolidated,,,2026,1
E00015,2026,31251000000,consolidated,12479,1738,2026,0
E00021,2022,76080000000,consolidated,,,2026,4
E00021,2023,25306000000,consolidated,,,2026,3
E00021,2024,54102000000,consolidated,,,2026,2
E00021,2025,60235000000,consolidated,,,2026,1
E00021,2026,97556000000,consolidated,17591,5084,2026,0
E00023,2022,197980000000,nonconsolidated,,,2026,4
E00023,2023,166054000000,nonconsolidated,,,2026,3
E00023,2024,105272000000,nonconsolidated,,,2026,2
E00023,2025,119350000000,nonconsolidated,,,2026,1
E00023,2026,299800000000,nonconsolidated,7507,3179,2026,0
E00024,2022,65990000000,consolidated,,,2026,4
E00024,2023,19886000000,consolidated,,,2026,3
E00024,2024,44513000000,consolidated,,,2026,2
E00024,2025,76410000000,consolidated,,,2026,1
E00024,2026,136736000000,consolidated,8188,2587,2026,0
E00027,2022,509019000,consolidated,,,2026,4
E00027,2023,648752000,consolidated,,,2026,3
E00027,2024,251518000,consolidated,,,2026,2
E00027,2025,1238300000,consolidated,,,2026,1
E00027,2026,2289852000,consolidated,163,150,2026,0
E00030,2022,11454000000,consolidated,,,2026,4
E00030,2023,-752000000,consolidated,,,2026,3
E00030,2024,3640000000,consolidated,,,2026,2
E00030,2025,-10269000000,consolidated,,,2026,1
E00030,2026,-276000000,consolidated,983,465,2026,0
E00032,2022,8996000000,consolidated,,,2026,4
E00032,2023,9348000000,consolidated,,,2026,3
E00032,2024,10384000000,consolidated,,,2026,2
E00032,2025,9705000000,consolidated,,,2026,1
E00032,2026,13733000000,consolidated,2883,207,2026,0
E00034,2022,390000000,consolidated,,,2026,4
E00034,2023,1325000000,consolidated,,,2026,3
E00034,2024,1023000000,consolidated,,,2026,2
E00034,2025,566000000,consolidated,,,2026,1
E00034,2026,546000000,consolidated,668,225,2026,0
E00035,2022,47000000,consolidated,,,2026,4
E00035,2023,-23000000,consolidated,,,2026,3
E00035,2024,248000000,consolidated,,,2026,2
E00035,2025,216000000,consolidated,,,2026,1
E00035,2026,218000000,consolidated,268,225,2026,0
E00036,2022,16605000000,consolidated,,,2026,4
E00036,2023,13204000000,consolidated,,,2026,3
E00036,2024,12056000000,consolidated,,,2026,2
E00036,2025,11437000000,consolidated,,,2026,1
E00036,2026,20221000000,consolidated,2175,723,2026,0
E00041,2022,43674000000,consolidated,,,2026,4
E00041,2023,83130000000,consolidated,,,2026,3
E00041,2024,68808000000,consolidated,,,2026,2
E00041,2025,64221000000,consolidated,,,2026,1
E00041,2026,61556000000,consolidated,1670,993,2026,0
E00048,2022,376246000000,consolidated,,,2026,4
E00048,2023,456012000000,consolidated,,,2026,3
E00048,2024,427548000000,consolidated,,,2026,2
E00048,2025,515985000000,consolidated,,,2026,1
E00048,2026,571971000000,consolidated,55712,16508,2026,0
E00052,2022,103247000000,consolidated,,,2026,4
E00052,2023,63125000000,consolidated,,,2026,3
E00052,2024,38910000000,consolidated,,,2026,2
E00052,2025,134505000000,consolidated,,,2026,1
E00052,2026,195777000000,consolidated,18503,9518,2026,0
E00053,2022,50419000000,consolidated,,,2026,4
E00053,2023,56546000000,consolidated,,,2026,3
E00053,2024,-19834000000,consolidated,,,2026,2
E00053,2025,71664000000,consolidated,,,2026,1
E00053,2026,122324000000,consolidated,22278,11434,2026,0
E00055,2022,49844000000,consolidated,,,2026,4
E00055,2023,100802000000,consolidated,,,2026,3
E00055,2024,91515000000,consolidated,,,2026,2
E00055,2025,152236000000,consolidated,,,2026,1
E00055,2026,204195000000,consolidated,18031,9472,2026,0
E00056,2022,23732000000,consolidated,,,2026,4
E00056,2023,12236000000,consolidated,,,2026,3
E00056,2024,13040000000,consolidated,,,2026,2
E00056,2025,14411000000,consolidated,,,2026,1
E00056,2026,27049000000,consolidated,4507,2740,2026,0
E00058,2022,152103000000,consolidated,,,2026,4
E00058,2023,156731000000,consolidated,,,2026,3
E00058,2024,150112000000,consolidated,,,2026,2
E00058,2025,160663000000,consolidated,,,2026,1
E00058,2026,240420000000,consolidated,21170,8959,2026,0
E00060,2022,23497000000,consolidated,,,2026,4
E00060,2023,13176000000,consolidated,,,2026,3
E00060,2024,19578000000,consolidated,,,2026,2
E00060,2025,20225000000,consolidated,,,2026,1
E00060,2026,27384000000,consolidated,3442,2706,2026,0
E00064,2022,2779000000,consolidated,,,2026,4
E00064,2023,2702000000,consolidated,,,2026,3
E00064,2024,767000000,consolidated,,,2026,2
E00064,2025,3843000000,consolidated,,,2026,1
E00064,2026,6231000000,consolidated,771,742,2026,0
E00065,2022,6224000000,consolidated,,,2026,4
E00065,2023,965000000,consolidated,,,2026,3
E00065,2024,2278000000,consolidated,,,2026,2
E00065,2025,3026000000,consolidated,,,2026,1
E00065,2026,5873000000,consolidated,1837,1693,2026,0
E00066,2022,5590000000,consolidated,,,2026,4
E00066,2023,4957000000,consolidated,,,2026,3
E00066,2024,5707000000,consolidated,,,2026,2
E00066,2025,5206000000,consolidated,,,2026,1
E00066,2026,5997000000,consolidated,1644,1060,2026,0
E00069,2022,3425000000,consolidated,,,2026,4
E00069,2023,2873000000,consolidated,,,2026,3
E00069,2024,4986000000,consolidated,,,2026,2
E00069,2025,5098000000,consolidated,,,2026,1
E00069,2026,6413000000,consolidated,885,880,2026,0
E00073,2022,11959000000,consolidated,,,2026,4
E00073,2023,-1905000000,consolidated,,,2026,3
E00073,2024,12742000000,consolidated,,,2026,2
E00073,2025,23434000000,consolidated,,,2026,1
E00073,2026,27474000000,consolidated,4697,3465,2026,0
E00074,2022,31754000000,consolidated,,,2026,4
E00074,2023,34059000000,consolidated,,,2026,3
E00074,2024,42648000000,consolidated,,,2026,2
E00074,2025,59498000000,consolidated,,,2026,1
E00074,2026,84981000000,consolidated,10850,8110,2026,0
E00075,2022,39977000000,consolidated,,,2026,4
E00075,2023,40243000000,consolidated,,,2026,3
E00075,2024,45982000000,consolidated,,,2026,2
E00075,2025,64546000000,consolidated,,,2026,1
E00075,2026,94493000000,consolidated,15440,8676,2026,0
E00076,2022,13394000000,consolidated,,,2026,4
E00076,2023,8983000000,consolidated,,,2026,3
E00076,2024,12679000000,consolidated,,,2026,2
E00076,2025,15360000000,consolidated,,,2026,1
E00076,2026,22639000000,consolidated,6487,5029,2026,0
E00079,2022,2607000000,consolidated,,,2026,4
E00079,2023,649000000,consolidated,,,2026,3
E00079,2024,1717000000,consolidated,,,2026,2
E00079,2025,1646000000,consolidated,,,2026,1
E00079,2026,3100000000,consolidated,808,435,2026,0
E00080,2022,10138000000,consolidated,,,2026,4
E00080,2023,6614000000,consolidated,,,2026,3
E00080,2024,16630000000,consolidated,,,2026,2
E00080,2025,20073000000,consolidated,,,2026,1
E00080,2026,24600000000,consolidated,2145,1880,2026,0
E00081,2022,6781000000,consolidated,,,2026,4
E00081,2023,6546000000,consolidated,,,2026,3
E00081,2024,7699000000,consolidated,,,2026,2
E00081,2025,5228000000,consolidated,,,2026,1
E00081,2026,6426000000,consolidated,900,808,2026,0
E00083,2022,14012000000,consolidated,,,2026,4
E00083,2023,12908000000,consolidated,,,2026,3
E00083,2024,14878000000,consolidated,,,2026,2
E00083,2025,8926000000,consolidated,,,2026,1
E00083,2026,25313000000,consolidated,2586,2492,2026,0
E00086,2022,15659000000,consolidated,,,2026,4
E00086,2023,1415000000,consolidated,,,2026,3
E00086,2024,27221000000,consolidated,,,2026,2
E00086,2025,18839000000,consolidated,,,2026,1
E00086,2026,53195000000,consolidated,3991,3439,2026,0
E00090,2022,81871000000,consolidated,,,2026,4
E00090,2023,88265000000,consolidated,,,2026,3
E00090,2024,83334000000,consolidated,,,2026,2
E00090,2025,83408000000,consolidated,,,2026,1
E00090,2026,94051000000,consolidated,8875,2711,2026,0
E00092,2022,3257000000,consolidated,,,2026,4
E00092,2023,2770000000,consolidated,,,2026,3
E00092,2024,5212000000,consolidated,,,2026,2
E00092,2025,3342000000,consolidated,,,2026,1
E00092,2026,5518000000,consolidated,1687,1334,2026,0
E00093,2022,2712000000,consolidated,,,2026,4
E00093,2023,1939000000,consolidated,,,2026,3
E00093,2024,1602000000,consolidated,,,2026,2
E00093,2025,3710000000,consolidated,,,2026,1
E00093,2026,6609000000,consolidated,680,605,2026,0
E00094,2022,45217000000,consolidated,,,2026,4
E00094,2023,33771000000,consolidated,,,2026,3
E00094,2024,36922000000,consolidated,,,2026,2
E00094,2025,43508000000,consolidated,,,2026,1
E00094,2026,52723000000,consolidated,17751,3781,2026,0
E00095,2022,9316000000,consolidated,,,2026,4
E00095,2023,5054000000,consolidated,,,2026,3
E00095,2024,1259000000,consolidated,,,2026,2
E00095,2025,5204000000,consolidated,,,2026,1
E00095,2026,7332000000,consolidated,1700,1072,2026,0
E00097,2022,3381000000,consolidated,,,2026,4
E00097,2023,3458000000,consolidated,,,2026,3
E00097,2024,2947000000,consolidated,,,2026,2
E00097,2025,3366000000,consolidated,,,2026,1
E00097,2026,6124000000,consolidated,1004,841,2026,0
E00098,2022,13976000000,consolidated,,,2026,4
E00098,2023,13310000000,consolidated,,,2026,3
E00098,2024,11609000000,consolidated,,,2026,2
E00098,2025,13169000000,consolidated,,,2026,1
E00098,2026,17712000000,consolidated,1399,1028,2026,0
E00105,2022,-627000000,consolidated,,,2026,4
E00105,2023,3134000000,consolidated,,,2026,3
E00105,2024,3835000000,consolidated,,,2026,2
E00105,2025,3724000000,consolidated,,,2026,1
E00105,2026,5996000000,consolidated,1394,790,2026,0
E00107,2022,9817000000,consolidated,,,2026,4
E00107,2023,6247000000,consolidated,,,2026,3
E00107,2024,12750000000,consolidated,,,2026,2
E00107,2025,23071000000,consolidated,,,2026,1
E00107,2026,29287000000,consolidated,2705,2128,2026,0
E00109,2022,2421000000,nonconsolidated,,,2026,4
E00109,2023,3366000000,nonconsolidated,,,2026,3
E00109,2024,3709000000,nonconsolidated,,,2026,2
E00109,2025,4139000000,nonconsolidated,,,2026,1
E00109,2026,3843000000,nonconsolidated,,520,2026,0
E00112,2022,7576468000,consolidated,,,2026,4
E00112,2023,9487940000,consolidated,,,2026,3
E00112,2024,12106057000,consolidated,,,2026,2
E00112,2025,16035361000,consolidated,,,2026,1
E00112,2026,18220493000,consolidated,1921,1714,2026,0
E00113,2022,13125000000,consolidated,,,2026,4
E00113,2023,15092000000,consolidated,,,2026,3
E00113,2024,11512000000,consolidated,,,2026,2
E00113,2025,13808000000,consolidated,,,2026,1
E00113,2026,16246000000,consolidated,1878,1525,2026,0
E00115,2022,8703000000,consolidated,,,2026,4
E00115,2023,10903000000,consolidated,,,2026,3
E00115,2024,14900000000,consolidated,,,2026,2
E00115,2025,19400000000,consolidated,,,2026,1
E00115,2026,25278000000,consolidated,4645,2582,2026,0
E00117,2022,4636000000,nonconsolidated,,,2026,4
E00117,2023,2585000000,nonconsolidated,,,2026,3
E00117,2024,4020000000,nonconsolidated,,,2026,2
E00117,2025,6769000000,consolidated,,,2026,1
E00117,2026,8954000000,consolidated,722,680,2026,0
E00118,2022,1869000000,consolidated,,,2026,4
E00118,2023,1824000000,consolidated,,,2026,3
E00118,2024,1625000000,consolidated,,,2026,2
E00118,2025,2388000000,consolidated,,,2026,1
E00118,2026,2856000000,consolidated,511,458,2026,0
E00119,2022,1493000000,consolidated,,,2026,4
E00119,2023,1575000000,consolidated,,,2026,3
E00119,2024,1714000000,consolidated,,,2026,2
E00119,2025,3003000000,consolidated,,,2026,1
E00119,2026,3110000000,consolidated,748,490,2026,0
E00120,2022,4904000000,consolidated,,,2026,4
E00120,2023,5918000000,consolidated,,,2026,3
E00120,2024,4306000000,consolidated,,,2026,2
E00120,2025,6545000000,consolidated,,,2026,1
E00120,2026,7048000000,consolidated,1806,1264,2026,0
E00121,2022,739000000,consolidated,,,2026,4
E00121,2023,1833000000,consolidated,,,2026,3
E00121,2024,210000000,consolidated,,,2026,2
E00121,2025,968000000,consolidated,,,2026,1
E00121,2026,1717000000,consolidated,463,385,2026,0
E00130,2022,1855000000,nonconsolidated,,,2026,4
E00130,2023,795000000,nonconsolidated,,,2026,3
E00130,2024,1033000000,nonconsolidated,,,2026,2
E00130,2025,1046000000,nonconsolidated,,,2026,1
E00130,2026,1314000000,nonconsolidated,,311,2026,0
E00135,2022,1595000000,consolidated,,,2026,4
E00135,2023,1307000000,consolidated,,,2026,3
E00135,2024,2052000000,consolidated,,,2026,2
E00135,2025,2848000000,consolidated,,,2026,1
E00135,2026,3386000000,consolidated,1293,1263,2026,0
E00137,2022,10040000000,consolidated,,,2026,4
E00137,2023,10501000000,consolidated,,,2026,3
E00137,2024,11885000000,consolidated,,,2026,2
E00137,2025,17302000000,consolidated,,,2026,1
E00137,2026,18901000000,consolidated,5818,3857,2026,0
E00138,2022,3896910000,consolidated,,,2026,4
E00138,2023,2517191000,consolidated,,,2026,3
E00138,2024,2331818000,consolidated,,,2026,2
E00138,2025,5283756000,consolidated,,,2026,1
E00138,2026,6120237000,consolidated,1161,805,2026,0
E00142,2022,4626000000,consolidated,,,2026,4
E00142,2023,5462000000,consolidated,,,2026,3
E00142,2024,4397000000,consolidated,,,2026,2
E00142,2025,3764000000,consolidated,,,2026,1
E00142,2026,6035000000,consolidated,1206,1023,2026,0
E00144,2022,3507000000,consolidated,,,2026,4
E00144,2023,3678000000,consolidated,,,2026,3
E00144,2024,3698000000,consolidated,,,2026,2
E00144,2025,6913000000,consolidated,,,2026,1
E00144,2026,5468000000,consolidated,940,686,2026,0
E00146,2022,36828000000,consolidated,,,2026,4
E00146,2023,35462000000,consolidated,,,2026,3
E00146,2024,42362000000,consolidated,,,2026,2
E00146,2025,44434000000,consolidated,,,2026,1
E00146,2026,58157000000,consolidated,11122,6886,2026,0
E00147,2022,28111000000,consolidated,,,2026,4
E00147,2023,19039000000,consolidated,,,2026,3
E00147,2024,25483000000,consolidated,,,2026,2
E00147,2025,29088000000,consolidated,,,2026,1
E00147,2026,43984000000,consolidated,7286,4404,2026,0
E00148,2022,6174000000,consolidated,,,2026,4
E00148,2023,7259000000,consolidated,,,2026,3
E00148,2024,9588000000,consolidated,,,2026,2
E00148,2025,8616000000,consolidated,,,2026,1
E00148,2026,13698000000,consolidated,1491,1032,2026,0
E00149,2022,15639000000,consolidated,,,2026,4
E00149,2023,16685000000,consolidated,,,2026,3
E00149,2024,26150000000,consolidated,,,2026,2
E00149,2025,34970000000,consolidated,,,2026,1
E00149,2026,50642000000,consolidated,7287,2469,2026,0
E00153,2022,2596000000,consolidated,,,2026,4
E00153,2023,3127000000,consolidated,,,2026,3
E00153,2024,4896000000,consolidated,,,2026,2
E00153,2025,7582000000,consolidated,,,2026,1
E00153,2026,12031000000,consolidated,1148,1080,2026,0
E00157,2022,4227000000,consolidated,,,2026,4
E00157,2023,5355000000,consolidated,,,2026,3
E00157,2024,6486000000,consolidated,,,2026,2
E00157,2025,6596000000,consolidated,,,2026,1
E00157,2026,8320000000,consolidated,2040,1161,2026,0
E00161,2022,5641000000,consolidated,,,2026,4
E00161,2023,7258000000,consolidated,,,2026,3
E00161,2024,8548000000,consolidated,,,2026,2
E00161,2025,11235000000,consolidated,,,2026,1
E00161,2026,8306000000,consolidated,768,362,2026,0
E00167,2022,2569008000,consolidated,,,2026,4
E00167,2023,709350000,consolidated,,,2026,3
E00167,2024,1764662000,consolidated,,,2026,2
E00167,2025,1328510000,consolidated,,,2026,1
E00167,2026,1369940000,consolidated,537,451,2026,0
E00168,2022,6163000000,consolidated,,,2026,4
E00168,2023,6617000000,consolidated,,,2026,3
E00168,2024,6446000000,consolidated,,,2026,2
E00168,2025,8138000000,consolidated,,,2026,1
E00168,2026,11466000000,consolidated,967,815,2026,0
E00173,2022,358000000,consolidated,,,2026,4
E00173,2023,-323000000,consolidated,,,2026,3
E00173,2024,-800000000,consolidated,,,2026,2
E00173,2025,2639000000,consolidated,,,2026,1
E00173,2026,3788000000,consolidated,1483,790,2026,0
E00175,2022,2864000000,consolidated,,,2026,4
E00175,2023,4358000000,consolidated,,,2026,3
E00175,2024,5073000000,consolidated,,,2026,2
E00175,2025,4070000000,consolidated,,,2026,1
E00175,2026,5006000000,consolidated,1143,778,2026,0
E00176,2022,4358000000,consolidated,,,2026,4
E00176,2023,2647000000,consolidated,,,2026,3
E00176,2024,4078000000,consolidated,,,2026,2
E00176,2025,5788000000,consolidated,,,2026,1
E00176,2026,6278000000,consolidated,1169,1011,2026,0
E00179,2022,2375267000,consolidated,,,2026,4
E00179,2023,2133524000,consolidated,,,2026,3
E00179,2024,2654568000,consolidated,,,2026,2
E00179,2025,2950287000,consolidated,,,2026,1
E00179,2026,3814957000,consolidated,1005,587,2026,0
E00181,2022,6145000000,consolidated,,,2026,4
E00181,2023,5567000000,consolidated,,,2026,3
E00181,2024,7012000000,consolidated,,,2026,2
E00181,2025,8536000000,consolidated,,,2026,1
E00181,2026,9327000000,consolidated,2693,2206,2026,0
E00182,2022,443090000,consolidated,,,2026,4
E00182,2023,559059000,consolidated,,,2026,3
E00182,2024,804643000,consolidated,,,2026,2
E00182,2025,712283000,consolidated,,,2026,1
E00182,2026,520838000,consolidated,244,208,2026,0
E00183,2022,10818000000,consolidated,,,2026,4
E00183,2023,13001000000,consolidated,,,2026,3
E00183,2024,19852000000,consolidated,,,2026,2
E00183,2025,19938000000,consolidated,,,2026,1
E00183,2026,24790000000,consolidated,5525,1824,2026,0
E00185,2022,3304676000,consolidated,,,2026,4
E00185,2023,3081712000,consolidated,,,2026,3
E00185,2024,3910194000,consolidated,,,2026,2
E00185,2025,5955292000,consolidated,,,2026,1
E00185,2026,7817974000,consolidated,1434,1124,2026,0
E00189,2022,1403125000,nonconsolidated,,,2026,4
E00189,2023,1338057000,nonconsolidated,,,2026,3
E00189,2024,1461234000,nonconsolidated,,,2026,2
E00189,2025,1674952000,nonconsolidated,,,2026,1
E00189,2026,1627651000,nonconsolidated,,797,2026,0
E00194,2022,8095000000,consolidated,,,2026,4
E00194,2023,9288000000,consolidated,,,2026,3
E00194,2024,11918000000,consolidated,,,2026,2
E00194,2025,23479000000,consolidated,,,2026,1
E00194,2026,35770000000,consolidated,2568,2185,2026,0
E00201,2022,7313000000,consolidated,,,2026,4
E00201,2023,6704000000,consolidated,,,2026,3
E00201,2024,5820000000,consolidated,,,2026,2
E00201,2025,6912000000,consolidated,,,2026,1
E00201,2026,8121000000,consolidated,1235,1110,2026,0
E00204,2022,963000000,consolidated,,,2026,4
E00204,2023,1008000000,consolidated,,,2026,3
E00204,2024,1401000000,consolidated,,,2026,2
E00204,2025,1924000000,consolidated,,,2026,1
E00204,2026,2094000000,consolidated,391,346,2026,0
E00207,2022,3327000000,consolidated,,,2026,4
E00207,2023,2531000000,consolidated,,,2026,3
E00207,2024,3645000000,consolidated,,,2026,2
E00207,2025,4611000000,consolidated,,,2026,1
E00207,2026,5451000000,consolidated,1354,1153,2026,0
E00209,2022,1262587000,consolidated,,,2026,4
E00209,2023,2720520000,consolidated,,,2026,3
E00209,2024,2385589000,consolidated,,,2026,2
E00209,2025,2877554000,consolidated,,,2026,1
E00209,2026,1692010000,consolidated,1666,1333,2026,0
E00218,2022,103671000000,consolidated,,,2026,4
E00218,2023,103898000000,consolidated,,,2026,3
E00218,2024,108720000000,consolidated,,,2026,2
E00218,2025,129455000000,consolidated,,,2026,1
E00218,2026,139169000000,consolidated,19326,8400,2026,0
E00221,2022,15583000000,consolidated,,,2026,4
E00221,2023,17225000000,consolidated,,,2026,3
E00221,2024,17671000000,consolidated,,,2026,2
E00221,2025,18369000000,consolidated,,,2026,1
E00221,2026,20771000000,consolidated,689,539,2026,0
E00225,2022,3385000000,consolidated,,,2026,4
E00225,2023,3557000000,consolidated,,,2026,3
E00225,2024,6374000000,consolidated,,,2026,2
E00225,2025,9935000000,consolidated,,,2026,1
E00225,2026,16493000000,consolidated,981,856,2026,0
E00227,2022,7366000000,consolidated,,,2026,4
E00227,2023,7914000000,consolidated,,,2026,3
E00227,2024,9725000000,consolidated,,,2026,2
E00227,2025,11976000000,consolidated,,,2026,1
E00227,2026,15881000000,consolidated,1698,1256,2026,0
E00232,2022,516173000,consolidated,,,2026,4
E00232,2023,694524000,consolidated,,,2026,3
E00232,2024,557777000,consolidated,,,2026,2
E00232,2025,1164713000,consolidated,,,2026,1
E00232,2026,1331931000,consolidated,384,224,2026,0
E00233,2022,1700696000,consolidated,,,2026,4
E00233,2023,1998053000,consolidated,,,2026,3
E00233,2024,3085761000,consolidated,,,2026,2
E00233,2025,3483806000,consolidated,,,2026,1
E00233,2026,4597624000,consolidated,783,581,2026,0
E00238,2022,1111000000,consolidated,,,2026,4
E00238,2023,226000000,consolidated,,,2026,3
E00238,2024,550000000,consolidated,,,2026,2
E00238,2025,851000000,consolidated,,,2026,1
E00238,2026,1476000000,consolidated,491,434,2026,0
E00242,2022,2898184000,consolidated,,,2026,4
E00242,2023,2785014000,consolidated,,,2026,3
E00242,2024,2726059000,consolidated,,,2026,2
E00242,2025,3906938000,consolidated,,,2026,1
E00242,2026,4809888000,consolidated,1044,809,2026,0
E00250,2022,3328960000,nonconsolidated,,,2026,4
E00250,2023,3882241000,nonconsolidated,,,2026,3
E00250,2024,4096026000,nonconsolidated,,,2026,2
E00250,2025,7604601000,nonconsolidated,,,2026,1
E00250,2026,7508553000,nonconsolidated,,1004,2026,0
E00251,2022,1661816000,consolidated,,,2026,4
E00251,2023,1299078000,consolidated,,,2026,3
E00251,2024,2273985000,consolidated,,,2026,2
E00251,2025,2371087000,consolidated,,,2026,1
E00251,2026,3912713000,consolidated,445,331,2026,0
E00253,2022,1178848000,nonconsolidated,,,2026,4
E00253,2023,446107000,nonconsolidated,,,2026,3
E00253,2024,1551162000,nonconsolidated,,,2026,2
E00253,2025,2457424000,nonconsolidated,,,2026,1
E00253,2026,2366631000,nonconsolidated,,373,2026,0
E00255,2022,2545000000,nonconsolidated,,,2026,4
E00255,2023,849000000,nonconsolidated,,,2026,3
E00255,2024,1927000000,nonconsolidated,,,2026,2
E00255,2025,2110000000,nonconsolidated,,,2026,1
E00255,2026,2708000000,nonconsolidated,,823,2026,0
E00260,2022,1095756000,nonconsolidated,,,2026,4
E00260,2023,1273214000,nonconsolidated,,,2026,3
E00260,2024,1204546000,nonconsolidated,,,2026,2
E00260,2025,1502765000,nonconsolidated,,,2026,1
E00260,2026,1384902000,nonconsolidated,,282,2026,0
E00265,2022,2601000000,consolidated,,,2026,4
E00265,2023,3345000000,consolidated,,,2026,3
E00265,2024,5968000000,consolidated,,,2026,2
E00265,2025,9184000000,consolidated,,,2026,1
E00265,2026,8290000000,consolidated,1698,1366,2026,0
E00268,2022,1624059000,consolidated,,,2026,4
E00268,2023,1965272000,consolidated,,,2026,3
E00268,2024,4150641000,consolidated,,,2026,2
E00268,2025,3968053000,consolidated,,,2026,1
E00268,2026,4566023000,consolidated,458,458,2026,0
E00271,2022,1286000000,nonconsolidated,,,2026,4
E00271,2023,1074000000,nonconsolidated,,,2026,3
E00271,2024,1354000000,nonconsolidated,,,2026,2
E00271,2025,2733000000,nonconsolidated,,,2026,1
E00271,2026,4986000000,nonconsolidated,,454,2026,0
E00277,2022,2047161000,consolidated,,,2026,4
E00277,2023,1898253000,consolidated,,,2026,3
E00277,2024,2346984000,consolidated,,,2026,2
E00277,2025,3123865000,consolidated,,,2026,1
E00277,2026,2838044000,consolidated,597,248,2026,0
E00279,2022,1164478000,consolidated,,,2026,4
E00279,2023,1003829000,consolidated,,,2026,3
E00279,2024,317766000,consolidated,,,2026,2
E00279,2025,737189000,consolidated,,,2026,1
E00279,2026,1986804000,consolidated,133,112,2026,0
E00285,2022,11490000000,consolidated,,,2026,4
E00285,2023,11768000000,consolidated,,,2026,3
E00285,2024,11310000000,consolidated,,,2026,2
E00285,2025,10619000000,consolidated,,,2026,1
E00285,2026,17512000000,consolidated,5119,100,2026,0
E00304,2022,2027792000,consolidated,,,2026,4
E00304,2023,2038043000,consolidated,,,2026,3
E00304,2024,2173899000,consolidated,,,2026,2
E00304,2025,4222005000,consolidated,,,2026,1
E00304,2026,5358164000,consolidated,573,439,2026,0
E00313,2022,4139000000,consolidated,,,2026,4
E00313,2023,4613000000,consolidated,,,2026,3
E00313,2024,6324000000,consolidated,,,2026,2
E00313,2025,9307000000,consolidated,,,2026,1
E00313,2026,12126000000,consolidated,989,954,2026,0
E00316,2022,-5132000000,consolidated,,,2026,4
E00316,2023,5020000000,consolidated,,,2026,3
E00316,2024,9736000000,consolidated,,,2026,2
E00316,2025,9701000000,consolidated,,,2026,1
E00316,2026,17552000000,consolidated,2911,2562,2026,0
E00317,2022,25838000000,consolidated,,,2026,4
E00317,2023,19608000000,consolidated,,,2026,3
E00317,2024,18545000000,consolidated,,,2026,2
E00317,2025,34053000000,consolidated,,,2026,1
E00317,2026,33257000000,consolidated,3957,3427,2026,0
E00322,2022,44036000000,consolidated,,,2026,4
E00322,2023,30934000000,consolidated,,,2026,3
E00322,2024,40396000000,consolidated,,,2026,2
E00322,2025,46650000000,consolidated,,,2026,1
E00322,2026,52164000000,consolidated,17765,129,2026,0
E00331,2022,31127000000,consolidated,,,2026,4
E00331,2023,25218000000,consolidated,,,2026,3
E00331,2024,28104000000,consolidated,,,2026,2
E00331,2025,29864000000,consolidated,,,2026,1
E00331,2026,37121000000,consolidated,7345,3376,2026,0
E00334,2022,21460000000,nonconsolidated,,,2026,4
E00334,2023,6972000000,nonconsolidated,,,2026,3
E00334,2024,21949000000,nonconsolidated,,,2026,2
E00334,2025,13303000000,nonconsolidated,,,2026,1
E00334,2026,19936000000,nonconsolidated,15790,1198,2026,0
E00335,2022,14883000000,consolidated,,,2026,4
E00335,2023,10510000000,consolidated,,,2026,3
E00335,2024,12884000000,consolidated,,,2026,2
E00335,2025,10502000000,consolidated,,,2026,1
E00335,2026,11185000000,consolidated,3630,1137,2026,0
E00341,2022,-327000000,consolidated,,,2026,4
E00341,2023,-336000000,consolidated,,,2026,3
E00341,2024,-404000000,consolidated,,,2026,2
E00341,2025,-614000000,consolidated,,,2026,1
E00341,2026,-792000000,consolidated,325,325,2026,0
E00343,2022,173926000,consolidated,,,2026,4
E00343,2023,-167560000,consolidated,,,2026,3
E00343,2024,173791000,consolidated,,,2026,2
E00343,2025,-405237000,consolidated,,,2026,1
E00343,2026,-361064000,consolidated,303,301,2026,0
E00344,2022,237370000,consolidated,,,2026,4
E00344,2023,242195000,consolidated,,,2026,3
E00344,2024,153574000,consolidated,,,2026,2
E00344,2025,51583000,consolidated,,,2026,1
E00344,2026,186829000,consolidated,348,273,2026,0
E00345,2022,14270000000,consolidated,,,2026,4
E00345,2023,14816000000,consolidated,,,2026,3
E00345,2024,23280000000,consolidated,,,2026,2
E00345,2025,24393000000,consolidated,,,2026,1
E00345,2026,24874000000,consolidated,3935,1244,2026,0
E00346,2022,32626000000,consolidated,,,2026,4
E00346,2023,33051000000,consolidated,,,2026,3
E00346,2024,49992000000,consolidated,,,2026,2
E00346,2025,49210000000,consolidated,,,2026,1
E00346,2026,51397000000,consolidated,9624,364,2026,0
E00347,2022,4886000000,consolidated,,,2026,4
E00347,2023,5728000000,consolidated,,,2026,3
E00347,2024,5816000000,consolidated,,,2026,2
E00347,2025,5559000000,consolidated,,,2026,1
E00347,2026,4386000000,consolidated,799,406,2026,0
E00348,2022,6576000000,consolidated,,,2026,4
E00348,2023,6525000000,consolidated,,,2026,3
E00348,2024,16558000000,consolidated,,,2026,2
E00348,2025,13591000000,consolidated,,,2026,1
E00348,2026,14458000000,consolidated,2927,1295,2026,0
E00355,2022,2818000000,consolidated,,,2026,4
E00355,2023,1993000000,consolidated,,,2026,3
E00355,2024,1802000000,consolidated,,,2026,2
E00355,2025,1124000000,consolidated,,,2026,1
E00355,2026,758000000,consolidated,771,635,2026,0
E00356,2022,3479000000,consolidated,,,2026,4
E00356,2023,19058000000,consolidated,,,2026,3
E00356,2024,9778000000,consolidated,,,2026,2
E00356,2025,14483000000,consolidated,,,2026,1
E00356,2026,12640000000,consolidated,1550,428,2026,0
E00369,2022,18247000000,consolidated,,,2026,4
E00369,2023,15757000000,consolidated,,,2026,3
E00369,2024,21039000000,consolidated,,,2026,2
E00369,2025,22304000000,consolidated,,,2026,1
E00369,2026,22659000000,consolidated,3222,1587,2026,0
E00372,2022,63006000,nonconsolidated,,,2026,4
E00372,2023,-77641000,nonconsolidated,,,2026,3
E00372,2024,995582000,nonconsolidated,,,2026,2
E00372,2025,1277064000,nonconsolidated,,,2026,1
E00372,2026,1599155000,nonconsolidated,,780,2026,0
E00376,2022,1233000000,consolidated,,,2026,4
E00376,2023,1132000000,consolidated,,,2026,3
E00376,2024,1430000000,consolidated,,,2026,2
E00376,2025,2671000000,consolidated,,,2026,1
E00376,2026,2913000000,consolidated,639,397,2026,0
E00380,2022,4745000000,consolidated,,,2026,4
E00380,2023,1838000000,consolidated,,,2026,3
E00380,2024,4283000000,consolidated,,,2026,2
E00380,2025,7585000000,consolidated,,,2026,1
E00380,2026,8004000000,consolidated,4150,3857,2026,0
E00382,2022,258086000,nonconsolidated,,,2026,4
E00382,2023,232361000,nonconsolidated,,,2026,3
E00382,2024,289720000,nonconsolidated,,,2026,2
E00382,2025,274631000,nonconsolidated,,,2026,1
E00382,2026,127992000,nonconsolidated,,636,2026,0
E00385,2022,6068000000,consolidated,,,2026,4
E00385,2023,5215000000,consolidated,,,2026,3
E00385,2024,6798000000,consolidated,,,2026,2
E00385,2025,6916000000,consolidated,,,2026,1
E00385,2026,7501000000,consolidated,4533,1404,2026,0
E00386,2022,1412455000,consolidated,,,2026,4
E00386,2023,5454852000,consolidated,,,2026,3
E00386,2024,2808393000,consolidated,,,2026,2
E00386,2025,3964972000,consolidated,,,2026,1
E00386,2026,2880692000,consolidated,844,781,2026,0
E00388,2022,219037000,consolidated,,,2026,4
E00388,2023,50535000,consolidated,,,2026,3
E00388,2024,89075000,consolidated,,,2026,2
E00388,2025,71614000,consolidated,,,2026,1
E00388,2026,117680000,consolidated,196,173,2026,0
E00389,2022,1142000000,consolidated,,,2026,4
E00389,2023,1807000000,consolidated,,,2026,3
E00389,2024,3490000000,consolidated,,,2026,2
E00389,2025,4017000000,consolidated,,,2026,1
E00389,2026,3773000000,consolidated,1172,784,2026,0
E00396,2022,43230000000,consolidated,,,2026,4
E00396,2023,38706000000,consolidated,,,2026,3
E00396,2024,23336000000,consolidated,,,2026,2
E00396,2025,22180000000,consolidated,,,2026,1
E00396,2026,16861000000,consolidated,5720,193,2026,0
E00400,2022,1361726000,nonconsolidated,,,2026,4
E00400,2023,1480619000,nonconsolidated,,,2026,3
E00400,2024,949386000,nonconsolidated,,,2026,2
E00400,2025,626753000,nonconsolidated,,,2026,1
E00400,2026,890999000,nonconsolidated,,289,2026,0
E00406,2022,68549000000,consolidated,,,2026,4
E00406,2023,77970000000,consolidated,,,2026,3
E00406,2024,79300000000,consolidated,,,2026,2
E00406,2025,75860000000,consolidated,,,2026,1
E00406,2026,61084000000,consolidated,29618,2912,2026,0
E00410,2022,586000000,nonconsolidated,,,2026,4
E00410,2023,2689000000,nonconsolidated,,,2026,3
E00410,2024,2818000000,consolidated,,,2026,2
E00410,2025,3447000000,consolidated,,,2026,1
E00410,2026,4118000000,consolidated,352,205,2026,0
E00428,2022,12648000000,consolidated,,,2026,4
E00428,2023,16242000000,consolidated,,,2026,3
E00428,2024,20033000000,consolidated,,,2026,2
E00428,2025,18089000000,consolidated,,,2026,1
E00428,2026,16030000000,consolidated,3286,1295,2026,0
E00431,2022,14360000000,consolidated,,,2026,4
E00431,2023,9690000000,consolidated,,,2026,3
E00431,2024,16791000000,consolidated,,,2026,2
E00431,2025,5304000000,consolidated,,,2026,1
E00431,2026,26684000000,consolidated,5891,1550,2026,0
E00433,2022,3968000000,consolidated,,,2026,4
E00433,2023,3229000000,consolidated,,,2026,3
E00433,2024,3409000000,consolidated,,,2026,2
E00433,2025,3394000000,consolidated,,,2026,1
E00433,2026,4060000000,consolidated,530,407,2026,0
E00434,2022,596000000,consolidated,,,2026,4
E00434,2023,1436000000,consolidated,,,2026,3
E00434,2024,9043000000,consolidated,,,2026,2
E00434,2025,10031000000,consolidated,,,2026,1
E00434,2026,5781000000,consolidated,1222,975,2026,0
E00435,2022,12863000000,nonconsolidated,,,2026,4
E00435,2023,14145000000,nonconsolidated,,,2026,3
E00435,2024,28225000000,nonconsolidated,,,2026,2
E00435,2025,49552000000,nonconsolidated,,,2026,1
E00435,2026,46079000000,nonconsolidated,7911,672,2026,0
E00436,2022,83439000000,nonconsolidated,,,2026,4
E00436,2023,101081000000,nonconsolidated,,,2026,3
E00436,2024,150126000000,nonconsolidated,,,2026,2
E00436,2025,118896000000,nonconsolidated,,,2026,1
E00436,2026,121248000000,nonconsolidated,34787,3705,2026,0
E00439,2022,4564000000,consolidated,,,2026,4
E00439,2023,2069000000,consolidated,,,2026,3
E00439,2024,4464000000,consolidated,,,2026,2
E00439,2025,4815000000,consolidated,,,2026,1
E00439,2026,7168000000,consolidated,508,444,2026,0
E00442,2022,1859000000,nonconsolidated,,,2026,4
E00442,2023,3341000000,nonconsolidated,,,2026,3
E00442,2024,3008000000,nonconsolidated,,,2026,2
E00442,2025,1914000000,consolidated,,,2026,1
E00442,2026,1568000000,consolidated,452,452,2026,0
E00443,2022,916000000,consolidated,,,2026,4
E00443,2023,473000000,consolidated,,,2026,3
E00443,2024,913000000,consolidated,,,2026,2
E00443,2025,1363000000,consolidated,,,2026,1
E00443,2026,1673000000,consolidated,462,310,2026,0
E00446,2022,31667000000,consolidated,,,2026,4
E00446,2023,33448000000,consolidated,,,2026,3
E00446,2024,38255000000,consolidated,,,2026,2
E00446,2025,39878000000,consolidated,,,2026,1
E00446,2026,40149000000,consolidated,17763,234,2026,0
E00448,2022,2815000000,consolidated,,,2026,4
E00448,2023,1939000000,consolidated,,,2026,3
E00448,2024,3162000000,consolidated,,,2026,2
E00448,2025,2716000000,consolidated,,,2026,1
E00448,2026,2959000000,consolidated,541,356,2026,0
E00452,2022,8709000000,consolidated,,,2026,4
E00452,2023,5465000000,consolidated,,,2026,3
E00452,2024,8079000000,consolidated,,,2026,2
E00452,2025,9650000000,consolidated,,,2026,1
E00452,2026,10726000000,consolidated,2082,1538,2026,0
E00453,2022,100653000,consolidated,,,2026,4
E00453,2023,256221000,consolidated,,,2026,3
E00453,2024,457194000,consolidated,,,2026,2
E00453,2025,309838000,consolidated,,,2026,1
E00453,2026,4611000,consolidated,405,395,2026,0
E00454,2022,216000000,consolidated,,,2026,4
E00454,2023,-99000000,consolidated,,,2026,3
E00454,2024,915000000,consolidated,,,2026,2
E00454,2025,1143000000,consolidated,,,2026,1
E00454,2026,1440000000,consolidated,179,134,2026,0
E00456,2022,1020000000,consolidated,,,2026,4
E00456,2023,1759000000,consolidated,,,2026,3
E00456,2024,2212000000,consolidated,,,2026,2
E00456,2025,3116000000,consolidated,,,2026,1
E00456,2026,3365000000,consolidated,303,216,2026,0
E00457,2022,18109000000,nonconsolidated,,,2026,4
E00457,2023,16279000000,nonconsolidated,,,2026,3
E00457,2024,11953000000,nonconsolidated,,,2026,2
E00457,2025,14962000000,nonconsolidated,,,2026,1
E00457,2026,65128000000,nonconsolidated,17988,980,2026,0
E00458,2022,-380000000,consolidated,,,2026,4
E00458,2023,-897000000,consolidated,,,2026,3
E00458,2024,3639000000,consolidated,,,2026,2
E00458,2025,6056000000,consolidated,,,2026,1
E00458,2026,7932000000,consolidated,1928,668,2026,0
E00461,2022,31834000000,consolidated,,,2026,4
E00461,2023,43724000000,consolidated,,,2026,3
E00461,2024,74889000000,consolidated,,,2026,2
E00461,2025,85166000000,consolidated,,,2026,1
E00461,2026,94050000000,consolidated,4717,2192,2026,0
E00462,2022,21125000000,consolidated,,,2026,4
E00462,2023,18300000000,consolidated,,,2026,3
E00462,2024,21085000000,consolidated,,,2026,2
E00462,2025,21388000000,consolidated,,,2026,1
E00462,2026,19526000000,consolidated,6564,470,2026,0
E00465,2022,1459000000,nonconsolidated,,,2026,4
E00465,2023,1010000000,nonconsolidated,,,2026,3
E00465,2024,697000000,nonconsolidated,,,2026,2
E00465,2025,800000000,nonconsolidated,,,2026,1
E00465,2026,291000000,nonconsolidated,,271,2026,0
E00466,2022,1013874000,consolidated,,,2026,4
E00466,2023,1234992000,consolidated,,,2026,3
E00466,2024,674996000,consolidated,,,2026,2
E00466,2025,864506000,consolidated,,,2026,1
E00466,2026,1318730000,consolidated,282,199,2026,0
E00467,2022,1466561000,nonconsolidated,,,2026,4
E00467,2023,2377783000,consolidated,,,2026,3
E00467,2024,3474914000,consolidated,,,2026,2
E00467,2025,3449474000,consolidated,,,2026,1
E00467,2026,3874326000,consolidated,832,298,2026,0
E00472,2022,5297000000,consolidated,,,2026,4
E00472,2023,4157000000,consolidated,,,2026,3
E00472,2024,2954000000,consolidated,,,2026,2
E00472,2025,6573000000,consolidated,,,2026,1
E00472,2026,7823000000,consolidated,867,469,2026,0
E00473,2022,1540000000,consolidated,,,2026,4
E00473,2023,1904000000,consolidated,,,2026,3
E00473,2024,2409000000,consolidated,,,2026,2
E00473,2025,2367000000,consolidated,,,2026,1
E00473,2026,2336000000,consolidated,571,571,2026,0
E00478,2022,469331000,consolidated,,,2026,4
E00478,2023,1035923000,consolidated,,,2026,3
E00478,2024,1540303000,consolidated,,,2026,2
E00478,2025,1609939000,consolidated,,,2026,1
E00478,2026,1598272000,consolidated,310,262,2026,0
E00480,2022,921000000,consolidated,,,2026,4
E00480,2023,466000000,consolidated,,,2026,3
E00480,2024,2266000000,consolidated,,,2026,2
E00480,2025,2221000000,consolidated,,,2026,1
E00480,2026,1642000000,consolidated,887,716,2026,0
E00481,2022,3506000000,consolidated,,,2026,4
E00481,2023,1558000000,consolidated,,,2026,3
E00481,2024,1881000000,consolidated,,,2026,2
E00481,2025,1554000000,consolidated,,,2026,1
E00481,2026,1900000000,consolidated,1194,1062,2026,0
E00484,2022,877452000,nonconsolidated,,,2026,4
E00484,2023,764573000,nonconsolidated,,,2026,3
E00484,2024,789156000,nonconsolidated,,,2026,2
E00484,2025,813176000,nonconsolidated,,,2026,1
E00484,2026,907776000,nonconsolidated,,168,2026,0
E00486,2022,11340140000,consolidated,,,2026,4
E00486,2023,9270800000,consolidated,,,2026,3
E00486,2024,10712052000,consolidated,,,2026,2
E00486,2025,12001797000,consolidated,,,2026,1
E00486,2026,13757350000,consolidated,1201,747,2026,0
E00487,2022,268848000,consolidated,,,2026,4
E00487,2023,28394000,consolidated,,,2026,3
E00487,2024,287765000,consolidated,,,2026,2
E00487,2025,307531000,consolidated,,,2026,1
E00487,2026,205275000,consolidated,257,232,2026,0
E00488,2022,998830000,nonconsolidated,,,2026,4
E00488,2023,515984000,nonconsolidated,,,2026,3
E00488,2024,1267022000,nonconsolidated,,,2026,2
E00488,2025,539103000,nonconsolidated,,,2026,1
E00488,2026,375093000,nonconsolidated,,241,2026,0
E00491,2022,1022000000,consolidated,,,2026,4
E00491,2023,349000000,consolidated,,,2026,3
E00491,2024,867000000,consolidated,,,2026,2
E00491,2025,636000000,consolidated,,,2026,1
E00491,2026,1318000000,consolidated,1019,618,2026,0
E00493,2022,1622000000,consolidated,,,2026,4
E00493,2023,169000000,consolidated,,,2026,3
E00493,2024,3099000000,consolidated,,,2026,2
E00493,2025,4999000000,consolidated,,,2026,1
E00493,2026,4329000000,consolidated,964,604,2026,0
E00494,2022,895587000,consolidated,,,2026,4
E00494,2023,389142000,consolidated,,,2026,3
E00494,2024,755075000,consolidated,,,2026,2
E00494,2025,816257000,consolidated,,,2026,1
E00494,2026,866555000,consolidated,491,317,2026,0
E00497,2022,729208000,nonconsolidated,,,2026,4
E00497,2023,349742000,nonconsolidated,,,2026,3
E00497,2024,419429000,nonconsolidated,,,2026,2
E00497,2025,693797000,nonconsolidated,,,2026,1
E00497,2026,619903000,nonconsolidated,,179,2026,0
E00498,2022,908349000,consolidated,,,2026,4
E00498,2023,434453000,consolidated,,,2026,3
E00498,2024,546074000,consolidated,,,2026,2
E00498,2025,510753000,consolidated,,,2026,1
E00498,2026,686227000,consolidated,1840,1357,2026,0
E00501,2022,870000000,nonconsolidated,,,2026,4
E00501,2023,497000000,nonconsolidated,,,2026,3
E00501,2024,901000000,nonconsolidated,,,2026,2
E00501,2025,673000000,nonconsolidated,,,2026,1
E00501,2026,666000000,nonconsolidated,,691,2026,0
E00502,2022,360000000,consolidated,,,2026,4
E00502,2023,98000000,consolidated,,,2026,3
E00502,2024,55000000,consolidated,,,2026,2
E00502,2025,285000000,consolidated,,,2026,1
E00502,2026,479000000,consolidated,358,205,2026,0
E00506,2022,2306310000,consolidated,,,2026,4
E00506,2023,650212000,consolidated,,,2026,3
E00506,2024,2162108000,consolidated,,,2026,2
E00506,2025,2025273000,consolidated,,,2026,1
E00506,2026,1928500000,consolidated,815,583,2026,0
E00508,2022,2551879000,consolidated,,,2026,4
E00508,2023,-791673000,consolidated,,,2026,3
E00508,2024,2269682000,consolidated,,,2026,2
E00508,2025,3399380000,consolidated,,,2026,1
E00508,2026,3712539000,consolidated,667,654,2026,0
E00511,2022,1357000000,consolidated,,,2026,4
E00511,2023,1615000000,consolidated,,,2026,3
E00511,2024,1809000000,consolidated,,,2026,2
E00511,2025,3049000000,consolidated,,,2026,1
E00511,2026,2857000000,consolidated,184,135,2026,0
E00513,2022,369035000,consolidated,,,2026,4
E00513,2023,-81856000,consolidated,,,2026,3
E00513,2024,201845000,consolidated,,,2026,2
E00513,2025,160421000,consolidated,,,2026,1
E00513,2026,53545000,consolidated,315,313,2026,0
E00514,2022,3666000000,consolidated,,,2026,4
E00514,2023,3180000000,consolidated,,,2026,3
E00514,2024,2628000000,consolidated,,,2026,2
E00514,2025,2113000000,consolidated,,,2026,1
E00514,2026,2676000000,consolidated,861,517,2026,0
E00518,2022,-499000000,nonconsolidated,,,2026,4
E00518,2023,-1775000000,nonconsolidated,,,2026,3
E00518,2024,-2055000000,nonconsolidated,,,2026,2
E00518,2025,-1886000000,nonconsolidated,,,2026,1
E00518,2026,-2569000000,nonconsolidated,4204,157,2026,0
E00520,2022,5399000000,consolidated,,,2026,4
E00520,2023,6021000000,consolidated,,,2026,3
E00520,2024,6774000000,consolidated,,,2026,2
E00520,2025,8180000000,consolidated,,,2026,1
E00520,2026,4920000000,consolidated,4102,1299,2026,0
E00521,2022,-1623142000,consolidated,,,2026,4
E00521,2023,-215243000,consolidated,,,2026,3
E00521,2024,2608746000,consolidated,,,2026,2
E00521,2025,1893262000,consolidated,,,2026,1
E00521,2026,2896055000,consolidated,1196,470,2026,0
E00525,2022,23092000000,consolidated,,,2026,4
E00525,2023,6590000000,consolidated,,,2026,3
E00525,2024,6962000000,consolidated,,,2026,2
E00525,2025,10591000000,consolidated,,,2026,1
E00525,2026,22878000000,consolidated,9398,2885,2026,0
E00527,2022,6399000000,consolidated,,,2026,4
E00527,2023,1069000000,consolidated,,,2026,3
E00527,2024,-1014000000,consolidated,,,2026,2
E00527,2025,4693000000,consolidated,,,2026,1
E00527,2026,10392000000,consolidated,1692,847,2026,0
E00528,2022,8783000000,consolidated,,,2026,4
E00528,2023,10024000000,consolidated,,,2026,3
E00528,2024,10191000000,consolidated,,,2026,2
E00528,2025,11784000000,consolidated,,,2026,1
E00528,2026,11071000000,consolidated,3714,1090,2026,0
E00530,2022,1038000000,consolidated,,,2026,4
E00530,2023,1125000000,consolidated,,,2026,3
E00530,2024,1322000000,consolidated,,,2026,2
E00530,2025,1047000000,consolidated,,,2026,1
E00530,2026,658000000,consolidated,2306,674,2026,0
E00540,2022,26843000000,nonconsolidated,,,2026,4
E00540,2023,48899000000,nonconsolidated,,,2026,3
E00540,2024,36713000000,nonconsolidated,,,2026,2
E00540,2025,26618000000,nonconsolidated,,,2026,1
E00540,2026,28030000000,nonconsolidated,45521,8655,2026,0
E00542,2022,8065000000,consolidated,,,2026,4
E00542,2023,6067000000,consolidated,,,2026,3
E00542,2024,9752000000,consolidated,,,2026,2
E00542,2025,17568000000,consolidated,,,2026,1
E00542,2026,21544000000,consolidated,2793,867,2026,0
E00543,2022,6045000000,consolidated,,,2026,4
E00543,2023,5041000000,consolidated,,,2026,3
E00543,2024,3276000000,consolidated,,,2026,2
E00543,2025,6675000000,consolidated,,,2026,1
E00543,2026,8356000000,consolidated,1324,100,2026,0
E00562,2022,11927000000,consolidated,,,2026,4
E00562,2023,15345000000,consolidated,,,2026,3
E00562,2024,16214000000,consolidated,,,2026,2
E00562,2025,19277000000,consolidated,,,2026,1
E00562,2026,22005000000,consolidated,6506,1320,2026,0
E00563,2022,115122000,consolidated,,,2026,4
E00563,2023,189710000,consolidated,,,2026,3
E00563,2024,135526000,consolidated,,,2026,2
E00563,2025,569150000,consolidated,,,2026,1
E00563,2026,310549000,consolidated,811,178,2026,0
E00567,2022,-1804000000,consolidated,,,2026,4
E00567,2023,-1583000000,consolidated,,,2026,3
E00567,2024,-51000000,consolidated,,,2026,2
E00567,2025,-233000000,consolidated,,,2026,1
E00567,2026,-912000000,consolidated,1207,141,2026,0
E00569,2022,-428816000,consolidated,,,2026,4
E00569,2023,-297580000,consolidated,,,2026,3
E00569,2024,464055000,consolidated,,,2026,2
E00569,2025,31035000,consolidated,,,2026,1
E00569,2026,-36663000,consolidated,575,317,2026,0
E00570,2022,3611000000,consolidated,,,2026,4
E00570,2023,3220000000,consolidated,,,2026,3
E00570,2024,2562000000,consolidated,,,2026,2
E00570,2025,3601000000,consolidated,,,2026,1
E00570,2026,3018000000,consolidated,1036,201,2026,0
E00572,2022,758000000,consolidated,,,2026,4
E00572,2023,1044000000,consolidated,,,2026,3
E00572,2024,1168000000,consolidated,,,2026,2
E00572,2025,1216000000,consolidated,,,2026,1
E00572,2026,1633000000,consolidated,639,523,2026,0
E00573,2022,829545000,consolidated,,,2026,4
E00573,2023,1055846000,consolidated,,,2026,3
E00573,2024,663656000,consolidated,,,2026,2
E00573,2025,468076000,consolidated,,,2026,1
E00573,2026,747539000,consolidated,541,391,2026,0
E00584,2022,727250000,consolidated,,,2026,4
E00584,2023,639434000,consolidated,,,2026,3
E00584,2024,600779000,consolidated,,,2026,2
E00584,2025,814030000,consolidated,,,2026,1
E00584,2026,630207000,consolidated,353,124,2026,0
E00590,2022,1682000000,nonconsolidated,,,2026,4
E00590,2023,2473000000,nonconsolidated,,,2026,3
E00590,2024,3002000000,nonconsolidated,,,2026,2
E00590,2025,8919000000,nonconsolidated,,,2026,1
E00590,2026,3256000000,nonconsolidated,14784,103,2026,0
E00591,2022,2154000000,consolidated,,,2026,4
E00591,2023,1683000000,consolidated,,,2026,3
E00591,2024,2643000000,consolidated,,,2026,2
E00591,2025,2838000000,consolidated,,,2026,1
E00591,2026,3208000000,consolidated,1227,835,2026,0
E00598,2022,434631000,consolidated,,,2026,4
E00598,2023,163215000,consolidated,,,2026,3
E00598,2024,260511000,consolidated,,,2026,2
E00598,2025,123828000,consolidated,,,2026,1
E00598,2026,145686000,consolidated,170,144,2026,0
E00603,2022,20285000000,consolidated,,,2026,4
E00603,2023,28083000000,consolidated,,,2026,3
E00603,2024,32601000000,consolidated,,,2026,2
E00603,2025,30806000000,consolidated,,,2026,1
E00603,2026,33904000000,consolidated,1536,1287,2026,0
E00630,2022,2147000000,consolidated,,,2026,4
E00630,2023,668000000,consolidated,,,2026,3
E00630,2024,-1286000000,consolidated,,,2026,2
E00630,2025,537000000,consolidated,,,2026,1
E00630,2026,1792000000,consolidated,2173,1175,2026,0
E00631,2022,59000000,consolidated,,,2026,4
E00631,2023,-1309000000,consolidated,,,2026,3
E00631,2024,321000000,consolidated,,,2026,2
E00631,2025,-398000000,consolidated,,,2026,1
E00631,2026,504000000,consolidated,1454,964,2026,0
E00632,2022,447935000,nonconsolidated,,,2026,4
E00632,2023,489870000,nonconsolidated,,,2026,3
E00632,2024,190586000,nonconsolidated,,,2026,2
E00632,2025,-64702000,nonconsolidated,,,2026,1
E00632,2026,-36960000,nonconsolidated,,167,2026,0
E00633,2022,478000000,nonconsolidated,,,2026,4
E00633,2023,328000000,nonconsolidated,,,2026,3
E00633,2024,42000000,nonconsolidated,,,2026,2
E00633,2025,189000000,nonconsolidated,,,2026,1
E00633,2026,-60000000,nonconsolidated,,376,2026,0
E00635,2022,2528336000,consolidated,,,2026,4
E00635,2023,880210000,consolidated,,,2026,3
E00635,2024,1844131000,consolidated,,,2026,2
E00635,2025,1655861000,consolidated,,,2026,1
E00635,2026,3399603000,consolidated,2348,430,2026,0
E00640,2022,5401355000,consolidated,,,2026,4
E00640,2023,2664679000,consolidated,,,2026,3
E00640,2024,1909536000,consolidated,,,2026,2
E00640,2025,1102231000,consolidated,,,2026,1
E00640,2026,2037183000,consolidated,1118,220,2026,0
E00642,2022,135100000000,consolidated,,,2026,4
E00642,2023,95008000000,consolidated,,,2026,3
E00642,2024,85987000000,consolidated,,,2026,2
E00642,2025,68568000000,consolidated,,,2026,1
E00642,2026,40529000000,consolidated,38757,464,2026,0
E00644,2022,1964000000,consolidated,,,2026,4
E00644,2023,3089000000,consolidated,,,2026,3
E00644,2024,7098000000,consolidated,,,2026,2
E00644,2025,4548000000,consolidated,,,2026,1
E00644,2026,1720000000,consolidated,2513,888,2026,0
E00645,2022,29514000000,consolidated,,,2026,4
E00645,2023,11471000000,consolidated,,,2026,3
E00645,2024,17757000000,consolidated,,,2026,2
E00645,2025,18759000000,consolidated,,,2026,1
E00645,2026,11271000000,consolidated,3728,1479,2026,0
E00649,2022,3077000000,consolidated,,,2026,4
E00649,2023,3397000000,consolidated,,,2026,3
E00649,2024,6820000000,consolidated,,,2026,2
E00649,2025,5114000000,consolidated,,,2026,1
E00649,2026,3375000000,consolidated,1273,778,2026,0
E00650,2022,2310000000,consolidated,,,2026,4
E00650,2023,2151000000,consolidated,,,2026,3
E00650,2024,1643000000,consolidated,,,2026,2
E00650,2025,1566000000,consolidated,,,2026,1
E00650,2026,1853000000,consolidated,1346,418,2026,0
E00652,2022,143379000,consolidated,,,2026,4
E00652,2023,374570000,consolidated,,,2026,3
E00652,2024,667616000,consolidated,,,2026,2
E00652,2025,751662000,consolidated,,,2026,1
E00652,2026,570610000,consolidated,422,377,2026,0
E00659,2022,36641000000,consolidated,,,2026,4
E00659,2023,28682000000,consolidated,,,2026,3
E00659,2024,47984000000,consolidated,,,2026,2
E00659,2025,39178000000,consolidated,,,2026,1
E00659,2026,37419000000,consolidated,25573,4426,2026,0
E00660,2022,37696000000,consolidated,,,2026,4
E00660,2023,-24050000000,consolidated,,,2026,3
E00660,2024,9622000000,consolidated,,,2026,2
E00660,2025,4530000000,consolidated,,,2026,1
E00660,2026,21339000000,consolidated,11639,2356,2026,0
E00669,2022,8978000000,consolidated,,,2026,4
E00669,2023,7983000000,consolidated,,,2026,3
E00669,2024,8614000000,consolidated,,,2026,2
E00669,2025,9400000000,consolidated,,,2026,1
E00669,2026,11445000000,consolidated,3965,1157,2026,0
E00675,2022,-503000000,consolidated,,,2026,4
E00675,2023,472000000,consolidated,,,2026,3
E00675,2024,1076000000,consolidated,,,2026,2
E00675,2025,1022000000,consolidated,,,2026,1
E00675,2026,828000000,consolidated,381,335,2026,0
E00677,2022,1528000000,consolidated,,,2026,4
E00677,2023,1398000000,consolidated,,,2026,3
E00677,2024,1347000000,consolidated,,,2026,2
E00677,2025,1130000000,consolidated,,,2026,1
E00677,2026,991000000,consolidated,594,372,2026,0
E00679,2022,2336000000,consolidated,,,2026,4
E00679,2023,939000000,consolidated,,,2026,3
E00679,2024,1003000000,consolidated,,,2026,2
E00679,2025,2214000000,consolidated,,,2026,1
E00679,2026,3219000000,consolidated,2004,692,2026,0
E00682,2022,235436000,nonconsolidated,,,2026,4
E00682,2023,271487000,nonconsolidated,,,2026,3
E00682,2024,358238000,nonconsolidated,,,2026,2
E00682,2025,283520000,nonconsolidated,,,2026,1
E00682,2026,360034000,nonconsolidated,,235,2026,0
E00685,2022,4232736000,consolidated,,,2026,4
E00685,2023,3532860000,consolidated,,,2026,3
E00685,2024,2021304000,consolidated,,,2026,2
E00685,2025,2445093000,consolidated,,,2026,1
E00685,2026,3707735000,consolidated,462,336,2026,0
E00686,2022,1583918000,consolidated,,,2026,4
E00686,2023,1349907000,consolidated,,,2026,3
E00686,2024,1248704000,consolidated,,,2026,2
E00686,2025,1626630000,consolidated,,,2026,1
E00686,2026,1867153000,consolidated,681,379,2026,0
E00690,2022,9401000,consolidated,,,2026,4
E00690,2023,-25562000,consolidated,,,2026,3
E00690,2024,882378000,consolidated,,,2026,2
E00690,2025,792085000,consolidated,,,2026,1
E00690,2026,474973000,nonconsolidated,,205,2026,0
E00691,2022,5733000000,consolidated,,,2026,4
E00691,2023,4058000000,consolidated,,,2026,3
E00691,2024,6188000000,consolidated,,,2026,2
E00691,2025,6227000000,consolidated,,,2026,1
E00691,2026,5728000000,consolidated,1873,429,2026,0
E00692,2022,76318000000,consolidated,,,2026,4
E00692,2023,81172000000,consolidated,,,2026,3
E00692,2024,82500000000,consolidated,,,2026,2
E00692,2025,89578000000,consolidated,,,2026,1
E00692,2026,75724000000,consolidated,54371,1430,2026,0
E00693,2022,81249000000,consolidated,,,2026,4
E00693,2023,83661000000,consolidated,,,2026,3
E00693,2024,98702000000,consolidated,,,2026,2
E00693,2025,115920000000,consolidated,,,2026,1
E00693,2026,119239000000,consolidated,36360,8911,2026,0
E00695,2022,1298000000,consolidated,,,2026,4
E00695,2023,1289000000,consolidated,,,2026,3
E00695,2024,2083000000,consolidated,,,2026,2
E00695,2025,2746000000,consolidated,,,2026,1
E00695,2026,2727000000,consolidated,3136,1912,2026,0
E00696,2022,416494000,consolidated,,,2026,4
E00696,2023,-28465000,consolidated,,,2026,3
E00696,2024,56769000,consolidated,,,2026,2
E00696,2025,-49020000,consolidated,,,2026,1
E00696,2026,23385000,consolidated,614,285,2026,0
E00697,2022,1626000000,consolidated,,,2026,4
E00697,2023,1272000000,consolidated,,,2026,3
E00697,2024,2029000000,consolidated,,,2026,2
E00697,2025,3346000000,consolidated,,,2026,1
E00697,2026,3123000000,consolidated,1147,410,2026,0
E00709,2022,1216545000,consolidated,,,2026,4
E00709,2023,1126891000,consolidated,,,2026,3
E00709,2024,1049980000,consolidated,,,2026,2
E00709,2025,934201000,consolidated,,,2026,1
E00709,2026,853421000,consolidated,247,214,2026,0
E00711,2022,17256000,consolidated,,,2026,4
E00711,2023,89879000,consolidated,,,2026,3
E00711,2024,108976000,consolidated,,,2026,2
E00711,2025,103944000,consolidated,,,2026,1
E00711,2026,138841000,consolidated,172,152,2026,0
E00714,2022,2523000000,consolidated,,,2026,4
E00714,2023,2535000000,consolidated,,,2026,3
E00714,2024,2323000000,consolidated,,,2026,2
E00714,2025,2165000000,consolidated,,,2026,1
E00714,2026,1897000000,consolidated,1760,1111,2026,0
E00716,2022,2594629000,nonconsolidated,,,2026,4
E00716,2023,2289517000,nonconsolidated,,,2026,3
E00716,2024,1743656000,nonconsolidated,,,2026,2
E00716,2025,2237343000,nonconsolidated,,,2026,1
E00716,2026,1898409000,nonconsolidated,1796,933,2026,0
E00717,2022,3044000000,consolidated,,,2026,4
E00717,2023,2104000000,consolidated,,,2026,3
E00717,2024,2060000000,consolidated,,,2026,2
E00717,2025,3936000000,consolidated,,,2026,1
E00717,2026,3866000000,consolidated,3574,2441,2026,0
E00719,2022,606155000,consolidated,,,2026,4
E00719,2023,397429000,consolidated,,,2026,3
E00719,2024,414256000,consolidated,,,2026,2
E00719,2025,350130000,consolidated,,,2026,1
E00719,2026,543192000,consolidated,643,614,2026,0
E00730,2022,422619000,consolidated,,,2026,4
E00730,2023,593101000,consolidated,,,2026,3
E00730,2024,478997000,consolidated,,,2026,2
E00730,2025,452182000,consolidated,,,2026,1
E00730,2026,189968000,consolidated,484,308,2026,0
E00734,2022,597588000,nonconsolidated,,,2026,4
E00734,2023,523423000,nonconsolidated,,,2026,3
E00734,2024,565286000,nonconsolidated,,,2026,2
E00734,2025,437979000,nonconsolidated,,,2026,1
E00734,2026,288557000,nonconsolidated,,305,2026,0
E00744,2022,491094000,consolidated,,,2026,4
E00744,2023,549390000,consolidated,,,2026,3
E00744,2024,603415000,consolidated,,,2026,2
E00744,2025,492598000,consolidated,,,2026,1
E00744,2026,224941000,consolidated,778,675,2026,0
E00752,2022,68488000000,nonconsolidated,,,2026,4
E00752,2023,69529000000,nonconsolidated,,,2026,3
E00752,2024,53425000000,nonconsolidated,,,2026,2
E00752,2025,84885000000,nonconsolidated,,,2026,1
E00752,2026,60044000000,nonconsolidated,27491,6465,2026,0
E00755,2022,8915000000,consolidated,,,2026,4
E00755,2023,10929000000,consolidated,,,2026,3
E00755,2024,10247000000,consolidated,,,2026,2
E00755,2025,11106000000,consolidated,,,2026,1
E00755,2026,15249000000,consolidated,1438,1038,2026,0
E00759,2022,53690000000,consolidated,,,2026,4
E00759,2023,55793000000,consolidated,,,2026,3
E00759,2024,51629000000,consolidated,,,2026,2
E00759,2025,58018000000,consolidated,,,2026,1
E00759,2026,65897000000,consolidated,3411,2107,2026,0
E00760,2022,3562000000,consolidated,,,2026,4
E00760,2023,4690000000,consolidated,,,2026,3
E00760,2024,3396000000,consolidated,,,2026,2
E00760,2025,4602000000,consolidated,,,2026,1
E00760,2026,6191000000,consolidated,631,453,2026,0
E00761,2022,13757000000,nonconsolidated,,,2026,4
E00761,2023,13992000000,nonconsolidated,,,2026,3
E00761,2024,13703000000,nonconsolidated,,,2026,2
E00761,2025,6408000000,nonconsolidated,,,2026,1
E00761,2026,9852000000,nonconsolidated,3941,1631,2026,0
E00764,2022,4156000000,consolidated,,,2026,4
E00764,2023,4717000000,consolidated,,,2026,3
E00764,2024,2802000000,consolidated,,,2026,2
E00764,2025,3747000000,consolidated,,,2026,1
E00764,2026,2672000000,consolidated,862,577,2026,0
E00765,2022,13272000000,consolidated,,,2026,4
E00765,2023,10349000000,consolidated,,,2026,3
E00765,2024,14850000000,consolidated,,,2026,2
E00765,2025,11392000000,consolidated,,,2026,1
E00765,2026,21737000000,consolidated,1813,1130,2026,0
E00766,2022,16512000000,consolidated,,,2026,4
E00766,2023,26456000000,consolidated,,,2026,3
E00766,2024,23297000000,consolidated,,,2026,2
E00766,2025,19529000000,consolidated,,,2026,1
E00766,2026,22990000000,consolidated,2407,1316,2026,0
E00767,2022,160467000000,consolidated,,,2026,4
E00767,2023,89983000000,consolidated,,,2026,3
E00767,2024,95920000000,consolidated,,,2026,2
E00767,2025,103005000000,consolidated,,,2026,1
E00767,2026,106752000000,consolidated,14850,4002,2026,0
E00768,2022,25855000000,consolidated,,,2026,4
E00768,2023,14783000000,consolidated,,,2026,3
E00768,2024,26292000000,consolidated,,,2026,2
E00768,2025,29588000000,consolidated,,,2026,1
E00768,2026,38203000000,consolidated,6390,2652,2026,0
E00769,2022,11936000000,consolidated,,,2026,4
E00769,2023,19637000000,consolidated,,,2026,3
E00769,2024,16269000000,consolidated,,,2026,2
E00769,2025,12164000000,consolidated,,,2026,1
E00769,2026,12281000000,consolidated,3194,1373,2026,0
E00771,2022,13435000000,consolidated,,,2026,4
E00771,2023,17164000000,consolidated,,,2026,3
E00771,2024,12008000000,consolidated,,,2026,2
E00771,2025,14154000000,consolidated,,,2026,1
E00771,2026,19608000000,consolidated,1032,677,2026,0
E00772,2022,11145000000,consolidated,,,2026,4
E00772,2023,13679000000,consolidated,,,2026,3
E00772,2024,-1304000000,consolidated,,,2026,2
E00772,2025,4507000000,consolidated,,,2026,1
E00772,2026,6629000000,consolidated,1169,802,2026,0
E00774,2022,36474000000,consolidated,,,2026,4
E00774,2023,28025000000,consolidated,,,2026,3
E00774,2024,5474000000,consolidated,,,2026,2
E00774,2025,7623000000,consolidated,,,2026,1
E00774,2026,19295000000,consolidated,6454,4234,2026,0
E00775,2022,74394000000,consolidated,,,2026,4
E00775,2023,76176000000,consolidated,,,2026,3
E00775,2024,51140000000,consolidated,,,2026,2
E00775,2025,47890000000,consolidated,,,2026,1
E00775,2026,60822000000,consolidated,11105,4036,2026,0
E00776,2022,694434000000,consolidated,,,2026,4
E00776,2023,1020211000000,consolidated,,,2026,3
E00776,2024,787228000000,consolidated,,,2026,2
E00776,2025,820543000000,consolidated,,,2026,1
E00776,2026,708281000000,consolidated,27342,4059,2026,0
E00777,2022,4055000000,consolidated,,,2026,4
E00777,2023,1902000000,consolidated,,,2026,3
E00777,2024,1573000000,consolidated,,,2026,2
E00777,2025,3761000000,consolidated,,,2026,1
E00777,2026,4583000000,consolidated,3400,533,2026,0
E00780,2022,8840000000,consolidated,,,2026,4
E00780,2023,4854000000,consolidated,,,2026,3
E00780,2024,3066000000,consolidated,,,2026,2
E00780,2025,6279000000,consolidated,,,2026,1
E00780,2026,6545000000,consolidated,1942,769,2026,0
E00781,2022,5403000000,consolidated,,,2026,4
E00781,2023,5809000000,consolidated,,,2026,3
E00781,2024,6657000000,consolidated,,,2026,2
E00781,2025,6642000000,consolidated,,,2026,1
E00781,2026,6951000000,consolidated,2005,606,2026,0
E00783,2022,9894000000,nonconsolidated,,,2026,4
E00783,2023,9852000000,nonconsolidated,,,2026,3
E00783,2024,7493000000,nonconsolidated,,,2026,2
E00783,2025,21242000000,nonconsolidated,,,2026,1
E00783,2026,45884000000,nonconsolidated,20411,108,2026,0
E00784,2022,3864000000,consolidated,,,2026,4
E00784,2023,1412000000,consolidated,,,2026,3
E00784,2024,2383000000,consolidated,,,2026,2
E00784,2025,3199000000,consolidated,,,2026,1
E00784,2026,2375000000,consolidated,735,691,2026,0
E00786,2022,4510000000,consolidated,,,2026,4
E00786,2023,3265000000,consolidated,,,2026,3
E00786,2024,2560000000,consolidated,,,2026,2
E00786,2025,3212000000,consolidated,,,2026,1
E00786,2026,3818000000,consolidated,454,391,2026,0
E00787,2022,1354695000,consolidated,,,2026,4
E00787,2023,1684196000,consolidated,,,2026,3
E00787,2024,2441331000,consolidated,,,2026,2
E00787,2025,2170475000,consolidated,,,2026,1
E00787,2026,2109052000,consolidated,763,128,2026,0
E00789,2022,1207000000,consolidated,,,2026,4
E00789,2023,3525000000,consolidated,,,2026,3
E00789,2024,-786000000,consolidated,,,2026,2
E00789,2025,672000000,consolidated,,,2026,1
E00789,2026,371000000,consolidated,797,612,2026,0
E00791,2022,292000000,consolidated,,,2026,4
E00791,2023,246000000,consolidated,,,2026,3
E00791,2024,357000000,consolidated,,,2026,2
E00791,2025,197000000,consolidated,,,2026,1
E00791,2026,321000000,consolidated,239,215,2026,0
E00794,2022,2063000000,consolidated,,,2026,4
E00794,2023,3786000000,consolidated,,,2026,3
E00794,2024,5149000000,consolidated,,,2026,2
E00794,2025,6046000000,consolidated,,,2026,1
E00794,2026,5357000000,consolidated,1085,356,2026,0
E00796,2022,287000000,consolidated,,,2026,4
E00796,2023,341000000,consolidated,,,2026,3
E00796,2024,-667000000,consolidated,,,2026,2
E00796,2025,110000000,consolidated,,,2026,1
E00796,2026,241000000,consolidated,272,245,2026,0
E00804,2022,2514733000,consolidated,,,2026,4
E00804,2023,2258558000,consolidated,,,2026,3
E00804,2024,2457046000,consolidated,,,2026,2
E00804,2025,3456768000,consolidated,,,2026,1
E00804,2026,3994509000,consolidated,292,243,2026,0
E00805,2022,5707000000,consolidated,,,2026,4
E00805,2023,4347000000,consolidated,,,2026,3
E00805,2024,3064000000,consolidated,,,2026,2
E00805,2025,4161000000,consolidated,,,2026,1
E00805,2026,4424000000,consolidated,683,293,2026,0
E00806,2022,6000000000,consolidated,,,2026,4
E00806,2023,5969000000,consolidated,,,2026,3
E00806,2024,2942000000,consolidated,,,2026,2
E00806,2025,632000000,consolidated,,,2026,1
E00806,2026,3255000000,consolidated,709,457,2026,0
E00809,2022,6914000000,consolidated,,,2026,4
E00809,2023,4211000000,consolidated,,,2026,3
E00809,2024,4711000000,consolidated,,,2026,2
E00809,2025,4770000000,consolidated,,,2026,1
E00809,2026,4228000000,consolidated,946,477,2026,0
E00810,2022,2799000000,consolidated,,,2026,4
E00810,2023,458000000,consolidated,,,2026,3
E00810,2024,1142000000,consolidated,,,2026,2
E00810,2025,1964000000,consolidated,,,2026,1
E00810,2026,2096000000,consolidated,482,412,2026,0
E00811,2022,24444000000,nonconsolidated,,,2026,4
E00811,2023,23075000000,nonconsolidated,,,2026,3
E00811,2024,11605000000,nonconsolidated,,,2026,2
E00811,2025,17694000000,nonconsolidated,,,2026,1
E00811,2026,20380000000,nonconsolidated,4880,2573,2026,0
E00815,2022,74152000000,consolidated,,,2026,4
E00815,2023,69764000000,consolidated,,,2026,3
E00815,2024,46040000000,consolidated,,,2026,2
E00815,2025,60316000000,consolidated,,,2026,1
E00815,2026,51947000000,consolidated,8319,2562,2026,0
E00818,2022,57291000000,consolidated,,,2026,4
E00818,2023,52035000000,consolidated,,,2026,3
E00818,2024,68396000000,consolidated,,,2026,2
E00818,2025,62320000000,consolidated,,,2026,1
E00818,2026,45130000000,consolidated,11034,2533,2026,0
E00819,2022,11507000000,nonconsolidated,,,2026,4
E00819,2023,16002000000,nonconsolidated,,,2026,3
E00819,2024,30709000000,nonconsolidated,,,2026,2
E00819,2025,34804000000,nonconsolidated,,,2026,1
E00819,2026,17673000000,nonconsolidated,7524,1684,2026,0
E00820,2022,97001000000,consolidated,,,2026,4
E00820,2023,104241000000,consolidated,,,2026,3
E00820,2024,105921000000,consolidated,,,2026,2
E00820,2025,110958000000,consolidated,,,2026,1
E00820,2026,117215000000,consolidated,26752,3156,2026,0
E00821,2022,49468000000,consolidated,,,2026,4
E00821,2023,31393000000,consolidated,,,2026,3
E00821,2024,26906000000,consolidated,,,2026,2
E00821,2025,33051000000,consolidated,,,2026,1
E00821,2026,40038000000,consolidated,4425,2503,2026,0
E00824,2022,21840000000,consolidated,,,2026,4
E00824,2023,22088000000,consolidated,,,2026,3
E00824,2024,26135000000,consolidated,,,2026,2
E00824,2025,28668000000,consolidated,,,2026,1
E00824,2026,30136000000,consolidated,5314,1287,2026,0
E00829,2022,1626000000,consolidated,,,2026,4
E00829,2023,1902000000,consolidated,,,2026,3
E00829,2024,2117000000,consolidated,,,2026,2
E00829,2025,1882000000,consolidated,,,2026,1
E00829,2026,2148000000,consolidated,998,735,2026,0
E00830,2022,7012000000,consolidated,,,2026,4
E00830,2023,12140000000,consolidated,,,2026,3
E00830,2024,16076000000,consolidated,,,2026,2
E00830,2025,11250000000,consolidated,,,2026,1
E00830,2026,7956000000,consolidated,1748,899,2026,0
E00831,2022,228813000,nonconsolidated,,,2026,4
E00831,2023,91474000,nonconsolidated,,,2026,3
E00831,2024,11748000,nonconsolidated,,,2026,2
E00831,2025,77147000,nonconsolidated,,,2026,1
E00831,2026,153684000,nonconsolidated,,154,2026,0
E00832,2022,1449047000,consolidated,,,2026,4
E00832,2023,533510000,consolidated,,,2026,3
E00832,2024,1846226000,consolidated,,,2026,2
E00832,2025,2032594000,consolidated,,,2026,1
E00832,2026,4210424000,consolidated,1198,427,2026,0
E00836,2022,23154000000,consolidated,,,2026,4
E00836,2023,23025000000,consolidated,,,2026,3
E00836,2024,12562000000,consolidated,,,2026,2
E00836,2025,22266000000,consolidated,,,2026,1
E00836,2026,25478000000,consolidated,5946,2366,2026,0
E00837,2022,802522000,nonconsolidated,,,2026,4
E00837,2023,855770000,nonconsolidated,,,2026,3
E00837,2024,347658000,nonconsolidated,,,2026,2
E00837,2025,356244000,nonconsolidated,,,2026,1
E00837,2026,255504000,nonconsolidated,,402,2026,0
E00838,2022,6889026000,consolidated,,,2026,4
E00838,2023,7964903000,consolidated,,,2026,3
E00838,2024,9544907000,consolidated,,,2026,2
E00838,2025,10587468000,consolidated,,,2026,1
E00838,2026,11786832000,consolidated,1877,780,2026,0
E00839,2022,579075000,consolidated,,,2026,4
E00839,2023,432271000,consolidated,,,2026,3
E00839,2024,24310000,consolidated,,,2026,2
E00839,2025,97761000,consolidated,,,2026,1
E00839,2026,2296457000,consolidated,2730,185,2026,0
E00840,2022,83441000000,nonconsolidated,,,2026,4
E00840,2023,42890000000,nonconsolidated,,,2026,3
E00840,2024,37671000000,nonconsolidated,,,2026,2
E00840,2025,19753000000,nonconsolidated,,,2026,1
E00840,2026,9344000000,nonconsolidated,16967,5198,2026,0
E00842,2022,4184000000,consolidated,,,2026,4
E00842,2023,3349000000,consolidated,,,2026,3
E00842,2024,1168000000,consolidated,,,2026,2
E00842,2025,-1411000000,consolidated,,,2026,1
E00842,2026,-77000000,consolidated,1037,357,2026,0
E00845,2022,1401000000,consolidated,,,2026,4
E00845,2023,704000000,consolidated,,,2026,3
E00845,2024,2733000000,consolidated,,,2026,2
E00845,2025,102000000,consolidated,,,2026,1
E00845,2026,2249000000,consolidated,2106,437,2026,0
E00848,2022,397000000,nonconsolidated,,,2026,4
E00848,2023,660000000,nonconsolidated,,,2026,3
E00848,2024,1130000000,nonconsolidated,,,2026,2
E00848,2025,1139000000,nonconsolidated,,,2026,1
E00848,2026,303000000,nonconsolidated,,296,2026,0
E00852,2022,5127000000,consolidated,,,2026,4
E00852,2023,5389000000,consolidated,,,2026,3
E00852,2024,4452000000,consolidated,,,2026,2
E00852,2025,5210000000,consolidated,,,2026,1
E00852,2026,5570000000,consolidated,713,415,2026,0
E00858,2022,4868000000,consolidated,,,2026,4
E00858,2023,3363000000,consolidated,,,2026,3
E00858,2024,8127000000,consolidated,,,2026,2
E00858,2025,7311000000,consolidated,,,2026,1
E00858,2026,8092000000,consolidated,3096,751,2026,0
E00867,2022,-274909000,consolidated,,,2026,4
E00867,2023,94361000,consolidated,,,2026,3
E00867,2024,21575000,consolidated,,,2026,2
E00867,2025,81550000,consolidated,,,2026,1
E00867,2026,-709264000,consolidated,321,100,2026,0
E00868,2022,264693000,nonconsolidated,,,2026,4
E00868,2023,121120000,nonconsolidated,,,2026,3
E00868,2024,132859000,nonconsolidated,,,2026,2
E00868,2025,173610000,nonconsolidated,,,2026,1
E00868,2026,128345000,nonconsolidated,,222,2026,0
E00871,2022,2671000000,consolidated,,,2026,4
E00871,2023,2396000000,consolidated,,,2026,3
E00871,2024,2421000000,consolidated,,,2026,2
E00871,2025,1272000000,consolidated,,,2026,1
E00871,2026,2383000000,consolidated,1849,776,2026,0
E00872,2022,49692000000,consolidated,,,2026,4
E00872,2023,9100000000,consolidated,,,2026,3
E00872,2024,15564000000,consolidated,,,2026,2
E00872,2025,12375000000,consolidated,,,2026,1
E00872,2026,38349000000,nonconsolidated,15689,2749,2026,0
E00873,2022,74553000000,nonconsolidated,,,2026,4
E00873,2023,82417000000,nonconsolidated,,,2026,3
E00873,2024,77982000000,nonconsolidated,,,2026,2
E00873,2025,96851000000,nonconsolidated,,,2026,1
E00873,2026,102821000000,nonconsolidated,46294,7027,2026,0
E00877,2022,212052000000,consolidated,,,2026,4
E00877,2023,120900000000,consolidated,,,2026,3
E00877,2024,90118000000,consolidated,,,2026,2
E00877,2025,193459000000,consolidated,,,2026,1
E00877,2026,230419000000,consolidated,47895,8233,2026,0
E00878,2022,35658000000,consolidated,,,2026,4
E00878,2023,32579000000,consolidated,,,2026,3
E00878,2024,35763000000,consolidated,,,2026,2
E00878,2025,39346000000,consolidated,,,2026,1
E00878,2026,42772000000,consolidated,5434,1827,2026,0
E00879,2022,40816000000,consolidated,,,2026,4
E00879,2023,32411000000,consolidated,,,2026,3
E00879,2024,29222000000,consolidated,,,2026,2
E00879,2025,32863000000,consolidated,,,2026,1
E00879,2026,28873000000,consolidated,11762,3485,2026,0
E00880,2022,37624000000,consolidated,,,2026,4
E00880,2023,43183000000,consolidated,,,2026,3
E00880,2024,45577000000,consolidated,,,2026,2
E00880,2025,46572000000,consolidated,,,2026,1
E00880,2026,50366000000,consolidated,4155,1976,2026,0
E00882,2022,1589000000,consolidated,,,2026,4
E00882,2023,105000000,consolidated,,,2026,3
E00882,2024,780000000,consolidated,,,2026,2
E00882,2025,1195000000,consolidated,,,2026,1
E00882,2026,547000000,consolidated,394,283,2026,0
E00884,2022,12771000000,consolidated,,,2026,4
E00884,2023,9918000000,consolidated,,,2026,3
E00884,2024,8186000000,consolidated,,,2026,2
E00884,2025,9670000000,consolidated,,,2026,1
E00884,2026,12256000000,consolidated,1626,1267,2026,0
E00885,2022,4192000000,consolidated,,,2026,4
E00885,2023,1200000000,consolidated,,,2026,3
E00885,2024,2060000000,consolidated,,,2026,2
E00885,2025,5737000000,consolidated,,,2026,1
E00885,2026,10372000000,consolidated,1155,611,2026,0
E00886,2022,1933000000,consolidated,,,2026,4
E00886,2023,1179000000,consolidated,,,2026,3
E00886,2024,743000000,consolidated,,,2026,2
E00886,2025,1753000000,consolidated,,,2026,1
E00886,2026,1931000000,consolidated,856,653,2026,0
E00888,2022,7738000000,consolidated,,,2026,4
E00888,2023,9472000000,consolidated,,,2026,3
E00888,2024,10733000000,consolidated,,,2026,2
E00888,2025,9677000000,consolidated,,,2026,1
E00888,2026,10815000000,consolidated,399,330,2026,0
E00891,2022,3465000000,consolidated,,,2026,4
E00891,2023,4316000000,consolidated,,,2026,3
E00891,2024,5336000000,consolidated,,,2026,2
E00891,2025,5199000000,consolidated,,,2026,1
E00891,2026,4479000000,consolidated,2522,710,2026,0
E00893,2022,37611000000,consolidated,,,2026,4
E00893,2023,40216000000,consolidated,,,2026,3
E00893,2024,57685000000,consolidated,,,2026,2
E00893,2025,49103000000,consolidated,,,2026,1
E00893,2026,54713000000,consolidated,16739,1536,2026,0
E00895,2022,-243000000,consolidated,,,2026,4
E00895,2023,-1146000000,consolidated,,,2026,3
E00895,2024,-460000000,consolidated,,,2026,2
E00895,2025,471000000,consolidated,,,2026,1
E00895,2026,393000000,consolidated,399,306,2026,0
E00897,2022,1012000000,consolidated,,,2026,4
E00897,2023,4351000000,consolidated,,,2026,3
E00897,2024,13025000000,consolidated,,,2026,2
E00897,2025,16481000000,consolidated,,,2026,1
E00897,2026,17840000000,consolidated,2198,493,2026,0
E00898,2022,17003000000,consolidated,,,2026,4
E00898,2023,16625000000,consolidated,,,2026,3
E00898,2024,19945000000,consolidated,,,2026,2
E00898,2025,19936000000,consolidated,,,2026,1
E00898,2026,19667000000,consolidated,4283,906,2026,0
E00900,2022,2625000000,consolidated,,,2026,4
E00900,2023,3141000000,consolidated,,,2026,3
E00900,2024,5963000000,consolidated,,,2026,2
E00900,2025,6709000000,consolidated,,,2026,1
E00900,2026,6834000000,consolidated,1079,626,2026,0
E00902,2022,8315000000,consolidated,,,2026,4
E00902,2023,3373000000,consolidated,,,2026,3
E00902,2024,5003000000,consolidated,,,2026,2
E00902,2025,7764000000,consolidated,,,2026,1
E00902,2026,8490000000,consolidated,3514,1379,2026,0
E00904,2022,898000000,consolidated,,,2026,4
E00904,2023,4783000000,consolidated,,,2026,3
E00904,2024,986000000,consolidated,,,2026,2
E00904,2025,705000000,consolidated,,,2026,1
E00904,2026,2454000000,consolidated,652,523,2026,0
E00906,2022,590722000,nonconsolidated,,,2026,4
E00906,2023,749499000,nonconsolidated,,,2026,3
E00906,2024,740941000,nonconsolidated,,,2026,2
E00906,2025,644927000,nonconsolidated,,,2026,1
E00906,2026,578761000,nonconsolidated,,176,2026,0
E00909,2022,976493000,consolidated,,,2026,4
E00909,2023,995120000,consolidated,,,2026,3
E00909,2024,923164000,consolidated,,,2026,2
E00909,2025,943994000,consolidated,,,2026,1
E00909,2026,738541000,consolidated,375,139,2026,0
E00910,2022,589228000,consolidated,,,2026,4
E00910,2023,637838000,consolidated,,,2026,3
E00910,2024,754762000,consolidated,,,2026,2
E00910,2025,766708000,consolidated,,,2026,1
E00910,2026,1077385000,consolidated,213,206,2026,0
E00911,2022,447583000,consolidated,,,2026,4
E00911,2023,179320000,consolidated,,,2026,3
E00911,2024,382479000,consolidated,,,2026,2
E00911,2025,365534000,consolidated,,,2026,1
E00911,2026,606406000,consolidated,278,218,2026,0
E00912,2022,534252000,consolidated,,,2026,4
E00912,2023,650694000,consolidated,,,2026,3
E00912,2024,635776000,consolidated,,,2026,2
E00912,2025,341881000,consolidated,,,2026,1
E00912,2026,495287000,consolidated,426,407,2026,0
E00913,2022,18062000000,consolidated,,,2026,4
E00913,2023,15462000000,consolidated,,,2026,3
E00913,2024,17310000000,consolidated,,,2026,2
E00913,2025,21577000000,consolidated,,,2026,1
E00913,2026,32244000000,consolidated,2561,176,2026,0
E00916,2022,12928000000,consolidated,,,2026,4
E00916,2023,12803000000,consolidated,,,2026,3
E00916,2024,17058000000,consolidated,,,2026,2
E00916,2025,14874000000,consolidated,,,2026,1
E00916,2026,16967000000,consolidated,2404,1719,2026,0
E00917,2022,1032323000,nonconsolidated,,,2026,4
E00917,2023,1307056000,consolidated,,,2026,3
E00917,2024,939860000,consolidated,,,2026,2
E00917,2025,874970000,consolidated,,,2026,1
E00917,2026,1236340000,consolidated,235,192,2026,0
E00919,2022,550876000000,nonconsolidated,,,2026,4
E00919,2023,340122000000,nonconsolidated,,,2026,3
E00919,2024,286399000000,nonconsolidated,,,2026,2
E00919,2025,86594000000,nonconsolidated,,,2026,1
E00919,2026,205504000000,nonconsolidated,47029,4792,2026,0
E00920,2022,270544000000,nonconsolidated,,,2026,4
E00920,2023,338241000000,nonconsolidated,,,2026,3
E00920,2024,373257000000,nonconsolidated,,,2026,2
E00920,2025,431119000000,nonconsolidated,,,2026,1
E00920,2026,513062000000,nonconsolidated,14099,4081,2026,0
E00922,2022,140870000000,nonconsolidated,,,2026,4
E00922,2023,104770000000,nonconsolidated,,,2026,3
E00922,2024,-6527000000,nonconsolidated,,,2026,2
E00922,2025,12028000000,nonconsolidated,,,2026,1
E00922,2026,62940000000,nonconsolidated,3123,1747,2026,0
E00923,2022,100892000000,nonconsolidated,,,2026,4
E00923,2023,134998000000,nonconsolidated,,,2026,3
E00923,2024,258621000000,nonconsolidated,,,2026,2
E00923,2025,109143000000,nonconsolidated,,,2026,1
E00923,2026,138315000000,nonconsolidated,6223,2808,2026,0
E00928,2022,72259000,nonconsolidated,,,2026,4
E00928,2023,242574000,nonconsolidated,,,2026,3
E00928,2024,-161857000,nonconsolidated,,,2026,2
E00928,2025,-409238000,nonconsolidated,,,2026,1
E00928,2026,256396000,nonconsolidated,,303,2026,0
E00931,2022,29773000000,consolidated,,,2026,4
E00931,2023,26960000000,nonconsolidated,,,2026,3
E00931,2024,28643000000,nonconsolidated,,,2026,2
E00931,2025,16787000000,nonconsolidated,,,2026,1
E00931,2026,38067000000,nonconsolidated,2309,1902,2026,0
E00935,2022,17542000000,consolidated,,,2026,4
E00935,2023,8727000000,consolidated,,,2026,3
E00935,2024,9951000000,consolidated,,,2026,2
E00935,2025,21279000000,consolidated,,,2026,1
E00935,2026,-206000000,consolidated,1114,1086,2026,0
E00937,2022,5665000000,consolidated,,,2026,4
E00937,2023,7779000000,consolidated,,,2026,3
E00937,2024,5932000000,consolidated,,,2026,2
E00937,2025,7086000000,consolidated,,,2026,1
E00937,2026,10527000000,consolidated,1527,395,2026,0
E00939,2022,14074000000,nonconsolidated,,,2026,4
E00939,2023,-206000000,nonconsolidated,,,2026,3
E00939,2024,24477000000,nonconsolidated,,,2026,2
E00939,2025,35039000000,nonconsolidated,,,2026,1
E00939,2026,12936000000,nonconsolidated,10543,2979,2026,0
E00941,2022,340000000,consolidated,,,2026,4
E00941,2023,623000000,consolidated,,,2026,3
E00941,2024,815000000,consolidated,,,2026,2
E00941,2025,870000000,consolidated,,,2026,1
E00941,2026,773000000,consolidated,359,344,2026,0
E00942,2022,28750000000,consolidated,,,2026,4
E00942,2023,35568000000,consolidated,,,2026,3
E00942,2024,42434000000,consolidated,,,2026,2
E00942,2025,39725000000,consolidated,,,2026,1
E00942,2026,47971000000,consolidated,9292,1786,2026,0
E00945,2022,121057000000,nonconsolidated,,,2026,4
E00945,2023,150755000000,nonconsolidated,,,2026,3
E00945,2024,188036000000,nonconsolidated,,,2026,2
E00945,2025,112263000000,nonconsolidated,,,2026,1
E00945,2026,101353000000,nonconsolidated,4206,3396,2026,0
E00947,2022,14799000000,consolidated,,,2026,4
E00947,2023,9085000000,consolidated,,,2026,3
E00947,2024,6037000000,consolidated,,,2026,2
E00947,2025,8067000000,consolidated,,,2026,1
E00947,2026,11195000000,consolidated,1479,1195,2026,0
E00948,2022,5935646000,consolidated,,,2026,4
E00948,2023,7579449000,consolidated,,,2026,3
E00948,2024,8513028000,consolidated,,,2026,2
E00948,2025,12840865000,consolidated,,,2026,1
E00948,2026,11043254000,consolidated,1748,872,2026,0
E00949,2022,22525000000,nonconsolidated,,,2026,4
E00949,2023,27068000000,nonconsolidated,,,2026,3
E00949,2024,31272000000,nonconsolidated,,,2026,2
E00949,2025,26232000000,nonconsolidated,,,2026,1
E00949,2026,22013000000,nonconsolidated,3968,1884,2026,0
E00952,2022,6182000000,consolidated,,,2026,4
E00952,2023,7723000000,consolidated,,,2026,3
E00952,2024,10296000000,consolidated,,,2026,2
E00952,2025,9417000000,consolidated,,,2026,1
E00952,2026,7704000000,consolidated,1887,1016,2026,0
E00953,2022,1996000000,nonconsolidated,,,2026,4
E00953,2023,2215000000,nonconsolidated,,,2026,3
E00953,2024,1868000000,nonconsolidated,,,2026,2
E00953,2025,3780000000,nonconsolidated,,,2026,1
E00953,2026,2349000000,nonconsolidated,,1374,2026,0
E00957,2022,1022000000,consolidated,,,2026,4
E00957,2023,58000000,consolidated,,,2026,3
E00957,2024,-219000000,consolidated,,,2026,2
E00957,2025,443000000,consolidated,,,2026,1
E00957,2026,227000000,consolidated,878,331,2026,0
E00959,2022,-488072000,consolidated,,,2026,4
E00959,2023,-1104678000,consolidated,,,2026,3
E00959,2024,274243000,consolidated,,,2026,2
E00959,2025,29058000,consolidated,,,2026,1
E00959,2026,249565000,consolidated,709,694,2026,0
E00961,2022,8508000000,consolidated,,,2026,4
E00961,2023,7568000000,consolidated,,,2026,3
E00961,2024,3568000000,consolidated,,,2026,2
E00961,2025,3198000000,consolidated,,,2026,1
E00961,2026,2844000000,consolidated,696,696,2026,0
E00962,2022,562000000,consolidated,,,2026,4
E00962,2023,598000000,consolidated,,,2026,3
E00962,2024,6142000000,consolidated,,,2026,2
E00962,2025,6974000000,consolidated,,,2026,1
E00962,2026,-1162000000,consolidated,1786,1297,2026,0
E00965,2022,9125818000,consolidated,,,2026,4
E00965,2023,8759271000,consolidated,,,2026,3
E00965,2024,9146962000,consolidated,,,2026,2
E00965,2025,2938933000,consolidated,,,2026,1
E00965,2026,-353393000,consolidated,1080,1033,2026,0
E00967,2022,47422000000,consolidated,,,2026,4
E00967,2023,22010000000,consolidated,,,2026,3
E00967,2024,-7241000000,consolidated,,,2026,2
E00967,2025,4742000000,consolidated,,,2026,1
E00967,2026,2834000000,consolidated,5157,351,2026,0
E00970,2022,5395000000,consolidated,,,2026,4
E00970,2023,3069000000,consolidated,,,2026,3
E00970,2024,1691000000,consolidated,,,2026,2
E00970,2025,1933000000,consolidated,,,2026,1
E00970,2026,1679000000,consolidated,1142,694,2026,0
E00973,2022,20512000000,consolidated,,,2026,4
E00973,2023,5418000000,consolidated,,,2026,3
E00973,2024,7264000000,consolidated,,,2026,2
E00973,2025,-7046000000,consolidated,,,2026,1
E00973,2026,1165000000,consolidated,985,937,2026,0
E00974,2022,22739000000,consolidated,,,2026,4
E00974,2023,5141000000,consolidated,,,2026,3
E00974,2024,24477000000,consolidated,,,2026,2
E00974,2025,26152000000,consolidated,,,2026,1
E00974,2026,28079000000,consolidated,4923,2899,2026,0
E00984,2022,47688000000,nonconsolidated,,,2026,4
E00984,2023,91615000000,nonconsolidated,,,2026,3
E00984,2024,182730000000,nonconsolidated,,,2026,2
E00984,2025,202008000000,nonconsolidated,,,2026,1
E00984,2026,519133000000,nonconsolidated,20171,8009,2026,0
E00985,2022,5569000000,consolidated,,,2026,4
E00985,2023,5827000000,consolidated,,,2026,3
E00985,2024,6822000000,consolidated,,,2026,2
E00985,2025,13219000000,consolidated,,,2026,1
E00985,2026,4031000000,consolidated,1982,1322,2026,0
E00988,2022,34482000000,nonconsolidated,,,2026,4
E00988,2023,16991000000,nonconsolidated,,,2026,3
E00988,2024,8572000000,nonconsolidated,,,2026,2
E00988,2025,5977000000,nonconsolidated,,,2026,1
E00988,2026,18927000000,nonconsolidated,73526,1198,2026,0
E00989,2022,16338000000,nonconsolidated,,,2026,4
E00989,2023,9059000000,nonconsolidated,,,2026,3
E00989,2024,8413000000,nonconsolidated,,,2026,2
E00989,2025,15423000000,nonconsolidated,,,2026,1
E00989,2026,7573000000,nonconsolidated,34363,3888,2026,0
E00993,2022,10165000000,consolidated,,,2026,4
E00993,2023,7958000000,consolidated,,,2026,3
E00993,2024,4707000000,consolidated,,,2026,2
E00993,2025,15311000000,consolidated,,,2026,1
E00993,2026,9511000000,consolidated,4443,1087,2026,0
E00994,2022,2285000000,consolidated,,,2026,4
E00994,2023,591000000,consolidated,,,2026,3
E00994,2024,2704000000,consolidated,,,2026,2
E00994,2025,1679000000,consolidated,,,2026,1
E00994,2026,1006000000,consolidated,1393,708,2026,0
E00995,2022,1244000000,consolidated,,,2026,4
E00995,2023,3640000000,consolidated,,,2026,3
E00995,2024,5240000000,consolidated,,,2026,2
E00995,2025,4665000000,consolidated,,,2026,1
E00995,2026,5733000000,consolidated,1940,920,2026,0
E00996,2022,1614438000,consolidated,,,2026,4
E00996,2023,1043028000,consolidated,,,2026,3
E00996,2024,1488363000,consolidated,,,2026,2
E00996,2025,2241803000,consolidated,,,2026,1
E00996,2026,2457891000,consolidated,1077,611,2026,0
E01000,2022,2561000000,consolidated,,,2026,4
E01000,2023,1748000000,consolidated,,,2026,3
E01000,2024,2201000000,consolidated,,,2026,2
E01000,2025,2681000000,consolidated,,,2026,1
E01000,2026,2442000000,consolidated,1271,778,2026,0
E01002,2022,41549000000,consolidated,,,2026,4
E01002,2023,-8745000000,consolidated,,,2026,3
E01002,2024,36333000000,consolidated,,,2026,2
E01002,2025,22369000000,consolidated,,,2026,1
E01002,2026,37506000000,consolidated,7968,2778,2026,0
E01007,2022,2541000000,consolidated,,,2026,4
E01007,2023,2315000000,consolidated,,,2026,3
E01007,2024,2798000000,consolidated,,,2026,2
E01007,2025,2520000000,consolidated,,,2026,1
E01007,2026,2262000000,consolidated,2529,241,2026,0
E01008,2022,11397000000,consolidated,,,2026,4
E01008,2023,9501000000,consolidated,,,2026,3
E01008,2024,6969000000,consolidated,,,2026,2
E01008,2025,5447000000,consolidated,,,2026,1
E01008,2026,6261000000,consolidated,1621,743,2026,0
E01014,2022,1751000000,consolidated,,,2026,4
E01014,2023,1291000000,consolidated,,,2026,3
E01014,2024,-732000000,consolidated,,,2026,2
E01014,2025,819000000,consolidated,,,2026,1
E01014,2026,894000000,consolidated,328,252,2026,0
E01018,2022,25904000000,consolidated,,,2026,4
E01018,2023,23453000000,consolidated,,,2026,3
E01018,2024,23493000000,consolidated,,,2026,2
E01018,2025,42446000000,consolidated,,,2026,1
E01018,2026,40036000000,consolidated,4923,2858,2026,0
E01019,2022,3481000000,consolidated,,,2026,4
E01019,2023,2730000000,consolidated,,,2026,3
E01019,2024,1930000000,consolidated,,,2026,2
E01019,2025,2084000000,consolidated,,,2026,1
E01019,2026,2416000000,consolidated,739,460,2026,0
E01020,2022,3433000000,consolidated,,,2026,4
E01020,2023,2541000000,consolidated,,,2026,3
E01020,2024,-275000000,consolidated,,,2026,2
E01020,2025,1330000000,consolidated,,,2026,1
E01020,2026,2996000000,consolidated,1691,119,2026,0
E01024,2022,1797282000,consolidated,,,2026,4
E01024,2023,1869962000,consolidated,,,2026,3
E01024,2024,4286030000,consolidated,,,2026,2
E01024,2025,3284860000,consolidated,,,2026,1
E01024,2026,3474579000,consolidated,1786,568,2026,0
E01032,2022,769544000,consolidated,,,2026,4
E01032,2023,2140256000,consolidated,,,2026,3
E01032,2024,2433267000,consolidated,,,2026,2
E01032,2025,2579401000,consolidated,,,2026,1
E01032,2026,2768871000,consolidated,2975,198,2026,0
E01035,2022,81713000,nonconsolidated,,,2026,4
E01035,2023,-21565000,nonconsolidated,,,2026,3
E01035,2024,187541000,nonconsolidated,,,2026,2
E01035,2025,420477000,nonconsolidated,,,2026,1
E01035,2026,192470000,nonconsolidated,,100,2026,0
E01045,2022,14606000000,consolidated,,,2026,4
E01045,2023,15832000000,consolidated,,,2026,3
E01045,2024,15871000000,consolidated,,,2026,2
E01045,2025,20041000000,consolidated,,,2026,1
E01045,2026,22085000000,consolidated,1528,284,2026,0
E01048,2022,3566000000,consolidated,,,2026,4
E01048,2023,-2687000000,consolidated,,,2026,3
E01048,2024,-2412000000,consolidated,,,2026,2
E01048,2025,854000000,consolidated,,,2026,1
E01048,2026,2390000000,consolidated,1684,806,2026,0
E01051,2022,4794000000,nonconsolidated,,,2026,4
E01051,2023,5122000000,nonconsolidated,,,2026,3
E01051,2024,3393000000,nonconsolidated,,,2026,2
E01051,2025,3997000000,nonconsolidated,,,2026,1
E01051,2026,3592000000,nonconsolidated,,972,2026,0
E01052,2022,973940000,consolidated,,,2026,4
E01052,2023,-236702000,consolidated,,,2026,3
E01052,2024,35583000,consolidated,,,2026,2
E01052,2025,90392000,consolidated,,,2026,1
E01052,2026,1021619000,consolidated,611,432,2026,0
E01055,2022,2744816000,consolidated,,,2026,4
E01055,2023,2169523000,consolidated,,,2026,3
E01055,2024,3909268000,consolidated,,,2026,2
E01055,2025,6339644000,consolidated,,,2026,1
E01055,2026,6239923000,consolidated,1097,348,2026,0
E01056,2022,15509619000,consolidated,,,2026,4
E01056,2023,19740097000,consolidated,,,2026,3
E01056,2024,11883083000,consolidated,,,2026,2
E01056,2025,16561893000,consolidated,,,2026,1
E01056,2026,19573370000,consolidated,956,623,2026,0
E01057,2022,3962347000,consolidated,,,2026,4
E01057,2023,3440953000,consolidated,,,2026,3
E01057,2024,3782741000,consolidated,,,2026,2
E01057,2025,4229091000,consolidated,,,2026,1
E01057,2026,4526393000,consolidated,839,206,2026,0
E01063,2022,-292579000,consolidated,,,2026,4
E01063,2023,-582623000,consolidated,,,2026,3
E01063,2024,-191493000,consolidated,,,2026,2
E01063,2025,608993000,consolidated,,,2026,1
E01063,2026,708204000,consolidated,523,370,2026,0
E01065,2022,9231000000,consolidated,,,2026,4
E01065,2023,9369000000,consolidated,,,2026,3
E01065,2024,8216000000,consolidated,,,2026,2
E01065,2025,10920000000,consolidated,,,2026,1
E01065,2026,12447000000,consolidated,567,250,2026,0
E01077,2022,9311000000,consolidated,,,2026,4
E01077,2023,8104000000,consolidated,,,2026,3
E01077,2024,6390000000,consolidated,,,2026,2
E01077,2025,7047000000,consolidated,,,2026,1
E01077,2026,6077000000,consolidated,1434,110,2026,0
E01078,2022,3934000000,consolidated,,,2026,4
E01078,2023,4246000000,consolidated,,,2026,3
E01078,2024,4489000000,consolidated,,,2026,2
E01078,2025,4937000000,consolidated,,,2026,1
E01078,2026,5497000000,consolidated,1208,458,2026,0
E01080,2022,1543000000,consolidated,,,2026,4
E01080,2023,1442000000,consolidated,,,2026,3
E01080,2024,4628000000,consolidated,,,2026,2
E01080,2025,6096000000,consolidated,,,2026,1
E01080,2026,5671000000,consolidated,862,362,2026,0
E01081,2022,72192000000,nonconsolidated,,,2026,4
E01081,2023,72156000000,nonconsolidated,,,2026,3
E01081,2024,115437000000,nonconsolidated,,,2026,2
E01081,2025,55754000000,nonconsolidated,,,2026,1
E01081,2026,108234000000,nonconsolidated,10450,3250,2026,0
E01084,2022,459275000000,consolidated,,,2026,4
E01084,2023,321525000000,consolidated,,,2026,3
E01084,2024,385246000000,consolidated,,,2026,2
E01084,2025,214764000000,consolidated,,,2026,1
E01084,2026,229646000000,consolidated,14392,5120,2026,0
E01092,2022,4901000000,nonconsolidated,,,2026,4
E01092,2023,6723000000,nonconsolidated,,,2026,3
E01092,2024,8519000000,nonconsolidated,,,2026,2
E01092,2025,7039000000,nonconsolidated,,,2026,1
E01092,2026,8242000000,nonconsolidated,4159,1329,2026,0
E01094,2022,4644299000,consolidated,,,2026,4
E01094,2023,5125514000,consolidated,,,2026,3
E01094,2024,3873527000,consolidated,,,2026,2
E01094,2025,4855098000,consolidated,,,2026,1
E01094,2026,5104379000,consolidated,2252,743,2026,0
E01095,2022,1466336000,consolidated,,,2026,4
E01095,2023,1055718000,consolidated,,,2026,3
E01095,2024,389330000,consolidated,,,2026,2
E01095,2025,522789000,consolidated,,,2026,1
E01095,2026,587948000,consolidated,737,173,2026,0
E01096,2022,1595000000,consolidated,,,2026,4
E01096,2023,-117000000,consolidated,,,2026,3
E01096,2024,-171000000,consolidated,,,2026,2
E01096,2025,-220000000,consolidated,,,2026,1
E01096,2026,3919000000,consolidated,1596,1175,2026,0
E01097,2022,5801000000,nonconsolidated,,,2026,4
E01097,2023,9019000000,nonconsolidated,,,2026,3
E01097,2024,13935000000,nonconsolidated,,,2026,2
E01097,2025,28504000000,nonconsolidated,,,2026,1
E01097,2026,19313000000,nonconsolidated,25978,3472,2026,0
E01098,2022,8552000000,consolidated,,,2026,4
E01098,2023,10471000000,consolidated,,,2026,3
E01098,2024,9605000000,consolidated,,,2026,2
E01098,2025,9154000000,consolidated,,,2026,1
E01098,2026,10178000000,consolidated,4568,780,2026,0
E01100,2022,9310000000,consolidated,,,2026,4
E01100,2023,7922000000,consolidated,,,2026,3
E01100,2024,12087000000,consolidated,,,2026,2
E01100,2025,9764000000,consolidated,,,2026,1
E01100,2026,8595000000,consolidated,2593,1134,2026,0
E01103,2022,1370000000,consolidated,,,2026,4
E01103,2023,668000000,consolidated,,,2026,3
E01103,2024,1186000000,consolidated,,,2026,2
E01103,2025,950000000,consolidated,,,2026,1
E01103,2026,1441000000,consolidated,419,365,2026,0
E01107,2022,-150305000,consolidated,,,2026,4
E01107,2023,409003000,consolidated,,,2026,3
E01107,2024,1105971000,consolidated,,,2026,2
E01107,2025,653803000,consolidated,,,2026,1
E01107,2026,1188878000,consolidated,351,323,2026,0
E01108,2022,29045000000,nonconsolidated,,,2026,4
E01108,2023,28979000000,nonconsolidated,,,2026,3
E01108,2024,37631000000,nonconsolidated,,,2026,2
E01108,2025,38603000000,nonconsolidated,,,2026,1
E01108,2026,65189000000,nonconsolidated,41304,6657,2026,0
E01109,2022,486412000,consolidated,,,2026,4
E01109,2023,730006000,consolidated,,,2026,3
E01109,2024,382039000,consolidated,,,2026,2
E01109,2025,170908000,consolidated,,,2026,1
E01109,2026,337771000,consolidated,253,247,2026,0
E01111,2022,13193000000,consolidated,,,2026,4
E01111,2023,12900000000,consolidated,,,2026,3
E01111,2024,12007000000,consolidated,,,2026,2
E01111,2025,14601000000,consolidated,,,2026,1
E01111,2026,14810000000,consolidated,2993,1104,2026,0
E01112,2022,3598000000,consolidated,,,2026,4
E01112,2023,1332000000,consolidated,,,2026,3
E01112,2024,8920000000,consolidated,,,2026,2
E01112,2025,7617000000,consolidated,,,2026,1
E01112,2026,11189000000,consolidated,6294,1384,2026,0
E01113,2022,2522000000,consolidated,,,2026,4
E01113,2023,3139000000,consolidated,,,2026,3
E01113,2024,4094000000,consolidated,,,2026,2
E01113,2025,4569000000,consolidated,,,2026,1
E01113,2026,3864000000,consolidated,4401,1167,2026,0
E01115,2022,313083000,consolidated,,,2026,4
E01115,2023,194808000,consolidated,,,2026,3
E01115,2024,195084000,consolidated,,,2026,2
E01115,2025,31187000,consolidated,,,2026,1
E01115,2026,189527000,consolidated,538,335,2026,0
E01118,2022,299000000,consolidated,,,2026,4
E01118,2023,401000000,consolidated,,,2026,3
E01118,2024,536000000,consolidated,,,2026,2
E01118,2025,497000000,consolidated,,,2026,1
E01118,2026,-215000000,consolidated,790,170,2026,0
E01120,2022,1776000000,consolidated,,,2026,4
E01120,2023,1553000000,consolidated,,,2026,3
E01120,2024,3740000000,consolidated,,,2026,2
E01120,2025,3615000000,consolidated,,,2026,1
E01120,2026,4206000000,consolidated,630,466,2026,0
E01121,2022,-3808000000,nonconsolidated,,,2026,4
E01121,2023,12349000000,nonconsolidated,,,2026,3
E01121,2024,756000000,nonconsolidated,,,2026,2
E01121,2025,2995000000,nonconsolidated,,,2026,1
E01121,2026,-1761000000,nonconsolidated,24838,1847,2026,0
E01123,2022,2791000000,consolidated,,,2026,4
E01123,2023,2317000000,consolidated,,,2026,3
E01123,2024,5362000000,consolidated,,,2026,2
E01123,2025,3713000000,consolidated,,,2026,1
E01123,2026,3882000000,consolidated,1880,401,2026,0
E01124,2022,221795000000,nonconsolidated,,,2026,4
E01124,2023,201506000000,nonconsolidated,,,2026,3
E01124,2024,65034000000,nonconsolidated,,,2026,2
E01124,2025,359356000000,nonconsolidated,,,2026,1
E01124,2026,286657000000,nonconsolidated,37752,3313,2026,0
E01126,2022,-4652000000,consolidated,,,2026,4
E01126,2023,-2957000000,consolidated,,,2026,3
E01126,2024,6059000000,consolidated,,,2026,2
E01126,2025,3215000000,consolidated,,,2026,1
E01126,2026,4388000000,consolidated,1884,773,2026,0
E01127,2022,9834000000,consolidated,,,2026,4
E01127,2023,-7849000000,consolidated,,,2026,3
E01127,2024,8476000000,consolidated,,,2026,2
E01127,2025,9367000000,consolidated,,,2026,1
E01127,2026,14405000000,consolidated,3045,1364,2026,0
E01130,2022,50194000000,consolidated,,,2026,4
E01130,2023,1016000000,consolidated,,,2026,3
E01130,2024,59473000000,consolidated,,,2026,2
E01130,2025,75374000000,consolidated,,,2026,1
E01130,2026,75087000000,consolidated,12626,1783,2026,0
E01131,2022,314615000,consolidated,,,2026,4
E01131,2023,147818000,consolidated,,,2026,3
E01131,2024,323309000,consolidated,,,2026,2
E01131,2025,492054000,consolidated,,,2026,1
E01131,2026,493989000,consolidated,259,183,2026,0
E01135,2022,-62000000,consolidated,,,2026,4
E01135,2023,-169000000,consolidated,,,2026,3
E01135,2024,188000000,consolidated,,,2026,2
E01135,2025,361000000,consolidated,,,2026,1
E01135,2026,741000000,consolidated,571,570,2026,0
E01136,2022,54719000000,nonconsolidated,,,2026,4
E01136,2023,63408000000,nonconsolidated,,,2026,3
E01136,2024,82332000000,nonconsolidated,,,2026,2
E01136,2025,113516000000,nonconsolidated,,,2026,1
E01136,2026,121994000000,nonconsolidated,15698,3208,2026,0
E01137,2022,86248000000,consolidated,,,2026,4
E01137,2023,65887000000,consolidated,,,2026,3
E01137,2024,63042000000,consolidated,,,2026,2
E01137,2025,78249000000,consolidated,,,2026,1
E01137,2026,95202000000,consolidated,19869,5024,2026,0
E01138,2022,56870000000,consolidated,,,2026,4
E01138,2023,54760000000,consolidated,,,2026,3
E01138,2024,51515000000,consolidated,,,2026,2
E01138,2025,50369000000,consolidated,,,2026,1
E01138,2026,60689000000,consolidated,30324,7758,2026,0
E01139,2022,12509000000,consolidated,,,2026,4
E01139,2023,12405000000,consolidated,,,2026,3
E01139,2024,14643000000,consolidated,,,2026,2
E01139,2025,14028000000,consolidated,,,2026,1
E01139,2026,15194000000,consolidated,4901,1722,2026,0
E01142,2022,1555508000,consolidated,,,2026,4
E01142,2023,97030000,consolidated,,,2026,3
E01142,2024,2242981000,consolidated,,,2026,2
E01142,2025,1452846000,consolidated,,,2026,1
E01142,2026,1283622000,consolidated,1351,375,2026,0
E01143,2022,480209000,nonconsolidated,,,2026,4
E01143,2023,430801000,nonconsolidated,,,2026,3
E01143,2024,467571000,nonconsolidated,,,2026,2
E01143,2025,610845000,nonconsolidated,,,2026,1
E01143,2026,676480000,nonconsolidated,,188,2026,0
E01146,2022,10716000000,consolidated,,,2026,4
E01146,2023,11457000000,consolidated,,,2026,3
E01146,2024,14903000000,consolidated,,,2026,2
E01146,2025,13655000000,consolidated,,,2026,1
E01146,2026,15986000000,consolidated,9089,1301,2026,0
E01147,2022,4123000000,consolidated,,,2026,4
E01147,2023,4143000000,consolidated,,,2026,3
E01147,2024,3704000000,consolidated,,,2026,2
E01147,2025,3640000000,consolidated,,,2026,1
E01147,2026,3770000000,consolidated,537,518,2026,0
E01149,2022,3555000000,consolidated,,,2026,4
E01149,2023,3797000000,consolidated,,,2026,3
E01149,2024,4051000000,consolidated,,,2026,2
E01149,2025,5032000000,consolidated,,,2026,1
E01149,2026,4268000000,consolidated,927,400,2026,0
E01151,2022,30572000000,consolidated,,,2026,4
E01151,2023,33082000000,consolidated,,,2026,3
E01151,2024,38787000000,consolidated,,,2026,2
E01151,2025,41693000000,consolidated,,,2026,1
E01151,2026,39377000000,consolidated,6424,1930,2026,0
E01152,2022,4204000000,consolidated,,,2026,4
E01152,2023,2717000000,consolidated,,,2026,3
E01152,2024,1488000000,consolidated,,,2026,2
E01152,2025,5267000000,consolidated,,,2026,1
E01152,2026,6157000000,consolidated,1583,641,2026,0
E01157,2022,2526557000,consolidated,,,2026,4
E01157,2023,2102023000,consolidated,,,2026,3
E01157,2024,2391751000,consolidated,,,2026,2
E01157,2025,3049872000,consolidated,,,2026,1
E01157,2026,3799454000,consolidated,701,458,2026,0
E01161,2022,6647000000,consolidated,,,2026,4
E01161,2023,5629000000,consolidated,,,2026,3
E01161,2024,7743000000,consolidated,,,2026,2
E01161,2025,12252000000,consolidated,,,2026,1
E01161,2026,12717000000,consolidated,1624,1156,2026,0
E01163,2022,1563000000,consolidated,,,2026,4
E01163,2023,1453000000,consolidated,,,2026,3
E01163,2024,2403000000,consolidated,,,2026,2
E01163,2025,1885000000,consolidated,,,2026,1
E01163,2026,1614000000,consolidated,1001,217,2026,0
E01164,2022,7193000000,consolidated,,,2026,4
E01164,2023,9029000000,consolidated,,,2026,3
E01164,2024,7399000000,consolidated,,,2026,2
E01164,2025,5999000000,consolidated,,,2026,1
E01164,2026,7012000000,consolidated,1582,424,2026,0
E01166,2022,1987757000,consolidated,,,2026,4
E01166,2023,1147612000,consolidated,,,2026,3
E01166,2024,1938688000,consolidated,,,2026,2
E01166,2025,1838651000,consolidated,,,2026,1
E01166,2026,2166680000,consolidated,332,311,2026,0
E01169,2022,8373000000,consolidated,,,2026,4
E01169,2023,10900000000,consolidated,,,2026,3
E01169,2024,13417000000,consolidated,,,2026,2
E01169,2025,14948000000,consolidated,,,2026,1
E01169,2026,18923000000,consolidated,1095,359,2026,0
E01172,2022,479863000,consolidated,,,2026,4
E01172,2023,835224000,consolidated,,,2026,3
E01172,2024,719537000,consolidated,,,2026,2
E01172,2025,571186000,consolidated,,,2026,1
E01172,2026,801350000,consolidated,216,163,2026,0
E01173,2022,3779000000,consolidated,,,2026,4
E01173,2023,7610000000,consolidated,,,2026,3
E01173,2024,11555000000,consolidated,,,2026,2
E01173,2025,7716000000,consolidated,,,2026,1
E01173,2026,5683000000,consolidated,282,279,2026,0
E01177,2022,87307000,consolidated,,,2026,4
E01177,2023,-134785000,consolidated,,,2026,3
E01177,2024,-259987000,consolidated,,,2026,2
E01177,2025,-82328000,consolidated,,,2026,1
E01177,2026,-48533000,consolidated,153,139,2026,0
E01180,2022,945813000,consolidated,,,2026,4
E01180,2023,1528238000,consolidated,,,2026,3
E01180,2024,1469505000,consolidated,,,2026,2
E01180,2025,1680047000,consolidated,,,2026,1
E01180,2026,1689024000,consolidated,346,279,2026,0
E01182,2022,147160000000,nonconsolidated,,,2026,4
E01182,2023,136878000000,nonconsolidated,,,2026,3
E01182,2024,91203000000,nonconsolidated,,,2026,2
E01182,2025,59507000000,nonconsolidated,,,2026,1
E01182,2026,115240000000,nonconsolidated,73856,19667,2026,0
E01183,2022,3658000000,consolidated,,,2026,4
E01183,2023,4238000000,consolidated,,,2026,3
E01183,2024,5118000000,consolidated,,,2026,2
E01183,2025,5523000000,consolidated,,,2026,1
E01183,2026,5859000000,consolidated,1462,536,2026,0
E01188,2022,1027914000,nonconsolidated,,,2026,4
E01188,2023,1177302000,nonconsolidated,,,2026,3
E01188,2024,992217000,nonconsolidated,,,2026,2
E01188,2025,719756000,nonconsolidated,,,2026,1
E01188,2026,1145829000,nonconsolidated,,279,2026,0
E01195,2022,1913649000,consolidated,,,2026,4
E01195,2023,1373826000,consolidated,,,2026,3
E01195,2024,1644892000,consolidated,,,2026,2
E01195,2025,1583284000,consolidated,,,2026,1
E01195,2026,1954640000,consolidated,277,228,2026,0
E01200,2022,420042000,consolidated,,,2026,4
E01200,2023,323987000,consolidated,,,2026,3
E01200,2024,464224000,consolidated,,,2026,2
E01200,2025,640500000,consolidated,,,2026,1
E01200,2026,822900000,consolidated,431,325,2026,0
E01204,2022,189690000,nonconsolidated,,,2026,4
E01204,2023,-104982000,nonconsolidated,,,2026,3
E01204,2024,199845000,nonconsolidated,,,2026,2
E01204,2025,455468000,nonconsolidated,,,2026,1
E01204,2026,302037000,nonconsolidated,,321,2026,0
E01206,2022,2214276000,consolidated,,,2026,4
E01206,2023,1543255000,consolidated,,,2026,3
E01206,2024,1852016000,consolidated,,,2026,2
E01206,2025,1580752000,consolidated,,,2026,1
E01206,2026,2104625000,consolidated,467,320,2026,0
E01207,2022,12490000000,consolidated,,,2026,4
E01207,2023,13595000000,consolidated,,,2026,3
E01207,2024,8958000000,consolidated,,,2026,2
E01207,2025,12251000000,consolidated,,,2026,1
E01207,2026,14169000000,consolidated,1305,911,2026,0
E01210,2022,19182000000,consolidated,,,2026,4
E01210,2023,21187000000,consolidated,,,2026,3
E01210,2024,21121000000,consolidated,,,2026,2
E01210,2025,27033000000,consolidated,,,2026,1
E01210,2026,26321000000,consolidated,1322,690,2026,0
E01211,2022,2340081000,consolidated,,,2026,4
E01211,2023,2105323000,consolidated,,,2026,3
E01211,2024,2647565000,consolidated,,,2026,2
E01211,2025,3675834000,consolidated,,,2026,1
E01211,2026,3514540000,consolidated,811,,2026,0
E01212,2022,537803000,consolidated,,,2026,4
E01212,2023,830559000,consolidated,,,2026,3
E01212,2024,1834724000,consolidated,,,2026,2
E01212,2025,2733232000,consolidated,,,2026,1
E01212,2026,2945095000,consolidated,610,543,2026,0
E01216,2022,58295000,nonconsolidated,,,2026,4
E01216,2023,176225000,nonconsolidated,,,2026,3
E01216,2024,101020000,nonconsolidated,,,2026,2
E01216,2025,198156000,nonconsolidated,,,2026,1
E01216,2026,334589000,nonconsolidated,,124,2026,0
E01218,2022,1613270000,consolidated,,,2026,4
E01218,2023,426333000,consolidated,,,2026,3
E01218,2024,-186071000,consolidated,,,2026,2
E01218,2025,855401000,consolidated,,,2026,1
E01218,2026,613870000,consolidated,497,393,2026,0
E01221,2022,159759000,consolidated,,,2026,4
E01221,2023,146186000,consolidated,,,2026,3
E01221,2024,146280000,consolidated,,,2026,2
E01221,2025,84722000,consolidated,,,2026,1
E01221,2026,-82526000,consolidated,232,153,2026,0
E01225,2022,536792000000,nonconsolidated,,,2026,4
E01225,2023,527162000000,nonconsolidated,,,2026,3
E01225,2024,453113000000,nonconsolidated,,,2026,2
E01225,2025,294242000000,nonconsolidated,,,2026,1
E01225,2026,177904000000,nonconsolidated,138453,32102,2026,0
E01229,2022,6654000000,consolidated,,,2026,4
E01229,2023,13371000000,consolidated,,,2026,3
E01229,2024,12244000000,consolidated,,,2026,2
E01229,2025,8119000000,consolidated,,,2026,1
E01229,2026,4806000000,consolidated,1285,850,2026,0
E01230,2022,-1401000000,consolidated,,,2026,4
E01230,2023,8043000000,consolidated,,,2026,3
E01230,2024,10462000000,consolidated,,,2026,2
E01230,2025,6246000000,consolidated,,,2026,1
E01230,2026,8618000000,consolidated,5290,1799,2026,0
E01231,2022,93233000000,consolidated,,,2026,4
E01231,2023,106837000000,consolidated,,,2026,3
E01231,2024,160923000000,consolidated,,,2026,2
E01231,2025,157192000000,consolidated,,,2026,1
E01231,2026,121336000000,consolidated,38614,12253,2026,0
E01232,2022,16772000000,consolidated,,,2026,4
E01232,2023,14958000000,consolidated,,,2026,3
E01232,2024,19945000000,consolidated,,,2026,2
E01232,2025,23495000000,consolidated,,,2026,1
E01232,2026,26051000000,consolidated,5419,2028,2026,0
E01233,2022,5780000000,consolidated,,,2026,4
E01233,2023,3743000000,consolidated,,,2026,3
E01233,2024,1949000000,consolidated,,,2026,2
E01233,2025,4854000000,consolidated,,,2026,1
E01233,2026,4017000000,consolidated,3864,695,2026,0
E01234,2022,3508000000,consolidated,,,2026,4
E01234,2023,1082000000,nonconsolidated,,,2026,3
E01234,2024,9410000000,nonconsolidated,,,2026,2
E01234,2025,13233000000,nonconsolidated,,,2026,1
E01234,2026,14039000000,nonconsolidated,4427,2525,2026,0
E01235,2022,-1252000000,consolidated,,,2026,4
E01235,2023,15867000000,consolidated,,,2026,3
E01235,2024,20301000000,consolidated,,,2026,2
E01235,2025,15422000000,consolidated,,,2026,1
E01235,2026,11089000000,consolidated,2168,772,2026,0
E01236,2022,814000000,consolidated,,,2026,4
E01236,2023,701000000,consolidated,,,2026,3
E01236,2024,1277000000,consolidated,,,2026,2
E01236,2025,387000000,consolidated,,,2026,1
E01236,2026,584000000,nonconsolidated,,285,2026,0
E01239,2022,39200000000,consolidated,,,2026,4
E01239,2023,48122000000,consolidated,,,2026,3
E01239,2024,45031000000,consolidated,,,2026,2
E01239,2025,36674000000,nonconsolidated,,,2026,1
E01239,2026,29740000000,nonconsolidated,12729,3370,2026,0
E01242,2022,12807000000,consolidated,,,2026,4
E01242,2023,27738000000,consolidated,,,2026,3
E01242,2024,19128000000,consolidated,,,2026,2
E01242,2025,16200000000,consolidated,,,2026,1
E01242,2026,9657000000,consolidated,2093,1166,2026,0
E01245,2022,2142776000,consolidated,,,2026,4
E01245,2023,1424051000,consolidated,,,2026,3
E01245,2024,1384054000,consolidated,,,2026,2
E01245,2025,1372465000,consolidated,,,2026,1
E01245,2026,1610037000,consolidated,572,371,2026,0
E01247,2022,17916000000,consolidated,,,2026,4
E01247,2023,17686000000,consolidated,,,2026,3
E01247,2024,15202000000,consolidated,,,2026,2
E01247,2025,21551000000,consolidated,,,2026,1
E01247,2026,17517000000,consolidated,2377,1228,2026,0
E01251,2022,5525000000,consolidated,,,2026,4
E01251,2023,12328000000,consolidated,,,2026,3
E01251,2024,10228000000,consolidated,,,2026,2
E01251,2025,2599000000,consolidated,,,2026,1
E01251,2026,1113000000,consolidated,521,379,2026,0
E01253,2022,38458000000,consolidated,,,2026,4
E01253,2023,34416000000,consolidated,,,2026,3
E01253,2024,38355000000,consolidated,,,2026,2
E01253,2025,26646000000,consolidated,,,2026,1
E01253,2026,34248000000,consolidated,2599,586,2026,0
E01254,2022,12999000000,consolidated,,,2026,4
E01254,2023,-4960000000,consolidated,,,2026,3
E01254,2024,-2119000000,consolidated,,,2026,2
E01254,2025,-1622000000,consolidated,,,2026,1
E01254,2026,3323000000,consolidated,425,384,2026,0
E01259,2022,57646000000,consolidated,,,2026,4
E01259,2023,90494000000,consolidated,,,2026,3
E01259,2024,99223000000,consolidated,,,2026,2
E01259,2025,54402000000,consolidated,,,2026,1
E01259,2026,65235000000,consolidated,2463,130,2026,0
E01260,2022,-697797000,consolidated,,,2026,4
E01260,2023,1132483000,consolidated,,,2026,3
E01260,2024,656821000,consolidated,,,2026,2
E01260,2025,796521000,consolidated,,,2026,1
E01260,2026,-201030000,consolidated,483,387,2026,0
E01262,2022,3958000000,consolidated,,,2026,4
E01262,2023,6384000000,consolidated,,,2026,3
E01262,2024,6304000000,consolidated,,,2026,2
E01262,2025,4911000000,consolidated,,,2026,1
E01262,2026,33000000,consolidated,1074,600,2026,0
E01266,2022,10549000000,consolidated,,,2026,4
E01266,2023,14671000000,consolidated,,,2026,3
E01266,2024,21034000000,consolidated,,,2026,2
E01266,2025,15745000000,consolidated,,,2026,1
E01266,2026,16211000000,consolidated,4068,1007,2026,0
E01268,2022,4179000000,consolidated,,,2026,4
E01268,2023,6868000000,consolidated,,,2026,3
E01268,2024,7816000000,consolidated,,,2026,2
E01268,2025,8477000000,consolidated,,,2026,1
E01268,2026,8319000000,consolidated,2238,1380,2026,0
E01269,2022,89000000,consolidated,,,2026,4
E01269,2023,716000000,consolidated,,,2026,3
E01269,2024,714000000,consolidated,,,2026,2
E01269,2025,1132000000,consolidated,,,2026,1
E01269,2026,669000000,consolidated,766,479,2026,0
E01275,2022,807000000,consolidated,,,2026,4
E01275,2023,779000000,consolidated,,,2026,3
E01275,2024,395000000,consolidated,,,2026,2
E01275,2025,521000000,consolidated,,,2026,1
E01275,2026,573000000,consolidated,152,130,2026,0
E01276,2022,1337000000,consolidated,,,2026,4
E01276,2023,1283000000,consolidated,,,2026,3
E01276,2024,-1261000000,consolidated,,,2026,2
E01276,2025,-474000000,consolidated,,,2026,1
E01276,2026,483000000,consolidated,787,524,2026,0
E01277,2022,-12802000,nonconsolidated,,,2026,4
E01277,2023,45708000,nonconsolidated,,,2026,3
E01277,2024,254544000,nonconsolidated,,,2026,2
E01277,2025,-330224000,nonconsolidated,,,2026,1
E01277,2026,-37842000,nonconsolidated,,136,2026,0
E01280,2022,4599000000,consolidated,,,2026,4
E01280,2023,4317000000,consolidated,,,2026,3
E01280,2024,3699000000,consolidated,,,2026,2
E01280,2025,4585000000,consolidated,,,2026,1
E01280,2026,3241000000,consolidated,815,594,2026,0
E01282,2022,875000000,consolidated,,,2026,4
E01282,2023,1044000000,consolidated,,,2026,3
E01282,2024,1066000000,consolidated,,,2026,2
E01282,2025,1235000000,consolidated,,,2026,1
E01282,2026,660000000,consolidated,927,757,2026,0
E01283,2022,417000000,consolidated,,,2026,4
E01283,2023,576000000,consolidated,,,2026,3
E01283,2024,896000000,consolidated,,,2026,2
E01283,2025,267000000,consolidated,,,2026,1
E01283,2026,215000000,consolidated,389,310,2026,0
E01284,2022,1081609000,consolidated,,,2026,4
E01284,2023,790835000,consolidated,,,2026,3
E01284,2024,1326596000,consolidated,,,2026,2
E01284,2025,2223041000,consolidated,,,2026,1
E01284,2026,2457902000,consolidated,970,537,2026,0
E01287,2022,2620180000,consolidated,,,2026,4
E01287,2023,2289124000,consolidated,,,2026,3
E01287,2024,2124759000,consolidated,,,2026,2
E01287,2025,2140270000,consolidated,,,2026,1
E01287,2026,2229299000,consolidated,827,354,2026,0
E01292,2022,-644000000,consolidated,,,2026,4
E01292,2023,4944000000,consolidated,,,2026,3
E01292,2024,11412000000,consolidated,,,2026,2
E01292,2025,15059000000,consolidated,,,2026,1
E01292,2026,12040000000,consolidated,815,607,2026,0
E01294,2022,1135262000,consolidated,,,2026,4
E01294,2023,741481000,consolidated,,,2026,3
E01294,2024,478163000,consolidated,,,2026,2
E01294,2025,376512000,consolidated,,,2026,1
E01294,2026,585823000,consolidated,262,227,2026,0
E01296,2022,1165283000,consolidated,,,2026,4
E01296,2023,1041586000,consolidated,,,2026,3
E01296,2024,653741000,consolidated,,,2026,2
E01296,2025,725518000,consolidated,,,2026,1
E01296,2026,966387000,consolidated,301,194,2026,0
E01298,2022,1992261000,consolidated,,,2026,4
E01298,2023,1376215000,consolidated,,,2026,3
E01298,2024,1373969000,consolidated,,,2026,2
E01298,2025,885924000,consolidated,,,2026,1
E01298,2026,591866000,consolidated,559,198,2026,0
E01303,2022,-2032000000,consolidated,,,2026,4
E01303,2023,94000000,consolidated,,,2026,3
E01303,2024,2574000000,consolidated,,,2026,2
E01303,2025,3044000000,consolidated,,,2026,1
E01303,2026,2865000000,consolidated,5190,845,2026,0
E01308,2022,9353000000,consolidated,,,2026,4
E01308,2023,3137000000,consolidated,,,2026,3
E01308,2024,-10727000000,consolidated,,,2026,2
E01308,2025,3689000000,consolidated,,,2026,1
E01308,2026,5678000000,consolidated,663,329,2026,0
E01315,2022,6148000000,consolidated,,,2026,4
E01315,2023,7177000000,consolidated,,,2026,3
E01315,2024,6393000000,consolidated,,,2026,2
E01315,2025,5722000000,consolidated,,,2026,1
E01315,2026,4879000000,consolidated,695,523,2026,0
E01317,2022,27770000000,nonconsolidated,,,2026,4
E01317,2023,-3666000000,nonconsolidated,,,2026,3
E01317,2024,13458000000,nonconsolidated,,,2026,2
E01317,2025,12975000000,nonconsolidated,,,2026,1
E01317,2026,19567000000,nonconsolidated,48073,15128,2026,0
E01318,2022,20665000000,consolidated,,,2026,4
E01318,2023,13890000000,consolidated,,,2026,3
E01318,2024,4167000000,consolidated,,,2026,2
E01318,2025,3749000000,consolidated,,,2026,1
E01318,2026,5620000000,consolidated,1275,326,2026,0
E01320,2022,400386000,nonconsolidated,,,2026,4
E01320,2023,340900000,nonconsolidated,,,2026,3
E01320,2024,99031000,nonconsolidated,,,2026,2
E01320,2025,-70403000,nonconsolidated,,,2026,1
E01320,2026,162274000,nonconsolidated,,331,2026,0
E01321,2022,6571000000,consolidated,,,2026,4
E01321,2023,8655000000,consolidated,,,2026,3
E01321,2024,6094000000,consolidated,,,2026,2
E01321,2025,8383000000,consolidated,,,2026,1
E01321,2026,5636000000,consolidated,1015,,2026,0
E01324,2022,11977000000,consolidated,,,2026,4
E01324,2023,9950000000,consolidated,,,2026,3
E01324,2024,8342000000,consolidated,,,2026,2
E01324,2025,6902000000,consolidated,,,2026,1
E01324,2026,4711000000,consolidated,1235,994,2026,0
E01327,2022,-1719000000,nonconsolidated,,,2026,4
E01327,2023,4723000000,nonconsolidated,,,2026,3
E01327,2024,9360000000,nonconsolidated,,,2026,2
E01327,2025,9076000000,nonconsolidated,,,2026,1
E01327,2026,6434000000,nonconsolidated,,742,2026,0
E01330,2022,52286000000,consolidated,,,2026,4
E01330,2023,8732000000,consolidated,,,2026,3
E01330,2024,19938000000,consolidated,,,2026,2
E01330,2025,8862000000,nonconsolidated,,,2026,1
E01330,2026,10546000000,nonconsolidated,10183,3943,2026,0
E01331,2022,267925000,consolidated,,,2026,4
E01331,2023,-93232000,consolidated,,,2026,3
E01331,2024,-482079000,nonconsolidated,,,2026,2
E01331,2025,222669000,nonconsolidated,,,2026,1
E01331,2026,5075000,nonconsolidated,,189,2026,0
E01332,2022,19666000000,consolidated,,,2026,4
E01332,2023,17258000000,consolidated,,,2026,3
E01332,2024,10267000000,consolidated,,,2026,2
E01332,2025,48506000000,consolidated,,,2026,1
E01332,2026,75858000000,consolidated,49112,4009,2026,0
E01333,2022,138160000000,consolidated,,,2026,4
E01333,2023,173348000000,consolidated,,,2026,3
E01333,2024,215341000000,consolidated,,,2026,2
E01333,2025,309496000000,consolidated,,,2026,1
E01333,2026,431274000000,consolidated,302972,7209,2026,0
E01334,2022,34089000000,consolidated,,,2026,4
E01334,2023,67897000000,consolidated,,,2026,3
E01334,2024,69733000000,consolidated,,,2026,2
E01334,2025,137240000000,consolidated,,,2026,1
E01334,2026,199481000000,consolidated,50586,2333,2026,0
E01336,2022,9882000000,consolidated,,,2026,4
E01336,2023,10393000000,consolidated,,,2026,3
E01336,2024,12213000000,consolidated,,,2026,2
E01336,2025,11272000000,consolidated,,,2026,1
E01336,2026,26130000000,consolidated,4813,1467,2026,0
E01351,2022,302006000,consolidated,,,2026,4
E01351,2023,204308000,consolidated,,,2026,3
E01351,2024,111153000,consolidated,,,2026,2
E01351,2025,154885000,consolidated,,,2026,1
E01351,2026,387818000,consolidated,326,165,2026,0
E01352,2022,2029000000,consolidated,,,2026,4
E01352,2023,3501000000,consolidated,,,2026,3
E01352,2024,2081000000,consolidated,,,2026,2
E01352,2025,2557000000,consolidated,,,2026,1
E01352,2026,4639000000,consolidated,2321,351,2026,0
E01353,2022,45712000000,consolidated,,,2026,4
E01353,2023,13770000000,consolidated,,,2026,3
E01353,2024,38740000000,consolidated,,,2026,2
E01353,2025,37182000000,consolidated,,,2026,1
E01353,2026,58270000000,consolidated,19067,533,2026,0
E01362,2022,1803000000,consolidated,,,2026,4
E01362,2023,481000000,consolidated,,,2026,3
E01362,2024,1305000000,consolidated,,,2026,2
E01362,2025,638000000,consolidated,,,2026,1
E01362,2026,817000000,consolidated,618,486,2026,0
E01364,2022,219000000,consolidated,,,2026,4
E01364,2023,825000000,consolidated,,,2026,3
E01364,2024,1219000000,consolidated,,,2026,2
E01364,2025,337000000,consolidated,,,2026,1
E01364,2026,1409000000,consolidated,488,312,2026,0
E01365,2022,2951768000,consolidated,,,2026,4
E01365,2023,2495246000,consolidated,,,2026,3
E01365,2024,2767921000,consolidated,,,2026,2
E01365,2025,2938925000,consolidated,,,2026,1
E01365,2026,3397654000,consolidated,464,352,2026,0
E01366,2022,142000000,consolidated,,,2026,4
E01366,2023,311000000,consolidated,,,2026,3
E01366,2024,282000000,consolidated,,,2026,2
E01366,2025,497000000,consolidated,,,2026,1
E01366,2026,446000000,consolidated,376,260,2026,0
E01367,2022,30674000000,consolidated,,,2026,4
E01367,2023,37317000000,consolidated,,,2026,3
E01367,2024,47814000000,consolidated,,,2026,2
E01367,2025,57960000000,consolidated,,,2026,1
E01367,2026,52189000000,consolidated,18121,5350,2026,0
E01372,2022,2274000000,consolidated,,,2026,4
E01372,2023,1255000000,consolidated,,,2026,3
E01372,2024,2144000000,consolidated,,,2026,2
E01372,2025,3071000000,consolidated,,,2026,1
E01372,2026,3425000000,consolidated,1169,692,2026,0
E01373,2022,937831000,nonconsolidated,,,2026,4
E01373,2023,491778000,nonconsolidated,,,2026,3
E01373,2024,1438245000,nonconsolidated,,,2026,2
E01373,2025,360342000,nonconsolidated,,,2026,1
E01373,2026,-301419000,nonconsolidated,,347,2026,0
E01378,2022,2021000000,consolidated,,,2026,4
E01378,2023,3653000000,consolidated,,,2026,3
E01378,2024,4753000000,consolidated,,,2026,2
E01378,2025,3875000000,consolidated,,,2026,1
E01378,2026,5136000000,consolidated,1430,537,2026,0
E01382,2022,17013000000,consolidated,,,2026,4
E01382,2023,16518000000,consolidated,,,2026,3
E01382,2024,37840000000,consolidated,,,2026,2
E01382,2025,27378000000,consolidated,,,2026,1
E01382,2026,35780000000,consolidated,6860,1575,2026,0
E01391,2022,318648000,nonconsolidated,,,2026,4
E01391,2023,295085000,nonconsolidated,,,2026,3
E01391,2024,370104000,nonconsolidated,,,2026,2
E01391,2025,336647000,nonconsolidated,,,2026,1
E01391,2026,346750000,nonconsolidated,,142,2026,0
E01393,2022,354749000,consolidated,,,2026,4
E01393,2023,585859000,consolidated,,,2026,3
E01393,2024,832868000,consolidated,,,2026,2
E01393,2025,170665000,consolidated,,,2026,1
E01393,2026,1343213000,consolidated,1913,363,2026,0
E01394,2022,3931000000,consolidated,,,2026,4
E01394,2023,4313000000,consolidated,,,2026,3
E01394,2024,3817000000,consolidated,,,2026,2
E01394,2025,4716000000,consolidated,,,2026,1
E01394,2026,5481000000,consolidated,518,390,2026,0
E01396,2022,636324000,consolidated,,,2026,4
E01396,2023,-1050671000,consolidated,,,2026,3
E01396,2024,369050000,consolidated,,,2026,2
E01396,2025,472830000,consolidated,,,2026,1
E01396,2026,754589000,consolidated,1958,725,2026,0
E01398,2022,423957000,consolidated,,,2026,4
E01398,2023,764246000,consolidated,,,2026,3
E01398,2024,1070862000,consolidated,,,2026,2
E01398,2025,908397000,consolidated,,,2026,1
E01398,2026,367933000,consolidated,382,345,2026,0
E01400,2022,4418000000,consolidated,,,2026,4
E01400,2023,3088000000,consolidated,,,2026,3
E01400,2024,2511000000,consolidated,,,2026,2
E01400,2025,2321000000,consolidated,,,2026,1
E01400,2026,2663000000,consolidated,1651,872,2026,0
E01402,2022,1022000000,consolidated,,,2026,4
E01402,2023,848000000,consolidated,,,2026,3
E01402,2024,-2692000000,consolidated,,,2026,2
E01402,2025,3156000000,consolidated,,,2026,1
E01402,2026,7484000000,consolidated,1897,493,2026,0
E01405,2022,3434998000,consolidated,,,2026,4
E01405,2023,1572162000,consolidated,,,2026,3
E01405,2024,3093744000,consolidated,,,2026,2
E01405,2025,5148687000,consolidated,,,2026,1
E01405,2026,4496481000,consolidated,3017,1218,2026,0
E01408,2022,220889000,consolidated,,,2026,4
E01408,2023,268023000,consolidated,,,2026,3
E01408,2024,323431000,consolidated,,,2026,2
E01408,2025,-476322000,consolidated,,,2026,1
E01408,2026,-283207000,consolidated,189,102,2026,0
E01409,2022,1084000000,consolidated,,,2026,4
E01409,2023,1988000000,consolidated,,,2026,3
E01409,2024,2669000000,consolidated,,,2026,2
E01409,2025,2286000000,consolidated,,,2026,1
E01409,2026,2041000000,consolidated,383,307,2026,0
E01411,2022,287340000,consolidated,,,2026,4
E01411,2023,-4395000,consolidated,,,2026,3
E01411,2024,441188000,consolidated,,,2026,2
E01411,2025,322608000,consolidated,,,2026,1
E01411,2026,630290000,consolidated,727,338,2026,0
E01413,2022,9081000000,consolidated,,,2026,4
E01413,2023,9992000000,consolidated,,,2026,3
E01413,2024,15941000000,consolidated,,,2026,2
E01413,2025,14777000000,consolidated,,,2026,1
E01413,2026,17626000000,consolidated,5546,2374,2026,0
E01414,2022,10811000000,consolidated,,,2026,4
E01414,2023,12277000000,consolidated,,,2026,3
E01414,2024,13799000000,consolidated,,,2026,2
E01414,2025,12024000000,consolidated,,,2026,1
E01414,2026,17170000000,consolidated,6188,1335,2026,0
E01415,2022,650221000,consolidated,,,2026,4
E01415,2023,813507000,consolidated,,,2026,3
E01415,2024,1367335000,consolidated,,,2026,2
E01415,2025,1210830000,consolidated,,,2026,1
E01415,2026,1179063000,consolidated,543,524,2026,0
E01417,2022,39060000000,consolidated,,,2026,4
E01417,2023,44565000000,consolidated,,,2026,3
E01417,2024,46071000000,consolidated,,,2026,2
E01417,2025,50323000000,consolidated,,,2026,1
E01417,2026,57686000000,consolidated,11328,3470,2026,0
E01420,2022,759440000,consolidated,,,2026,4
E01420,2023,826936000,consolidated,,,2026,3
E01420,2024,901642000,consolidated,,,2026,2
E01420,2025,944211000,consolidated,,,2026,1
E01420,2026,817566000,consolidated,248,205,2026,0
E01422,2022,1101000000,consolidated,,,2026,4
E01422,2023,960000000,consolidated,,,2026,3
E01422,2024,2186000000,consolidated,,,2026,2
E01422,2025,2742000000,consolidated,,,2026,1
E01422,2026,2796000000,consolidated,2814,891,2026,0
E01425,2022,182518000,nonconsolidated,,,2026,4
E01425,2023,257429000,nonconsolidated,,,2026,3
E01425,2024,426080000,nonconsolidated,,,2026,2
E01425,2025,477847000,nonconsolidated,,,2026,1
E01425,2026,380362000,nonconsolidated,,179,2026,0
E01426,2022,3085863000,consolidated,,,2026,4
E01426,2023,2345753000,consolidated,,,2026,3
E01426,2024,1738003000,consolidated,,,2026,2
E01426,2025,2099426000,consolidated,,,2026,1
E01426,2026,2190327000,consolidated,953,200,2026,0
E01427,2022,1543955000,nonconsolidated,,,2026,4
E01427,2023,1657322000,nonconsolidated,,,2026,3
E01427,2024,1294305000,nonconsolidated,,,2026,2
E01427,2025,1572099000,nonconsolidated,,,2026,1
E01427,2026,2081158000,nonconsolidated,,466,2026,0
E01428,2022,295642000,nonconsolidated,,,2026,4
E01428,2023,310574000,nonconsolidated,,,2026,3
E01428,2024,256940000,nonconsolidated,,,2026,2
E01428,2025,257058000,nonconsolidated,,,2026,1
E01428,2026,248629000,nonconsolidated,,257,2026,0
E01430,2022,1126032000,consolidated,,,2026,4
E01430,2023,3568875000,consolidated,,,2026,3
E01430,2024,2879727000,consolidated,,,2026,2
E01430,2025,2678027000,consolidated,,,2026,1
E01430,2026,2777013000,consolidated,1471,766,2026,0
E01434,2022,2440210000,consolidated,,,2026,4
E01434,2023,2615225000,consolidated,,,2026,3
E01434,2024,2866914000,consolidated,,,2026,2
E01434,2025,3072600000,consolidated,,,2026,1
E01434,2026,3074578000,consolidated,1022,620,2026,0
E01437,2022,1934487000,consolidated,,,2026,4
E01437,2023,1663152000,consolidated,,,2026,3
E01437,2024,1444692000,consolidated,,,2026,2
E01437,2025,707380000,consolidated,,,2026,1
E01437,2026,1344417000,consolidated,1135,581,2026,0
E01438,2022,5776000000,consolidated,,,2026,4
E01438,2023,4868000000,consolidated,,,2026,3
E01438,2024,5650000000,consolidated,,,2026,2
E01438,2025,3402000000,consolidated,,,2026,1
E01438,2026,1453000000,consolidated,2784,582,2026,0
E01439,2022,487336000,consolidated,,,2026,4
E01439,2023,348623000,consolidated,,,2026,3
E01439,2024,923887000,consolidated,,,2026,2
E01439,2025,959439000,consolidated,,,2026,1
E01439,2026,1537194000,consolidated,426,272,2026,0
E01441,2022,133139000,consolidated,,,2026,4
E01441,2023,-95901000,consolidated,,,2026,3
E01441,2024,337823000,consolidated,,,2026,2
E01441,2025,-30468000,consolidated,,,2026,1
E01441,2026,275554000,consolidated,406,249,2026,0
E01443,2022,10571000000,consolidated,,,2026,4
E01443,2023,11003000000,consolidated,,,2026,3
E01443,2024,9662000000,consolidated,,,2026,2
E01443,2025,12558000000,consolidated,,,2026,1
E01443,2026,14745000000,consolidated,1573,980,2026,0
E01444,2022,1195000000,consolidated,,,2026,4
E01444,2023,2289000000,consolidated,,,2026,3
E01444,2024,1767000000,consolidated,,,2026,2
E01444,2025,1704000000,consolidated,,,2026,1
E01444,2026,1316000000,consolidated,2083,1548,2026,0
E01445,2022,1755176000,nonconsolidated,,,2026,4
E01445,2023,1193284000,nonconsolidated,,,2026,3
E01445,2024,2086620000,nonconsolidated,,,2026,2
E01445,2025,2789354000,nonconsolidated,,,2026,1
E01445,2026,3169910000,nonconsolidated,,669,2026,0
E01448,2022,80139000,nonconsolidated,,,2026,4
E01448,2023,1050932000,nonconsolidated,,,2026,3
E01448,2024,1291113000,nonconsolidated,,,2026,2
E01448,2025,1157608000,nonconsolidated,,,2026,1
E01448,2026,962294000,nonconsolidated,,246,2026,0
E01452,2022,2679000000,consolidated,,,2026,4
E01452,2023,2712000000,consolidated,,,2026,3
E01452,2024,731000000,consolidated,,,2026,2
E01452,2025,-535000000,consolidated,,,2026,1
E01452,2026,1140000000,consolidated,1081,278,2026,0
E01456,2022,264889000,consolidated,,,2026,4
E01456,2023,-65767000,consolidated,,,2026,3
E01456,2024,64941000,consolidated,,,2026,2
E01456,2025,185279000,consolidated,,,2026,1
E01456,2026,-446177000,consolidated,596,344,2026,0
E01462,2022,1697305000,consolidated,,,2026,4
E01462,2023,1948094000,consolidated,,,2026,3
E01462,2024,2042398000,consolidated,,,2026,2
E01462,2025,1305411000,consolidated,,,2026,1
E01462,2026,1856105000,consolidated,850,345,2026,0
E01464,2022,687407000,consolidated,,,2026,4
E01464,2023,825146000,consolidated,,,2026,3
E01464,2024,518312000,consolidated,,,2026,2
E01464,2025,646083000,consolidated,,,2026,1
E01464,2026,601247000,consolidated,268,257,2026,0
E01469,2022,10647000000,consolidated,,,2026,4
E01469,2023,14684000000,consolidated,,,2026,3
E01469,2024,11166000000,consolidated,,,2026,2
E01469,2025,14095000000,consolidated,,,2026,1
E01469,2026,16279000000,consolidated,4504,1117,2026,0
E01471,2022,594793000,nonconsolidated,,,2026,4
E01471,2023,602573000,nonconsolidated,,,2026,3
E01471,2024,643620000,nonconsolidated,,,2026,2
E01471,2025,682246000,nonconsolidated,,,2026,1
E01471,2026,954066000,nonconsolidated,,302,2026,0
E01474,2022,613090000,consolidated,,,2026,4
E01474,2023,682042000,nonconsolidated,,,2026,3
E01474,2024,3518873000,nonconsolidated,,,2026,2
E01474,2025,5421355000,nonconsolidated,,,2026,1
E01474,2026,6433235000,nonconsolidated,,394,2026,0
E01475,2022,197000000,nonconsolidated,,,2026,4
E01475,2023,317000000,nonconsolidated,,,2026,3
E01475,2024,31000000,nonconsolidated,,,2026,2
E01475,2025,58000000,nonconsolidated,,,2026,1
E01475,2026,9000000,nonconsolidated,,283,2026,0
E01477,2022,2506000000,consolidated,,,2026,4
E01477,2023,3660000000,consolidated,,,2026,3
E01477,2024,5546000000,consolidated,,,2026,2
E01477,2025,7603000000,consolidated,,,2026,1
E01477,2026,7959000000,consolidated,1476,940,2026,0
E01478,2022,16498000000,nonconsolidated,,,2026,4
E01478,2023,20954000000,nonconsolidated,,,2026,3
E01478,2024,21216000000,nonconsolidated,,,2026,2
E01478,2025,28703000000,nonconsolidated,,,2026,1
E01478,2026,25947000000,nonconsolidated,7896,3540,2026,0
E01480,2022,4791000000,nonconsolidated,,,2026,4
E01480,2023,4045000000,nonconsolidated,,,2026,3
E01480,2024,3609000000,nonconsolidated,,,2026,2
E01480,2025,3810000000,nonconsolidated,,,2026,1
E01480,2026,7777000000,nonconsolidated,3515,482,2026,0
E01481,2022,15577000000,consolidated,,,2026,4
E01481,2023,26446000000,consolidated,,,2026,3
E01481,2024,25557000000,consolidated,,,2026,2
E01481,2025,15528000000,consolidated,,,2026,1
E01481,2026,16380000000,consolidated,4101,2396,2026,0
E01482,2022,4544000000,consolidated,,,2026,4
E01482,2023,5279000000,consolidated,,,2026,3
E01482,2024,14604000000,consolidated,,,2026,2
E01482,2025,14085000000,consolidated,,,2026,1
E01482,2026,5002000000,consolidated,3175,1536,2026,0
E01486,2022,25573000000,nonconsolidated,,,2026,4
E01486,2023,40801000000,nonconsolidated,,,2026,3
E01486,2024,40659000000,nonconsolidated,,,2026,2
E01486,2025,43282000000,nonconsolidated,,,2026,1
E01486,2026,55258000000,nonconsolidated,9872,2842,2026,0
E01488,2022,19895000,consolidated,,,2026,4
E01488,2023,312192000,consolidated,,,2026,3
E01488,2024,174263000,consolidated,,,2026,2
E01488,2025,195762000,consolidated,,,2026,1
E01488,2026,687757000,consolidated,360,347,2026,0
E01493,2022,4197000000,consolidated,,,2026,4
E01493,2023,5552000000,consolidated,,,2026,3
E01493,2024,6284000000,consolidated,,,2026,2
E01493,2025,2916000000,consolidated,,,2026,1
E01493,2026,1535000000,consolidated,2229,504,2026,0
E01495,2022,29943000000,consolidated,,,2026,4
E01495,2023,29016000000,consolidated,,,2026,3
E01495,2024,15010000000,consolidated,,,2026,2
E01495,2025,15328000000,consolidated,,,2026,1
E01495,2026,31291000000,consolidated,3132,1771,2026,0
E01496,2022,14274000000,consolidated,,,2026,4
E01496,2023,19906000000,consolidated,,,2026,3
E01496,2024,18918000000,consolidated,,,2026,2
E01496,2025,20090000000,consolidated,,,2026,1
E01496,2026,27299000000,consolidated,4777,1405,2026,0
E01499,2022,3650000000,consolidated,,,2026,4
E01499,2023,3275000000,consolidated,,,2026,3
E01499,2024,2408000000,consolidated,,,2026,2
E01499,2025,3070000000,consolidated,,,2026,1
E01499,2026,3346000000,consolidated,2040,1016,2026,0
E01506,2022,92449000000,consolidated,,,2026,4
E01506,2023,112338000000,consolidated,,,2026,3
E01506,2024,122393000000,consolidated,,,2026,2
E01506,2025,168943000000,consolidated,,,2026,1
E01506,2026,184936000000,consolidated,5547,3687,2026,0
E01507,2022,-222399000,consolidated,,,2026,4
E01507,2023,-213842000,consolidated,,,2026,3
E01507,2024,-86808000,consolidated,,,2026,2
E01507,2025,84601000,consolidated,,,2026,1
E01507,2026,-280587000,consolidated,235,137,2026,0
E01509,2022,3413000000,consolidated,,,2026,4
E01509,2023,3612000000,consolidated,,,2026,3
E01509,2024,2821000000,consolidated,,,2026,2
E01509,2025,2510000000,consolidated,,,2026,1
E01509,2026,1466000000,consolidated,1032,471,2026,0
E01510,2022,1180000000,consolidated,,,2026,4
E01510,2023,619000000,consolidated,,,2026,3
E01510,2024,-608000000,consolidated,,,2026,2
E01510,2025,-103000000,consolidated,,,2026,1
E01510,2026,-70000000,consolidated,524,469,2026,0
E01511,2022,1042451000,consolidated,,,2026,4
E01511,2023,1210391000,consolidated,,,2026,3
E01511,2024,1090869000,consolidated,,,2026,2
E01511,2025,734338000,consolidated,,,2026,1
E01511,2026,355605000,consolidated,198,172,2026,0
E01514,2022,131662000000,nonconsolidated,,,2026,4
E01514,2023,150414000000,nonconsolidated,,,2026,3
E01514,2024,178619000000,nonconsolidated,,,2026,2
E01514,2025,180360000000,nonconsolidated,,,2026,1
E01514,2026,160285000000,nonconsolidated,81808,14999,2026,0
E01515,2022,1300000000,consolidated,,,2026,4
E01515,2023,622000000,consolidated,,,2026,3
E01515,2024,466000000,consolidated,,,2026,2
E01515,2025,1413000000,consolidated,,,2026,1
E01515,2026,1382000000,consolidated,706,594,2026,0
E01518,2022,199000000,consolidated,,,2026,4
E01518,2023,217000000,consolidated,,,2026,3
E01518,2024,253000000,consolidated,,,2026,2
E01518,2025,646000000,consolidated,,,2026,1
E01518,2026,1186000000,consolidated,538,265,2026,0
E01521,2022,638000000,consolidated,,,2026,4
E01521,2023,-39000000,consolidated,,,2026,3
E01521,2024,386000000,consolidated,,,2026,2
E01521,2025,-943000000,consolidated,,,2026,1
E01521,2026,242000000,consolidated,804,514,2026,0
E01529,2022,455244000,nonconsolidated,,,2026,4
E01529,2023,296993000,nonconsolidated,,,2026,3
E01529,2024,818325000,nonconsolidated,,,2026,2
E01529,2025,769505000,nonconsolidated,,,2026,1
E01529,2026,977815000,nonconsolidated,,207,2026,0
E01531,2022,-3400000000,consolidated,,,2026,4
E01531,2023,-1700000000,consolidated,,,2026,3
E01531,2024,1018000000,consolidated,,,2026,2
E01531,2025,-11481000000,consolidated,,,2026,1
E01531,2026,288000000,consolidated,1654,1256,2026,0
E01532,2022,94135000000,nonconsolidated,,,2026,4
E01532,2023,252952000000,nonconsolidated,,,2026,3
E01532,2024,233701000000,nonconsolidated,,,2026,2
E01532,2025,249902000000,nonconsolidated,,,2026,1
E01532,2026,229089000000,nonconsolidated,67279,12435,2026,0
E01534,2022,526916000,nonconsolidated,,,2026,4
E01534,2023,1138228000,nonconsolidated,,,2026,3
E01534,2024,1546810000,nonconsolidated,,,2026,2
E01534,2025,1721277000,nonconsolidated,,,2026,1
E01534,2026,865932000,nonconsolidated,,278,2026,0
E01536,2022,3230000000,consolidated,,,2026,4
E01536,2023,2859000000,consolidated,,,2026,3
E01536,2024,4709000000,consolidated,,,2026,2
E01536,2025,5626000000,consolidated,,,2026,1
E01536,2026,9462000000,consolidated,1044,699,2026,0
E01537,2022,6502000000,consolidated,,,2026,4
E01537,2023,5649000000,consolidated,,,2026,3
E01537,2024,7810000000,consolidated,,,2026,2
E01537,2025,10254000000,consolidated,,,2026,1
E01537,2026,10987000000,consolidated,3367,105,2026,0
E01538,2022,93387000,consolidated,,,2026,4
E01538,2023,231496000,consolidated,,,2026,3
E01538,2024,265076000,consolidated,,,2026,2
E01538,2025,308415000,consolidated,,,2026,1
E01538,2026,-176228000,consolidated,210,156,2026,0
E01539,2022,-384000000,consolidated,,,2026,4
E01539,2023,824000000,consolidated,,,2026,3
E01539,2024,650000000,consolidated,,,2026,2
E01539,2025,751000000,consolidated,,,2026,1
E01539,2026,777000000,consolidated,303,230,2026,0
E01541,2022,4478000000,consolidated,,,2026,4
E01541,2023,3951000000,consolidated,,,2026,3
E01541,2024,7510000000,consolidated,,,2026,2
E01541,2025,3226000000,consolidated,,,2026,1
E01541,2026,3364000000,consolidated,4760,1662,2026,0
E01544,2022,2563000000,consolidated,,,2026,4
E01544,2023,2654000000,consolidated,,,2026,3
E01544,2024,2457000000,consolidated,,,2026,2
E01544,2025,3400000000,consolidated,,,2026,1
E01544,2026,3640000000,consolidated,556,495,2026,0
E01545,2022,2432000000,consolidated,,,2026,4
E01545,2023,1710000000,consolidated,,,2026,3
E01545,2024,3595000000,consolidated,,,2026,2
E01545,2025,5559000000,consolidated,,,2026,1
E01545,2026,5735000000,consolidated,2042,804,2026,0
E01546,2022,2768000000,consolidated,,,2026,4
E01546,2023,1797000000,consolidated,,,2026,3
E01546,2024,2202000000,consolidated,,,2026,2
E01546,2025,3084000000,consolidated,,,2026,1
E01546,2026,3102000000,consolidated,442,434,2026,0
E01547,2022,282991000,consolidated,,,2026,4
E01547,2023,768979000,consolidated,,,2026,3
E01547,2024,1432429000,consolidated,,,2026,2
E01547,2025,957667000,consolidated,,,2026,1
E01547,2026,603303000,consolidated,158,123,2026,0
E01548,2022,4122096000,consolidated,,,2026,4
E01548,2023,3219857000,consolidated,,,2026,3
E01548,2024,3394334000,consolidated,,,2026,2
E01548,2025,1894763000,consolidated,,,2026,1
E01548,2026,1706764000,consolidated,417,315,2026,0
E01550,2022,474906000,nonconsolidated,,,2026,4
E01550,2023,428182000,nonconsolidated,,,2026,3
E01550,2024,961000,nonconsolidated,,,2026,2
E01550,2025,-35436000,nonconsolidated,,,2026,1
E01550,2026,177813000,nonconsolidated,,456,2026,0
E01554,2022,5572000000,consolidated,,,2026,4
E01554,2023,7043000000,consolidated,,,2026,3
E01554,2024,7986000000,consolidated,,,2026,2
E01554,2025,7139000000,consolidated,,,2026,1
E01554,2026,7718000000,consolidated,1897,613,2026,0
E01569,2022,11431000000,consolidated,,,2026,4
E01569,2023,20322000000,consolidated,,,2026,3
E01569,2024,-5461000000,consolidated,,,2026,2
E01569,2025,32196000000,consolidated,,,2026,1
E01569,2026,92474000000,consolidated,3489,1661,2026,0
E01570,2022,327496000000,consolidated,,,2026,4
E01570,2023,366245000000,consolidated,,,2026,3
E01570,2024,354492000000,consolidated,,,2026,2
E01570,2025,366446000000,consolidated,,,2026,1
E01570,2026,408171000000,consolidated,104095,8212,2026,0
E01571,2022,11545000000,consolidated,,,2026,4
E01571,2023,16020000000,consolidated,,,2026,3
E01571,2024,23425000000,consolidated,,,2026,2
E01571,2025,31639000000,consolidated,,,2026,1
E01571,2026,38130000000,consolidated,2658,1283,2026,0
E01572,2022,3474000000,consolidated,,,2026,4
E01572,2023,2896000000,consolidated,,,2026,3
E01572,2024,3579000000,consolidated,,,2026,2
E01572,2025,4403000000,consolidated,,,2026,1
E01572,2026,3897000000,consolidated,1419,631,2026,0
E01573,2022,16469000000,nonconsolidated,,,2026,4
E01573,2023,19763000000,nonconsolidated,,,2026,3
E01573,2024,19600000000,nonconsolidated,,,2026,2
E01573,2025,21726000000,nonconsolidated,,,2026,1
E01573,2026,30502000000,nonconsolidated,8268,1677,2026,0
E01575,2022,30028000000,consolidated,,,2026,4
E01575,2023,50560000000,consolidated,,,2026,3
E01575,2024,358000000,consolidated,,,2026,2
E01575,2025,11320000000,consolidated,,,2026,1
E01575,2026,58188000000,consolidated,8154,245,2026,0
E01577,2022,11270000000,consolidated,,,2026,4
E01577,2023,11243000000,consolidated,,,2026,3
E01577,2024,10261000000,consolidated,,,2026,2
E01577,2025,11094000000,consolidated,,,2026,1
E01577,2026,14920000000,consolidated,2153,1704,2026,0
E01578,2022,20045000000,consolidated,,,2026,4
E01578,2023,20958000000,consolidated,,,2026,3
E01578,2024,23450000000,consolidated,,,2026,2
E01578,2025,25332000000,consolidated,,,2026,1
E01578,2026,24804000000,consolidated,12228,3126,2026,0
E01581,2022,118354000,nonconsolidated,,,2026,4
E01581,2023,143231000,nonconsolidated,,,2026,3
E01581,2024,219848000,nonconsolidated,,,2026,2
E01581,2025,145088000,consolidated,,,2026,1
E01581,2026,-17482000,consolidated,205,190,2026,0
E01583,2022,-6929000000,consolidated,,,2026,4
E01583,2023,1865000000,consolidated,,,2026,3
E01583,2024,2575000000,consolidated,,,2026,2
E01583,2025,1401000000,consolidated,,,2026,1
E01583,2026,-1841000000,consolidated,932,825,2026,0
E01584,2022,3062000000,consolidated,,,2026,4
E01584,2023,1034000000,consolidated,,,2026,3
E01584,2024,2409000000,consolidated,,,2026,2
E01584,2025,2315000000,consolidated,,,2026,1
E01584,2026,2545000000,consolidated,2221,1412,2026,0
E01585,2022,52733000000,nonconsolidated,,,2026,4
E01585,2023,57595000000,nonconsolidated,,,2026,3
E01585,2024,76261000000,nonconsolidated,,,2026,2
E01585,2025,68274000000,nonconsolidated,,,2026,1
E01585,2026,72702000000,nonconsolidated,25304,5926,2026,0
E01590,2022,13919000000,consolidated,,,2026,4
E01590,2023,16960000000,consolidated,,,2026,3
E01590,2024,20855000000,consolidated,,,2026,2
E01590,2025,24642000000,consolidated,,,2026,1
E01590,2026,24358000000,consolidated,5532,1945,2026,0
E01593,2022,135033000000,nonconsolidated,,,2026,4
E01593,2023,73547000000,nonconsolidated,,,2026,3
E01593,2024,49715000000,nonconsolidated,,,2026,2
E01593,2025,105888000000,nonconsolidated,,,2026,1
E01593,2026,119785000000,nonconsolidated,113292,34956,2026,0
E01594,2022,78831000000,nonconsolidated,,,2026,4
E01594,2023,27348000000,nonconsolidated,,,2026,3
E01594,2024,43063000000,nonconsolidated,,,2026,2
E01594,2025,85406000000,nonconsolidated,,,2026,1
E01594,2026,26587000000,nonconsolidated,39495,3997,2026,0
E01595,2022,3824000000,consolidated,,,2026,4
E01595,2023,2400000000,consolidated,,,2026,3
E01595,2024,1763000000,consolidated,,,2026,2
E01595,2025,2261000000,consolidated,,,2026,1
E01595,2026,2097000000,consolidated,2424,409,2026,0
E01599,2022,14633000000,consolidated,,,2026,4
E01599,2023,10215000000,consolidated,,,2026,3
E01599,2024,16066000000,consolidated,,,2026,2
E01599,2025,15790000000,consolidated,,,2026,1
E01599,2026,16162000000,consolidated,6925,855,2026,0
E01600,2022,26842000000,nonconsolidated,,,2026,4
E01600,2023,52723000000,nonconsolidated,,,2026,3
E01600,2024,39590000000,nonconsolidated,,,2026,2
E01600,2025,33979000000,nonconsolidated,,,2026,1
E01600,2026,23406000000,nonconsolidated,26278,7231,2026,0
E01601,2022,6815000000,consolidated,,,2026,4
E01601,2023,12047000000,consolidated,,,2026,3
E01601,2024,20001000000,consolidated,,,2026,2
E01601,2025,10475000000,consolidated,,,2026,1
E01601,2026,23484000000,consolidated,21305,5478,2026,0
E01602,2022,38595000000,nonconsolidated,,,2026,4
E01602,2023,98486000000,nonconsolidated,,,2026,3
E01602,2024,73236000000,nonconsolidated,,,2026,2
E01602,2025,73580000000,nonconsolidated,,,2026,1
E01602,2026,44731000000,nonconsolidated,43233,11109,2026,0
E01606,2022,1117947000,consolidated,,,2026,4
E01606,2023,1521725000,consolidated,,,2026,3
E01606,2024,1811721000,consolidated,,,2026,2
E01606,2025,1790451000,consolidated,,,2026,1
E01606,2026,1858954000,consolidated,305,263,2026,0
E01607,2022,28063000000,nonconsolidated,,,2026,4
E01607,2023,20304000000,nonconsolidated,,,2026,3
E01607,2024,6175000000,nonconsolidated,,,2026,2
E01607,2025,22660000000,nonconsolidated,,,2026,1
E01607,2026,31935000000,nonconsolidated,81383,4946,2026,0
E01610,2022,1407714000,consolidated,,,2026,4
E01610,2023,2327800000,consolidated,,,2026,3
E01610,2024,3324276000,consolidated,,,2026,2
E01610,2025,1494446000,consolidated,,,2026,1
E01610,2026,1581472000,consolidated,618,317,2026,0
E01612,2022,1810520000,consolidated,,,2026,4
E01612,2023,1274723000,consolidated,,,2026,3
E01612,2024,1603025000,consolidated,,,2026,2
E01612,2025,1923069000,consolidated,,,2026,1
E01612,2026,1697636000,consolidated,1401,368,2026,0
E01617,2022,593327000,nonconsolidated,,,2026,4
E01617,2023,673327000,nonconsolidated,,,2026,3
E01617,2024,1030392000,nonconsolidated,,,2026,2
E01617,2025,399725000,nonconsolidated,,,2026,1
E01617,2026,376172000,nonconsolidated,,270,2026,0
E01624,2022,58600000,nonconsolidated,,,2026,4
E01624,2023,257878000,nonconsolidated,,,2026,3
E01624,2024,208631000,nonconsolidated,,,2026,2
E01624,2025,73840000,nonconsolidated,,,2026,1
E01624,2026,100119000,nonconsolidated,,151,2026,0
E01627,2022,2335045000,consolidated,,,2026,4
E01627,2023,1471560000,consolidated,,,2026,3
E01627,2024,3007009000,consolidated,,,2026,2
E01627,2025,3521870000,consolidated,,,2026,1
E01627,2026,3728773000,consolidated,957,781,2026,0
E01628,2022,1692466000,nonconsolidated,,,2026,4
E01628,2023,2277120000,nonconsolidated,,,2026,3
E01628,2024,2630411000,nonconsolidated,,,2026,2
E01628,2025,3555622000,nonconsolidated,,,2026,1
E01628,2026,2968475000,nonconsolidated,,255,2026,0
E01630,2022,79382000000,nonconsolidated,,,2026,4
E01630,2023,91052000000,nonconsolidated,,,2026,3
E01630,2024,110738000000,nonconsolidated,,,2026,2
E01630,2025,147813000000,nonconsolidated,,,2026,1
E01630,2026,174456000000,nonconsolidated,31185,5736,2026,0
E01631,2022,8104000000,consolidated,,,2026,4
E01631,2023,10744000000,consolidated,,,2026,3
E01631,2024,4685000000,consolidated,,,2026,2
E01631,2025,1422000000,consolidated,,,2026,1
E01631,2026,5162000000,consolidated,2547,1030,2026,0
E01632,2022,1880508000,consolidated,,,2026,4
E01632,2023,2757692000,consolidated,,,2026,3
E01632,2024,3597431000,consolidated,,,2026,2
E01632,2025,5293925000,consolidated,,,2026,1
E01632,2026,6792056000,consolidated,1405,332,2026,0
E01635,2022,269219000,nonconsolidated,,,2026,4
E01635,2023,468935000,nonconsolidated,,,2026,3
E01635,2024,653315000,nonconsolidated,,,2026,2
E01635,2025,618976000,nonconsolidated,,,2026,1
E01635,2026,607662000,nonconsolidated,,162,2026,0
E01636,2022,5163000000,consolidated,,,2026,4
E01636,2023,5693000000,consolidated,,,2026,3
E01636,2024,6297000000,consolidated,,,2026,2
E01636,2025,4540000000,consolidated,,,2026,1
E01636,2026,5204000000,consolidated,2127,1040,2026,0
E01642,2022,6514000000,consolidated,,,2026,4
E01642,2023,5730000000,consolidated,,,2026,3
E01642,2024,7791000000,consolidated,,,2026,2
E01642,2025,7381000000,consolidated,,,2026,1
E01642,2026,7239000000,consolidated,2065,833,2026,0
E01643,2022,2270000000,consolidated,,,2026,4
E01643,2023,2392000000,consolidated,,,2026,3
E01643,2024,2896000000,consolidated,,,2026,2
E01643,2025,3391000000,consolidated,,,2026,1
E01643,2026,3620000000,consolidated,1063,725,2026,0
E01644,2022,188000000,consolidated,,,2026,4
E01644,2023,-290000000,consolidated,,,2026,3
E01644,2024,-113000000,consolidated,,,2026,2
E01644,2025,225000000,consolidated,,,2026,1
E01644,2026,268000000,consolidated,271,170,2026,0
E01645,2022,11821000000,consolidated,,,2026,4
E01645,2023,14136000000,consolidated,,,2026,3
E01645,2024,15098000000,consolidated,,,2026,2
E01645,2025,11474000000,consolidated,,,2026,1
E01645,2026,12946000000,consolidated,1308,676,2026,0
E01646,2022,163000000,consolidated,,,2026,4
E01646,2023,409000000,consolidated,,,2026,3
E01646,2024,661000000,consolidated,,,2026,2
E01646,2025,1376000000,consolidated,,,2026,1
E01646,2026,2488000000,consolidated,744,249,2026,0
E01647,2022,-752000000,consolidated,,,2026,4
E01647,2023,791000000,consolidated,,,2026,3
E01647,2024,-229000000,consolidated,,,2026,2
E01647,2025,749000000,consolidated,,,2026,1
E01647,2026,1405000000,consolidated,1755,791,2026,0
E01650,2022,10404000000,consolidated,,,2026,4
E01650,2023,-2720000000,consolidated,,,2026,3
E01650,2024,48272000000,consolidated,,,2026,2
E01650,2025,30004000000,consolidated,,,2026,1
E01650,2026,19144000000,consolidated,11266,3139,2026,0
E01653,2022,8761000000,consolidated,,,2026,4
E01653,2023,5913000000,consolidated,,,2026,3
E01653,2024,9627000000,consolidated,,,2026,2
E01653,2025,13744000000,consolidated,,,2026,1
E01653,2026,15045000000,consolidated,1786,104,2026,0
E01657,2022,7736136000,consolidated,,,2026,4
E01657,2023,8016076000,consolidated,,,2026,3
E01657,2024,7018849000,consolidated,,,2026,2
E01657,2025,8225659000,consolidated,,,2026,1
E01657,2026,8172707000,consolidated,1012,940,2026,0
E01661,2022,3126000000,consolidated,,,2026,4
E01661,2023,3888000000,consolidated,,,2026,3
E01661,2024,6995000000,consolidated,,,2026,2
E01661,2025,6459000000,consolidated,,,2026,1
E01661,2026,-11398000000,consolidated,4559,973,2026,0
E01662,2022,7368000000,consolidated,,,2026,4
E01662,2023,8991000000,consolidated,,,2026,3
E01662,2024,12638000000,consolidated,,,2026,2
E01662,2025,10492000000,consolidated,,,2026,1
E01662,2026,13603000000,consolidated,1635,925,2026,0
E01663,2022,4048165000,consolidated,,,2026,4
E01663,2023,5397446000,consolidated,,,2026,3
E01663,2024,7304074000,consolidated,,,2026,2
E01663,2025,6828991000,consolidated,,,2026,1
E01663,2026,8014089000,consolidated,820,529,2026,0
E01667,2022,3408000000,consolidated,,,2026,4
E01667,2023,6611000000,consolidated,,,2026,3
E01667,2024,6797000000,consolidated,,,2026,2
E01667,2025,7614000000,consolidated,,,2026,1
E01667,2026,10718000000,consolidated,2622,1098,2026,0
E01669,2022,6048000000,consolidated,,,2026,4
E01669,2023,6540000000,consolidated,,,2026,3
E01669,2024,9120000000,consolidated,,,2026,2
E01669,2025,10615000000,consolidated,,,2026,1
E01669,2026,10061000000,consolidated,1701,770,2026,0
E01670,2022,1468289000,consolidated,,,2026,4
E01670,2023,3209925000,consolidated,,,2026,3
E01670,2024,4987938000,consolidated,,,2026,2
E01670,2025,5415891000,consolidated,,,2026,1
E01670,2026,5588761000,consolidated,1063,661,2026,0
E01673,2022,272981000000,consolidated,,,2026,4
E01673,2023,305980000000,consolidated,,,2026,3
E01673,2024,251008000000,consolidated,,,2026,2
E01673,2025,209921000000,consolidated,,,2026,1
E01673,2026,235591000000,consolidated,24773,6560,2026,0
E01683,2022,1352521000,consolidated,,,2026,4
E01683,2023,1320544000,consolidated,,,2026,3
E01683,2024,1484344000,consolidated,,,2026,2
E01683,2025,1449705000,consolidated,,,2026,1
E01683,2026,2296493000,consolidated,550,180,2026,0
E01684,2022,696202000,consolidated,,,2026,4
E01684,2023,675761000,consolidated,,,2026,3
E01684,2024,998414000,consolidated,,,2026,2
E01684,2025,1576459000,consolidated,,,2026,1
E01684,2026,1629962000,consolidated,892,428,2026,0
E01685,2022,6057000000,consolidated,,,2026,4
E01685,2023,9068000000,consolidated,,,2026,3
E01685,2024,8961000000,consolidated,,,2026,2
E01685,2025,11144000000,consolidated,,,2026,1
E01685,2026,9881000000,consolidated,6012,1902,2026,0
E01686,2022,368731000,consolidated,,,2026,4
E01686,2023,99808000,consolidated,,,2026,3
E01686,2024,115392000,consolidated,,,2026,2
E01686,2025,40403000,consolidated,,,2026,1
E01686,2026,92216000,consolidated,324,198,2026,0
E01688,2022,-154000000,consolidated,,,2026,4
E01688,2023,56000000,consolidated,,,2026,3
E01688,2024,832000000,consolidated,,,2026,2
E01688,2025,1342000000,consolidated,,,2026,1
E01688,2026,1571000000,consolidated,396,392,2026,0
E01693,2022,2287000000,consolidated,,,2026,4
E01693,2023,2267000000,consolidated,,,2026,3
E01693,2024,2598000000,consolidated,,,2026,2
E01693,2025,3184000000,consolidated,,,2026,1
E01693,2026,2982000000,nonconsolidated,,426,2026,0
E01694,2022,903654000,consolidated,,,2026,4
E01694,2023,813638000,consolidated,,,2026,3
E01694,2024,1414560000,consolidated,,,2026,2
E01694,2025,1033808000,consolidated,,,2026,1
E01694,2026,572864000,consolidated,734,242,2026,0
E01696,2022,1808460000,consolidated,,,2026,4
E01696,2023,1961106000,consolidated,,,2026,3
E01696,2024,2814481000,consolidated,,,2026,2
E01696,2025,2238375000,consolidated,,,2026,1
E01696,2026,2343642000,consolidated,497,273,2026,0
E01698,2022,1384799000,consolidated,,,2026,4
E01698,2023,1267567000,consolidated,,,2026,3
E01698,2024,3568035000,consolidated,,,2026,2
E01698,2025,4676600000,consolidated,,,2026,1
E01698,2026,3525114000,consolidated,572,271,2026,0
E01704,2022,354071000,consolidated,,,2026,4
E01704,2023,465538000,consolidated,,,2026,3
E01704,2024,422040000,consolidated,,,2026,2
E01704,2025,455089000,consolidated,,,2026,1
E01704,2026,1043488000,consolidated,228,190,2026,0
E01708,2022,11724303000,consolidated,,,2026,4
E01708,2023,10206054000,consolidated,,,2026,3
E01708,2024,9079734000,consolidated,,,2026,2
E01708,2025,9400384000,consolidated,,,2026,1
E01708,2026,6947087000,consolidated,2211,716,2026,0
E01710,2022,3085275000,consolidated,,,2026,4
E01710,2023,2787011000,consolidated,,,2026,3
E01710,2024,2586759000,consolidated,,,2026,2
E01710,2025,2535093000,consolidated,,,2026,1
E01710,2026,908263000,consolidated,803,474,2026,0
E01711,2022,1266277000,consolidated,,,2026,4
E01711,2023,1475716000,consolidated,,,2026,3
E01711,2024,1611898000,consolidated,,,2026,2
E01711,2025,1645849000,consolidated,,,2026,1
E01711,2026,1702976000,consolidated,324,314,2026,0
E01712,2022,9108243000,consolidated,,,2026,4
E01712,2023,10757728000,consolidated,,,2026,3
E01712,2024,570333000,consolidated,,,2026,2
E01712,2025,151197000,consolidated,,,2026,1
E01712,2026,2539620000,consolidated,1419,526,2026,0
E01717,2022,1641303000,consolidated,,,2026,4
E01717,2023,1606788000,consolidated,,,2026,3
E01717,2024,1269183000,consolidated,,,2026,2
E01717,2025,2979339000,consolidated,,,2026,1
E01717,2026,8139177000,consolidated,1231,164,2026,0
E01718,2022,563033000,consolidated,,,2026,4
E01718,2023,1054162000,consolidated,,,2026,3
E01718,2024,1006256000,consolidated,,,2026,2
E01718,2025,72201000,consolidated,,,2026,1
E01718,2026,661507000,consolidated,398,162,2026,0
E01719,2022,1700452000,consolidated,,,2026,4
E01719,2023,1077442000,consolidated,,,2026,3
E01719,2024,243766000,consolidated,,,2026,2
E01719,2025,837536000,consolidated,,,2026,1
E01719,2026,1171586000,consolidated,215,175,2026,0
E01721,2022,1025717000,nonconsolidated,,,2026,4
E01721,2023,732561000,nonconsolidated,,,2026,3
E01721,2024,829331000,nonconsolidated,,,2026,2
E01721,2025,973261000,nonconsolidated,,,2026,1
E01721,2026,1356945000,nonconsolidated,,272,2026,0
E01724,2022,1543782000,consolidated,,,2026,4
E01724,2023,1139611000,consolidated,,,2026,3
E01724,2024,1498256000,consolidated,,,2026,2
E01724,2025,1947602000,consolidated,,,2026,1
E01724,2026,1043824000,consolidated,526,491,2026,0
E01729,2022,2156439000,consolidated,,,2026,4
E01729,2023,2131627000,consolidated,,,2026,3
E01729,2024,1908774000,consolidated,,,2026,2
E01729,2025,1779913000,consolidated,,,2026,1
E01729,2026,2011402000,consolidated,364,238,2026,0
E01730,2022,1197622000,consolidated,,,2026,4
E01730,2023,1534070000,consolidated,,,2026,3
E01730,2024,1550930000,consolidated,,,2026,2
E01730,2025,1723245000,consolidated,,,2026,1
E01730,2026,1659275000,consolidated,228,201,2026,0
E01731,2022,1941324000,consolidated,,,2026,4
E01731,2023,2946580000,consolidated,,,2026,3
E01731,2024,512334000,consolidated,,,2026,2
E01731,2025,1555524000,consolidated,,,2026,1
E01731,2026,1104296000,consolidated,1576,231,2026,0
E01733,2022,4258127000,consolidated,,,2026,4
E01733,2023,5802982000,consolidated,,,2026,3
E01733,2024,6259377000,consolidated,,,2026,2
E01733,2025,6889188000,consolidated,,,2026,1
E01733,2026,8375183000,consolidated,1984,1225,2026,0
E01735,2022,4581851000,consolidated,,,2026,4
E01735,2023,6416048000,consolidated,,,2026,3
E01735,2024,10819278000,consolidated,,,2026,2
E01735,2025,13399839000,consolidated,,,2026,1
E01735,2026,5629149000,consolidated,623,426,2026,0
E01737,2022,365049000000,nonconsolidated,,,2026,4
E01737,2023,354719000000,nonconsolidated,,,2026,3
E01737,2024,401001000000,nonconsolidated,,,2026,2
E01737,2025,428610000000,nonconsolidated,,,2026,1
E01737,2026,799972000000,nonconsolidated,287901,25934,2026,0
E01739,2022,172920000000,nonconsolidated,,,2026,4
E01739,2023,163372000000,nonconsolidated,,,2026,3
E01739,2024,225149000000,nonconsolidated,,,2026,2
E01739,2025,279433000000,nonconsolidated,,,2026,1
E01739,2026,461031000000,nonconsolidated,150386,29949,2026,0
E01740,2022,79297000000,consolidated,,,2026,4
E01740,2023,87811000000,consolidated,,,2026,3
E01740,2024,107822000000,consolidated,,,2026,2
E01740,2025,118759000000,consolidated,,,2026,1
E01740,2026,139310000000,consolidated,26955,10901,2026,0
E01743,2022,7898000000,consolidated,,,2026,4
E01743,2023,11997000000,consolidated,,,2026,3
E01743,2024,10532000000,consolidated,,,2026,2
E01743,2025,15941000000,consolidated,,,2026,1
E01743,2026,18793000000,consolidated,3729,2080,2026,0
E01744,2022,10206000000,consolidated,,,2026,4
E01744,2023,8823000000,consolidated,,,2026,3
E01744,2024,13385000000,consolidated,,,2026,2
E01744,2025,21192000000,consolidated,,,2026,1
E01744,2026,27889000000,consolidated,10082,3975,2026,0
E01747,2022,1784821000,consolidated,,,2026,4
E01747,2023,2108334000,consolidated,,,2026,3
E01747,2024,3029233000,consolidated,,,2026,2
E01747,2025,3590760000,consolidated,,,2026,1
E01747,2026,3988151000,consolidated,1105,461,2026,0
E01748,2022,7966000000,consolidated,,,2026,4
E01748,2023,8793000000,consolidated,,,2026,3
E01748,2024,8312000000,consolidated,,,2026,2
E01748,2025,9323000000,consolidated,,,2026,1
E01748,2026,11925000000,consolidated,2833,1116,2026,0
E01750,2022,15790000000,consolidated,,,2026,4
E01750,2023,17660000000,consolidated,,,2026,3
E01750,2024,16082000000,consolidated,,,2026,2
E01750,2025,17182000000,consolidated,,,2026,1
E01750,2026,20100000000,consolidated,4542,1203,2026,0
E01751,2022,2831832000,consolidated,,,2026,4
E01751,2023,1461420000,consolidated,,,2026,3
E01751,2024,42424000,consolidated,,,2026,2
E01751,2025,208781000,consolidated,,,2026,1
E01751,2026,-384156000,consolidated,1066,575,2026,0
E01752,2022,1189000000,consolidated,,,2026,4
E01752,2023,1885000000,consolidated,,,2026,3
E01752,2024,5488000000,consolidated,,,2026,2
E01752,2025,5386000000,consolidated,,,2026,1
E01752,2026,6567000000,consolidated,2504,545,2026,0
E01753,2022,2584000000,consolidated,,,2026,4
E01753,2023,1490000000,consolidated,,,2026,3
E01753,2024,7296000000,consolidated,,,2026,2
E01753,2025,4600000000,consolidated,,,2026,1
E01753,2026,3038000000,consolidated,7697,1179,2026,0
E01754,2022,996000000,nonconsolidated,,,2026,4
E01754,2023,501000000,nonconsolidated,,,2026,3
E01754,2024,1153000000,nonconsolidated,,,2026,2
E01754,2025,2664000000,nonconsolidated,,,2026,1
E01754,2026,4169000000,nonconsolidated,,860,2026,0
E01755,2022,42084000000,nonconsolidated,,,2026,4
E01755,2023,103108000000,nonconsolidated,,,2026,3
E01755,2024,-8260000000,nonconsolidated,,,2026,2
E01755,2025,72918000000,nonconsolidated,,,2026,1
E01755,2026,19571000000,nonconsolidated,26050,3855,2026,0
E01757,2022,4877000000,consolidated,,,2026,4
E01757,2023,10514000000,consolidated,,,2026,3
E01757,2024,11611000000,consolidated,,,2026,2
E01757,2025,13977000000,consolidated,,,2026,1
E01757,2026,14900000000,consolidated,1269,621,2026,0
E01758,2022,4029000000,consolidated,,,2026,4
E01758,2023,5180000000,consolidated,,,2026,3
E01758,2024,7378000000,consolidated,,,2026,2
E01758,2025,8002000000,consolidated,,,2026,1
E01758,2026,8526000000,consolidated,1362,619,2026,0
E01759,2022,9412000000,consolidated,,,2026,4
E01759,2023,9056000000,consolidated,,,2026,3
E01759,2024,12566000000,consolidated,,,2026,2
E01759,2025,13516000000,consolidated,,,2026,1
E01759,2026,16260000000,consolidated,5358,2269,2026,0
E01761,2022,2953749000,consolidated,,,2026,4
E01761,2023,5472448000,consolidated,,,2026,3
E01761,2024,5442844000,consolidated,,,2026,2
E01761,2025,6296563000,consolidated,,,2026,1
E01761,2026,5444526000,consolidated,1145,328,2026,0
E01764,2022,1944422000,consolidated,,,2026,4
E01764,2023,3479880000,consolidated,,,2026,3
E01764,2024,5773124000,consolidated,,,2026,2
E01764,2025,6052763000,consolidated,,,2026,1
E01764,2026,6515752000,consolidated,2219,566,2026,0
E01765,2022,28461000000,nonconsolidated,,,2026,4
E01765,2023,71210000000,nonconsolidated,,,2026,3
E01765,2024,158337000000,nonconsolidated,,,2026,2
E01765,2025,253345000000,nonconsolidated,,,2026,1
E01765,2026,258587000000,nonconsolidated,101800,21934,2026,0
E01766,2022,163066000000,nonconsolidated,,,2026,4
E01766,2023,143566000000,nonconsolidated,,,2026,3
E01766,2024,133633000000,nonconsolidated,,,2026,2
E01766,2025,198666000000,nonconsolidated,,,2026,1
E01766,2026,275236000000,nonconsolidated,99203,32224,2026,0
E01767,2022,7691000000,consolidated,,,2026,4
E01767,2023,-328000000,consolidated,,,2026,3
E01767,2024,18293000000,consolidated,,,2026,2
E01767,2025,16808000000,consolidated,,,2026,1
E01767,2026,20774000000,consolidated,11925,4356,2026,0
E01769,2022,6538000000,consolidated,,,2026,4
E01769,2023,5915000000,consolidated,,,2026,3
E01769,2024,7893000000,consolidated,,,2026,2
E01769,2025,10789000000,consolidated,,,2026,1
E01769,2026,13024000000,consolidated,3066,1146,2026,0
E01770,2022,3424000000,consolidated,,,2026,4
E01770,2023,2683000000,consolidated,,,2026,3
E01770,2024,3259000000,consolidated,,,2026,2
E01770,2025,6646000000,consolidated,,,2026,1
E01770,2026,5203000000,consolidated,2073,1399,2026,0
E01772,2022,126896000000,nonconsolidated,,,2026,4
E01772,2023,109660000000,nonconsolidated,,,2026,3
E01772,2024,110368000000,nonconsolidated,,,2026,2
E01772,2025,128464000000,nonconsolidated,,,2026,1
E01772,2026,106269000000,nonconsolidated,183685,1431,2026,0
E01773,2022,114964000000,consolidated,,,2026,4
E01773,2023,-30487000000,consolidated,,,2026,3
E01773,2024,-7084000000,consolidated,,,2026,2
E01773,2025,17653000000,consolidated,,,2026,1
E01773,2026,57959000000,consolidated,34549,5553,2026,0
E01774,2022,15394000000,nonconsolidated,,,2026,4
E01774,2023,12054000000,nonconsolidated,,,2026,3
E01774,2024,9941000000,nonconsolidated,,,2026,2
E01774,2025,10276000000,nonconsolidated,,,2026,1
E01774,2026,14319000000,nonconsolidated,4114,1734,2026,0
E01777,2022,226660000000,nonconsolidated,,,2026,4
E01777,2023,312705000000,nonconsolidated,,,2026,3
E01777,2024,303611000000,nonconsolidated,,,2026,2
E01777,2025,322865000000,nonconsolidated,,,2026,1
E01777,2026,650743000000,nonconsolidated,94900,2166,2026,0
E01780,2022,106315000000,nonconsolidated,,,2026,4
E01780,2023,137952000000,nonconsolidated,,,2026,3
E01780,2024,109083000000,nonconsolidated,,,2026,2
E01780,2025,53267000000,nonconsolidated,,,2026,1
E01780,2026,110361000000,nonconsolidated,106545,6573,2026,0
E01782,2022,2022230000,consolidated,,,2026,4
E01782,2023,2192105000,consolidated,,,2026,3
E01782,2024,1559413000,consolidated,,,2026,2
E01782,2025,2127240000,consolidated,,,2026,1
E01782,2026,1684425000,consolidated,1678,285,2026,0
E01786,2022,2001000000,consolidated,,,2026,4
E01786,2023,4329000000,consolidated,,,2026,3
E01786,2024,4956000000,consolidated,,,2026,2
E01786,2025,5061000000,consolidated,,,2026,1
E01786,2026,4879000000,consolidated,4137,903,2026,0
E01790,2022,13700000000,consolidated,,,2026,4
E01790,2023,27229000000,consolidated,,,2026,3
E01790,2024,18246000000,consolidated,,,2026,2
E01790,2025,-14276000000,consolidated,,,2026,1
E01790,2026,-8839000000,consolidated,2683,842,2026,0
E01793,2022,40286000000,consolidated,,,2026,4
E01793,2023,34940000000,consolidated,,,2026,3
E01793,2024,24809000000,consolidated,,,2026,2
E01793,2025,30521000000,consolidated,,,2026,1
E01793,2026,49141000000,consolidated,25924,6305,2026,0
E01797,2022,-7473000000,consolidated,,,2026,4
E01797,2023,2327000000,consolidated,,,2026,3
E01797,2024,4305000000,consolidated,,,2026,2
E01797,2025,7726000000,consolidated,,,2026,1
E01797,2026,8002000000,consolidated,16260,454,2026,0
E01798,2022,1968000000,consolidated,,,2026,4
E01798,2023,1732000000,consolidated,,,2026,3
E01798,2024,1849000000,consolidated,,,2026,2
E01798,2025,1474000000,consolidated,,,2026,1
E01798,2026,600000000,consolidated,639,381,2026,0
E01802,2022,5626000000,consolidated,,,2026,4
E01802,2023,5857000000,consolidated,,,2026,3
E01802,2024,7782000000,consolidated,,,2026,2
E01802,2025,9736000000,consolidated,,,2026,1
E01802,2026,12344000000,consolidated,2722,1900,2026,0
E01803,2022,13155000000,consolidated,,,2026,4
E01803,2023,9420000000,consolidated,,,2026,3
E01803,2024,12242000000,consolidated,,,2026,2
E01803,2025,16217000000,consolidated,,,2026,1
E01803,2026,19361000000,consolidated,3251,1961,2026,0
E01805,2022,3413000000,consolidated,,,2026,4
E01805,2023,2503000000,consolidated,,,2026,3
E01805,2024,226000000,consolidated,,,2026,2
E01805,2025,549000000,consolidated,,,2026,1
E01805,2026,1243000000,consolidated,3626,530,2026,0
E01806,2022,5619000000,nonconsolidated,,,2026,4
E01806,2023,8169000000,nonconsolidated,,,2026,3
E01806,2024,8946000000,nonconsolidated,,,2026,2
E01806,2025,4985000000,nonconsolidated,,,2026,1
E01806,2026,7349000000,nonconsolidated,3599,1169,2026,0
E01807,2022,1555000000,nonconsolidated,,,2026,4
E01807,2023,2768000000,nonconsolidated,,,2026,3
E01807,2024,2266000000,nonconsolidated,,,2026,2
E01807,2025,1044000000,nonconsolidated,,,2026,1
E01807,2026,524000000,nonconsolidated,2313,672,2026,0
E01808,2022,6529000000,consolidated,,,2026,4
E01808,2023,5675000000,consolidated,,,2026,3
E01808,2024,3710000000,consolidated,,,2026,2
E01808,2025,3926000000,consolidated,,,2026,1
E01808,2026,5528000000,consolidated,7624,1012,2026,0
E01813,2022,355000000,consolidated,,,2026,4
E01813,2023,752000000,consolidated,,,2026,3
E01813,2024,1322000000,consolidated,,,2026,2
E01813,2025,1079000000,consolidated,,,2026,1
E01813,2026,1011000000,consolidated,468,385,2026,0
E01815,2022,15786000000,consolidated,,,2026,4
E01815,2023,18984000000,consolidated,,,2026,3
E01815,2024,18160000000,consolidated,,,2026,2
E01815,2025,14776000000,consolidated,,,2026,1
E01815,2026,24644000000,consolidated,8465,569,2026,0
E01816,2022,1460155000,consolidated,,,2026,4
E01816,2023,1009735000,consolidated,,,2026,3
E01816,2024,1395811000,consolidated,,,2026,2
E01816,2025,1262019000,consolidated,,,2026,1
E01816,2026,2347282000,consolidated,917,530,2026,0
E01817,2022,2548000000,consolidated,,,2026,4
E01817,2023,3581000000,consolidated,,,2026,3
E01817,2024,3107000000,consolidated,,,2026,2
E01817,2025,2849000000,consolidated,,,2026,1
E01817,2026,2742000000,consolidated,1833,644,2026,0
E01819,2022,293000000,consolidated,,,2026,4
E01819,2023,-1000000000,consolidated,,,2026,3
E01819,2024,902000000,consolidated,,,2026,2
E01819,2025,290000000,consolidated,,,2026,1
E01819,2026,358000000,consolidated,774,630,2026,0
E01821,2022,1313000000,consolidated,,,2026,4
E01821,2023,1651000000,consolidated,,,2026,3
E01821,2024,3473000000,consolidated,,,2026,2
E01821,2025,1180000000,consolidated,,,2026,1
E01821,2026,1137000000,consolidated,1399,711,2026,0
E01824,2022,72191000000,consolidated,,,2026,4
E01824,2023,34832000000,consolidated,,,2026,3
E01824,2024,13757000000,consolidated,,,2026,2
E01824,2025,10517000000,consolidated,,,2026,1
E01824,2026,24129000000,consolidated,20604,2803,2026,0
E01828,2022,18594000000,consolidated,,,2026,4
E01828,2023,19115000000,consolidated,,,2026,3
E01828,2024,14762000000,consolidated,,,2026,2
E01828,2025,14838000000,consolidated,,,2026,1
E01828,2026,8248000000,consolidated,11908,1539,2026,0
E01831,2022,2407000000,consolidated,,,2026,4
E01831,2023,2104000000,consolidated,,,2026,3
E01831,2024,3710000000,consolidated,,,2026,2
E01831,2025,3922000000,consolidated,,,2026,1
E01831,2026,5236000000,consolidated,3083,823,2026,0
E01833,2022,1069727000,consolidated,,,2026,4
E01833,2023,611011000,consolidated,,,2026,3
E01833,2024,1266676000,consolidated,,,2026,2
E01833,2025,1074589000,consolidated,,,2026,1
E01833,2026,2135535000,consolidated,623,196,2026,0
E01841,2022,-654000000,consolidated,,,2026,4
E01841,2023,-1134000000,consolidated,,,2026,3
E01841,2024,570000000,consolidated,,,2026,2
E01841,2025,-206000000,consolidated,,,2026,1
E01841,2026,-683000000,consolidated,2384,650,2026,0
E01842,2022,3212091000,consolidated,,,2026,4
E01842,2023,3007755000,consolidated,,,2026,3
E01842,2024,3562876000,consolidated,,,2026,2
E01842,2025,4106418000,consolidated,,,2026,1
E01842,2026,4443652000,consolidated,1003,499,2026,0
E01849,2022,5931000000,consolidated,,,2026,4
E01849,2023,4167000000,consolidated,,,2026,3
E01849,2024,6130000000,consolidated,,,2026,2
E01849,2025,4162000000,consolidated,,,2026,1
E01849,2026,3171000000,consolidated,2029,1067,2026,0
E01850,2022,1574000000,consolidated,,,2026,4
E01850,2023,3262000000,consolidated,,,2026,3
E01850,2024,4416000000,consolidated,,,2026,2
E01850,2025,3902000000,consolidated,,,2026,1
E01850,2026,3812000000,consolidated,1063,639,2026,0
E01855,2022,1475000000,consolidated,,,2026,4
E01855,2023,1446000000,consolidated,,,2026,3
E01855,2024,3036000000,consolidated,,,2026,2
E01855,2025,3654000000,consolidated,,,2026,1
E01855,2026,5185000000,consolidated,1794,1665,2026,0
E01857,2022,-951258000,consolidated,,,2026,4
E01857,2023,-899419000,consolidated,,,2026,3
E01857,2024,518833000,consolidated,,,2026,2
E01857,2025,1328862000,consolidated,,,2026,1
E01857,2026,2311065000,consolidated,4000,246,2026,0
E01859,2022,-794971000,consolidated,,,2026,4
E01859,2023,-439531000,consolidated,,,2026,3
E01859,2024,839864000,consolidated,,,2026,2
E01859,2025,1429563000,consolidated,,,2026,1
E01859,2026,1627822000,consolidated,944,407,2026,0
E01873,2022,123515000000,nonconsolidated,,,2026,4
E01873,2023,77109000000,nonconsolidated,,,2026,3
E01873,2024,59690000000,nonconsolidated,,,2026,2
E01873,2025,93075000000,nonconsolidated,,,2026,1
E01873,2026,-6507000000,nonconsolidated,74619,12311,2026,0
E01874,2022,369000000,consolidated,,,2026,4
E01874,2023,2386000000,consolidated,,,2026,3
E01874,2024,3406000000,consolidated,,,2026,2
E01874,2025,3404000000,consolidated,,,2026,1
E01874,2026,2131000000,consolidated,1299,685,2026,0
E01878,2022,35739000000,consolidated,,,2026,4
E01878,2023,48608000000,consolidated,,,2026,3
E01878,2024,84098000000,consolidated,,,2026,2
E01878,2025,85351000000,consolidated,,,2026,1
E01878,2026,84259000000,consolidated,18313,2240,2026,0
E01879,2022,29519000000,consolidated,,,2026,4
E01879,2023,32140000000,consolidated,,,2026,3
E01879,2024,38999000000,consolidated,,,2026,2
E01879,2025,42170000000,consolidated,,,2026,1
E01879,2026,48760000000,consolidated,9170,5143,2026,0
E01880,2022,36714000000,consolidated,,,2026,4
E01880,2023,44872000000,consolidated,,,2026,3
E01880,2024,48064000000,consolidated,,,2026,2
E01880,2025,55454000000,consolidated,,,2026,1
E01880,2026,50853000000,consolidated,18230,4021,2026,0
E01884,2022,10197000000,consolidated,,,2026,4
E01884,2023,13149000000,consolidated,,,2026,3
E01884,2024,11004000000,consolidated,,,2026,2
E01884,2025,18344000000,consolidated,,,2026,1
E01884,2026,10608000000,consolidated,15078,2894,2026,0
E01887,2022,5828000000,consolidated,,,2026,4
E01887,2023,4326000000,consolidated,,,2026,3
E01887,2024,1660000000,consolidated,,,2026,2
E01887,2025,-523000000,consolidated,,,2026,1
E01887,2026,4577000000,consolidated,5091,1043,2026,0
E01888,2022,85963000000,nonconsolidated,,,2026,4
E01888,2023,113735000000,nonconsolidated,,,2026,3
E01888,2024,94261000000,nonconsolidated,,,2026,2
E01888,2025,131046000000,nonconsolidated,,,2026,1
E01888,2026,125083000000,nonconsolidated,26477,6813,2026,0
E01892,2022,212397000000,nonconsolidated,,,2026,4
E01892,2023,244281000000,nonconsolidated,,,2026,3
E01892,2024,155572000000,nonconsolidated,,,2026,2
E01892,2025,359376000000,nonconsolidated,,,2026,1
E01892,2026,416832000000,nonconsolidated,154716,43889,2026,0
E01896,2022,1968000000,consolidated,,,2026,4
E01896,2023,851000000,consolidated,,,2026,3
E01896,2024,720000000,consolidated,,,2026,2
E01896,2025,1261000000,consolidated,,,2026,1
E01896,2026,1416000000,consolidated,2420,1506,2026,0
E01897,2022,448000000,consolidated,,,2026,4
E01897,2023,-1219000000,consolidated,,,2026,3
E01897,2024,-1537000000,consolidated,,,2026,2
E01897,2025,1024000000,consolidated,,,2026,1
E01897,2026,1216000000,consolidated,1024,574,2026,0
E01898,2022,15355000000,consolidated,,,2026,4
E01898,2023,24430000000,consolidated,,,2026,3
E01898,2024,39491000000,consolidated,,,2026,2
E01898,2025,34310000000,consolidated,,,2026,1
E01898,2026,43756000000,consolidated,19381,6043,2026,0
E01899,2022,1364000000,consolidated,,,2026,4
E01899,2023,1223000000,consolidated,,,2026,3
E01899,2024,1120000000,consolidated,,,2026,2
E01899,2025,1797000000,consolidated,,,2026,1
E01899,2026,2961000000,consolidated,1166,275,2026,0
E01902,2022,6859000000,consolidated,,,2026,4
E01902,2023,10538000000,consolidated,,,2026,3
E01902,2024,4485000000,consolidated,,,2026,2
E01902,2025,1243000000,consolidated,,,2026,1
E01902,2026,5223000000,consolidated,4409,1669,2026,0
E01903,2022,34563000000,consolidated,,,2026,4
E01903,2023,24122000000,consolidated,,,2026,3
E01903,2024,25589000000,consolidated,,,2026,2
E01903,2025,20373000000,consolidated,,,2026,1
E01903,2026,22544000000,consolidated,6116,3768,2026,0
E01904,2022,8594000000,consolidated,,,2026,4
E01904,2023,15263000000,consolidated,,,2026,3
E01904,2024,11407000000,consolidated,,,2026,2
E01904,2025,7511000000,consolidated,,,2026,1
E01904,2026,8326000000,consolidated,4982,623,2026,0
E01905,2022,16313000000,consolidated,,,2026,4
E01905,2023,23501000000,consolidated,,,2026,3
E01905,2024,30023000000,consolidated,,,2026,2
E01905,2025,34424000000,consolidated,,,2026,1
E01905,2026,28610000000,consolidated,3731,2313,2026,0
E01907,2022,1239000000,consolidated,,,2026,4
E01907,2023,1227000000,consolidated,,,2026,3
E01907,2024,786000000,consolidated,,,2026,2
E01907,2025,952000000,consolidated,,,2026,1
E01907,2026,1133000000,consolidated,493,413,2026,0
E01909,2022,18043000000,consolidated,,,2026,4
E01909,2023,21181000000,consolidated,,,2026,3
E01909,2024,13048000000,consolidated,,,2026,2
E01909,2025,19167000000,consolidated,,,2026,1
E01909,2026,19867000000,consolidated,4826,2389,2026,0
E01912,2022,459152000,consolidated,,,2026,4
E01912,2023,284051000,consolidated,,,2026,3
E01912,2024,342577000,consolidated,,,2026,2
E01912,2025,744768000,consolidated,,,2026,1
E01912,2026,871579000,consolidated,218,197,2026,0
E01914,2022,213786000000,nonconsolidated,,,2026,4
E01914,2023,146625000000,nonconsolidated,,,2026,3
E01914,2024,103760000000,nonconsolidated,,,2026,2
E01914,2025,223281000000,nonconsolidated,,,2026,1
E01914,2026,347006000000,nonconsolidated,74302,11174,2026,0
E01916,2022,-142959000,nonconsolidated,,,2026,4
E01916,2023,205357000,nonconsolidated,,,2026,3
E01916,2024,61567000,nonconsolidated,,,2026,2
E01916,2025,-39484000,nonconsolidated,,,2026,1
E01916,2026,-79869000,nonconsolidated,,172,2026,0
E01920,2022,38040000000,nonconsolidated,,,2026,4
E01920,2023,18967000000,nonconsolidated,,,2026,3
E01920,2024,99626000000,nonconsolidated,,,2026,2
E01920,2025,45945000000,nonconsolidated,,,2026,1
E01920,2026,75208000000,nonconsolidated,17586,3435,2026,0
E01926,2022,8038000000,consolidated,,,2026,4
E01926,2023,10994000000,consolidated,,,2026,3
E01926,2024,7913000000,consolidated,,,2026,2
E01926,2025,1568000000,consolidated,,,2026,1
E01926,2026,2094000000,consolidated,5348,847,2026,0
E01928,2022,-354652000,consolidated,,,2026,4
E01928,2023,830357000,consolidated,,,2026,3
E01928,2024,429934000,consolidated,,,2026,2
E01928,2025,-1702846000,consolidated,,,2026,1
E01928,2026,-1771512000,consolidated,1101,157,2026,0
E01929,2022,15195000000,consolidated,,,2026,4
E01929,2023,20144000000,consolidated,,,2026,3
E01929,2024,16088000000,consolidated,,,2026,2
E01929,2025,12451000000,consolidated,,,2026,1
E01929,2026,13346000000,consolidated,5898,1475,2026,0
E01930,2022,2827000000,consolidated,,,2026,4
E01930,2023,2530000000,consolidated,,,2026,3
E01930,2024,2876000000,consolidated,,,2026,2
E01930,2025,3271000000,consolidated,,,2026,1
E01930,2026,4292000000,consolidated,681,620,2026,0
E01932,2022,333000000,nonconsolidated,,,2026,4
E01932,2023,165000000,nonconsolidated,,,2026,3
E01932,2024,-244000000,nonconsolidated,,,2026,2
E01932,2025,239000000,nonconsolidated,,,2026,1
E01932,2026,199000000,nonconsolidated,524,225,2026,0
E01933,2022,568133000,nonconsolidated,,,2026,4
E01933,2023,528390000,nonconsolidated,,,2026,3
E01933,2024,220971000,nonconsolidated,,,2026,2
E01933,2025,460065000,nonconsolidated,,,2026,1
E01933,2026,568581000,nonconsolidated,,227,2026,0
E01935,2022,22174000000,consolidated,,,2026,4
E01935,2023,19570000000,consolidated,,,2026,3
E01935,2024,17920000000,consolidated,,,2026,2
E01935,2025,14131000000,consolidated,,,2026,1
E01935,2026,25684000000,consolidated,8259,2053,2026,0
E01939,2022,20324000000,nonconsolidated,,,2026,4
E01939,2023,29751000000,nonconsolidated,,,2026,3
E01939,2024,20734000000,nonconsolidated,,,2026,2
E01939,2025,21951000000,nonconsolidated,,,2026,1
E01939,2026,40297000000,nonconsolidated,5110,1039,2026,0
E01940,2022,13000000,consolidated,,,2026,4
E01940,2023,-278000000,nonconsolidated,,,2026,3
E01940,2024,143000000,nonconsolidated,,,2026,2
E01940,2025,245000000,nonconsolidated,,,2026,1
E01940,2026,137000000,nonconsolidated,,196,2026,0
E01946,2022,213395000000,consolidated,,,2026,4
E01946,2023,231327000000,consolidated,,,2026,3
E01946,2024,181755000000,consolidated,,,2026,2
E01946,2025,196738000000,consolidated,,,2026,1
E01946,2026,227485000000,consolidated,10040,4842,2026,0
E01947,2022,9888000000,consolidated,,,2026,4
E01947,2023,6727000000,consolidated,,,2026,3
E01947,2024,9786000000,consolidated,,,2026,2
E01947,2025,9770000000,consolidated,,,2026,1
E01947,2026,8601000000,consolidated,3765,1286,2026,0
E01950,2022,93667000000,nonconsolidated,,,2026,4
E01950,2023,150368000000,nonconsolidated,,,2026,3
E01950,2024,58068000000,nonconsolidated,,,2026,2
E01950,2025,226951000000,nonconsolidated,,,2026,1
E01950,2026,425372000000,nonconsolidated,7241,2033,2026,0
E01951,2022,10398000000,consolidated,,,2026,4
E01951,2023,14403000000,consolidated,,,2026,3
E01951,2024,6920000000,consolidated,,,2026,2
E01951,2025,3477000000,consolidated,,,2026,1
E01951,2026,6569000000,consolidated,3006,530,2026,0
E01952,2022,6547911000,consolidated,,,2026,4
E01952,2023,5106100000,consolidated,,,2026,3
E01952,2024,3192178000,consolidated,,,2026,2
E01952,2025,412485000,consolidated,,,2026,1
E01952,2026,734799000,consolidated,2995,639,2026,0
E01953,2022,82551000000,consolidated,,,2026,4
E01953,2023,109530000000,consolidated,,,2026,3
E01953,2024,69200000000,consolidated,,,2026,2
E01953,2025,-29698000000,consolidated,,,2026,1
E01953,2026,19222000000,consolidated,21756,4199,2026,0
E01954,2022,718845000,consolidated,,,2026,4
E01954,2023,568627000,consolidated,,,2026,3
E01954,2024,989719000,consolidated,,,2026,2
E01954,2025,815713000,consolidated,,,2026,1
E01954,2026,906226000,consolidated,484,289,2026,0
E01956,2022,16649000000,nonconsolidated,,,2026,4
E01956,2023,44997000000,nonconsolidated,,,2026,3
E01956,2024,32673000000,nonconsolidated,,,2026,2
E01956,2025,48473000000,nonconsolidated,,,2026,1
E01956,2026,61743000000,nonconsolidated,5186,259,2026,0
E01959,2022,3305000000,consolidated,,,2026,4
E01959,2023,2622000000,consolidated,,,2026,3
E01959,2024,4795000000,consolidated,,,2026,2
E01959,2025,5533000000,consolidated,,,2026,1
E01959,2026,4136000000,consolidated,4304,1129,2026,0
E01966,2022,4177000000,consolidated,,,2026,4
E01966,2023,4735000000,consolidated,,,2026,3
E01966,2024,5439000000,consolidated,,,2026,2
E01966,2025,5936000000,consolidated,,,2026,1
E01966,2026,7133000000,consolidated,1656,451,2026,0
E01967,2022,431240000000,consolidated,,,2026,4
E01967,2023,512830000000,consolidated,,,2026,3
E01967,2024,519295000000,consolidated,,,2026,2
E01967,2025,561010000000,consolidated,,,2026,1
E01967,2026,635756000000,consolidated,12784,3306,2026,0
E01968,2022,1805000000,consolidated,,,2026,4
E01968,2023,1925000000,consolidated,,,2026,3
E01968,2024,2152000000,consolidated,,,2026,2
E01968,2025,2711000000,consolidated,,,2026,1
E01968,2026,5358000000,consolidated,763,667,2026,0
E01974,2022,878406000,consolidated,,,2026,4
E01974,2023,1042775000,consolidated,,,2026,3
E01974,2024,459146000,consolidated,,,2026,2
E01974,2025,-394932000,consolidated,,,2026,1
E01974,2026,407988000,consolidated,262,136,2026,0
E01979,2022,8746313000,consolidated,,,2026,4
E01979,2023,9450481000,consolidated,,,2026,3
E01979,2024,2914249000,consolidated,,,2026,2
E01979,2025,7689163000,consolidated,,,2026,1
E01979,2026,12126798000,consolidated,2060,398,2026,0
E01981,2022,3030000000,consolidated,,,2026,4
E01981,2023,3119000000,consolidated,,,2026,3
E01981,2024,4280000000,consolidated,,,2026,2
E01981,2025,1225000000,consolidated,,,2026,1
E01981,2026,5492000000,consolidated,1235,536,2026,0
E01986,2022,4249000000,consolidated,,,2026,4
E01986,2023,3630000000,consolidated,,,2026,3
E01986,2024,5724000000,consolidated,,,2026,2
E01986,2025,5411000000,consolidated,,,2026,1
E01986,2026,5935000000,consolidated,1648,508,2026,0
E01989,2022,2054339000,consolidated,,,2026,4
E01989,2023,1805660000,consolidated,,,2026,3
E01989,2024,291946000,consolidated,,,2026,2
E01989,2025,669392000,consolidated,,,2026,1
E01989,2026,1766872000,consolidated,1293,544,2026,0
E01992,2022,2142874000,consolidated,,,2026,4
E01992,2023,2536660000,consolidated,,,2026,3
E01992,2024,1268655000,consolidated,,,2026,2
E01992,2025,585576000,consolidated,,,2026,1
E01992,2026,384498000,consolidated,334,272,2026,0
E01993,2022,2017489000,nonconsolidated,,,2026,4
E01993,2023,2495010000,nonconsolidated,,,2026,3
E01993,2024,2274039000,nonconsolidated,,,2026,2
E01993,2025,1535466000,nonconsolidated,,,2026,1
E01993,2026,772541000,nonconsolidated,,199,2026,0
E02002,2022,3954000000,consolidated,,,2026,4
E02002,2023,4152000000,consolidated,,,2026,3
E02002,2024,7477000000,consolidated,,,2026,2
E02002,2025,7067000000,consolidated,,,2026,1
E02002,2026,6899000000,consolidated,1295,845,2026,0
E02012,2022,939586000,consolidated,,,2026,4
E02012,2023,1055493000,consolidated,,,2026,3
E02012,2024,796307000,consolidated,,,2026,2
E02012,2025,136468000,consolidated,,,2026,1
E02012,2026,863037000,consolidated,588,299,2026,0
E02013,2022,840590000,consolidated,,,2026,4
E02013,2023,2095297000,consolidated,,,2026,3
E02013,2024,3081316000,consolidated,,,2026,2
E02013,2025,1584326000,consolidated,,,2026,1
E02013,2026,1326174000,consolidated,4282,689,2026,0
E02015,2022,48343000000,nonconsolidated,,,2026,4
E02015,2023,57764000000,nonconsolidated,,,2026,3
E02015,2024,65968000000,nonconsolidated,,,2026,2
E02015,2025,65598000000,nonconsolidated,,,2026,1
E02015,2026,41041000000,nonconsolidated,10861,3011,2026,0
E02021,2022,351591000,consolidated,,,2026,4
E02021,2023,332869000,consolidated,,,2026,3
E02021,2024,386942000,consolidated,,,2026,2
E02021,2025,353539000,consolidated,,,2026,1
E02021,2026,396005000,consolidated,123,122,2026,0
E02024,2022,25994000000,consolidated,,,2026,4
E02024,2023,42448000000,consolidated,,,2026,3
E02024,2024,26537000000,consolidated,,,2026,2
E02024,2025,25558000000,consolidated,,,2026,1
E02024,2026,26063000000,consolidated,16858,519,2026,0
E02025,2022,215785000,consolidated,,,2026,4
E02025,2023,634579000,consolidated,,,2026,3
E02025,2024,938980000,consolidated,,,2026,2
E02025,2025,1307228000,consolidated,,,2026,1
E02025,2026,599498000,consolidated,566,412,2026,0
E02027,2022,6045000000,consolidated,,,2026,4
E02027,2023,6269768000,consolidated,,,2026,3
E02027,2024,4809381000,consolidated,,,2026,2
E02027,2025,5451411000,consolidated,,,2026,1
E02027,2026,7921295000,consolidated,1038,498,2026,0
E02028,2022,184663000,consolidated,,,2026,4
E02028,2023,-4035000,consolidated,,,2026,3
E02028,2024,434794000,consolidated,,,2026,2
E02028,2025,348124000,consolidated,,,2026,1
E02028,2026,420431000,consolidated,366,212,2026,0
E02042,2022,7857606000,consolidated,,,2026,4
E02042,2023,7311611000,consolidated,,,2026,3
E02042,2024,3456428000,consolidated,,,2026,2
E02042,2025,2608368000,consolidated,,,2026,1
E02042,2026,1476000,consolidated,328,318,2026,0
E02043,2022,5092000000,consolidated,,,2026,4
E02043,2023,3338000000,consolidated,,,2026,3
E02043,2024,1007000000,consolidated,,,2026,2
E02043,2025,4640000000,consolidated,,,2026,1
E02043,2026,7177000000,consolidated,1234,842,2026,0
E02048,2022,513000000,consolidated,,,2026,4
E02048,2023,619000000,consolidated,,,2026,3
E02048,2024,911000000,consolidated,,,2026,2
E02048,2025,992000000,consolidated,,,2026,1
E02048,2026,547000000,consolidated,1191,262,2026,0
E02049,2022,2065000000,consolidated,,,2026,4
E02049,2023,2513000000,consolidated,,,2026,3
E02049,2024,2137000000,consolidated,,,2026,2
E02049,2025,674000000,consolidated,,,2026,1
E02049,2026,564000000,consolidated,211,172,2026,0
E02051,2022,4134035000,consolidated,,,2026,4
E02051,2023,501284000,consolidated,,,2026,3
E02051,2024,-1287359000,consolidated,,,2026,2
E02051,2025,419175000,consolidated,,,2026,1
E02051,2026,728320000,consolidated,1944,1489,2026,0
E02055,2022,2685110000,consolidated,,,2026,4
E02055,2023,2439185000,consolidated,,,2026,3
E02055,2024,2351481000,consolidated,,,2026,2
E02055,2025,2782848000,consolidated,,,2026,1
E02055,2026,1794041000,consolidated,409,385,2026,0
E02056,2022,14294000000,consolidated,,,2026,4
E02056,2023,11212000000,consolidated,,,2026,3
E02056,2024,14267000000,consolidated,,,2026,2
E02056,2025,18763000000,consolidated,,,2026,1
E02056,2026,26488000000,consolidated,14332,565,2026,0
E02059,2022,14351000000,consolidated,,,2026,4
E02059,2023,2867000000,consolidated,,,2026,3
E02059,2024,9852000000,consolidated,,,2026,2
E02059,2025,10394000000,consolidated,,,2026,1
E02059,2026,14003000000,consolidated,930,404,2026,0
E02066,2022,14398000000,consolidated,,,2026,4
E02066,2023,11376000000,consolidated,,,2026,3
E02066,2024,13360000000,consolidated,,,2026,2
E02066,2025,13190000000,consolidated,,,2026,1
E02066,2026,16605000000,consolidated,2077,880,2026,0
E02069,2022,12110000000,consolidated,,,2026,4
E02069,2023,6126000000,consolidated,,,2026,3
E02069,2024,6326000000,consolidated,,,2026,2
E02069,2025,4555000000,consolidated,,,2026,1
E02069,2026,3772000000,consolidated,2289,1033,2026,0
E02070,2022,9673717000,consolidated,,,2026,4
E02070,2023,14174666000,consolidated,,,2026,3
E02070,2024,-4114510000,consolidated,,,2026,2
E02070,2025,709844000,consolidated,,,2026,1
E02070,2026,5133016000,consolidated,307,215,2026,0
E02073,2022,1367552000,consolidated,,,2026,4
E02073,2023,4260220000,consolidated,,,2026,3
E02073,2024,12102168000,consolidated,,,2026,2
E02073,2025,12231796000,consolidated,,,2026,1
E02073,2026,9831817000,consolidated,796,433,2026,0
E02077,2022,1001000000,consolidated,,,2026,4
E02077,2023,1813000000,consolidated,,,2026,3
E02077,2024,2449000000,consolidated,,,2026,2
E02077,2025,1542000000,consolidated,,,2026,1
E02077,2026,1792000000,consolidated,132,104,2026,0
E02086,2022,13083000000,consolidated,,,2026,4
E02086,2023,4718000000,consolidated,,,2026,3
E02086,2024,2575000000,consolidated,,,2026,2
E02086,2025,9030000000,consolidated,,,2026,1
E02086,2026,10219000000,consolidated,963,611,2026,0
E02109,2022,1476000000,consolidated,,,2026,4
E02109,2023,2504000000,consolidated,,,2026,3
E02109,2024,2161000000,consolidated,,,2026,2
E02109,2025,2594000000,consolidated,,,2026,1
E02109,2026,1822000000,consolidated,1211,359,2026,0
E02114,2022,2688298000,consolidated,,,2026,4
E02114,2023,3789949000,consolidated,,,2026,3
E02114,2024,4882139000,consolidated,,,2026,2
E02114,2025,8441607000,consolidated,,,2026,1
E02114,2026,8907488000,consolidated,2152,936,2026,0
E02123,2022,-25742000000,consolidated,,,2026,4
E02123,2023,12532000000,consolidated,,,2026,3
E02123,2024,20711000000,consolidated,,,2026,2
E02123,2025,27756000000,consolidated,,,2026,1
E02123,2026,44892000000,consolidated,5998,2284,2026,0
E02124,2022,11783000000,consolidated,,,2026,4
E02124,2023,17834000000,consolidated,,,2026,3
E02124,2024,25646000000,consolidated,,,2026,2
E02124,2025,24329000000,consolidated,,,2026,1
E02124,2026,13621000000,consolidated,12666,4088,2026,0
E02126,2022,84020000000,nonconsolidated,,,2026,4
E02126,2023,89308000000,nonconsolidated,,,2026,3
E02126,2024,120278000000,nonconsolidated,,,2026,2
E02126,2025,187257000000,nonconsolidated,,,2026,1
E02126,2026,293462000000,nonconsolidated,78793,23373,2026,0
E02127,2022,29934000000,consolidated,,,2026,4
E02127,2023,80346000000,consolidated,,,2026,3
E02127,2024,-10984000000,nonconsolidated,,,2026,2
E02127,2025,59416000000,nonconsolidated,,,2026,1
E02127,2026,78632000000,nonconsolidated,41652,15361,2026,0
E02128,2022,8377000000,nonconsolidated,,,2026,4
E02128,2023,57025000000,nonconsolidated,,,2026,3
E02128,2024,-89906000000,nonconsolidated,,,2026,2
E02128,2025,110012000000,nonconsolidated,,,2026,1
E02128,2026,115169000000,nonconsolidated,26224,8199,2026,0
E02129,2022,-8244000000,consolidated,,,2026,4
E02129,2023,11369000000,consolidated,,,2026,3
E02129,2024,20007000000,consolidated,,,2026,2
E02129,2025,29504000000,consolidated,,,2026,1
E02129,2026,29535000000,consolidated,2436,1158,2026,0
E02131,2022,423000000,consolidated,,,2026,4
E02131,2023,638000000,consolidated,,,2026,3
E02131,2024,3088000000,consolidated,,,2026,2
E02131,2025,1177000000,consolidated,,,2026,1
E02131,2026,3002000000,consolidated,600,548,2026,0
E02134,2022,6317000000,consolidated,,,2026,4
E02134,2023,4494000000,consolidated,,,2026,3
E02134,2024,6306000000,consolidated,,,2026,2
E02134,2025,7297000000,consolidated,,,2026,1
E02134,2026,11986000000,consolidated,2176,2061,2026,0
E02138,2022,2179000000,consolidated,,,2026,4
E02138,2023,1283000000,consolidated,,,2026,3
E02138,2024,5008000000,consolidated,,,2026,2
E02138,2025,339000000,consolidated,,,2026,1
E02138,2026,192000000,consolidated,1163,989,2026,0
E02140,2022,60613000000,consolidated,,,2026,4
E02140,2023,48532000000,consolidated,,,2026,3
E02140,2024,63265000000,consolidated,,,2026,2
E02140,2025,49147000000,consolidated,,,2026,1
E02140,2026,58791000000,consolidated,21507,4247,2026,0
E02142,2022,306117000000,consolidated,,,2026,4
E02142,2023,515443000000,consolidated,,,2026,3
E02142,2024,702161000000,consolidated,,,2026,2
E02142,2025,210168000000,consolidated,,,2026,1
E02142,2026,1081000000,consolidated,120079,23174,2026,0
E02143,2022,208406000000,consolidated,,,2026,4
E02143,2023,269872000000,consolidated,,,2026,3
E02143,2024,313039000000,consolidated,,,2026,2
E02143,2025,248231000000,consolidated,,,2026,1
E02143,2026,60695000000,nonconsolidated,43005,9089,2026,0
E02144,2022,2171530000000,nonconsolidated,,,2026,4
E02144,2023,3520848000000,nonconsolidated,,,2026,3
E02144,2024,5578695000000,nonconsolidated,,,2026,2
E02144,2025,4538037000000,nonconsolidated,,,2026,1
E02144,2026,4197319000000,nonconsolidated,390927,73133,2026,0
E02147,2022,14012000000,nonconsolidated,,,2026,4
E02147,2023,16189000000,nonconsolidated,,,2026,3
E02147,2024,23412000000,nonconsolidated,,,2026,2
E02147,2025,15369000000,nonconsolidated,,,2026,1
E02147,2026,19440000000,nonconsolidated,13418,4414,2026,0
E02150,2022,-2541000000,consolidated,,,2026,4
E02150,2023,5118000000,consolidated,,,2026,3
E02150,2024,1392000000,consolidated,,,2026,2
E02150,2025,5847000000,consolidated,,,2026,1
E02150,2026,15080000000,consolidated,3639,1668,2026,0
E02152,2022,76156000000,nonconsolidated,,,2026,4
E02152,2023,288679000000,nonconsolidated,,,2026,3
E02152,2024,351150000000,nonconsolidated,,,2026,2
E02152,2025,386708000000,nonconsolidated,,,2026,1
E02152,2026,39680000000,nonconsolidated,37542,17948,2026,0
E02154,2022,12673000000,consolidated,,,2026,4
E02154,2023,13714000000,consolidated,,,2026,3
E02154,2024,13461000000,consolidated,,,2026,2
E02154,2025,10279000000,consolidated,,,2026,1
E02154,2026,14026000000,consolidated,5433,1756,2026,0
E02155,2022,5997000000,consolidated,,,2026,4
E02155,2023,2083000000,consolidated,,,2026,3
E02155,2024,5339000000,consolidated,,,2026,2
E02155,2025,8101000000,consolidated,,,2026,1
E02155,2026,12378000000,consolidated,4087,1525,2026,0
E02158,2022,95985000,consolidated,,,2026,4
E02158,2023,849153000,consolidated,,,2026,3
E02158,2024,1548895000,consolidated,,,2026,2
E02158,2025,1920633000,consolidated,,,2026,1
E02158,2026,2541743000,consolidated,816,492,2026,0
E02161,2022,6072000000,consolidated,,,2026,4
E02161,2023,2256000000,consolidated,,,2026,3
E02161,2024,3780000000,consolidated,,,2026,2
E02161,2025,-2271000000,consolidated,,,2026,1
E02161,2026,4790000000,consolidated,5096,745,2026,0
E02162,2022,10255000000,consolidated,,,2026,4
E02162,2023,14083000000,consolidated,,,2026,3
E02162,2024,17201000000,consolidated,,,2026,2
E02162,2025,19292000000,consolidated,,,2026,1
E02162,2026,19229000000,consolidated,8712,2580,2026,0
E02163,2022,123525000000,consolidated,,,2026,4
E02163,2023,185936000000,consolidated,,,2026,3
E02163,2024,320120000000,consolidated,,,2026,2
E02163,2025,188996000000,consolidated,,,2026,1
E02163,2026,131835000000,consolidated,47144,22857,2026,0
E02166,2022,613644000000,nonconsolidated,,,2026,4
E02166,2023,647422000000,nonconsolidated,,,2026,3
E02166,2024,859011000000,nonconsolidated,,,2026,2
E02166,2025,1025746000000,nonconsolidated,,,2026,1
E02166,2026,529933000000,nonconsolidated,195109,32547,2026,0
E02167,2022,262917000000,consolidated,,,2026,4
E02167,2023,382807000000,consolidated,,,2026,3
E02167,2024,488525000000,consolidated,,,2026,2
E02167,2025,622089000000,consolidated,,,2026,1
E02167,2026,284389000000,nonconsolidated,76889,17871,2026,0
E02169,2022,2815825000,consolidated,,,2026,4
E02169,2023,4273120000,consolidated,,,2026,3
E02169,2024,3940649000,consolidated,,,2026,2
E02169,2025,4429567000,consolidated,,,2026,1
E02169,2026,5002222000,consolidated,497,455,2026,0
E02170,2022,7567000000,consolidated,,,2026,4
E02170,2023,1187000000,consolidated,,,2026,3
E02170,2024,5617000000,consolidated,,,2026,2
E02170,2025,6890000000,consolidated,,,2026,1
E02170,2026,9478000000,consolidated,3585,1181,2026,0
E02171,2022,1372842000,consolidated,,,2026,4
E02171,2023,1405866000,consolidated,,,2026,3
E02171,2024,1278377000,consolidated,,,2026,2
E02171,2025,649115000,consolidated,,,2026,1
E02171,2026,1177100000,consolidated,509,174,2026,0
E02172,2022,3135000000,consolidated,,,2026,4
E02172,2023,2640000000,consolidated,,,2026,3
E02172,2024,3149000000,consolidated,,,2026,2
E02172,2025,2837000000,consolidated,,,2026,1
E02172,2026,3340000000,consolidated,4750,1305,2026,0
E02173,2022,123426000,nonconsolidated,,,2026,4
E02173,2023,999458000,nonconsolidated,,,2026,3
E02173,2024,2151481000,nonconsolidated,,,2026,2
E02173,2025,2152900000,nonconsolidated,,,2026,1
E02173,2026,2507957000,nonconsolidated,,245,2026,0
E02174,2022,-11401000000,consolidated,,,2026,4
E02174,2023,-13889000000,consolidated,,,2026,3
E02174,2024,1722000000,consolidated,,,2026,2
E02174,2025,-1288000000,consolidated,,,2026,1
E02174,2026,5702000000,consolidated,7358,648,2026,0
E02175,2022,4836000000,consolidated,,,2026,4
E02175,2023,2909000000,consolidated,,,2026,3
E02175,2024,5825000000,consolidated,,,2026,2
E02175,2025,6820000000,consolidated,,,2026,1
E02175,2026,7402000000,consolidated,7267,1374,2026,0
E02176,2022,46168000000,consolidated,,,2026,4
E02176,2023,26557000000,consolidated,,,2026,3
E02176,2024,40285000000,consolidated,,,2026,2
E02176,2025,48057000000,consolidated,,,2026,1
E02176,2026,49835000000,consolidated,36655,3153,2026,0
E02180,2022,1696000000,consolidated,,,2026,4
E02180,2023,2095000000,consolidated,,,2026,3
E02180,2024,2553000000,consolidated,,,2026,2
E02180,2025,2188000000,consolidated,,,2026,1
E02180,2026,2702000000,consolidated,338,220,2026,0
E02183,2022,3285825000,consolidated,,,2026,4
E02183,2023,1095216000,consolidated,,,2026,3
E02183,2024,4537203000,consolidated,,,2026,2
E02183,2025,4391994000,consolidated,,,2026,1
E02183,2026,5263260000,consolidated,1512,817,2026,0
E02185,2022,3308000000,consolidated,,,2026,4
E02185,2023,3866000000,consolidated,,,2026,3
E02185,2024,3183000000,consolidated,,,2026,2
E02185,2025,3253000000,consolidated,,,2026,1
E02185,2026,4193000000,consolidated,668,545,2026,0
E02189,2022,2106204000,consolidated,,,2026,4
E02189,2023,1759853000,consolidated,,,2026,3
E02189,2024,2482652000,consolidated,,,2026,2
E02189,2025,1896332000,consolidated,,,2026,1
E02189,2026,4423642000,consolidated,2503,660,2026,0
E02194,2022,-4718000000,consolidated,,,2026,4
E02194,2023,5029000000,consolidated,,,2026,3
E02194,2024,12553000000,consolidated,,,2026,2
E02194,2025,13657000000,consolidated,,,2026,1
E02194,2026,14760000000,consolidated,6916,1759,2026,0
E02195,2022,7807000000,consolidated,,,2026,4
E02195,2023,7768000000,consolidated,,,2026,3
E02195,2024,18489000000,consolidated,,,2026,2
E02195,2025,13281000000,consolidated,,,2026,1
E02195,2026,20840000000,consolidated,10104,4036,2026,0
E02199,2022,1650000000,consolidated,,,2026,4
E02199,2023,1211000000,consolidated,,,2026,3
E02199,2024,3236000000,consolidated,,,2026,2
E02199,2025,910000000,consolidated,,,2026,1
E02199,2026,3007000000,consolidated,4089,1885,2026,0
E02201,2022,1232000000,consolidated,,,2026,4
E02201,2023,-623000000,consolidated,,,2026,3
E02201,2024,841000000,consolidated,,,2026,2
E02201,2025,309000000,consolidated,,,2026,1
E02201,2026,1730000000,consolidated,1893,713,2026,0
E02203,2022,11672000000,nonconsolidated,,,2026,4
E02203,2023,10788000000,nonconsolidated,,,2026,3
E02203,2024,13154000000,nonconsolidated,,,2026,2
E02203,2025,15345000000,nonconsolidated,,,2026,1
E02203,2026,20285000000,nonconsolidated,10970,2514,2026,0
E02205,2022,7529000000,consolidated,,,2026,4
E02205,2023,6049000000,consolidated,,,2026,3
E02205,2024,22344000000,consolidated,,,2026,2
E02205,2025,19788000000,consolidated,,,2026,1
E02205,2026,23945000000,consolidated,21202,3328,2026,0
E02210,2022,-3536000000,consolidated,,,2026,4
E02210,2023,1973000000,consolidated,,,2026,3
E02210,2024,8755000000,consolidated,,,2026,2
E02210,2025,10768000000,consolidated,,,2026,1
E02210,2026,13810000000,consolidated,8790,1264,2026,0
E02213,2022,100969000000,consolidated,,,2026,4
E02213,2023,182022000000,consolidated,,,2026,3
E02213,2024,209040000000,consolidated,,,2026,2
E02213,2025,98602000000,consolidated,,,2026,1
E02213,2026,78908000000,consolidated,27695,13498,2026,0
E02214,2022,-1983000000,nonconsolidated,,,2026,4
E02214,2023,24109000000,nonconsolidated,,,2026,3
E02214,2024,29294000000,nonconsolidated,,,2026,2
E02214,2025,7434000000,nonconsolidated,,,2026,1
E02214,2026,6458000000,nonconsolidated,13246,1453,2026,0
E02216,2022,-289000000,consolidated,,,2026,4
E02216,2023,-749000000,consolidated,,,2026,3
E02216,2024,2920000000,consolidated,,,2026,2
E02216,2025,2006000000,consolidated,,,2026,1
E02216,2026,2499000000,consolidated,5588,974,2026,0
E02217,2022,5723000000,consolidated,,,2026,4
E02217,2023,6419000000,consolidated,,,2026,3
E02217,2024,9316000000,consolidated,,,2026,2
E02217,2025,9906000000,consolidated,,,2026,1
E02217,2026,10408000000,consolidated,3682,934,2026,0
E02219,2022,2284000000,consolidated,,,2026,4
E02219,2023,2992000000,consolidated,,,2026,3
E02219,2024,4517000000,consolidated,,,2026,2
E02219,2025,-2077000000,consolidated,,,2026,1
E02219,2026,3776000000,consolidated,5405,445,2026,0
E02221,2022,5575000000,nonconsolidated,,,2026,4
E02221,2023,4395000000,nonconsolidated,,,2026,3
E02221,2024,9050000000,nonconsolidated,,,2026,2
E02221,2025,12426000000,nonconsolidated,,,2026,1
E02221,2026,16453000000,nonconsolidated,7804,1017,2026,0
E02222,2022,2729000000,nonconsolidated,,,2026,4
E02222,2023,-297000000,nonconsolidated,,,2026,3
E02222,2024,5307000000,nonconsolidated,,,2026,2
E02222,2025,5772000000,nonconsolidated,,,2026,1
E02222,2026,7894000000,nonconsolidated,4584,1023,2026,0
E02223,2022,1409697000,consolidated,,,2026,4
E02223,2023,585909000,consolidated,,,2026,3
E02223,2024,321663000,consolidated,,,2026,2
E02223,2025,377626000,consolidated,,,2026,1
E02223,2026,653284000,consolidated,640,343,2026,0
E02225,2022,1784336000,consolidated,,,2026,4
E02225,2023,1051689000,consolidated,,,2026,3
E02225,2024,1928348000,consolidated,,,2026,2
E02225,2025,2340354000,consolidated,,,2026,1
E02225,2026,2743194000,consolidated,1261,544,2026,0
E02226,2022,363954000,consolidated,,,2026,4
E02226,2023,706481000,consolidated,,,2026,3
E02226,2024,708006000,consolidated,,,2026,2
E02226,2025,33679000,consolidated,,,2026,1
E02226,2026,167257000,consolidated,337,160,2026,0
E02227,2022,-430000000,consolidated,,,2026,4
E02227,2023,1346000000,consolidated,,,2026,3
E02227,2024,567000000,consolidated,,,2026,2
E02227,2025,939000000,consolidated,,,2026,1
E02227,2026,2169000000,consolidated,1706,560,2026,0
E02228,2022,12532000000,consolidated,,,2026,4
E02228,2023,14284000000,consolidated,,,2026,3
E02228,2024,18896000000,consolidated,,,2026,2
E02228,2025,17529000000,consolidated,,,2026,1
E02228,2026,18480000000,consolidated,8061,1220,2026,0
E02229,2022,1292000000,consolidated,,,2026,4
E02229,2023,1921000000,consolidated,,,2026,3
E02229,2024,3001000000,consolidated,,,2026,2
E02229,2025,3047000000,consolidated,,,2026,1
E02229,2026,7495000000,consolidated,7300,742,2026,0
E02231,2022,616000000,consolidated,,,2026,4
E02231,2023,28000000,consolidated,,,2026,3
E02231,2024,260000000,consolidated,,,2026,2
E02231,2025,511000000,consolidated,,,2026,1
E02231,2026,2122000000,consolidated,2596,1167,2026,0
E02234,2022,1963147000,consolidated,,,2026,4
E02234,2023,770063000,consolidated,,,2026,3
E02234,2024,1950037000,consolidated,,,2026,2
E02234,2025,1062775000,consolidated,,,2026,1
E02234,2026,1205812000,consolidated,1061,611,2026,0
E02237,2022,9435000000,consolidated,,,2026,4
E02237,2023,7030000000,consolidated,,,2026,3
E02237,2024,15560000000,consolidated,,,2026,2
E02237,2025,17981000000,consolidated,,,2026,1
E02237,2026,20230000000,consolidated,12227,1111,2026,0
E02241,2022,1291539000,consolidated,,,2026,4
E02241,2023,2841934000,consolidated,,,2026,3
E02241,2024,3974301000,consolidated,,,2026,2
E02241,2025,3135451000,consolidated,,,2026,1
E02241,2026,2554331000,consolidated,1383,428,2026,0
E02244,2022,2713000000,consolidated,,,2026,4
E02244,2023,328000000,consolidated,,,2026,3
E02244,2024,4832000000,consolidated,,,2026,2
E02244,2025,4872000000,consolidated,,,2026,1
E02244,2026,3316000000,consolidated,2888,1250,2026,0
E02245,2022,1036000000,consolidated,,,2026,4
E02245,2023,1348000000,consolidated,,,2026,3
E02245,2024,3088000000,consolidated,,,2026,2
E02245,2025,609000000,consolidated,,,2026,1
E02245,2026,1618000000,consolidated,4069,403,2026,0
E02246,2022,1761000000,consolidated,,,2026,4
E02246,2023,-498000000,consolidated,,,2026,3
E02246,2024,1781000000,consolidated,,,2026,2
E02246,2025,2861000000,consolidated,,,2026,1
E02246,2026,1591000000,consolidated,1764,816,2026,0
E02247,2022,1954159000,consolidated,,,2026,4
E02247,2023,3319845000,consolidated,,,2026,3
E02247,2024,1328784000,consolidated,,,2026,2
E02247,2025,1767531000,consolidated,,,2026,1
E02247,2026,2948028000,consolidated,2499,307,2026,0
E02248,2022,239117000,consolidated,,,2026,4
E02248,2023,487861000,consolidated,,,2026,3
E02248,2024,671455000,consolidated,,,2026,2
E02248,2025,814111000,consolidated,,,2026,1
E02248,2026,941185000,consolidated,569,218,2026,0
E02252,2022,11821000000,consolidated,,,2026,4
E02252,2023,9902000000,consolidated,,,2026,3
E02252,2024,12106000000,consolidated,,,2026,2
E02252,2025,13536000000,consolidated,,,2026,1
E02252,2026,16324000000,consolidated,7313,3669,2026,0
E02258,2022,3781000000,consolidated,,,2026,4
E02258,2023,4946000000,consolidated,,,2026,3
E02258,2024,2558000000,consolidated,,,2026,2
E02258,2025,1905000000,consolidated,,,2026,1
E02258,2026,2306000000,consolidated,501,273,2026,0
E02265,2022,65577000000,consolidated,,,2026,4
E02265,2023,70882000000,consolidated,,,2026,3
E02265,2024,76895000000,consolidated,,,2026,2
E02265,2025,72018000000,consolidated,,,2026,1
E02265,2026,82753000000,consolidated,14649,3779,2026,0
E02266,2022,1926000000,consolidated,,,2026,4
E02266,2023,1687000000,consolidated,,,2026,3
E02266,2024,2990000000,consolidated,,,2026,2
E02266,2025,5001000000,consolidated,,,2026,1
E02266,2026,5492000000,consolidated,1768,1420,2026,0
E02267,2022,3814000000,consolidated,,,2026,4
E02267,2023,4654000000,consolidated,,,2026,3
E02267,2024,4265000000,consolidated,,,2026,2
E02267,2025,4764000000,consolidated,,,2026,1
E02267,2026,5208000000,consolidated,1719,1182,2026,0
E02269,2022,1437628000,consolidated,,,2026,4
E02269,2023,1533209000,consolidated,,,2026,3
E02269,2024,844701000,consolidated,,,2026,2
E02269,2025,419377000,consolidated,,,2026,1
E02269,2026,11206000,consolidated,641,436,2026,0
E02270,2022,469616000,consolidated,,,2026,4
E02270,2023,1228172000,consolidated,,,2026,3
E02270,2024,1572960000,consolidated,,,2026,2
E02270,2025,1444163000,consolidated,,,2026,1
E02270,2026,1771988000,consolidated,678,399,2026,0
E02271,2022,21040000000,nonconsolidated,,,2026,4
E02271,2023,72139000000,nonconsolidated,,,2026,3
E02271,2024,41648000000,nonconsolidated,,,2026,2
E02271,2025,2419000000,nonconsolidated,,,2026,1
E02271,2026,-18035000000,nonconsolidated,19928,4656,2026,0
E02272,2022,57187000000,nonconsolidated,,,2026,4
E02272,2023,152299000000,nonconsolidated,,,2026,3
E02272,2024,135139000000,nonconsolidated,,,2026,2
E02272,2025,69516000000,nonconsolidated,,,2026,1
E02272,2026,77204000000,nonconsolidated,28138,2469,2026,0
E02275,2022,30314000000,nonconsolidated,,,2026,4
E02275,2023,14290000000,nonconsolidated,,,2026,3
E02275,2024,54661000000,nonconsolidated,,,2026,2
E02275,2025,28581000000,nonconsolidated,,,2026,1
E02275,2026,90304000000,nonconsolidated,75635,4596,2026,0
E02280,2022,9939000000,consolidated,,,2026,4
E02280,2023,11167000000,consolidated,,,2026,3
E02280,2024,15894000000,consolidated,,,2026,2
E02280,2025,20769000000,consolidated,,,2026,1
E02280,2026,33119000000,consolidated,11326,175,2026,0
E02281,2022,27342000000,consolidated,,,2026,4
E02281,2023,29096000000,consolidated,,,2026,3
E02281,2024,30810000000,consolidated,,,2026,2
E02281,2025,23024000000,consolidated,,,2026,1
E02281,2026,38456000000,consolidated,12147,770,2026,0
E02285,2022,8819898000,consolidated,,,2026,4
E02285,2023,11944056000,consolidated,,,2026,3
E02285,2024,12272142000,consolidated,,,2026,2
E02285,2025,10830981000,consolidated,,,2026,1
E02285,2026,13443943000,consolidated,1465,1147,2026,0
E02286,2022,1744000000,consolidated,,,2026,4
E02286,2023,2294000000,consolidated,,,2026,3
E02286,2024,2413000000,consolidated,,,2026,2
E02286,2025,3034000000,consolidated,,,2026,1
E02286,2026,3326000000,consolidated,1125,693,2026,0
E02288,2022,59438000000,consolidated,,,2026,4
E02288,2023,77393000000,consolidated,,,2026,3
E02288,2024,94279000000,consolidated,,,2026,2
E02288,2025,138265000000,consolidated,,,2026,1
E02288,2026,124323000000,consolidated,6884,653,2026,0
E02289,2022,29160000000,consolidated,,,2026,4
E02289,2023,35297000000,consolidated,,,2026,3
E02289,2024,26453000000,consolidated,,,2026,2
E02289,2025,29939000000,consolidated,,,2026,1
E02289,2026,34825000000,consolidated,2890,1428,2026,0
E02294,2022,1286000000,consolidated,,,2026,4
E02294,2023,1246000000,consolidated,,,2026,3
E02294,2024,1259000000,consolidated,,,2026,2
E02294,2025,1160000000,consolidated,,,2026,1
E02294,2026,1979000000,consolidated,2432,468,2026,0
E02303,2022,1126000000,consolidated,,,2026,4
E02303,2023,586000000,consolidated,,,2026,3
E02303,2024,145000000,consolidated,,,2026,2
E02303,2025,514000000,consolidated,,,2026,1
E02303,2026,356000000,consolidated,4887,1477,2026,0
E02304,2022,23422000000,consolidated,,,2026,4
E02304,2023,25081000000,consolidated,,,2026,3
E02304,2024,26990000000,consolidated,,,2026,2
E02304,2025,26633000000,consolidated,,,2026,1
E02304,2026,27341000000,consolidated,3497,786,2026,0
E02307,2022,2322000000,consolidated,,,2026,4
E02307,2023,4664000000,consolidated,,,2026,3
E02307,2024,6919000000,consolidated,,,2026,2
E02307,2025,7793000000,consolidated,,,2026,1
E02307,2026,7473000000,consolidated,1898,845,2026,0
E02329,2022,4312210000,consolidated,,,2026,4
E02329,2023,4954909000,consolidated,,,2026,3
E02329,2024,7390215000,consolidated,,,2026,2
E02329,2025,7575809000,consolidated,,,2026,1
E02329,2026,6862615000,consolidated,2390,771,2026,0
E02333,2022,2091909000,consolidated,,,2026,4
E02333,2023,2515057000,consolidated,,,2026,3
E02333,2024,3227183000,consolidated,,,2026,2
E02333,2025,3535276000,consolidated,,,2026,1
E02333,2026,3147604000,consolidated,777,349,2026,0
E02334,2022,5868000000,consolidated,,,2026,4
E02334,2023,1700000000,consolidated,,,2026,3
E02334,2024,1112000000,consolidated,,,2026,2
E02334,2025,1891000000,consolidated,,,2026,1
E02334,2026,3474000000,consolidated,1027,246,2026,0
E02335,2022,717281000,consolidated,,,2026,4
E02335,2023,188886000,consolidated,,,2026,3
E02335,2024,-153787000,consolidated,,,2026,2
E02335,2025,1411883000,consolidated,,,2026,1
E02335,2026,2296775000,consolidated,296,154,2026,0
E02345,2022,1851058000,nonconsolidated,,,2026,4
E02345,2023,1668300000,nonconsolidated,,,2026,3
E02345,2024,1870610000,nonconsolidated,,,2026,2
E02345,2025,1303692000,nonconsolidated,,,2026,1
E02345,2026,1717693000,nonconsolidated,,239,2026,0
E02348,2022,713817000,consolidated,,,2026,4
E02348,2023,874682000,consolidated,,,2026,3
E02348,2024,742383000,consolidated,,,2026,2
E02348,2025,248644000,consolidated,,,2026,1
E02348,2026,-68340000,consolidated,217,118,2026,0
E02354,2022,4548922000,consolidated,,,2026,4
E02354,2023,4177707000,consolidated,,,2026,3
E02354,2024,4781660000,consolidated,,,2026,2
E02354,2025,4658447000,consolidated,,,2026,1
E02354,2026,4484198000,consolidated,994,179,2026,0
E02357,2022,-494049000,nonconsolidated,,,2026,4
E02357,2023,-725477000,nonconsolidated,,,2026,3
E02357,2024,147009000,nonconsolidated,,,2026,2
E02357,2025,-234487000,nonconsolidated,,,2026,1
E02357,2026,-537443000,nonconsolidated,,200,2026,0
E02362,2022,40883000000,nonconsolidated,,,2026,4
E02362,2023,43104000000,nonconsolidated,,,2026,3
E02362,2024,29347000000,nonconsolidated,,,2026,2
E02362,2025,24535000000,nonconsolidated,,,2026,1
E02362,2026,23173000000,nonconsolidated,17886,3449,2026,0
E02363,2022,7304000000,consolidated,,,2026,4
E02363,2023,5639000000,consolidated,,,2026,3
E02363,2024,4201000000,consolidated,,,2026,2
E02363,2025,474000000,consolidated,,,2026,1
E02363,2026,952000000,consolidated,2917,1316,2026,0
E02367,2022,670813000000,consolidated,,,2026,4
E02367,2023,601070000000,consolidated,,,2026,3
E02367,2024,680497000000,consolidated,,,2026,2
E02367,2025,372316000000,consolidated,,,2026,1
E02367,2026,542196000000,consolidated,8666,3084,2026,0
E02368,2022,63964000000,consolidated,,,2026,4
E02368,2023,60689000000,consolidated,,,2026,3
E02368,2024,60824000000,consolidated,,,2026,2
E02368,2025,70314000000,consolidated,,,2026,1
E02368,2026,54461000000,consolidated,56899,4491,2026,0
E02369,2022,17491000000,consolidated,,,2026,4
E02369,2023,18924000000,consolidated,,,2026,3
E02369,2024,26227000000,consolidated,,,2026,2
E02369,2025,26459000000,consolidated,,,2026,1
E02369,2026,25839000000,consolidated,6082,4494,2026,0
E02373,2022,14856000000,consolidated,,,2026,4
E02373,2023,11490000000,consolidated,,,2026,3
E02373,2024,12792000000,consolidated,,,2026,2
E02373,2025,16005000000,consolidated,,,2026,1
E02373,2026,19677000000,consolidated,6505,6445,2026,0
E02377,2022,685358000,consolidated,,,2026,4
E02377,2023,2152082000,consolidated,,,2026,3
E02377,2024,5488259000,consolidated,,,2026,2
E02377,2025,6790544000,consolidated,,,2026,1
E02377,2026,2388701000,consolidated,1504,134,2026,0
E02380,2022,21882000000,nonconsolidated,,,2026,4
E02380,2023,17002000000,nonconsolidated,,,2026,3
E02380,2024,19190000000,nonconsolidated,,,2026,2
E02380,2025,11638000000,nonconsolidated,,,2026,1
E02380,2026,19304000000,nonconsolidated,13558,1649,2026,0
E02381,2022,8282000000,consolidated,,,2026,4
E02381,2023,10510000000,consolidated,,,2026,3
E02381,2024,13717000000,consolidated,,,2026,2
E02381,2025,14809000000,consolidated,,,2026,1
E02381,2026,18382000000,consolidated,2470,977,2026,0
E02382,2022,12997000000,consolidated,,,2026,4
E02382,2023,12659000000,consolidated,,,2026,3
E02382,2024,8375000000,consolidated,,,2026,2
E02382,2025,6492000000,consolidated,,,2026,1
E02382,2026,7184000000,consolidated,7365,861,2026,0
E02383,2022,653581000,nonconsolidated,,,2026,4
E02383,2023,1025372000,nonconsolidated,,,2026,3
E02383,2024,800715000,nonconsolidated,,,2026,2
E02383,2025,1097938000,nonconsolidated,,,2026,1
E02383,2026,933034000,nonconsolidated,,399,2026,0
E02385,2022,268724000,consolidated,,,2026,4
E02385,2023,396526000,consolidated,,,2026,3
E02385,2024,82136000,consolidated,,,2026,2
E02385,2025,73399000,consolidated,,,2026,1
E02385,2026,78608000,consolidated,247,240,2026,0
E02386,2022,33602000000,consolidated,,,2026,4
E02386,2023,37876000000,consolidated,,,2026,3
E02386,2024,49665000000,consolidated,,,2026,2
E02386,2025,52147000000,consolidated,,,2026,1
E02386,2026,51275000000,consolidated,8886,1412,2026,0
E02387,2022,220661000,consolidated,,,2026,4
E02387,2023,-25265000,consolidated,,,2026,3
E02387,2024,-448492000,consolidated,,,2026,2
E02387,2025,435533000,consolidated,,,2026,1
E02387,2026,244836000,consolidated,372,189,2026,0
E02388,2022,10129000000,consolidated,,,2026,4
E02388,2023,12986000000,consolidated,,,2026,3
E02388,2024,11530000000,consolidated,,,2026,2
E02388,2025,13218000000,consolidated,,,2026,1
E02388,2026,14008000000,consolidated,4123,1034,2026,0
E02390,2022,3451000000,consolidated,,,2026,4
E02390,2023,8785000000,consolidated,,,2026,3
E02390,2024,5263000000,consolidated,,,2026,2
E02390,2025,5446000000,consolidated,,,2026,1
E02390,2026,6482000000,consolidated,1371,332,2026,0
E02394,2022,22698000000,consolidated,,,2026,4
E02394,2023,15602000000,consolidated,,,2026,3
E02394,2024,11537000000,consolidated,,,2026,2
E02394,2025,26090000000,consolidated,,,2026,1
E02394,2026,25666000000,consolidated,5237,2549,2026,0
E02403,2022,10467000000,consolidated,,,2026,4
E02403,2023,26631000000,consolidated,,,2026,3
E02403,2024,22746000000,consolidated,,,2026,2
E02403,2025,21332000000,consolidated,,,2026,1
E02403,2026,33652000000,consolidated,9512,513,2026,0
E02406,2022,4261000000,consolidated,,,2026,4
E02406,2023,3562000000,consolidated,,,2026,3
E02406,2024,1809000000,consolidated,,,2026,2
E02406,2025,2621000000,consolidated,,,2026,1
E02406,2026,4454000000,consolidated,3483,2993,2026,0
E02407,2022,412605000,nonconsolidated,,,2026,4
E02407,2023,508094000,nonconsolidated,,,2026,3
E02407,2024,719788000,nonconsolidated,,,2026,2
E02407,2025,626448000,nonconsolidated,,,2026,1
E02407,2026,766340000,nonconsolidated,,172,2026,0
E02408,2022,1847000000,nonconsolidated,,,2026,4
E02408,2023,2363000000,nonconsolidated,,,2026,3
E02408,2024,3732000000,nonconsolidated,,,2026,2
E02408,2025,3756000000,nonconsolidated,,,2026,1
E02408,2026,4150000000,nonconsolidated,,1446,2026,0
E02409,2022,1205549000,consolidated,,,2026,4
E02409,2023,1816552000,consolidated,,,2026,3
E02409,2024,2253131000,consolidated,,,2026,2
E02409,2025,2111328000,consolidated,,,2026,1
E02409,2026,2921631000,consolidated,1258,866,2026,0
E02410,2022,4644000000,consolidated,,,2026,4
E02410,2023,6201000000,consolidated,,,2026,3
E02410,2024,6202000000,consolidated,,,2026,2
E02410,2025,6364000000,consolidated,,,2026,1
E02410,2026,5872000000,consolidated,2865,1529,2026,0
E02411,2022,650116000,consolidated,,,2026,4
E02411,2023,1255924000,consolidated,,,2026,3
E02411,2024,1470156000,consolidated,,,2026,2
E02411,2025,2028156000,consolidated,,,2026,1
E02411,2026,1794841000,consolidated,533,294,2026,0
E02412,2022,16703000000,consolidated,,,2026,4
E02412,2023,17328000000,consolidated,,,2026,3
E02412,2024,16780000000,consolidated,,,2026,2
E02412,2025,18451000000,consolidated,,,2026,1
E02412,2026,21768000000,consolidated,5306,1024,2026,0
E02414,2022,1138773000,consolidated,,,2026,4
E02414,2023,554253000,consolidated,,,2026,3
E02414,2024,2059001000,consolidated,,,2026,2
E02414,2025,1333130000,consolidated,,,2026,1
E02414,2026,1406108000,consolidated,1048,774,2026,0
E02415,2022,13600000000,consolidated,,,2026,4
E02415,2023,12805000000,consolidated,,,2026,3
E02415,2024,11856000000,consolidated,,,2026,2
E02415,2025,7254000000,consolidated,,,2026,1
E02415,2026,10246000000,consolidated,2902,1324,2026,0
E02417,2022,44330000000,consolidated,,,2026,4
E02417,2023,51369000000,consolidated,,,2026,3
E02417,2024,59422000000,consolidated,,,2026,2
E02417,2025,65635000000,consolidated,,,2026,1
E02417,2026,74134000000,consolidated,3976,3593,2026,0
E02419,2022,22257000000,consolidated,,,2026,4
E02419,2023,59341000000,consolidated,,,2026,3
E02419,2024,73182000000,consolidated,,,2026,2
E02419,2025,74587000000,consolidated,,,2026,1
E02419,2026,63991000000,consolidated,895,760,2026,0
E02423,2022,11102000000,consolidated,,,2026,4
E02423,2023,6828000000,consolidated,,,2026,3
E02423,2024,8910000000,consolidated,,,2026,2
E02423,2025,10366000000,consolidated,,,2026,1
E02423,2026,12303000000,consolidated,2747,1388,2026,0
E02427,2022,7246000000,consolidated,,,2026,4
E02427,2023,9961000000,consolidated,,,2026,3
E02427,2024,12195000000,consolidated,,,2026,2
E02427,2025,13964000000,consolidated,,,2026,1
E02427,2026,16316000000,consolidated,2980,1467,2026,0
E02428,2022,355249000,nonconsolidated,,,2026,4
E02428,2023,335351000,nonconsolidated,,,2026,3
E02428,2024,380398000,nonconsolidated,,,2026,2
E02428,2025,328156000,nonconsolidated,,,2026,1
E02428,2026,459194000,nonconsolidated,,113,2026,0
E02431,2022,-1533000,consolidated,,,2026,4
E02431,2023,140932000,nonconsolidated,,,2026,3
E02431,2024,-552829000,nonconsolidated,,,2026,2
E02431,2025,366071000,nonconsolidated,,,2026,1
E02431,2026,429289000,nonconsolidated,,296,2026,0
E02435,2022,1237550000,consolidated,,,2026,4
E02435,2023,1103364000,consolidated,,,2026,3
E02435,2024,1023757000,consolidated,,,2026,2
E02435,2025,528805000,consolidated,,,2026,1
E02435,2026,1000436000,consolidated,727,616,2026,0
E02441,2022,185276000,consolidated,,,2026,4
E02441,2023,-194529000,consolidated,,,2026,3
E02441,2024,240562000,consolidated,,,2026,2
E02441,2025,281955000,consolidated,,,2026,1
E02441,2026,492866000,consolidated,465,142,2026,0
E02442,2022,825068000,consolidated,,,2026,4
E02442,2023,752617000,consolidated,,,2026,3
E02442,2024,534913000,consolidated,,,2026,2
E02442,2025,773913000,consolidated,,,2026,1
E02442,2026,983432000,consolidated,990,652,2026,0
E02444,2022,3305000000,consolidated,,,2026,4
E02444,2023,1082000000,consolidated,,,2026,3
E02444,2024,1687000000,consolidated,,,2026,2
E02444,2025,3074000000,consolidated,,,2026,1
E02444,2026,4429000000,consolidated,956,703,2026,0
E02447,2022,182503000,consolidated,,,2026,4
E02447,2023,329206000,consolidated,,,2026,3
E02447,2024,246403000,consolidated,,,2026,2
E02447,2025,246711000,consolidated,,,2026,1
E02447,2026,297334000,consolidated,438,173,2026,0
E02450,2022,12666000000,consolidated,,,2026,4
E02450,2023,12043000000,consolidated,,,2026,3
E02450,2024,17807000000,consolidated,,,2026,2
E02450,2025,24033000000,consolidated,,,2026,1
E02450,2026,24551000000,consolidated,2574,630,2026,0
E02458,2022,18822000000,consolidated,,,2026,4
E02458,2023,29791000000,consolidated,,,2026,3
E02458,2024,26453000000,consolidated,,,2026,2
E02458,2025,33188000000,consolidated,,,2026,1
E02458,2026,33462000000,consolidated,1048,758,2026,0
E02459,2022,48870000,nonconsolidated,,,2026,4
E02459,2023,-19748000,nonconsolidated,,,2026,3
E02459,2024,-15769000,nonconsolidated,,,2026,2
E02459,2025,109363000,nonconsolidated,,,2026,1
E02459,2026,75858000,nonconsolidated,,102,2026,0
E02467,2022,5054000000,consolidated,,,2026,4
E02467,2023,2931000000,consolidated,,,2026,3
E02467,2024,3002000000,consolidated,,,2026,2
E02467,2025,1800000000,consolidated,,,2026,1
E02467,2026,2856000000,consolidated,655,589,2026,0
E02475,2022,33344000000,consolidated,,,2026,4
E02475,2023,49473000000,consolidated,,,2026,3
E02475,2024,59778000000,consolidated,,,2026,2
E02475,2025,53114000000,consolidated,,,2026,1
E02475,2026,54205000000,consolidated,9237,408,2026,0
E02488,2022,-599000000,consolidated,,,2026,4
E02488,2023,4066000000,consolidated,,,2026,3
E02488,2024,4923000000,consolidated,,,2026,2
E02488,2025,3406000000,consolidated,,,2026,1
E02488,2026,-3711000000,consolidated,473,473,2026,0
E02489,2022,1688977000,consolidated,,,2026,4
E02489,2023,941164000,consolidated,,,2026,3
E02489,2024,842007000,consolidated,,,2026,2
E02489,2025,-75025000,consolidated,,,2026,1
E02489,2026,-55417000,consolidated,182,110,2026,0
E02497,2022,404537000000,nonconsolidated,,,2026,4
E02497,2023,655163000000,nonconsolidated,,,2026,3
E02497,2024,536080000000,nonconsolidated,,,2026,2
E02497,2025,468241000000,nonconsolidated,,,2026,1
E02497,2026,561957000000,nonconsolidated,114570,4125,2026,0
E02498,2022,56703000000,nonconsolidated,,,2026,4
E02498,2023,362602000000,nonconsolidated,,,2026,3
E02498,2024,368429000000,nonconsolidated,,,2026,2
E02498,2025,353576000000,nonconsolidated,,,2026,1
E02498,2026,298579000000,nonconsolidated,52658,4225,2026,0
E02501,2022,1840000000,consolidated,,,2026,4
E02501,2023,1939000000,consolidated,,,2026,3
E02501,2024,2004000000,consolidated,,,2026,2
E02501,2025,2024000000,consolidated,,,2026,1
E02501,2026,1523000000,consolidated,1200,220,2026,0
E02503,2022,1296000000,consolidated,,,2026,4
E02503,2023,1523000000,consolidated,,,2026,3
E02503,2024,1487000000,consolidated,,,2026,2
E02503,2025,2525000000,consolidated,,,2026,1
E02503,2026,2846000000,consolidated,659,154,2026,0
E02505,2022,171996000000,nonconsolidated,,,2026,4
E02505,2023,141383000000,nonconsolidated,,,2026,3
E02505,2024,227170000000,nonconsolidated,,,2026,2
E02505,2025,286658000000,nonconsolidated,,,2026,1
E02505,2026,293431000000,nonconsolidated,74927,2466,2026,0
E02506,2022,10166000000,nonconsolidated,,,2026,4
E02506,2023,12211000000,nonconsolidated,,,2026,3
E02506,2024,10650000000,nonconsolidated,,,2026,2
E02506,2025,15413000000,nonconsolidated,,,2026,1
E02506,2026,19120000000,nonconsolidated,8604,861,2026,0
E02509,2022,10274000000,consolidated,,,2026,4
E02509,2023,12437000000,consolidated,,,2026,3
E02509,2024,14476000000,consolidated,,,2026,2
E02509,2025,16198000000,consolidated,,,2026,1
E02509,2026,14193000000,consolidated,1444,391,2026,0
E02510,2022,15051000000,consolidated,,,2026,4
E02510,2023,21233000000,consolidated,,,2026,3
E02510,2024,16753000000,consolidated,,,2026,2
E02510,2025,15822000000,consolidated,,,2026,1
E02510,2026,10887000000,consolidated,4705,753,2026,0
E02512,2022,3879000000,consolidated,,,2026,4
E02512,2023,6286000000,consolidated,,,2026,3
E02512,2024,6255000000,consolidated,,,2026,2
E02512,2025,8299000000,consolidated,,,2026,1
E02512,2026,9036000000,consolidated,1558,359,2026,0
E02513,2022,331890000000,nonconsolidated,,,2026,4
E02513,2023,897540000000,nonconsolidated,,,2026,3
E02513,2024,553949000000,nonconsolidated,,,2026,2
E02513,2025,686364000000,nonconsolidated,,,2026,1
E02513,2026,639093000000,nonconsolidated,55463,5333,2026,0
E02517,2022,21648000000,consolidated,,,2026,4
E02517,2023,19110000000,consolidated,,,2026,3
E02517,2024,21393000000,consolidated,,,2026,2
E02517,2025,26134000000,consolidated,,,2026,1
E02517,2026,27748000000,consolidated,4719,678,2026,0
E02518,2022,7285000000,consolidated,,,2026,4
E02518,2023,9077000000,consolidated,,,2026,3
E02518,2024,8236000000,consolidated,,,2026,2
E02518,2025,6010000000,consolidated,,,2026,1
E02518,2026,5767000000,consolidated,1555,1154,2026,0
E02522,2022,9726000000,consolidated,,,2026,4
E02522,2023,12668000000,consolidated,,,2026,3
E02522,2024,12814000000,consolidated,,,2026,2
E02522,2025,11763000000,consolidated,,,2026,1
E02522,2026,11022000000,consolidated,1428,465,2026,0
E02525,2022,11744000000,consolidated,,,2026,4
E02525,2023,15382000000,consolidated,,,2026,3
E02525,2024,15737000000,consolidated,,,2026,2
E02525,2025,16010000000,consolidated,,,2026,1
E02525,2026,17236000000,consolidated,3088,1286,2026,0
E02527,2022,2519000000,consolidated,,,2026,4
E02527,2023,968000000,consolidated,,,2026,3
E02527,2024,-4088000000,consolidated,,,2026,2
E02527,2025,2696000000,consolidated,,,2026,1
E02527,2026,4045000000,consolidated,402,345,2026,0
E02528,2022,275466000000,nonconsolidated,,,2026,4
E02528,2023,391718000000,nonconsolidated,,,2026,3
E02528,2024,231977000000,nonconsolidated,,,2026,2
E02528,2025,479748000000,nonconsolidated,,,2026,1
E02528,2026,562658000000,nonconsolidated,82488,4938,2026,0
E02529,2022,400935000000,nonconsolidated,,,2026,4
E02529,2023,1299232000000,nonconsolidated,,,2026,3
E02529,2024,924279000000,nonconsolidated,,,2026,2
E02529,2025,818331000000,nonconsolidated,,,2026,1
E02529,2026,792974000000,nonconsolidated,63037,4456,2026,0
E02535,2022,6263000000,consolidated,,,2026,4
E02535,2023,6719000000,consolidated,,,2026,3
E02535,2024,7293000000,consolidated,,,2026,2
E02535,2025,7191000000,consolidated,,,2026,1
E02535,2026,8162000000,consolidated,1075,661,2026,0
E02538,2022,1177000000,consolidated,,,2026,4
E02538,2023,351000000,consolidated,,,2026,3
E02538,2024,1881000000,consolidated,,,2026,2
E02538,2025,1532000000,consolidated,,,2026,1
E02538,2026,484000000,consolidated,2066,930,2026,0
E02542,2022,634000000,consolidated,,,2026,4
E02542,2023,1340000000,consolidated,,,2026,3
E02542,2024,1909000000,consolidated,,,2026,2
E02542,2025,1431000000,consolidated,,,2026,1
E02542,2026,1725000000,consolidated,468,160,2026,0
E02547,2022,2812000000,consolidated,,,2026,4
E02547,2023,2984000000,consolidated,,,2026,3
E02547,2024,2816000000,consolidated,,,2026,2
E02547,2025,2842000000,consolidated,,,2026,1
E02547,2026,3226000000,consolidated,262,221,2026,0
E02549,2022,1882000000,consolidated,,,2026,4
E02549,2023,1787000000,consolidated,,,2026,3
E02549,2024,2999000000,consolidated,,,2026,2
E02549,2025,2548000000,consolidated,,,2026,1
E02549,2026,3924000000,consolidated,845,322,2026,0
E02551,2022,1456049000,consolidated,,,2026,4
E02551,2023,1435470000,consolidated,,,2026,3
E02551,2024,1580775000,consolidated,,,2026,2
E02551,2025,1183401000,consolidated,,,2026,1
E02551,2026,1430937000,consolidated,1117,154,2026,0
E02552,2022,36497000000,consolidated,,,2026,4
E02552,2023,32528000000,consolidated,,,2026,3
E02552,2024,30591000000,consolidated,,,2026,2
E02552,2025,38382000000,consolidated,,,2026,1
E02552,2026,44096000000,consolidated,7756,942,2026,0
E02554,2022,62718000000,consolidated,,,2026,4
E02554,2023,64272000000,consolidated,,,2026,3
E02554,2024,48276000000,consolidated,,,2026,2
E02554,2025,59746000000,consolidated,,,2026,1
E02554,2026,52262000000,consolidated,6079,1820,2026,0
E02560,2022,17093000000,consolidated,,,2026,4
E02560,2023,17280000000,consolidated,,,2026,3
E02560,2024,10435000000,consolidated,,,2026,2
E02560,2025,10018000000,consolidated,,,2026,1
E02560,2026,13010000000,consolidated,3309,1836,2026,0
E02561,2022,2731000000,consolidated,,,2026,4
E02561,2023,2567000000,consolidated,,,2026,3
E02561,2024,2834000000,consolidated,,,2026,2
E02561,2025,2857000000,consolidated,,,2026,1
E02561,2026,2965000000,consolidated,349,303,2026,0
E02562,2022,5625000000,consolidated,,,2026,4
E02562,2023,5990000000,consolidated,,,2026,3
E02562,2024,6085000000,consolidated,,,2026,2
E02562,2025,5237000000,consolidated,,,2026,1
E02562,2026,5838000000,consolidated,881,550,2026,0
E02563,2022,3410000000,consolidated,,,2026,4
E02563,2023,3169000000,consolidated,,,2026,3
E02563,2024,4032000000,consolidated,,,2026,2
E02563,2025,4520000000,consolidated,,,2026,1
E02563,2026,4438000000,consolidated,596,198,2026,0
E02566,2022,2030000000,consolidated,,,2026,4
E02566,2023,2127000000,consolidated,,,2026,3
E02566,2024,2576000000,consolidated,,,2026,2
E02566,2025,3508000000,consolidated,,,2026,1
E02566,2026,3746000000,consolidated,794,217,2026,0
E02567,2022,46413000000,consolidated,,,2026,4
E02567,2023,47011000000,consolidated,,,2026,3
E02567,2024,62307000000,consolidated,,,2026,2
E02567,2025,61481000000,consolidated,,,2026,1
E02567,2026,55220000000,consolidated,12113,1384,2026,0
E02571,2022,173000000,consolidated,,,2026,4
E02571,2023,225000000,consolidated,,,2026,3
E02571,2024,76000000,consolidated,,,2026,2
E02571,2025,330000000,consolidated,,,2026,1
E02571,2026,190000000,consolidated,292,164,2026,0
E02572,2022,4762000000,consolidated,,,2026,4
E02572,2023,5434000000,consolidated,,,2026,3
E02572,2024,5577000000,consolidated,,,2026,2
E02572,2025,6513000000,consolidated,,,2026,1
E02572,2026,7094000000,consolidated,808,568,2026,0
E02574,2022,9165000000,consolidated,,,2026,4
E02574,2023,10284000000,consolidated,,,2026,3
E02574,2024,10782000000,consolidated,,,2026,2
E02574,2025,10661000000,consolidated,,,2026,1
E02574,2026,11027000000,consolidated,2807,1298,2026,0
E02578,2022,7792000000,consolidated,,,2026,4
E02578,2023,7108000000,consolidated,,,2026,3
E02578,2024,9004000000,consolidated,,,2026,2
E02578,2025,13597000000,consolidated,,,2026,1
E02578,2026,14353000000,consolidated,1564,725,2026,0
E02579,2022,2399000000,consolidated,,,2026,4
E02579,2023,2892000000,consolidated,,,2026,3
E02579,2024,3084000000,consolidated,,,2026,2
E02579,2025,3131000000,consolidated,,,2026,1
E02579,2026,3170000000,consolidated,740,421,2026,0
E02580,2022,3055000000,consolidated,,,2026,4
E02580,2023,4244000000,consolidated,,,2026,3
E02580,2024,4994000000,consolidated,,,2026,2
E02580,2025,4730000000,consolidated,,,2026,1
E02580,2026,5784000000,consolidated,904,620,2026,0
E02584,2022,9589000000,consolidated,,,2026,4
E02584,2023,4949000000,consolidated,,,2026,3
E02584,2024,4332000000,consolidated,,,2026,2
E02584,2025,4305000000,consolidated,,,2026,1
E02584,2026,5162000000,consolidated,2827,1063,2026,0
E02588,2022,300710000,consolidated,,,2026,4
E02588,2023,136676000,consolidated,,,2026,3
E02588,2024,57501000,consolidated,,,2026,2
E02588,2025,-210575000,consolidated,,,2026,1
E02588,2026,181977000,consolidated,180,117,2026,0
E02597,2022,3044147000,consolidated,,,2026,4
E02597,2023,2966706000,consolidated,,,2026,3
E02597,2024,3705366000,consolidated,,,2026,2
E02597,2025,4603303000,consolidated,,,2026,1
E02597,2026,4170290000,consolidated,649,453,2026,0
E02602,2022,22688000000,consolidated,,,2026,4
E02602,2023,24347000000,consolidated,,,2026,3
E02602,2024,29719000000,consolidated,,,2026,2
E02602,2025,33621000000,consolidated,,,2026,1
E02602,2026,36634000000,consolidated,2102,442,2026,0
E02608,2022,18182000000,consolidated,,,2026,4
E02608,2023,19176000000,consolidated,,,2026,3
E02608,2024,21787000000,consolidated,,,2026,2
E02608,2025,20716000000,consolidated,,,2026,1
E02608,2026,16631000000,consolidated,7675,199,2026,0
E02611,2022,28944000000,consolidated,,,2026,4
E02611,2023,26495000000,nonconsolidated,,,2026,3
E02611,2024,26413000000,nonconsolidated,,,2026,2
E02611,2025,28734000000,nonconsolidated,,,2026,1
E02611,2026,37083000000,nonconsolidated,8801,4359,2026,0
E02616,2022,965000000,consolidated,,,2026,4
E02616,2023,1548000000,consolidated,,,2026,3
E02616,2024,1926000000,consolidated,,,2026,2
E02616,2025,2077000000,consolidated,,,2026,1
E02616,2026,2663000000,consolidated,506,393,2026,0
E02625,2022,3527000000,consolidated,,,2026,4
E02625,2023,3706000000,consolidated,,,2026,3
E02625,2024,5234000000,consolidated,,,2026,2
E02625,2025,4763000000,consolidated,,,2026,1
E02625,2026,4594000000,consolidated,1264,124,2026,0
E02632,2022,62046000000,consolidated,,,2026,4
E02632,2023,65122000000,consolidated,,,2026,3
E02632,2024,64570000000,consolidated,,,2026,2
E02632,2025,65255000000,consolidated,,,2026,1
E02632,2026,75723000000,consolidated,13024,186,2026,0
E02635,2022,1553000000,consolidated,,,2026,4
E02635,2023,2131000000,consolidated,,,2026,3
E02635,2024,2615000000,consolidated,,,2026,2
E02635,2025,2477000000,consolidated,,,2026,1
E02635,2026,2934000000,consolidated,400,301,2026,0
E02639,2022,-449661000,consolidated,,,2026,4
E02639,2023,176374000,consolidated,,,2026,3
E02639,2024,488759000,consolidated,,,2026,2
E02639,2025,665417000,consolidated,,,2026,1
E02639,2026,675678000,consolidated,213,127,2026,0
E02642,2022,6966255000,consolidated,,,2026,4
E02642,2023,8968012000,consolidated,,,2026,3
E02642,2024,11258198000,consolidated,,,2026,2
E02642,2025,12421016000,consolidated,,,2026,1
E02642,2026,12931377000,consolidated,348,282,2026,0
E02643,2022,5867000000,nonconsolidated,,,2026,4
E02643,2023,12653000000,nonconsolidated,,,2026,3
E02643,2024,11734000000,nonconsolidated,,,2026,2
E02643,2025,15125000000,nonconsolidated,,,2026,1
E02643,2026,18043000000,nonconsolidated,5193,421,2026,0
E02647,2022,-657569000,consolidated,,,2026,4
E02647,2023,258823000,consolidated,,,2026,3
E02647,2024,1248089000,consolidated,,,2026,2
E02647,2025,2149028000,consolidated,,,2026,1
E02647,2026,1156165000,consolidated,432,103,2026,0
E02650,2022,-122560000,consolidated,,,2026,4
E02650,2023,205370000,consolidated,,,2026,3
E02650,2024,355277000,consolidated,,,2026,2
E02650,2025,417209000,consolidated,,,2026,1
E02650,2026,321963000,consolidated,213,162,2026,0
E02652,2022,601724000000,consolidated,,,2026,4
E02652,2023,625185000000,consolidated,,,2026,3
E02652,2024,463185000000,consolidated,,,2026,2
E02652,2025,707727000000,consolidated,,,2026,1
E02652,2026,630338000000,consolidated,20236,2309,2026,0
E02655,2022,3318000000,consolidated,,,2026,4
E02655,2023,13724000000,consolidated,,,2026,3
E02655,2024,28265000000,consolidated,,,2026,2
E02655,2025,53453000000,consolidated,,,2026,1
E02655,2026,79335000000,consolidated,2157,1423,2026,0
E02656,2022,5195000000,consolidated,,,2026,4
E02656,2023,7675000000,consolidated,,,2026,3
E02656,2024,6631000000,consolidated,,,2026,2
E02656,2025,3815000000,consolidated,,,2026,1
E02656,2026,4776000000,consolidated,1149,619,2026,0
E02660,2022,253122000,consolidated,,,2026,4
E02660,2023,537868000,consolidated,,,2026,3
E02660,2024,998561000,consolidated,,,2026,2
E02660,2025,650634000,consolidated,,,2026,1
E02660,2026,1591894000,consolidated,484,300,2026,0
E02664,2022,4103000000,consolidated,,,2026,4
E02664,2023,6841000000,consolidated,,,2026,3
E02664,2024,4768000000,consolidated,,,2026,2
E02664,2025,578000000,consolidated,,,2026,1
E02664,2026,1555000000,consolidated,667,288,2026,0
E02671,2022,3560000000,consolidated,,,2026,4
E02671,2023,5511000000,consolidated,,,2026,3
E02671,2024,3908000000,consolidated,,,2026,2
E02671,2025,4934000000,consolidated,,,2026,1
E02671,2026,6078000000,consolidated,642,518,2026,0
E02673,2022,865220000,consolidated,,,2026,4
E02673,2023,886455000,consolidated,,,2026,3
E02673,2024,1908214000,consolidated,,,2026,2
E02673,2025,2710375000,consolidated,,,2026,1
E02673,2026,2711196000,consolidated,464,308,2026,0
E02674,2022,5325800000,consolidated,,,2026,4
E02674,2023,5092327000,consolidated,,,2026,3
E02674,2024,6246400000,consolidated,,,2026,2
E02674,2025,6663695000,consolidated,,,2026,1
E02674,2026,7462582000,consolidated,545,130,2026,0
E02675,2022,3634000000,consolidated,,,2026,4
E02675,2023,356000000,consolidated,,,2026,3
E02675,2024,4392000000,consolidated,,,2026,2
E02675,2025,5569000000,consolidated,,,2026,1
E02675,2026,7107000000,consolidated,1323,505,2026,0
E02676,2022,21456000000,consolidated,,,2026,4
E02676,2023,32739000000,consolidated,,,2026,3
E02676,2024,25976000000,consolidated,,,2026,2
E02676,2025,22593000000,consolidated,,,2026,1
E02676,2026,29930000000,consolidated,9374,583,2026,0
E02678,2022,7412000000,consolidated,,,2026,4
E02678,2023,11001000000,consolidated,,,2026,3
E02678,2024,11886000000,consolidated,,,2026,2
E02678,2025,8690000000,consolidated,,,2026,1
E02678,2026,9117000000,consolidated,1502,920,2026,0
E02682,2022,14725000000,consolidated,,,2026,4
E02682,2023,16668000000,consolidated,,,2026,3
E02682,2024,17053000000,consolidated,,,2026,2
E02682,2025,17746000000,consolidated,,,2026,1
E02682,2026,18655000000,consolidated,5015,1589,2026,0
E02683,2022,1607128000,consolidated,,,2026,4
E02683,2023,1923331000,consolidated,,,2026,3
E02683,2024,2973900000,consolidated,,,2026,2
E02683,2025,2495242000,consolidated,,,2026,1
E02683,2026,1991048000,consolidated,1332,761,2026,0
E02684,2022,2034196000,consolidated,,,2026,4
E02684,2023,1605939000,consolidated,,,2026,3
E02684,2024,1658598000,consolidated,,,2026,2
E02684,2025,1096898000,consolidated,,,2026,1
E02684,2026,950327000,consolidated,350,197,2026,0
E02686,2022,7822000000,consolidated,,,2026,4
E02686,2023,7927000000,consolidated,,,2026,3
E02686,2024,10806000000,consolidated,,,2026,2
E02686,2025,11194000000,consolidated,,,2026,1
E02686,2026,11098000000,consolidated,1561,725,2026,0
E02688,2022,27583000000,consolidated,,,2026,4
E02688,2023,15346000000,consolidated,,,2026,3
E02688,2024,19509000000,consolidated,,,2026,2
E02688,2025,10817000000,consolidated,,,2026,1
E02688,2026,19721000000,consolidated,38593,4714,2026,0
E02691,2022,28637000000,nonconsolidated,,,2026,4
E02691,2023,27440000000,nonconsolidated,,,2026,3
E02691,2024,30545000000,nonconsolidated,,,2026,2
E02691,2025,31684000000,nonconsolidated,,,2026,1
E02691,2026,29807000000,nonconsolidated,,2363,2026,0
E02692,2022,1966000000,consolidated,,,2026,4
E02692,2023,1716000000,consolidated,,,2026,3
E02692,2024,2443000000,consolidated,,,2026,2
E02692,2025,2656000000,consolidated,,,2026,1
E02692,2026,4519000000,consolidated,3569,629,2026,0
E02693,2022,2855000000,consolidated,,,2026,4
E02693,2023,2717000000,consolidated,,,2026,3
E02693,2024,3459000000,consolidated,,,2026,2
E02693,2025,3975000000,consolidated,,,2026,1
E02693,2026,4045000000,consolidated,2530,793,2026,0
E02698,2022,2318000000,consolidated,,,2026,4
E02698,2023,2266000000,consolidated,,,2026,3
E02698,2024,2370000000,consolidated,,,2026,2
E02698,2025,1739000000,consolidated,,,2026,1
E02698,2026,2956000000,consolidated,1227,514,2026,0
E02699,2022,204400000,consolidated,,,2026,4
E02699,2023,220479000,consolidated,,,2026,3
E02699,2024,516287000,consolidated,,,2026,2
E02699,2025,1019358000,consolidated,,,2026,1
E02699,2026,1078820000,consolidated,179,137,2026,0
E02708,2022,3066000000,consolidated,,,2026,4
E02708,2023,3809000000,consolidated,,,2026,3
E02708,2024,5022000000,consolidated,,,2026,2
E02708,2025,4462000000,consolidated,,,2026,1
E02708,2026,7089000000,consolidated,2045,217,2026,0
E02711,2022,13761000,consolidated,,,2026,4
E02711,2023,184786000,consolidated,,,2026,3
E02711,2024,120777000,consolidated,,,2026,2
E02711,2025,27173000,consolidated,,,2026,1
E02711,2026,-2460000,consolidated,137,124,2026,0
E02713,2022,1608844000,consolidated,,,2026,4
E02713,2023,1979042000,consolidated,,,2026,3
E02713,2024,2421072000,consolidated,,,2026,2
E02713,2025,2853258000,consolidated,,,2026,1
E02713,2026,3044090000,consolidated,400,346,2026,0
E02718,2022,747127000,consolidated,,,2026,4
E02718,2023,1028699000,consolidated,,,2026,3
E02718,2024,1655700000,consolidated,,,2026,2
E02718,2025,1744206000,consolidated,,,2026,1
E02718,2026,2650296000,consolidated,713,703,2026,0
E02724,2022,2984733000,consolidated,,,2026,4
E02724,2023,2480895000,consolidated,,,2026,3
E02724,2024,2880108000,consolidated,,,2026,2
E02724,2025,1754734000,consolidated,,,2026,1
E02724,2026,2912240000,consolidated,1620,211,2026,0
E02727,2022,1720000000,consolidated,,,2026,4
E02727,2023,301000000,consolidated,,,2026,3
E02727,2024,615000000,consolidated,,,2026,2
E02727,2025,-934000000,consolidated,,,2026,1
E02727,2026,-1049000000,consolidated,291,205,2026,0
E02728,2022,2252127000,consolidated,,,2026,4
E02728,2023,4350299000,consolidated,,,2026,3
E02728,2024,2259780000,consolidated,,,2026,2
E02728,2025,1714108000,consolidated,,,2026,1
E02728,2026,1259000000,consolidated,518,296,2026,0
E02732,2022,13111000000,consolidated,,,2026,4
E02732,2023,10300000000,consolidated,,,2026,3
E02732,2024,8670000000,consolidated,,,2026,2
E02732,2025,7797000000,consolidated,,,2026,1
E02732,2026,7151000000,consolidated,3438,169,2026,0
E02735,2022,15014000000,consolidated,,,2026,4
E02735,2023,16305000000,consolidated,,,2026,3
E02735,2024,15964000000,consolidated,,,2026,2
E02735,2025,16838000000,consolidated,,,2026,1
E02735,2026,16582000000,consolidated,4176,137,2026,0
E02739,2022,1059368000,consolidated,,,2026,4
E02739,2023,1120210000,consolidated,,,2026,3
E02739,2024,1165768000,consolidated,,,2026,2
E02739,2025,1356982000,consolidated,,,2026,1
E02739,2026,1401017000,consolidated,676,478,2026,0
E02745,2022,6082000000,consolidated,,,2026,4
E02745,2023,6756000000,consolidated,,,2026,3
E02745,2024,6431000000,consolidated,,,2026,2
E02745,2025,7200000000,consolidated,,,2026,1
E02745,2026,7465000000,consolidated,1050,928,2026,0
E02747,2022,3649000000,consolidated,,,2026,4
E02747,2023,4208000000,consolidated,,,2026,3
E02747,2024,5585000000,consolidated,,,2026,2
E02747,2025,6028000000,consolidated,,,2026,1
E02747,2026,6820000000,consolidated,932,754,2026,0
E02749,2022,3030523000,consolidated,,,2026,4
E02749,2023,3996014000,consolidated,,,2026,3
E02749,2024,4809975000,consolidated,,,2026,2
E02749,2025,4734396000,consolidated,,,2026,1
E02749,2026,5078937000,consolidated,1214,679,2026,0
E02752,2022,1423000000,consolidated,,,2026,4
E02752,2023,1871000000,consolidated,,,2026,3
E02752,2024,2150000000,consolidated,,,2026,2
E02752,2025,2105000000,consolidated,,,2026,1
E02752,2026,2269000000,consolidated,2765,334,2026,0
E02759,2022,133624000,consolidated,,,2026,4
E02759,2023,192110000,consolidated,,,2026,3
E02759,2024,221814000,consolidated,,,2026,2
E02759,2025,206187000,consolidated,,,2026,1
E02759,2026,146186000,consolidated,188,133,2026,0
E02760,2022,2534733000,consolidated,,,2026,4
E02760,2023,2679204000,consolidated,,,2026,3
E02760,2024,2824067000,consolidated,,,2026,2
E02760,2025,2906578000,consolidated,,,2026,1
E02760,2026,2550647000,consolidated,592,491,2026,0
E02761,2022,17558000000,consolidated,,,2026,4
E02761,2023,20272000000,consolidated,,,2026,3
E02761,2024,22589000000,consolidated,,,2026,2
E02761,2025,26698000000,consolidated,,,2026,1
E02761,2026,31756000000,consolidated,2230,1790,2026,0
E02765,2022,2896418000,consolidated,,,2026,4
E02765,2023,3089834000,consolidated,,,2026,3
E02765,2024,2377307000,consolidated,,,2026,2
E02765,2025,2105153000,consolidated,,,2026,1
E02765,2026,2194720000,consolidated,134,109,2026,0
E02769,2022,7120000000,consolidated,,,2026,4
E02769,2023,8172000000,consolidated,,,2026,3
E02769,2024,10585000000,consolidated,,,2026,2
E02769,2025,15574000000,consolidated,,,2026,1
E02769,2026,17983000000,consolidated,2855,1171,2026,0
E02770,2022,52500000000,consolidated,,,2026,4
E02770,2023,47838000000,consolidated,,,2026,3
E02770,2024,41265000000,consolidated,,,2026,2
E02770,2025,49901000000,consolidated,,,2026,1
E02770,2026,49095000000,consolidated,11304,327,2026,0
E02778,2022,-200263000000,nonconsolidated,,,2026,4
E02778,2023,-1057199000000,nonconsolidated,,,2026,3
E02778,2024,-1161224000000,nonconsolidated,,,2026,2
E02778,2025,-481572000000,nonconsolidated,,,2026,1
E02778,2026,1009950000000,nonconsolidated,73677,276,2026,0
E02779,2022,1335000000,nonconsolidated,,,2026,4
E02779,2023,1406000000,nonconsolidated,,,2026,3
E02779,2024,1234000000,nonconsolidated,,,2026,2
E02779,2025,929000000,nonconsolidated,,,2026,1
E02779,2026,1042000000,nonconsolidated,,238,2026,0
E02780,2022,23418000000,consolidated,,,2026,4
E02780,2023,36376000000,consolidated,,,2026,3
E02780,2024,38351000000,consolidated,,,2026,2
E02780,2025,38830000000,consolidated,,,2026,1
E02780,2026,39744000000,consolidated,12717,2991,2026,0
E02782,2022,5238000000,consolidated,,,2026,4
E02782,2023,4903000000,consolidated,,,2026,3
E02782,2024,6602000000,consolidated,,,2026,2
E02782,2025,6794000000,consolidated,,,2026,1
E02782,2026,8709000000,consolidated,1762,764,2026,0
E02786,2022,1004322000,consolidated,,,2026,4
E02786,2023,1354712000,consolidated,,,2026,3
E02786,2024,1756933000,consolidated,,,2026,2
E02786,2025,1945411000,consolidated,,,2026,1
E02786,2026,1885993000,consolidated,700,616,2026,0
E02787,2022,-220592000,consolidated,,,2026,4
E02787,2023,327710000,consolidated,,,2026,3
E02787,2024,440511000,consolidated,,,2026,2
E02787,2025,436512000,consolidated,,,2026,1
E02787,2026,490221000,consolidated,218,195,2026,0
E02792,2022,2659000000,consolidated,,,2026,4
E02792,2023,3225000000,consolidated,,,2026,3
E02792,2024,3036000000,consolidated,,,2026,2
E02792,2025,3114000000,consolidated,,,2026,1
E02792,2026,3050000000,consolidated,521,158,2026,0
E02802,2022,7411000000,consolidated,,,2026,4
E02802,2023,12048000000,consolidated,,,2026,3
E02802,2024,6912000000,consolidated,,,2026,2
E02802,2025,7321000000,consolidated,,,2026,1
E02802,2026,5579000000,consolidated,1504,727,2026,0
E02804,2022,3810000000,consolidated,,,2026,4
E02804,2023,4563000000,consolidated,,,2026,3
E02804,2024,4872000000,consolidated,,,2026,2
E02804,2025,4679000000,consolidated,,,2026,1
E02804,2026,4851000000,consolidated,1531,829,2026,0
E02805,2022,933557000,consolidated,,,2026,4
E02805,2023,482177000,consolidated,,,2026,3
E02805,2024,-131805000,consolidated,,,2026,2
E02805,2025,491935000,consolidated,,,2026,1
E02805,2026,842982000,consolidated,430,330,2026,0
E02807,2022,1823782000,consolidated,,,2026,4
E02807,2023,2013882000,consolidated,,,2026,3
E02807,2024,2051448000,consolidated,,,2026,2
E02807,2025,1929291000,consolidated,,,2026,1
E02807,2026,2084471000,consolidated,190,173,2026,0
E02812,2022,2251000000,consolidated,,,2026,4
E02812,2023,2929000000,consolidated,,,2026,3
E02812,2024,4019000000,consolidated,,,2026,2
E02812,2025,5373000000,consolidated,,,2026,1
E02812,2026,7437000000,consolidated,1062,454,2026,0
E02813,2022,1383000000,consolidated,,,2026,4
E02813,2023,1293000000,consolidated,,,2026,3
E02813,2024,1259000000,consolidated,,,2026,2
E02813,2025,1342000000,consolidated,,,2026,1
E02813,2026,1400000000,consolidated,662,507,2026,0
E02818,2022,-119000000,consolidated,,,2026,4
E02818,2023,598000000,consolidated,,,2026,3
E02818,2024,998000000,consolidated,,,2026,2
E02818,2025,824000000,consolidated,,,2026,1
E02818,2026,1054000000,consolidated,438,325,2026,0
E02819,2022,6596000000,consolidated,,,2026,4
E02819,2023,17956000000,consolidated,,,2026,3
E02819,2024,22030000000,consolidated,,,2026,2
E02819,2025,7050000000,consolidated,,,2026,1
E02819,2026,1692000000,consolidated,7906,3246,2026,0
E02821,2022,13734000000,consolidated,,,2026,4
E02821,2023,13843000000,consolidated,,,2026,3
E02821,2024,10551000000,consolidated,,,2026,2
E02821,2025,13523000000,consolidated,,,2026,1
E02821,2026,23549000000,consolidated,1761,1238,2026,0
E02823,2022,2242658000,consolidated,,,2026,4
E02823,2023,2356876000,consolidated,,,2026,3
E02823,2024,1983345000,consolidated,,,2026,2
E02823,2025,2070244000,consolidated,,,2026,1
E02823,2026,1126829000,consolidated,791,154,2026,0
E02824,2022,888000000,consolidated,,,2026,4
E02824,2023,13601000000,consolidated,,,2026,3
E02824,2024,19561000000,consolidated,,,2026,2
E02824,2025,18396000000,consolidated,,,2026,1
E02824,2026,18265000000,consolidated,3694,2199,2026,0
E02825,2022,1357000000,consolidated,,,2026,4
E02825,2023,1952000000,consolidated,,,2026,3
E02825,2024,3205000000,consolidated,,,2026,2
E02825,2025,3766000000,consolidated,,,2026,1
E02825,2026,4824000000,consolidated,799,271,2026,0
E02826,2022,5751106000,consolidated,,,2026,4
E02826,2023,5159346000,consolidated,,,2026,3
E02826,2024,16194880000,consolidated,,,2026,2
E02826,2025,8761577000,consolidated,,,2026,1
E02826,2026,12126099000,consolidated,217,114,2026,0
E02827,2022,2287000000,consolidated,,,2026,4
E02827,2023,2910000000,consolidated,,,2026,3
E02827,2024,3357000000,consolidated,,,2026,2
E02827,2025,3568000000,consolidated,,,2026,1
E02827,2026,3889000000,consolidated,646,331,2026,0
E02832,2022,3046000000,consolidated,,,2026,4
E02832,2023,2455000000,consolidated,,,2026,3
E02832,2024,2671000000,consolidated,,,2026,2
E02832,2025,2605000000,consolidated,,,2026,1
E02832,2026,2417000000,consolidated,1026,954,2026,0
E02833,2022,2061056000,consolidated,,,2026,4
E02833,2023,1800817000,consolidated,,,2026,3
E02833,2024,1618224000,consolidated,,,2026,2
E02833,2025,1812100000,consolidated,,,2026,1
E02833,2026,1612328000,consolidated,261,224,2026,0
E02835,2022,9568000000,consolidated,,,2026,4
E02835,2023,11637000000,consolidated,,,2026,3
E02835,2024,10825000000,consolidated,,,2026,2
E02835,2025,12071000000,consolidated,,,2026,1
E02835,2026,13228000000,consolidated,758,576,2026,0
E02836,2022,156587000,consolidated,,,2026,4
E02836,2023,217422000,consolidated,,,2026,3
E02836,2024,215926000,consolidated,,,2026,2
E02836,2025,168519000,consolidated,,,2026,1
E02836,2026,158763000,consolidated,137,128,2026,0
E02837,2022,-560000000,nonconsolidated,,,2026,4
E02837,2023,1760000000,nonconsolidated,,,2026,3
E02837,2024,3265000000,consolidated,,,2026,2
E02837,2025,3610000000,consolidated,,,2026,1
E02837,2026,3871000000,consolidated,873,832,2026,0
E02838,2022,3367370000,consolidated,,,2026,4
E02838,2023,4756923000,consolidated,,,2026,3
E02838,2024,3091091000,consolidated,,,2026,2
E02838,2025,2658613000,consolidated,,,2026,1
E02838,2026,2339548000,consolidated,336,307,2026,0
E02839,2022,380000000,consolidated,,,2026,4
E02839,2023,2388000000,consolidated,,,2026,3
E02839,2024,3623000000,consolidated,,,2026,2
E02839,2025,3303000000,consolidated,,,2026,1
E02839,2026,3869000000,consolidated,867,655,2026,0
E02840,2022,7598000000,consolidated,,,2026,4
E02840,2023,8342000000,consolidated,,,2026,3
E02840,2024,8412000000,consolidated,,,2026,2
E02840,2025,9348000000,consolidated,,,2026,1
E02840,2026,12367000000,consolidated,1237,826,2026,0
E02841,2022,909000000,consolidated,,,2026,4
E02841,2023,816000000,consolidated,,,2026,3
E02841,2024,940000000,consolidated,,,2026,2
E02841,2025,1278000000,consolidated,,,2026,1
E02841,2026,1062000000,consolidated,552,411,2026,0
E02843,2022,1876383000,consolidated,,,2026,4
E02843,2023,1855002000,consolidated,,,2026,3
E02843,2024,1883531000,consolidated,,,2026,2
E02843,2025,1991079000,consolidated,,,2026,1
E02843,2026,2298799000,consolidated,229,139,2026,0
E02845,2022,674542000,consolidated,,,2026,4
E02845,2023,952906000,consolidated,,,2026,3
E02845,2024,752483000,consolidated,,,2026,2
E02845,2025,556840000,consolidated,,,2026,1
E02845,2026,317742000,consolidated,366,334,2026,0
E02850,2022,3898876000,consolidated,,,2026,4
E02850,2023,4240474000,consolidated,,,2026,3
E02850,2024,4528329000,consolidated,,,2026,2
E02850,2025,4840342000,consolidated,,,2026,1
E02850,2026,5238342000,consolidated,1147,713,2026,0
E02851,2022,3168000000,consolidated,,,2026,4
E02851,2023,4041000000,consolidated,,,2026,3
E02851,2024,3915000000,consolidated,,,2026,2
E02851,2025,3761000000,consolidated,,,2026,1
E02851,2026,4453000000,consolidated,858,449,2026,0
E02855,2022,1848000000,consolidated,,,2026,4
E02855,2023,2705000000,consolidated,,,2026,3
E02855,2024,1123000000,consolidated,,,2026,2
E02855,2025,4738000000,consolidated,,,2026,1
E02855,2026,4716000000,consolidated,544,201,2026,0
E02856,2022,2985828000,consolidated,,,2026,4
E02856,2023,3748265000,consolidated,,,2026,3
E02856,2024,3934301000,consolidated,,,2026,2
E02856,2025,4197381000,consolidated,,,2026,1
E02856,2026,3897054000,consolidated,805,502,2026,0
E02864,2022,4106000000,consolidated,,,2026,4
E02864,2023,7909000000,consolidated,,,2026,3
E02864,2024,5627000000,consolidated,,,2026,2
E02864,2025,6541000000,consolidated,,,2026,1
E02864,2026,4218000000,consolidated,1193,644,2026,0
E02869,2022,5853000000,consolidated,,,2026,4
E02869,2023,6194000000,consolidated,,,2026,3
E02869,2024,8974000000,consolidated,,,2026,2
E02869,2025,11963000000,consolidated,,,2026,1
E02869,2026,15701000000,consolidated,1113,512,2026,0
E02870,2022,1523401000,consolidated,,,2026,4
E02870,2023,2809829000,consolidated,,,2026,3
E02870,2024,2381905000,consolidated,,,2026,2
E02870,2025,2304940000,consolidated,,,2026,1
E02870,2026,1961086000,consolidated,477,162,2026,0
E02871,2022,248000000,consolidated,,,2026,4
E02871,2023,419000000,consolidated,,,2026,3
E02871,2024,283000000,consolidated,,,2026,2
E02871,2025,330000000,consolidated,,,2026,1
E02871,2026,120000000,consolidated,186,176,2026,0
E02875,2022,588587000,consolidated,,,2026,4
E02875,2023,1139260000,consolidated,,,2026,3
E02875,2024,1530760000,consolidated,,,2026,2
E02875,2025,1177669000,consolidated,,,2026,1
E02875,2026,1609650000,consolidated,188,181,2026,0
E02876,2022,2599708000,consolidated,,,2026,4
E02876,2023,1396120000,consolidated,,,2026,3
E02876,2024,1720894000,consolidated,,,2026,2
E02876,2025,1459789000,consolidated,,,2026,1
E02876,2026,1174690000,consolidated,338,315,2026,0
E02881,2022,10005000000,consolidated,,,2026,4
E02881,2023,10905000000,consolidated,,,2026,3
E02881,2024,10581000000,consolidated,,,2026,2
E02881,2025,12335000000,consolidated,,,2026,1
E02881,2026,12588000000,consolidated,1304,1085,2026,0
E02894,2022,2591291000,consolidated,,,2026,4
E02894,2023,2043860000,consolidated,,,2026,3
E02894,2024,1842991000,consolidated,,,2026,2
E02894,2025,1488628000,consolidated,,,2026,1
E02894,2026,534269000,consolidated,539,312,2026,0
E02902,2022,1067056000,consolidated,,,2026,4
E02902,2023,1075659000,consolidated,,,2026,3
E02902,2024,1610098000,consolidated,,,2026,2
E02902,2025,1231394000,consolidated,,,2026,1
E02902,2026,1384665000,consolidated,455,437,2026,0
E02905,2022,2536619000,consolidated,,,2026,4
E02905,2023,2396472000,consolidated,,,2026,3
E02905,2024,1992924000,consolidated,,,2026,2
E02905,2025,2362554000,consolidated,,,2026,1
E02905,2026,2966841000,consolidated,721,232,2026,0
E02909,2022,3106628000,consolidated,,,2026,4
E02909,2023,3278222000,consolidated,,,2026,3
E02909,2024,3846490000,consolidated,,,2026,2
E02909,2025,3668054000,consolidated,,,2026,1
E02909,2026,4054421000,consolidated,892,513,2026,0
E02927,2022,1247041000,consolidated,,,2026,4
E02927,2023,1588099000,consolidated,,,2026,3
E02927,2024,1835838000,consolidated,,,2026,2
E02927,2025,2004831000,consolidated,,,2026,1
E02927,2026,2408754000,consolidated,482,269,2026,0
E02938,2022,-746000000,consolidated,,,2026,4
E02938,2023,900000000,consolidated,,,2026,3
E02938,2024,1939000000,consolidated,,,2026,2
E02938,2025,2191000000,consolidated,,,2026,1
E02938,2026,2351000000,consolidated,649,395,2026,0
E02946,2022,8478000000,consolidated,,,2026,4
E02946,2023,6589000000,consolidated,,,2026,3
E02946,2024,6203000000,consolidated,,,2026,2
E02946,2025,7377000000,consolidated,,,2026,1
E02946,2026,13322000000,consolidated,202,121,2026,0
E02947,2022,13745000000,consolidated,,,2026,4
E02947,2023,13680000000,consolidated,,,2026,3
E02947,2024,15341000000,consolidated,,,2026,2
E02947,2025,15617000000,consolidated,,,2026,1
E02947,2026,13534000000,consolidated,3008,1954,2026,0
E02952,2022,793981000,consolidated,,,2026,4
E02952,2023,1295408000,consolidated,,,2026,3
E02952,2024,1741723000,consolidated,,,2026,2
E02952,2025,1336829000,consolidated,,,2026,1
E02952,2026,2161348000,consolidated,476,242,2026,0
E02955,2022,7318000000,consolidated,,,2026,4
E02955,2023,12478000000,consolidated,,,2026,3
E02955,2024,13922000000,consolidated,,,2026,2
E02955,2025,11415000000,consolidated,,,2026,1
E02955,2026,9750000000,consolidated,1408,1182,2026,0
E02958,2022,55543000000,nonconsolidated,,,2026,4
E02958,2023,91799000000,nonconsolidated,,,2026,3
E02958,2024,77155000000,nonconsolidated,,,2026,2
E02958,2025,68656000000,nonconsolidated,,,2026,1
E02958,2026,80205000000,nonconsolidated,26789,2094,2026,0
E02980,2022,-362883000,consolidated,,,2026,4
E02980,2023,-886421000,consolidated,,,2026,3
E02980,2024,-504632000,consolidated,,,2026,2
E02980,2025,-384043000,consolidated,,,2026,1
E02980,2026,-515752000,consolidated,229,134,2026,0
E02986,2022,2107832000,consolidated,,,2026,4
E02986,2023,2336400000,consolidated,,,2026,3
E02986,2024,1189761000,consolidated,,,2026,2
E02986,2025,1525962000,consolidated,,,2026,1
E02986,2026,1389232000,consolidated,577,178,2026,0
E02992,2022,2439094000,consolidated,,,2026,4
E02992,2023,3050538000,consolidated,,,2026,3
E02992,2024,3332170000,consolidated,,,2026,2
E02992,2025,3596996000,consolidated,,,2026,1
E02992,2026,4090217000,consolidated,709,550,2026,0
E02997,2022,329459000,consolidated,,,2026,4
E02997,2023,676173000,consolidated,,,2026,3
E02997,2024,410564000,consolidated,,,2026,2
E02997,2025,744876000,consolidated,,,2026,1
E02997,2026,786097000,consolidated,591,430,2026,0
E02998,2022,11009000000,consolidated,,,2026,4
E02998,2023,8176000000,consolidated,,,2026,3
E02998,2024,5447000000,consolidated,,,2026,2
E02998,2025,7528000000,consolidated,,,2026,1
E02998,2026,8947000000,consolidated,3098,225,2026,0
E03005,2026,301491000,consolidated,378,361,2026,0
E03020,2022,2346000000,consolidated,,,2026,4
E03020,2023,13004000000,consolidated,,,2026,3
E03020,2024,27875000000,consolidated,,,2026,2
E03020,2025,35909000000,consolidated,,,2026,1
E03020,2026,34508000000,consolidated,7775,210,2026,0
E03036,2022,10977000000,consolidated,,,2026,4
E03036,2023,14039000000,consolidated,,,2026,3
E03036,2024,19288000000,consolidated,,,2026,2
E03036,2025,21352000000,consolidated,,,2026,1
E03036,2026,23985000000,consolidated,3682,1507,2026,0
E03040,2022,35547000000,consolidated,,,2026,4
E03040,2023,36364000000,consolidated,,,2026,3
E03040,2024,38776000000,consolidated,,,2026,2
E03040,2025,39916000000,consolidated,,,2026,1
E03040,2026,42650000000,consolidated,3820,275,2026,0
E03041,2022,30421000000,nonconsolidated,,,2026,4
E03041,2023,43424000000,nonconsolidated,,,2026,3
E03041,2024,46158000000,nonconsolidated,,,2026,2
E03041,2025,54783000000,nonconsolidated,,,2026,1
E03041,2026,62061000000,nonconsolidated,6346,3446,2026,0
E03051,2022,12930000000,consolidated,,,2026,4
E03051,2023,15314000000,consolidated,,,2026,3
E03051,2024,17604000000,consolidated,,,2026,2
E03051,2025,18581000000,consolidated,,,2026,1
E03051,2026,21219000000,consolidated,1764,1165,2026,0
E03052,2022,9701000000,consolidated,,,2026,4
E03052,2023,8317000000,consolidated,,,2026,3
E03052,2024,8251000000,consolidated,,,2026,2
E03052,2025,3491000000,consolidated,,,2026,1
E03052,2026,5113000000,consolidated,4362,3747,2026,0
E03071,2022,8203000000,consolidated,,,2026,4
E03071,2023,20690000000,consolidated,,,2026,3
E03071,2024,19695000000,consolidated,,,2026,2
E03071,2025,18572000000,consolidated,,,2026,1
E03071,2026,20152000000,consolidated,3299,1345,2026,0
E03072,2022,1220000000,consolidated,,,2026,4
E03072,2023,173000000,consolidated,,,2026,3
E03072,2024,966000000,consolidated,,,2026,2
E03072,2025,730000000,consolidated,,,2026,1
E03072,2026,146000000,consolidated,780,712,2026,0
E03076,2022,885000000,consolidated,,,2026,4
E03076,2023,1220000000,consolidated,,,2026,3
E03076,2024,1021000000,consolidated,,,2026,2
E03076,2025,1273000000,consolidated,,,2026,1
E03076,2026,1461000000,consolidated,578,422,2026,0
E03108,2022,-290168000,consolidated,,,2026,4
E03108,2023,-864091000,consolidated,,,2026,3
E03108,2024,170376000,consolidated,,,2026,2
E03108,2025,229254000,consolidated,,,2026,1
E03108,2026,-116367000,consolidated,261,261,2026,0
E03116,2022,4360000000,consolidated,,,2026,4
E03116,2023,8430000000,consolidated,,,2026,3
E03116,2024,13235000000,consolidated,,,2026,2
E03116,2025,14782000000,consolidated,,,2026,1
E03116,2026,16370000000,consolidated,3226,127,2026,0
E03120,2022,28248000000,consolidated,,,2026,4
E03120,2023,25812000000,consolidated,,,2026,3
E03120,2024,22214000000,consolidated,,,2026,2
E03120,2025,22248000000,consolidated,,,2026,1
E03120,2026,23395000000,consolidated,3750,3432,2026,0
E03121,2022,1820000000,consolidated,,,2026,4
E03121,2023,-515000000,consolidated,,,2026,3
E03121,2024,2278000000,consolidated,,,2026,2
E03121,2025,2754000000,consolidated,,,2026,1
E03121,2026,2929000000,consolidated,1364,1359,2026,0
E03124,2022,5150000000,consolidated,,,2026,4
E03124,2023,8734000000,consolidated,,,2026,3
E03124,2024,12503000000,consolidated,,,2026,2
E03124,2025,12628000000,consolidated,,,2026,1
E03124,2026,10919000000,consolidated,6666,2856,2026,0
E03128,2022,46545000000,consolidated,,,2026,4
E03128,2023,35266000000,consolidated,,,2026,3
E03128,2024,22944000000,consolidated,,,2026,2
E03128,2025,25910000000,consolidated,,,2026,1
E03128,2026,30579000000,consolidated,7307,2260,2026,0
E03134,2022,1233000000,consolidated,,,2026,4
E03134,2023,1773000000,nonconsolidated,,,2026,3
E03134,2024,1638000000,nonconsolidated,,,2026,2
E03134,2025,1265000000,consolidated,,,2026,1
E03134,2026,697000000,consolidated,834,757,2026,0
E03138,2022,11246000000,consolidated,,,2026,4
E03138,2023,11574000000,consolidated,,,2026,3
E03138,2024,8093000000,consolidated,,,2026,2
E03138,2025,12516000000,consolidated,,,2026,1
E03138,2026,14625000000,consolidated,5617,820,2026,0
E03139,2022,74136000000,consolidated,,,2026,4
E03139,2023,50064000000,consolidated,,,2026,3
E03139,2024,47037000000,consolidated,,,2026,2
E03139,2025,48045000000,consolidated,,,2026,1
E03139,2026,20002000000,consolidated,26747,561,2026,0
E03144,2022,141847000000,consolidated,,,2026,4
E03144,2023,144085000000,consolidated,,,2026,3
E03144,2024,132377000000,consolidated,,,2026,2
E03144,2025,126218000000,consolidated,,,2026,1
E03144,2026,5756000000,nonconsolidated,19432,884,2026,0
E03147,2022,-45000000,consolidated,,,2026,4
E03147,2023,-190000000,consolidated,,,2026,3
E03147,2024,68000000,consolidated,,,2026,2
E03147,2025,128000000,consolidated,,,2026,1
E03147,2026,250000000,consolidated,151,150,2026,0
E03148,2022,-438000000,consolidated,,,2026,4
E03148,2023,-385000000,consolidated,,,2026,3
E03148,2024,-59000000,consolidated,,,2026,2
E03148,2025,-47000000,consolidated,,,2026,1
E03148,2026,300000000,consolidated,666,659,2026,0
E03166,2022,1815776000,consolidated,,,2026,4
E03166,2023,1812847000,consolidated,,,2026,3
E03166,2024,2396411000,consolidated,,,2026,2
E03166,2025,2366193000,consolidated,,,2026,1
E03166,2026,2374351000,consolidated,503,436,2026,0
E03176,2022,245000000,consolidated,,,2026,4
E03176,2023,1759000000,consolidated,,,2026,3
E03176,2024,5081000000,consolidated,,,2026,2
E03176,2025,6941000000,consolidated,,,2026,1
E03176,2026,5242000000,consolidated,691,604,2026,0
E03180,2022,1191000000,nonconsolidated,,,2026,4
E03180,2023,1507000000,nonconsolidated,,,2026,3
E03180,2024,1738000000,nonconsolidated,,,2026,2
E03180,2025,2509000000,nonconsolidated,,,2026,1
E03180,2026,5398000000,nonconsolidated,,889,2026,0
E03181,2022,807000000,nonconsolidated,,,2026,4
E03181,2023,919000000,nonconsolidated,,,2026,3
E03181,2024,835000000,nonconsolidated,,,2026,2
E03181,2025,919000000,nonconsolidated,,,2026,1
E03181,2026,658000000,nonconsolidated,,505,2026,0
E03193,2022,13024000000,consolidated,,,2026,4
E03193,2023,9140000000,consolidated,,,2026,3
E03193,2024,10496000000,consolidated,,,2026,2
E03193,2025,11312000000,consolidated,,,2026,1
E03193,2026,10702000000,consolidated,2501,2439,2026,0
E03202,2022,-69923000,consolidated,,,2026,4
E03202,2023,224276000,consolidated,,,2026,3
E03202,2024,365669000,consolidated,,,2026,2
E03202,2025,463487000,consolidated,,,2026,1
E03202,2026,207542000,consolidated,174,163,2026,0
E03207,2022,24140000000,consolidated,,,2026,4
E03207,2023,23049000000,consolidated,,,2026,3
E03207,2024,25604000000,consolidated,,,2026,2
E03207,2025,26161000000,consolidated,,,2026,1
E03207,2026,30019000000,consolidated,11227,192,2026,0
E03213,2022,252788000,consolidated,,,2026,4
E03213,2023,190504000,consolidated,,,2026,3
E03213,2024,50125000,consolidated,,,2026,2
E03213,2025,2291000,consolidated,,,2026,1
E03213,2026,17155000,nonconsolidated,,349,2026,0
E03226,2022,34734000000,consolidated,,,2026,4
E03226,2023,38134000000,consolidated,,,2026,3
E03226,2024,41728000000,consolidated,,,2026,2
E03226,2025,43835000000,consolidated,,,2026,1
E03226,2026,46220000000,consolidated,7457,4622,2026,0
E03227,2022,8781000000,consolidated,,,2026,4
E03227,2023,2953000000,consolidated,,,2026,3
E03227,2024,6402000000,consolidated,,,2026,2
E03227,2025,5566000000,consolidated,,,2026,1
E03227,2026,3698000000,consolidated,1807,109,2026,0
E03229,2022,14537000000,consolidated,,,2026,4
E03229,2023,12459000000,consolidated,,,2026,3
E03229,2024,11831000000,consolidated,,,2026,2
E03229,2025,13255000000,consolidated,,,2026,1
E03229,2026,16274000000,consolidated,3844,674,2026,0
E03231,2022,-1347000000,consolidated,,,2026,4
E03231,2023,-1134000000,nonconsolidated,,,2026,3
E03231,2024,9000000,nonconsolidated,,,2026,2
E03231,2025,-643000000,nonconsolidated,,,2026,1
E03231,2026,-22000000,nonconsolidated,,550,2026,0
E03235,2022,35890000000,consolidated,,,2026,4
E03235,2023,36246000000,consolidated,,,2026,3
E03235,2024,32937000000,consolidated,,,2026,2
E03235,2025,51197000000,consolidated,,,2026,1
E03235,2026,62295000000,consolidated,12112,2912,2026,0
E03236,2022,-1889000000,consolidated,,,2026,4
E03236,2023,-1102000000,consolidated,,,2026,3
E03236,2024,1746000000,consolidated,,,2026,2
E03236,2025,1467000000,consolidated,,,2026,1
E03236,2026,592000000,consolidated,801,648,2026,0
E03251,2022,1212977000,consolidated,,,2026,4
E03251,2023,874370000,consolidated,,,2026,3
E03251,2024,547096000,consolidated,,,2026,2
E03251,2025,358930000,consolidated,,,2026,1
E03251,2026,264303000,consolidated,372,356,2026,0
E03266,2022,280396000,nonconsolidated,,,2026,4
E03266,2023,188686000,nonconsolidated,,,2026,3
E03266,2024,373389000,nonconsolidated,,,2026,2
E03266,2025,150376000,nonconsolidated,,,2026,1
E03266,2026,75024000,nonconsolidated,,752,2026,0
E03275,2022,2665000000,consolidated,,,2026,4
E03275,2023,3883000000,consolidated,,,2026,3
E03275,2024,5974000000,consolidated,,,2026,2
E03275,2025,5246000000,consolidated,,,2026,1
E03275,2026,6435000000,consolidated,1624,1119,2026,0
E03276,2022,2414461000,consolidated,,,2026,4
E03276,2023,2102024000,consolidated,,,2026,3
E03276,2024,2919757000,consolidated,,,2026,2
E03276,2025,2267707000,consolidated,,,2026,1
E03276,2026,2682060000,consolidated,296,208,2026,0
E03278,2022,-246099000,nonconsolidated,,,2026,4
E03278,2023,-371551000,nonconsolidated,,,2026,3
E03278,2024,95883000,nonconsolidated,,,2026,2
E03278,2025,32736000,nonconsolidated,,,2026,1
E03278,2026,-33901000,nonconsolidated,,127,2026,0
E03281,2022,781000000,consolidated,,,2026,4
E03281,2023,314000000,consolidated,,,2026,3
E03281,2024,303000000,consolidated,,,2026,2
E03281,2025,316000000,consolidated,,,2026,1
E03281,2026,697000000,consolidated,2875,188,2026,0
E03289,2022,84015000,nonconsolidated,,,2026,4
E03289,2023,79676000,nonconsolidated,,,2026,3
E03289,2024,147727000,nonconsolidated,,,2026,2
E03289,2025,117482000,nonconsolidated,,,2026,1
E03289,2026,139641000,nonconsolidated,,298,2026,0
E03291,2022,23117000000,consolidated,,,2026,4
E03291,2023,28081000000,consolidated,,,2026,3
E03291,2024,50913000000,consolidated,,,2026,2
E03291,2025,71890000000,consolidated,,,2026,1
E03291,2026,78257000000,consolidated,20626,1129,2026,0
E03293,2022,1452667000,consolidated,,,2026,4
E03293,2023,-1528920000,consolidated,,,2026,3
E03293,2024,-106128000,consolidated,,,2026,2
E03293,2025,413912000,nonconsolidated,,,2026,1
E03293,2026,1527965000,nonconsolidated,,581,2026,0
E03295,2022,871915000,consolidated,,,2026,4
E03295,2023,248186000,consolidated,,,2026,3
E03295,2024,1307156000,consolidated,,,2026,2
E03295,2025,1373877000,consolidated,,,2026,1
E03295,2026,1320302000,consolidated,551,225,2026,0
E03296,2022,27395000000,nonconsolidated,,,2026,4
E03296,2023,24664000000,nonconsolidated,,,2026,3
E03296,2024,23666000000,nonconsolidated,,,2026,2
E03296,2025,24904000000,nonconsolidated,,,2026,1
E03296,2026,30567000000,nonconsolidated,,440,2026,0
E03299,2022,265266000,consolidated,,,2026,4
E03299,2023,286900000,consolidated,,,2026,3
E03299,2024,102138000,consolidated,,,2026,2
E03299,2025,236383000,consolidated,,,2026,1
E03299,2026,360654000,consolidated,566,357,2026,0
E03310,2022,2056463000,consolidated,,,2026,4
E03310,2023,1418196000,consolidated,,,2026,3
E03310,2024,2039018000,consolidated,,,2026,2
E03310,2025,2051865000,consolidated,,,2026,1
E03310,2026,2272394000,consolidated,708,540,2026,0
E03316,2022,2827000000,consolidated,,,2026,4
E03316,2023,6900000000,consolidated,,,2026,3
E03316,2024,7486000000,consolidated,,,2026,2
E03316,2025,8539000000,consolidated,,,2026,1
E03316,2026,9313000000,consolidated,3904,3825,2026,0
E03321,2022,-2656000000,nonconsolidated,,,2026,4
E03321,2023,-2281000000,nonconsolidated,,,2026,3
E03321,2024,-2192000000,nonconsolidated,,,2026,2
E03321,2025,-3263000000,nonconsolidated,,,2026,1
E03321,2026,-231000000,nonconsolidated,5907,149,2026,0
E03324,2022,-477703000,nonconsolidated,,,2026,4
E03324,2023,852697000,nonconsolidated,,,2026,3
E03324,2024,866810000,nonconsolidated,,,2026,2
E03324,2025,699433000,nonconsolidated,,,2026,1
E03324,2026,846075000,nonconsolidated,,589,2026,0
E03330,2022,1620980000,consolidated,,,2026,4
E03330,2023,1817768000,consolidated,,,2026,3
E03330,2024,2038153000,consolidated,,,2026,2
E03330,2025,2052980000,consolidated,,,2026,1
E03330,2026,2000922000,consolidated,527,453,2026,0
E03332,2022,4373740000,consolidated,,,2026,4
E03332,2023,3988995000,consolidated,,,2026,3
E03332,2024,2847593000,consolidated,,,2026,2
E03332,2025,3214573000,consolidated,,,2026,1
E03332,2026,3190133000,consolidated,401,322,2026,0
E03355,2022,241964000,consolidated,,,2026,4
E03355,2023,409666000,nonconsolidated,,,2026,3
E03355,2024,426324000,nonconsolidated,,,2026,2
E03355,2025,411116000,nonconsolidated,,,2026,1
E03355,2026,458715000,nonconsolidated,,183,2026,0
E03356,2022,8698000000,consolidated,,,2026,4
E03356,2023,7672000000,consolidated,,,2026,3
E03356,2024,8609000000,consolidated,,,2026,2
E03356,2025,8340000000,consolidated,,,2026,1
E03356,2026,7897000000,consolidated,2750,2564,2026,0
E03361,2022,1668905000,consolidated,,,2026,4
E03361,2023,2510872000,consolidated,,,2026,3
E03361,2024,2990882000,consolidated,,,2026,2
E03361,2025,3403162000,consolidated,,,2026,1
E03361,2026,3489940000,consolidated,1040,637,2026,0
E03362,2022,39040210000,consolidated,,,2026,4
E03362,2023,43734767000,consolidated,,,2026,3
E03362,2024,49064612000,consolidated,,,2026,2
E03362,2025,48247987000,consolidated,,,2026,1
E03362,2026,54738653000,consolidated,16526,16487,2026,0
E03367,2022,9662000000,consolidated,,,2026,4
E03367,2023,11926000000,consolidated,,,2026,3
E03367,2024,18749000000,consolidated,,,2026,2
E03367,2025,12224000000,consolidated,,,2026,1
E03367,2026,15348000000,consolidated,7249,641,2026,0
E03374,2022,999453000,consolidated,,,2026,4
E03374,2023,480682000,consolidated,,,2026,3
E03374,2024,606319000,consolidated,,,2026,2
E03374,2025,428924000,consolidated,,,2026,1
E03374,2026,243264000,consolidated,719,519,2026,0
E03379,2022,-845000000,consolidated,,,2026,4
E03379,2023,600000000,consolidated,,,2026,3
E03379,2024,922000000,consolidated,,,2026,2
E03379,2025,2378000000,consolidated,,,2026,1
E03379,2026,4345000000,consolidated,621,437,2026,0
E03398,2022,1328000000,consolidated,,,2026,4
E03398,2023,701000000,consolidated,,,2026,3
E03398,2024,2311000000,consolidated,,,2026,2
E03398,2025,2726000000,consolidated,,,2026,1
E03398,2026,2344000000,consolidated,635,346,2026,0
E03399,2022,21589000000,consolidated,,,2026,4
E03399,2023,19248000000,consolidated,,,2026,3
E03399,2024,17339000000,consolidated,,,2026,2
E03399,2025,24350000000,consolidated,,,2026,1
E03399,2026,26640000000,consolidated,9148,8364,2026,0
E03406,2022,-1574111000,consolidated,,,2026,4
E03406,2023,-612687000,consolidated,,,2026,3
E03406,2024,175738000,consolidated,,,2026,2
E03406,2025,173967000,consolidated,,,2026,1
E03406,2026,204002000,consolidated,716,714,2026,0
E03407,2022,3634000000,consolidated,,,2026,4
E03407,2023,11218000000,consolidated,,,2026,3
E03407,2024,12947000000,consolidated,,,2026,2
E03407,2025,16462000000,consolidated,,,2026,1
E03407,2026,17751000000,consolidated,1774,110,2026,0
E03418,2022,21347000000,nonconsolidated,,,2026,4
E03418,2023,15617000000,nonconsolidated,,,2026,3
E03418,2024,15315000000,nonconsolidated,,,2026,2
E03418,2025,16993000000,nonconsolidated,,,2026,1
E03418,2026,21287000000,nonconsolidated,,566,2026,0
E03421,2022,12572000000,nonconsolidated,,,2026,4
E03421,2023,9661000000,nonconsolidated,,,2026,3
E03421,2024,5552000000,nonconsolidated,,,2026,2
E03421,2025,1329000000,nonconsolidated,,,2026,1
E03421,2026,1488000000,nonconsolidated,,1227,2026,0
E03432,2022,632966000,nonconsolidated,,,2026,4
E03432,2023,571686000,nonconsolidated,,,2026,3
E03432,2024,576999000,nonconsolidated,,,2026,2
E03432,2025,589209000,nonconsolidated,,,2026,1
E03432,2026,633340000,nonconsolidated,,173,2026,0
E03434,2022,-588877000,consolidated,,,2026,4
E03434,2023,-206313000,consolidated,,,2026,3
E03434,2024,96632000,consolidated,,,2026,2
E03434,2025,111964000,consolidated,,,2026,1
E03434,2026,106622000,consolidated,118,107,2026,0
E03447,2022,573894000,consolidated,,,2026,4
E03447,2023,564616000,consolidated,,,2026,3
E03447,2024,459607000,consolidated,,,2026,2
E03447,2025,544420000,consolidated,,,2026,1
E03447,2026,650709000,consolidated,336,261,2026,0
E03456,2022,-68575000,nonconsolidated,,,2026,4
E03456,2023,36698000,nonconsolidated,,,2026,3
E03456,2024,127809000,consolidated,,,2026,2
E03456,2025,112667000,consolidated,,,2026,1
E03456,2026,154059000,consolidated,126,121,2026,0
E03457,2022,57066000,consolidated,,,2026,4
E03457,2023,65742000,consolidated,,,2026,3
E03457,2024,205306000,consolidated,,,2026,2
E03457,2025,300005000,consolidated,,,2026,1
E03457,2026,176691000,consolidated,174,171,2026,0
E03468,2022,7467000000,nonconsolidated,,,2026,4
E03468,2023,3353000000,nonconsolidated,,,2026,3
E03468,2024,8686000000,nonconsolidated,,,2026,2
E03468,2025,2946000000,nonconsolidated,,,2026,1
E03468,2026,9793000000,nonconsolidated,7775,351,2026,0
E03472,2022,2376000000,consolidated,,,2026,4
E03472,2023,1753000000,consolidated,,,2026,3
E03472,2024,2142000000,consolidated,,,2026,2
E03472,2025,2689000000,consolidated,,,2026,1
E03472,2026,3470000000,consolidated,440,410,2026,0
E03474,2022,248513000,consolidated,,,2026,4
E03474,2023,89660000,consolidated,,,2026,3
E03474,2024,-37543000,consolidated,,,2026,2
E03474,2025,37330000,consolidated,,,2026,1
E03474,2026,90310000,consolidated,122,117,2026,0
E03493,2022,3038000000,consolidated,,,2026,4
E03493,2023,3534000000,consolidated,,,2026,3
E03493,2024,2724000000,consolidated,,,2026,2
E03493,2025,2249000000,consolidated,,,2026,1
E03493,2026,3451000000,consolidated,3851,2321,2026,0
E03494,2022,695087000,consolidated,,,2026,4
E03494,2023,188795000,consolidated,,,2026,3
E03494,2024,959000,consolidated,,,2026,2
E03494,2025,-392000,consolidated,,,2026,1
E03494,2026,-313934000,consolidated,234,230,2026,0
E03521,2022,9520000000,consolidated,,,2026,4
E03521,2023,30017000000,consolidated,,,2026,3
E03521,2024,59877000000,consolidated,,,2026,2
E03521,2025,88123000000,consolidated,,,2026,1
E03521,2026,86587000000,consolidated,8670,386,2026,0
E03524,2022,1515072000,consolidated,,,2026,4
E03524,2023,1238037000,consolidated,,,2026,3
E03524,2024,2022153000,consolidated,,,2026,2
E03524,2025,1847697000,consolidated,,,2026,1
E03524,2026,1901854000,consolidated,1029,947,2026,0
E03530,2022,28299000000,consolidated,,,2026,4
E03530,2023,52136000000,consolidated,,,2026,3
E03530,2024,61072000000,consolidated,,,2026,2
E03530,2025,77797000000,consolidated,,,2026,1
E03530,2026,123382000000,consolidated,5828,2419,2026,0
E03531,2022,46294000000,consolidated,,,2026,4
E03531,2023,7356000000,consolidated,,,2026,3
E03531,2024,-54816000000,consolidated,,,2026,2
E03531,2025,17561000000,consolidated,,,2026,1
E03531,2026,27183000000,consolidated,2515,1928,2026,0
E03532,2022,413688000000,consolidated,,,2026,4
E03532,2023,721643000000,consolidated,,,2026,3
E03532,2024,806522000000,consolidated,,,2026,2
E03532,2025,988015000000,consolidated,,,2026,1
E03532,2026,1294510000000,consolidated,33175,23356,2026,0
E03533,2022,824838000000,consolidated,,,2026,4
E03533,2023,286969000000,consolidated,,,2026,3
E03533,2024,1350277000000,consolidated,,,2026,2
E03533,2025,1756511000000,consolidated,,,2026,1
E03533,2026,2174869000000,consolidated,122102,31691,2026,0
E03538,2022,82934000000,consolidated,,,2026,4
E03538,2023,139519000000,consolidated,,,2026,3
E03538,2024,133275000000,consolidated,,,2026,2
E03538,2025,188702000000,consolidated,,,2026,1
E03538,2026,281030000000,consolidated,8759,8374,2026,0
E03543,2022,7768000000,consolidated,,,2026,4
E03543,2023,6457000000,consolidated,,,2026,3
E03543,2024,6955000000,consolidated,,,2026,2
E03543,2025,9780000000,consolidated,,,2026,1
E03543,2026,12851000000,consolidated,1365,1264,2026,0
E03544,2022,2118000000,consolidated,,,2026,4
E03544,2023,2505000000,consolidated,,,2026,3
E03544,2024,2148000000,consolidated,,,2026,2
E03544,2025,1974000000,consolidated,,,2026,1
E03544,2026,2523000000,consolidated,560,548,2026,0
E03545,2022,32998000000,consolidated,,,2026,4
E03545,2023,35777000000,consolidated,,,2026,3
E03545,2024,44241000000,consolidated,,,2026,2
E03545,2025,56273000000,consolidated,,,2026,1
E03545,2026,78469000000,consolidated,2456,2190,2026,0
E03546,2022,4716000000,consolidated,,,2026,4
E03546,2023,4935000000,consolidated,,,2026,3
E03546,2024,6597000000,consolidated,,,2026,2
E03546,2025,9121000000,consolidated,,,2026,1
E03546,2026,11246000000,consolidated,1175,1126,2026,0
E03549,2022,5489000000,consolidated,,,2026,4
E03549,2023,5537000000,consolidated,,,2026,3
E03549,2024,3762000000,consolidated,,,2026,2
E03549,2025,6505000000,consolidated,,,2026,1
E03549,2026,9046000000,consolidated,1178,1059,2026,0
E03550,2022,10217000000,consolidated,,,2026,4
E03550,2023,6699000000,consolidated,,,2026,3
E03550,2024,8321000000,consolidated,,,2026,2
E03550,2025,11197000000,consolidated,,,2026,1
E03550,2026,17090000000,consolidated,2037,1856,2026,0
E03552,2022,5201000000,consolidated,,,2026,4
E03552,2023,1762000000,consolidated,,,2026,3
E03552,2024,2467000000,consolidated,,,2026,2
E03552,2025,4476000000,consolidated,,,2026,1
E03552,2026,7457000000,consolidated,1260,1207,2026,0
E03554,2022,39111000000,consolidated,,,2026,4
E03554,2023,38316000000,consolidated,,,2026,3
E03554,2024,43788000000,consolidated,,,2026,2
E03554,2025,62029000000,consolidated,,,2026,1
E03554,2026,84886000000,consolidated,2899,2650,2026,0
E03555,2022,13492000000,consolidated,,,2026,4
E03555,2023,15634000000,consolidated,,,2026,3
E03555,2024,16261000000,consolidated,,,2026,2
E03555,2025,18100000000,consolidated,,,2026,1
E03555,2026,22806000000,consolidated,2043,1908,2026,0
E03556,2022,78827000000,consolidated,,,2026,4
E03556,2023,86983000000,consolidated,,,2026,3
E03556,2024,90262000000,consolidated,,,2026,2
E03556,2025,107506000000,consolidated,,,2026,1
E03556,2026,138815000000,consolidated,4377,3873,2026,0
E03557,2022,9005000000,consolidated,,,2026,4
E03557,2023,9671000000,consolidated,,,2026,3
E03557,2024,10250000000,consolidated,,,2026,2
E03557,2025,10682000000,consolidated,,,2026,1
E03557,2026,12711000000,consolidated,1307,1225,2026,0
E03562,2022,6624000000,consolidated,,,2026,4
E03562,2023,7721000000,consolidated,,,2026,3
E03562,2024,7641000000,consolidated,,,2026,2
E03562,2025,10620000000,consolidated,,,2026,1
E03562,2026,13832000000,consolidated,1649,1604,2026,0
E03563,2022,38047000000,consolidated,,,2026,4
E03563,2023,34893000000,consolidated,,,2026,3
E03563,2024,35217000000,consolidated,,,2026,2
E03563,2025,63838000000,consolidated,,,2026,1
E03563,2026,81533000000,consolidated,4128,3773,2026,0
E03565,2022,376000000,consolidated,,,2026,4
E03565,2023,1602000000,consolidated,,,2026,3
E03565,2024,788000000,consolidated,,,2026,2
E03565,2025,1291000000,consolidated,,,2026,1
E03565,2026,1779000000,consolidated,325,319,2026,0
E03567,2022,-754000000,consolidated,,,2026,4
E03567,2023,788000000,consolidated,,,2026,3
E03567,2024,5615000000,consolidated,,,2026,2
E03567,2025,8701000000,consolidated,,,2026,1
E03567,2026,13434000000,consolidated,1732,1235,2026,0
E03568,2022,16671000000,consolidated,,,2026,4
E03568,2023,9376000000,consolidated,,,2026,3
E03568,2024,14429000000,consolidated,,,2026,2
E03568,2025,20792000000,consolidated,,,2026,1
E03568,2026,22132000000,consolidated,2959,2324,2026,0
E03571,2022,10596000000,consolidated,,,2026,4
E03571,2023,13266000000,consolidated,,,2026,3
E03571,2024,20641000000,consolidated,,,2026,2
E03571,2025,26159000000,consolidated,,,2026,1
E03571,2026,35518000000,consolidated,1383,1169,2026,0
E03572,2022,3984000000,consolidated,,,2026,4
E03572,2023,1596000000,consolidated,,,2026,3
E03572,2024,-4131000000,consolidated,,,2026,2
E03572,2025,2300000000,consolidated,,,2026,1
E03572,2026,3134000000,consolidated,926,846,2026,0
E03574,2022,19423000000,consolidated,,,2026,4
E03574,2023,20794000000,consolidated,,,2026,3
E03574,2024,20054000000,consolidated,,,2026,2
E03574,2025,25704000000,consolidated,,,2026,1
E03574,2026,37032000000,consolidated,2828,2193,2026,0
E03575,2022,23999000000,consolidated,,,2026,4
E03575,2023,20041000000,consolidated,,,2026,3
E03575,2024,23967000000,consolidated,,,2026,2
E03575,2025,18949000000,consolidated,,,2026,1
E03575,2026,29031000000,consolidated,2243,1936,2026,0
E03580,2022,17981000000,consolidated,,,2026,4
E03580,2023,6322000000,consolidated,,,2026,3
E03580,2024,16631000000,consolidated,,,2026,2
E03580,2025,19674000000,consolidated,,,2026,1
E03580,2026,24820000000,consolidated,2352,2169,2026,0
E03581,2022,24281000000,consolidated,,,2026,4
E03581,2023,5072000000,consolidated,,,2026,3
E03581,2024,20136000000,consolidated,,,2026,2
E03581,2025,23308000000,consolidated,,,2026,1
E03581,2026,32369000000,consolidated,2473,2125,2026,0
E03582,2022,463000000,consolidated,,,2026,4
E03582,2023,1711000000,consolidated,,,2026,3
E03582,2024,1613000000,consolidated,,,2026,2
E03582,2025,1901000000,consolidated,,,2026,1
E03582,2026,2243000000,consolidated,638,632,2026,0
E03583,2022,20791000000,consolidated,,,2026,4
E03583,2023,21722000000,consolidated,,,2026,3
E03583,2024,24727000000,consolidated,,,2026,2
E03583,2025,26716000000,consolidated,,,2026,1
E03583,2026,32335000000,consolidated,1906,1720,2026,0
E03587,2022,16134000000,consolidated,,,2026,4
E03587,2023,15428000000,consolidated,,,2026,3
E03587,2024,16624000000,consolidated,,,2026,2
E03587,2025,17861000000,consolidated,,,2026,1
E03587,2026,21825000000,consolidated,1410,1317,2026,0
E03588,2022,15187000000,consolidated,,,2026,4
E03588,2023,13295000000,consolidated,,,2026,3
E03588,2024,14557000000,consolidated,,,2026,2
E03588,2025,19910000000,consolidated,,,2026,1
E03588,2026,29135000000,consolidated,2107,1872,2026,0
E03590,2022,10948000000,consolidated,,,2026,4
E03590,2023,7903000000,consolidated,,,2026,3
E03590,2024,9319000000,consolidated,,,2026,2
E03590,2025,10281000000,consolidated,,,2026,1
E03590,2026,14046000000,consolidated,1319,1239,2026,0
E03592,2022,1075000000,consolidated,,,2026,4
E03592,2023,1015000000,consolidated,,,2026,3
E03592,2024,1182000000,consolidated,,,2026,2
E03592,2025,1152000000,consolidated,,,2026,1
E03592,2026,1487000000,consolidated,554,523,2026,0
E03596,2022,7246000000,consolidated,,,2026,4
E03596,2023,7796000000,consolidated,,,2026,3
E03596,2024,9083000000,consolidated,,,2026,2
E03596,2025,11088000000,consolidated,,,2026,1
E03596,2026,14710000000,consolidated,1626,1495,2026,0
E03597,2022,11535000000,consolidated,,,2026,4
E03597,2023,11848000000,consolidated,,,2026,3
E03597,2024,9986000000,consolidated,,,2026,2
E03597,2025,13947000000,consolidated,,,2026,1
E03597,2026,19831000000,consolidated,1392,1248,2026,0
E03599,2022,6975000000,consolidated,,,2026,4
E03599,2023,7265000000,consolidated,,,2026,3
E03599,2024,7571000000,consolidated,,,2026,2
E03599,2025,11001000000,consolidated,,,2026,1
E03599,2026,12307000000,consolidated,1286,1129,2026,0
E03600,2022,1884000000,consolidated,,,2026,4
E03600,2023,1880000000,consolidated,,,2026,3
E03600,2024,2004000000,consolidated,,,2026,2
E03600,2025,2124000000,consolidated,,,2026,1
E03600,2026,3211000000,consolidated,582,567,2026,0
E03602,2022,7930000000,consolidated,,,2026,4
E03602,2023,8499000000,consolidated,,,2026,3
E03602,2024,8452000000,consolidated,,,2026,2
E03602,2025,8328000000,consolidated,,,2026,1
E03602,2026,13060000000,consolidated,1802,1407,2026,0
E03606,2022,1537649000000,consolidated,,,2026,4
E03606,2023,1020728000000,consolidated,,,2026,3
E03606,2024,2127958000000,consolidated,,,2026,2
E03606,2025,2669483000000,consolidated,,,2026,1
E03606,2026,3410192000000,consolidated,161576,3637,2026,0
E03610,2022,158775000000,consolidated,,,2026,4
E03610,2023,227690000000,consolidated,,,2026,3
E03610,2024,222962000000,consolidated,,,2026,2
E03610,2025,292160000000,consolidated,,,2026,1
E03610,2026,390902000000,consolidated,20813,2105,2026,0
E03611,2022,229704000000,consolidated,,,2026,4
E03611,2023,285840000000,consolidated,,,2026,3
E03611,2024,101327000000,consolidated,,,2026,2
E03611,2025,367694000000,consolidated,,,2026,1
E03611,2026,401499000000,consolidated,22526,194,2026,0
E03614,2022,1040621000000,consolidated,,,2026,4
E03614,2023,1160930000000,consolidated,,,2026,3
E03614,2024,1466128000000,consolidated,,,2026,2
E03614,2025,1719482000000,consolidated,,,2026,1
E03614,2026,2303350000000,consolidated,122970,1678,2026,0
E03615,2022,559847000000,consolidated,,,2026,4
E03615,2023,789606000000,consolidated,,,2026,3
E03615,2024,914047000000,consolidated,,,2026,2
E03615,2025,1168141000000,consolidated,,,2026,1
E03615,2026,1573159000000,consolidated,52427,2867,2026,0
E03617,2022,867849000000,consolidated,,,2026,4
E03617,2023,1125928000000,consolidated,,,2026,3
E03617,2024,1356572000000,consolidated,,,2026,2
E03617,2025,1735832000000,consolidated,,,2026,1
E03617,2026,2049358000000,consolidated,71100,28030,2026,0
E03618,2022,30281000000,consolidated,,,2026,4
E03618,2023,26392000000,consolidated,,,2026,3
E03618,2024,23278000000,consolidated,,,2026,2
E03618,2025,51621000000,consolidated,,,2026,1
E03618,2026,80757000000,consolidated,4618,251,2026,0
E03621,2022,27909000000,consolidated,,,2026,4
E03621,2023,38746000000,consolidated,,,2026,3
E03621,2024,48367000000,consolidated,,,2026,2
E03621,2025,71524000000,consolidated,,,2026,1
E03621,2026,103091000000,consolidated,1186,987,2026,0
E03622,2022,-7635000000,consolidated,,,2026,4
E03622,2023,25698000000,consolidated,,,2026,3
E03622,2024,37282000000,consolidated,,,2026,2
E03622,2025,52436000000,consolidated,,,2026,1
E03622,2026,45026000000,consolidated,3459,529,2026,0
E03623,2022,28255000000,consolidated,,,2026,4
E03623,2023,28924000000,consolidated,,,2026,3
E03623,2024,30526000000,consolidated,,,2026,2
E03623,2025,30289000000,consolidated,,,2026,1
E03623,2026,30165000000,consolidated,1393,715,2026,0
E03624,2022,76086000000,consolidated,,,2026,4
E03624,2023,50050000000,consolidated,,,2026,3
E03624,2024,56937000000,consolidated,,,2026,2
E03624,2025,103594000000,consolidated,,,2026,1
E03624,2026,120610000000,consolidated,8050,328,2026,0
E03627,2022,203664000000,consolidated,,,2026,4
E03627,2023,265045000000,consolidated,,,2026,3
E03627,2024,86295000000,consolidated,,,2026,2
E03627,2025,346309000000,consolidated,,,2026,1
E03627,2026,375802000000,consolidated,20645,13810,2026,0
E03632,2022,19247000000,consolidated,,,2026,4
E03632,2023,17312000000,consolidated,,,2026,3
E03632,2024,18605000000,consolidated,,,2026,2
E03632,2025,28070000000,consolidated,,,2026,1
E03632,2026,37532000000,consolidated,2828,2391,2026,0
E03634,2022,2779000000,consolidated,,,2026,4
E03634,2023,3500000000,consolidated,,,2026,3
E03634,2024,4098000000,consolidated,,,2026,2
E03634,2025,5578000000,consolidated,,,2026,1
E03634,2026,6343000000,consolidated,771,754,2026,0
E03637,2022,794000000,consolidated,,,2026,4
E03637,2023,1145000000,consolidated,,,2026,3
E03637,2024,1190000000,consolidated,,,2026,2
E03637,2025,-1175000000,consolidated,,,2026,1
E03637,2026,687000000,consolidated,460,414,2026,0
E03639,2022,5576000000,consolidated,,,2026,4
E03639,2023,5062000000,consolidated,,,2026,3
E03639,2024,4234000000,consolidated,,,2026,2
E03639,2025,-23641000000,consolidated,,,2026,1
E03639,2026,10019000000,consolidated,1501,1283,2026,0
E03640,2022,3712000000,consolidated,,,2026,4
E03640,2023,3987000000,consolidated,,,2026,3
E03640,2024,4335000000,consolidated,,,2026,2
E03640,2025,6389000000,consolidated,,,2026,1
E03640,2026,-29837000000,consolidated,1232,1207,2026,0
E03641,2022,16210000000,consolidated,,,2026,4
E03641,2023,15174000000,consolidated,,,2026,3
E03641,2024,15678000000,consolidated,,,2026,2
E03641,2025,18214000000,consolidated,,,2026,1
E03641,2026,22452000000,consolidated,1837,1805,2026,0
E03645,2022,2612000000,consolidated,,,2026,4
E03645,2023,2238000000,consolidated,,,2026,3
E03645,2024,3285000000,consolidated,,,2026,2
E03645,2025,3891000000,consolidated,,,2026,1
E03645,2026,4067000000,consolidated,883,870,2026,0
E03646,2022,5233000000,consolidated,,,2026,4
E03646,2023,6326000000,consolidated,,,2026,3
E03646,2024,9223000000,consolidated,,,2026,2
E03646,2025,18959000000,consolidated,,,2026,1
E03646,2026,20989000000,consolidated,623,607,2026,0
E03648,2022,2684000000,consolidated,,,2026,4
E03648,2023,3257000000,consolidated,,,2026,3
E03648,2024,3649000000,consolidated,,,2026,2
E03648,2025,3986000000,consolidated,,,2026,1
E03648,2026,4635000000,consolidated,433,427,2026,0
E03652,2022,15721000000,consolidated,,,2026,4
E03652,2023,11495000000,consolidated,,,2026,3
E03652,2024,14513000000,consolidated,,,2026,2
E03652,2025,20899000000,consolidated,,,2026,1
E03652,2026,28081000000,consolidated,1926,1687,2026,0
E03660,2022,7505000000,consolidated,,,2026,4
E03660,2023,7991000000,consolidated,,,2026,3
E03660,2024,8319000000,consolidated,,,2026,2
E03660,2025,7843000000,consolidated,,,2026,1
E03660,2026,9582000000,consolidated,605,600,2026,0
E03663,2022,9335000000,consolidated,,,2026,4
E03663,2023,8354000000,consolidated,,,2026,3
E03663,2024,7909000000,consolidated,,,2026,2
E03663,2025,7835000000,consolidated,,,2026,1
E03663,2026,10665000000,consolidated,1350,1277,2026,0
E03664,2022,2314000000,consolidated,,,2026,4
E03664,2023,2551000000,consolidated,,,2026,3
E03664,2024,1952000000,consolidated,,,2026,2
E03664,2025,1224000000,consolidated,,,2026,1
E03664,2026,1380000000,consolidated,724,690,2026,0
E03669,2022,2013000000,consolidated,,,2026,4
E03669,2023,2174000000,consolidated,,,2026,3
E03669,2024,2457000000,consolidated,,,2026,2
E03669,2025,1887000000,consolidated,,,2026,1
E03669,2026,2590000000,consolidated,570,558,2026,0
E03670,2022,2892000000,consolidated,,,2026,4
E03670,2023,1883000000,consolidated,,,2026,3
E03670,2024,2035000000,consolidated,,,2026,2
E03670,2025,2749000000,consolidated,,,2026,1
E03670,2026,2922000000,consolidated,602,599,2026,0
E03673,2022,959000000,nonconsolidated,,,2026,4
E03673,2023,1456000000,nonconsolidated,,,2026,3
E03673,2024,682000000,nonconsolidated,,,2026,2
E03673,2025,1344000000,nonconsolidated,,,2026,1
E03673,2026,1207000000,nonconsolidated,,509,2026,0
E03674,2022,2194000000,consolidated,,,2026,4
E03674,2023,2017000000,consolidated,,,2026,3
E03674,2024,1892000000,consolidated,,,2026,2
E03674,2025,2017000000,consolidated,,,2026,1
E03674,2026,2493000000,consolidated,413,405,2026,0
E03676,2022,1124000000,nonconsolidated,,,2026,4
E03676,2023,1070000000,nonconsolidated,,,2026,3
E03676,2024,1464000000,nonconsolidated,,,2026,2
E03676,2025,1111000000,nonconsolidated,,,2026,1
E03676,2026,1973000000,nonconsolidated,,215,2026,0
E03678,2022,2452000000,consolidated,,,2026,4
E03678,2023,2747000000,consolidated,,,2026,3
E03678,2024,2312000000,consolidated,,,2026,2
E03678,2025,2603000000,consolidated,,,2026,1
E03678,2026,2827000000,consolidated,746,712,2026,0
E03679,2022,285000000,consolidated,,,2026,4
E03679,2023,415000000,consolidated,,,2026,3
E03679,2024,531000000,consolidated,,,2026,2
E03679,2025,858000000,consolidated,,,2026,1
E03679,2026,417000000,consolidated,316,308,2026,0
E03683,2022,1019000000,consolidated,,,2026,4
E03683,2023,2171000000,consolidated,,,2026,3
E03683,2024,2042000000,consolidated,,,2026,2
E03683,2025,1092000000,consolidated,,,2026,1
E03683,2026,2167000000,consolidated,618,612,2026,0
E03688,2022,7164000000,consolidated,,,2026,4
E03688,2023,7601000000,consolidated,,,2026,3
E03688,2024,11024000000,consolidated,,,2026,2
E03688,2025,12507000000,consolidated,,,2026,1
E03688,2026,14996000000,consolidated,279,215,2026,0
E03693,2022,35441000000,consolidated,,,2026,4
E03693,2023,87485000000,consolidated,,,2026,3
E03693,2024,86715000000,consolidated,,,2026,2
E03693,2025,58919000000,consolidated,,,2026,1
E03693,2026,100513000000,consolidated,5626,2125,2026,0
E03716,2022,1463334000,consolidated,,,2026,4
E03716,2023,1605567000,consolidated,,,2026,3
E03716,2024,2098040000,consolidated,,,2026,2
E03716,2025,2153255000,consolidated,,,2026,1
E03716,2026,6368478000,consolidated,358,356,2026,0
E03721,2022,12265000000,consolidated,,,2026,4
E03721,2023,24428000000,consolidated,,,2026,3
E03721,2024,22067000000,consolidated,,,2026,2
E03721,2025,26817000000,consolidated,,,2026,1
E03721,2026,35543000000,consolidated,2610,1276,2026,0
E03729,2022,48174000000,consolidated,,,2026,4
E03729,2023,36027000000,consolidated,,,2026,3
E03729,2024,44230000000,consolidated,,,2026,2
E03729,2025,58585000000,consolidated,,,2026,1
E03729,2026,56156000000,consolidated,1849,1270,2026,0
E03730,2022,14914000000,nonconsolidated,,,2026,4
E03730,2023,15224000000,nonconsolidated,,,2026,3
E03730,2024,10228000000,nonconsolidated,,,2026,2
E03730,2025,18975000000,nonconsolidated,,,2026,1
E03730,2026,19487000000,nonconsolidated,,460,2026,0
E03736,2022,40734000000,nonconsolidated,,,2026,4
E03736,2023,35281000000,nonconsolidated,,,2026,3
E03736,2024,31669000000,nonconsolidated,,,2026,2
E03736,2025,32962000000,nonconsolidated,,,2026,1
E03736,2026,29674000000,nonconsolidated,,678,2026,0
E03752,2022,114577000000,nonconsolidated,,,2026,4
E03752,2023,121963000000,nonconsolidated,,,2026,3
E03752,2024,83720000000,nonconsolidated,,,2026,2
E03752,2025,140679000000,nonconsolidated,,,2026,1
E03752,2026,161379000000,nonconsolidated,28677,204,2026,0
E03753,2022,135821000000,consolidated,,,2026,4
E03753,2023,86930000000,consolidated,,,2026,3
E03753,2024,174587000000,consolidated,,,2026,2
E03753,2025,224716000000,consolidated,,,2026,1
E03753,2026,234510000000,consolidated,14984,624,2026,0
E03760,2022,3647000000,consolidated,,,2026,4
E03760,2023,852000000,consolidated,,,2026,3
E03760,2024,4187000000,consolidated,,,2026,2
E03760,2025,4048000000,consolidated,,,2026,1
E03760,2026,5923000000,nonconsolidated,,1130,2026,0
E03761,2022,290181000,nonconsolidated,,,2026,4
E03761,2023,-746595000,nonconsolidated,,,2026,3
E03761,2024,562458000,nonconsolidated,,,2026,2
E03761,2025,500257000,nonconsolidated,,,2026,1
E03761,2026,1134616000,nonconsolidated,,287,2026,0
E03762,2022,1961000000,nonconsolidated,,,2026,4
E03762,2023,186000000,nonconsolidated,,,2026,3
E03762,2024,2803000000,nonconsolidated,,,2026,2
E03762,2025,2328000000,nonconsolidated,,,2026,1
E03762,2026,3598000000,nonconsolidated,,753,2026,0
E03764,2022,12979000000,consolidated,,,2026,4
E03764,2023,6346000000,consolidated,,,2026,3
E03764,2024,18397000000,consolidated,,,2026,2
E03764,2025,15120000000,consolidated,,,2026,1
E03764,2026,20492000000,consolidated,2528,155,2026,0
E03768,2022,579000000,consolidated,,,2026,4
E03768,2023,-1660000000,consolidated,,,2026,3
E03768,2024,1437000000,consolidated,,,2026,2
E03768,2025,1036000000,consolidated,,,2026,1
E03768,2026,3259000000,consolidated,632,620,2026,0
E03772,2022,3443000000,consolidated,,,2026,4
E03772,2023,1216000000,consolidated,,,2026,3
E03772,2024,2875000000,consolidated,,,2026,2
E03772,2025,2406000000,consolidated,,,2026,1
E03772,2026,6236000000,consolidated,1014,920,2026,0
E03784,2022,1880000000,consolidated,,,2026,4
E03784,2023,491000000,consolidated,,,2026,3
E03784,2024,3706000000,consolidated,,,2026,2
E03784,2025,3453000000,consolidated,,,2026,1
E03784,2026,4006000000,consolidated,238,227,2026,0
E03788,2022,5799000000,consolidated,,,2026,4
E03788,2023,5165000000,consolidated,,,2026,3
E03788,2024,8003000000,consolidated,,,2026,2
E03788,2025,9150000000,consolidated,,,2026,1
E03788,2026,13550000000,consolidated,848,,2026,0
E03792,2022,452000000,nonconsolidated,,,2026,4
E03792,2023,129000000,nonconsolidated,,,2026,3
E03792,2024,768000000,nonconsolidated,,,2026,2
E03792,2025,599000000,nonconsolidated,,,2026,1
E03792,2026,1006000000,nonconsolidated,,138,2026,0
E03807,2022,12791000000,nonconsolidated,,,2026,4
E03807,2023,11253000000,nonconsolidated,,,2026,3
E03807,2024,15054000000,nonconsolidated,,,2026,2
E03807,2025,15292000000,nonconsolidated,,,2026,1
E03807,2026,23813000000,nonconsolidated,,227,2026,0
E03814,2022,46451000000,nonconsolidated,,,2026,4
E03814,2023,31029000000,nonconsolidated,,,2026,3
E03814,2024,42155000000,nonconsolidated,,,2026,2
E03814,2025,51934000000,nonconsolidated,,,2026,1
E03814,2026,54923000000,nonconsolidated,1268,223,2026,0
E03816,2022,62057000000,consolidated,,,2026,4
E03816,2023,60951000000,consolidated,,,2026,3
E03816,2024,69553000000,consolidated,,,2026,2
E03816,2025,76625000000,consolidated,,,2026,1
E03816,2026,90458000000,consolidated,2320,1111,2026,0
E03823,2022,467246000000,consolidated,,,2026,4
E03823,2023,433784000000,consolidated,,,2026,3
E03823,2024,782822000000,consolidated,,,2026,2
E03823,2025,1402833000000,consolidated,,,2026,1
E03823,2026,1332631000000,consolidated,48838,16064,2026,0
E03824,2022,177871000000,consolidated,,,2026,4
E03824,2023,188204000000,consolidated,,,2026,3
E03824,2024,333727000000,consolidated,,,2026,2
E03824,2025,713384000000,consolidated,,,2026,1
E03824,2026,901467000000,consolidated,23039,12731,2026,0
E03827,2022,246342000000,consolidated,,,2026,4
E03827,2023,64751000000,consolidated,,,2026,3
E03827,2024,389391000000,consolidated,,,2026,2
E03827,2025,482520000000,consolidated,,,2026,1
E03827,2026,377064000000,nonconsolidated,35424,20116,2026,0
E03833,2022,83733000000,consolidated,,,2026,4
E03833,2023,66185000000,consolidated,,,2026,3
E03833,2024,73523000000,consolidated,,,2026,2
E03833,2025,137438000000,consolidated,,,2026,1
E03833,2026,259142000000,consolidated,15207,12515,2026,0
E03838,2022,9525519000,consolidated,,,2026,4
E03838,2023,6284384000,consolidated,,,2026,3
E03838,2024,5397669000,consolidated,,,2026,2
E03838,2025,6906175000,consolidated,,,2026,1
E03838,2026,7999947000,consolidated,337,254,2026,0
E03847,2022,567413000000,consolidated,,,2026,4
E03847,2023,494165000000,consolidated,,,2026,3
E03847,2024,842576000000,consolidated,,,2026,2
E03847,2025,1460007000000,consolidated,,,2026,1
E03847,2026,1348630000000,consolidated,67526,1339,2026,0
E03850,2022,10489000000,nonconsolidated,,,2026,4
E03850,2023,1067000000,nonconsolidated,,,2026,3
E03850,2024,11186000000,nonconsolidated,,,2026,2
E03850,2025,3770000000,nonconsolidated,,,2026,1
E03850,2026,1195000000,nonconsolidated,,2636,2026,0
E03854,2022,390499000000,consolidated,,,2026,4
E03854,2023,292262000000,consolidated,,,2026,3
E03854,2024,416440000000,consolidated,,,2026,2
E03854,2025,928989000000,consolidated,,,2026,1
E03854,2026,1120230000000,consolidated,46856,478,2026,0
E03855,2022,224940000000,consolidated,,,2026,4
E03855,2023,265358000000,consolidated,,,2026,3
E03855,2024,267890000000,consolidated,,,2026,2
E03855,2025,290262000000,consolidated,,,2026,1
E03855,2026,313319000000,consolidated,27704,1981,2026,0
E03856,2022,253710000000,consolidated,,,2026,4
E03856,2023,271819000000,consolidated,,,2026,3
E03856,2024,241158000000,consolidated,,,2026,2
E03856,2025,262960000000,consolidated,,,2026,1
E03856,2026,273086000000,consolidated,11659,1286,2026,0
E03858,2022,11572000000,consolidated,,,2026,4
E03858,2023,9647000000,consolidated,,,2026,3
E03858,2024,11463000000,consolidated,,,2026,2
E03858,2025,11651000000,consolidated,,,2026,1
E03858,2026,12980000000,consolidated,265,107,2026,0
E03861,2022,10740000000,consolidated,,,2026,4
E03861,2023,10363000000,consolidated,,,2026,3
E03861,2024,10757000000,consolidated,,,2026,2
E03861,2025,13234000000,consolidated,,,2026,1
E03861,2026,10478000000,consolidated,2292,128,2026,0
E03863,2022,-43861000000,consolidated,,,2026,4
E03863,2023,-12064000000,consolidated,,,2026,3
E03863,2024,27225000000,consolidated,,,2026,2
E03863,2025,35723000000,consolidated,,,2026,1
E03863,2026,43704000000,consolidated,3018,326,2026,0
E03907,2022,225115000000,consolidated,,,2026,4
E03907,2023,236651000000,consolidated,,,2026,3
E03907,2024,253111000000,consolidated,,,2026,2
E03907,2025,268323000000,consolidated,,,2026,1
E03907,2026,289233000000,consolidated,14116,2021,2026,0
E03908,2022,3989000000,consolidated,,,2026,4
E03908,2023,5175000000,consolidated,,,2026,3
E03908,2024,7351000000,consolidated,,,2026,2
E03908,2025,5750000000,consolidated,,,2026,1
E03908,2026,6542000000,consolidated,293,188,2026,0
E03938,2022,2610000000,consolidated,,,2026,4
E03938,2023,4469000000,consolidated,,,2026,3
E03938,2024,6681000000,consolidated,,,2026,2
E03938,2025,7943000000,consolidated,,,2026,1
E03938,2026,11158000000,consolidated,1295,640,2026,0
E03943,2022,-2151000000,consolidated,,,2026,4
E03943,2023,6526000000,consolidated,,,2026,3
E03943,2024,19476000000,consolidated,,,2026,2
E03943,2025,26936000000,consolidated,,,2026,1
E03943,2026,34842000000,consolidated,4150,2952,2026,0
E03945,2022,25789000000,consolidated,,,2026,4
E03945,2023,30002000000,consolidated,,,2026,3
E03945,2024,33396000000,consolidated,,,2026,2
E03945,2025,33404000000,consolidated,,,2026,1
E03945,2026,38244000000,consolidated,4715,155,2026,0
E03953,2022,5627371000,consolidated,,,2026,4
E03953,2023,5744095000,consolidated,,,2026,3
E03953,2024,6643233000,consolidated,,,2026,2
E03953,2025,6987318000,consolidated,,,2026,1
E03953,2026,6995644000,consolidated,931,761,2026,0
E03958,2022,2962000000,consolidated,,,2026,4
E03958,2023,2121000000,consolidated,,,2026,3
E03958,2024,3175000000,consolidated,,,2026,2
E03958,2025,4629000000,consolidated,,,2026,1
E03958,2026,7126000000,consolidated,131,114,2026,0
E03967,2022,3160000000,consolidated,,,2026,4
E03967,2023,4989000000,consolidated,,,2026,3
E03967,2024,3990000000,consolidated,,,2026,2
E03967,2025,3769000000,consolidated,,,2026,1
E03967,2026,5891000000,consolidated,615,406,2026,0
E03969,2022,11123000000,consolidated,,,2026,4
E03969,2023,13247000000,consolidated,,,2026,3
E03969,2024,21807000000,consolidated,,,2026,2
E03969,2025,26848000000,consolidated,,,2026,1
E03969,2026,29281000000,consolidated,9477,6585,2026,0
E03977,2022,8575047000,consolidated,,,2026,4
E03977,2023,9368145000,consolidated,,,2026,3
E03977,2024,11346554000,consolidated,,,2026,2
E03977,2025,13748679000,consolidated,,,2026,1
E03977,2026,16395251000,consolidated,476,248,2026,0
E03992,2022,9099000000,consolidated,,,2026,4
E03992,2023,14012000000,consolidated,,,2026,3
E03992,2024,16585000000,consolidated,,,2026,2
E03992,2025,17320000000,consolidated,,,2026,1
E03992,2026,17190000000,consolidated,487,320,2026,0
E04018,2022,4546570000,consolidated,,,2026,4
E04018,2023,3135764000,consolidated,,,2026,3
E04018,2024,4098056000,consolidated,,,2026,2
E04018,2025,5936356000,consolidated,,,2026,1
E04018,2026,7475915000,consolidated,376,273,2026,0
E04031,2022,12215000000,consolidated,,,2026,4
E04031,2023,14722000000,consolidated,,,2026,3
E04031,2024,17374000000,consolidated,,,2026,2
E04031,2025,20446000000,consolidated,,,2026,1
E04031,2026,23298000000,consolidated,1076,395,2026,0
E04044,2022,3810207000,consolidated,,,2026,4
E04044,2023,3103560000,consolidated,,,2026,3
E04044,2024,877211000,consolidated,,,2026,2
E04044,2025,918646000,consolidated,,,2026,1
E04044,2026,1485463000,consolidated,768,401,2026,0
E04060,2022,82557000000,consolidated,,,2026,4
E04060,2023,94121000000,consolidated,,,2026,3
E04060,2024,98248000000,consolidated,,,2026,2
E04060,2025,106740000000,consolidated,,,2026,1
E04060,2026,124807000000,consolidated,9043,427,2026,0
E04088,2022,4699000000,consolidated,,,2026,4
E04088,2023,25119000000,consolidated,,,2026,3
E04088,2024,50670000000,consolidated,,,2026,2
E04088,2025,50474000000,consolidated,,,2026,1
E04088,2026,54028000000,consolidated,11656,3685,2026,0
E04089,2022,5065000000,consolidated,,,2026,4
E04089,2023,12233000000,consolidated,,,2026,3
E04089,2024,28402000000,consolidated,,,2026,2
E04089,2025,34971000000,consolidated,,,2026,1
E04089,2026,28854000000,consolidated,8177,2921,2026,0
E04090,2022,34998000000,consolidated,,,2026,4
E04090,2023,47369000000,consolidated,,,2026,3
E04090,2024,99292000000,consolidated,,,2026,2
E04090,2025,107724000000,consolidated,,,2026,1
E04090,2026,116132000000,consolidated,24262,1551,2026,0
E04091,2022,-3191000000,consolidated,,,2026,4
E04091,2023,26764000000,consolidated,,,2026,3
E04091,2024,51591000000,consolidated,,,2026,2
E04091,2025,61755000000,consolidated,,,2026,1
E04091,2026,58605000000,consolidated,13231,2474,2026,0
E04092,2022,5366000000,consolidated,,,2026,4
E04092,2023,21772000000,consolidated,,,2026,3
E04092,2024,43485000000,consolidated,,,2026,2
E04092,2025,53253000000,consolidated,,,2026,1
E04092,2026,51172000000,consolidated,13079,2429,2026,0
E04093,2022,489600000,consolidated,,,2026,4
E04093,2023,4007452000,consolidated,,,2026,3
E04093,2024,7936280000,consolidated,,,2026,2
E04093,2025,8125889000,consolidated,,,2026,1
E04093,2026,8617136000,consolidated,1979,128,2026,0
E04094,2022,27406000000,consolidated,,,2026,4
E04094,2023,54815000000,consolidated,,,2026,3
E04094,2024,72033000000,consolidated,,,2026,2
E04094,2025,72716000000,consolidated,,,2026,1
E04094,2026,68831000000,consolidated,18148,3214,2026,0
E04095,2022,-1510739000,consolidated,,,2026,4
E04095,2023,-392937000,consolidated,,,2026,3
E04095,2024,276964000,consolidated,,,2026,2
E04095,2025,507349000,consolidated,,,2026,1
E04095,2026,498430000,consolidated,1195,357,2026,0
E04101,2022,13135000000,consolidated,,,2026,4
E04101,2023,26362000000,consolidated,,,2026,3
E04101,2024,37544000000,consolidated,,,2026,2
E04101,2025,47671000000,consolidated,,,2026,1
E04101,2026,38363000000,consolidated,30637,5096,2026,0
E04102,2022,30658000000,consolidated,,,2026,4
E04102,2023,74612000000,consolidated,,,2026,3
E04102,2024,84638000000,consolidated,,,2026,2
E04102,2025,81538000000,consolidated,,,2026,1
E04102,2026,84577000000,consolidated,44759,264,2026,0
E04103,2022,38450000000,consolidated,,,2026,4
E04103,2023,88432000000,consolidated,,,2026,3
E04103,2024,109413000000,consolidated,,,2026,2
E04103,2025,111242000000,consolidated,,,2026,1
E04103,2026,124548000000,consolidated,23867,241,2026,0
E04105,2022,16485000000,consolidated,,,2026,4
E04105,2023,20458000000,consolidated,,,2026,3
E04105,2024,33111000000,consolidated,,,2026,2
E04105,2025,40905000000,consolidated,,,2026,1
E04105,2026,46931000000,consolidated,6233,143,2026,0
E04106,2022,9931000000,consolidated,,,2026,4
E04106,2023,18965000000,consolidated,,,2026,3
E04106,2024,29312000000,consolidated,,,2026,2
E04106,2025,35599000000,consolidated,,,2026,1
E04106,2026,37763000000,consolidated,9408,3000,2026,0
E04109,2022,652000000,consolidated,,,2026,4
E04109,2023,998000000,consolidated,,,2026,3
E04109,2024,1358000000,consolidated,,,2026,2
E04109,2025,1589000000,consolidated,,,2026,1
E04109,2026,1861000000,consolidated,827,436,2026,0
E04110,2022,13953000000,consolidated,,,2026,4
E04110,2023,27901000000,consolidated,,,2026,3
E04110,2024,24538000000,consolidated,,,2026,2
E04110,2025,28739000000,consolidated,,,2026,1
E04110,2026,37220000000,consolidated,19505,5009,2026,0
E04112,2022,464000000,consolidated,,,2026,4
E04112,2023,894000000,consolidated,,,2026,3
E04112,2024,1367000000,consolidated,,,2026,2
E04112,2025,1606000000,consolidated,,,2026,1
E04112,2026,2040000000,consolidated,689,262,2026,0
E04113,2022,1120000000,consolidated,,,2026,4
E04113,2023,1632000000,consolidated,,,2026,3
E04113,2024,3301000000,consolidated,,,2026,2
E04113,2025,5212000000,consolidated,,,2026,1
E04113,2026,5089000000,consolidated,4413,476,2026,0
E04115,2022,-1302883000,consolidated,,,2026,4
E04115,2023,-843855000,consolidated,,,2026,3
E04115,2024,-617515000,consolidated,,,2026,2
E04115,2025,-508657000,consolidated,,,2026,1
E04115,2026,-596316000,consolidated,848,429,2026,0
E04118,2022,-82440000,consolidated,,,2026,4
E04118,2023,265801000,consolidated,,,2026,3
E04118,2024,394463000,consolidated,,,2026,2
E04118,2025,558854000,consolidated,,,2026,1
E04118,2026,805537000,consolidated,661,178,2026,0
E04123,2022,-4447000000,consolidated,,,2026,4
E04123,2023,-3027000000,consolidated,,,2026,3
E04123,2024,-970000000,consolidated,,,2026,2
E04123,2025,-1243000000,consolidated,,,2026,1
E04123,2026,-129000000,consolidated,2241,1550,2026,0
E04125,2022,1787000000,consolidated,,,2026,4
E04125,2023,3804000000,consolidated,,,2026,3
E04125,2024,4469000000,consolidated,,,2026,2
E04125,2025,4185000000,consolidated,,,2026,1
E04125,2026,4626000000,consolidated,1930,753,2026,0
E04127,2022,-936011000,consolidated,,,2026,4
E04127,2023,-732418000,consolidated,,,2026,3
E04127,2024,-851172000,consolidated,,,2026,2
E04127,2025,-636773000,consolidated,,,2026,1
E04127,2026,-756325000,consolidated,268,167,2026,0
E04128,2022,-1544000000,consolidated,,,2026,4
E04128,2023,-457000000,consolidated,,,2026,3
E04128,2024,-483000000,consolidated,,,2026,2
E04128,2025,-17000000,consolidated,,,2026,1
E04128,2026,661000000,consolidated,781,457,2026,0
E04129,2022,3167000000,consolidated,,,2026,4
E04129,2023,4375000000,consolidated,,,2026,3
E04129,2024,7214000000,consolidated,,,2026,2
E04129,2025,8291000000,consolidated,,,2026,1
E04129,2026,9033000000,consolidated,5620,1852,2026,0
E04130,2022,-2200759000,consolidated,,,2026,4
E04130,2023,-485482000,consolidated,,,2026,3
E04130,2024,182837000,consolidated,,,2026,2
E04130,2025,-38374000,consolidated,,,2026,1
E04130,2026,-360778000,consolidated,902,295,2026,0
E04136,2022,-192532000,consolidated,,,2026,4
E04136,2023,-311771000,consolidated,,,2026,3
E04136,2024,19672000,consolidated,,,2026,2
E04136,2025,270069000,consolidated,,,2026,1
E04136,2026,484659000,consolidated,377,298,2026,0
E04137,2022,-299235000,consolidated,,,2026,4
E04137,2023,-108907000,consolidated,,,2026,3
E04137,2024,-79786000,nonconsolidated,,,2026,2
E04137,2025,2535000,nonconsolidated,,,2026,1
E04137,2026,23715000,nonconsolidated,,201,2026,0
E04145,2022,-2024123000,nonconsolidated,,,2026,4
E04145,2023,707575000,nonconsolidated,,,2026,3
E04145,2024,3325399000,nonconsolidated,,,2026,2
E04145,2025,4048790000,nonconsolidated,,,2026,1
E04145,2026,4175654000,nonconsolidated,,308,2026,0
E04147,2022,-179501000000,consolidated,,,2026,4
E04147,2023,110910000000,consolidated,,,2026,3
E04147,2024,296631000000,consolidated,,,2026,2
E04147,2025,321564000000,consolidated,,,2026,1
E04147,2026,351645000000,consolidated,70623,39598,2026,0
E04148,2022,-121047000000,consolidated,,,2026,4
E04148,2023,73619000000,consolidated,,,2026,3
E04148,2024,167382000000,consolidated,,,2026,2
E04148,2025,165670000000,consolidated,,,2026,1
E04148,2026,183682000000,consolidated,47225,22524,2026,0
E04149,2022,-67299000000,consolidated,,,2026,4
E04149,2023,307485000000,consolidated,,,2026,3
E04149,2024,546946000000,consolidated,,,2026,2
E04149,2025,649294000000,consolidated,,,2026,1
E04149,2026,780914000000,consolidated,29569,18518,2026,0
E04151,2022,-4323294000,nonconsolidated,,,2026,4
E04151,2023,1959103000,nonconsolidated,,,2026,3
E04151,2024,6283855000,nonconsolidated,,,2026,2
E04151,2025,7195749000,nonconsolidated,,,2026,1
E04151,2026,8358653000,nonconsolidated,,803,2026,0
E04152,2022,-2154378000,nonconsolidated,,,2026,4
E04152,2023,-370310000,nonconsolidated,,,2026,3
E04152,2024,1102782000,nonconsolidated,,,2026,2
E04152,2025,1154822000,nonconsolidated,,,2026,1
E04152,2026,1513004000,nonconsolidated,,122,2026,0
E04153,2022,-20497000000,consolidated,,,2026,4
E04153,2023,19694000000,consolidated,,,2026,3
E04153,2024,65866000000,consolidated,,,2026,2
E04153,2025,77008000000,consolidated,,,2026,1
E04153,2026,79234000000,consolidated,11441,9532,2026,0
E04154,2022,-17440000000,consolidated,,,2026,4
E04154,2023,20133000000,consolidated,,,2026,3
E04154,2024,43000000000,consolidated,,,2026,2
E04154,2025,287639000000,consolidated,,,2026,1
E04154,2026,45821000000,consolidated,21557,386,2026,0
E04155,2022,-229464000,consolidated,,,2026,4
E04155,2023,971491000,consolidated,,,2026,3
E04155,2024,1315885000,consolidated,,,2026,2
E04155,2025,1612092000,consolidated,,,2026,1
E04155,2026,1769446000,consolidated,1174,551,2026,0
E04158,2022,2586000000,consolidated,,,2026,4
E04158,2023,4910000000,consolidated,,,2026,3
E04158,2024,7747000000,consolidated,,,2026,2
E04158,2025,7745000000,consolidated,,,2026,1
E04158,2026,6664000000,consolidated,6432,3757,2026,0
E04159,2022,-27000000,consolidated,,,2026,4
E04159,2023,196000000,consolidated,,,2026,3
E04159,2024,-332000000,consolidated,,,2026,2
E04159,2025,-4000000,consolidated,,,2026,1
E04159,2026,263000000,consolidated,2177,102,2026,0
E04160,2022,1079000000,consolidated,,,2026,4
E04160,2023,2622000000,consolidated,,,2026,3
E04160,2024,3283000000,consolidated,,,2026,2
E04160,2025,3729000000,consolidated,,,2026,1
E04160,2026,4434000000,consolidated,3543,1716,2026,0
E04161,2022,-1365054000,consolidated,,,2026,4
E04161,2023,785972000,consolidated,,,2026,3
E04161,2024,1463069000,consolidated,,,2026,2
E04161,2025,2638318000,consolidated,,,2026,1
E04161,2026,2987279000,consolidated,2513,1375,2026,0
E04164,2022,-490008000,consolidated,,,2026,4
E04164,2023,-102728000,consolidated,,,2026,3
E04164,2024,222227000,consolidated,,,2026,2
E04164,2025,449593000,consolidated,,,2026,1
E04164,2026,561610000,consolidated,452,231,2026,0
E04168,2022,-92241000,consolidated,,,2026,4
E04168,2023,69959000,consolidated,,,2026,3
E04168,2024,244806000,consolidated,,,2026,2
E04168,2025,310401000,nonconsolidated,,,2026,1
E04168,2026,318748000,nonconsolidated,,323,2026,0
E04170,2022,-415837000,consolidated,,,2026,4
E04170,2023,841254000,consolidated,,,2026,3
E04170,2024,775412000,consolidated,,,2026,2
E04170,2025,875004000,consolidated,,,2026,1
E04170,2026,1153806000,consolidated,2142,1510,2026,0
E04178,2022,12567000000,consolidated,,,2026,4
E04178,2023,13781000000,consolidated,,,2026,3
E04178,2024,14271000000,consolidated,,,2026,2
E04178,2025,15769000000,consolidated,,,2026,1
E04178,2026,16648000000,consolidated,3723,1108,2026,0
E04179,2022,26103000000,consolidated,,,2026,4
E04179,2023,26151000000,consolidated,,,2026,3
E04179,2024,30503000000,consolidated,,,2026,2
E04179,2025,33767000000,consolidated,,,2026,1
E04179,2026,35242000000,consolidated,27835,203,2026,0
E04195,2022,1405996000,consolidated,,,2026,4
E04195,2023,1416723000,consolidated,,,2026,3
E04195,2024,924830000,consolidated,,,2026,2
E04195,2025,1211146000,consolidated,,,2026,1
E04195,2026,1693326000,consolidated,2173,1850,2026,0
E04196,2022,-1305000000,consolidated,,,2026,4
E04196,2023,-562000000,consolidated,,,2026,3
E04196,2024,1083000000,consolidated,,,2026,2
E04196,2025,2140000000,consolidated,,,2026,1
E04196,2026,2345000000,consolidated,283,206,2026,0
E04197,2022,204088000,consolidated,,,2026,4
E04197,2023,89117000,consolidated,,,2026,3
E04197,2024,123328000,consolidated,,,2026,2
E04197,2025,103873000,consolidated,,,2026,1
E04197,2026,244138000,consolidated,315,300,2026,0
E04198,2022,30269000000,consolidated,,,2026,4
E04198,2023,32688000000,consolidated,,,2026,3
E04198,2024,24496000000,consolidated,,,2026,2
E04198,2025,28124000000,consolidated,,,2026,1
E04198,2026,37264000000,consolidated,31408,254,2026,0
E04206,2022,1048746000,consolidated,,,2026,4
E04206,2023,993545000,consolidated,,,2026,3
E04206,2024,995687000,consolidated,,,2026,2
E04206,2025,1156344000,consolidated,,,2026,1
E04206,2026,1462727000,consolidated,3718,922,2026,0
E04209,2022,3299000000,consolidated,,,2026,4
E04209,2023,3241000000,consolidated,,,2026,3
E04209,2024,2678000000,consolidated,,,2026,2
E04209,2025,3312000000,consolidated,,,2026,1
E04209,2026,3109000000,consolidated,1378,1122,2026,0
E04215,2022,814203000,consolidated,,,2026,4
E04215,2023,802429000,consolidated,,,2026,3
E04215,2024,588079000,consolidated,,,2026,2
E04215,2025,935308000,consolidated,,,2026,1
E04215,2026,556355000,consolidated,473,275,2026,0
E04217,2022,256237000,nonconsolidated,,,2026,4
E04217,2023,255950000,nonconsolidated,,,2026,3
E04217,2024,267224000,nonconsolidated,,,2026,2
E04217,2025,259488000,nonconsolidated,,,2026,1
E04217,2026,332794000,nonconsolidated,,681,2026,0
E04218,2022,11286000000,consolidated,,,2026,4
E04218,2023,12080000000,consolidated,,,2026,3
E04218,2024,12904000000,consolidated,,,2026,2
E04218,2025,13143000000,consolidated,,,2026,1
E04218,2026,13229000000,consolidated,6989,6083,2026,0
E04220,2022,11957000000,consolidated,,,2026,4
E04220,2023,12306000000,consolidated,,,2026,3
E04220,2024,13136000000,consolidated,,,2026,2
E04220,2025,14279000000,consolidated,,,2026,1
E04220,2026,16080000000,consolidated,6010,880,2026,0
E04221,2022,454589000,nonconsolidated,,,2026,4
E04221,2023,479040000,consolidated,,,2026,3
E04221,2024,401798000,consolidated,,,2026,2
E04221,2025,250085000,consolidated,,,2026,1
E04221,2026,370618000,consolidated,378,259,2026,0
E04222,2022,1637000000,consolidated,,,2026,4
E04222,2023,4212000000,consolidated,,,2026,3
E04222,2024,4008000000,consolidated,,,2026,2
E04222,2025,4010000000,consolidated,,,2026,1
E04222,2026,4059000000,consolidated,11946,296,2026,0
E04223,2022,1503367000,consolidated,,,2026,4
E04223,2023,1592860000,consolidated,,,2026,3
E04223,2024,1947861000,consolidated,,,2026,2
E04223,2025,2026196000,consolidated,,,2026,1
E04223,2026,2028603000,consolidated,866,710,2026,0
E04232,2022,3528000000,consolidated,,,2026,4
E04232,2023,3795000000,consolidated,,,2026,3
E04232,2024,3171000000,consolidated,,,2026,2
E04232,2025,3468000000,consolidated,,,2026,1
E04232,2026,3686000000,consolidated,1683,108,2026,0
E04235,2022,1003154000000,consolidated,,,2026,4
E04235,2023,1109790000000,consolidated,,,2026,3
E04235,2024,261341000000,consolidated,,,2026,2
E04235,2025,490866000000,consolidated,,,2026,1
E04235,2026,211135000000,consolidated,39830,1370,2026,0
E04236,2022,721779000000,consolidated,,,2026,4
E04236,2023,811589000000,consolidated,,,2026,3
E04236,2024,258986000000,consolidated,,,2026,2
E04236,2025,419703000000,consolidated,,,2026,1
E04236,2026,175839000000,consolidated,11567,1433,2026,0
E04237,2022,657504000000,consolidated,,,2026,4
E04237,2023,690839000000,consolidated,,,2026,3
E04237,2024,132728000000,consolidated,,,2026,2
E04237,2025,308089000000,consolidated,,,2026,1
E04237,2026,109100000000,consolidated,5262,962,2026,0
E04239,2022,26606000000,consolidated,,,2026,4
E04239,2023,33444000000,consolidated,,,2026,3
E04239,2024,22185000000,consolidated,,,2026,2
E04239,2025,19015000000,consolidated,,,2026,1
E04239,2026,21046000000,consolidated,669,261,2026,0
E04242,2022,4346166000,consolidated,,,2026,4
E04242,2023,6443604000,consolidated,,,2026,3
E04242,2024,5836759000,consolidated,,,2026,2
E04242,2025,9131462000,consolidated,,,2026,1
E04242,2026,1197841000,consolidated,634,106,2026,0
E04243,2022,9431000000,consolidated,,,2026,4
E04243,2023,20858000000,consolidated,,,2026,3
E04243,2024,21800000000,consolidated,,,2026,2
E04243,2025,17368000000,consolidated,,,2026,1
E04243,2026,16885000000,consolidated,688,209,2026,0
E04262,2022,1504000000,consolidated,,,2026,4
E04262,2023,2461000000,consolidated,,,2026,3
E04262,2024,1482000000,consolidated,,,2026,2
E04262,2025,3396000000,consolidated,,,2026,1
E04262,2026,1424000000,consolidated,1080,519,2026,0
E04272,2022,-241264000000,nonconsolidated,,,2026,4
E04272,2023,43455000000,nonconsolidated,,,2026,3
E04272,2024,102621000000,nonconsolidated,,,2026,2
E04272,2025,119734000000,nonconsolidated,,,2026,1
E04272,2026,154347000000,nonconsolidated,39076,14627,2026,0
E04273,2022,-184935000000,consolidated,,,2026,4
E04273,2023,111810000000,consolidated,,,2026,3
E04273,2024,207656000000,consolidated,,,2026,2
E04273,2025,200086000000,consolidated,,,2026,1
E04273,2026,219651000000,consolidated,47826,286,2026,0
E04283,2022,23151000000,consolidated,,,2026,4
E04283,2023,30046000000,consolidated,,,2026,3
E04283,2024,24358000000,consolidated,,,2026,2
E04283,2025,18620000000,consolidated,,,2026,1
E04283,2026,21563000000,consolidated,4991,1026,2026,0
E04284,2022,25553000000,consolidated,,,2026,4
E04284,2023,26533000000,consolidated,,,2026,3
E04284,2024,21010000000,consolidated,,,2026,2
E04284,2025,18037000000,consolidated,,,2026,1
E04284,2026,21284000000,consolidated,7654,291,2026,0
E04285,2022,30421000000,consolidated,,,2026,4
E04285,2023,29115000000,consolidated,,,2026,3
E04285,2024,16880000000,consolidated,,,2026,2
E04285,2025,17497000000,consolidated,,,2026,1
E04285,2026,15808000000,consolidated,4473,918,2026,0
E04286,2022,6924000000,consolidated,,,2026,4
E04286,2023,5847000000,consolidated,,,2026,3
E04286,2024,5091000000,consolidated,,,2026,2
E04286,2025,5583000000,consolidated,,,2026,1
E04286,2026,4858000000,consolidated,1320,558,2026,0
E04287,2022,2105397000,consolidated,,,2026,4
E04287,2023,1874225000,consolidated,,,2026,3
E04287,2024,1820826000,consolidated,,,2026,2
E04287,2025,1857012000,consolidated,,,2026,1
E04287,2026,1910438000,consolidated,721,285,2026,0
E04289,2022,8368000000,consolidated,,,2026,4
E04289,2023,8996000000,consolidated,,,2026,3
E04289,2024,7352000000,consolidated,,,2026,2
E04289,2025,8806000000,consolidated,,,2026,1
E04289,2026,9482000000,consolidated,2442,700,2026,0
E04290,2022,4037000000,consolidated,,,2026,4
E04290,2023,3776000000,consolidated,,,2026,3
E04290,2024,3953000000,consolidated,,,2026,2
E04290,2025,4977000000,consolidated,,,2026,1
E04290,2026,5822000000,consolidated,2581,488,2026,0
E04291,2022,2655000000,consolidated,,,2026,4
E04291,2023,3501000000,consolidated,,,2026,3
E04291,2024,3178000000,consolidated,,,2026,2
E04291,2025,3650000000,consolidated,,,2026,1
E04291,2026,5481000000,consolidated,1087,404,2026,0
E04293,2022,3286000000,consolidated,,,2026,4
E04293,2023,3958000000,consolidated,,,2026,3
E04293,2024,2988000000,consolidated,,,2026,2
E04293,2025,3102000000,consolidated,,,2026,1
E04293,2026,3704000000,consolidated,917,302,2026,0
E04294,2022,1142779000,consolidated,,,2026,4
E04294,2023,1037924000,consolidated,,,2026,3
E04294,2024,1295026000,consolidated,,,2026,2
E04294,2025,1379446000,consolidated,,,2026,1
E04294,2026,1437470000,consolidated,377,101,2026,0
E04302,2022,524966000,consolidated,,,2026,4
E04302,2023,959348000,consolidated,,,2026,3
E04302,2024,837199000,consolidated,,,2026,2
E04302,2025,670100000,consolidated,,,2026,1
E04302,2026,933861000,consolidated,585,244,2026,0
E04304,2022,2080000000,consolidated,,,2026,4
E04304,2023,2434000000,consolidated,,,2026,3
E04304,2024,2229000000,consolidated,,,2026,2
E04304,2025,2433000000,consolidated,,,2026,1
E04304,2026,2395000000,consolidated,707,258,2026,0
E04317,2022,862740000,consolidated,,,2026,4
E04317,2023,958188000,consolidated,,,2026,3
E04317,2024,1233322000,consolidated,,,2026,2
E04317,2025,1179416000,consolidated,,,2026,1
E04317,2026,1042931000,consolidated,743,398,2026,0
E04321,2022,1769000000,consolidated,,,2026,4
E04321,2023,1846000000,consolidated,,,2026,3
E04321,2024,1152000000,consolidated,,,2026,2
E04321,2025,1384000000,consolidated,,,2026,1
E04321,2026,1943000000,consolidated,848,331,2026,0
E04323,2022,2160216000,consolidated,,,2026,4
E04323,2023,1872459000,consolidated,,,2026,3
E04323,2024,1636774000,consolidated,,,2026,2
E04323,2025,2056821000,consolidated,,,2026,1
E04323,2026,2667768000,consolidated,1444,436,2026,0
E04324,2022,35432000000,consolidated,,,2026,4
E04324,2023,39631000000,consolidated,,,2026,3
E04324,2024,36631000000,consolidated,,,2026,2
E04324,2025,44679000000,consolidated,,,2026,1
E04324,2026,43385000000,consolidated,29324,12452,2026,0
E04326,2022,376000000,consolidated,,,2026,4
E04326,2023,428000000,consolidated,,,2026,3
E04326,2024,274000000,consolidated,,,2026,2
E04326,2025,616000000,consolidated,,,2026,1
E04326,2026,610000000,consolidated,583,329,2026,0
E04327,2022,1630000000,consolidated,,,2026,4
E04327,2023,1794000000,consolidated,,,2026,3
E04327,2024,1788000000,consolidated,,,2026,2
E04327,2025,1757000000,consolidated,,,2026,1
E04327,2026,2147000000,consolidated,1626,161,2026,0
E04328,2022,7095122000,consolidated,,,2026,4
E04328,2023,6959567000,consolidated,,,2026,3
E04328,2024,6536044000,consolidated,,,2026,2
E04328,2025,7981110000,consolidated,,,2026,1
E04328,2026,8204525000,consolidated,1890,833,2026,0
E04329,2022,889998000,consolidated,,,2026,4
E04329,2023,941339000,consolidated,,,2026,3
E04329,2024,152586000,consolidated,,,2026,2
E04329,2025,739533000,consolidated,,,2026,1
E04329,2026,981037000,consolidated,753,572,2026,0
E04330,2022,3614162000,consolidated,,,2026,4
E04330,2023,6596295000,consolidated,,,2026,3
E04330,2024,3981927000,consolidated,,,2026,2
E04330,2025,4004913000,consolidated,,,2026,1
E04330,2026,3945616000,consolidated,1245,762,2026,0
E04331,2022,13120000000,consolidated,,,2026,4
E04331,2023,16038000000,consolidated,,,2026,3
E04331,2024,17741000000,consolidated,,,2026,2
E04331,2025,12860000000,consolidated,,,2026,1
E04331,2026,13442000000,consolidated,1914,388,2026,0
E04334,2022,23196000000,consolidated,,,2026,4
E04334,2023,22985000000,consolidated,,,2026,3
E04334,2024,12973000000,consolidated,,,2026,2
E04334,2025,9917000000,consolidated,,,2026,1
E04334,2026,11475000000,consolidated,22501,10994,2026,0
E04336,2022,-328273000,consolidated,,,2026,4
E04336,2023,438621000,consolidated,,,2026,3
E04336,2024,684336000,consolidated,,,2026,2
E04336,2025,-259236000,consolidated,,,2026,1
E04336,2026,347342000,consolidated,446,238,2026,0
E04337,2022,405000000,consolidated,,,2026,4
E04337,2023,553000000,consolidated,,,2026,3
E04337,2024,1067000000,consolidated,,,2026,2
E04337,2025,1438000000,consolidated,,,2026,1
E04337,2026,1813000000,consolidated,918,723,2026,0
E04341,2022,11845000000,consolidated,,,2026,4
E04341,2023,14281000000,consolidated,,,2026,3
E04341,2024,17034000000,consolidated,,,2026,2
E04341,2025,21295000000,consolidated,,,2026,1
E04341,2026,22585000000,consolidated,17016,9290,2026,0
E04342,2022,523000000,consolidated,,,2026,4
E04342,2023,609000000,consolidated,,,2026,3
E04342,2024,678000000,nonconsolidated,,,2026,2
E04342,2025,618000000,nonconsolidated,,,2026,1
E04342,2026,499000000,nonconsolidated,,236,2026,0
E04345,2022,30875000000,consolidated,,,2026,4
E04345,2023,35064000000,consolidated,,,2026,3
E04345,2024,34185000000,consolidated,,,2026,2
E04345,2025,36655000000,consolidated,,,2026,1
E04345,2026,40685000000,consolidated,4389,3633,2026,0
E04346,2022,444000000,consolidated,,,2026,4
E04346,2023,619000000,consolidated,,,2026,3
E04346,2024,363000000,consolidated,,,2026,2
E04346,2025,398000000,consolidated,,,2026,1
E04346,2026,488000000,consolidated,308,308,2026,0
E04352,2022,230922000,nonconsolidated,,,2026,4
E04352,2023,300453000,nonconsolidated,,,2026,3
E04352,2024,351293000,nonconsolidated,,,2026,2
E04352,2025,223140000,nonconsolidated,,,2026,1
E04352,2026,342668000,nonconsolidated,,118,2026,0
E04353,2022,1107159000,consolidated,,,2026,4
E04353,2023,1203650000,consolidated,,,2026,3
E04353,2024,786528000,consolidated,,,2026,2
E04353,2025,802406000,consolidated,,,2026,1
E04353,2026,987808000,consolidated,456,404,2026,0
E04356,2022,1192569000,consolidated,,,2026,4
E04356,2023,1178931000,consolidated,,,2026,3
E04356,2024,796167000,consolidated,,,2026,2
E04356,2025,817270000,consolidated,,,2026,1
E04356,2026,1239447000,consolidated,426,323,2026,0
E04357,2022,3670000000,consolidated,,,2026,4
E04357,2023,3965000000,consolidated,,,2026,3
E04357,2024,4897000000,consolidated,,,2026,2
E04357,2025,5117000000,consolidated,,,2026,1
E04357,2026,5769000000,consolidated,2328,1688,2026,0
E04362,2022,-12107000000,consolidated,,,2026,4
E04362,2023,-7203000000,consolidated,,,2026,3
E04362,2024,1556000000,consolidated,,,2026,2
E04362,2025,7215000000,consolidated,,,2026,1
E04362,2026,6260000000,consolidated,948,292,2026,0
E04367,2022,-50413000000,consolidated,,,2026,4
E04367,2023,-48297000000,consolidated,,,2026,3
E04367,2024,10687000000,consolidated,,,2026,2
E04367,2025,40454000000,consolidated,,,2026,1
E04367,2026,39740000000,consolidated,3330,900,2026,0
E04370,2022,-1223000000,consolidated,,,2026,4
E04370,2023,-1738000000,consolidated,,,2026,3
E04370,2024,9058000000,consolidated,,,2026,2
E04370,2025,6877000000,consolidated,,,2026,1
E04370,2026,5923000000,consolidated,15939,2643,2026,0
E04371,2022,3834000000,consolidated,,,2026,4
E04371,2023,5315000000,consolidated,,,2026,3
E04371,2024,12377000000,consolidated,,,2026,2
E04371,2025,3180000000,consolidated,,,2026,1
E04371,2026,2347000000,consolidated,11575,2292,2026,0
E04372,2022,3603000000,consolidated,,,2026,4
E04372,2023,2516000000,consolidated,,,2026,3
E04372,2024,4216000000,consolidated,,,2026,2
E04372,2025,2816000000,consolidated,,,2026,1
E04372,2026,2000000000,consolidated,2647,746,2026,0
E04374,2022,7999000000,consolidated,,,2026,4
E04374,2023,1600000000,consolidated,,,2026,3
E04374,2024,13212000000,consolidated,,,2026,2
E04374,2025,11172000000,consolidated,,,2026,1
E04374,2026,8032000000,consolidated,16174,2712,2026,0
E04375,2022,30707000000,consolidated,,,2026,4
E04375,2023,35086000000,consolidated,,,2026,3
E04375,2024,27653000000,consolidated,,,2026,2
E04375,2025,31604000000,consolidated,,,2026,1
E04375,2026,37373000000,consolidated,8518,269,2026,0
E04380,2022,4792000000,consolidated,,,2026,4
E04380,2023,2661000000,consolidated,,,2026,3
E04380,2024,723000000,consolidated,,,2026,2
E04380,2025,2506000000,consolidated,,,2026,1
E04380,2026,4415000000,consolidated,1724,104,2026,0
E04381,2022,-136818000,nonconsolidated,,,2026,4
E04381,2023,-248643000,nonconsolidated,,,2026,3
E04381,2024,-221180000,nonconsolidated,,,2026,2
E04381,2025,26431000,nonconsolidated,,,2026,1
E04381,2026,-9169000,nonconsolidated,,114,2026,0
E04384,2022,690000000,consolidated,,,2026,4
E04384,2023,966000000,consolidated,,,2026,3
E04384,2024,818000000,consolidated,,,2026,2
E04384,2025,1231000000,consolidated,,,2026,1
E04384,2026,2325000000,consolidated,181,120,2026,0
E04385,2022,-29000000,consolidated,,,2026,4
E04385,2023,-85000000,consolidated,,,2026,3
E04385,2024,-54000000,consolidated,,,2026,2
E04385,2025,-34000000,consolidated,,,2026,1
E04385,2026,73000000,consolidated,116,110,2026,0
E04393,2022,121924000,nonconsolidated,,,2026,4
E04393,2023,6830000,nonconsolidated,,,2026,3
E04393,2024,-180839000,nonconsolidated,,,2026,2
E04393,2025,2030000,nonconsolidated,,,2026,1
E04393,2026,126441000,nonconsolidated,,120,2026,0
E04397,2022,35000000,nonconsolidated,,,2026,4
E04397,2023,-331000000,nonconsolidated,,,2026,3
E04397,2024,-386000000,nonconsolidated,,,2026,2
E04397,2025,-136000000,nonconsolidated,,,2026,1
E04397,2026,-308000000,nonconsolidated,,119,2026,0
E04399,2022,1441675000,consolidated,,,2026,4
E04399,2023,1852135000,consolidated,,,2026,3
E04399,2024,1527398000,consolidated,,,2026,2
E04399,2025,1897671000,consolidated,,,2026,1
E04399,2026,1935333000,consolidated,1078,,2026,0
E04410,2022,64838000000,consolidated,,,2026,4
E04410,2023,51775000000,consolidated,,,2026,3
E04410,2024,49503000000,consolidated,,,2026,2
E04410,2025,65724000000,consolidated,,,2026,1
E04410,2026,82081000000,consolidated,5933,235,2026,0
E04411,2022,2095102000,consolidated,,,2026,4
E04411,2023,1126038000,consolidated,,,2026,3
E04411,2024,886068000,consolidated,,,2026,2
E04411,2025,429065000,consolidated,,,2026,1
E04411,2026,538063000,consolidated,533,156,2026,0
E04425,2022,790544000000,nonconsolidated,,,2026,4
E04425,2023,756946000000,nonconsolidated,,,2026,3
E04425,2024,781171000000,nonconsolidated,,,2026,2
E04425,2025,722917000000,nonconsolidated,,,2026,1
E04425,2026,821707000000,nonconsolidated,73198,9891,2026,0
E04426,2022,526760000000,nonconsolidated,,,2026,4
E04426,2023,518944000000,nonconsolidated,,,2026,3
E04426,2024,649324000000,nonconsolidated,,,2026,2
E04426,2025,510303000000,nonconsolidated,,,2026,1
E04426,2026,557984000000,nonconsolidated,58432,19150,2026,0
E04427,2022,5349000000,consolidated,,,2026,4
E04427,2023,3547000000,consolidated,,,2026,3
E04427,2024,2057000000,consolidated,,,2026,2
E04427,2025,2997000000,consolidated,,,2026,1
E04427,2026,2276000000,consolidated,801,331,2026,0
E04430,2022,474497000000,nonconsolidated,,,2026,4
E04430,2023,1131632000000,nonconsolidated,,,2026,3
E04430,2024,1106278000000,nonconsolidated,,,2026,2
E04430,2025,1139405000000,nonconsolidated,,,2026,1
E04430,2026,901422000000,nonconsolidated,344196,2606,2026,0
E04460,2022,15321000000,consolidated,,,2026,4
E04460,2023,16130000000,consolidated,,,2026,3
E04460,2024,17188000000,consolidated,,,2026,2
E04460,2025,17927000000,consolidated,,,2026,1
E04460,2026,18864000000,consolidated,545,347,2026,0
E04462,2022,45534000000,consolidated,,,2026,4
E04462,2023,39053000000,consolidated,,,2026,3
E04462,2024,39173000000,consolidated,,,2026,2
E04462,2025,25180000000,consolidated,,,2026,1
E04462,2026,-2807000000,consolidated,7373,122,2026,0
E04473,2022,298938000,consolidated,,,2026,4
E04473,2023,780470000,consolidated,,,2026,3
E04473,2024,1183519000,consolidated,,,2026,2
E04473,2025,1000212000,consolidated,,,2026,1
E04473,2026,1117974000,consolidated,156,135,2026,0
E04476,2022,1001608000,consolidated,,,2026,4
E04476,2023,641929000,consolidated,,,2026,3
E04476,2024,1008273000,consolidated,,,2026,2
E04476,2025,1153466000,consolidated,,,2026,1
E04476,2026,1260724000,consolidated,197,102,2026,0
E04496,2022,1839000000,nonconsolidated,,,2026,4
E04496,2023,1846000000,nonconsolidated,,,2026,3
E04496,2024,1986000000,nonconsolidated,,,2026,2
E04496,2025,2364000000,nonconsolidated,,,2026,1
E04496,2026,1821000000,nonconsolidated,,220,2026,0
E04498,2022,42245000000,consolidated,,,2026,4
E04498,2023,-285393000000,consolidated,,,2026,3
E04498,2024,425525000000,consolidated,,,2026,2
E04498,2025,254443000000,consolidated,,,2026,1
E04498,2026,417326000000,consolidated,38341,7157,2026,0
E04499,2022,135955000000,consolidated,,,2026,4
E04499,2023,-6666000000,consolidated,,,2026,3
E04499,2024,765970000000,consolidated,,,2026,2
E04499,2025,531686000000,consolidated,,,2026,1
E04499,2026,518530000000,consolidated,32482,8336,2026,0
E04500,2022,13830000000,consolidated,,,2026,4
E04500,2023,-29251000000,consolidated,,,2026,3
E04500,2024,87315000000,consolidated,,,2026,2
E04500,2025,64051000000,consolidated,,,2026,1
E04500,2026,61348000000,consolidated,9239,2400,2026,0
E04501,2022,-49205000000,consolidated,,,2026,4
E04501,2023,-199277000000,consolidated,,,2026,3
E04501,2024,291940000000,consolidated,,,2026,2
E04501,2025,256725000000,consolidated,,,2026,1
E04501,2026,126407000000,consolidated,18403,4587,2026,0
E04502,2022,-59319000000,consolidated,,,2026,4
E04502,2023,65148000000,consolidated,,,2026,3
E04502,2024,509295000000,consolidated,,,2026,2
E04502,2025,276400000000,consolidated,,,2026,1
E04502,2026,291072000000,consolidated,22700,3367,2026,0
E04503,2022,-17641000000,consolidated,,,2026,4
E04503,2023,-93737000000,consolidated,,,2026,3
E04503,2024,107931000000,consolidated,,,2026,2
E04503,2025,91363000000,consolidated,,,2026,1
E04503,2026,85013000000,consolidated,6895,2301,2026,0
E04504,2022,-61879000000,consolidated,,,2026,4
E04504,2023,-106780000000,consolidated,,,2026,3
E04504,2024,194076000000,consolidated,,,2026,2
E04504,2025,128543000000,consolidated,,,2026,1
E04504,2026,80225000000,consolidated,12606,3584,2026,0
E04505,2022,-12114000000,consolidated,,,2026,4
E04505,2023,-22515000000,consolidated,,,2026,3
E04505,2024,80096000000,consolidated,,,2026,2
E04505,2025,91611000000,consolidated,,,2026,1
E04505,2026,67890000000,consolidated,7931,2111,2026,0
E04506,2022,32384000000,consolidated,,,2026,4
E04506,2023,-86634000000,consolidated,,,2026,3
E04506,2024,238161000000,consolidated,,,2026,2
E04506,2025,194669000000,consolidated,,,2026,1
E04506,2026,207059000000,consolidated,21189,4383,2026,0
E04509,2022,2717000000,consolidated,,,2026,4
E04509,2023,-48799000000,consolidated,,,2026,3
E04509,2024,2568000000,consolidated,,,2026,2
E04509,2025,5665000000,consolidated,,,2026,1
E04509,2026,8167000000,consolidated,3154,1511,2026,0
E04510,2022,72846000000,consolidated,,,2026,4
E04510,2023,170792000000,consolidated,,,2026,3
E04510,2024,118535000000,consolidated,,,2026,2
E04510,2025,140095000000,consolidated,,,2026,1
E04510,2026,158532000000,consolidated,7202,1994,2026,0
E04511,2022,7303000000,consolidated,,,2026,4
E04511,2023,13395000000,consolidated,,,2026,3
E04511,2024,15883000000,consolidated,,,2026,2
E04511,2025,14428000000,consolidated,,,2026,1
E04511,2026,16495000000,consolidated,1641,876,2026,0
E04514,2022,136481000000,consolidated,,,2026,4
E04514,2023,408846000000,consolidated,,,2026,3
E04514,2024,222766000000,consolidated,,,2026,2
E04514,2025,113599000000,consolidated,,,2026,1
E04514,2026,193701000000,consolidated,16001,3769,2026,0
E04517,2022,21912000000,consolidated,,,2026,4
E04517,2023,48171000000,consolidated,,,2026,3
E04517,2024,40797000000,consolidated,,,2026,2
E04517,2025,32412000000,consolidated,,,2026,1
E04517,2026,37879000000,consolidated,6131,973,2026,0
E04519,2022,1335595000,consolidated,,,2026,4
E04519,2023,687993000,consolidated,,,2026,3
E04519,2024,-599036000,consolidated,,,2026,2
E04519,2025,1681688000,consolidated,,,2026,1
E04519,2026,4176703000,consolidated,652,450,2026,0
E04520,2022,113525000000,consolidated,,,2026,4
E04520,2023,75649000000,consolidated,,,2026,3
E04520,2024,226563000000,consolidated,,,2026,2
E04520,2025,189647000000,consolidated,,,2026,1
E04520,2026,204522000000,consolidated,21835,1303,2026,0
E04521,2022,4616000000,consolidated,,,2026,4
E04521,2023,7412000000,consolidated,,,2026,3
E04521,2024,3375000000,consolidated,,,2026,2
E04521,2025,1909000000,consolidated,,,2026,1
E04521,2026,2602000000,consolidated,1676,657,2026,0
E04523,2022,571000000,consolidated,,,2026,4
E04523,2023,11759000000,consolidated,,,2026,3
E04523,2024,10377000000,consolidated,,,2026,2
E04523,2025,10611000000,consolidated,,,2026,1
E04523,2026,12583000000,consolidated,3725,160,2026,0
E04524,2022,2116249000,consolidated,,,2026,4
E04524,2023,1871734000,consolidated,,,2026,3
E04524,2024,2689791000,consolidated,,,2026,2
E04524,2025,1963291000,consolidated,,,2026,1
E04524,2026,2457912000,consolidated,442,211,2026,0
E04535,2022,-683385000,nonconsolidated,,,2026,4
E04535,2023,276198000,nonconsolidated,,,2026,3
E04535,2024,986496000,nonconsolidated,,,2026,2
E04535,2025,1246162000,nonconsolidated,,,2026,1
E04535,2026,1480127000,nonconsolidated,,480,2026,0
E04539,2022,-7827000000,consolidated,,,2026,4
E04539,2023,1652000000,consolidated,,,2026,3
E04539,2024,3296000000,consolidated,,,2026,2
E04539,2025,2062000000,consolidated,,,2026,1
E04539,2026,2664000000,consolidated,1899,1823,2026,0
E04540,2022,-4550000000,consolidated,,,2026,4
E04540,2023,-2129000000,consolidated,,,2026,3
E04540,2024,587000000,consolidated,,,2026,2
E04540,2025,796000000,consolidated,,,2026,1
E04540,2026,1189000000,consolidated,2032,1141,2026,0
E04550,2022,-1092729000,nonconsolidated,,,2026,4
E04550,2023,79717000,nonconsolidated,,,2026,3
E04550,2024,807259000,nonconsolidated,,,2026,2
E04550,2025,676427000,nonconsolidated,,,2026,1
E04550,2026,916230000,nonconsolidated,,364,2026,0
E04551,2022,-607594000,nonconsolidated,,,2026,4
E04551,2023,-230527000,nonconsolidated,,,2026,3
E04551,2024,135442000,nonconsolidated,,,2026,2
E04551,2025,68023000,nonconsolidated,,,2026,1
E04551,2026,19607000,nonconsolidated,,141,2026,0
E04564,2022,-3704000000,consolidated,,,2026,4
E04564,2023,3452000000,consolidated,,,2026,3
E04564,2024,10667000000,consolidated,,,2026,2
E04564,2025,10921000000,consolidated,,,2026,1
E04564,2026,14512000000,consolidated,2174,1480,2026,0
E04585,2022,23303000000,consolidated,,,2026,4
E04585,2023,40172000000,consolidated,,,2026,3
E04585,2024,35317000000,consolidated,,,2026,2
E04585,2025,39992000000,consolidated,,,2026,1
E04585,2026,43543000000,consolidated,1965,445,2026,0
E04589,2022,704257000,consolidated,,,2026,4
E04589,2023,381967000,consolidated,,,2026,3
E04589,2024,294594000,consolidated,,,2026,2
E04589,2025,271458000,consolidated,,,2026,1
E04589,2026,405346000,consolidated,437,135,2026,0
E04633,2022,43751000,nonconsolidated,,,2026,4
E04633,2023,47301000,nonconsolidated,,,2026,3
E04633,2024,94329000,nonconsolidated,,,2026,2
E04633,2025,32576000,nonconsolidated,,,2026,1
E04633,2026,22349000,nonconsolidated,,152,2026,0
E04707,2022,11278000000,consolidated,,,2026,4
E04707,2023,111789000000,consolidated,,,2026,3
E04707,2024,166005000000,consolidated,,,2026,2
E04707,2025,173328000000,consolidated,,,2026,1
E04707,2026,169641000000,consolidated,11207,6528,2026,0
E04762,2022,164340000000,nonconsolidated,,,2026,4
E04762,2023,225013000000,nonconsolidated,,,2026,3
E04762,2024,72454000000,nonconsolidated,,,2026,2
E04762,2025,183330000000,nonconsolidated,,,2026,1
E04762,2026,355106000000,nonconsolidated,37286,3016,2026,0
E04768,2022,26786000000,consolidated,,,2026,4
E04768,2023,31769000000,consolidated,,,2026,3
E04768,2024,33060000000,consolidated,,,2026,2
E04768,2025,25765000000,consolidated,,,2026,1
E04768,2026,20258000000,consolidated,5532,2676,2026,0
E04773,2022,153186000000,consolidated,,,2026,4
E04773,2023,156124000000,consolidated,,,2026,3
E04773,2024,166859000000,consolidated,,,2026,2
E04773,2025,175123000000,consolidated,,,2026,1
E04773,2026,182160000000,consolidated,65094,15991,2026,0
E04775,2022,28994000000,consolidated,,,2026,4
E04775,2023,23070000000,consolidated,,,2026,3
E04775,2024,16118000000,consolidated,,,2026,2
E04775,2025,12344000000,consolidated,,,2026,1
E04775,2026,14444000000,consolidated,6411,3866,2026,0
E04777,2022,1356000000,consolidated,,,2026,4
E04777,2023,1480000000,consolidated,,,2026,3
E04777,2024,1581000000,consolidated,,,2026,2
E04777,2025,1721000000,consolidated,,,2026,1
E04777,2026,1930000000,consolidated,382,231,2026,0
E04788,2022,117239000000,consolidated,,,2026,4
E04788,2023,146076000000,consolidated,,,2026,3
E04788,2024,151633000000,consolidated,,,2026,2
E04788,2025,193594000000,consolidated,,,2026,1
E04788,2026,236089000000,consolidated,7950,2111,2026,0
E04791,2022,119468000000,consolidated,,,2026,4
E04791,2023,136566000000,consolidated,,,2026,3
E04791,2024,149667000000,consolidated,,,2026,2
E04791,2025,165851000000,consolidated,,,2026,1
E04791,2026,189586000000,consolidated,4621,2339,2026,0
E04796,2022,2405579000,consolidated,,,2026,4
E04796,2023,2789267000,consolidated,,,2026,3
E04796,2024,2715188000,consolidated,,,2026,2
E04796,2025,2659920000,consolidated,,,2026,1
E04796,2026,3004552000,consolidated,462,378,2026,0
E04800,2022,593165000,consolidated,,,2026,4
E04800,2023,344867000,consolidated,,,2026,3
E04800,2024,1060805000,consolidated,,,2026,2
E04800,2025,1525061000,consolidated,,,2026,1
E04800,2026,1074223000,consolidated,590,431,2026,0
E04803,2022,2060000000,consolidated,,,2026,4
E04803,2023,3882000000,consolidated,,,2026,3
E04803,2024,2732000000,consolidated,,,2026,2
E04803,2025,3608000000,consolidated,,,2026,1
E04803,2026,-460000000,consolidated,1204,870,2026,0
E04806,2022,18360000000,consolidated,,,2026,4
E04806,2023,-3048000000,consolidated,,,2026,3
E04806,2024,8822000000,consolidated,,,2026,2
E04806,2025,13205000000,consolidated,,,2026,1
E04806,2026,5905000000,nonconsolidated,,133,2026,0
E04815,2022,1233256000,nonconsolidated,,,2026,4
E04815,2023,1533586000,consolidated,,,2026,3
E04815,2024,1739322000,consolidated,,,2026,2
E04815,2025,1950700000,consolidated,,,2026,1
E04815,2026,2318694000,consolidated,1248,1222,2026,0
E04821,2022,3299000000,consolidated,,,2026,4
E04821,2023,5422000000,consolidated,,,2026,3
E04821,2024,4593000000,consolidated,,,2026,2
E04821,2025,5584000000,consolidated,,,2026,1
E04821,2026,6008000000,consolidated,189,126,2026,0
E04822,2022,11654000000,consolidated,,,2026,4
E04822,2023,12662000000,consolidated,,,2026,3
E04822,2024,15340000000,consolidated,,,2026,2
E04822,2025,17038000000,consolidated,,,2026,1
E04822,2026,19326000000,consolidated,4555,3305,2026,0
E04824,2022,5153000000,consolidated,,,2026,4
E04824,2023,5071000000,consolidated,,,2026,3
E04824,2024,4323000000,consolidated,,,2026,2
E04824,2025,3879000000,consolidated,,,2026,1
E04824,2026,5825000000,consolidated,1628,486,2026,0
E04826,2022,8878000000,consolidated,,,2026,4
E04826,2023,8080000000,consolidated,,,2026,3
E04826,2024,8505000000,consolidated,,,2026,2
E04826,2025,8825000000,consolidated,,,2026,1
E04826,2026,10098000000,consolidated,4694,2007,2026,0
E04830,2022,41388000000,nonconsolidated,,,2026,4
E04830,2023,44530000000,nonconsolidated,,,2026,3
E04830,2024,49158000000,nonconsolidated,,,2026,2
E04830,2025,51853000000,nonconsolidated,,,2026,1
E04830,2026,79921000000,nonconsolidated,21015,8493,2026,0
E04837,2022,28902000000,consolidated,,,2026,4
E04837,2023,23072000000,consolidated,,,2026,3
E04837,2024,13782000000,consolidated,,,2026,2
E04837,2025,15683000000,consolidated,,,2026,1
E04837,2026,18970000000,consolidated,43571,18141,2026,0
E04841,2022,1408751000,consolidated,,,2026,4
E04841,2023,1617212000,consolidated,,,2026,3
E04841,2024,1759699000,consolidated,,,2026,2
E04841,2025,2109367000,consolidated,,,2026,1
E04841,2026,2870388000,consolidated,1228,946,2026,0
E04849,2022,1107000000,consolidated,,,2026,4
E04849,2023,911000000,consolidated,,,2026,3
E04849,2024,1100000000,consolidated,,,2026,2
E04849,2025,1154000000,consolidated,,,2026,1
E04849,2026,1207000000,consolidated,1167,507,2026,0
E04855,2022,1393701000,consolidated,,,2026,4
E04855,2023,1775401000,consolidated,,,2026,3
E04855,2024,1859323000,consolidated,,,2026,2
E04855,2025,2145414000,consolidated,,,2026,1
E04855,2026,2986817000,consolidated,1066,759,2026,0
E04856,2022,2229000000,consolidated,,,2026,4
E04856,2023,2292000000,consolidated,,,2026,3
E04856,2024,2381000000,consolidated,,,2026,2
E04856,2025,2506000000,consolidated,,,2026,1
E04856,2026,2878000000,consolidated,2709,2043,2026,0
E04857,2022,895586000,consolidated,,,2026,4
E04857,2023,964362000,consolidated,,,2026,3
E04857,2024,1063946000,consolidated,,,2026,2
E04857,2025,1063230000,consolidated,,,2026,1
E04857,2026,2996311000,consolidated,2096,1154,2026,0
E04861,2022,11403000000,consolidated,,,2026,4
E04861,2023,11932000000,consolidated,,,2026,3
E04861,2024,12831000000,consolidated,,,2026,2
E04861,2025,15457000000,consolidated,,,2026,1
E04861,2026,16940000000,consolidated,6135,3199,2026,0
E04867,2022,4689000000,consolidated,,,2026,4
E04867,2023,4674000000,consolidated,,,2026,3
E04867,2024,4643000000,consolidated,,,2026,2
E04867,2025,4803000000,nonconsolidated,,,2026,1
E04867,2026,5002000000,nonconsolidated,,552,2026,0
E04869,2022,1930079000,nonconsolidated,,,2026,4
E04869,2023,1999102000,nonconsolidated,,,2026,3
E04869,2024,1976046000,nonconsolidated,,,2026,2
E04869,2025,2500025000,nonconsolidated,,,2026,1
E04869,2026,3177782000,nonconsolidated,2495,1066,2026,0
E04877,2022,4771000000,consolidated,,,2026,4
E04877,2023,5839000000,consolidated,,,2026,3
E04877,2024,6306000000,consolidated,,,2026,2
E04877,2025,6390000000,consolidated,,,2026,1
E04877,2026,6870000000,consolidated,2342,1854,2026,0
E04878,2022,6297000000,consolidated,,,2026,4
E04878,2023,6747000000,consolidated,,,2026,3
E04878,2024,5564000000,consolidated,,,2026,2
E04878,2025,6726000000,consolidated,,,2026,1
E04878,2026,7197000000,consolidated,33674,28220,2026,0
E04889,2022,2943620000,consolidated,,,2026,4
E04889,2023,2223378000,consolidated,,,2026,3
E04889,2024,1072747000,consolidated,,,2026,2
E04889,2025,2160487000,consolidated,,,2026,1
E04889,2026,1620277000,consolidated,734,696,2026,0
E04890,2022,10060000000,consolidated,,,2026,4
E04890,2023,6888000000,consolidated,,,2026,3
E04890,2024,8125000000,consolidated,,,2026,2
E04890,2025,8168000000,consolidated,,,2026,1
E04890,2026,8298000000,consolidated,1207,1165,2026,0
E04894,2022,2697000000,consolidated,,,2026,4
E04894,2023,1326000000,consolidated,,,2026,3
E04894,2024,2343000000,consolidated,,,2026,2
E04894,2025,2688000000,consolidated,,,2026,1
E04894,2026,2495000000,consolidated,755,538,2026,0
E04899,2022,6686346000,nonconsolidated,,,2026,4
E04899,2023,3081855000,nonconsolidated,,,2026,3
E04899,2024,-378232000,nonconsolidated,,,2026,2
E04899,2025,810259000,nonconsolidated,,,2026,1
E04899,2026,1086992000,nonconsolidated,,405,2026,0
E04908,2022,1814000000,consolidated,,,2026,4
E04908,2023,7115000000,consolidated,,,2026,3
E04908,2024,21116000000,consolidated,,,2026,2
E04908,2025,21417000000,consolidated,,,2026,1
E04908,2026,26204000000,consolidated,6614,3544,2026,0
E04920,2022,1265764000,nonconsolidated,,,2026,4
E04920,2023,1345183000,nonconsolidated,,,2026,3
E04920,2024,1456767000,nonconsolidated,,,2026,2
E04920,2025,1611162000,nonconsolidated,,,2026,1
E04920,2026,1702079000,nonconsolidated,,1911,2026,0
E04926,2022,12215000000,consolidated,,,2026,4
E04926,2023,11375000000,consolidated,,,2026,3
E04926,2024,7878000000,consolidated,,,2026,2
E04926,2025,10697000000,consolidated,,,2026,1
E04926,2026,12964000000,consolidated,3750,1964,2026,0
E04932,2022,2012688000,consolidated,,,2026,4
E04932,2023,2488412000,consolidated,,,2026,3
E04932,2024,2448009000,consolidated,,,2026,2
E04932,2025,1547795000,consolidated,,,2026,1
E04932,2026,2209168000,consolidated,2427,2025,2026,0
E04934,2022,2792000000,consolidated,,,2026,4
E04934,2023,3243000000,consolidated,,,2026,3
E04934,2024,2390000000,consolidated,,,2026,2
E04934,2025,3019000000,consolidated,,,2026,1
E04934,2026,2485000000,consolidated,1699,1154,2026,0
E04940,2022,1701740000,consolidated,,,2026,4
E04940,2023,1933626000,nonconsolidated,,,2026,3
E04940,2024,1409997000,nonconsolidated,,,2026,2
E04940,2025,1246146000,nonconsolidated,,,2026,1
E04940,2026,1581756000,nonconsolidated,,283,2026,0
E04944,2022,991724000,consolidated,,,2026,4
E04944,2023,1024376000,consolidated,,,2026,3
E04944,2024,1058121000,consolidated,,,2026,2
E04944,2025,1221272000,consolidated,,,2026,1
E04944,2026,1602117000,consolidated,1792,1404,2026,0
E04946,2022,19522000000,consolidated,,,2026,4
E04946,2023,21573000000,consolidated,,,2026,3
E04946,2024,21544000000,consolidated,,,2026,2
E04946,2025,22030000000,consolidated,,,2026,1
E04946,2026,21043000000,consolidated,1686,1152,2026,0
E04952,2022,5025000000,consolidated,,,2026,4
E04952,2023,5442000000,consolidated,,,2026,3
E04952,2024,5940000000,consolidated,,,2026,2
E04952,2025,6168000000,consolidated,,,2026,1
E04952,2026,5533000000,consolidated,2536,2070,2026,0
E04964,2022,-2900000000,consolidated,,,2026,4
E04964,2023,1552000000,consolidated,,,2026,3
E04964,2024,3466000000,consolidated,,,2026,2
E04964,2025,1950000000,consolidated,,,2026,1
E04964,2026,727000000,consolidated,2033,119,2026,0
E04973,2022,2801000000,consolidated,,,2026,4
E04973,2023,3051000000,consolidated,,,2026,3
E04973,2024,3863000000,consolidated,,,2026,2
E04973,2025,4373000000,consolidated,,,2026,1
E04973,2026,5108000000,consolidated,2268,1516,2026,0
E04976,2022,1600986000,nonconsolidated,,,2026,4
E04976,2023,1911499000,nonconsolidated,,,2026,3
E04976,2024,1971943000,nonconsolidated,,,2026,2
E04976,2025,2164822000,nonconsolidated,,,2026,1
E04976,2026,3068307000,nonconsolidated,,1434,2026,0
E04978,2022,243641000,consolidated,,,2026,4
E04978,2023,198386000,consolidated,,,2026,3
E04978,2024,299921000,consolidated,,,2026,2
E04978,2025,310148000,consolidated,,,2026,1
E04978,2026,233669000,consolidated,418,269,2026,0
E04980,2022,253431000,consolidated,,,2026,4
E04980,2023,330877000,consolidated,,,2026,3
E04980,2024,455651000,consolidated,,,2026,2
E04980,2025,445048000,consolidated,,,2026,1
E04980,2026,761186000,consolidated,197,162,2026,0
E04988,2022,4782634000,consolidated,,,2026,4
E04988,2023,5135627000,consolidated,,,2026,3
E04988,2024,5658535000,consolidated,,,2026,2
E04988,2025,6290640000,consolidated,,,2026,1
E04988,2026,6980017000,consolidated,3188,1498,2026,0
E04990,2022,-1106523000,nonconsolidated,,,2026,4
E04990,2023,-602408000,nonconsolidated,,,2026,3
E04990,2024,-28092000,nonconsolidated,,,2026,2
E04990,2025,4245000,nonconsolidated,,,2026,1
E04990,2026,34382000,nonconsolidated,,490,2026,0
E04995,2022,2467000000,consolidated,,,2026,4
E04995,2023,2711000000,consolidated,,,2026,3
E04995,2024,3596000000,consolidated,,,2026,2
E04995,2025,4869000000,consolidated,,,2026,1
E04995,2026,5619000000,consolidated,2006,1246,2026,0
E04996,2022,17316000000,consolidated,,,2026,4
E04996,2023,19217000000,consolidated,,,2026,3
E04996,2024,17384000000,consolidated,,,2026,2
E04996,2025,18159000000,consolidated,,,2026,1
E04996,2026,23101000000,consolidated,302,293,2026,0
E04997,2022,3082008000,consolidated,,,2026,4
E04997,2023,3714445000,consolidated,,,2026,3
E04997,2024,4253558000,consolidated,,,2026,2
E04997,2025,4876455000,consolidated,,,2026,1
E04997,2026,5359051000,consolidated,2473,2203,2026,0
E05000,2022,62506000000,nonconsolidated,,,2026,4
E05000,2023,20323000000,nonconsolidated,,,2026,3
E05000,2024,78268000000,nonconsolidated,,,2026,2
E05000,2025,65753000000,nonconsolidated,,,2026,1
E05000,2026,167306000000,nonconsolidated,29863,10577,2026,0
E05011,2022,319658000,consolidated,,,2026,4
E05011,2023,183418000,consolidated,,,2026,3
E05011,2024,59836000,consolidated,,,2026,2
E05011,2025,42693000,consolidated,,,2026,1
E05011,2026,-5166000,consolidated,200,113,2026,0
E05018,2022,6944689000,consolidated,,,2026,4
E05018,2023,8200757000,consolidated,,,2026,3
E05018,2024,9686759000,consolidated,,,2026,2
E05018,2025,10919946000,consolidated,,,2026,1
E05018,2026,11419358000,consolidated,1198,586,2026,0
E05025,2022,60174000000,consolidated,,,2026,4
E05025,2023,70223000000,consolidated,,,2026,3
E05025,2024,81151000000,consolidated,,,2026,2
E05025,2025,89770000000,consolidated,,,2026,1
E05025,2026,104779000000,consolidated,2256,2030,2026,0
E05028,2022,1841364000,consolidated,,,2026,4
E05028,2023,2431441000,consolidated,,,2026,3
E05028,2024,2951433000,consolidated,,,2026,2
E05028,2025,3600662000,consolidated,,,2026,1
E05028,2026,3968373000,consolidated,1109,1044,2026,0
E05029,2022,4086113000,nonconsolidated,,,2026,4
E05029,2023,4279427000,nonconsolidated,,,2026,3
E05029,2024,4422268000,nonconsolidated,,,2026,2
E05029,2025,4540916000,nonconsolidated,,,2026,1
E05029,2026,5110714000,nonconsolidated,,2987,2026,0
E05030,2022,70362000,consolidated,,,2026,4
E05030,2023,-40115000,consolidated,,,2026,3
E05030,2024,40290000,consolidated,,,2026,2
E05030,2025,-228528000,consolidated,,,2026,1
E05030,2026,80958000,consolidated,394,289,2026,0
E05031,2022,41579000000,consolidated,,,2026,4
E05031,2023,48965000000,consolidated,,,2026,3
E05031,2024,47074000000,consolidated,,,2026,2
E05031,2025,42908000000,consolidated,,,2026,1
E05031,2026,43790000000,consolidated,2284,1957,2026,0
E05045,2022,42374000000,consolidated,,,2026,4
E05045,2023,44491000000,consolidated,,,2026,3
E05045,2024,49654000000,consolidated,,,2026,2
E05045,2025,54883000000,consolidated,,,2026,1
E05045,2026,60590000000,consolidated,1211,725,2026,0
E05047,2022,17076000000,consolidated,,,2026,4
E05047,2023,8066000000,nonconsolidated,,,2026,3
E05047,2024,33506000000,nonconsolidated,,,2026,2
E05047,2025,6377000000,nonconsolidated,,,2026,1
E05047,2026,13141000000,nonconsolidated,3451,126,2026,0
E05048,2022,17157517000,nonconsolidated,,,2026,4
E05048,2023,15834575000,nonconsolidated,,,2026,3
E05048,2024,19869544000,nonconsolidated,,,2026,2
E05048,2025,23044859000,nonconsolidated,,,2026,1
E05048,2026,25218562000,nonconsolidated,,1065,2026,0
E05054,2022,75637000,nonconsolidated,,,2026,4
E05054,2023,140936000,nonconsolidated,,,2026,3
E05054,2024,321974000,nonconsolidated,,,2026,2
E05054,2025,390168000,nonconsolidated,,,2026,1
E05054,2026,244570000,consolidated,299,285,2026,0
E05056,2022,51077000000,consolidated,,,2026,4
E05056,2023,24182000000,consolidated,,,2026,3
E05056,2024,9605000000,consolidated,,,2026,2
E05056,2025,9970000000,consolidated,,,2026,1
E05056,2026,11014000000,consolidated,4612,2700,2026,0
E05062,2022,89433000000,nonconsolidated,,,2026,4
E05062,2023,101543000000,nonconsolidated,,,2026,3
E05062,2024,105898000000,nonconsolidated,,,2026,2
E05062,2025,138261000000,nonconsolidated,,,2026,1
E05062,2026,152466000000,nonconsolidated,16894,7982,2026,0
E05065,2022,432607000,consolidated,,,2026,4
E05065,2023,377590000,consolidated,,,2026,3
E05065,2024,459368000,consolidated,,,2026,2
E05065,2025,305094000,consolidated,,,2026,1
E05065,2026,460852000,consolidated,439,246,2026,0
E05070,2022,79474000,consolidated,,,2026,4
E05070,2023,-1281000,consolidated,,,2026,3
E05070,2024,37128000,consolidated,,,2026,2
E05070,2025,346100000,consolidated,,,2026,1
E05070,2026,290908000,consolidated,638,536,2026,0
E05075,2022,622196000,nonconsolidated,,,2026,4
E05075,2023,776112000,nonconsolidated,,,2026,3
E05075,2024,923560000,nonconsolidated,,,2026,2
E05075,2025,962518000,nonconsolidated,,,2026,1
E05075,2026,1048391000,nonconsolidated,,489,2026,0
E05090,2022,878000000,consolidated,,,2026,4
E05090,2023,1038000000,consolidated,,,2026,3
E05090,2024,1206000000,consolidated,,,2026,2
E05090,2025,1493000000,consolidated,,,2026,1
E05090,2026,1605000000,consolidated,1056,961,2026,0
E05091,2022,995929000,nonconsolidated,,,2026,4
E05091,2023,985086000,nonconsolidated,,,2026,3
E05091,2024,1101001000,nonconsolidated,,,2026,2
E05091,2025,849232000,nonconsolidated,,,2026,1
E05091,2026,1011891000,nonconsolidated,,208,2026,0
E05107,2022,2256755000,consolidated,,,2026,4
E05107,2023,2621277000,consolidated,,,2026,3
E05107,2024,2143906000,consolidated,,,2026,2
E05107,2025,2741843000,consolidated,,,2026,1
E05107,2026,3900385000,consolidated,990,860,2026,0
E05120,2022,956916000,consolidated,,,2026,4
E05120,2023,1212453000,consolidated,,,2026,3
E05120,2024,2140032000,consolidated,,,2026,2
E05120,2025,2852440000,consolidated,,,2026,1
E05120,2026,2672900000,consolidated,1529,836,2026,0
E05135,2022,2570864000,consolidated,,,2026,4
E05135,2023,2920333000,consolidated,,,2026,3
E05135,2024,3724401000,consolidated,,,2026,2
E05135,2025,4099798000,consolidated,,,2026,1
E05135,2026,3712359000,consolidated,1089,898,2026,0
E05145,2022,2595000000,consolidated,,,2026,4
E05145,2023,1346000000,consolidated,,,2026,3
E05145,2024,2181000000,consolidated,,,2026,2
E05145,2025,1524000000,consolidated,,,2026,1
E05145,2026,2257000000,consolidated,890,791,2026,0
E05151,2022,92027000,consolidated,,,2026,4
E05151,2023,36138000,consolidated,,,2026,3
E05151,2024,-128324000,consolidated,,,2026,2
E05151,2025,-77724000,consolidated,,,2026,1
E05151,2026,-268568000,consolidated,224,183,2026,0
E05153,2022,1864276000,nonconsolidated,,,2026,4
E05153,2023,1332815000,nonconsolidated,,,2026,3
E05153,2024,63961000,nonconsolidated,,,2026,2
E05153,2025,598487000,nonconsolidated,,,2026,1
E05153,2026,1628451000,nonconsolidated,2866,2836,2026,0
E05156,2022,466000000,nonconsolidated,,,2026,4
E05156,2023,4672000000,nonconsolidated,,,2026,3
E05156,2024,2905000000,nonconsolidated,,,2026,2
E05156,2025,1482000000,nonconsolidated,,,2026,1
E05156,2026,2711000000,nonconsolidated,1383,557,2026,0
E05159,2022,44871000000,nonconsolidated,,,2026,4
E05159,2023,27867000000,nonconsolidated,,,2026,3
E05159,2024,30618000000,nonconsolidated,,,2026,2
E05159,2025,112730000000,nonconsolidated,,,2026,1
E05159,2026,-38341000000,nonconsolidated,18669,389,2026,0
E05167,2022,2443467000,consolidated,,,2026,4
E05167,2023,3250342000,consolidated,,,2026,3
E05167,2024,3877404000,consolidated,,,2026,2
E05167,2025,4679914000,consolidated,,,2026,1
E05167,2026,6435392000,consolidated,748,580,2026,0
E05173,2022,5644136000,consolidated,,,2026,4
E05173,2023,6281649000,consolidated,,,2026,3
E05173,2024,7452491000,consolidated,,,2026,2
E05173,2025,7667308000,consolidated,,,2026,1
E05173,2026,6453678000,consolidated,1960,1600,2026,0
E05175,2022,-353880000,nonconsolidated,,,2026,4
E05175,2023,-420360000,nonconsolidated,,,2026,3
E05175,2024,-311871000,nonconsolidated,,,2026,2
E05175,2025,-426516000,nonconsolidated,,,2026,1
E05175,2026,-2151950000,nonconsolidated,,195,2026,0
E05192,2022,10138000000,consolidated,,,2026,4
E05192,2023,4072000000,consolidated,,,2026,3
E05192,2024,5369000000,consolidated,,,2026,2
E05192,2025,5943000000,consolidated,,,2026,1
E05192,2026,4191000000,consolidated,3191,2014,2026,0
E05201,2022,78941000,nonconsolidated,,,2026,4
E05201,2023,-123015000,nonconsolidated,,,2026,3
E05201,2024,-290565000,nonconsolidated,,,2026,2
E05201,2025,-218318000,nonconsolidated,,,2026,1
E05201,2026,135531000,nonconsolidated,,100,2026,0
E05211,2022,2052166000,consolidated,,,2026,4
E05211,2023,1652929000,consolidated,,,2026,3
E05211,2024,585357000,consolidated,,,2026,2
E05211,2025,951622000,consolidated,,,2026,1
E05211,2026,866634000,consolidated,695,407,2026,0
E05215,2022,1719000000,consolidated,,,2026,4
E05215,2023,1844000000,consolidated,,,2026,3
E05215,2024,1730000000,consolidated,,,2026,2
E05215,2025,1821000000,consolidated,,,2026,1
E05215,2026,1583000000,consolidated,967,881,2026,0
E05219,2022,2800000000,consolidated,,,2026,4
E05219,2023,3379000000,consolidated,,,2026,3
E05219,2024,1777000000,consolidated,,,2026,2
E05219,2025,2963000000,consolidated,,,2026,1
E05219,2026,6225000000,consolidated,601,253,2026,0
E05221,2022,44000000,consolidated,,,2026,4
E05221,2023,1227000000,consolidated,,,2026,3
E05221,2024,-1992000000,consolidated,,,2026,2
E05221,2025,297000000,consolidated,,,2026,1
E05221,2026,1872000000,consolidated,222,198,2026,0
E05232,2022,3423622000,consolidated,,,2026,4
E05232,2023,4543550000,consolidated,,,2026,3
E05232,2024,5029826000,consolidated,,,2026,2
E05232,2025,4611324000,consolidated,,,2026,1
E05232,2026,4689881000,consolidated,1682,1251,2026,0
E05236,2022,2052512000,consolidated,,,2026,4
E05236,2023,2450148000,consolidated,,,2026,3
E05236,2024,2861415000,consolidated,,,2026,2
E05236,2025,3264090000,consolidated,,,2026,1
E05236,2026,4018654000,consolidated,1683,1202,2026,0
E05262,2022,303000000,consolidated,,,2026,4
E05262,2023,14000000,consolidated,,,2026,3
E05262,2024,203000000,consolidated,,,2026,2
E05262,2025,276000000,consolidated,,,2026,1
E05262,2026,404000000,consolidated,606,418,2026,0
E05267,2022,2535000000,consolidated,,,2026,4
E05267,2023,2722000000,consolidated,,,2026,3
E05267,2024,2785000000,consolidated,,,2026,2
E05267,2025,3162000000,consolidated,,,2026,1
E05267,2026,3734000000,consolidated,286,257,2026,0
E05269,2022,935140000,consolidated,,,2026,4
E05269,2023,1079309000,consolidated,,,2026,3
E05269,2024,910922000,consolidated,,,2026,2
E05269,2025,719576000,consolidated,,,2026,1
E05269,2026,1096825000,consolidated,716,450,2026,0
E05274,2022,4313000000,consolidated,,,2026,4
E05274,2023,3355000000,consolidated,,,2026,3
E05274,2024,3825000000,consolidated,,,2026,2
E05274,2025,3162000000,consolidated,,,2026,1
E05274,2026,3193000000,consolidated,4014,400,2026,0
E05283,2022,8578000000,consolidated,,,2026,4
E05283,2023,9955000000,consolidated,,,2026,3
E05283,2024,9942000000,consolidated,,,2026,2
E05283,2025,11855000000,consolidated,,,2026,1
E05283,2026,16145000000,consolidated,5301,3856,2026,0
E05291,2022,1171056000,consolidated,,,2026,4
E05291,2023,1510118000,consolidated,,,2026,3
E05291,2024,1570370000,consolidated,,,2026,2
E05291,2025,1898452000,consolidated,,,2026,1
E05291,2026,2043227000,consolidated,881,563,2026,0
E05302,2022,7456000,consolidated,,,2026,4
E05302,2023,42509000,consolidated,,,2026,3
E05302,2024,92112000,nonconsolidated,,,2026,2
E05302,2025,163902000,nonconsolidated,,,2026,1
E05302,2026,271491000,consolidated,273,122,2026,0
E05303,2022,4135000000,consolidated,,,2026,4
E05303,2023,4429000000,consolidated,,,2026,3
E05303,2024,4443000000,consolidated,,,2026,2
E05303,2025,4562000000,consolidated,,,2026,1
E05303,2026,4840000000,consolidated,279,279,2026,0
E05304,2022,30811000000,consolidated,,,2026,4
E05304,2023,32915000000,consolidated,,,2026,3
E05304,2024,28285000000,nonconsolidated,,,2026,2
E05304,2025,31945000000,nonconsolidated,,,2026,1
E05304,2026,33091000000,nonconsolidated,10276,4102,2026,0
E05307,2022,5507000000,consolidated,,,2026,4
E05307,2023,4820000000,consolidated,,,2026,3
E05307,2024,2214000000,consolidated,,,2026,2
E05307,2025,3344000000,consolidated,,,2026,1
E05307,2026,4672000000,consolidated,1163,705,2026,0
E05309,2022,43744000000,consolidated,,,2026,4
E05309,2023,38198000000,consolidated,,,2026,3
E05309,2024,41169000000,consolidated,,,2026,2
E05309,2025,43107000000,consolidated,,,2026,1
E05309,2026,49913000000,consolidated,66949,11741,2026,0
E05310,2022,993855000,nonconsolidated,,,2026,4
E05310,2023,1033500000,consolidated,,,2026,3
E05310,2024,1061324000,consolidated,,,2026,2
E05310,2025,1112127000,consolidated,,,2026,1
E05310,2026,1152743000,consolidated,1092,986,2026,0
E05312,2022,1432000000,consolidated,,,2026,4
E05312,2023,1480000000,consolidated,,,2026,3
E05312,2024,1590000000,consolidated,,,2026,2
E05312,2025,1393000000,consolidated,,,2026,1
E05312,2026,1581000000,consolidated,938,704,2026,0
E05322,2022,2466583000,consolidated,,,2026,4
E05322,2023,2742690000,consolidated,,,2026,3
E05322,2024,3126312000,consolidated,,,2026,2
E05322,2025,3403127000,consolidated,,,2026,1
E05322,2026,3608096000,consolidated,1683,1088,2026,0
E05332,2022,2451353000,consolidated,,,2026,4
E05332,2023,2812888000,consolidated,,,2026,3
E05332,2024,3219501000,consolidated,,,2026,2
E05332,2025,3267276000,consolidated,,,2026,1
E05332,2026,3921914000,consolidated,1444,1013,2026,0
E05346,2022,90519000000,consolidated,,,2026,4
E05346,2023,106194000000,consolidated,,,2026,3
E05346,2024,117303000000,consolidated,,,2026,2
E05346,2025,132272000000,consolidated,,,2026,1
E05346,2026,163417000000,consolidated,8583,1101,2026,0
E05350,2022,18091000000,nonconsolidated,,,2026,4
E05350,2023,21093000000,nonconsolidated,,,2026,3
E05350,2024,23681000000,nonconsolidated,,,2026,2
E05350,2025,27308000000,nonconsolidated,,,2026,1
E05350,2026,29127000000,nonconsolidated,1421,1152,2026,0
E05355,2022,11481000000,consolidated,,,2026,4
E05355,2023,13751000000,consolidated,,,2026,3
E05355,2024,20198000000,consolidated,,,2026,2
E05355,2025,14678000000,consolidated,,,2026,1
E05355,2026,8394000000,consolidated,2785,2781,2026,0
E05361,2022,632946000,consolidated,,,2026,4
E05361,2023,311331000,consolidated,,,2026,3
E05361,2024,563478000,consolidated,,,2026,2
E05361,2025,1224954000,consolidated,,,2026,1
E05361,2026,795071000,consolidated,2020,1883,2026,0
E05377,2022,865567000,nonconsolidated,,,2026,4
E05377,2023,960721000,nonconsolidated,,,2026,3
E05377,2024,1070359000,nonconsolidated,,,2026,2
E05377,2025,1230189000,nonconsolidated,,,2026,1
E05377,2026,1270851000,nonconsolidated,,208,2026,0
E05381,2022,2362654000,consolidated,,,2026,4
E05381,2023,2142057000,consolidated,,,2026,3
E05381,2024,2200268000,consolidated,,,2026,2
E05381,2025,2485385000,consolidated,,,2026,1
E05381,2026,3121258000,consolidated,1062,1026,2026,0
E05385,2022,7078192000,consolidated,,,2026,4
E05385,2023,9194133000,consolidated,,,2026,3
E05385,2024,7015923000,consolidated,,,2026,2
E05385,2025,6450918000,consolidated,,,2026,1
E05385,2026,5833042000,consolidated,1522,1126,2026,0
E05400,2022,1107058000,nonconsolidated,,,2026,4
E05400,2023,1278655000,nonconsolidated,,,2026,3
E05400,2024,1547922000,nonconsolidated,,,2026,2
E05400,2025,1893682000,nonconsolidated,,,2026,1
E05400,2026,2062700000,nonconsolidated,,365,2026,0
E05410,2022,75740000000,consolidated,,,2026,4
E05410,2023,60378000000,consolidated,,,2026,3
E05410,2024,37815000000,consolidated,,,2026,2
E05410,2025,42660000000,consolidated,,,2026,1
E05410,2026,46061000000,consolidated,28921,144,2026,0
E05417,2022,313000000,consolidated,,,2026,4
E05417,2023,420000000,consolidated,,,2026,3
E05417,2024,262000000,consolidated,,,2026,2
E05417,2025,416000000,consolidated,,,2026,1
E05417,2026,680000000,consolidated,208,138,2026,0
E05425,2022,32319000000,nonconsolidated,,,2026,4
E05425,2023,27992000000,nonconsolidated,,,2026,3
E05425,2024,84032000000,nonconsolidated,,,2026,2
E05425,2025,27464000000,nonconsolidated,,,2026,1
E05425,2026,28298000000,nonconsolidated,17010,750,2026,0
E05426,2022,20064000000,consolidated,,,2026,4
E05426,2023,40110000000,consolidated,,,2026,3
E05426,2024,50897000000,consolidated,,,2026,2
E05426,2025,66219000000,consolidated,,,2026,1
E05426,2026,64969000000,consolidated,2434,838,2026,0
E05428,2022,2711421000,consolidated,,,2026,4
E05428,2023,2516614000,consolidated,,,2026,3
E05428,2024,3294493000,consolidated,,,2026,2
E05428,2025,3576188000,consolidated,,,2026,1
E05428,2026,3887551000,consolidated,4740,132,2026,0
E05432,2022,154588000,consolidated,,,2026,4
E05432,2023,56781000,consolidated,,,2026,3
E05432,2024,-94427000,consolidated,,,2026,2
E05432,2025,-333065000,nonconsolidated,,,2026,1
E05432,2026,-297415000,nonconsolidated,,110,2026,0
E05438,2022,52723000000,consolidated,,,2026,4
E05438,2023,59699000000,consolidated,,,2026,3
E05438,2024,68355000000,consolidated,,,2026,2
E05438,2025,69036000000,consolidated,,,2026,1
E05438,2026,38249000000,consolidated,4410,876,2026,0
E05440,2022,327327000,consolidated,,,2026,4
E05440,2023,475633000,consolidated,,,2026,3
E05440,2024,556550000,consolidated,,,2026,2
E05440,2025,581272000,consolidated,,,2026,1
E05440,2026,162344000,nonconsolidated,,1024,2026,0
E05456,2022,-4692490000,consolidated,,,2026,4
E05456,2023,-1664010000,consolidated,,,2026,3
E05456,2024,-277896000,consolidated,,,2026,2
E05456,2025,261360000,consolidated,,,2026,1
E05456,2026,368950000,consolidated,777,745,2026,0
E05460,2022,10161000000,nonconsolidated,,,2026,4
E05460,2023,7509000000,nonconsolidated,,,2026,3
E05460,2024,4453000000,nonconsolidated,,,2026,2
E05460,2025,32054000000,nonconsolidated,,,2026,1
E05460,2026,32581000000,nonconsolidated,2483,1400,2026,0
E05462,2022,11422000000,consolidated,,,2026,4
E05462,2023,12440000000,consolidated,,,2026,3
E05462,2024,11818000000,consolidated,,,2026,2
E05462,2025,9437000000,consolidated,,,2026,1
E05462,2026,11427000000,consolidated,924,625,2026,0
E05463,2022,2822884000,nonconsolidated,,,2026,4
E05463,2023,2651672000,nonconsolidated,,,2026,3
E05463,2024,3786450000,nonconsolidated,,,2026,2
E05463,2025,4954797000,nonconsolidated,,,2026,1
E05463,2026,5795519000,nonconsolidated,,666,2026,0
E05466,2022,2271488000,consolidated,,,2026,4
E05466,2023,1831008000,consolidated,,,2026,3
E05466,2024,1877588000,consolidated,,,2026,2
E05466,2025,2431933000,consolidated,,,2026,1
E05466,2026,3074756000,consolidated,259,259,2026,0
E05469,2022,354354000,consolidated,,,2026,4
E05469,2023,605562000,consolidated,,,2026,3
E05469,2024,562824000,consolidated,,,2026,2
E05469,2025,477768000,consolidated,,,2026,1
E05469,2026,604702000,consolidated,553,378,2026,0
E05471,2022,693284000,consolidated,,,2026,4
E05471,2023,552548000,consolidated,,,2026,3
E05471,2024,290616000,consolidated,,,2026,2
E05471,2025,289951000,consolidated,,,2026,1
E05471,2026,378982000,consolidated,185,117,2026,0
E05478,2022,-51000000,consolidated,,,2026,4
E05478,2023,24000000,consolidated,,,2026,3
E05478,2024,646000000,consolidated,,,2026,2
E05478,2025,668000000,consolidated,,,2026,1
E05478,2026,532000000,consolidated,1335,1158,2026,0
E05480,2022,22455000000,nonconsolidated,,,2026,4
E05480,2023,24383000000,nonconsolidated,,,2026,3
E05480,2024,25916000000,nonconsolidated,,,2026,2
E05480,2025,24501000000,nonconsolidated,,,2026,1
E05480,2026,28844000000,nonconsolidated,5533,3174,2026,0
E05487,2022,2113540000,consolidated,,,2026,4
E05487,2023,2515813000,consolidated,,,2026,3
E05487,2024,2768986000,consolidated,,,2026,2
E05487,2025,3066064000,consolidated,,,2026,1
E05487,2026,3551517000,consolidated,1569,1548,2026,0
E05493,2022,1954000000,consolidated,,,2026,4
E05493,2023,2400000000,consolidated,,,2026,3
E05493,2024,3580000000,consolidated,,,2026,2
E05493,2025,1856000000,consolidated,,,2026,1
E05493,2026,3038000000,consolidated,1351,752,2026,0
E05496,2022,929614000,consolidated,,,2026,4
E05496,2023,1121637000,consolidated,,,2026,3
E05496,2024,1414948000,consolidated,,,2026,2
E05496,2025,1539804000,consolidated,,,2026,1
E05496,2026,1558570000,consolidated,286,253,2026,0
E05504,2022,2672000000,consolidated,,,2026,4
E05504,2023,2432000000,consolidated,,,2026,3
E05504,2024,2316000000,consolidated,,,2026,2
E05504,2025,2634000000,consolidated,,,2026,1
E05504,2026,3723000000,consolidated,1364,740,2026,0
E05514,2022,669750000,consolidated,,,2026,4
E05514,2023,20701000,consolidated,,,2026,3
E05514,2024,-438440000,consolidated,,,2026,2
E05514,2025,10475000,consolidated,,,2026,1
E05514,2026,-110086000,consolidated,296,126,2026,0
E05518,2022,649431000,consolidated,,,2026,4
E05518,2023,965830000,consolidated,,,2026,3
E05518,2024,764080000,consolidated,,,2026,2
E05518,2025,4060431000,consolidated,,,2026,1
E05518,2026,105477000,consolidated,1135,934,2026,0
E05524,2022,472135000,consolidated,,,2026,4
E05524,2023,326461000,consolidated,,,2026,3
E05524,2024,388518000,consolidated,,,2026,2
E05524,2025,477531000,consolidated,,,2026,1
E05524,2026,463593000,consolidated,629,131,2026,0
E05528,2022,52299000,nonconsolidated,,,2026,4
E05528,2023,156506000,nonconsolidated,,,2026,3
E05528,2024,170355000,nonconsolidated,,,2026,2
E05528,2025,126823000,nonconsolidated,,,2026,1
E05528,2026,141815000,consolidated,114,113,2026,0
E05550,2022,1921000000,consolidated,,,2026,4
E05550,2023,1400000000,consolidated,,,2026,3
E05550,2024,2951000000,consolidated,,,2026,2
E05550,2025,3924000000,consolidated,,,2026,1
E05550,2026,5062000000,consolidated,1829,653,2026,0
E05551,2022,166756000,consolidated,,,2026,4
E05551,2023,236432000,consolidated,,,2026,3
E05551,2024,208984000,consolidated,,,2026,2
E05551,2025,-42141000,consolidated,,,2026,1
E05551,2026,236763000,consolidated,216,194,2026,0
E05552,2022,1541772000,consolidated,,,2026,4
E05552,2023,2192519000,consolidated,,,2026,3
E05552,2024,793171000,consolidated,,,2026,2
E05552,2025,53306000,consolidated,,,2026,1
E05552,2026,318911000,consolidated,275,271,2026,0
E05553,2022,755609000,consolidated,,,2026,4
E05553,2023,921505000,consolidated,,,2026,3
E05553,2024,1090018000,consolidated,,,2026,2
E05553,2025,1224599000,consolidated,,,2026,1
E05553,2026,1196003000,consolidated,1300,759,2026,0
E05556,2022,2472083000,consolidated,,,2026,4
E05556,2023,1596815000,consolidated,,,2026,3
E05556,2024,2753446000,consolidated,,,2026,2
E05556,2025,3839428000,consolidated,,,2026,1
E05556,2026,5058738000,consolidated,1229,355,2026,0
E05561,2022,828757000,consolidated,,,2026,4
E05561,2023,1132636000,consolidated,,,2026,3
E05561,2024,1164016000,consolidated,,,2026,2
E05561,2025,1001623000,consolidated,,,2026,1
E05561,2026,1135337000,consolidated,698,343,2026,0
E05569,2022,117427000,consolidated,,,2026,4
E05569,2023,217640000,consolidated,,,2026,3
E05569,2024,226426000,consolidated,,,2026,2
E05569,2025,330073000,consolidated,,,2026,1
E05569,2026,212207000,consolidated,430,281,2026,0
E05579,2022,841337000,consolidated,,,2026,4
E05579,2023,960756000,consolidated,,,2026,3
E05579,2024,938676000,consolidated,,,2026,2
E05579,2025,905691000,consolidated,,,2026,1
E05579,2026,748659000,consolidated,540,391,2026,0
E05593,2022,470748000,consolidated,,,2026,4
E05593,2023,476169000,consolidated,,,2026,3
E05593,2024,665884000,nonconsolidated,,,2026,2
E05593,2025,828649000,nonconsolidated,,,2026,1
E05593,2026,980046000,nonconsolidated,,459,2026,0
E05617,2022,17626000000,consolidated,,,2026,4
E05617,2023,18250000000,consolidated,,,2026,3
E05617,2024,15669000000,consolidated,,,2026,2
E05617,2025,26511000000,consolidated,,,2026,1
E05617,2026,24700000000,consolidated,2116,1316,2026,0
E05645,2022,8173000000,consolidated,,,2026,4
E05645,2023,-1722000000,consolidated,,,2026,3
E05645,2024,1758000000,consolidated,,,2026,2
E05645,2025,-541000000,consolidated,,,2026,1
E05645,2026,-5501000000,consolidated,179,170,2026,0
E05648,2022,362854000,consolidated,,,2026,4
E05648,2023,534742000,consolidated,,,2026,3
E05648,2024,737543000,consolidated,,,2026,2
E05648,2025,1023885000,consolidated,,,2026,1
E05648,2026,1003662000,consolidated,535,450,2026,0
E05657,2022,587935000,nonconsolidated,,,2026,4
E05657,2023,592281000,nonconsolidated,,,2026,3
E05657,2024,550939000,nonconsolidated,,,2026,2
E05657,2025,564414000,nonconsolidated,,,2026,1
E05657,2026,580228000,nonconsolidated,,855,2026,0
E05659,2022,1087821000,consolidated,,,2026,4
E05659,2023,1395806000,consolidated,,,2026,3
E05659,2024,1662726000,consolidated,,,2026,2
E05659,2025,1797849000,consolidated,,,2026,1
E05659,2026,1467906000,consolidated,480,170,2026,0
E05664,2022,1130737000,consolidated,,,2026,4
E05664,2023,1244139000,consolidated,,,2026,3
E05664,2024,1485161000,consolidated,,,2026,2
E05664,2025,1766299000,consolidated,,,2026,1
E05664,2026,2215608000,consolidated,645,640,2026,0
E05665,2022,3760382000,consolidated,,,2026,4
E05665,2023,4231150000,consolidated,,,2026,3
E05665,2024,4902670000,consolidated,,,2026,2
E05665,2025,5203026000,consolidated,,,2026,1
E05665,2026,5302824000,consolidated,194,190,2026,0
E05668,2022,120670000,consolidated,,,2026,4
E05668,2023,172115000,consolidated,,,2026,3
E05668,2024,307885000,consolidated,,,2026,2
E05668,2025,322594000,consolidated,,,2026,1
E05668,2026,401186000,consolidated,588,328,2026,0
E05669,2022,276454000,nonconsolidated,,,2026,4
E05669,2023,317374000,nonconsolidated,,,2026,3
E05669,2024,374037000,nonconsolidated,,,2026,2
E05669,2025,290075000,nonconsolidated,,,2026,1
E05669,2026,251259000,nonconsolidated,,130,2026,0
E05670,2022,78320000,nonconsolidated,,,2026,4
E05670,2023,53085000,nonconsolidated,,,2026,3
E05670,2024,57413000,nonconsolidated,,,2026,2
E05670,2025,-263911000,nonconsolidated,,,2026,1
E05670,2026,-309629000,nonconsolidated,,259,2026,0
E05677,2022,181071000,consolidated,,,2026,4
E05677,2023,23813000,consolidated,,,2026,3
E05677,2024,173759000,consolidated,,,2026,2
E05677,2025,250401000,consolidated,,,2026,1
E05677,2026,324626000,consolidated,148,148,2026,0
E05678,2022,4000000000,consolidated,,,2026,4
E05678,2023,4067000000,consolidated,,,2026,3
E05678,2024,4597000000,consolidated,,,2026,2
E05678,2025,4660000000,consolidated,,,2026,1
E05678,2026,4711000000,consolidated,1964,1667,2026,0
E05679,2022,509035000,consolidated,,,2026,4
E05679,2023,449606000,consolidated,,,2026,3
E05679,2024,604487000,consolidated,,,2026,2
E05679,2025,576724000,consolidated,,,2026,1
E05679,2026,659074000,consolidated,204,142,2026,0
E05682,2022,259597000,consolidated,,,2026,4
E05682,2023,150055000,consolidated,,,2026,3
E05682,2024,-76515000,consolidated,,,2026,2
E05682,2025,-50823000,nonconsolidated,,,2026,1
E05682,2026,32178000,nonconsolidated,,354,2026,0
E05685,2022,4716000000,consolidated,,,2026,4
E05685,2023,4479000000,consolidated,,,2026,3
E05685,2024,4882000000,consolidated,,,2026,2
E05685,2025,19190000000,consolidated,,,2026,1
E05685,2026,18820000000,consolidated,1592,748,2026,0
E05686,2022,2603990000,nonconsolidated,,,2026,4
E05686,2023,2824866000,nonconsolidated,,,2026,3
E05686,2024,2157505000,nonconsolidated,,,2026,2
E05686,2025,1978885000,nonconsolidated,,,2026,1
E05686,2026,1782487000,nonconsolidated,382,335,2026,0
E05688,2022,458521000,consolidated,,,2026,4
E05688,2023,507180000,consolidated,,,2026,3
E05688,2024,570398000,nonconsolidated,,,2026,2
E05688,2025,360166000,consolidated,,,2026,1
E05688,2026,324679000,consolidated,253,135,2026,0
E05691,2022,1399878000,nonconsolidated,,,2026,4
E05691,2023,1491834000,nonconsolidated,,,2026,3
E05691,2024,1387224000,nonconsolidated,,,2026,2
E05691,2025,1240982000,nonconsolidated,,,2026,1
E05691,2026,1419928000,nonconsolidated,,569,2026,0
E05694,2022,811514000,consolidated,,,2026,4
E05694,2023,765044000,consolidated,,,2026,3
E05694,2024,402041000,consolidated,,,2026,2
E05694,2025,599906000,consolidated,,,2026,1
E05694,2026,1414973000,consolidated,508,314,2026,0
E05697,2022,7726000000,consolidated,,,2026,4
E05697,2023,8759000000,consolidated,,,2026,3
E05697,2024,9901000000,consolidated,,,2026,2
E05697,2025,8357000000,consolidated,,,2026,1
E05697,2026,8721000000,consolidated,4660,3214,2026,0
E05698,2022,5954000000,consolidated,,,2026,4
E05698,2023,8834000000,consolidated,,,2026,3
E05698,2024,9397000000,consolidated,,,2026,2
E05698,2025,8268000000,consolidated,,,2026,1
E05698,2026,10831000000,consolidated,34772,247,2026,0
E05699,2022,236621000,nonconsolidated,,,2026,4
E05699,2023,325669000,nonconsolidated,,,2026,3
E05699,2024,661808000,nonconsolidated,,,2026,2
E05699,2025,563978000,nonconsolidated,,,2026,1
E05699,2026,553318000,nonconsolidated,145,115,2026,0
E05700,2022,1687434000,consolidated,,,2026,4
E05700,2023,-1292518000,consolidated,,,2026,3
E05700,2024,-168112000,consolidated,,,2026,2
E05700,2025,543866000,consolidated,,,2026,1
E05700,2026,675093000,consolidated,272,170,2026,0
E05701,2022,75764000,consolidated,,,2026,4
E05701,2023,187594000,consolidated,,,2026,3
E05701,2024,62700000,consolidated,,,2026,2
E05701,2025,84720000,consolidated,,,2026,1
E05701,2026,2031000,consolidated,192,100,2026,0
E05714,2022,79886000000,consolidated,,,2026,4
E05714,2023,122370000000,consolidated,,,2026,3
E05714,2024,54358000000,consolidated,,,2026,2
E05714,2025,44889000000,consolidated,,,2026,1
E05714,2026,84584000000,consolidated,14042,267,2026,0
E05719,2022,90943000,consolidated,,,2026,4
E05719,2023,-76179000,consolidated,,,2026,3
E05719,2024,87649000,consolidated,,,2026,2
E05719,2025,92889000,consolidated,,,2026,1
E05719,2026,-213688000,consolidated,199,106,2026,0
E05725,2022,49655000000,consolidated,,,2026,4
E05725,2023,56716000000,consolidated,,,2026,3
E05725,2024,59764000000,consolidated,,,2026,2
E05725,2025,64888000000,consolidated,,,2026,1
E05725,2026,69261000000,consolidated,1894,1662,2026,0
E05736,2022,205261000,nonconsolidated,,,2026,4
E05736,2023,280393000,nonconsolidated,,,2026,3
E05736,2024,144083000,nonconsolidated,,,2026,2
E05736,2025,83093000,nonconsolidated,,,2026,1
E05736,2026,337491000,nonconsolidated,,171,2026,0
E05739,2022,55710000000,consolidated,,,2026,4
E05739,2023,63204000000,consolidated,,,2026,3
E05739,2024,68553000000,consolidated,,,2026,2
E05739,2025,70503000000,consolidated,,,2026,1
E05739,2026,76511000000,consolidated,21598,6066,2026,0
E06141,2022,590897000000,consolidated,,,2026,4
E06141,2023,387500000000,consolidated,,,2026,3
E06141,2024,539006000000,consolidated,,,2026,2
E06141,2025,755728000000,consolidated,,,2026,1
E06141,2026,753688000000,consolidated,60138,702,2026,0
E07801,2022,33978000000,nonconsolidated,,,2026,4
E07801,2023,406315000000,nonconsolidated,,,2026,3
E07801,2024,139488000000,nonconsolidated,,,2026,2
E07801,2025,603655000000,nonconsolidated,,,2026,1
E07801,2026,687461000000,nonconsolidated,45586,130,2026,0
E07846,2022,53755000000,consolidated,,,2026,4
E07846,2023,60531000000,consolidated,,,2026,3
E07846,2024,71762000000,consolidated,,,2026,2
E07846,2025,78583000000,consolidated,,,2026,1
E07846,2026,91219000000,consolidated,4407,1579,2026,0
E08587,2022,277000000,consolidated,,,2026,4
E08587,2023,-4364000000,consolidated,,,2026,3
E08587,2024,-4291000000,consolidated,,,2026,2
E08587,2025,1456000000,consolidated,,,2026,1
E08587,2026,2406000000,consolidated,7586,5147,2026,0
E09753,2022,40551000000,nonconsolidated,,,2026,4
E09753,2023,41456000000,consolidated,,,2026,3
E09753,2024,41581000000,consolidated,,,2026,2
E09753,2025,44518000000,consolidated,,,2026,1
E09753,2026,46554000000,consolidated,378,319,2026,0
E11661,2022,3707246000,consolidated,,,2026,4
E11661,2023,2179782000,consolidated,,,2026,3
E11661,2024,3735265000,consolidated,,,2026,2
E11661,2025,2280814000,consolidated,,,2026,1
E11661,2026,3302325000,consolidated,565,512,2026,0
E11701,2022,86134000000,consolidated,,,2026,4
E11701,2023,135387000000,consolidated,,,2026,3
E11701,2024,147844000000,consolidated,,,2026,2
E11701,2025,113380000000,consolidated,,,2026,1
E11701,2026,202495000000,consolidated,1955,1324,2026,0
E11873,2022,14490000000,consolidated,,,2026,4
E11873,2023,-24530000000,consolidated,,,2026,3
E11873,2024,14550000000,consolidated,,,2026,2
E11873,2025,15505000000,consolidated,,,2026,1
E11873,2026,23098000000,consolidated,15042,5028,2026,0
E21261,2022,49484000000,consolidated,,,2026,4
E21261,2023,53693000000,consolidated,,,2026,3
E21261,2024,50282000000,consolidated,,,2026,2
E21261,2025,38859000000,nonconsolidated,,,2026,1
E21261,2026,55448000000,nonconsolidated,74926,761,2026,0
E21320,2022,1992000000,nonconsolidated,,,2026,4
E21320,2023,6968000000,nonconsolidated,,,2026,3
E21320,2024,9399000000,nonconsolidated,,,2026,2
E21320,2025,14704000000,nonconsolidated,,,2026,1
E21320,2026,5317000000,nonconsolidated,15229,3125,2026,0
E21514,2022,655878000,consolidated,,,2026,4
E21514,2023,727777000,consolidated,,,2026,3
E21514,2024,711125000,consolidated,,,2026,2
E21514,2025,758557000,consolidated,,,2026,1
E21514,2026,965205000,consolidated,841,766,2026,0
E21553,2022,-379068000,consolidated,,,2026,4
E21553,2023,-599747000,consolidated,,,2026,3
E21553,2024,-773285000,consolidated,,,2026,2
E21553,2025,-503530000,consolidated,,,2026,1
E21553,2026,10299000,consolidated,365,239,2026,0
E21706,2022,1183594000,consolidated,,,2026,4
E21706,2023,1283325000,consolidated,,,2026,3
E21706,2024,790037000,consolidated,,,2026,2
E21706,2025,-498576000,consolidated,,,2026,1
E21706,2026,-2023129000,consolidated,577,280,2026,0
E21815,2022,183805000,consolidated,,,2026,4
E21815,2023,-332472000,consolidated,,,2026,3
E21815,2024,1443985000,consolidated,,,2026,2
E21815,2025,747510000,consolidated,,,2026,1
E21815,2026,1298506000,consolidated,570,184,2026,0
E21902,2022,93985000000,consolidated,,,2026,4
E21902,2023,74160000000,consolidated,,,2026,3
E21902,2024,76020000000,consolidated,,,2026,2
E21902,2025,82013000000,consolidated,,,2026,1
E21902,2026,96571000000,consolidated,17103,298,2026,0
E21951,2022,30604000000,consolidated,,,2026,4
E21951,2023,31426000000,consolidated,,,2026,3
E21951,2024,22356000000,consolidated,,,2026,2
E21951,2025,33018000000,consolidated,,,2026,1
E21951,2026,40409000000,consolidated,3587,3299,2026,0
E22460,2022,48696000000,consolidated,,,2026,4
E22460,2023,39899000000,consolidated,,,2026,3
E22460,2024,45741000000,consolidated,,,2026,2
E22460,2025,49988000000,consolidated,,,2026,1
E22460,2026,57000000000,consolidated,2835,121,2026,0
E22509,2022,1152374000,nonconsolidated,,,2026,4
E22509,2023,1053635000,nonconsolidated,,,2026,3
E22509,2024,1450000000,nonconsolidated,,,2026,2
E22509,2025,1510139000,nonconsolidated,,,2026,1
E22509,2026,1274408000,nonconsolidated,,185,2026,0
E23187,2022,6572000000,consolidated,,,2026,4
E23187,2023,5543000000,consolidated,,,2026,3
E23187,2024,3568000000,consolidated,,,2026,2
E23187,2025,4209000000,consolidated,,,2026,1
E23187,2026,5461000000,consolidated,1376,211,2026,0
E23202,2022,19987000000,consolidated,,,2026,4
E23202,2023,14480000000,consolidated,,,2026,3
E23202,2024,19888000000,consolidated,,,2026,2
E23202,2025,20262000000,consolidated,,,2026,1
E23202,2026,20486000000,consolidated,5844,3172,2026,0
E23224,2022,9481000000,nonconsolidated,,,2026,4
E23224,2023,7100000000,consolidated,,,2026,3
E23224,2024,13429000000,consolidated,,,2026,2
E23224,2025,8006000000,consolidated,,,2026,1
E23224,2026,17815000000,consolidated,1308,1210,2026,0
E23245,2022,6711000000,consolidated,,,2026,4
E23245,2023,12043000000,consolidated,,,2026,3
E23245,2024,9690000000,consolidated,,,2026,2
E23245,2025,9559000000,consolidated,,,2026,1
E23245,2026,13762000000,consolidated,4637,1234,2026,0
E23479,2022,301299000,consolidated,,,2026,4
E23479,2023,-127071000,consolidated,,,2026,3
E23479,2024,43983000,consolidated,,,2026,2
E23479,2025,172344000,consolidated,,,2026,1
E23479,2026,281785000,consolidated,717,713,2026,0
E23582,2022,-387312000000,nonconsolidated,,,2026,4
E23582,2023,-268760000000,nonconsolidated,,,2026,3
E23582,2024,-82246000000,nonconsolidated,,,2026,2
E23582,2025,-200746000000,nonconsolidated,,,2026,1
E23582,2026,-292577000000,nonconsolidated,,7368,2026,0
E23818,2022,3252666000,consolidated,,,2026,4
E23818,2023,-1635719000,consolidated,,,2026,3
E23818,2024,1446721000,consolidated,,,2026,2
E23818,2025,1056980000,consolidated,,,2026,1
E23818,2026,537620000,consolidated,659,613,2026,0
E23871,2022,955223000,consolidated,,,2026,4
E23871,2023,-405590000,consolidated,,,2026,3
E23871,2024,1709382000,consolidated,,,2026,2
E23871,2025,369585000,consolidated,,,2026,1
E23871,2026,2886813000,consolidated,1506,588,2026,0
E23924,2022,315512000000,consolidated,,,2026,4
E23924,2023,49504000000,consolidated,,,2026,3
E23924,2024,488034000000,consolidated,,,2026,2
E23924,2025,552924000000,consolidated,,,2026,1
E23924,2026,327451000000,nonconsolidated,55702,497,2026,0
E24050,2022,137657000000,nonconsolidated,,,2026,4
E24050,2023,212299000000,nonconsolidated,,,2026,3
E24050,2024,-336000000,nonconsolidated,,,2026,2
E24050,2025,157302000000,nonconsolidated,,,2026,1
E24050,2026,60440000000,nonconsolidated,34099,1207,2026,0
E24453,2022,1208000000,consolidated,,,2026,4
E24453,2023,537000000,consolidated,,,2026,3
E24453,2024,544000000,consolidated,,,2026,2
E24453,2025,-283000000,consolidated,,,2026,1
E24453,2026,481000000,consolidated,172,130,2026,0
E24457,2022,1242594000,consolidated,,,2026,4
E24457,2023,2507109000,consolidated,,,2026,3
E24457,2024,1233744000,consolidated,,,2026,2
E24457,2025,2523882000,consolidated,,,2026,1
E24457,2026,6294427000,consolidated,585,562,2026,0
E24545,2022,9159000000,consolidated,,,2026,4
E24545,2023,9378000000,consolidated,,,2026,3
E24545,2024,9599000000,consolidated,,,2026,2
E24545,2025,8255000000,consolidated,,,2026,1
E24545,2026,11937000000,consolidated,1672,103,2026,0
E24558,2022,34152000000,consolidated,,,2026,4
E24558,2023,22384000000,consolidated,,,2026,3
E24558,2024,18690000000,consolidated,,,2026,2
E24558,2025,27470000000,consolidated,,,2026,1
E24558,2026,36517000000,consolidated,17709,3589,2026,0
E25263,2022,981938000,consolidated,,,2026,4
E25263,2023,910907000,consolidated,,,2026,3
E25263,2024,1286481000,consolidated,,,2026,2
E25263,2025,1900227000,consolidated,,,2026,1
E25263,2026,2508634000,consolidated,1109,846,2026,0
E25282,2022,2777630000,consolidated,,,2026,4
E25282,2023,3950060000,consolidated,,,2026,3
E25282,2024,5180276000,consolidated,,,2026,2
E25282,2025,5817169000,consolidated,,,2026,1
E25282,2026,8232320000,consolidated,1195,807,2026,0
E25303,2022,26938000000,consolidated,,,2026,4
E25303,2023,23460000000,consolidated,,,2026,3
E25303,2024,31155000000,consolidated,,,2026,2
E25303,2025,29844000000,consolidated,,,2026,1
E25303,2026,27091000000,consolidated,6974,3711,2026,0
E25386,2022,3479875000,consolidated,,,2026,4
E25386,2023,4201547000,consolidated,,,2026,3
E25386,2024,3879027000,consolidated,,,2026,2
E25386,2025,4059431000,consolidated,,,2026,1
E25386,2026,3611030000,consolidated,3522,234,2026,0
E25648,2022,2266000000,nonconsolidated,,,2026,4
E25648,2023,1647000000,nonconsolidated,,,2026,3
E25648,2024,485000000,nonconsolidated,,,2026,2
E25648,2025,6730000000,nonconsolidated,,,2026,1
E25648,2026,7737000000,nonconsolidated,755,450,2026,0
E26061,2022,1734000000,consolidated,,,2026,4
E26061,2023,2248000000,consolidated,,,2026,3
E26061,2024,2382000000,consolidated,,,2026,2
E26061,2025,4145000000,consolidated,,,2026,1
E26061,2026,4783000000,consolidated,851,256,2026,0
E26084,2022,-6054000000,nonconsolidated,,,2026,4
E26084,2023,-704000000,nonconsolidated,,,2026,3
E26084,2024,1060000000,nonconsolidated,,,2026,2
E26084,2025,1933000000,nonconsolidated,,,2026,1
E26084,2026,684000000,nonconsolidated,,806,2026,0
E26124,2022,9712000000,consolidated,,,2026,4
E26124,2023,11307000000,consolidated,,,2026,3
E26124,2024,8230000000,consolidated,,,2026,2
E26124,2025,11340000000,consolidated,,,2026,1
E26124,2026,15123000000,consolidated,1646,455,2026,0
E26290,2022,781000000,consolidated,,,2026,4
E26290,2023,1054000000,consolidated,,,2026,3
E26290,2024,840000000,consolidated,,,2026,2
E26290,2025,563000000,consolidated,,,2026,1
E26290,2026,1060000000,consolidated,669,191,2026,0
E26327,2022,-3245000000,nonconsolidated,,,2026,4
E26327,2023,-4934000000,nonconsolidated,,,2026,3
E26327,2024,-4670000000,nonconsolidated,,,2026,2
E26327,2025,-3027000000,nonconsolidated,,,2026,1
E26327,2026,2857000000,nonconsolidated,242,242,2026,0
E26705,2022,1331547000,consolidated,,,2026,4
E26705,2023,882708000,consolidated,,,2026,3
E26705,2024,-1163516000,consolidated,,,2026,2
E26705,2025,1884613000,consolidated,,,2026,1
E26705,2026,2206483000,consolidated,5730,,2026,0
E26713,2022,4172000000,consolidated,,,2026,4
E26713,2023,4704000000,consolidated,,,2026,3
E26713,2024,8017000000,consolidated,,,2026,2
E26713,2025,6302000000,consolidated,,,2026,1
E26713,2026,10084000000,consolidated,2614,1887,2026,0
E26837,2022,17391000000,consolidated,,,2026,4
E26837,2023,156518000000,consolidated,,,2026,3
E26837,2024,63265000000,consolidated,,,2026,2
E26837,2025,82683000000,consolidated,,,2026,1
E26837,2026,136413000000,consolidated,886,866,2026,0
E26839,2022,4441111000,consolidated,,,2026,4
E26839,2023,7645743000,consolidated,,,2026,3
E26839,2024,3280944000,consolidated,,,2026,2
E26839,2025,2700899000,consolidated,,,2026,1
E26839,2026,3915136000,consolidated,932,706,2026,0
E26914,2022,275712000,consolidated,,,2026,4
E26914,2023,335256000,consolidated,,,2026,3
E26914,2024,257525000,consolidated,,,2026,2
E26914,2025,279465000,consolidated,,,2026,1
E26914,2026,-95685000,consolidated,691,480,2026,0
E26933,2022,591790000,consolidated,,,2026,4
E26933,2023,1022238000,consolidated,,,2026,3
E26933,2024,773946000,consolidated,,,2026,2
E26933,2025,991738000,consolidated,,,2026,1
E26933,2026,724516000,consolidated,277,204,2026,0
E27051,2022,3187055000,nonconsolidated,,,2026,4
E27051,2023,2439450000,nonconsolidated,,,2026,3
E27051,2024,3344107000,nonconsolidated,,,2026,2
E27051,2025,3368170000,nonconsolidated,,,2026,1
E27051,2026,2491365000,nonconsolidated,,260,2026,0
E27063,2022,3007000000,consolidated,,,2026,4
E27063,2023,2394000000,consolidated,,,2026,3
E27063,2024,1421000000,consolidated,,,2026,2
E27063,2025,1613000000,consolidated,,,2026,1
E27063,2026,2201000000,consolidated,3480,660,2026,0
E27235,2022,192497000,consolidated,,,2026,4
E27235,2023,192751000,consolidated,,,2026,3
E27235,2024,285828000,nonconsolidated,,,2026,2
E27235,2025,301887000,nonconsolidated,,,2026,1
E27235,2026,476361000,nonconsolidated,,177,2026,0
E27260,2022,4153000000,consolidated,,,2026,4
E27260,2023,2810000000,consolidated,,,2026,3
E27260,2024,4420000000,consolidated,,,2026,2
E27260,2025,6561000000,consolidated,,,2026,1
E27260,2026,6840000000,consolidated,8196,916,2026,0
E27273,2022,545599000,consolidated,,,2026,4
E27273,2023,-191308000,consolidated,,,2026,3
E27273,2024,935222000,consolidated,,,2026,2
E27273,2025,1167758000,consolidated,,,2026,1
E27273,2026,1982597000,consolidated,789,339,2026,0
E27303,2022,1348426000,consolidated,,,2026,4
E27303,2023,1395879000,consolidated,,,2026,3
E27303,2024,985327000,consolidated,,,2026,2
E27303,2025,1161849000,consolidated,,,2026,1
E27303,2026,837313000,consolidated,1013,983,2026,0
E27506,2022,285272000,nonconsolidated,,,2026,4
E27506,2023,430037000,nonconsolidated,,,2026,3
E27506,2024,406184000,nonconsolidated,,,2026,2
E27506,2025,253161000,consolidated,,,2026,1
E27506,2026,427424000,consolidated,467,448,2026,0
E27624,2022,2742000000,consolidated,,,2026,4
E27624,2023,2910000000,consolidated,,,2026,3
E27624,2024,3600000000,consolidated,,,2026,2
E27624,2025,3320000000,consolidated,,,2026,1
E27624,2026,3755000000,consolidated,1075,543,2026,0
E27633,2022,72834000000,consolidated,,,2026,4
E27633,2023,99558000000,consolidated,,,2026,3
E27633,2024,110391000000,consolidated,,,2026,2
E27633,2025,129152000000,consolidated,,,2026,1
E27633,2026,147803000000,consolidated,21036,105,2026,0
E27759,2022,64587000000,nonconsolidated,,,2026,4
E27759,2023,40309000000,nonconsolidated,,,2026,3
E27759,2024,39106000000,nonconsolidated,,,2026,2
E27759,2025,39594000000,nonconsolidated,,,2026,1
E27759,2026,42925000000,nonconsolidated,14217,109,2026,0
E30047,2022,2336000000,nonconsolidated,,,2026,4
E30047,2023,1241000000,nonconsolidated,,,2026,3
E30047,2024,2950000000,nonconsolidated,,,2026,2
E30047,2025,1770000000,nonconsolidated,,,2026,1
E30047,2026,2552000000,nonconsolidated,1350,226,2026,0
E30066,2022,1175380000,consolidated,,,2026,4
E30066,2023,1151184000,consolidated,,,2026,3
E30066,2024,961945000,consolidated,,,2026,2
E30066,2025,1152338000,consolidated,,,2026,1
E30066,2026,917602000,consolidated,224,147,2026,0
E30085,2022,350606000,nonconsolidated,,,2026,4
E30085,2023,244587000,nonconsolidated,,,2026,3
E30085,2024,321331000,nonconsolidated,,,2026,2
E30085,2025,303146000,nonconsolidated,,,2026,1
E30085,2026,315580000,nonconsolidated,,124,2026,0
E30140,2022,1950000000,nonconsolidated,,,2026,4
E30140,2023,1609000000,nonconsolidated,,,2026,3
E30140,2024,653000000,nonconsolidated,,,2026,2
E30140,2025,203000000,nonconsolidated,,,2026,1
E30140,2026,1639000000,nonconsolidated,9005,105,2026,0
E30438,2022,-985000000,consolidated,,,2026,4
E30438,2023,2864000000,consolidated,,,2026,3
E30438,2024,8775000000,consolidated,,,2026,2
E30438,2025,9688000000,consolidated,,,2026,1
E30438,2026,10709000000,consolidated,5712,2647,2026,0
E30451,2022,514317000,nonconsolidated,,,2026,4
E30451,2023,436792000,nonconsolidated,,,2026,3
E30451,2024,352663000,nonconsolidated,,,2026,2
E30451,2025,731006000,nonconsolidated,,,2026,1
E30451,2026,703947000,nonconsolidated,,903,2026,0
E30479,2022,4124574000,consolidated,,,2026,4
E30479,2023,3981298000,consolidated,,,2026,3
E30479,2024,-2452114000,consolidated,,,2026,2
E30479,2025,-820277000,consolidated,,,2026,1
E30479,2026,1268516000,consolidated,1014,181,2026,0
E30481,2022,-7964000000,consolidated,,,2026,4
E30481,2023,-42924000000,consolidated,,,2026,3
E30481,2024,-33188000000,consolidated,,,2026,2
E30481,2025,-40415000000,consolidated,,,2026,1
E30481,2026,-30462000000,consolidated,2333,1214,2026,0
E30692,2022,380687000,consolidated,,,2026,4
E30692,2023,383320000,consolidated,,,2026,3
E30692,2024,345594000,consolidated,,,2026,2
E30692,2025,267967000,consolidated,,,2026,1
E30692,2026,479499000,consolidated,204,116,2026,0
E30728,2022,5067000000,consolidated,,,2026,4
E30728,2023,1711000000,consolidated,,,2026,3
E30728,2024,7737000000,consolidated,,,2026,2
E30728,2025,6789000000,consolidated,,,2026,1
E30728,2026,8612000000,consolidated,935,586,2026,0
E30731,2022,20213000000,consolidated,,,2026,4
E30731,2023,26669000000,consolidated,,,2026,3
E30731,2024,20236000000,consolidated,,,2026,2
E30731,2025,17742000000,consolidated,,,2026,1
E30731,2026,11701000000,consolidated,7332,2471,2026,0
E30877,2022,156236000,consolidated,,,2026,4
E30877,2023,247404000,consolidated,,,2026,3
E30877,2024,540929000,consolidated,,,2026,2
E30877,2025,880538000,consolidated,,,2026,1
E30877,2026,1458655000,consolidated,236,172,2026,0
E30908,2022,2201782000,nonconsolidated,,,2026,4
E30908,2023,2426044000,nonconsolidated,,,2026,3
E30908,2024,2279071000,nonconsolidated,,,2026,2
E30908,2025,3236333000,nonconsolidated,,,2026,1
E30908,2026,3512721000,consolidated,215,146,2026,0
E30909,2022,114000000,nonconsolidated,,,2026,4
E30909,2023,73000000,nonconsolidated,,,2026,3
E30909,2024,46000000,nonconsolidated,,,2026,2
E30909,2025,-12000000,nonconsolidated,,,2026,1
E30909,2026,144000000,nonconsolidated,,151,2026,0
E30917,2022,1317111000,consolidated,,,2026,4
E30917,2023,915030000,consolidated,,,2026,3
E30917,2024,1415607000,consolidated,,,2026,2
E30917,2025,2669980000,consolidated,,,2026,1
E30917,2026,2535150000,consolidated,757,184,2026,0
E30918,2022,1485545000,consolidated,,,2026,4
E30918,2023,1634990000,consolidated,,,2026,3
E30918,2024,1844116000,consolidated,,,2026,2
E30918,2025,1862328000,consolidated,,,2026,1
E30918,2026,1950172000,consolidated,417,398,2026,0
E30982,2022,1448503000,nonconsolidated,,,2026,4
E30982,2023,911559000,nonconsolidated,,,2026,3
E30982,2024,1503412000,nonconsolidated,,,2026,2
E30982,2025,1018017000,nonconsolidated,,,2026,1
E30982,2026,1466925000,nonconsolidated,,191,2026,0
E30993,2022,129544000,consolidated,,,2026,4
E30993,2023,227650000,consolidated,,,2026,3
E30993,2024,-345871000,consolidated,,,2026,2
E30993,2025,-40715000,consolidated,,,2026,1
E30993,2026,247350000,consolidated,130,104,2026,0
E31009,2022,1149365000,nonconsolidated,,,2026,4
E31009,2023,1103600000,nonconsolidated,,,2026,3
E31009,2024,1315648000,consolidated,,,2026,2
E31009,2025,1405614000,consolidated,,,2026,1
E31009,2026,2197457000,consolidated,639,613,2026,0
E31012,2022,1067505000,nonconsolidated,,,2026,4
E31012,2023,1537291000,nonconsolidated,,,2026,3
E31012,2024,1104883000,nonconsolidated,,,2026,2
E31012,2025,844892000,nonconsolidated,,,2026,1
E31012,2026,693429000,nonconsolidated,,146,2026,0
E31064,2022,8751000000,consolidated,,,2026,4
E31064,2023,9068000000,consolidated,,,2026,3
E31064,2024,10490000000,consolidated,,,2026,2
E31064,2025,9951000000,consolidated,,,2026,1
E31064,2026,13175000000,consolidated,3427,1850,2026,0
E31065,2022,13761000000,consolidated,,,2026,4
E31065,2023,15234000000,consolidated,,,2026,3
E31065,2024,-18388000000,consolidated,,,2026,2
E31065,2025,7740000000,consolidated,,,2026,1
E31065,2026,5637000000,nonconsolidated,302,185,2026,0
E31079,2022,714087000,consolidated,,,2026,4
E31079,2023,1174844000,consolidated,,,2026,3
E31079,2024,1448825000,consolidated,,,2026,2
E31079,2025,1664129000,consolidated,,,2026,1
E31079,2026,1669064000,consolidated,828,588,2026,0
E31220,2022,942000000,nonconsolidated,,,2026,4
E31220,2023,1383000000,nonconsolidated,,,2026,3
E31220,2024,2316000000,nonconsolidated,,,2026,2
E31220,2025,2001000000,nonconsolidated,,,2026,1
E31220,2026,5046000000,nonconsolidated,,259,2026,0
E31381,2022,438507000,consolidated,,,2026,4
E31381,2023,534085000,consolidated,,,2026,3
E31381,2024,489781000,consolidated,,,2026,2
E31381,2025,720245000,consolidated,,,2026,1
E31381,2026,1142017000,consolidated,328,251,2026,0
E31560,2022,10055000000,consolidated,,,2026,4
E31560,2023,11755000000,consolidated,,,2026,3
E31560,2024,8225000000,consolidated,,,2026,2
E31560,2025,9567000000,consolidated,,,2026,1
E31560,2026,11021000000,consolidated,4493,1946,2026,0
E31594,2022,1202000000,consolidated,,,2026,4
E31594,2023,1225000000,consolidated,,,2026,3
E31594,2024,882000000,consolidated,,,2026,2
E31594,2025,603000000,consolidated,,,2026,1
E31594,2026,883000000,consolidated,1078,845,2026,0
E31626,2022,340756000,consolidated,,,2026,4
E31626,2023,389409000,consolidated,,,2026,3
E31626,2024,-87383000,consolidated,,,2026,2
E31626,2025,208390000,consolidated,,,2026,1
E31626,2026,135638000,consolidated,273,219,2026,0
E31632,2022,233097000000,consolidated,,,2026,4
E31632,2023,164505000000,consolidated,,,2026,3
E31632,2024,161615000000,consolidated,,,2026,2
E31632,2025,150758000000,consolidated,,,2026,1
E31632,2026,149247000000,consolidated,6675,267,2026,0
E31633,2022,25023000000,consolidated,,,2026,4
E31633,2023,30174000000,consolidated,,,2026,3
E31633,2024,30028000000,consolidated,,,2026,2
E31633,2025,37197000000,consolidated,,,2026,1
E31633,2026,36892000000,nonconsolidated,1802,1344,2026,0
E31748,2022,991464000000,consolidated,,,2026,4
E31748,2023,657663000000,consolidated,,,2026,3
E31748,2024,668316000000,consolidated,,,2026,2
E31748,2025,814596000000,consolidated,,,2026,1
E31748,2026,1074966000000,consolidated,224438,1261,2026,0
E31775,2022,490891000000,consolidated,,,2026,4
E31775,2023,455566000000,consolidated,,,2026,3
E31775,2024,496059000000,consolidated,,,2026,2
E31775,2025,584533000000,consolidated,,,2026,1
E31775,2026,759150000000,consolidated,10771,10659,2026,0
E31855,2022,-218900000,consolidated,,,2026,4
E31855,2023,-230177000,consolidated,,,2026,3
E31855,2024,27238000,nonconsolidated,,,2026,2
E31855,2025,-99541000,nonconsolidated,,,2026,1
E31855,2026,32253000,nonconsolidated,,279,2026,0
E31878,2022,1595000000,consolidated,,,2026,4
E31878,2023,1677000000,consolidated,,,2026,3
E31878,2024,5610000000,consolidated,,,2026,2
E31878,2025,10218000000,consolidated,,,2026,1
E31878,2026,17440000000,consolidated,3569,2190,2026,0
E31905,2022,587704000,nonconsolidated,,,2026,4
E31905,2023,677471000,nonconsolidated,,,2026,3
E31905,2024,551069000,nonconsolidated,,,2026,2
E31905,2025,173858000,nonconsolidated,,,2026,1
E31905,2026,415342000,nonconsolidated,,135,2026,0
E31936,2022,-541434000,consolidated,,,2026,4
E31936,2023,-1695000,consolidated,,,2026,3
E31936,2024,-164949000,consolidated,,,2026,2
E31936,2025,-101377000,consolidated,,,2026,1
E31936,2026,-34159000,consolidated,191,181,2026,0
E31955,2022,137592000,consolidated,,,2026,4
E31955,2023,-201373000,consolidated,,,2026,3
E31955,2024,-27335000,consolidated,,,2026,2
E31955,2025,72685000,consolidated,,,2026,1
E31955,2026,205426000,consolidated,153,105,2026,0
E31958,2022,90245000,consolidated,,,2026,4
E31958,2023,-14351000,consolidated,,,2026,3
E31958,2024,95990000,consolidated,,,2026,2
E31958,2025,165299000,consolidated,,,2026,1
E31958,2026,540905000,consolidated,240,151,2026,0
E31979,2022,23203000000,consolidated,,,2026,4
E31979,2023,18467000000,consolidated,,,2026,3
E31979,2024,10130000000,consolidated,,,2026,2
E31979,2025,15124000000,consolidated,,,2026,1
E31979,2026,24963000000,consolidated,2897,1536,2026,0
E31997,2022,625215000,consolidated,,,2026,4
E31997,2023,570173000,consolidated,,,2026,3
E31997,2024,331604000,consolidated,,,2026,2
E31997,2025,105507000,consolidated,,,2026,1
E31997,2026,-85385000,consolidated,630,589,2026,0
E32022,2022,82257000000,consolidated,,,2026,4
E32022,2023,79870000000,consolidated,,,2026,3
E32022,2024,77004000000,consolidated,,,2026,2
E32022,2025,122764000000,consolidated,,,2026,1
E32022,2026,155018000000,consolidated,6313,701,2026,0
E32069,2022,28596000000,consolidated,,,2026,4
E32069,2023,26044000000,consolidated,,,2026,3
E32069,2024,26036000000,consolidated,,,2026,2
E32069,2025,20750000000,consolidated,,,2026,1
E32069,2026,30395000000,consolidated,6805,777,2026,0
E32158,2022,2040363000,nonconsolidated,,,2026,4
E32158,2023,1871106000,nonconsolidated,,,2026,3
E32158,2024,1292009000,consolidated,,,2026,2
E32158,2025,2247576000,consolidated,,,2026,1
E32158,2026,2783213000,consolidated,142,138,2026,0
E32159,2022,1532960000,consolidated,,,2026,4
E32159,2023,1019673000,consolidated,,,2026,3
E32159,2024,899640000,consolidated,,,2026,2
E32159,2025,1236356000,consolidated,,,2026,1
E32159,2026,1520213000,consolidated,279,193,2026,0
E32169,2022,2093000000,consolidated,,,2026,4
E32169,2023,1179000000,consolidated,,,2026,3
E32169,2024,1233000000,consolidated,,,2026,2
E32169,2025,1646000000,consolidated,,,2026,1
E32169,2026,1107000000,consolidated,5596,229,2026,0
E32189,2022,2992500000,consolidated,,,2026,4
E32189,2023,3745285000,consolidated,,,2026,3
E32189,2024,6222230000,consolidated,,,2026,2
E32189,2025,6517093000,consolidated,,,2026,1
E32189,2026,6724611000,consolidated,1146,790,2026,0
E32198,2022,286820000,consolidated,,,2026,4
E32198,2023,348882000,consolidated,,,2026,3
E32198,2024,296077000,consolidated,,,2026,2
E32198,2025,382954000,consolidated,,,2026,1
E32198,2026,273249000,consolidated,185,172,2026,0
E32225,2022,446968000,consolidated,,,2026,4
E32225,2023,-449626000,consolidated,,,2026,3
E32225,2024,-335701000,consolidated,,,2026,2
E32225,2025,-277599000,consolidated,,,2026,1
E32225,2026,311666000,consolidated,153,120,2026,0
E32292,2022,160289000000,consolidated,,,2026,4
E32292,2023,137941000000,consolidated,,,2026,3
E32292,2024,90850000000,consolidated,,,2026,2
E32292,2025,88867000000,consolidated,,,2026,1
E32292,2026,91782000000,consolidated,60483,242,2026,0
E32405,2022,-16731978000,consolidated,,,2026,4
E32405,2023,160416000,consolidated,,,2026,3
E32405,2024,228187000,consolidated,,,2026,2
E32405,2025,295468000,consolidated,,,2026,1
E32405,2026,346847000,consolidated,217,209,2026,0
E32412,2022,1946154000,consolidated,,,2026,4
E32412,2023,2465952000,consolidated,,,2026,3
E32412,2024,2611618000,consolidated,,,2026,2
E32412,2025,3097233000,consolidated,,,2026,1
E32412,2026,3590726000,consolidated,576,451,2026,0
E32420,2022,621242000,nonconsolidated,,,2026,4
E32420,2023,364634000,nonconsolidated,,,2026,3
E32420,2024,790253000,nonconsolidated,,,2026,2
E32420,2025,938088000,nonconsolidated,,,2026,1
E32420,2026,1366200000,nonconsolidated,,277,2026,0
E32448,2022,1761335000,consolidated,,,2026,4
E32448,2023,1709039000,consolidated,,,2026,3
E32448,2024,2994155000,consolidated,,,2026,2
E32448,2025,2914313000,consolidated,,,2026,1
E32448,2026,3753124000,consolidated,1810,222,2026,0
E32620,2022,66000000,nonconsolidated,,,2026,4
E32620,2023,669000000,nonconsolidated,,,2026,3
E32620,2024,11095000000,nonconsolidated,,,2026,2
E32620,2025,4782000000,nonconsolidated,,,2026,1
E32620,2026,5737000000,nonconsolidated,1439,108,2026,0
E32647,2022,452773000,consolidated,,,2026,4
E32647,2023,878197000,consolidated,,,2026,3
E32647,2024,1036215000,consolidated,,,2026,2
E32647,2025,1086368000,consolidated,,,2026,1
E32647,2026,614074000,consolidated,258,202,2026,0
E32679,2022,9237000000,consolidated,,,2026,4
E32679,2023,35700000000,consolidated,,,2026,3
E32679,2024,48936000000,consolidated,,,2026,2
E32679,2025,59571000000,consolidated,,,2026,1
E32679,2026,74032000000,consolidated,15365,6483,2026,0
E32763,2022,1179861000,nonconsolidated,,,2026,4
E32763,2023,1625168000,nonconsolidated,,,2026,3
E32763,2024,2070607000,consolidated,,,2026,2
E32763,2025,2345366000,consolidated,,,2026,1
E32763,2026,2797012000,consolidated,308,217,2026,0
E32793,2022,712788000,nonconsolidated,,,2026,4
E32793,2023,336108000,nonconsolidated,,,2026,3
E32793,2024,211061000,nonconsolidated,,,2026,2
E32793,2025,524347000,nonconsolidated,,,2026,1
E32793,2026,787348000,nonconsolidated,,115,2026,0
E32794,2022,-251790000,consolidated,,,2026,4
E32794,2023,5976000,consolidated,,,2026,3
E32794,2024,1289005000,consolidated,,,2026,2
E32794,2025,761983000,consolidated,,,2026,1
E32794,2026,923665000,consolidated,304,255,2026,0
E32801,2022,1541188000,consolidated,,,2026,4
E32801,2023,1785255000,consolidated,,,2026,3
E32801,2024,1664919000,consolidated,,,2026,2
E32801,2025,1681861000,consolidated,,,2026,1
E32801,2026,1684673000,consolidated,251,210,2026,0
E32967,2022,-1748000000,nonconsolidated,,,2026,4
E32967,2023,730000000,nonconsolidated,,,2026,3
E32967,2024,-1776000000,nonconsolidated,,,2026,2
E32967,2025,-293000000,nonconsolidated,,,2026,1
E32967,2026,17000000,nonconsolidated,314,220,2026,0
E33034,2022,4225000000,consolidated,,,2026,4
E33034,2023,5100000000,consolidated,,,2026,3
E33034,2024,6851000000,consolidated,,,2026,2
E33034,2025,8621000000,consolidated,,,2026,1
E33034,2026,11006000000,consolidated,2286,274,2026,0
E33247,2022,101579000,consolidated,,,2026,4
E33247,2023,477586000,consolidated,,,2026,3
E33247,2024,575128000,consolidated,,,2026,2
E33247,2025,685724000,consolidated,,,2026,1
E33247,2026,967882000,consolidated,355,324,2026,0
E33345,2022,208635000,nonconsolidated,,,2026,4
E33345,2023,298813000,nonconsolidated,,,2026,3
E33345,2024,313239000,nonconsolidated,,,2026,2
E33345,2025,131380000,nonconsolidated,,,2026,1
E33345,2026,99963000,nonconsolidated,,127,2026,0
E33557,2022,461294000,consolidated,,,2026,4
E33557,2023,413579000,consolidated,,,2026,3
E33557,2024,875776000,consolidated,,,2026,2
E33557,2025,872706000,consolidated,,,2026,1
E33557,2026,933823000,consolidated,2354,,2026,0
E33574,2022,1037000000,consolidated,,,2026,4
E33574,2023,3202000000,consolidated,,,2026,3
E33574,2024,4493000000,consolidated,,,2026,2
E33574,2025,4199000000,consolidated,,,2026,1
E33574,2026,5391000000,consolidated,21086,177,2026,0
E33603,2022,2965000000,consolidated,,,2026,4
E33603,2023,1596000000,consolidated,,,2026,3
E33603,2024,6183000000,consolidated,,,2026,2
E33603,2025,2204000000,consolidated,,,2026,1
E33603,2026,3993000000,consolidated,3873,801,2026,0
E33615,2022,746331000,consolidated,,,2026,4
E33615,2023,660725000,consolidated,,,2026,3
E33615,2024,715982000,nonconsolidated,,,2026,2
E33615,2025,850983000,nonconsolidated,,,2026,1
E33615,2026,504674000,nonconsolidated,816,460,2026,0
E33622,2022,12697000000,consolidated,,,2026,4
E33622,2023,13833000000,consolidated,,,2026,3
E33622,2024,12321000000,consolidated,,,2026,2
E33622,2025,13876000000,consolidated,,,2026,1
E33622,2026,17809000000,consolidated,1002,809,2026,0
E33624,2022,1470000000,nonconsolidated,,,2026,4
E33624,2023,1914000000,nonconsolidated,,,2026,3
E33624,2024,2045000000,nonconsolidated,,,2026,2
E33624,2025,3882000000,nonconsolidated,,,2026,1
E33624,2026,3114000000,nonconsolidated,899,128,2026,0
E33625,2022,4937000000,nonconsolidated,,,2026,4
E33625,2023,1227000000,nonconsolidated,,,2026,3
E33625,2024,-107000000,nonconsolidated,,,2026,2
E33625,2025,202000000,nonconsolidated,,,2026,1
E33625,2026,1367000000,nonconsolidated,522,442,2026,0
E33633,2022,1306638000,consolidated,,,2026,4
E33633,2023,1786449000,consolidated,,,2026,3
E33633,2024,1869317000,consolidated,,,2026,2
E33633,2025,2167880000,consolidated,,,2026,1
E33633,2026,2264359000,consolidated,467,390,2026,0
E33638,2022,937638000,nonconsolidated,,,2026,4
E33638,2023,2924160000,nonconsolidated,,,2026,3
E33638,2024,3562917000,nonconsolidated,,,2026,2
E33638,2025,3908675000,nonconsolidated,,,2026,1
E33638,2026,4830133000,nonconsolidated,,103,2026,0
E33794,2022,1102992000,nonconsolidated,,,2026,4
E33794,2023,2199115000,nonconsolidated,,,2026,3
E33794,2024,2094830000,nonconsolidated,,,2026,2
E33794,2025,929544000,nonconsolidated,,,2026,1
E33794,2026,1028781000,nonconsolidated,,340,2026,0
E33819,2022,1511867000,nonconsolidated,,,2026,4
E33819,2023,2301517000,nonconsolidated,,,2026,3
E33819,2024,1784645000,consolidated,,,2026,2
E33819,2025,4106943000,consolidated,,,2026,1
E33819,2026,5165494000,consolidated,239,201,2026,0
E33822,2022,284701000,consolidated,,,2026,4
E33822,2023,711941000,consolidated,,,2026,3
E33822,2024,1111031000,consolidated,,,2026,2
E33822,2025,1288552000,consolidated,,,2026,1
E33822,2026,1741997000,consolidated,279,246,2026,0
E33834,2022,1651883000,nonconsolidated,,,2026,4
E33834,2023,993758000,nonconsolidated,,,2026,3
E33834,2024,197744000,nonconsolidated,,,2026,2
E33834,2025,190230000,nonconsolidated,,,2026,1
E33834,2026,852174000,nonconsolidated,358,145,2026,0
E33864,2022,-65022000,nonconsolidated,,,2026,4
E33864,2023,-143010000,nonconsolidated,,,2026,3
E33864,2024,-94309000,nonconsolidated,,,2026,2
E33864,2025,-140380000,nonconsolidated,,,2026,1
E33864,2026,-4130340000,nonconsolidated,541,479,2026,0
E33882,2022,591869000,nonconsolidated,,,2026,4
E33882,2023,943486000,nonconsolidated,,,2026,3
E33882,2024,911112000,consolidated,,,2026,2
E33882,2025,1227440000,consolidated,,,2026,1
E33882,2026,1565920000,nonconsolidated,,234,2026,0
E34006,2022,4616000000,consolidated,,,2026,4
E34006,2023,19684000000,consolidated,,,2026,3
E34006,2024,37556000000,consolidated,,,2026,2
E34006,2025,39623000000,consolidated,,,2026,1
E34006,2026,50817000000,consolidated,6876,4909,2026,0
E34018,2022,841811000,nonconsolidated,,,2026,4
E34018,2023,141791000,nonconsolidated,,,2026,3
E34018,2024,314882000,consolidated,,,2026,2
E34018,2025,725271000,consolidated,,,2026,1
E34018,2026,487342000,consolidated,127,111,2026,0
E34052,2022,109742000,nonconsolidated,,,2026,4
E34052,2023,22409000,nonconsolidated,,,2026,3
E34052,2024,81960000,nonconsolidated,,,2026,2
E34052,2025,130185000,consolidated,,,2026,1
E34052,2026,79331000,consolidated,114,110,2026,0
E34065,2022,1268000000,consolidated,,,2026,4
E34065,2023,-817000000,consolidated,,,2026,3
E34065,2024,1313000000,consolidated,,,2026,2
E34065,2025,1467000000,consolidated,,,2026,1
E34065,2026,2062000000,consolidated,3503,,2026,0
E34406,2022,24633000000,consolidated,,,2026,4
E34406,2023,27957000000,consolidated,,,2026,3
E34406,2024,28603000000,consolidated,,,2026,2
E34406,2025,31641000000,consolidated,,,2026,1
E34406,2026,33397000000,consolidated,2818,1723,2026,0
E34454,2022,1012492000,nonconsolidated,,,2026,4
E34454,2023,1263367000,consolidated,,,2026,3
E34454,2024,1507087000,consolidated,,,2026,2
E34454,2025,1910694000,consolidated,,,2026,1
E34454,2026,1925965000,consolidated,301,296,2026,0
E34470,2022,501000000,consolidated,,,2026,4
E34470,2023,983000000,consolidated,,,2026,3
E34470,2024,1212000000,consolidated,,,2026,2
E34470,2025,1592000000,consolidated,,,2026,1
E34470,2026,1680000000,consolidated,618,370,2026,0
E34486,2022,1434676000,nonconsolidated,,,2026,4
E34486,2023,1600394000,nonconsolidated,,,2026,3
E34486,2024,1640213000,nonconsolidated,,,2026,2
E34486,2025,2341718000,nonconsolidated,,,2026,1
E34486,2026,2211250000,nonconsolidated,,110,2026,0
E34487,2022,219547000,nonconsolidated,,,2026,4
E34487,2023,267348000,nonconsolidated,,,2026,3
E34487,2024,274640000,nonconsolidated,,,2026,2
E34487,2025,201371000,nonconsolidated,,,2026,1
E34487,2026,232482000,nonconsolidated,,170,2026,0
E34499,2022,549184000,consolidated,,,2026,4
E34499,2023,234952000,consolidated,,,2026,3
E34499,2024,490972000,consolidated,,,2026,2
E34499,2025,-511970000,consolidated,,,2026,1
E34499,2026,758560000,consolidated,268,246,2026,0
E34537,2022,34000000,consolidated,,,2026,4
E34537,2023,934000000,nonconsolidated,,,2026,3
E34537,2024,716000000,nonconsolidated,,,2026,2
E34537,2025,562000000,nonconsolidated,,,2026,1
E34537,2026,604000000,nonconsolidated,1032,754,2026,0
E34716,2022,419010000,consolidated,,,2026,4
E34716,2023,455245000,consolidated,,,2026,3
E34716,2024,47748000,consolidated,,,2026,2
E34716,2025,292966000,consolidated,,,2026,1
E34716,2026,187397000,consolidated,144,100,2026,0
E34720,2022,1135706000,consolidated,,,2026,4
E34720,2023,567920000,consolidated,,,2026,3
E34720,2024,82483000,consolidated,,,2026,2
E34720,2025,494535000,consolidated,,,2026,1
E34720,2026,842813000,consolidated,300,173,2026,0
E34725,2022,223190000,consolidated,,,2026,4
E34725,2023,70864000,consolidated,,,2026,3
E34725,2024,126558000,consolidated,,,2026,2
E34725,2025,-165566000,consolidated,,,2026,1
E34725,2026,337991000,consolidated,761,728,2026,0
E34754,2022,828614000,consolidated,,,2026,4
E34754,2023,-207709000,consolidated,,,2026,3
E34754,2024,-790919000,consolidated,,,2026,2
E34754,2025,-1993227000,consolidated,,,2026,1
E34754,2026,412849000,consolidated,236,236,2026,0
E34837,2022,95370000000,consolidated,,,2026,4
E34837,2023,153318000000,consolidated,,,2026,3
E34837,2024,185464000000,nonconsolidated,,,2026,2
E34837,2025,130136000000,nonconsolidated,,,2026,1
E34837,2026,-9263000000,nonconsolidated,,4504,2026,0
E34880,2022,580102000,consolidated,,,2026,4
E34880,2023,982941000,consolidated,,,2026,3
E34880,2024,848042000,consolidated,,,2026,2
E34880,2025,930789000,consolidated,,,2026,1
E34880,2026,921497000,consolidated,864,104,2026,0
E34974,2022,-57406000,consolidated,,,2026,4
E34974,2023,139677000,consolidated,,,2026,3
E34974,2024,168215000,consolidated,,,2026,2
E34974,2025,164904000,consolidated,,,2026,1
E34974,2026,50609000,consolidated,141,121,2026,0
E35136,2022,-3108782000,nonconsolidated,,,2026,4
E35136,2023,2815489000,nonconsolidated,,,2026,3
E35136,2024,937870000,nonconsolidated,,,2026,2
E35136,2025,1755284000,nonconsolidated,,,2026,1
E35136,2026,3276450000,nonconsolidated,,428,2026,0
E35153,2022,1300502000,consolidated,,,2026,4
E35153,2023,1540251000,consolidated,,,2026,3
E35153,2024,2058616000,consolidated,,,2026,2
E35153,2025,2903781000,consolidated,,,2026,1
E35153,2026,3841252000,consolidated,533,144,2026,0
E35287,2022,-358491000,consolidated,,,2026,4
E35287,2023,-244304000,consolidated,,,2026,3
E35287,2024,80743000,consolidated,,,2026,2
E35287,2025,115374000,consolidated,,,2026,1
E35287,2026,207076000,consolidated,150,126,2026,0
E35308,2022,1700000000,nonconsolidated,,,2026,4
E35308,2023,1816000000,nonconsolidated,,,2026,3
E35308,2024,1926000000,nonconsolidated,,,2026,2
E35308,2025,2139000000,nonconsolidated,,,2026,1
E35308,2026,1965000000,nonconsolidated,2444,499,2026,0
E35334,2022,-2898000000,consolidated,,,2026,4
E35334,2023,800000000,consolidated,,,2026,3
E35334,2024,2878000000,consolidated,,,2026,2
E35334,2025,1815000000,consolidated,,,2026,1
E35334,2026,1943000000,consolidated,2028,230,2026,0
E35335,2022,963253000,nonconsolidated,,,2026,4
E35335,2023,1087903000,nonconsolidated,,,2026,3
E35335,2024,1273105000,nonconsolidated,,,2026,2
E35335,2025,1309576000,nonconsolidated,,,2026,1
E35335,2026,964450000,nonconsolidated,,516,2026,0
E35345,2022,563893000,nonconsolidated,,,2026,4
E35345,2023,279482000,nonconsolidated,,,2026,3
E35345,2024,427966000,nonconsolidated,,,2026,2
E35345,2025,405456000,nonconsolidated,,,2026,1
E35345,2026,487008000,nonconsolidated,,130,2026,0
E35449,2022,1331266000,nonconsolidated,,,2026,4
E35449,2023,1567826000,nonconsolidated,,,2026,3
E35449,2024,2682596000,nonconsolidated,,,2026,2
E35449,2025,3660089000,nonconsolidated,,,2026,1
E35449,2026,4562485000,nonconsolidated,,386,2026,0
E35466,2022,499027000,consolidated,,,2026,4
E35466,2023,478220000,consolidated,,,2026,3
E35466,2024,434442000,consolidated,,,2026,2
E35466,2025,530556000,consolidated,,,2026,1
E35466,2026,649692000,consolidated,754,734,2026,0
E35470,2022,648000000,consolidated,,,2026,4
E35470,2023,1132000000,consolidated,,,2026,3
E35470,2024,404000000,consolidated,,,2026,2
E35470,2025,1213000000,consolidated,,,2026,1
E35470,2026,1463000000,consolidated,4744,2991,2026,0
E35483,2022,492376000,consolidated,,,2026,4
E35483,2023,586919000,consolidated,,,2026,3
E35483,2024,428398000,consolidated,,,2026,2
E35483,2025,449248000,consolidated,,,2026,1
E35483,2026,1053963000,consolidated,252,238,2026,0
E35497,2022,1891105000,consolidated,,,2026,4
E35497,2023,1142525000,consolidated,,,2026,3
E35497,2024,1460749000,consolidated,,,2026,2
E35497,2025,1030869000,consolidated,,,2026,1
E35497,2026,1603588000,consolidated,352,299,2026,0
E35504,2022,254725000,consolidated,,,2026,4
E35504,2023,111643000,consolidated,,,2026,3
E35504,2024,635121000,consolidated,,,2026,2
E35504,2025,683566000,consolidated,,,2026,1
E35504,2026,824856000,consolidated,648,452,2026,0
E35516,2022,872476000,consolidated,,,2026,4
E35516,2023,1065587000,consolidated,,,2026,3
E35516,2024,1121378000,consolidated,,,2026,2
E35516,2025,1448380000,consolidated,,,2026,1
E35516,2026,1657488000,consolidated,286,245,2026,0
E35562,2022,713000000,consolidated,,,2026,4
E35562,2023,841000000,consolidated,,,2026,3
E35562,2024,653000000,consolidated,,,2026,2
E35562,2025,1028000000,consolidated,,,2026,1
E35562,2026,1334000000,consolidated,306,127,2026,0
E35563,2022,212554000,nonconsolidated,,,2026,4
E35563,2023,300365000,nonconsolidated,,,2026,3
E35563,2024,417271000,nonconsolidated,,,2026,2
E35563,2025,428773000,nonconsolidated,,,2026,1
E35563,2026,217447000,consolidated,136,120,2026,0
E35587,2022,1492985000,consolidated,,,2026,4
E35587,2023,906286000,consolidated,,,2026,3
E35587,2024,1973660000,consolidated,,,2026,2
E35587,2025,1842289000,consolidated,,,2026,1
E35587,2026,1803800000,consolidated,827,630,2026,0
E35610,2022,697616000,consolidated,,,2026,4
E35610,2023,919809000,consolidated,,,2026,3
E35610,2024,1007925000,consolidated,,,2026,2
E35610,2025,960447000,consolidated,,,2026,1
E35610,2026,1032706000,consolidated,245,135,2026,0
E35797,2022,287763000,nonconsolidated,,,2026,4
E35797,2023,212911000,consolidated,,,2026,3
E35797,2024,324320000,consolidated,,,2026,2
E35797,2025,45540000,consolidated,,,2026,1
E35797,2026,-84927000,consolidated,231,156,2026,0
E35948,2022,1474000000,nonconsolidated,,,2026,4
E35948,2023,1224000000,nonconsolidated,,,2026,3
E35948,2024,1169000000,nonconsolidated,,,2026,2
E35948,2025,763000000,nonconsolidated,,,2026,1
E35948,2026,92855000000,nonconsolidated,15218,140,2026,0
E36098,2022,724912000,consolidated,,,2026,4
E36098,2023,870137000,consolidated,,,2026,3
E36098,2024,749669000,consolidated,,,2026,2
E36098,2025,740548000,consolidated,,,2026,1
E36098,2026,1287700000,consolidated,371,265,2026,0
E36102,2022,5460000000,consolidated,,,2026,4
E36102,2023,5427000000,consolidated,,,2026,3
E36102,2024,6580000000,consolidated,,,2026,2
E36102,2025,5556000000,consolidated,,,2026,1
E36102,2026,5539000000,consolidated,1166,791,2026,0
E36123,2022,583836000,consolidated,,,2026,4
E36123,2023,293825000,consolidated,,,2026,3
E36123,2024,302399000,consolidated,,,2026,2
E36123,2025,43447000,consolidated,,,2026,1
E36123,2026,249719000,consolidated,212,200,2026,0
E36130,2022,-2400000,consolidated,,,2026,4
E36130,2023,-1156664000,consolidated,,,2026,3
E36130,2024,-2404967000,consolidated,,,2026,2
E36130,2025,-2081198000,consolidated,,,2026,1
E36130,2026,-148737000,consolidated,191,191,2026,0
E36134,2022,2241000000,consolidated,,,2026,4
E36134,2023,2809000000,consolidated,,,2026,3
E36134,2024,3173000000,consolidated,,,2026,2
E36134,2025,1616000000,nonconsolidated,,,2026,1
E36134,2026,1682000000,nonconsolidated,5443,1616,2026,0
E36190,2022,-230000000,nonconsolidated,,,2026,4
E36190,2023,6854000000,nonconsolidated,,,2026,3
E36190,2024,12537000000,nonconsolidated,,,2026,2
E36190,2025,14396000000,nonconsolidated,,,2026,1
E36190,2026,18778000000,nonconsolidated,3630,110,2026,0
E36338,2022,29240000000,nonconsolidated,,,2026,4
E36338,2023,28199000000,nonconsolidated,,,2026,3
E36338,2024,28266000000,nonconsolidated,,,2026,2
E36338,2025,29928000000,nonconsolidated,,,2026,1
E36338,2026,25148000000,nonconsolidated,,926,2026,0
E36343,2022,370639000,consolidated,,,2026,4
E36343,2023,-397437000,consolidated,,,2026,3
E36343,2024,137673000,consolidated,,,2026,2
E36343,2025,579697000,consolidated,,,2026,1
E36343,2026,720446000,consolidated,357,324,2026,0
E36367,2022,737809000,consolidated,,,2026,4
E36367,2023,927349000,consolidated,,,2026,3
E36367,2024,1142794000,consolidated,,,2026,2
E36367,2025,1311797000,consolidated,,,2026,1
E36367,2026,1269848000,consolidated,1275,980,2026,0
E36368,2022,416757000,nonconsolidated,,,2026,4
E36368,2023,668338000,nonconsolidated,,,2026,3
E36368,2024,639343000,nonconsolidated,,,2026,2
E36368,2025,54492000,nonconsolidated,,,2026,1
E36368,2026,-165510000,nonconsolidated,,435,2026,0
E36405,2022,-190197000,nonconsolidated,,,2026,4
E36405,2023,-281098000,nonconsolidated,,,2026,3
E36405,2024,-1179180000,consolidated,,,2026,2
E36405,2025,-75592000,nonconsolidated,,,2026,1
E36405,2026,-185490000,nonconsolidated,,170,2026,0
E36406,2022,513630000,consolidated,,,2026,4
E36406,2023,651961000,consolidated,,,2026,3
E36406,2024,753716000,consolidated,,,2026,2
E36406,2025,497522000,consolidated,,,2026,1
E36406,2026,638992000,consolidated,312,301,2026,0
E36435,2022,409680000,nonconsolidated,,,2026,4
E36435,2023,179026000,nonconsolidated,,,2026,3
E36435,2024,497926000,nonconsolidated,,,2026,2
E36435,2025,691624000,nonconsolidated,,,2026,1
E36435,2026,791115000,nonconsolidated,,868,2026,0
E36464,2022,754246000,nonconsolidated,,,2026,4
E36464,2023,621019000,nonconsolidated,,,2026,3
E36464,2024,795796000,nonconsolidated,,,2026,2
E36464,2025,1027873000,nonconsolidated,,,2026,1
E36464,2026,1138892000,consolidated,455,432,2026,0
E36466,2022,3356501000,consolidated,,,2026,4
E36466,2023,1745919000,consolidated,,,2026,3
E36466,2024,4394400000,consolidated,,,2026,2
E36466,2025,4191314000,consolidated,,,2026,1
E36466,2026,2699600000,consolidated,2457,1159,2026,0
E36627,2022,675614000,nonconsolidated,,,2026,4
E36627,2023,459181000,nonconsolidated,,,2026,3
E36627,2024,307164000,nonconsolidated,,,2026,2
E36627,2025,583042000,nonconsolidated,,,2026,1
E36627,2026,686091000,nonconsolidated,,376,2026,0
E36700,2022,19167000000,consolidated,,,2026,4
E36700,2023,16046000000,consolidated,,,2026,3
E36700,2024,14461000000,consolidated,,,2026,2
E36700,2025,12298000000,consolidated,,,2026,1
E36700,2026,19756000000,consolidated,1950,107,2026,0
E36703,2022,26798000000,consolidated,,,2026,4
E36703,2023,27262000000,consolidated,,,2026,3
E36703,2024,27908000000,consolidated,,,2026,2
E36703,2025,31238000000,consolidated,,,2026,1
E36703,2026,42766000000,consolidated,2322,176,2026,0
E36714,2022,189986000,consolidated,,,2026,4
E36714,2023,169277000,consolidated,,,2026,3
E36714,2024,374139000,consolidated,,,2026,2
E36714,2025,644682000,consolidated,,,2026,1
E36714,2026,827900000,consolidated,1838,,2026,0
E36730,2022,8004000000,consolidated,,,2026,4
E36730,2023,8581000000,consolidated,,,2026,3
E36730,2024,8833000000,consolidated,,,2026,2
E36730,2025,10486000000,consolidated,,,2026,1
E36730,2026,15799000000,consolidated,1513,132,2026,0
E36756,2022,7894000000,consolidated,,,2026,4
E36756,2023,12156000000,consolidated,,,2026,3
E36756,2024,14757000000,consolidated,,,2026,2
E36756,2025,17569000000,consolidated,,,2026,1
E36756,2026,18669000000,consolidated,6414,123,2026,0
E36928,2022,1242000000,nonconsolidated,,,2026,4
E36928,2023,2699000000,nonconsolidated,,,2026,3
E36928,2024,3480000000,nonconsolidated,,,2026,2
E36928,2025,2724000000,nonconsolidated,,,2026,1
E36928,2026,6079000000,nonconsolidated,1850,146,2026,0
E36976,2022,20976000000,nonconsolidated,,,2026,4
E36976,2023,17744000000,nonconsolidated,,,2026,3
E36976,2024,23260000000,nonconsolidated,,,2026,2
E36976,2025,7774000000,nonconsolidated,,,2026,1
E36976,2026,2677000000,nonconsolidated,8647,145,2026,0
E37130,2022,240529000,nonconsolidated,,,2026,4
E37130,2023,255073000,nonconsolidated,,,2026,3
E37130,2024,751825000,nonconsolidated,,,2026,2
E37130,2025,1081232000,nonconsolidated,,,2026,1
E37130,2026,1245601000,nonconsolidated,,445,2026,0
E37141,2022,1621693000,nonconsolidated,,,2026,4
E37141,2023,2003047000,nonconsolidated,,,2026,3
E37141,2024,1504114000,nonconsolidated,,,2026,2
E37141,2025,1457980000,nonconsolidated,,,2026,1
E37141,2026,1417450000,nonconsolidated,,261,2026,0
E37143,2022,699757000,consolidated,,,2026,4
E37143,2023,874788000,consolidated,,,2026,3
E37143,2024,975727000,consolidated,,,2026,2
E37143,2025,1083608000,consolidated,,,2026,1
E37143,2026,1129425000,consolidated,238,236,2026,0
E37147,2022,414331000,nonconsolidated,,,2026,4
E37147,2023,737512000,nonconsolidated,,,2026,3
E37147,2024,1104319000,nonconsolidated,,,2026,2
E37147,2025,1562981000,consolidated,,,2026,1
E37147,2026,2222786000,consolidated,221,187,2026,0
E37157,2022,1629705000,consolidated,,,2026,4
E37157,2023,1936974000,consolidated,,,2026,3
E37157,2024,1360938000,consolidated,,,2026,2
E37157,2025,897721000,consolidated,,,2026,1
E37157,2026,1701650000,consolidated,458,280,2026,0
E37158,2022,-97000000,consolidated,,,2026,4
E37158,2023,-375000000,consolidated,,,2026,3
E37158,2024,-330000000,consolidated,,,2026,2
E37158,2025,2000000,consolidated,,,2026,1
E37158,2026,1566000000,consolidated,624,270,2026,0
E37165,2022,2103000000,nonconsolidated,,,2026,4
E37165,2023,3050000000,consolidated,,,2026,3
E37165,2024,4606000000,consolidated,,,2026,2
E37165,2025,4712000000,consolidated,,,2026,1
E37165,2026,5196000000,consolidated,835,593,2026,0
E37198,2022,506182000,nonconsolidated,,,2026,4
E37198,2023,557751000,nonconsolidated,,,2026,3
E37198,2024,716880000,consolidated,,,2026,2
E37198,2025,1022789000,consolidated,,,2026,1
E37198,2026,776166000,consolidated,882,882,2026,0
E37214,2022,2394000000,nonconsolidated,,,2026,4
E37214,2023,1827000000,nonconsolidated,,,2026,3
E37214,2024,1933000000,nonconsolidated,,,2026,2
E37214,2025,2002000000,nonconsolidated,,,2026,1
E37214,2026,1325000000,nonconsolidated,5740,416,2026,0
E37221,2022,421437000,nonconsolidated,,,2026,4
E37221,2023,399723000,nonconsolidated,,,2026,3
E37221,2024,332679000,nonconsolidated,,,2026,2
E37221,2025,380685000,nonconsolidated,,,2026,1
E37221,2026,356508000,consolidated,209,118,2026,0
E37435,2022,164007000,consolidated,,,2026,4
E37435,2023,92564000,consolidated,,,2026,3
E37435,2024,330607000,consolidated,,,2026,2
E37435,2025,641949000,consolidated,,,2026,1
E37435,2026,374369000,consolidated,207,189,2026,0
E37488,2022,49449000000,nonconsolidated,,,2026,4
E37488,2023,38530000000,nonconsolidated,,,2026,3
E37488,2024,22328000000,nonconsolidated,,,2026,2
E37488,2025,41966000000,nonconsolidated,,,2026,1
E37488,2026,28212000000,nonconsolidated,2609,1193,2026,0
E37499,2022,1833796000,nonconsolidated,,,2026,4
E37499,2023,791167000,nonconsolidated,,,2026,3
E37499,2024,2629130000,nonconsolidated,,,2026,2
E37499,2025,4198292000,nonconsolidated,,,2026,1
E37499,2026,6127678000,nonconsolidated,,388,2026,0
E37504,2022,256973000,consolidated,,,2026,4
E37504,2023,496060000,consolidated,,,2026,3
E37504,2024,941007000,consolidated,,,2026,2
E37504,2025,1830123000,consolidated,,,2026,1
E37504,2026,2784060000,consolidated,299,208,2026,0
E37523,2022,647661000,consolidated,,,2026,4
E37523,2023,737221000,consolidated,,,2026,3
E37523,2024,802143000,consolidated,,,2026,2
E37523,2025,678569000,consolidated,,,2026,1
E37523,2026,826009000,consolidated,993,923,2026,0
E37560,2022,837960000,consolidated,,,2026,4
E37560,2023,1049597000,consolidated,,,2026,3
E37560,2024,1246183000,consolidated,,,2026,2
E37560,2025,1432873000,consolidated,,,2026,1
E37560,2026,1174608000,consolidated,487,339,2026,0
E37584,2022,-4039154000,consolidated,,,2026,4
E37584,2023,-11378300000,consolidated,,,2026,3
E37584,2024,-6097990000,consolidated,,,2026,2
E37584,2025,-11334495000,consolidated,,,2026,1
E37584,2026,-8141515000,consolidated,333,183,2026,0
E37603,2022,139749000,nonconsolidated,,,2026,4
E37603,2023,82872000,nonconsolidated,,,2026,3
E37603,2024,-51178000,consolidated,,,2026,2
E37603,2025,204051000,consolidated,,,2026,1
E37603,2026,264379000,consolidated,370,300,2026,0
E37719,2022,117000000,nonconsolidated,,,2026,4
E37719,2023,674000000,nonconsolidated,,,2026,3
E37719,2024,1720000000,nonconsolidated,,,2026,2
E37719,2025,388000000,nonconsolidated,,,2026,1
E37719,2026,-2168000000,nonconsolidated,,3570,2026,0
E37725,2023,42415000000,consolidated,,,2026,3
E37725,2024,58579000000,consolidated,,,2026,2
E37725,2025,75027000000,consolidated,,,2026,1
E37725,2026,99206000000,consolidated,3098,246,2026,0
E37743,2022,657439000,nonconsolidated,,,2026,4
E37743,2023,811962000,nonconsolidated,,,2026,3
E37743,2024,955128000,nonconsolidated,,,2026,2
E37743,2025,1102051000,nonconsolidated,,,2026,1
E37743,2026,1164090000,consolidated,263,128,2026,0
E37781,2023,5237000000,consolidated,,,2026,3
E37781,2024,12584000000,consolidated,,,2026,2
E37781,2025,10282000000,consolidated,,,2026,1
E37781,2026,30912000000,consolidated,2562,164,2026,0
E37788,2024,8225000000,consolidated,,,2026,2
E37788,2025,9094000000,consolidated,,,2026,1
E37788,2026,10507000000,consolidated,8660,124,2026,0
E37829,2023,-1425000000,consolidated,,,2026,3
E37829,2024,3675000000,consolidated,,,2026,2
E37829,2025,3421000000,consolidated,,,2026,1
E37829,2026,2368000000,consolidated,2146,353,2026,0
E37978,2022,9050000000,consolidated,,,2026,4
E37978,2023,23440000000,consolidated,,,2026,3
E37978,2024,37122000000,consolidated,,,2026,2
E37978,2025,25118000000,consolidated,,,2026,1
E37978,2026,11756000000,consolidated,2469,2111,2026,0
E38031,2023,-168000000,nonconsolidated,,,2026,3
E38031,2024,-4896000000,nonconsolidated,,,2026,2
E38031,2025,1820000000,nonconsolidated,,,2026,1
E38031,2026,5387000000,nonconsolidated,29242,898,2026,0
E38082,2022,-15079000000,nonconsolidated,,,2026,4
E38082,2023,3713000000,nonconsolidated,,,2026,3
E38082,2024,7463000000,nonconsolidated,,,2026,2
E38082,2025,760000000,nonconsolidated,,,2026,1
E38082,2026,2907000000,nonconsolidated,,2738,2026,0
E38148,2022,13304000000,consolidated,,,2026,4
E38148,2023,16702000000,consolidated,,,2026,3
E38148,2024,20589000000,consolidated,,,2026,2
E38148,2025,21484000000,consolidated,,,2026,1
E38148,2026,22427000000,consolidated,2428,1137,2026,0
E38167,2022,-8197000,consolidated,,,2026,4
E38167,2023,139693000,consolidated,,,2026,3
E38167,2024,196373000,consolidated,,,2026,2
E38167,2025,169042000,consolidated,,,2026,1
E38167,2026,186428000,consolidated,103,103,2026,0
E38168,2022,1322512000,consolidated,,,2026,4
E38168,2023,1620612000,consolidated,,,2026,3
E38168,2024,1401636000,consolidated,,,2026,2
E38168,2025,845069000,consolidated,,,2026,1
E38168,2026,861051000,consolidated,307,281,2026,0
E38191,2022,67340000,nonconsolidated,,,2026,4
E38191,2023,115073000,nonconsolidated,,,2026,3
E38191,2024,150870000,nonconsolidated,,,2026,2
E38191,2025,86986000,consolidated,,,2026,1
E38191,2026,101162000,consolidated,262,230,2026,0
E38201,2022,-253709000,consolidated,,,2026,4
E38201,2023,986392000,consolidated,,,2026,3
E38201,2024,1823893000,consolidated,,,2026,2
E38201,2025,1858593000,consolidated,,,2026,1
E38201,2026,1821942000,consolidated,125,125,2026,0
E38215,2022,1059480000,consolidated,,,2026,4
E38215,2023,1714898000,consolidated,,,2026,3
E38215,2024,2309512000,consolidated,,,2026,2
E38215,2025,2018024000,consolidated,,,2026,1
E38215,2026,432436000,consolidated,529,415,2026,0
E38382,2022,160504000,nonconsolidated,,,2026,4
E38382,2023,273725000,consolidated,,,2026,3
E38382,2024,208818000,consolidated,,,2026,2
E38382,2025,250512000,consolidated,,,2026,1
E38382,2026,215381000,consolidated,137,137,2026,0
E38443,2022,612539000,nonconsolidated,,,2026,4
E38443,2023,762418000,nonconsolidated,,,2026,3
E38443,2024,634787000,nonconsolidated,,,2026,2
E38443,2025,691573000,nonconsolidated,,,2026,1
E38443,2026,926342000,nonconsolidated,,895,2026,0
E38474,2022,137513000,nonconsolidated,,,2026,4
E38474,2023,191358000,nonconsolidated,,,2026,3
E38474,2024,266750000,nonconsolidated,,,2026,2
E38474,2025,115285000,nonconsolidated,,,2026,1
E38474,2026,128024000,consolidated,491,462,2026,0
E38478,2022,1853000000,nonconsolidated,,,2026,4
E38478,2023,3385000000,nonconsolidated,,,2026,3
E38478,2024,5623000000,nonconsolidated,,,2026,2
E38478,2025,7962000000,nonconsolidated,,,2026,1
E38478,2026,7068000000,nonconsolidated,,735,2026,0
E38491,2022,712345000,nonconsolidated,,,2026,4
E38491,2023,535357000,nonconsolidated,,,2026,3
E38491,2024,765780000,consolidated,,,2026,2
E38491,2025,-513215000,consolidated,,,2026,1
E38491,2026,-73575000,consolidated,491,296,2026,0
E38504,2022,716000000,consolidated,,,2026,4
E38504,2023,886000000,consolidated,,,2026,3
E38504,2024,1780000000,consolidated,,,2026,2
E38504,2025,1456000000,consolidated,,,2026,1
E38504,2026,1760000000,consolidated,319,263,2026,0
E38645,2022,482609000,nonconsolidated,,,2026,4
E38645,2023,517413000,nonconsolidated,,,2026,3
E38645,2024,632479000,nonconsolidated,,,2026,2
E38645,2025,611333000,consolidated,,,2026,1
E38645,2026,727055000,consolidated,624,497,2026,0
E38685,2022,442037000,nonconsolidated,,,2026,4
E38685,2023,435897000,nonconsolidated,,,2026,3
E38685,2024,440218000,consolidated,,,2026,2
E38685,2025,416581000,consolidated,,,2026,1
E38685,2026,526032000,consolidated,548,516,2026,0
E38689,2022,917837000,consolidated,,,2026,4
E38689,2023,1244391000,consolidated,,,2026,3
E38689,2024,635601000,consolidated,,,2026,2
E38689,2025,1065412000,consolidated,,,2026,1
E38689,2026,340950000,consolidated,176,150,2026,0
E38714,2024,43574000000,consolidated,,,2026,2
E38714,2025,50915000000,consolidated,,,2026,1
E38714,2026,137182000000,consolidated,3676,271,2026,0
E38761,2024,11635000000,consolidated,,,2026,2
E38761,2025,14678000000,consolidated,,,2026,1
E38761,2026,17345000000,consolidated,6511,438,2026,0
E38965,2022,815727000,consolidated,,,2026,4
E38965,2023,938804000,consolidated,,,2026,3
E38965,2024,1325879000,consolidated,,,2026,2
E38965,2025,1940097000,consolidated,,,2026,1
E38965,2026,2666288000,consolidated,491,321,2026,0
E39018,2022,1619000000,nonconsolidated,,,2026,4
E39018,2023,1844000000,nonconsolidated,,,2026,3
E39018,2024,2189000000,nonconsolidated,,,2026,2
E39018,2025,2538000000,nonconsolidated,,,2026,1
E39018,2026,3178000000,nonconsolidated,,575,2026,0
E39158,2022,389642000,consolidated,,,2026,4
E39158,2023,492290000,nonconsolidated,,,2026,3
E39158,2024,511783000,nonconsolidated,,,2026,2
E39158,2025,430707000,nonconsolidated,,,2026,1
E39158,2026,799685000,nonconsolidated,,108,2026,0
E39184,2022,82701000,nonconsolidated,,,2026,4
E39184,2023,160762000,nonconsolidated,,,2026,3
E39184,2024,194798000,nonconsolidated,,,2026,2
E39184,2025,185154000,consolidated,,,2026,1
E39184,2026,-108335000,consolidated,579,572,2026,0
E39194,2022,583616000,consolidated,,,2026,4
E39194,2023,325525000,consolidated,,,2026,3
E39194,2024,500942000,consolidated,,,2026,2
E39194,2025,935177000,consolidated,,,2026,1
E39194,2026,1383710000,consolidated,336,323,2026,0
E39222,2022,224787000,nonconsolidated,,,2026,4
E39222,2023,-54399000,nonconsolidated,,,2026,3
E39222,2024,378685000,nonconsolidated,,,2026,2
E39222,2025,646103000,consolidated,,,2026,1
E39222,2026,1015668000,consolidated,261,159,2026,0
E39367,2022,-93823000,nonconsolidated,,,2026,4
E39367,2023,64858000,nonconsolidated,,,2026,3
E39367,2024,253949000,nonconsolidated,,,2026,2
E39367,2025,58884000,nonconsolidated,,,2026,1
E39367,2026,165777000,nonconsolidated,,176,2026,0
E39448,2022,297877000,nonconsolidated,,,2026,4
E39448,2023,244465000,nonconsolidated,,,2026,3
E39448,2024,865872000,nonconsolidated,,,2026,2
E39448,2025,1350348000,nonconsolidated,,,2026,1
E39448,2026,1616060000,nonconsolidated,,985,2026,0
E39460,2022,409138000,nonconsolidated,,,2026,4
E39460,2023,504002000,nonconsolidated,,,2026,3
E39460,2024,778897000,nonconsolidated,,,2026,2
E39460,2025,828838000,nonconsolidated,,,2026,1
E39460,2026,867754000,nonconsolidated,,218,2026,0
E39483,2022,465746000,consolidated,,,2026,4
E39483,2023,112799000,consolidated,,,2026,3
E39483,2024,638408000,consolidated,,,2026,2
E39483,2025,619617000,consolidated,,,2026,1
E39483,2026,857749000,consolidated,201,101,2026,0
E40154,2022,908445000,nonconsolidated,,,2026,4
E40154,2023,635608000,nonconsolidated,,,2026,3
E40154,2024,572242000,nonconsolidated,,,2026,2
E40154,2025,1019876000,nonconsolidated,,,2026,1
E40154,2026,1742657000,nonconsolidated,,361,2026,0
E40164,2022,380823000,nonconsolidated,,,2026,4
E40164,2023,767327000,consolidated,,,2026,3
E40164,2024,824014000,consolidated,,,2026,2
E40164,2025,1478427000,consolidated,,,2026,1
E40164,2026,1994912000,consolidated,326,244,2026,0
E40236,2022,1725355000,nonconsolidated,,,2026,4
E40236,2023,2075677000,nonconsolidated,,,2026,3
E40236,2024,2325394000,nonconsolidated,,,2026,2
E40236,2025,2607240000,nonconsolidated,,,2026,1
E40236,2026,3507471000,consolidated,221,219,2026,0
E40299,2022,5742000000,nonconsolidated,,,2026,4
E40299,2023,9645000000,consolidated,,,2026,3
E40299,2024,13295000000,consolidated,,,2026,2
E40299,2025,13755000000,nonconsolidated,,,2026,1
E40299,2026,13541000000,nonconsolidated,,349,2026,0
E40399,2022,-306438000,nonconsolidated,,,2026,4
E40399,2023,-95464000,nonconsolidated,,,2026,3
E40399,2024,26635000,nonconsolidated,,,2026,2
E40399,2025,276146000,nonconsolidated,,,2026,1
E40399,2026,337831000,consolidated,140,137,2026,0
E40408,2022,-275789000,nonconsolidated,,,2026,4
E40408,2023,177832000,consolidated,,,2026,3
E40408,2024,428270000,consolidated,,,2026,2
E40408,2025,587360000,consolidated,,,2026,1
E40408,2026,755140000,consolidated,137,114,2026,0
E40420,2022,516416000,nonconsolidated,,,2026,4
E40420,2023,815454000,nonconsolidated,,,2026,3
E40420,2024,804600000,nonconsolidated,,,2026,2
E40420,2025,951856000,nonconsolidated,,,2026,1
E40420,2026,661754000,consolidated,343,268,2026,0
E40546,2022,-123884000,nonconsolidated,,,2026,4
E40546,2023,390341000,nonconsolidated,,,2026,3
E40546,2024,668602000,nonconsolidated,,,2026,2
E40546,2025,930316000,nonconsolidated,,,2026,1
E40546,2026,642047000,nonconsolidated,,1013,2026,0
E40985,2023,13721000000,nonconsolidated,,,2026,3
E40985,2024,7247000000,nonconsolidated,,,2026,2
E40985,2025,27042000000,nonconsolidated,,,2026,1
E40985,2026,10086000000,nonconsolidated,1944,499,2026,0
E41028,2022,-867522000,nonconsolidated,,,2026,4
E41028,2023,-416563000,nonconsolidated,,,2026,3
E41028,2024,-598790000,consolidated,,,2026,2
E41028,2025,107626000,consolidated,,,2026,1
E41028,2026,336776000,consolidated,388,266,2026,0
E41037,2022,368914000,nonconsolidated,,,2026,4
E41037,2023,421494000,nonconsolidated,,,2026,3
E41037,2024,461166000,consolidated,,,2026,2
E41037,2025,520183000,consolidated,,,2026,1
E41037,2026,565416000,consolidated,363,307,2026,0
E41115,2022,93134000,nonconsolidated,,,2026,4
E41115,2023,-107415000,nonconsolidated,,,2026,3
E41115,2024,149003000,nonconsolidated,,,2026,2
E41115,2025,273356000,nonconsolidated,,,2026,1
E41115,2026,435277000,nonconsolidated,,323,2026,0
E41152,2022,-122327000,nonconsolidated,,,2026,4
E41152,2023,147171000,nonconsolidated,,,2026,3
E41152,2024,71541000,consolidated,,,2026,2
E41152,2025,228993000,nonconsolidated,,,2026,1
E41152,2026,374351000,nonconsolidated,,420,2026,0
E41331,2022,184842000,nonconsolidated,,,2026,4
E41331,2023,143483000,nonconsolidated,,,2026,3
E41331,2024,288449000,nonconsolidated,,,2026,2
E41331,2025,288894000,nonconsolidated,,,2026,1
E41331,2026,295395000,nonconsolidated,,330,2026,0
E41485,2022,550664000,nonconsolidated,,,2026,4
E41485,2023,605628000,nonconsolidated,,,2026,3
E41485,2024,823853000,consolidated,,,2026,2
E41485,2025,646993000,consolidated,,,2026,1
E41485,2026,805554000,consolidated,867,685,2026,0
E41514,2022,45580000,nonconsolidated,,,2026,4
E41514,2023,-57423000,nonconsolidated,,,2026,3
E41514,2024,101686000,nonconsolidated,,,2026,2
E41514,2025,57738000,nonconsolidated,,,2026,1
E41514,2026,367324000,nonconsolidated,,126,2026,0
