rank_adj,rank_raw,rank_delta,sec_code,name,tse33,listed,avg_age,avg_tenure,avg_salary,salary35,factor,employees_nonconsolidated,employees_consolidated,emp_ratio,badge,industry,source,period_end,edinet_code,corporate_number,doc_id
1,2,1,6080,Ｍ＆Ａキャピタルパートナーズ株式会社,サービス業,上場,32.4,3.3,22658000.0,23298247,1.0283,296.0,364.0,0.8132,,サービス業,tag,2025-09-30,E30022,3010001107385,S100XCS6
2,3,1,6861,株式会社キーエンス,電気機器,上場,35.0,11.3,21783259.0,21783259,1.0,3306.0,12784.0,0.2586,,製造業,tag,2026-03-20,E01967,4120001051530,S100YAHE
3,1,-2,3003,ヒューリック株式会社,不動産業,上場,39.0,7.0,22954867.0,19234144,0.8379,234.0,3495.0,0.067,本社のみ,不動産業,tag,2025-12-31,E00523,9010001008702,S100XR5L
4,7,3,6146,株式会社ディスコ,機械,上場,37.2,10.6,18795641.0,16660379,0.8864,3687.0,5547.0,0.6647,,製造業,tag,2026-03-31,E01506,6010801007501,S100YC6I
5,4,-1,8058,三菱商事株式会社,卸売業,上場,42.3,17.0,21125472.0,15777402,0.7468,4456.0,63037.0,0.0707,本社のみ,卸売業・小売業,tag,2026-03-31,E02529,5010001008771,S100YB25
6,5,-1,8031,三井物産株式会社,卸売業,上場,42.0,17.4,20589000.0,15553364,0.7554,5333.0,55463.0,0.0962,本社のみ,卸売業・小売業,tag,2026-03-31,E02513,1010001008767,S100YAVT
7,20,13,6196,株式会社ストライク,サービス業,上場,33.2,2.5,15210000.0,15504981,1.0194,452.0,,,,サービス業,tag,2025-09-30,E32380,7010001079968,S100XAN1
8,21,13,277A,グロービング株式会社,サービス業,上場,34.7,1.3,15206000.0,15254369,1.0032,230.0,273.0,0.8425,,サービス業,tag,2025-05-31,E40147,5011101079356,S100WLJK
9,6,-3,8001,伊藤忠商事株式会社,卸売業,上場,42.0,17.0,19911534.0,15073607,0.757,4125.0,114570.0,0.036,本社のみ,卸売業・小売業,tag,2026-03-31,E02497,7120001077358,S100YA6H
10,8,-2,8801,三井不動産株式会社,不動産業,上場,42.1,16.0,18555000.0,14753777,0.7951,1981.0,27704.0,0.0715,本社のみ,不動産業,tag,2026-03-31,E03855,6010001034957,S100YHUO
11,13,2,3498,霞ヶ関キャピタル株式会社,不動産業,上場,37.5,2.2,16832000.0,14718861,0.8745,349.0,727.0,0.4801,,不動産業,tag,2025-08-31,E34289,3370103000741,S100X6TA
12,15,3,9104,株式会社　商船三井,海運業,上場,38.4,12.9,16599254.0,14615263,0.8805,1433.0,11567.0,0.1239,,運輸業,tag,2026-03-31,E04236,4010401082896,S100YI2T
13,10,-3,8601,株式会社大和証券グループ本社,証券、商品先物取引業,上場,41.6,15.2,17934308.0,14442399,0.8053,624.0,14984.0,0.0416,本社のみ,金融業・保険業,tag,2026-03-31,E03753,4010001008855,S100YCMP
14,12,-2,8802,三菱地所株式会社,不動産業,上場,42.0,16.0,17593300.0,14066383,0.7995,1286.0,11659.0,0.1103,,不動産業,tag,2026-03-31,E03856,2010001008774,S100YBLA
15,14,-1,6920,レーザーテック株式会社,電気機器,上場,40.1,8.3,16808225.0,13978656,0.8317,516.0,1163.0,0.4437,,製造業,tag,2025-06-30,E01991,1020001022180,S100WQ7F
16,36,20,6532,株式会社ベイカレント,サービス業,上場,31.3,3.8,13310922.0,13927115,1.0463,866.0,6788.0,0.1276,,サービス業,tag,2026-02-28,E32549,7010401111553,S100Y69G
17,19,2,9101,日本郵船株式会社,海運業,上場,37.8,13.9,15545044.0,13916185,0.8952,1370.0,39830.0,0.0344,本社のみ,運輸業,tag,2026-03-31,E04235,7010001023785,S100YBT6
18,16,-2,4686,株式会社ジャストシステム,情報・通信業,上場,38.8,13.5,16500050.0,13831186,0.8383,293.0,302.0,0.9702,,情報通信業,tag,2026-03-31,E04996,7480001000861,S100YHW4
19,9,-10,8053,住友商事株式会社,卸売業,上場,43.3,18.0,18402971.0,13455869,0.7312,4938.0,82488.0,0.0599,本社のみ,卸売業・小売業,tag,2026-03-31,E02528,1010001008692,S100YARD
20,11,-9,8002,丸紅株式会社,卸売業,上場,42.5,17.8,17843699.0,13399108,0.7509,4225.0,52658.0,0.0802,本社のみ,卸売業・小売業,tag,2026-03-31,E02498,9010001008776,S100YAY4
21,24,3,9107,川崎汽船株式会社,海運業,上場,38.0,13.4,14504365.0,12957680,0.8934,962.0,5262.0,0.1828,,運輸業,tag,2026-03-31,E04237,8140001005720,S100YC6B
22,57,35,4310,株式会社ドリームインキュベータ,サービス業,上場,34.61,3.76,12208000.0,12258531,1.0041,198.0,222.0,0.8919,,サービス業,tag,2026-03-31,E05221,6010001141902,S100YD1A
23,17,-6,4324,株式会社電通グループ,サービス業,上場,45.0,14.3,15959402.0,12101909,0.7583,135.0,67454.0,0.002,本社のみ,サービス業,tag,2025-12-31,E04760,4010401048922,S100XS0O
24,22,-2,8766,東京海上ホールディングス株式会社,保険業,上場,42.4,14.8,14871103.0,11969527,0.8049,1339.0,67526.0,0.0198,本社のみ,金融業・保険業,tag,2026-03-31,E03847,7010001078061,S100YLS8
25,39,14,3486,株式会社グローバル・リンク・マネジメント,不動産業,上場,37.7,6.6,13218067.0,11631120,0.8799,132.0,155.0,0.8516,,不動産業,tag,2025-12-31,E33579,3011001044453,S100XU06
26,38,12,1605,株式会社ＩＮＰＥＸ,鉱業,上場,39.2,11.4,13233495.0,11563073,0.8738,889.0,3720.0,0.239,,鉱業,tag,2025-12-31,E00043,7010401078520,S100XU9L
27,44,17,9119,飯野海運株式会社,海運業,上場,38.6,13.2,12850000.0,11389704,0.8864,209.0,688.0,0.3038,,運輸業,tag,2026-03-31,E04243,6010001008655,S100YGFN
28,99,71,9168,株式会社ライズ・コンサルティング・グループ,サービス業,上場,33.2,2.3,11079000.0,11293865,1.0194,397.0,397.0,1.0,,サービス業,tag,2026-02-28,E38895,5010401156815,S100Y6K8
29,26,-3,8604,野村ホールディングス株式会社,証券、商品先物取引業,上場,45.0,4.0,14208790.0,11279131,0.7938,204.0,28677.0,0.0071,本社のみ,金融業・保険業,tag,2026-03-31,E03752,7010001034881,S100YC5C
30,51,21,1812,鹿島建設株式会社,建設業,上場,41.2,15.7,12454406.0,11164718,0.8964,8959.0,21170.0,0.4232,,建設業,tag,2026-03-31,E00058,8010401006744,S100YGGI
31,50,19,1969,高砂熱学工業株式会社,建設業,上場,41.5,14.7,12457000.0,11129787,0.8935,2469.0,7287.0,0.3388,,建設業,tag,2026-03-31,E00149,3010001008749,S100YDOU
32,48,16,9983,株式会社ファーストリテイリング,小売業,上場,38.0,5.0,12506000.0,11121737,0.8893,1572.0,59522.0,0.0264,本社のみ,卸売業・小売業,tag,2025-08-31,E03217,9250001000684,S100X6X6
33,34,1,4051,ＧＭＯフィナンシャルゲート株式会社,情報・通信業,上場,39.7,3.9,13346000.0,11059255,0.8287,106.0,123.0,0.8618,,情報通信業,tag,2025-09-30,E35642,5011001064508,S100X9ZE
34,35,1,4307,株式会社野村総合研究所,情報・通信業,上場,39.7,13.7,13326000.0,11043874,0.8287,7982.0,16894.0,0.4725,,情報通信業,tag,2026-03-31,E05062,4010001054032,S100YBM8
35,70,35,,株式会社日本政策投資銀行,その他金融業,非上場,36.8,13.1,11840000.0,11042353,0.9326,1324.0,1955.0,0.6772,,金融業・保険業,textblock,2026-03-31,E11701,2010001120389,S100YLAV
36,31,-5,8595,ジャフコ　グループ株式会社,証券、商品先物取引業,上場,43.0,13.0,13656206.0,11018734,0.8069,133.0,,,,金融業・保険業,tag,2026-03-31,E04806,9010001019930,S100YCOQ
37,52,15,1802,株式会社大林組,建設業,上場,42.0,15.9,12393648.0,11015252,0.8888,9472.0,18031.0,0.5253,,建設業,tag,2026-03-31,E00055,7010401088742,S100YITC
38,76,38,7038,フロンティア・マネジメント株式会社,サービス業,上場,37.2,3.2,11709000.0,10998783,0.9393,327.0,417.0,0.7842,,サービス業,tag,2025-12-31,E34290,1010001121867,S100XTFR
39,29,-10,8309,三井住友トラストグループ株式会社,銀行業,上場,46.5,19.9,13927000.0,10967953,0.7875,194.0,22526.0,0.0086,本社のみ,金融業・保険業,tag,2026-03-31,E03611,9010001139555,S100YBGM
40,30,-10,8035,東京エレクトロン株式会社,電気機器,上場,43.1,14.7,13804159.0,10960344,0.794,2309.0,20236.0,0.1141,,製造業,tag,2026-03-31,E02652,4010401020757,S100YEOO
41,32,-9,4519,中外製薬株式会社,医薬品,上場,42.0,15.0,13507769.0,10958580,0.8113,5104.0,7872.0,0.6484,,製造業,tag,2025-12-31,E00932,5011501002900,S100XTBJ
42,74,32,4385,株式会社メルカリ,情報・通信業,上場,36.3,3.8,11763000.0,10934135,0.9295,1543.0,2159.0,0.7147,,情報通信業,tag,2025-06-30,E34064,6010701027558,S100WQDW
43,61,18,8020,兼松株式会社,卸売業,上場,37.7,12.1,12015894.0,10817279,0.9002,861.0,8604.0,0.1001,,卸売業・小売業,tag,2026-03-31,E02506,7140001005647,S100YGCZ
44,94,50,4684,株式会社オービック,情報・通信業,上場,35.8,12.9,11292000.0,10791633,0.9557,2030.0,2256.0,0.8998,,情報通信業,tag,2026-03-31,E05025,8010001039574,S100YGBS
45,54,9,1961,三機工業株式会社,建設業,上場,42.5,18.1,12280992.0,10768522,0.8768,2128.0,2705.0,0.7867,,建設業,tag,2026-03-31,E00107,2010001008683,S100YH3A
46,25,-21,8015,豊田通商株式会社,卸売業,上場,43.0,16.7,14213845.0,10729896,0.7549,2466.0,74927.0,0.0329,本社のみ,卸売業・小売業,tag,2026-03-31,E02505,6180001031731,S100YD8J
47,85,38,8628,松井証券株式会社,証券、商品先物取引業,上場,37.3,9.7,11548000.0,10617041,0.9194,227.0,,,,金融業・保険業,tag,2026-03-31,E03807,2010001057425,S100YFPS
48,18,-30,4676,株式会社フジ・メディア・ホールディングス,情報・通信業,上場,50.5,23.3,15770000.0,10607569,0.6726,122.0,7373.0,0.0165,本社のみ,情報通信業,tag,2026-03-31,E04462,1010401032433,S100YHYX
49,40,-9,3289,東急不動産ホールディングス株式会社,不動産業,上場,42.8,15.3,13199000.0,10592862,0.8026,105.0,21036.0,0.005,本社のみ,不動産業,tag,2026-03-31,E27633,2011001096933,S100YHXW
50,273,223,2991,株式会社ランドネット,不動産業,上場,30.6,3.6,9263000.0,10576682,1.1418,807.0,807.0,1.0,,不動産業,tag,2025-07-31,E35614,9013301017315,S100WWX1
51,41,-10,9984,ソフトバンクグループ株式会社,情報・通信業,上場,41.2,10.1,13195551.0,10548810,0.7994,276.0,73677.0,0.0037,本社のみ,情報通信業,tag,2026-03-31,E02778,1010401056795,S100YGH5
52,73,21,1980,ダイダン株式会社,建設業,上場,41.5,15.8,11768023.0,10543995,0.896,2185.0,2568.0,0.8509,,建設業,tag,2026-03-31,E00194,6120001045084,S100YGXY
53,64,11,1801,大成建設株式会社,建設業,上場,42.3,17.0,11910134.0,10519610,0.8832,9518.0,18503.0,0.5144,,建設業,tag,2026-03-31,E00052,4011101011880,S100YBGF
54,72,18,8316,株式会社三井住友フィナンシャルグループ,銀行業,上場,39.0,14.0,11803000.0,10385702,0.8799,1678.0,122970.0,0.0136,本社のみ,金融業・保険業,tag,2026-03-31,E03614,2010001081053,S100YERK
55,66,11,9513,電源開発株式会社,電気・ガス業,上場,41.6,18.5,11883541.0,10359911,0.8718,1994.0,7202.0,0.2769,,電気・ガス業,tag,2026-03-31,E04510,6010001050764,S100YISC
56,83,27,1979,株式会社大気社,建設業,上場,42.0,15.2,11600212.0,10346115,0.8919,1824.0,5525.0,0.3301,,建設業,tag,2026-03-31,E00183,7011101011812,S100YCPQ
57,33,-24,2502,アサヒグループホールディングス株式会社,食料品,上場,44.9,13.6,13351606.0,10311768,0.7723,328.0,28560.0,0.0115,本社のみ,製造業,tag,2025-12-31,E00394,6010601036386,S100YSGA
58,62,4,9110,ＮＳユナイテッド海運株式会社,海運業,上場,40.2,14.4,11966894.0,10311538,0.8617,261.0,669.0,0.3901,,運輸業,tag,2026-03-31,E04239,3010001095003,S100YCN8
59,47,-12,2768,双日株式会社,卸売業,上場,40.5,14.7,12571801.0,10310031,0.8201,2094.0,26789.0,0.0782,本社のみ,卸売業・小売業,tag,2026-03-31,E02958,5010401049977,S100Y9EI
60,49,-11,3231,野村不動産ホールディングス株式会社,不動産業,上場,41.9,13.5,12482286.0,10245950,0.8208,427.0,9043.0,0.0472,本社のみ,不動産業,tag,2026-03-31,E04060,3011101037398,S100YH2N
61,46,-15,8630,ＳＯＭＰＯホールディングス株式会社,保険業,上場,43.3,12.5,12595575.0,10211935,0.8108,497.0,55702.0,0.0089,本社のみ,金融業・保険業,tag,2026-03-31,E23924,9011101055980,S100YC6Z
62,45,-17,8729,ソニーフィナンシャルグループ株式会社,保険業,上場,45.8,3.8,12786000.0,10191981,0.7971,267.0,14042.0,0.019,本社のみ,金融業・保険業,tag,2026-03-31,E05714,4010401053410,S100YCL0
63,69,6,485A,株式会社パワーエックス,電気機器,上場,39.7,1.8,11851000.0,10145478,0.8561,163.0,179.0,0.9106,,製造業,tag,2025-12-31,E40934,7010401159056,S100XSEW
64,59,-5,1975,株式会社朝日工業社,建設業,上場,44.6,17.8,12159126.0,10101836,0.8308,1080.0,1148.0,0.9408,,建設業,tag,2026-03-31,E00153,5010401000023,S100YIGB
65,89,24,8750,株式会社第一ライフグループ,保険業,上場,39.0,10.0,11426000.0,10072432,0.8815,702.0,60138.0,0.0117,本社のみ,金融業・保険業,tag,2026-03-31,E06141,8010001131752,S100YC7A
66,55,-11,8803,平和不動産株式会社,不動産業,上場,42.1,14.7,12253000.0,10037276,0.8192,107.0,265.0,0.4038,,不動産業,tag,2026-03-31,E03858,1010001034920,S100YJ5I
67,97,30,2432,株式会社ディー・エヌ・エー,サービス業,上場,38.6,7.0,11179000.0,10011192,0.8955,1400.0,2483.0,0.5638,,サービス業,tag,2026-03-31,E05460,4011001032721,S100YLDV
68,78,10,8306,株式会社三菱ＵＦＪフィナンシャル・グループ,銀行業,上場,40.3,13.5,11702000.0,9992253,0.8539,3637.0,161576.0,0.0225,本社のみ,金融業・保険業,tag,2026-03-31,E03606,4010001073486,S100YJQO
69,101,32,1925,大和ハウス工業株式会社,建設業,上場,40.7,15.7,11011469.0,9984333,0.9067,16508.0,55712.0,0.2963,,建設業,tag,2026-03-31,E00048,6120001059662,S100YAZ5
70,23,-47,9405,朝日放送グループホールディングス株式会社,情報・通信業,上場,48.7,20.8,14650000.0,9960826,0.6799,104.0,1724.0,0.0603,本社のみ,情報通信業,tag,2026-03-31,E04380,7120001060033,S100YD4D
71,77,6,2587,サントリー食品インターナショナル株式会社,食料品,上場,40.1,15.0,11708279.0,9954715,0.8502,534.0,22700.0,0.0235,本社のみ,製造業,tag,2025-12-31,E27622,8010401080079,S100XSOA
72,68,-4,8804,東京建物株式会社,不動産業,上場,41.0,11.0,11859000.0,9917797,0.8363,836.0,5035.0,0.166,,不動産業,tag,2025-12-31,E03859,6010001034998,S100XSKF
73,344,271,8877,エスリード株式会社,不動産業,上場,32.0,5.0,8933360.0,9915453,1.1099,248.0,476.0,0.521,,不動産業,tag,2026-03-31,E03977,4120001072725,S100YHNU
74,42,-32,285A,キオクシアホールディングス株式会社,電気機器,上場,46.2,13.9,13066018.0,9905668,0.7581,140.0,15218.0,0.0092,本社のみ,製造業,tag,2026-03-31,E35948,8010401144206,S100YJ18
75,82,7,6098,株式会社リクルートホールディングス,サービス業,上場,40.2,9.3,11624997.0,9869395,0.849,130.0,45586.0,0.0029,本社のみ,サービス業,tag,2026-03-31,E07801,5010001060426,S100YDHL
76,248,172,4373,シンプレクス・ホールディングス株式会社,情報・通信業,上場,33.6,4.4,9385342.0,9862035,1.0508,146.0,1850.0,0.0789,本社のみ,情報通信業,tag,2026-03-31,E36928,5010401128558,S100YARY
77,27,-50,9413,株式会社テレビ東京ホールディングス,情報・通信業,上場,46.3,18.86,14193622.0,9859906,0.6947,103.0,1672.0,0.0616,本社のみ,情報通信業,tag,2026-03-31,E24545,1010401090159,S100YCRR
78,63,-15,6269,三井海洋開発株式会社,機械,上場,41.7,7.5,11957000.0,9851940,0.8239,222.0,6460.0,0.0344,本社のみ,製造業,tag,2025-12-31,E01725,8010001007886,S100XU6C
79,53,-26,8725,ＭＳ＆ＡＤインシュアランスグループホールディングス株式会社,保険業,上場,47.2,21.7,12376260.0,9826405,0.794,478.0,46856.0,0.0102,本社のみ,金融業・保険業,tag,2026-03-31,E03854,4010001116542,S100YNCJ
80,199,119,2413,エムスリー株式会社,サービス業,上場,34.8,4.0,9759000.0,9779673,1.0021,750.0,17010.0,0.0441,本社のみ,サービス業,tag,2026-03-31,E05425,1010401063016,S100YJ25
81,88,7,6954,ファナック株式会社,電気機器,上場,40.0,15.3,11444000.0,9764630,0.8533,4842.0,10040.0,0.4823,,製造業,tag,2026-03-31,E01946,3090001010053,S100YG3Q
82,104,22,3769,ＧＭＯペイメントゲートウェイ株式会社,情報・通信業,上場,37.5,6.3,10973370.0,9748267,0.8884,594.0,882.0,0.6735,,情報通信業,tag,2025-09-30,E05476,6011001005411,S100X9RU
83,67,-16,5021,コスモエネルギーホールディングス株式会社,石油・石炭製品,上場,42.0,13.0,11881994.0,9742702,0.82,267.0,6675.0,0.04,本社のみ,製造業,tag,2026-03-31,E31632,1010401120741,S100YI3A
84,71,-13,1982,日比谷総合設備株式会社,建設業,上場,45.1,18.4,11827490.0,9732911,0.8229,815.0,967.0,0.8428,,建設業,tag,2026-03-31,E00168,9010401025405,S100YJU0
85,58,-27,1717,明豊ファシリティワークス株式会社,建設業,上場,46.5,10.6,12177000.0,9675166,0.7945,208.0,,,,建設業,tag,2026-03-31,E05377,7010001072436,S100YGMU
86,56,-30,,株式会社日本経済新聞社,その他製品,非上場,44.17,18.0,12244889.0,9655159,0.7885,2700.0,10174.0,0.2654,,製造業,textblock,2025-12-31,E00738,3010001033086,S100XTS5
87,86,-1,,株式会社竹中工務店,建設業,非上場,44.6,18.9,11527044.0,9621594,0.8347,7907.0,14006.0,0.5645,,建設業,textblock,2025-12-31,E00169,3120001077469,S100XU22
88,65,-23,8012,長瀬産業株式会社,卸売業,上場,41.2,14.7,11901000.0,9609123,0.8074,942.0,7756.0,0.1215,,卸売業・小売業,tag,2026-03-31,E02552,4120001049021,S100YBTV
89,115,26,6366,千代田化工建設株式会社,建設業,上場,42.3,14.3,10793000.0,9589292,0.8885,1661.0,3489.0,0.4761,,建設業,tag,2026-03-31,E01569,3020001018029,S100YEDH
90,133,43,1808,株式会社　長谷工コーポレーション,建設業,上場,39.4,14.7,10399403.0,9586086,0.9218,2711.0,8875.0,0.3055,,建設業,tag,2026-03-31,E00090,7010401024061,S100YJVQ
91,28,-63,9404,日本テレビホールディングス株式会社,情報・通信業,上場,48.6,17.0,13983167.0,9573247,0.6846,235.0,5933.0,0.0396,本社のみ,情報通信業,tag,2026-03-31,E04410,1010401051458,S100Y9BG
92,80,-12,8411,株式会社みずほフィナンシャルグループ,銀行業,上場,42.5,16.9,11665000.0,9569840,0.8204,2867.0,52427.0,0.0547,本社のみ,金融業・保険業,tag,2026-03-31,E03615,9010001081419,S100YF8Y
93,110,17,9519,株式会社レノバ,電気・ガス業,上場,42.1,4.6,10862278.0,9479958,0.8727,220.0,314.0,0.7006,,電気・ガス業,tag,2026-03-31,E32967,7011001037180,S100YD7F
94,105,11,1952,新日本空調株式会社,建設業,上場,43.3,15.9,10943000.0,9468854,0.8653,1256.0,1698.0,0.7397,,建設業,tag,2026-03-31,E00227,2010001062912,S100YDMT
95,37,-58,9401,株式会社ＴＢＳホールディングス,情報・通信業,上場,45.6,14.0,13279000.0,9468790,0.7131,269.0,8518.0,0.0316,本社のみ,情報通信業,tag,2026-03-31,E04375,5010401020855,S100YI1U
96,274,178,5867,株式会社エスネットワークス,サービス業,上場,33.2,4.6,9262000.0,9441626,1.0194,155.0,279.0,0.5556,,サービス業,tag,2025-12-31,E38078,7010401041874,S100XS2Y
97,95,-2,4812,株式会社電通総研,情報・通信業,上場,39.9,10.7,11250000.0,9403150,0.8358,2492.0,4618.0,0.5396,,情報通信業,tag,2025-12-31,E05147,7010401053829,S100XRJK
98,84,-14,6758,ソニーグループ株式会社,電気機器,上場,42.7,16.0,11550986.0,9384371,0.8124,2166.0,94900.0,0.0228,本社のみ,製造業,tag,2026-03-31,E01777,5010401067252,S100YE2C
99,75,-24,,サントリーホールディングス株式会社,食料品,非上場,43.7,17.7,11762284.0,9384151,0.7978,1557.0,41628.0,0.0374,本社のみ,製造業,textblock,2025-12-31,E22559,3120001136159,S100XSOR
100,79,-21,2433,株式会社博報堂ＤＹホールディングス,サービス業,上場,42.5,13.0,11683000.0,9355137,0.8007,144.0,28921.0,0.005,本社のみ,サービス業,tag,2026-03-31,E05410,4010401051711,S100YHXU
101,43,-58,4716,日本オラクル株式会社,情報・通信業,上場,45.3,11.6,12982722.0,9354079,0.7205,2097.0,,,,情報通信業,tag,2026-05-31,E05027,4010401078085,S100YY0V
102,108,6,7177,ＧＭＯフィナンシャルホールディングス株式会社,証券、商品先物取引業,上場,40.33,8.47,10889000.0,9340922,0.8578,150.0,476.0,0.3151,,金融業・保険業,tag,2025-12-31,E26815,9011001072077,S100XSFM
103,124,21,,ダイビル株式会社,不動産業,非上場,38.6,9.5,10632000.0,9322633,0.8768,128.0,2292.0,0.0558,本社のみ,不動産業,tag,2026-03-31,E03861,3120001066364,S100YEN4
104,245,141,4165,株式会社プレイド,情報・通信業,上場,35.2,2.8,9397000.0,9297348,0.9894,396.0,531.0,0.7458,,情報通信業,tag,2025-09-30,E34973,7010401096035,S100XAX3
105,107,2,1965,株式会社テクノ菱和,建設業,上場,44.0,15.0,10919000.0,9289832,0.8508,856.0,981.0,0.8726,,建設業,tag,2026-03-31,E00225,3010401018661,S100YF2U
106,299,193,4751,株式会社サイバーエージェント,サービス業,上場,33.8,6.5,9138000.0,9255389,1.0128,2588.0,8150.0,0.3175,,サービス業,tag,2025-09-30,E05072,4011001034156,S100XCU9
107,93,-14,4503,アステラス製薬株式会社,医薬品,上場,42.5,15.4,11315057.0,9241464,0.8167,4081.0,14099.0,0.2895,,製造業,tag,2026-03-31,E00920,5010001034966,S100YBPK
108,127,19,1662,石油資源開発株式会社,鉱業,上場,39.81,14.08,10606937.0,9240569,0.8712,993.0,1670.0,0.5946,,鉱業,tag,2026-03-31,E00041,3010001108219,S100YERU
109,296,187,3288,株式会社オープンハウスグループ,不動産業,上場,34.7,4.5,9143467.0,9234936,1.01,307.0,6620.0,0.0464,本社のみ,不動産業,tag,2025-09-30,E27842,5011001028165,S100XBTG
110,81,-29,2337,いちご株式会社,サービス業,上場,43.6,7.0,11651000.0,9221942,0.7915,116.0,729.0,0.1591,,サービス業,tag,2026-02-28,E05314,1010001068118,S100Y50H
111,91,-20,5020,ＥＮＥＯＳホールディングス株式会社,石油・石炭製品,上場,43.0,17.0,11376982.0,9211334,0.8096,1207.0,34099.0,0.0354,本社のみ,製造業,tag,2026-03-31,E24050,9010001131743,S100YF7I
112,660,548,3241,株式会社ウィル,不動産業,上場,30.0,6.6,7966338.0,9209509,1.1561,197.0,272.0,0.7243,,不動産業,tag,2025-12-31,E04068,2140001081230,S100XUX4
113,117,4,9348,株式会社ｉｓｐａｃｅ,輸送用機器,上場,40.2,2.8,10758484.0,9188543,0.8541,183.0,333.0,0.5495,,製造業,tag,2026-03-31,E37584,3030003001527,S100YL5W
114,114,0,7936,株式会社アシックス,その他製品,上場,40.4,12.2,10798440.0,9186550,0.8507,988.0,9455.0,0.1045,,製造業,tag,2025-12-31,E02378,8140001005877,S100XOKI
115,174,59,8078,阪和興業株式会社,卸売業,上場,37.4,11.3,9976000.0,9147079,0.9169,1820.0,6079.0,0.2994,,卸売業・小売業,tag,2026-03-31,E02554,8120001077530,S100YED6
116,90,-26,147A,株式会社ソラコム,情報・通信業,上場,41.85,4.81,11425000.0,9129142,0.799,101.0,201.0,0.5025,,情報通信業,tag,2026-03-31,E39483,9011001102783,S100YGJH
117,195,78,3139,株式会社ラクト・ジャパン,卸売業,上場,37.0,8.0,9815298.0,9125214,0.9297,151.0,424.0,0.3561,,卸売業・小売業,tag,2025-11-30,E31729,5010001051615,S100XMUD
118,87,-31,4502,武田薬品工業株式会社,医薬品,上場,44.0,14.8,11445000.0,9113684,0.7963,4792.0,47029.0,0.1019,,製造業,tag,2026-03-31,E00919,2120001077461,S100YB5L
119,239,120,8923,トーセイ株式会社,不動産業,上場,35.7,5.6,9443000.0,9103632,0.9641,302.0,875.0,0.3451,,不動産業,tag,2025-11-30,E04021,8010401064940,S100XMC1
120,125,5,1820,西松建設株式会社,建設業,上場,43.8,18.9,10618000.0,9098717,0.8569,2706.0,3442.0,0.7862,,建設業,tag,2026-03-31,E00060,8010401021454,S100YEDU
121,121,0,9193,東京汽船株式会社,倉庫・運輸関連,上場,41.4,17.5,10663000.0,9071055,0.8507,238.0,446.0,0.5336,,運輸業,tag,2026-03-31,E04336,7020001027926,S100YEHQ
122,310,188,7034,株式会社プロレド・パートナーズ,サービス業,上場,35.1,2.8,9074000.0,9050626,0.9974,283.0,329.0,0.8602,,サービス業,tag,2025-10-31,E34148,3010401075612,S100XHNU
123,184,61,9934,因幡電機産業株式会社,卸売業,上場,37.6,13.0,9894858.0,9017774,0.9114,1790.0,2230.0,0.8027,,卸売業・小売業,tag,2026-03-31,E02761,1120001041352,S100YFJE
124,154,30,1942,株式会社関電工,建設業,上場,42.4,19.3,10123347.0,9009010,0.8899,8110.0,10850.0,0.7475,,建設業,tag,2026-03-31,E00074,9010401006818,S100YDOZ
125,175,50,1944,株式会社きんでん,建設業,上場,41.6,19.5,9970353.0,9006702,0.9033,8676.0,15440.0,0.5619,,建設業,tag,2026-03-31,E00075,1120001063033,S100YFY8
126,605,479,4443,Ｓａｎｓａｎ株式会社,情報・通信業,上場,32.1,3.4,8100000.0,9001250,1.1113,2077.0,2336.0,0.8891,,情報通信業,tag,2026-05-31,E34960,4010001120965,S100YXFQ
127,216,89,4418,株式会社ＪＤＳＣ,情報・通信業,上場,36.3,1.6,9606000.0,8992045,0.9361,124.0,163.0,0.7607,,情報通信業,tag,2025-06-30,E37175,6010001193638,S100WQTJ
128,132,4,1803,清水建設株式会社,建設業,上場,43.7,16.1,10431000.0,8973312,0.8603,11434.0,22278.0,0.5132,,建設業,tag,2026-03-31,E00053,1010401013565,S100YDXD
129,112,-17,3636,株式会社三菱総合研究所,情報・通信業,上場,40.4,11.0,10817256.0,8971179,0.8293,1217.0,4695.0,0.2592,,情報通信業,tag,2025-09-30,E23492,6010001030403,S100X9BV
130,153,23,5444,大和工業株式会社,鉄鋼,上場,38.6,9.3,10129626.0,8950306,0.8836,130.0,2463.0,0.0528,本社のみ,製造業,tag,2026-03-31,E01259,8140001059873,S100YGVD
131,98,-33,8697,株式会社日本取引所グループ,その他金融業,上場,46.8,19.8,11132643.0,8945187,0.8035,223.0,1268.0,0.1759,,金融業・保険業,tag,2026-03-31,E03814,9120001098575,S100YA84
132,113,-19,7735,株式会社ＳＣＲＥＥＮホールディングス,電気機器,上場,42.0,13.9,10802000.0,8935000,0.8272,653.0,6884.0,0.0949,本社のみ,製造業,tag,2026-03-31,E02288,6130001003272,S100YK9N
133,201,68,4792,山田コンサルティンググループ株式会社,サービス業,上場,38.1,7.2,9750086.0,8930003,0.9159,898.0,1089.0,0.8246,,サービス業,tag,2026-03-31,E05135,8010001136859,S100YF7Q
134,100,-34,3962,株式会社チェンジホールディングス,情報・通信業,上場,41.6,4.1,11062000.0,8917509,0.8061,108.0,1439.0,0.0751,本社のみ,情報通信業,tag,2026-03-31,E32620,4011001048627,S100YJC3
135,161,26,1833,株式会社奥村組,建設業,上場,42.6,15.1,10062259.0,8914097,0.8859,2492.0,2586.0,0.9637,,建設業,tag,2026-03-31,E00083,7120001004931,S100Y95Z
136,191,55,4626,太陽ホールディングス株式会社,化学,上場,37.5,8.6,9844903.0,8898626,0.9039,176.0,2561.0,0.0687,本社のみ,製造業,tag,2026-03-31,E00913,3011601003833,S100YBLG
137,96,-41,4523,エーザイ株式会社,医薬品,上場,44.5,18.5,11233821.0,8894671,0.7918,2979.0,10543.0,0.2826,,製造業,tag,2026-03-31,E00939,6010001000001,S100YB05
138,143,5,1720,東急建設株式会社,建設業,上場,43.5,18.0,10277668.0,8894502,0.8654,2562.0,2911.0,0.8801,,建設業,tag,2026-03-31,E00316,9011001040166,S100YFDZ
139,60,-79,,株式会社　テレビ西日本,情報・通信業,非上場,44.89,20.52,12068000.0,8872114,0.7352,156.0,533.0,0.2927,,情報通信業,textblock,2026-03-31,E04411,8290001005441,S100YJBQ
140,149,9,3176,三洋貿易株式会社,卸売業,上場,39.08,8.71,10204000.0,8869749,0.8692,323.0,747.0,0.4324,,卸売業・小売業,tag,2025-09-30,E02548,2010001017016,S100XABQ
141,139,-2,8014,蝶理株式会社,卸売業,上場,39.7,12.6,10360000.0,8834453,0.8527,391.0,1444.0,0.2708,,卸売業・小売業,tag,2026-03-31,E02509,3120001077485,S100YBIN
142,119,-23,7011,三菱重工業株式会社,機械,上場,42.3,18.5,10724514.0,8833938,0.8237,23373.0,78793.0,0.2966,,製造業,tag,2026-03-31,E02126,8010401050387,S100YHZG
143,158,15,9201,日本航空株式会社,空運業,上場,40.2,14.9,10112000.0,8823952,0.8726,14627.0,39076.0,0.3743,,運輸業,tag,2026-03-31,E04272,7010701007666,S100YFIO
144,137,-7,1860,戸田建設株式会社,建設業,上場,44.27,18.35,10382444.0,8817632,0.8493,4404.0,7286.0,0.6044,,建設業,tag,2026-03-31,E00147,6010001034874,S100YG3E
145,142,-3,8593,三菱ＨＣキャピタル株式会社,その他金融業,上場,40.6,15.0,10292000.0,8817274,0.8567,2111.0,7950.0,0.2655,,金融業・保険業,tag,2026-03-31,E04788,4010001049866,S100YF4V
146,145,-1,141A,株式会社トライアルホールディングス,小売業,上場,39.5,2.0,10251000.0,8799255,0.8584,117.0,7080.0,0.0165,本社のみ,卸売業・小売業,tag,2025-06-30,E38525,9290001071458,S100WRQT
147,106,-41,4528,小野薬品工業株式会社,医薬品,上場,43.7,17.4,10935334.0,8792288,0.804,3396.0,4206.0,0.8074,,製造業,tag,2026-03-31,E00945,7120001077374,S100YA20
148,111,-37,4901,富士フイルムホールディングス株式会社,化学,上場,43.3,17.2,10855077.0,8789407,0.8097,1198.0,73526.0,0.0163,本社のみ,製造業,tag,2026-03-31,E00988,6010401065370,S100YIBH
149,202,53,6379,レイズネクスト株式会社,建設業,上場,42.0,15.4,9750000.0,8785758,0.9011,1704.0,2153.0,0.7915,,建設業,tag,2026-03-31,E01577,3020001017402,S100YDME
150,116,-34,4839,株式会社ＷＯＷＯＷ,情報・通信業,上場,41.2,13.6,10769000.0,8780861,0.8154,331.0,801.0,0.4132,,情報通信業,tag,2026-03-31,E04427,7010401022214,S100YDWH
151,222,71,1835,東鉄工業株式会社,建設業,上場,40.0,14.0,9537215.0,8774328,0.92,1714.0,1921.0,0.8922,,建設業,tag,2026-03-31,E00112,6011101014147,S100YA1U
152,226,74,5574,株式会社ＡＢＥＪＡ,情報・通信業,上場,36.7,2.7,9527000.0,8758004,0.9193,133.0,,,,情報通信業,tag,2025-08-31,E38109,5011001091576,S100X6IA
153,772,619,3475,株式会社グッドコムアセット,不動産業,上場,31.0,4.6,7720000.0,8743093,1.1325,105.0,245.0,0.4286,,不動産業,tag,2025-10-31,E30726,5011101047222,S100XHS4
154,278,124,3993,株式会社ＰＫＳＨＡ　Ｔｅｃｈｎｏｌｏｇｙ,情報・通信業,上場,36.1,1.5,9228000.0,8732776,0.9463,366.0,1001.0,0.3656,,情報通信業,tag,2025-09-30,E33391,5011101064787,S100XC4P
155,150,-5,1885,東亜建設工業株式会社,建設業,上場,44.0,17.8,10193864.0,8725997,0.856,1880.0,2145.0,0.8765,,建設業,tag,2026-03-31,E00080,3011101055078,S100YCGY
156,92,-64,4004,株式会社レゾナック・ホールディングス,化学,上場,46.3,16.2,11319076.0,8717057,0.7701,346.0,21525.0,0.0161,本社のみ,製造業,tag,2025-12-31,E00751,9010401014548,S100XTT8
157,236,79,1811,株式会社錢高組,建設業,上場,40.0,13.9,9453434.0,8701303,0.9204,880.0,885.0,0.9944,,建設業,tag,2026-03-31,E00069,5120001049004,S100YJ24
158,148,-10,8088,岩谷産業株式会社,卸売業,上場,39.8,15.3,10206000.0,8689327,0.8514,1384.0,12113.0,0.1143,,卸売業・小売業,tag,2026-03-31,E02567,8120001077357,S100YBEM
159,189,30,9697,株式会社カプコン,情報・通信業,上場,38.1,11.2,9852000.0,8682602,0.8813,3593.0,3976.0,0.9037,,情報通信業,tag,2026-03-31,E02417,3120001077023,S100YCGO
160,122,-38,4091,日本酸素ホールディングス株式会社,化学,上場,43.0,16.0,10641000.0,8675084,0.8153,108.0,20411.0,0.0053,本社のみ,製造業,tag,2026-03-31,E00783,7010701015826,S100YB9P
161,103,-58,4568,第一三共株式会社,医薬品,上場,45.0,19.9,10976771.0,8649235,0.788,8009.0,20171.0,0.3971,,製造業,tag,2026-03-31,E00984,1010001095640,S100YEY0
162,128,-34,7380,株式会社十六フィナンシャルグループ,銀行業,上場,44.9,21.9,10569000.0,8632489,0.8168,176.0,2322.0,0.0758,本社のみ,金融業・保険業,tag,2026-03-31,E36703,7200001039259,S100YA7J
163,123,-40,1719,株式会社安藤・間,建設業,上場,46.3,17.2,10633244.0,8617141,0.8104,3427.0,3957.0,0.8661,,建設業,tag,2026-03-31,E00317,2010401051696,S100YHJP
164,109,-55,7500,西川計測株式会社,卸売業,上場,42.3,16.9,10880000.0,8611692,0.7915,403.0,,,,卸売業・小売業,tag,2025-06-30,E02847,1010401021428,S100WQDH
165,136,-29,7867,株式会社タカラトミー,その他製品,上場,42.1,12.7,10382618.0,8607581,0.829,630.0,2574.0,0.2448,,製造業,tag,2026-03-31,E02450,8011801003488,S100YHL0
166,120,-46,7389,株式会社あいちフィナンシャルグループ,銀行業,上場,47.2,23.0,10671000.0,8606574,0.8065,164.0,2562.0,0.064,本社のみ,金融業・保険業,tag,2026-03-31,E37781,1180001153290,S100YE5H
167,434,267,3092,株式会社ＺＯＺＯ,小売業,上場,34.7,7.5,8558000.0,8603279,1.0053,1662.0,1894.0,0.8775,,卸売業・小売業,tag,2026-03-31,E05725,4040001010503,S100Y951
168,233,65,1815,鉄建建設株式会社,建設業,上場,41.5,16.3,9477172.0,8596232,0.907,1693.0,1837.0,0.9216,,建設業,tag,2026-03-31,E00065,2010001008709,S100YGCF
169,162,-7,7203,トヨタ自動車株式会社,輸送用機器,上場,40.5,15.1,10060464.0,8594370,0.8543,73133.0,390927.0,0.1871,,製造業,tag,2026-03-31,E02144,1180301018771,S100Y8NY
170,129,-41,9432,ＮＴＴ株式会社,情報・通信業,上場,41.4,15.6,10562434.0,8594215,0.8137,2606.0,344196.0,0.0076,本社のみ,情報通信業,tag,2026-03-31,E04430,7010001065142,S100YCP3
171,151,-20,7148,株式会社ＦＰＧ,証券、商品先物取引業,上場,41.4,4.9,10187000.0,8593084,0.8435,309.0,383.0,0.8068,,金融業・保険業,tag,2025-09-30,E24651,3010001086522,S100XBXT
172,126,-46,2802,味の素株式会社,食料品,上場,43.5,18.9,10613479.0,8588193,0.8092,3705.0,34787.0,0.1065,,製造業,tag,2026-03-31,E00436,8010001034740,S100Y992
173,165,-8,1964,中外炉工業株式会社,建設業,上場,44.1,12.7,10040943.0,8587620,0.8553,490.0,748.0,0.6551,,建設業,tag,2026-03-31,E00119,2120001049015,S100YBFQ
174,439,265,4259,株式会社エクサウィザーズ,情報・通信業,上場,34.9,3.0,8550000.0,8579622,1.0035,270.0,624.0,0.4327,,情報通信業,tag,2026-03-31,E37158,2010001173536,S100YFZ6
175,102,-73,6857,株式会社アドバンテスト,電気機器,上場,45.68,20.16,10977033.0,8563381,0.7801,2033.0,7241.0,0.2808,,製造業,tag,2026-03-31,E01950,9011601000379,S100YKTA
176,234,58,1723,日本電技株式会社,建設業,上場,42.0,16.9,9466928.0,8547032,0.9028,954.0,989.0,0.9646,,建設業,tag,2026-03-31,E00313,1010601021483,S100YH9O
177,135,-42,6323,ローツェ株式会社,機械,上場,42.6,15.5,10391228.0,8546134,0.8224,259.0,4435.0,0.0584,本社のみ,製造業,tag,2026-02-28,E02328,9240001029584,S100Y5GM
178,134,-44,8591,オリックス株式会社,その他金融業,上場,44.2,15.8,10396546.0,8540300,0.8215,3016.0,37286.0,0.0809,本社のみ,金融業・保険業,tag,2026-03-31,E04762,8010401006942,S100YG5L
179,160,-19,8473,ＳＢＩホールディングス株式会社,証券、商品先物取引業,上場,41.3,5.7,10065718.0,8517355,0.8462,389.0,18669.0,0.0208,本社のみ,金融業・保険業,tag,2026-03-31,E05159,6010401045208,S100YK3R
180,252,72,1893,五洋建設株式会社,建設業,上場,41.3,16.7,9358808.0,8511675,0.9095,3439.0,3991.0,0.8617,,建設業,tag,2026-03-31,E00086,1010001000006,S100YF3Y
181,141,-40,4507,塩野義製薬株式会社,医薬品,上場,42.4,15.6,10300842.0,8506178,0.8258,2808.0,6223.0,0.4512,,製造業,tag,2026-03-31,E00923,9120001077430,S100YF57
182,166,-16,2914,日本たばこ産業株式会社,食料品,上場,41.0,14.7,10039116.0,8504626,0.8471,5303.0,52867.0,0.1003,,製造業,tag,2025-12-31,E00492,4010401023000,S100XSSA
183,163,-20,8098,稲畑産業株式会社,卸売業,上場,40.11,13.0,10058000.0,8500860,0.8452,678.0,4719.0,0.1437,,卸売業・小売業,tag,2026-03-31,E02517,4120001077360,S100YB2W
184,520,336,480A,株式会社リブ・コンサルティング,サービス業,上場,33.0,3.0,8314000.0,8493544,1.0216,261.0,345.0,0.7565,,サービス業,tag,2025-12-31,E41154,4010001148263,S100XT4I
185,247,62,1787,株式会社ナカボーテック,建設業,上場,41.9,15.9,9389000.0,8489251,0.9042,282.0,,,,建設業,tag,2026-03-31,E00260,7010001053015,S100YF2C
186,501,315,4369,株式会社　トリケミカル研究所,化学,上場,34.5,9.02,8377000.0,8483148,1.0127,265.0,313.0,0.8466,,製造業,tag,2026-01-31,E02490,2090001008148,S100XYYG
187,197,10,,株式会社ＪＥＲＡ,電気・ガス業,非上場,43.4,16.4,9796000.0,8473710,0.865,4504.0,,,,電気・ガス業,textblock,2026-03-31,E34837,6010001167617,S100YCJZ
188,228,40,9602,東宝株式会社,情報・通信業,上場,37.9,9.2,9522132.0,8452370,0.8877,529.0,4088.0,0.1294,,情報通信業,tag,2026-02-28,E04583,3010001008708,S100Y5O3
189,204,15,8075,神鋼商事株式会社,卸売業,上場,39.3,14.3,9739000.0,8442006,0.8668,465.0,1428.0,0.3256,,卸売業・小売業,tag,2026-03-31,E02522,5120001077442,S100YEV4
190,172,-18,6454,マックス株式会社,機械,上場,41.3,16.5,10002000.0,8433450,0.8432,977.0,2470.0,0.3955,,製造業,tag,2026-03-31,E02381,2010001057739,S100YHEY
191,194,3,1871,ピーエス・コンストラクション株式会社,建設業,上場,44.0,19.0,9816216.0,8432354,0.859,1156.0,1624.0,0.7118,,建設業,tag,2026-03-31,E01161,1010001008742,S100YEO8
192,146,-46,8511,日本証券金融株式会社,その他金融業,上場,44.05,19.97,10227913.0,8423602,0.8236,215.0,279.0,0.7706,,金融業・保険業,tag,2026-03-31,E03688,3010001034992,S100YIQY
193,230,37,,東光電気工事株式会社,建設業,非上場,42.8,15.7,9513019.0,8422536,0.8854,1366.0,1698.0,0.8045,,建設業,textblock,2026-03-31,E00265,1010001024087,S100YEMK
194,193,-1,7974,任天堂株式会社,その他製品,上場,40.5,14.6,9824708.0,8410485,0.8561,3084.0,8666.0,0.3559,,製造業,tag,2026-03-31,E02367,1130001011420,S100Y9NX
195,288,93,9622,株式会社スペース,サービス業,上場,38.2,12.5,9185000.0,8408514,0.9155,949.0,990.0,0.9586,,サービス業,tag,2025-12-31,E04902,7010001047784,S100XT9C
196,583,387,,楽天カード株式会社,その他金融業,非上場,34.0,7.4,8169000.0,8404717,1.0289,2208.0,3432.0,0.6434,,金融業・保険業,tag,2025-12-31,E35230,2010701019377,S100XT9M
197,519,322,4733,株式会社オービックビジネスコンサルタント,情報・通信業,上場,34.7,11.6,8314685.0,8401708,1.0105,1065.0,,,,情報通信業,tag,2026-03-31,E05048,6011101003926,S100YD49
198,275,77,1814,大末建設株式会社,建設業,上場,41.7,16.8,9261812.0,8397418,0.9067,605.0,680.0,0.8897,,建設業,tag,2026-03-31,E00093,5120001083408,S100YK21
199,783,584,3491,株式会社ＧＡ　ｔｅｃｈｎｏｌｏｇｉｅｓ,不動産業,上場,32.5,3.7,7700000.0,8392727,1.09,663.0,1665.0,0.3982,,不動産業,tag,2025-10-31,E34177,9011001093998,S100XHWU
200,333,133,7175,今村証券株式会社,証券、商品先物取引業,上場,37.1,14.9,8987000.0,8387688,0.9333,191.0,,,,金融業・保険業,tag,2026-03-31,E30982,9220001001223,S100YCMX
201,130,-71,9433,ＫＤＤＩ株式会社,情報・通信業,上場,42.3,16.4,10510939.0,8387619,0.798,9891.0,73198.0,0.1351,,情報通信業,tag,2026-03-31,E04425,9011101031552,S100YKG2
202,138,-64,6368,オルガノ株式会社,機械,上場,43.7,15.5,10366000.0,8384806,0.8089,1283.0,2658.0,0.4827,,製造業,tag,2026-03-31,E01571,3010601025111,S100YK07
203,173,-30,2503,キリンホールディングス株式会社,食料品,上場,41.6,13.6,9985539.0,8379077,0.8391,1124.0,31144.0,0.0361,本社のみ,製造業,tag,2025-12-31,E00395,5010001034768,S100XTVS
204,258,54,8844,株式会社コスモスイニシア,不動産業,上場,37.8,10.2,9342813.0,8371931,0.8961,640.0,1295.0,0.4942,,不動産業,tag,2026-03-31,E03938,2010401094621,S100YCZ3
205,147,-58,,株式会社ＳＢＩ証券,証券、商品先物取引業,非上場,44.9,7.1,10209822.0,8370589,0.8199,1111.0,2320.0,0.4789,,金融業・保険業,textblock,2026-03-31,E03816,3010401049814,S100YNPY
206,198,-8,8424,芙蓉総合リース株式会社,その他金融業,上場,40.9,13.8,9788000.0,8370556,0.8552,876.0,4410.0,0.1986,,金融業・保険業,tag,2026-03-31,E05438,3010001028689,S100YF6A
207,200,-7,1911,住友林業株式会社,建設業,上場,44.1,16.0,9755717.0,8366702,0.8576,5581.0,27613.0,0.2021,,建設業,tag,2025-12-31,E00011,4010001090011,S100XTVO
208,461,253,4475,ＨＥＮＮＧＥ株式会社,情報・通信業,上場,35.3,4.5,8478000.0,8352646,0.9852,378.0,390.0,0.9692,,情報通信業,tag,2025-09-30,E35150,2011001034562,S100XCC9
209,358,149,1879,新日本建設株式会社,建設業,上場,38.1,12.5,8879186.0,8352309,0.9407,539.0,689.0,0.7823,,建設業,tag,2026-03-31,E00221,2040001003186,S100YHI2
210,303,93,1736,株式会社　オーテック,建設業,上場,40.9,15.3,9119836.0,8338958,0.9144,439.0,573.0,0.7661,,建設業,tag,2026-03-31,E00304,8010601001272,S100YKWY
211,187,-24,5830,株式会社いよぎんホールディングス,銀行業,上場,41.5,18.5,9873000.0,8336645,0.8444,246.0,3098.0,0.0794,本社のみ,金融業・保険業,tag,2026-03-31,E37725,3500001024507,S100YBIB
212,155,-57,6702,富士通株式会社,電気機器,上場,42.7,17.6,10122665.0,8335568,0.8235,32224.0,99203.0,0.3248,,製造業,tag,2026-03-31,E01766,1020001071491,S100YM3K
213,206,-7,4186,東京応化工業株式会社,化学,上場,40.7,16.7,9729000.0,8307724,0.8539,1555.0,2132.0,0.7294,,製造業,tag,2025-12-31,E00854,3020001069823,S100XT0N
214,156,-58,8061,西華産業株式会社,卸売業,上場,41.2,14.9,10119431.0,8304166,0.8206,359.0,1558.0,0.2304,,卸売業・小売業,tag,2026-03-31,E02512,6010001008696,S100Y935
215,449,234,4755,楽天グループ株式会社,サービス業,上場,36.0,6.3,8508495.0,8304159,0.976,9989.0,29419.0,0.3395,,サービス業,tag,2025-12-31,E05080,9010701020592,S100XTNW
216,237,21,9502,中部電力株式会社,電気・ガス業,上場,42.5,19.0,9452983.0,8303142,0.8784,3367.0,22700.0,0.1483,,電気・ガス業,tag,2026-03-31,E04502,3180001017428,S100YDH0
217,213,-4,1878,大東建託株式会社,建設業,上場,44.03,11.57,9656096.0,8302343,0.8598,8400.0,19326.0,0.4346,,建設業,tag,2026-03-31,E00218,4010401016607,S100YFJK
218,176,-42,5019,出光興産株式会社,石油・石炭製品,上場,42.0,17.0,9952943.0,8300010,0.8339,5120.0,14392.0,0.3558,,製造業,tag,2026-03-31,E01084,9010001011318,S100YCS3
219,454,235,9766,コナミグループ株式会社,情報・通信業,上場,35.5,10.8,8502600.0,8296085,0.9757,259.0,5186.0,0.0499,本社のみ,情報通信業,tag,2026-03-31,E01956,9010401070789,S100YKX5
220,185,-35,4704,トレンドマイクロ株式会社,情報・通信業,上場,40.3,9.1,9888472.0,8292441,0.8386,725.0,6717.0,0.1079,,情報通信業,tag,2025-12-31,E04999,9011001030704,S100XUHN
221,170,-51,7013,株式会社ＩＨＩ,機械,上場,42.4,15.2,10005041.0,8287270,0.8283,8199.0,26224.0,0.3127,,製造業,tag,2026-03-31,E02128,4010601031604,S100YENT
222,144,-78,4768,株式会社　大塚商会,情報・通信業,上場,42.0,17.6,10276291.0,8285955,0.8063,8287.0,10079.0,0.8222,,情報通信業,tag,2025-12-31,E05099,1010001012983,S100XU0X
223,178,-45,6501,株式会社日立製作所,電気機器,上場,42.2,18.1,9949714.0,8271825,0.8314,25934.0,287901.0,0.0901,本社のみ,製造業,tag,2026-03-31,E01737,7010001008844,S100YGBO
224,203,-21,1963,日揮ホールディングス株式会社,建設業,上場,44.6,12.8,9749814.0,8271294,0.8484,245.0,8154.0,0.03,本社のみ,建設業,tag,2026-03-31,E01575,3010001008732,S100YEFQ
225,246,21,9503,関西電力株式会社,電気・ガス業,上場,42.4,19.4,9389646.0,8263604,0.8801,8336.0,32482.0,0.2566,,電気・ガス業,tag,2026-03-31,E04499,3120001059632,S100YFXZ
226,283,57,6330,東洋エンジニアリング株式会社,建設業,上場,42.4,15.3,9202714.0,8245521,0.896,973.0,4559.0,0.2134,,建設業,tag,2026-03-31,E01661,9010001024113,S100YI4K
227,157,-70,,森ビル株式会社,不動産業,非上場,43.5,16.1,10117000.0,8234431,0.8139,1579.0,4407.0,0.3583,,不動産業,textblock,2026-03-31,E07846,1010401029669,S100YMMQ
228,227,-1,6309,巴工業株式会社,機械,上場,40.2,13.7,9525000.0,8218113,0.8628,483.0,724.0,0.6671,,製造業,tag,2025-10-31,E01705,2010701018429,S100XHQ6
229,229,0,4587,ペプチドリーム株式会社,医薬品,上場,40.2,5.4,9519000.0,8213393,0.8628,169.0,645.0,0.262,,製造業,tag,2025-12-31,E27486,5013201015694,S100XRP4
230,241,11,9301,三菱倉庫株式会社,倉庫・運輸関連,上場,40.7,15.6,9430883.0,8209350,0.8705,1026.0,4991.0,0.2056,,運輸業,tag,2026-03-31,E04283,8010001034947,S100YA7K
231,329,98,1869,名工建設株式会社,建設業,上場,41.2,18.1,8995000.0,8208907,0.9126,1110.0,1235.0,0.8988,,建設業,tag,2026-03-31,E00201,1180001027354,S100YK2R
232,169,-63,8133,伊藤忠エネクス株式会社,卸売業,上場,41.3,15.7,10009720.0,8202911,0.8195,421.0,5193.0,0.0811,本社のみ,卸売業・小売業,tag,2026-03-31,E02643,9010401078551,S100YC4K
233,177,-56,7186,株式会社横浜フィナンシャルグループ,銀行業,上場,44.6,18.8,9952000.0,8196011,0.8236,701.0,6313.0,0.111,,金融業・保険業,tag,2026-03-31,E32022,8010001174710,S100YA32
234,349,115,9166,株式会社ＧＥＮＤＡ,サービス業,上場,38.1,1.7,8911332.0,8194940,0.9196,158.0,2018.0,0.0783,本社のみ,サービス業,tag,2026-01-31,E38739,4010001191817,S100Y1F9
235,188,-47,4151,協和キリン株式会社,医薬品,上場,42.4,15.5,9866204.0,8184523,0.8296,3503.0,5161.0,0.6787,,製造業,tag,2025-12-31,E00816,7010001008670,S100XPTY
236,167,-69,6370,栗田工業株式会社,機械,上場,43.3,16.0,10017000.0,8183450,0.817,1677.0,8268.0,0.2028,,製造業,tag,2026-03-31,E01573,8011101023170,S100YBAT
237,547,310,9344,アクシスコンサルティング株式会社,サービス業,上場,35.4,2.5,8248000.0,8168404,0.9903,138.0,,,,サービス業,tag,2025-06-30,E38452,5010001078311,S100WQ81
238,588,350,2124,株式会社ジェイエイシーリクルートメント,サービス業,上場,35.0,3.9,8159000.0,8159000,1.0,2002.0,2398.0,0.8349,,サービス業,tag,2025-12-31,E05625,1010001019483,S100XU6Z
239,355,116,,株式会社藤木工務店,建設業,非上場,40.8,17.2,8894000.0,8152569,0.9166,373.0,,,,建設業,textblock,2026-03-31,E00253,8120001077539,S100YL08
240,179,-61,6701,日本電気株式会社,電気機器,上場,43.1,17.3,9939349.0,8151605,0.8201,21934.0,101800.0,0.2155,,製造業,tag,2026-03-31,E01765,7010401022916,S100YBFV
241,347,106,9733,株式会社ナガセ,サービス業,上場,38.3,12.0,8917862.0,8150699,0.914,486.0,1628.0,0.2985,,サービス業,tag,2026-03-31,E04824,9012401011590,S100YK8I
242,279,37,7485,岡谷鋼機株式会社,卸売業,上場,38.8,13.1,9227000.0,8146106,0.8829,773.0,6536.0,0.1183,,卸売業・小売業,tag,2026-02-28,E02553,7180001034964,S100Y5YH
243,240,-3,,オリックス銀行株式会社,銀行業,非上場,40.7,8.5,9434000.0,8127250,0.8615,926.0,,,,金融業・保険業,textblock,2026-03-31,E36338,1010401084739,S100YNMH
244,164,-80,7733,オリンパス株式会社,精密機器,上場,44.1,15.74,10056995.0,8115900,0.807,2469.0,28138.0,0.0877,本社のみ,製造業,tag,2026-03-31,E02272,5011001005222,S100YDN3
245,183,-62,,三井住友ファイナンス＆リース株式会社,サービス業,非上場,42.0,13.0,9901000.0,8098134,0.8179,2339.0,4621.0,0.5062,,サービス業,tag,2026-03-31,E04791,5010401072079,S100YJIN
246,360,114,9517,イーレックス株式会社,電気・ガス業,上場,38.9,4.9,8857104.0,8097485,0.9142,185.0,302.0,0.6126,,電気・ガス業,tag,2026-03-31,E31065,2010001066839,S100YKV1
247,180,-67,5334,日本特殊陶業株式会社,ガラス・土石製品,上場,43.5,19.4,9929045.0,8095841,0.8154,3208.0,15698.0,0.2044,,製造業,tag,2026-03-31,E01136,3180001010845,S100YJTF
248,207,-41,8059,第一実業株式会社,卸売業,上場,40.8,11.2,9720000.0,8093290,0.8326,725.0,1564.0,0.4636,,卸売業・小売業,tag,2026-03-31,E02578,5010001008714,S100YGOV
249,152,-97,2501,サッポロホールディングス株式会社,食料品,上場,44.8,18.5,10139000.0,8091711,0.7981,144.0,6102.0,0.0236,本社のみ,製造業,tag,2025-12-31,E00393,4011001009265,S100XTM0
250,182,-68,8377,株式会社ほくほくフィナンシャルグループ,銀行業,上場,46.2,20.9,9901000.0,8088582,0.8169,251.0,4618.0,0.0544,本社のみ,金融業・保険業,tag,2026-03-31,E03618,1230001004554,S100YBV5
251,1019,768,5537,株式会社ＡｌｂａＬｉｎｋ,不動産業,上場,32.1,1.7,7294000.0,8066310,1.1059,184.0,,,,不動産業,tag,2025-12-31,E39023,4010401091724,S100XV4H
252,270,18,8929,株式会社青山財産ネットワークス,不動産業,上場,39.9,6.47,9285000.0,8063297,0.8684,268.0,398.0,0.6734,,不動産業,tag,2025-12-31,E05407,4010401087540,S100XTDE
253,244,-9,1926,ライト工業株式会社,建設業,上場,44.3,17.5,9401000.0,8057289,0.8571,1028.0,1399.0,0.7348,,建設業,tag,2026-03-31,E00098,7010001008811,S100YIK2
254,223,-31,9716,株式会社乃村工藝社,サービス業,上場,40.9,10.3,9535205.0,8055428,0.8448,1587.0,2154.0,0.7368,,サービス業,tag,2026-02-28,E04835,4010401023652,S100Y66D
255,196,-59,6361,株式会社荏原製作所,機械,上場,43.1,14.4,9801912.0,8051723,0.8214,5489.0,21148.0,0.2596,,製造業,tag,2025-12-31,E01542,1010801001748,S100XS6E
256,414,158,9022,東海旅客鉄道株式会社,陸運業,上場,37.0,16.3,8605695.0,8037057,0.9339,18518.0,29569.0,0.6263,,運輸業,tag,2026-03-31,E04149,3180001031569,S100YD7H
257,524,267,325A,株式会社ＴＥＮＴＩＡＬ,小売業,上場,36.0,1.7,8305000.0,8025480,0.9663,161.0,,,,卸売業・小売業,tag,2025-08-31,E40398,9011001120604,S100X6TZ
258,208,-50,8425,みずほリース株式会社,その他金融業,上場,44.6,14.0,9718677.0,8025401,0.8258,838.0,2434.0,0.3443,,金融業・保険業,tag,2026-03-31,E05426,3010401094447,S100YESP
259,140,-119,6866,日置電機株式会社,電気機器,上場,46.7,21.3,10345989.0,8019692,0.7751,809.0,1153.0,0.7016,,製造業,tag,2025-12-31,E01999,6100001010247,S100XNNG
260,262,2,4488,ＡＩ　ｉｎｓｉｄｅ株式会社,情報・通信業,上場,39.4,3.04,9321000.0,8014558,0.8598,130.0,,,,情報通信業,tag,2026-03-31,E35345,6011001106762,S100YJYU
261,297,36,,株式会社三菱ＵＦＪ銀行,銀行業,非上場,40.1,15.8,9143000.0,7993112,0.8742,31691.0,122102.0,0.2595,,金融業・保険業,textblock,2026-03-31,E03533,5010001008846,S100YJSZ
262,369,107,1430,ファーストコーポレーション株式会社,建設業,上場,42.0,6.2,8809000.0,7992175,0.9073,179.0,199.0,0.8995,,建設業,tag,2026-05-31,E31306,2012701011066,S100YXXB
263,186,-77,6752,パナソニックホールディングス株式会社,電気機器,上場,44.1,18.6,9880585.0,7990905,0.8087,1431.0,183685.0,0.0078,本社のみ,製造業,tag,2026-03-31,E01772,5120001158218,S100YETA
264,286,22,9706,日本空港ビルデング株式会社,不動産業,上場,40.0,13.0,9198584.0,7983429,0.8679,326.0,3018.0,0.108,,不動産業,tag,2026-03-31,E03863,7010801014496,S100YGGN
265,370,105,4337,ぴあ株式会社,サービス業,上場,38.6,8.0,8805000.0,7981053,0.9064,437.0,621.0,0.7037,,サービス業,tag,2026-03-31,E03379,1011001069980,S100YDQN
266,219,-47,4005,住友化学株式会社,化学,上場,42.4,16.7,9585195.0,7976562,0.8322,6465.0,27491.0,0.2352,,製造業,tag,2026-03-31,E00752,2010001071327,S100YAUO
267,253,-14,2327,日鉄ソリューションズ株式会社,情報・通信業,上場,39.8,12.6,9357000.0,7974674,0.8523,4102.0,10276.0,0.3992,,情報通信業,tag,2026-03-31,E05304,9010001045803,S100YAEV
268,259,-9,,株式会社三井住友銀行,銀行業,非上場,41.2,17.5,9338000.0,7974389,0.854,28030.0,71100.0,0.3942,,金融業・保険業,textblock,2026-03-31,E03617,5010001008813,S100YEQG
269,1570,1301,3984,株式会社ユーザーローカル,情報・通信業,上場,28.7,4.5,6528000.0,7972841,1.2213,112.0,,,,情報通信業,tag,2025-06-30,E33026,9011001069346,S100WPIP
270,341,71,1950,日本電設工業株式会社,建設業,上場,42.8,16.7,8954499.0,7966931,0.8897,2582.0,4645.0,0.5559,,建設業,tag,2026-03-31,E00115,6010501016240,S100YGLL
271,267,-4,1866,北野建設株式会社,建設業,上場,44.5,15.9,9298000.0,7944591,0.8544,778.0,1143.0,0.6807,,建設業,tag,2026-03-31,E00175,7100001000742,S100YM22
272,342,70,9504,中国電力株式会社,電気・ガス業,上場,42.1,20.1,8945510.0,7939596,0.8876,3584.0,12606.0,0.2843,,電気・ガス業,tag,2026-03-31,E04504,4240001006753,S100YGCV
273,311,38,1928,積水ハウス株式会社,建設業,上場,43.5,16.2,9071924.0,7938321,0.875,14178.0,32186.0,0.4405,,建設業,tag,2026-01-31,E00143,8120001059652,S100XZ22
274,292,18,1861,株式会社　熊谷組,建設業,上場,44.0,18.6,9179351.0,7937154,0.8647,2740.0,4507.0,0.6079,,建設業,tag,2026-03-31,E00056,1210001001082,S100YK9Q
275,210,-65,9621,株式会社建設技術研究所,サービス業,上場,42.22,12.31,9701719.0,7934323,0.8178,2263.0,4087.0,0.5537,,サービス業,tag,2025-12-31,E04903,7010001042703,S100XUDU
276,406,130,,株式会社国際協力銀行,その他金融業,非上場,37.89,9.99,8632000.0,7932206,0.9189,866.0,886.0,0.9774,,金融業・保険業,textblock,2026-03-31,E26837,6010001145977,S100YECJ
277,1370,1093,3415,株式会社ＴＯＫＹＯ　ＢＡＳＥ,小売業,上場,27.1,2.1,6787000.0,7924382,1.1676,374.0,402.0,0.9303,,卸売業・小売業,tag,2026-01-31,E31742,9011001058992,S100Y0D8
278,255,-23,1852,株式会社淺沼組,建設業,上場,44.9,21.8,9350232.0,7918273,0.8469,1264.0,1806.0,0.6999,,建設業,tag,2026-03-31,E00120,8120001022651,S100YD5O
279,1217,938,3914,ＪＩＧ－ＳＡＷ株式会社,情報・通信業,上場,31.4,5.5,6977000.0,7907691,1.1334,161.0,171.0,0.9415,,情報通信業,tag,2025-12-31,E31436,3430001027574,S100XSVD
280,417,137,8421,信金中央金庫,その他金融業,上場,37.9,13.9,8600000.0,7902810,0.9189,1270.0,1849.0,0.6869,,金融業・保険業,tag,2026-03-31,E03729,3010005002392,S100YH59
281,285,4,5333,ＮＧＫ株式会社,ガラス・土石製品,上場,40.7,15.4,9200112.0,7897548,0.8584,5024.0,19869.0,0.2529,,製造業,tag,2026-03-31,E01137,3180001010829,S100YF7M
282,205,-77,6622,株式会社ダイヘン,電気機器,上場,44.0,20.0,9732000.0,7896894,0.8114,1203.0,4542.0,0.2649,,製造業,tag,2026-03-31,E01750,6120001056461,S100YEET
283,319,36,9551,メタウォーター株式会社,電気・ガス業,上場,43.3,16.8,9040509.0,7895218,0.8733,1850.0,3427.0,0.5398,,電気・ガス業,tag,2026-03-31,E31064,8010401075293,S100YBSD
284,131,-153,6730,株式会社アクセル,電気機器,上場,48.7,13.3,10480000.0,7893504,0.7532,104.0,132.0,0.7879,,製造業,tag,2026-03-31,E02077,9010001072343,S100YC4Y
285,322,37,3635,株式会社コーエーテクモホールディングス,情報・通信業,上場,38.8,9.8,9035323.0,7892356,0.8735,121.0,2835.0,0.0427,本社のみ,情報通信業,tag,2026-03-31,E22460,4020001061110,S100YEES
286,986,700,5139,オープンワーク株式会社,情報・通信業,上場,33.0,2.9,7346000.0,7890879,1.0742,148.0,,,,情報通信業,tag,2025-12-31,E38180,4011001063527,S100XTDI
287,348,61,,成田国際空港株式会社,倉庫・運輸関連,非上場,40.1,12.3,8917588.0,7878749,0.8835,900.0,3330.0,0.2703,,運輸業,textblock,2026-03-31,E04367,9040001044645,S100YHTZ
288,256,-32,4516,日本新薬株式会社,医薬品,上場,41.8,17.4,9349000.0,7872902,0.8421,1902.0,2309.0,0.8237,,製造業,tag,2026-03-31,E00931,2130001012236,S100YGRG
289,300,11,6503,三菱電機株式会社,電気機器,上場,40.5,15.3,9134603.0,7872214,0.8618,29949.0,150386.0,0.1991,,製造業,tag,2026-03-31,E01739,4010001008772,S100YD3V
290,287,-3,9042,阪急阪神ホールディングス株式会社,陸運業,上場,42.4,17.5,9198043.0,7858132,0.8543,241.0,23867.0,0.0101,本社のみ,運輸業,tag,2026-03-31,E04103,2120901019851,S100YCBL
291,325,34,4689,ＬＩＮＥヤフー株式会社,情報・通信業,上場,39.0,9.6,9023870.0,7849483,0.8699,10577.0,29863.0,0.3542,,情報通信業,tag,2026-03-31,E05000,4010401039979,S100YBXD
292,495,203,1799,第一建設工業株式会社,建設業,上場,39.1,14.1,8391111.0,7839404,0.9343,1004.0,,,,建設業,tag,2026-03-31,E00250,4110001002922,S100YILN
293,242,-51,6849,日本光電工業株式会社,電気機器,上場,42.6,15.8,9430148.0,7838585,0.8312,3768.0,6116.0,0.6161,,製造業,tag,2026-03-31,E01903,2011101016254,S100YHO8
294,220,-74,7172,株式会社ジャパンインベストメントアドバイザー,証券、商品先物取引業,上場,48.1,3.6,9575000.0,7828910,0.8176,231.0,343.0,0.6735,,金融業・保険業,tag,2025-12-31,E30841,7010401085533,S100XRRA
295,190,-105,6727,株式会社ワコム,電気機器,上場,45.5,11.5,9852000.0,7815738,0.7933,404.0,930.0,0.4344,,製造業,tag,2026-03-31,E02059,8030001033121,S100YHU2
296,470,174,1941,株式会社中電工,建設業,上場,40.2,18.8,8451000.0,7813422,0.9246,3465.0,4697.0,0.7377,,建設業,tag,2026-03-31,E00073,9240001006971,S100YD98
297,272,-25,1301,株式会社　極洋,水産・農林業,上場,41.6,16.5,9268717.0,7811771,0.8428,769.0,2542.0,0.3025,,産業計,tag,2026-03-31,E00012,1010401033225,S100YE8K
298,465,167,2121,株式会社ＭＩＸＩ,サービス業,上場,38.1,6.2,8470000.0,7808168,0.9219,1316.0,2116.0,0.6219,,サービス業,tag,2026-03-31,E05617,1011001035512,S100YE1D
299,118,-181,2760,東京エレクトロンデバイス株式会社,卸売業,上場,46.2,14.2,10749589.0,7801911,0.7258,1182.0,1408.0,0.8395,,卸売業・小売業,tag,2026-03-31,E02955,4020001009043,S100YBV4
300,215,-85,6525,株式会社ＫＯＫＵＳＡＩ　ＥＬＥＣＴＲＩＣ,電気機器,上場,44.1,18.0,9607105.0,7797131,0.8116,1193.0,2609.0,0.4573,,製造業,tag,2026-03-31,E37488,4010003024801,S100YJUA
301,264,-37,8439,東京センチュリー株式会社,その他金融業,上場,43.0,16.0,9316000.0,7796710,0.8369,1101.0,8583.0,0.1283,,金融業・保険業,tag,2026-03-31,E05346,6010401015821,S100YDRI
302,444,142,1870,矢作建設工業株式会社,建設業,上場,41.4,16.9,8523190.0,7791986,0.9142,1032.0,1491.0,0.6922,,建設業,tag,2026-03-31,E00148,6180001018506,S100YEMP
303,381,78,9507,四国電力株式会社,電気・ガス業,上場,42.0,18.5,8738019.0,7782633,0.8907,2111.0,7931.0,0.2662,,電気・ガス業,tag,2026-03-31,E04505,9470001001933,S100YH23
304,282,-22,9746,株式会社　ＴＫＣ,情報・通信業,上場,40.3,17.1,9209326.0,7781489,0.845,2458.0,2964.0,0.8293,,情報通信業,tag,2025-09-30,E04807,5060001002844,S100X9LY
305,225,-80,6590,芝浦メカトロニクス株式会社,電気機器,上場,43.8,18.5,9530954.0,7776072,0.8159,621.0,1269.0,0.4894,,製造業,tag,2026-03-31,E01757,8020001032660,S100YAST
306,171,-135,4578,大塚ホールディングス株式会社,医薬品,上場,46.9,3.3,10004876.0,7772198,0.7768,224.0,37758.0,0.0059,本社のみ,製造業,tag,2025-12-31,E21183,4010001118786,S100XUA7
307,328,21,7460,株式会社ヤギ,卸売業,上場,39.7,14.3,9002299.0,7771548,0.8633,271.0,799.0,0.3392,,卸売業・小売業,tag,2026-03-31,E02825,6120001077581,S100YHKP
308,291,-17,6383,株式会社ダイフク,機械,上場,41.6,14.7,9179854.0,7769837,0.8464,3858.0,11417.0,0.3379,,製造業,tag,2025-12-31,E01551,5120001050011,S100XT4W
309,473,164,9303,株式会社住友倉庫,倉庫・運輸関連,上場,37.9,12.9,8441000.0,7768158,0.9203,918.0,4473.0,0.2052,,運輸業,tag,2026-03-31,E04285,7120001049002,S100YHFI
310,309,-1,4182,三菱瓦斯化学株式会社,化学,上場,41.0,17.5,9076743.0,7764581,0.8554,2562.0,8319.0,0.308,,製造業,tag,2026-03-31,E00815,9010001008768,S100YEUU
311,249,-62,2269,明治ホールディングス株式会社,食料品,上場,43.0,18.0,9380000.0,7756297,0.8269,298.0,17103.0,0.0174,本社のみ,製造業,tag,2026-03-31,E21902,9010001123947,S100YILP
312,1367,1055,5132,株式会社ｐｌｕｓｚｅｒｏ,情報・通信業,上場,31.13,3.0,6792000.0,7753841,1.1416,113.0,,,,情報通信業,tag,2025-10-31,E38008,7010901042439,S100XHEY
313,1395,1082,4377,株式会社ワンキャリア,情報・通信業,上場,30.9,2.3,6743000.0,7745753,1.1487,294.0,295.0,0.9966,,情報通信業,tag,2025-12-31,E36944,8011001106991,S100XUP3
314,323,9,9005,東急株式会社,陸運業,上場,42.0,12.0,9034606.0,7738961,0.8566,1551.0,24262.0,0.0639,本社のみ,運輸業,tag,2026-03-31,E04090,7011001016291,S100YE63
315,295,-20,4828,ビジネスエンジニアリング株式会社,情報・通信業,上場,40.3,11.1,9149000.0,7736103,0.8456,580.0,748.0,0.7754,,情報通信業,tag,2026-03-31,E05167,9010001101119,S100YD7D
316,284,-32,,株式会社日本政策金融公庫,その他金融業,非上場,42.4,19.4,9201000.0,7736024,0.8408,7368.0,,,,金融業・保険業,textblock,2026-03-31,E23582,8010001120391,S100YDDI
317,307,-10,5401,日本製鉄株式会社,鉄鋼,上場,41.3,19.5,9086300.0,7735206,0.8513,32102.0,138453.0,0.2319,,製造業,tag,2026-03-31,E01225,3010001008848,S100YF8E
318,305,-13,3659,株式会社ネクソン,情報・通信業,上場,40.1,8.1,9104000.0,7733332,0.8494,233.0,9834.0,0.0237,本社のみ,情報通信業,tag,2025-12-31,E25850,6010001081280,S100XSM4
319,327,8,290A,株式会社Ｓｙｎｓｐｅｃｔｉｖｅ,情報・通信業,上場,39.7,3.2,9021000.0,7733050,0.8572,219.0,228.0,0.9605,,情報通信業,tag,2025-12-31,E40216,4010001189902,S100XUO9
320,764,444,8613,丸三証券株式会社,証券、商品先物取引業,上場,35.0,12.0,7729000.0,7729000,1.0,1130.0,,,,金融業・保険業,tag,2026-03-31,E03760,1010001057236,S100YC95
321,221,-100,7575,日本ライフライン株式会社,卸売業,上場,42.1,10.2,9558154.0,7723392,0.808,1085.0,1304.0,0.8321,,卸売業・小売業,tag,2026-03-31,E02881,2010701020987,S100YEH7
322,232,-90,6841,横河電機株式会社,電気機器,上場,44.0,16.0,9486104.0,7722227,0.8141,2240.0,18313.0,0.1223,,製造業,tag,2026-03-31,E01878,4012401012569,S100YE3H
323,332,9,4063,信越化学工業株式会社,化学,上場,40.8,18.8,8988000.0,7720741,0.859,4059.0,27342.0,0.1485,,製造業,tag,2026-03-31,E00776,5010001008680,S100YE9I
324,446,122,,株式会社商工組合中央金庫,銀行業,非上場,38.7,14.9,8522000.0,7705926,0.9042,3299.0,3587.0,0.9197,,金融業・保険業,tag,2026-03-31,E21951,9010001120408,S100YBW3
325,271,-54,8304,株式会社あおぞら銀行,銀行業,上場,44.6,16.6,9277000.0,7702439,0.8303,1928.0,2515.0,0.7666,,金融業・保険業,tag,2026-03-31,E03531,9010001016861,S100YCRO
326,306,-20,7012,川崎重工業株式会社,輸送用機器,上場,41.7,15.3,9101888.0,7698944,0.8459,15361.0,41652.0,0.3688,,製造業,tag,2026-03-31,E02127,1140001005719,S100Y99Z
327,359,32,8747,豊トラスティ証券株式会社,証券、商品先物取引業,上場,40.6,12.3,8866000.0,7697243,0.8682,356.0,358.0,0.9944,,金融業・保険業,tag,2026-03-31,E03716,6010001059649,S100YJ8P
328,293,-35,6013,株式会社タクマ,機械,上場,42.2,14.3,9171677.0,7693009,0.8388,1117.0,4504.0,0.248,,製造業,tag,2026-03-31,E01469,4140001053517,S100YB3J
329,436,107,2998,クリアル株式会社,不動産業,上場,38.0,2.2,8554000.0,7690202,0.899,208.0,299.0,0.6957,,不動産業,tag,2026-03-31,E37504,3010401093663,S100YIOE
330,257,-73,5803,株式会社フジクラ,非鉄金属,上場,43.4,15.4,9348000.0,7688774,0.8225,2333.0,50586.0,0.0461,本社のみ,製造業,tag,2026-03-31,E01334,2010601007861,S100YGP3
331,280,-51,8117,中央自動車工業株式会社,卸売業,上場,41.0,15.0,9224000.0,7685634,0.8332,282.0,348.0,0.8103,,卸売業・小売業,tag,2026-03-31,E02642,3120001067115,S100YFX5
332,304,-28,4540,株式会社ツムラ,医薬品,上場,41.9,15.5,9114000.0,7684350,0.8431,2858.0,4923.0,0.5805,,製造業,tag,2026-03-31,E01018,1010401069161,S100YFC1
333,235,-98,4204,積水化学工業株式会社,化学,上場,44.2,15.9,9462708.0,7684084,0.812,3156.0,26752.0,0.118,,製造業,tag,2026-03-31,E00820,1120001059650,S100YBAY
334,343,9,,株式会社豊田自動織機,輸送用機器,非上場,40.8,17.9,8933945.0,7678938,0.8595,14999.0,81808.0,0.1833,,製造業,tag,2026-03-31,E01514,3180301014273,S100YLTB
335,250,-85,4887,サワイグループホールディングス株式会社,医薬品,上場,43.7,8.8,9377000.0,7676962,0.8187,110.0,3630.0,0.0303,本社のみ,製造業,tag,2026-03-31,E36190,8120001236516,S100YITS
336,181,-155,,東京貿易ホールディングス株式会社,卸売業,非上場,43.8,6.6,9922000.0,7673250,0.7734,124.0,1264.0,0.0981,本社のみ,卸売業・小売業,tag,2026-03-31,E02625,7010001061629,S100YKBV
337,1099,762,6194,株式会社アトラエ,情報・通信業,上場,33.0,4.6,7143000.0,7672821,1.0742,124.0,,,,情報通信業,tag,2025-09-30,E32400,6010401060842,S100XAZ6
338,238,-100,8050,セイコーグループ株式会社,精密機器,上場,44.2,15.8,9446162.0,7672389,0.8122,175.0,11326.0,0.0155,本社のみ,製造業,tag,2026-03-31,E02280,9010001034797,S100YHM2
339,159,-180,268A,リガク・ホールディングス株式会社,精密機器,上場,48.4,9.5,10084000.0,7671505,0.7608,126.0,1971.0,0.0639,本社のみ,製造業,tag,2025-12-31,E39892,7010001214351,S100XTB1
340,460,120,7164,全国保証株式会社,その他金融業,上場,38.7,11.0,8481000.0,7671483,0.9045,319.0,378.0,0.8439,,金融業・保険業,tag,2026-03-31,E09753,8010001008694,S100YAIZ
341,266,-75,7381,株式会社ＣＣＩグループ,銀行業,上場,46.1,22.0,9305000.0,7663151,0.8236,107.0,1950.0,0.0549,本社のみ,金融業・保険業,tag,2026-03-31,E36700,5220001024450,S100YAOX
342,231,-111,4041,日本曹達株式会社,化学,上場,44.6,20.2,9491473.0,7661802,0.8072,1316.0,2407.0,0.5467,,製造業,tag,2026-03-31,E00766,1010001008833,S100YJKO
343,289,-54,9960,東テク株式会社,卸売業,上場,41.0,11.0,9184178.0,7656213,0.8336,1171.0,2855.0,0.4102,,卸売業・小売業,tag,2026-03-31,E02769,2010001051477,S100YGTS
344,337,-7,6367,ダイキン工業株式会社,機械,上場,41.2,16.6,8964767.0,7654447,0.8538,8212.0,104095.0,0.0789,本社のみ,製造業,tag,2026-03-31,E01570,8120001059660,S100YFQL
345,277,-68,8066,三谷商事株式会社,卸売業,上場,41.2,16.3,9229000.0,7651947,0.8291,442.0,2102.0,0.2103,,卸売業・小売業,tag,2026-03-31,E02602,7210001004022,S100YJ7S
346,385,39,9024,株式会社西武ホールディングス,陸運業,上場,40.7,15.5,8715652.0,7644146,0.8771,386.0,21557.0,0.0179,本社のみ,運輸業,tag,2026-03-31,E04154,5013301022087,S100YEFI
347,324,-23,6301,株式会社小松製作所,機械,上場,41.7,17.1,9024576.0,7640644,0.8466,12435.0,67279.0,0.1848,,製造業,tag,2026-03-31,E01532,1010401010455,S100YD25
348,505,157,8331,株式会社千葉銀行,銀行業,上場,38.3,14.4,8370000.0,7640063,0.9128,3873.0,4377.0,0.8849,,金融業・保険業,tag,2026-03-31,E03556,2040001000019,S100YDSE
349,841,492,4448,株式会社ｋｕｂｅｌｌ,情報・通信業,上場,34.83,2.74,7594000.0,7638835,1.0059,355.0,658.0,0.5395,,情報通信業,tag,2025-12-31,E35124,9120901014004,S100XSJP
350,308,-42,4914,高砂香料工業株式会社,化学,上場,42.1,18.1,9082540.0,7637847,0.8409,1087.0,4443.0,0.2447,,製造業,tag,2026-03-31,E00993,2010801006894,S100YGT4
351,1501,1150,3922,株式会社ＰＲ　ＴＩＭＥＳ,情報・通信業,上場,30.8,3.9,6630000.0,7636588,1.1518,128.0,215.0,0.5953,,情報通信業,tag,2026-02-28,E31965,4010401060191,S100Y6DH
352,281,-71,6762,ＴＤＫ株式会社,電気機器,上場,43.0,16.9,9211552.0,7633562,0.8287,6573.0,106545.0,0.0617,本社のみ,製造業,tag,2026-03-31,E01780,7010001034849,S100YD2Y
353,331,-22,7309,株式会社シマノ,輸送用機器,上場,41.6,13.8,8989000.0,7625517,0.8483,1779.0,10242.0,0.1737,,製造業,tag,2025-12-31,E02257,3120101003399,S100XQSE
354,372,18,1888,若築建設株式会社,建設業,上場,44.0,17.8,8776664.0,7624042,0.8687,808.0,900.0,0.8978,,建設業,tag,2026-03-31,E00081,6290801012011,S100YHAB
355,376,21,2282,日本ハム株式会社,食料品,上場,40.1,15.4,8754140.0,7623850,0.8709,1198.0,15790.0,0.0759,本社のみ,製造業,tag,2026-03-31,E00334,6120001077615,S100YEEQ
356,315,-41,,東京海上日動火災保険株式会社,保険業,非上場,42.6,13.1,9059913.0,7622625,0.8414,16064.0,48838.0,0.3289,,金融業・保険業,textblock,2026-03-31,E03823,2010001008824,S100YLTM
357,261,-96,7267,本田技研工業株式会社,輸送用機器,上場,43.9,21.0,9326000.0,7619100,0.817,32547.0,195109.0,0.1668,,製造業,tag,2026-03-31,E02166,6010401027577,S100YDD9
358,426,68,3477,フォーライフ株式会社,不動産業,上場,38.9,4.9,8576000.0,7608436,0.8872,115.0,,,,不動産業,tag,2026-03-31,E32793,8020001036389,S100YKFC
359,635,276,7199,プレミアグループ株式会社,その他金融業,上場,36.7,7.9,8020992.0,7607121,0.9484,128.0,899.0,0.1424,,金融業・保険業,tag,2026-03-31,E33624,8010001168159,S100YHAQ
360,384,24,4183,三井化学株式会社,化学,上場,40.0,15.0,8717118.0,7606828,0.8726,5198.0,16967.0,0.3064,,製造業,tag,2026-03-31,E00840,4010401052081,S100YGUI
361,330,-31,6486,イーグル工業株式会社,機械,上場,41.8,16.1,8992612.0,7604897,0.8457,1335.0,6188.0,0.2157,,製造業,tag,2026-03-31,E01414,2010401002451,S100YFUB
362,265,-97,9743,株式会社丹青社,サービス業,上場,42.9,15.1,9312705.0,7599605,0.816,1184.0,1579.0,0.7498,,サービス業,tag,2026-01-31,E00208,3010501007440,S100Y04L
363,403,40,1777,川崎設備工業株式会社,建設業,上場,43.6,15.1,8653525.0,7590628,0.8772,454.0,,,,建設業,tag,2026-03-31,E00271,2180001035307,S100YG5D
364,395,31,9339,株式会社コーチ・エィ,サービス業,上場,39.9,7.6,8677000.0,7589987,0.8747,130.0,140.0,0.9286,,サービス業,tag,2025-12-31,E38178,6010001075555,S100XTSA
365,409,44,4194,ビジョナル株式会社,情報・通信業,上場,38.6,5.2,8613000.0,7588120,0.881,116.0,2175.0,0.0533,本社のみ,情報通信業,tag,2025-07-31,E36484,6011001132222,S100WW0V
366,382,16,9506,東北電力株式会社,電気・ガス業,上場,44.0,19.8,8725434.0,7586105,0.8694,4587.0,18403.0,0.2493,,電気・ガス業,tag,2026-03-31,E04501,4370001011311,S100YEK2
367,320,-47,8707,岩井コスモホールディングス株式会社,証券、商品先物取引業,上場,43.2,17.1,9039934.0,7583829,0.8389,831.0,848.0,0.98,,金融業・保険業,textblock,2026-03-31,E03788,3120001074788,S100YG9I
368,350,-18,6254,野村マイクロ・サイエンス株式会社,機械,上場,41.4,11.5,8902711.0,7583501,0.8518,426.0,623.0,0.6838,,製造業,tag,2026-03-31,E01735,2021001020322,S100YG4U
369,269,-100,6742,株式会社京三製作所,電気機器,上場,44.0,17.0,9286320.0,7580315,0.8163,1399.0,2073.0,0.6749,,製造業,tag,2026-03-31,E01770,6020001017093,S100YH1N
370,420,50,4114,株式会社日本触媒,化学,上場,39.4,16.6,8590000.0,7579100,0.8823,2573.0,4880.0,0.5273,,製造業,tag,2026-03-31,E00811,9120001077620,S100YBP7
371,302,-69,8864,空港施設株式会社,不動産業,上場,43.0,15.0,9119857.0,7579066,0.8311,114.0,131.0,0.8702,,不動産業,tag,2026-03-31,E03958,8010801003218,S100YGNC
372,334,-38,2002,株式会社日清製粉グループ本社,食料品,上場,42.0,15.2,8980584.0,7572806,0.8432,364.0,9624.0,0.0378,本社のみ,製造業,tag,2026-03-31,E00346,8010001008736,S100YE6A
373,389,16,5471,大同特殊鋼株式会社,鉄鋼,上場,40.2,17.9,8704000.0,7572201,0.87,3370.0,12729.0,0.2647,,製造業,tag,2026-03-31,E01239,6180001037514,S100YNEC
374,321,-53,2811,カゴメ株式会社,食料品,上場,42.4,18.0,9036730.0,7570669,0.8378,1737.0,3253.0,0.534,,製造業,tag,2025-12-31,E00444,2180001035109,S100XQN0
375,365,-10,9501,東京電力ホールディングス株式会社,電気・ガス業,上場,45.1,22.1,8828772.0,7568215,0.8572,7157.0,38341.0,0.1867,,電気・ガス業,tag,2026-03-31,E04498,1010001008825,S100YIHR
376,640,264,4771,株式会社エフアンドエム,サービス業,上場,37.3,7.3,7993678.0,7567433,0.9467,860.0,990.0,0.8687,,サービス業,tag,2026-03-31,E05107,9120901005589,S100YIXJ
377,494,117,8074,株式会社ＹＵＡＳＡ,卸売業,上場,38.3,11.4,8391849.0,7565357,0.9015,1286.0,3088.0,0.4165,,卸売業・小売業,tag,2026-03-31,E02525,5010001034958,S100YGZX
378,466,88,3762,テクマトリックス株式会社,情報・通信業,上場,38.0,8.5,8464000.0,7564117,0.8937,666.0,,,,情報通信業,tag,2026-03-31,E05463,4010401058467,S100YL8T
379,368,-11,,ロジスティード株式会社,陸運業,非上場,42.7,19.3,8816000.0,7563995,0.858,898.0,29242.0,0.0307,本社のみ,運輸業,tag,2026-03-31,E38031,4010001226242,S100YITA
380,263,-117,6417,株式会社三共,機械,上場,44.4,18.8,9319000.0,7561708,0.8114,760.0,895.0,0.8492,,製造業,tag,2026-03-31,E02419,3011001057538,S100YI30
381,276,-105,7701,株式会社　島津製作所,精密機器,上場,43.9,18.5,9240736.0,7558383,0.8179,3779.0,14649.0,0.258,,製造業,tag,2026-03-31,E02265,6130001021068,S100YGJF
382,573,191,1898,世紀東急工業株式会社,建設業,上場,40.7,14.6,8193176.0,7556356,0.9223,1011.0,1169.0,0.8648,,建設業,tag,2026-03-31,E00176,1010401015438,S100YEPV
383,390,7,,株式会社みずほ銀行,銀行業,非上場,40.7,16.3,8701000.0,7553491,0.8681,23356.0,33175.0,0.704,,金融業・保険業,textblock,2026-03-31,E03532,6010001008845,S100YFAH
384,377,-7,8113,ユニ・チャーム株式会社,化学,上場,40.7,14.7,8754000.0,7551568,0.8626,1429.0,16542.0,0.0864,本社のみ,製造業,tag,2025-12-31,E00678,8500001014833,S100XSEU
385,397,12,4548,生化学工業株式会社,医薬品,上場,40.2,11.5,8675482.0,7549765,0.8702,694.0,1142.0,0.6077,,製造業,tag,2026-03-31,E00970,9010001048285,S100YDGT
386,298,-88,9962,株式会社　ミスミグループ本社,卸売業,上場,41.4,7.5,9138707.0,7549627,0.8261,327.0,11304.0,0.0289,本社のみ,卸売業・小売業,tag,2026-03-31,E02770,6010601006372,S100YB3N
387,639,252,4477,ＢＡＳＥ株式会社,情報・通信業,上場,36.3,4.5,8000000.0,7546057,0.9433,247.0,401.0,0.616,,情報通信業,tag,2025-12-31,E35163,7010401103229,S100XSMS
388,626,238,7564,株式会社ワークマン,小売業,上場,37.0,11.6,8046000.0,7544298,0.9376,440.0,,,,卸売業・小売業,tag,2026-03-31,E03296,1070001013828,S100YGNI
389,268,-121,6960,フクダ電子株式会社,電気機器,上場,44.4,15.1,9290565.0,7541710,0.8118,786.0,3497.0,0.2248,,製造業,tag,2026-03-31,E02304,7010001006880,S100YLF7
390,831,441,3655,株式会社ブレインパッド,情報・通信業,非上場,35.2,4.0,7610000.0,7540261,0.9908,564.0,589.0,0.9576,,情報通信業,tag,2025-06-30,E25817,5010701015274,S100WQYI
391,346,-45,5384,株式会社フジミインコーポレーテッド,ガラス・土石製品,上場,41.9,12.7,8920784.0,7539451,0.8452,911.0,1305.0,0.6981,,製造業,tag,2026-03-31,E01207,7180001045697,S100YE62
392,469,77,5582,株式会社グリッド,情報・通信業,上場,38.1,3.1,8452000.0,7538085,0.8919,109.0,,,,情報通信業,tag,2025-06-30,E38683,4010401084422,S100WQ2M
393,423,30,1847,株式会社イチケン,建設業,上場,43.6,16.2,8582880.0,7534827,0.8779,680.0,722.0,0.9418,,建設業,tag,2026-03-31,E00117,7010501028268,S100YD9X
394,412,18,6326,株式会社　クボタ,機械,上場,39.9,14.3,8609216.0,7533455,0.875,15897.0,52503.0,0.3028,,製造業,tag,2025-12-31,E01267,1120001037978,S100XR0M
395,795,400,4375,セーフィー株式会社,情報・通信業,上場,35.4,2.9,7671000.0,7531810,0.9819,534.0,548.0,0.9745,,情報通信業,tag,2025-12-31,E36946,7010701030065,S100XUXF
396,312,-84,8308,株式会社　りそなホールディングス,銀行業,上場,45.1,14.4,9069000.0,7531045,0.8304,2105.0,20813.0,0.1011,,金融業・保険業,tag,2026-03-31,E03610,5010601039654,S100YDP3
397,1061,664,2930,株式会社北の達人コーポレーション,化学,上場,33.4,4.9,7224671.0,7526020,1.0417,225.0,227.0,0.9912,,製造業,tag,2026-02-28,E26549,8430001028254,S100Y5VV
398,680,282,3687,株式会社フィックスターズ,情報・通信業,上場,36.1,6.0,7908000.0,7525792,0.9517,279.0,334.0,0.8353,,情報通信業,tag,2025-09-30,E30537,8010701023423,S100XAQJ
399,415,16,,東邦電気工業株式会社,建設業,非上場,43.8,15.33,8601294.0,7518284,0.8741,727.0,951.0,0.7645,,建設業,textblock,2026-03-31,E00252,5011001015568,S100YLF5
400,564,164,3467,アグレ都市デザイン株式会社,不動産業,上場,37.0,6.3,8216000.0,7518109,0.9151,138.0,142.0,0.9718,,不動産業,tag,2026-03-31,E32158,8012401019024,S100YIPZ
401,480,79,9508,九州電力株式会社,電気・ガス業,上場,42.1,20.8,8420008.0,7517289,0.8928,4383.0,21189.0,0.2069,,電気・ガス業,tag,2026-03-31,E04506,4290001007004,S100YHHO
402,354,-48,1786,オリエンタル白石株式会社,建設業,上場,45.3,18.7,8895000.0,7517194,0.8451,791.0,1166.0,0.6784,,建設業,tag,2026-03-31,E36102,7010601040057,S100YDUO
403,378,-25,9173,東海汽船株式会社,海運業,上場,42.5,15.7,8748246.0,7514934,0.859,195.0,377.0,0.5172,,運輸業,tag,2025-12-31,E04256,3010401020097,S100XTPA
404,445,41,3277,株式会社サンセイランディック,不動産業,上場,39.4,9.9,8522000.0,7511607,0.8814,190.0,190.0,1.0,,不動産業,tag,2025-12-31,E26086,8010001017712,S100XSVW
405,254,-151,8103,明和産業株式会社,卸売業,上場,42.5,16.0,9355000.0,7510656,0.8028,198.0,596.0,0.3322,,卸売業・小売業,tag,2026-03-31,E02563,7010001008786,S100YF48
406,209,-197,7741,ＨＯＹＡ株式会社,精密機器,上場,47.6,18.7,9704451.0,7504739,0.7733,3313.0,37752.0,0.0878,本社のみ,製造業,tag,2026-03-31,E01124,7011101019599,S100Y90T
407,366,-41,2181,パーソルホールディングス株式会社,サービス業,上場,40.9,6.3,8818492.0,7503947,0.8509,761.0,74926.0,0.0102,本社のみ,サービス業,tag,2026-03-31,E21261,8011001058176,S100YGCS
408,388,-20,4021,日産化学株式会社,化学,上場,40.8,15.9,8707047.0,7503467,0.8618,2107.0,3411.0,0.6177,,製造業,tag,2026-03-31,E00759,1010001008734,S100YIML
409,432,23,1972,三晃金属工業株式会社,建設業,上場,43.7,18.0,8560679.0,7501812,0.8763,520.0,,,,建設業,tag,2026-03-31,E00109,9010401038472,S100YCWL
410,211,-199,7433,伯東株式会社,卸売業,上場,43.86,13.82,9675485.0,7501170,0.7753,727.0,1504.0,0.4834,,卸売業・小売業,tag,2026-03-31,E02802,7011101017256,S100YI3S
411,396,-15,1793,株式会社大本組,建設業,上場,44.3,19.2,8677000.0,7500848,0.8645,823.0,,,,建設業,tag,2026-03-31,E00255,7260001001493,S100YI8J
412,326,-86,4536,参天製薬株式会社,医薬品,上場,43.0,15.0,9023000.0,7496180,0.8308,1884.0,3968.0,0.4748,,製造業,tag,2026-03-31,E00949,5120001051819,S100YDH1
413,707,294,7351,株式会社グッドパッチ,情報・通信業,上場,36.0,3.1,7841000.0,7496069,0.956,225.0,262.0,0.8588,,情報通信業,tag,2025-08-31,E35773,6010501033839,S100X6Y8
414,392,-22,1882,東亜道路工業株式会社,建設業,上場,44.5,19.0,8697000.0,7486218,0.8608,1060.0,1644.0,0.6448,,建設業,tag,2026-03-31,E00066,7010401020201,S100YFHW
415,402,-13,4452,花王株式会社,化学,上場,40.6,16.7,8654000.0,7485649,0.865,7761.0,31514.0,0.2463,,製造業,tag,2025-12-31,E00883,4010001034760,S100XT6G
416,318,-98,6141,ＤＭＧ森精機株式会社,機械,上場,43.3,17.2,9050000.0,7484277,0.827,451.0,14026.0,0.0322,本社のみ,製造業,tag,2025-12-31,E01502,1150001006212,S100XUMY
417,1537,1120,9162,株式会社ブリーチ,サービス業,上場,27.0,2.1,6576000.0,7483358,1.138,126.0,126.0,1.0,,サービス業,tag,2025-06-30,E38698,6040001070438,S100WR5N
418,506,88,9023,東京地下鉄株式会社,陸運業,上場,39.7,18.1,8365521.0,7480852,0.8942,9532.0,11441.0,0.8331,,運輸業,tag,2026-03-31,E04153,4010501022810,S100YHLQ
419,317,-102,5201,ＡＧＣ株式会社,ガラス・土石製品,上場,43.4,17.0,9053185.0,7476156,0.8258,8122.0,52896.0,0.1535,,製造業,tag,2025-12-31,E01122,2010001008650,S100XSTU
420,438,18,4816,東映アニメーション株式会社,情報・通信業,上場,39.0,9.0,8550112.0,7475434,0.8743,758.0,1048.0,0.7233,,情報通信業,tag,2026-03-31,E02458,8011601004645,S100YEQC
421,363,-58,5344,株式会社ＭＡＲＵＷＡ,ガラス・土石製品,上場,41.99,10.71,8837000.0,7466539,0.8449,690.0,1322.0,0.5219,,製造業,tag,2026-03-31,E01210,2180001079691,S100YB11
422,339,-83,5706,三井金属株式会社,非鉄金属,上場,42.88,13.9,8961728.0,7464104,0.8329,2587.0,8188.0,0.316,,製造業,tag,2026-03-31,E00024,7010701011370,S100YBQV
423,561,138,176A,レジル株式会社,サービス業,非上場,38.7,5.4,8219000.0,7458904,0.9075,218.0,260.0,0.8385,,サービス業,tag,2025-06-30,E39488,1122001007449,S100WRGF
424,192,-232,6523,ＰＨＣホールディングス株式会社,電気機器,上場,49.0,17.5,9834195.0,7455612,0.7581,145.0,8647.0,0.0168,本社のみ,製造業,tag,2026-03-31,E36976,6010001155349,S100YHPK
425,540,115,9509,北海道電力株式会社,電気・ガス業,上場,41.3,18.2,8276143.0,7452512,0.9005,2400.0,9239.0,0.2598,,電気・ガス業,tag,2026-03-31,E04500,4430001022351,S100YDWY
426,468,42,5233,太平洋セメント株式会社,ガラス・土石製品,上場,39.6,16.8,8456736.0,7447835,0.8807,1783.0,12626.0,0.1412,,製造業,tag,2026-03-31,E01130,4010401082995,S100YJYE
427,534,107,4042,東ソー株式会社,化学,上場,38.5,13.8,8288000.0,7443511,0.8981,4002.0,14850.0,0.2695,,製造業,tag,2026-03-31,E00767,5250001010002,S100YE5Q
428,218,-210,8070,東京産業株式会社,卸売業,上場,43.88,13.9,9586150.0,7439284,0.776,345.0,402.0,0.8582,,卸売業・小売業,tag,2026-03-31,E02527,6010001008820,S100YEID
429,413,-16,6226,守谷輸送機工業株式会社,機械,上場,40.7,8.6,8606000.0,7436787,0.8641,388.0,,,,製造業,tag,2026-03-31,E37499,8020001010674,S100YGR0
430,526,96,1887,日本国土開発株式会社,建設業,上場,42.8,14.8,8304000.0,7436296,0.8955,835.0,1104.0,0.7563,,建設業,tag,2026-05-31,E00059,3010401022812,S100YXXI
431,667,236,4722,フューチャー株式会社,情報・通信業,上場,36.5,6.0,7945188.0,7435522,0.9359,377.0,3624.0,0.104,,情報通信業,tag,2025-12-31,E05033,6010701018466,S100XTFP
432,478,46,2897,日清食品ホールディングス株式会社,食料品,上場,39.5,8.7,8425365.0,7434581,0.8824,980.0,17988.0,0.0545,本社のみ,製造業,tag,2026-03-31,E00457,7120001057574,S100YEWB
433,539,106,7729,株式会社東京精密,精密機器,上場,38.5,9.5,8276412.0,7433924,0.8982,1428.0,2890.0,0.4941,,製造業,tag,2026-03-31,E02289,5010101009430,S100YEOP
434,545,111,9505,北陸電力株式会社,電気・ガス業,上場,41.4,20.1,8260680.0,7433874,0.8999,2301.0,6895.0,0.3337,,電気・ガス業,tag,2026-03-31,E04503,7230001003022,S100YE68
435,251,-184,6430,ダイコク電機株式会社,機械,上場,46.1,18.5,9375000.0,7430655,0.7926,433.0,796.0,0.544,,製造業,tag,2026-03-31,E02073,4180001048892,S100YGWC
436,599,163,1934,株式会社ユアテック,建設業,上場,41.7,18.6,8120722.0,7430386,0.915,3857.0,5818.0,0.6629,,建設業,tag,2026-03-31,E00137,4370001006286,S100YHQP
437,340,-97,5802,住友電気工業株式会社,非鉄金属,上場,43.2,18.0,8960000.0,7429509,0.8292,7209.0,302972.0,0.0238,本社のみ,製造業,tag,2026-03-31,E01333,5120001077450,S100YL2M
438,1321,883,4076,株式会社シイエヌエス,情報・通信業,上場,32.7,6.0,6839000.0,7428927,1.0863,221.0,265.0,0.834,,情報通信業,tag,2025-05-31,E36840,9011001034011,S100WLIX
439,243,-196,8157,都築電気株式会社,卸売業,上場,43.2,17.9,9404000.0,7427448,0.7898,1161.0,2040.0,0.5691,,卸売業・小売業,tag,2026-03-31,E00157,9010401054908,S100YE5P
440,522,82,1899,株式会社福田組,建設業,上場,42.9,16.8,8308584.0,7424368,0.8936,840.0,2226.0,0.3774,,建設業,tag,2025-12-31,E00196,9110001004880,S100XT0V
441,485,44,4526,理研ビタミン株式会社,食料品,上場,39.5,15.5,8412000.0,7423850,0.8825,1016.0,1887.0,0.5384,,製造業,tag,2026-03-31,E00952,3010001008815,S100YFDJ
442,398,-44,2268,Ｂ－Ｒ　サーティワン　アイスクリーム株式会社,食料品,上場,41.3,11.0,8675000.0,7421580,0.8555,282.0,301.0,0.9369,,製造業,tag,2025-12-31,E00474,8010701008226,S100XQHI
443,364,-79,6869,シスメックス株式会社,電気機器,上場,42.4,12.8,8835000.0,7421378,0.84,3011.0,10861.0,0.2772,,製造業,tag,2026-03-31,E02015,9140001009530,S100YFAW
444,399,-45,4966,上村工業株式会社,化学,上場,41.3,15.3,8671762.0,7419111,0.8555,284.0,1528.0,0.1859,,製造業,tag,2026-03-31,E01045,8120001077365,S100YIOW
445,371,-74,4613,関西ペイント株式会社,化学,上場,42.1,18.4,8787000.0,7417402,0.8441,1536.0,16739.0,0.0918,本社のみ,製造業,tag,2026-03-31,E00893,5140001048243,S100YHKQ
446,345,-101,3563,株式会社ＦＯＯＤ　＆　ＬＩＦＥ　ＣＯＭＰＡＮＩＥＳ,小売業,上場,41.3,3.7,8927507.0,7413603,0.8304,333.0,11720.0,0.0284,本社のみ,卸売業・小売業,tag,2025-09-30,E33000,8120901035199,S100XBTY
447,1053,606,3994,株式会社マネーフォワード,情報・通信業,上場,34.3,2.9,7233561.0,7412712,1.0248,1707.0,2839.0,0.6013,,情報通信業,tag,2025-11-30,E33390,6011101063359,S100XM4Q
448,379,-69,4521,科研製薬株式会社,医薬品,上場,41.9,17.3,8748060.0,7409919,0.847,1086.0,1114.0,0.9749,,製造業,tag,2026-03-31,E00935,4010001000003,S100YK2Q
449,294,-155,6902,株式会社デンソー,輸送用機器,上場,44.8,22.9,9152532.0,7404791,0.809,43889.0,154716.0,0.2837,,製造業,tag,2026-03-31,E01892,9180301014251,S100Y9T1
450,429,-21,7201,日産自動車株式会社,輸送用機器,上場,40.9,14.9,8571467.0,7387294,0.8618,23174.0,120079.0,0.193,,製造業,tag,2026-03-31,E02142,9020001031109,S100YH2B
451,404,-47,3632,グリーホールディングス株式会社,情報・通信業,上場,40.2,6.9,8653000.0,7377192,0.8526,123.0,1489.0,0.0826,本社のみ,情報通信業,tag,2025-06-30,E22012,8010401055923,S100WQWX
452,1498,1046,4019,株式会社スタメン,情報・通信業,上場,32.1,1.8,6634000.0,7372135,1.1113,164.0,198.0,0.8283,,情報通信業,tag,2025-12-31,E36155,7180001121985,S100XTWU
453,1290,837,4478,フリー株式会社,情報・通信業,上場,33.1,2.2,6884000.0,7367288,1.0702,1851.0,1901.0,0.9737,,情報通信業,tag,2025-06-30,E35325,7010401100770,S100WQR3
454,316,-138,4506,住友ファーマ株式会社,医薬品,上場,44.5,18.9,9055526.0,7366549,0.8135,1747.0,3123.0,0.5594,,製造業,tag,2026-03-31,E00922,3120001077477,S100YH3M
455,523,68,,東日本高速道路株式会社,倉庫・運輸関連,非上場,40.3,16.5,8308522.0,7366433,0.8866,2643.0,15939.0,0.1658,,運輸業,textblock,2026-03-31,E04370,9010001095716,S100YJ45
456,484,28,9449,ＧＭＯインターネットグループ株式会社,情報・通信業,上場,39.0,6.4,8412000.0,7366390,0.8757,197.0,6484.0,0.0304,本社のみ,情報通信業,tag,2025-12-31,E05041,6011001029526,S100XSG3
457,1014,557,5071,株式会社ヴィス,サービス業,上場,34.2,5.9,7301000.0,7363260,1.0085,296.0,301.0,0.9834,,サービス業,tag,2026-03-31,E34454,8120001041552,S100YJJP
458,907,449,7826,株式会社フルヤ金属,その他製品,上場,35.4,8.8,7482528.0,7360720,0.9837,414.0,418.0,0.9904,,製造業,tag,2025-06-30,E02485,8013301010956,S100WR44
459,1146,687,4767,株式会社テー・オー・ダブリュー,サービス業,上場,31.6,5.8,7074196.0,7360303,1.0404,219.0,302.0,0.7252,,サービス業,tag,2025-06-30,E05100,3010401029287,S100WQIM
460,313,-147,2158,株式会社ＦＲＯＮＴＥＯ,サービス業,上場,43.8,4.1,9064814.0,7358192,0.8117,170.0,272.0,0.625,,サービス業,tag,2026-03-31,E05700,1010401051219,S100YGJA
461,168,-293,8242,エイチ・ツー・オー　リテイリング株式会社,小売業,上場,46.2,18.5,10012000.0,7357512,0.7349,210.0,7775.0,0.027,本社のみ,卸売業・小売業,tag,2026-03-31,E03020,1120001059683,S100YDD0
462,301,-161,8151,株式会社東陽テクニカ,卸売業,上場,42.5,12.9,9134137.0,7357447,0.8055,524.0,653.0,0.8025,,卸売業・小売業,tag,2025-09-30,E02672,8010001051991,S100X93C
463,362,-101,6460,セガサミーホールディングス株式会社,機械,上場,43.1,4.9,8844458.0,7355896,0.8317,408.0,9237.0,0.0442,本社のみ,製造業,tag,2026-03-31,E02475,9010401055278,S100YD3K
464,467,3,9532,大阪瓦斯株式会社,電気・ガス業,上場,44.3,16.1,8458000.0,7355815,0.8697,1303.0,21835.0,0.0597,本社のみ,電気・ガス業,tag,2026-03-31,E04520,3120001077601,S100YFQT
465,903,438,3299,株式会社ムゲンエステート,不動産業,上場,35.4,3.4,7487000.0,7353079,0.9821,463.0,501.0,0.9242,,不動産業,tag,2025-12-31,E30649,8010001058665,S100XT1L
466,424,-42,4187,大阪有機化学工業株式会社,化学,上場,41.3,17.4,8581191.0,7350048,0.8565,405.0,467.0,0.8672,,製造業,tag,2025-11-30,E00855,1120001093014,S100XLS3
467,790,323,8934,サンフロンティア不動産株式会社,不動産業,上場,36.0,7.06,7683000.0,7348582,0.9565,395.0,1076.0,0.3671,,不動産業,tag,2026-03-31,E04031,9010001063953,S100YGKR
468,587,119,,西日本高速道路株式会社,倉庫・運輸関連,非上場,39.4,15.5,8161126.0,7348305,0.9004,2712.0,16174.0,0.1677,,運輸業,textblock,2026-03-31,E04374,3120001112341,S100YMLD
469,596,127,4493,株式会社サイバーセキュリティクラウド,情報・通信業,上場,37.6,2.5,8125000.0,7347607,0.9043,134.0,164.0,0.8171,,情報通信業,tag,2025-12-31,E35354,9011001066277,S100XTY6
470,548,78,1780,株式会社　ヤマウラ,建設業,上場,43.1,12.4,8243000.0,7340561,0.8905,458.0,458.0,1.0,,建設業,tag,2026-03-31,E00268,6100001021418,S100YK4B
471,401,-70,4202,株式会社ダイセル,化学,上場,41.9,15.3,8655282.0,7340342,0.8481,2533.0,11034.0,0.2296,,製造業,tag,2026-03-31,E00818,4120001125937,S100YBO0
472,509,37,7965,象印マホービン株式会社,電気機器,上場,39.8,14.2,8350000.0,7339219,0.8789,527.0,1515.0,0.3479,,製造業,tag,2025-11-20,E02395,5120001059655,S100XL0K
473,463,-10,6806,ヒロセ電機株式会社,電気機器,上場,40.7,13.1,8474000.0,7334416,0.8655,1039.0,5110.0,0.2033,,製造業,tag,2026-03-31,E01939,6010701008418,S100YJDW
474,567,93,197A,株式会社タウンズ,医薬品,上場,38.9,5.9,8212281.0,7333068,0.8929,316.0,,,,製造業,tag,2025-06-30,E39645,4010001175101,S100WRAR
475,456,-19,4819,株式会社デジタルガレージ,情報・通信業,上場,39.7,5.0,8495812.0,7329147,0.8627,557.0,1383.0,0.4027,,情報通信業,tag,2026-03-31,E05156,5011001014966,S100YIB5
476,575,99,9020,東日本旅客鉄道株式会社,陸運業,上場,39.8,17.1,8191696.0,7328125,0.8946,39598.0,70623.0,0.5607,,運輸業,tag,2026-03-31,E04147,9011001029597,S100YC7N
477,502,25,7202,いすゞ自動車株式会社,輸送用機器,上場,40.1,15.6,8376000.0,7325492,0.8746,9089.0,43005.0,0.2113,,製造業,tag,2026-03-31,E02143,5010701000904,S100YFBQ
478,224,-254,3036,アルコニックス株式会社,卸売業,上場,44.4,10.7,9533000.0,7324056,0.7683,225.0,3098.0,0.0726,本社のみ,卸売業・小売業,tag,2026-03-31,E02998,1010401042424,S100YCV6
479,373,-106,261A,株式会社日水コン,サービス業,上場,41.7,13.5,8773415.0,7322651,0.8346,668.0,737.0,0.9064,,サービス業,tag,2025-12-31,E40019,3011101015783,S100XTPW
480,500,20,1810,松井建設株式会社,建設業,上場,44.0,19.4,8377425.0,7313611,0.873,742.0,771.0,0.9624,,建設業,tag,2026-03-31,E00064,7010001034956,S100YHYW
481,1374,893,6562,株式会社ジーニー,情報・通信業,上場,32.9,2.9,6783000.0,7313241,1.0782,460.0,816.0,0.5637,,情報通信業,tag,2026-03-31,E33615,7010401087406,S100YNBB
482,1376,894,228A,株式会社オプロ,情報・通信業,上場,32.9,5.1,6782136.0,7312310,1.0782,119.0,,,,情報通信業,tag,2025-11-30,E39846,2010401054559,S100XN26
483,290,-193,6845,アズビル株式会社,電気機器,上場,46.0,19.8,9182109.0,7309832,0.7961,5143.0,9170.0,0.5609,,製造業,tag,2026-03-31,E01879,9010001096367,S100YEE5
484,464,-20,9302,三井倉庫ホールディングス株式会社,倉庫・運輸関連,上場,42.3,12.9,8473000.0,7308001,0.8625,291.0,7654.0,0.038,本社のみ,運輸業,tag,2026-03-31,E04284,2010401046416,S100YEZT
485,727,242,9338,株式会社ＩＮＦＯＲＩＣＨ,サービス業,非上場,37.7,3.3,7803000.0,7306804,0.9364,126.0,303.0,0.4158,,サービス業,tag,2025-12-31,E38192,5011001107217,S100XR70
486,408,-78,,住友三井オートサービス株式会社,その他金融業,非上場,42.6,13.9,8626000.0,7299270,0.8462,1723.0,2818.0,0.6114,,金融業・保険業,textblock,2026-03-31,E34406,4011101010726,S100YK9I
487,1294,807,7089,フォースタートアップス株式会社,サービス業,上場,30.6,2.58,6877000.0,7290982,1.0602,238.0,252.0,0.9444,,サービス業,tag,2026-03-31,E35483,1011201019356,S100YIA4
488,498,10,6981,株式会社村田製作所,電気機器,上場,40.5,14.4,8382000.0,7285196,0.8691,11174.0,74302.0,0.1504,,製造業,tag,2026-03-31,E01914,4130001030475,S100YHPY
489,845,356,4919,株式会社ミルボン,化学,上場,36.0,11.2,7583000.0,7284348,0.9606,941.0,1237.0,0.7607,,製造業,tag,2025-12-31,E01039,3120001001206,S100XTTF
490,314,-176,7752,株式会社リコー,電気機器,上場,45.4,20.0,9061743.0,7284172,0.8038,4596.0,75635.0,0.0608,本社のみ,製造業,tag,2026-03-31,E02275,2010801012579,S100YBFF
491,683,192,8616,東海東京フィナンシャル・ホールディングス株式会社,証券、商品先物取引業,上場,38.0,11.0,7901258.0,7283514,0.9218,155.0,2528.0,0.0613,本社のみ,金融業・保険業,tag,2026-03-31,E03764,1010001034202,S100YGI5
492,516,24,5406,株式会社　神戸製鋼所,鉄鋼,上場,40.1,15.5,8322000.0,7282885,0.8751,12253.0,38614.0,0.3173,,製造業,tag,2026-03-31,E01231,6140001005714,S100YCDA
493,440,-53,2267,株式会社ヤクルト本社,食料品,上場,41.7,17.7,8549009.0,7282026,0.8518,2912.0,29618.0,0.0983,本社のみ,製造業,tag,2026-03-31,E00406,7010401029746,S100YCBJ
494,527,33,7550,株式会社ゼンショーホールディングス,小売業,上場,39.4,8.5,8302000.0,7277568,0.8766,1129.0,20626.0,0.0547,本社のみ,卸売業・小売業,tag,2026-03-31,E03291,2010401045277,S100YKA9
495,694,199,6871,株式会社日本マイクロニクス,電気機器,上場,37.0,14.0,7869776.0,7274054,0.9243,1264.0,1785.0,0.7081,,製造業,tag,2025-12-31,E02030,5012401011628,S100XTD8
496,476,-20,6988,日東電工株式会社,化学,上場,41.0,15.5,8437000.0,7272632,0.862,6813.0,26477.0,0.2573,,製造業,tag,2026-03-31,E01888,2120901001628,S100YCAR
497,394,-103,7911,ＴＯＰＰＡＮホールディングス株式会社,その他製品,上場,42.8,15.9,8682435.0,7267974,0.8371,1430.0,54371.0,0.0263,本社のみ,製造業,tag,2026-03-31,E00692,7010501016231,S100YIAY
498,1210,712,4071,株式会社プラスアルファ・コンサルティング,サービス業,上場,31.6,4.2,6985000.0,7267499,1.0404,344.0,469.0,0.7335,,サービス業,tag,2025-09-30,E36635,9010401068115,S100XD0A
499,1278,779,7050,株式会社フロンティアインターナショナル,サービス業,上場,31.0,5.4,6894968.0,7254933,1.0522,240.0,484.0,0.4959,,サービス業,tag,2026-04-30,E34657,4011001031764,S100YSV9
500,496,-4,3402,東レ株式会社,繊維製品,上場,40.8,17.4,8384000.0,7253641,0.8652,7027.0,46294.0,0.1518,,製造業,tag,2026-03-31,E00873,5010001034867,S100YFG9
501,214,-287,1721,コムシスホールディングス株式会社,建設業,上場,50.2,20.5,9624445.0,7253140,0.7536,129.0,17765.0,0.0073,本社のみ,建設業,tag,2026-03-31,E00322,3010701014889,S100YFLP
502,380,-122,3964,株式会社オークネット,情報・通信業,上場,41.6,9.6,8739000.0,7248432,0.8294,470.0,1119.0,0.42,,情報通信業,tag,2025-12-31,E21122,4010001116006,S100XSDA
503,435,-68,8303,株式会社ＳＢＩ新生銀行,銀行業,上場,42.7,13.1,8558000.0,7244935,0.8466,2419.0,5828.0,0.4151,,金融業・保険業,tag,2026-03-31,E03530,7010001016855,S100YDBB
504,356,-148,6645,オムロン株式会社,電気機器,上場,44.5,14.8,8882000.0,7244817,0.8157,3855.0,26050.0,0.148,,製造業,tag,2026-03-31,E01755,1130001016824,S100YG81
505,443,-62,5991,日本発條株式会社,金属製品,上場,41.9,18.6,8527125.0,7244232,0.8496,5350.0,18121.0,0.2952,,製造業,tag,2026-03-31,E01367,7020001006616,S100YD4O
506,558,52,5423,東京製鐵株式会社,鉄鋼,上場,39.8,16.9,8224000.0,7238932,0.8802,1161.0,,,,製造業,tag,2026-03-31,E01261,8010001008819,S100YDWW
507,357,-150,6728,株式会社　アルバック,電気機器,上場,44.6,17.5,8881993.0,7235296,0.8146,1648.0,6132.0,0.2688,,製造業,tag,2025-06-30,E01589,5021001007242,S100WQX1
508,386,-122,9468,株式会社ＫＡＤＯＫＡＷＡ,情報・通信業,上場,41.6,4.8,8715000.0,7231188,0.8297,2471.0,7332.0,0.337,,情報通信業,tag,2026-03-31,E30731,2010001163289,S100YGF5
509,442,-67,7994,株式会社オカムラ,その他製品,上場,42.1,17.3,8529000.0,7224959,0.8471,4494.0,6082.0,0.7389,,製造業,tag,2026-03-31,E02369,3020001030157,S100YFDV
510,421,-89,8931,和田興産株式会社,不動産業,上場,42.7,12.0,8587000.0,7224524,0.8413,125.0,,,,不動産業,tag,2026-02-28,E04029,9140001017079,S100Y62K
511,1482,971,3923,株式会社ラクス,情報・通信業,上場,32.7,3.2,6647000.0,7220365,1.0863,2190.0,3569.0,0.6136,,情報通信業,tag,2026-03-31,E31878,9120001097305,S100YL65
512,367,-145,7751,キヤノン株式会社,電気機器,上場,44.3,18.9,8817253.0,7218344,0.8187,22921.0,165547.0,0.1385,,製造業,tag,2025-12-31,E02274,6010801003186,S100XTLJ
513,1363,850,4393,株式会社バンク・オブ・イノベーション,情報・通信業,上場,33.3,5.8,6794000.0,7217631,1.0624,194.0,247.0,0.7854,,情報通信業,tag,2025-09-30,E34116,1011101050080,S100XD6Y
514,418,-96,6506,株式会社安川電機,電気機器,上場,42.7,17.6,8599531.0,7217144,0.8392,3114.0,12483.0,0.2495,,製造業,tag,2026-02-28,E01741,5290801010767,S100Y69H
515,693,178,1946,株式会社トーエネック,建設業,上場,41.77,19.45,7873224.0,7216508,0.9166,5029.0,6487.0,0.7752,,建設業,tag,2026-03-31,E00076,8180001038758,S100YIKH
516,459,-57,3407,旭化成株式会社,化学,上場,41.9,17.1,8483519.0,7211531,0.8501,8233.0,47895.0,0.1719,,製造業,tag,2026-03-31,E00877,5120001059606,S100YGRD
517,758,241,1939,株式会社四電工,建設業,上場,40.0,16.2,7743000.0,7210462,0.9312,2206.0,2693.0,0.8192,,建設業,tag,2026-03-31,E00181,7470001004244,S100YCY4
518,452,-66,4527,ロート製薬株式会社,医薬品,上場,42.1,13.8,8505000.0,7207057,0.8474,1786.0,9292.0,0.1922,,製造業,tag,2026-03-31,E00942,6120001019253,S100YE5N
519,659,140,,新生テクノス株式会社,建設業,非上場,42.5,15.1,7968071.0,7206599,0.9044,1263.0,1293.0,0.9768,,建設業,textblock,2026-03-31,E00135,7010401013114,S100YLFQ
520,909,389,9115,明海グループ株式会社,海運業,上場,36.2,7.5,7482000.0,7204911,0.963,106.0,634.0,0.1672,,運輸業,tag,2026-03-31,E04242,6140001011266,S100YGYV
521,697,176,9143,ＳＧホールディングス株式会社,陸運業,上場,38.5,9.9,7864340.0,7202975,0.9159,242.0,60483.0,0.004,本社のみ,運輸業,tag,2026-03-31,E32292,9130001026717,S100Y9P7
522,477,-45,1951,エクシオグループ株式会社,建設業,上場,45.1,19.1,8429000.0,7199093,0.8541,3781.0,17751.0,0.213,,建設業,tag,2026-03-31,E00094,3011001031955,S100YI51
523,1649,1126,299A,クラシル株式会社,情報・通信業,上場,31.8,2.8,6417000.0,7196231,1.1214,219.0,221.0,0.991,,情報通信業,tag,2026-03-31,E40236,2011001099829,S100YH46
524,688,164,8130,株式会社サンゲツ,卸売業,上場,38.0,15.3,7881000.0,7194755,0.9129,1345.0,3299.0,0.4077,,卸売業・小売業,tag,2026-03-31,E03071,3180001025521,S100YA8B
525,511,-14,2607,不二製油株式会社,食料品,上場,41.0,16.0,8332205.0,7192047,0.8632,1550.0,5891.0,0.2631,,製造業,tag,2026-03-31,E00431,8120001088461,S100YEWN
526,978,452,2980,ＳＲＥホールディングス株式会社,不動産業,上場,35.6,2.6,7371000.0,7179065,0.974,144.0,533.0,0.2702,,不動産業,tag,2026-03-31,E35153,1010001160048,S100YJPC
527,387,-140,9434,ソフトバンク株式会社,情報・通信業,上場,42.0,14.8,8713000.0,7178065,0.8238,19150.0,58432.0,0.3277,,情報通信業,tag,2026-03-31,E04426,9010401052465,S100YE76
528,769,241,7525,リックス株式会社,卸売業,上場,37.4,11.0,7726000.0,7177879,0.9291,502.0,805.0,0.6236,,卸売業・小売業,tag,2026-03-31,E02856,5290001017448,S100YGQ4
529,562,33,4543,テルモ株式会社,精密機器,上場,40.3,15.6,8216621.0,7177846,0.8736,5736.0,31185.0,0.1839,,製造業,tag,2026-03-31,E01630,3011001015116,S100YGMG
530,1723,1193,8771,イー・ギャランティ株式会社,その他金融業,上場,31.0,5.8,6314000.0,7171989,1.1359,190.0,194.0,0.9794,,金融業・保険業,tag,2026-03-31,E05665,1011001047318,S100YKOI
531,353,-178,,東北放送株式会社,情報・通信業,非上場,42.85,17.78,8897000.0,7170433,0.8059,135.0,165.0,0.8182,,情報通信業,textblock,2026-03-31,E04377,2370001002452,S100Y9TE
532,824,292,1959,株式会社クラフティア,建設業,上場,38.9,15.7,7620000.0,7169163,0.9408,6886.0,11122.0,0.6191,,建設業,tag,2026-03-31,E00146,6290001001120,S100YI0L
533,576,43,9359,伊勢湾海運株式会社,倉庫・運輸関連,上場,41.3,17.8,8190262.0,7166447,0.875,762.0,1245.0,0.612,,運輸業,tag,2026-03-31,E04330,3180001006050,S100YE7Y
534,536,2,7976,三菱鉛筆株式会社,その他製品,上場,40.9,17.7,8284256.0,7165810,0.865,570.0,2871.0,0.1985,,製造業,tag,2025-12-31,E02366,6010701009457,S100XRVX
535,462,-73,7240,ＮＯＫ株式会社,輸送用機器,上場,42.3,19.3,8475417.0,7165124,0.8454,3153.0,36655.0,0.086,本社のみ,製造業,tag,2026-03-31,E02176,1010401004837,S100YFWJ
536,217,-319,6526,株式会社ソシオネクスト,電気機器,上場,50.6,9.6,9590000.0,7164409,0.7471,2111.0,2469.0,0.855,,製造業,tag,2026-03-31,E37978,7020001107604,S100YHHK
537,557,20,4483,株式会社ＪＭＤＣ,情報・通信業,上場,39.4,4.5,8227757.0,7164336,0.8708,499.0,2444.0,0.2042,,情報通信業,tag,2026-03-31,E35308,6010403010531,S100YJCA
538,491,-47,7745,株式会社Ａ＆Ｄホロンホールディングス,精密機器,上場,41.8,14.2,8404000.0,7162258,0.8522,743.0,2480.0,0.2996,,製造業,textblock,2026-03-31,E02344,5013301001710,S100YHHI
539,638,99,,中日本高速道路株式会社,倉庫・運輸関連,非上場,40.0,16.7,8012830.0,7161581,0.8938,2292.0,11575.0,0.198,,運輸業,textblock,2026-03-31,E04371,4180001056169,S100YL4L
540,532,-8,,中部国際空港株式会社,倉庫・運輸関連,非上場,43.0,10.5,8289216.0,7160552,0.8638,292.0,948.0,0.308,,運輸業,textblock,2026-03-31,E04362,7180001093548,S100XUDH
541,870,329,2371,株式会社カカクコム,サービス業,上場,37.3,6.6,7547000.0,7159793,0.9487,1152.0,1421.0,0.8107,,サービス業,tag,2026-03-31,E05350,9011001065997,S100YBGN
542,433,-109,6741,日本信号株式会社,電気機器,上場,43.0,18.0,8559521.0,7158480,0.8363,1146.0,3066.0,0.3738,,製造業,tag,2026-03-31,E01769,9010001110631,S100YAO1
543,1223,680,2170,株式会社リンクアンドモチベーション,サービス業,上場,32.5,6.4,6969014.0,7158158,1.0271,558.0,1629.0,0.3425,,サービス業,tag,2025-12-31,E05727,5010001068254,S100XSV5
544,383,-161,6178,日本郵政株式会社,サービス業,上場,43.1,15.9,8718000.0,7156187,0.8209,1261.0,224438.0,0.0056,本社のみ,サービス業,tag,2026-03-31,E31748,5010001112697,S100YE7T
545,512,-33,9147,ＮＩＰＰＯＮ　ＥＸＰＲＥＳＳホールディングス株式会社,陸運業,上場,47.5,22.2,8331000.0,7155657,0.8589,296.0,77925.0,0.0038,本社のみ,運輸業,tag,2025-12-31,E36706,5010001223668,S100XTG8
546,489,-57,2810,ハウス食品グループ本社株式会社,食料品,上場,41.9,14.3,8404405.0,7152200,0.851,470.0,6564.0,0.0716,本社のみ,製造業,tag,2026-03-31,E00462,2122001005872,S100YD7A
547,1605,1058,3991,ウォンテッドリー株式会社,情報・通信業,上場,32.3,2.5,6483000.0,7149472,1.1028,134.0,135.0,0.9926,,情報通信業,tag,2025-08-31,E33364,9011001066673,S100X6HU
548,595,47,6231,木村工機株式会社,機械,上場,39.9,13.4,8125336.0,7149443,0.8799,386.0,,,,製造業,tag,2026-03-31,E35449,9120001077892,S100YCHD
549,541,-8,7269,スズキ株式会社,輸送用機器,上場,41.0,18.0,8276061.0,7148873,0.8638,17871.0,76889.0,0.2324,,製造業,tag,2026-03-31,E02167,8080401002431,S100YFG2
550,543,-7,9007,小田急電鉄株式会社,陸運業,上場,43.5,22.0,8274183.0,7143703,0.8634,3685.0,11656.0,0.3161,,運輸業,tag,2026-03-31,E04088,1011001005060,S100YIM7
551,944,393,4384,ラクスル株式会社,情報・通信業,非上場,35.9,3.0,7421810.0,7138746,0.9619,385.0,791.0,0.4867,,情報通信業,tag,2025-07-31,E33966,9010401089631,S100WW0E
552,453,-99,1929,日特建設株式会社,建設業,上場,46.0,18.5,8502918.0,7135056,0.8391,1023.0,1206.0,0.8483,,建設業,tag,2026-03-31,E00142,7010001053304,S100YIDU
553,555,2,8097,三愛オブリ株式会社,卸売業,上場,39.9,15.0,8232781.0,7134253,0.8666,388.0,1914.0,0.2027,,卸売業・小売業,tag,2026-03-31,E04331,2010701003604,S100YH4U
554,483,-71,5844,株式会社京都フィナンシャルグループ,銀行業,上場,42.9,16.7,8415000.0,7131376,0.8475,271.0,3676.0,0.0737,本社のみ,金融業・保険業,tag,2026-03-31,E38714,3130001075397,S100YEHZ
555,336,-219,1762,株式会社髙松コンストラクショングループ,建設業,上場,48.3,9.9,8976000.0,7129212,0.7943,100.0,5119.0,0.0195,本社のみ,建設業,tag,2026-03-31,E00285,2120001056705,S100YDDS
556,533,-23,3626,ＴＩＳ株式会社,情報・通信業,上場,40.0,14.0,8289000.0,7129145,0.8601,6066.0,21598.0,0.2809,,情報通信業,tag,2026-03-31,E05739,2010001134133,S100YH5C
557,549,-8,4118,株式会社カネカ,化学,上場,41.0,16.0,8242752.0,7123259,0.8642,3485.0,11762.0,0.2963,,製造業,tag,2026-03-31,E00879,8120001059628,S100YIFD
558,521,-37,5016,ＪＸ金属株式会社,非鉄金属,上場,41.5,12.9,8308817.0,7121513,0.8571,3250.0,10450.0,0.311,,製造業,tag,2026-03-31,E01081,2010001133878,S100YINW
559,416,-143,2206,江崎グリコ株式会社,食料品,上場,43.7,13.4,8600121.0,7120936,0.828,1456.0,5588.0,0.2606,,製造業,tag,2025-12-31,E00373,5120001049268,S100XRXN
560,428,-132,6302,住友重機械工業株式会社,機械,上場,43.5,13.8,8573000.0,7120361,0.8306,4400.0,25123.0,0.1751,,製造業,tag,2025-12-31,E01533,9010701005032,S100XT1R
561,517,-44,7157,ライフネット生命保険株式会社,保険業,上場,41.8,6.3,8319851.0,7116370,0.8553,242.0,242.0,1.0,,金融業・保険業,tag,2026-03-31,E26327,4010001112418,S100YC7R
562,565,3,9304,澁澤倉庫株式会社,倉庫・運輸関連,上場,42.0,17.0,8215906.0,7115710,0.8661,558.0,1320.0,0.4227,,運輸業,tag,2026-03-31,E04286,6010601038102,S100YI5J
563,488,-75,,東日本建設業保証株式会社,保険業,非上場,43.2,18.1,8407106.0,7114932,0.8463,254.0,337.0,0.7537,,金融業・保険業,textblock,2026-03-31,E03838,4010001054874,S100YH9N
564,1280,716,446A,株式会社ノースサンド,サービス業,上場,32.1,1.8,6893000.0,7110960,1.0316,1762.0,,,,サービス業,tag,2026-01-31,E41104,6010601048200,S100Y1HV
565,752,187,5033,株式会社ヌーラボ,サービス業,上場,38.5,4.2,7762746.0,7109097,0.9158,189.0,207.0,0.913,,サービス業,tag,2026-03-31,E37435,7290001026389,S100YH55
566,451,-115,1332,株式会社ニッスイ,水産・農林業,上場,42.82,15.8,8506166.0,7107328,0.8356,1489.0,11526.0,0.1292,,産業計,tag,2026-03-31,E00014,1010001016860,S100YHOQ
567,400,-167,6947,株式会社図研,電気機器,上場,44.3,17.9,8659154.0,7106882,0.8207,451.0,1656.0,0.2723,,製造業,tag,2026-03-31,E01966,2020001008807,S100YD7O
568,1313,745,296A,令和アカウンティング・ホールディングス株式会社,サービス業,上場,31.79,3.66,6854000.0,7106044,1.0368,244.0,326.0,0.7485,,サービス業,tag,2026-03-31,E40164,6010001128817,S100YAIC
569,614,45,9511,沖縄電力株式会社,電気・ガス業,上場,43.9,21.2,8079519.0,7098032,0.8785,1511.0,3154.0,0.4791,,電気・ガス業,tag,2026-03-31,E04509,3360001008565,S100YGEA
570,556,-14,9041,近鉄グループホールディングス株式会社,陸運業,上場,44.6,17.7,8228945.0,7097628,0.8625,264.0,44759.0,0.0059,本社のみ,運輸業,tag,2026-03-31,E04102,6120001023131,S100YCLR
571,637,66,5482,愛知製鋼株式会社,鉄鋼,上場,39.6,17.7,8019000.0,7097381,0.8851,2525.0,4427.0,0.5704,,製造業,tag,2026-03-31,E01234,9180001094156,S100YLIN
572,737,165,8354,株式会社ふくおかフィナンシャルグループ,銀行業,上場,38.7,10.8,7789000.0,7090145,0.9103,328.0,8050.0,0.0407,本社のみ,金融業・保険業,tag,2026-03-31,E03624,9290001028986,S100YFNB
573,589,16,6800,株式会社ヨコオ,電気機器,上場,40.7,10.8,8157992.0,7089337,0.869,1012.0,7624.0,0.1327,,製造業,tag,2026-03-31,E01808,4011501004889,S100YI9J
574,482,-92,8091,ニチモウ株式会社,卸売業,上場,41.03,16.03,8418000.0,7085276,0.8417,201.0,1036.0,0.194,,卸売業・小売業,tag,2026-03-31,E00570,7010701011833,S100YIWE
575,560,-15,4107,伊勢化学工業株式会社,化学,上場,41.2,15.9,8219537.0,7084596,0.8619,299.0,327.0,0.9144,,製造業,tag,2025-12-31,E01028,9010001037370,S100XT8H
576,551,-25,,東京電力パワーグリッド株式会社,電気・ガス業,非上場,45.7,24.9,8239033.0,7082014,0.8596,13888.0,20469.0,0.6785,,電気・ガス業,textblock,2026-03-31,E32215,3010001166927,S100YIEP
577,579,2,,阪神高速道路株式会社,倉庫・運輸関連,非上場,42.5,15.3,8177372.0,7081015,0.8659,746.0,2647.0,0.2818,,運輸業,textblock,2026-03-31,E04372,2120001112350,S100YL67
578,425,-153,7609,ダイトロン株式会社,卸売業,上場,41.8,15.1,8580000.0,7080112,0.8252,877.0,1117.0,0.7851,,卸売業・小売業,tag,2025-12-31,E02898,9120001083156,S100XUE0
579,475,-104,4403,日油株式会社,化学,上場,42.9,17.5,8437958.0,7079390,0.839,1976.0,4155.0,0.4756,,製造業,tag,2026-03-31,E00880,1011001025967,S100YI3F
580,580,0,4206,アイカ工業株式会社,化学,上場,41.0,16.0,8172000.0,7068853,0.865,1287.0,5314.0,0.2422,,製造業,tag,2026-03-31,E00824,6180001033620,S100YE8Y
581,458,-123,2325,株式会社ＮＪＳ,サービス業,上場,42.0,15.0,8494179.0,7065152,0.8318,659.0,1471.0,0.448,,サービス業,tag,2025-12-31,E05299,6011101045308,S100XV5A
582,653,71,3433,トーカロ株式会社,金属製品,上場,39.6,13.0,7978000.0,7064557,0.8855,980.0,1573.0,0.623,,製造業,tag,2026-03-31,E01443,6140001021397,S100YFML
583,531,-52,7065,ユーピーアール株式会社,サービス業,上場,41.1,10.5,8290262.0,7063105,0.852,192.0,224.0,0.8571,,サービス業,tag,2025-08-31,E31743,5250001003039,S100X6QU
584,1661,1077,155A,株式会社情報戦略テクノロジー,情報・通信業,上場,32.3,4.4,6404000.0,7062351,1.1028,339.0,406.0,0.835,,情報通信業,tag,2025-12-31,E39405,2011001059411,S100XTWQ
585,571,-14,8334,株式会社　群馬銀行,銀行業,上場,41.5,17.9,8198000.0,7060367,0.8612,2650.0,2899.0,0.9141,,金融業・保険業,tag,2026-03-31,E03554,3070001003513,S100Y8O1
586,691,105,1968,太平電業株式会社,建設業,上場,43.0,16.7,7877000.0,7059626,0.8962,1525.0,1878.0,0.812,,建設業,tag,2026-03-31,E00113,4010001008748,S100YJVV
587,212,-375,2737,株式会社トーメンデバイス,卸売業,上場,46.9,12.5,9671082.0,7059465,0.73,121.0,202.0,0.599,,卸売業・小売業,tag,2026-03-31,E02946,4010001071688,S100YJQ2
588,493,-95,6457,グローリー株式会社,機械,上場,42.8,18.5,8394882.0,7057373,0.8407,3139.0,11266.0,0.2786,,製造業,tag,2026-03-31,E01650,5140001058614,S100YG4D
589,885,296,3850,株式会社エヌ・ティ・ティ・データ・イントラマート,情報・通信業,上場,36.5,7.1,7518000.0,7056703,0.9386,314.0,508.0,0.6181,,情報通信業,tag,2026-03-31,E05694,7010401040174,S100YBTF
590,584,-6,9069,センコーグループホールディングス株式会社,陸運業,上場,43.9,11.0,8164956.0,7056696,0.8643,203.0,27835.0,0.0073,本社のみ,運輸業,tag,2026-03-31,E04179,7120001059653,S100YH4R
591,499,-92,8706,極東証券株式会社,証券、商品先物取引業,上場,44.3,17.1,8378789.0,7055895,0.8421,227.0,238.0,0.9538,,金融業・保険業,tag,2026-03-31,E03784,2010001041478,S100YEU4
592,1016,424,8869,明和地所株式会社,不動産業,上場,35.8,7.3,7300000.0,7052746,0.9661,406.0,615.0,0.6602,,不動産業,tag,2026-03-31,E03967,2011001023094,S100YJF1
593,646,53,1914,日本基礎技術株式会社,建設業,上場,43.7,18.4,7989013.0,7052047,0.8827,346.0,391.0,0.8849,,建設業,tag,2026-03-31,E00204,9120001072753,S100YGM2
594,479,-115,4534,持田製薬株式会社,医薬品,上場,43.1,16.5,8425359.0,7051317,0.8369,1195.0,1479.0,0.808,,製造業,tag,2026-03-31,E00947,9011101021173,S100YI28
595,2154,1559,5129,株式会社ＦＩＸＥＲ,情報・通信業,上場,28.3,2.6,5707000.0,7051177,1.2355,357.0,357.0,1.0,,情報通信業,tag,2025-08-31,E37959,1010401084788,S100X770
596,351,-245,3401,帝人株式会社,繊維製品,上場,46.8,22.5,8902000.0,7050507,0.792,2749.0,15689.0,0.1752,,製造業,tag,2026-03-31,E00872,8120001077489,S100YCMK
597,647,50,9009,京成電鉄株式会社,陸運業,上場,40.9,17.4,7987187.0,7048337,0.8825,2474.0,13231.0,0.187,,運輸業,tag,2026-03-31,E04091,7010601012155,S100YL5Y
598,668,70,6402,兼松エンジニアリング株式会社,機械,上場,39.5,13.5,7943000.0,7047259,0.8872,272.0,,,,製造業,tag,2026-03-31,E01721,5490001000318,S100YD22
599,574,-25,4552,ＪＣＲファーマ株式会社,医薬品,上場,41.4,9.5,8192000.0,7043079,0.8598,937.0,985.0,0.9513,,製造業,tag,2026-03-31,E00973,6140001000905,S100YF19
600,570,-30,1822,大豊建設株式会社,建設業,上場,45.0,19.2,8199789.0,7041087,0.8587,1072.0,1700.0,0.6306,,建設業,tag,2026-03-31,E00095,3010001034869,S100YI2K
601,661,60,,東京電力リニューアブルパワー株式会社,電気・ガス業,非上場,43.5,21.2,7965486.0,7040737,0.8839,1235.0,1668.0,0.7404,,電気・ガス業,textblock,2026-03-31,E36432,3010001204364,S100YIPO
602,875,273,,首都圏新都市鉄道株式会社,陸運業,非上場,37.4,13.2,7529000.0,7037805,0.9348,803.0,,,,運輸業,textblock,2026-03-31,E04151,3010501015419,S100YLFJ
603,634,31,7003,株式会社三井Ｅ＆Ｓ,機械,上場,40.2,16.3,8021833.0,7035514,0.877,2284.0,5998.0,0.3808,,製造業,tag,2026-03-31,E02123,9010001034946,S100YKIO
604,593,-11,9045,京阪ホールディングス株式会社,陸運業,上場,43.8,19.3,8132131.0,7032904,0.8648,143.0,6233.0,0.0229,本社のみ,運輸業,tag,2026-03-31,E04105,8120001149503,S100YCVR
605,510,-95,7272,ヤマハ発動機株式会社,輸送用機器,上場,42.7,18.1,8347789.0,7032292,0.8424,12082.0,55176.0,0.219,,製造業,tag,2025-12-31,E02168,2080401016040,S100XRTH
606,507,-99,1813,株式会社不動テトラ,建設業,上場,46.0,19.1,8359959.0,7031941,0.8411,841.0,1004.0,0.8376,,建設業,tag,2026-03-31,E00097,4010001141053,S100YDLY
607,1044,437,6027,弁護士ドットコム株式会社,サービス業,上場,36.4,3.4,7247000.0,7031130,0.9702,613.0,639.0,0.9593,,サービス業,tag,2026-03-31,E31009,7010401059818,S100YFWI
608,410,-198,7912,大日本印刷株式会社,その他製品,上場,44.8,20.7,8610246.0,7027174,0.8161,8911.0,36360.0,0.2451,,製造業,tag,2026-03-31,E00693,5011101012069,S100YF74
609,504,-105,8418,株式会社山口フィナンシャルグループ,銀行業,上場,45.1,19.3,8371000.0,7023041,0.839,529.0,3459.0,0.1529,,金融業・保険業,tag,2026-03-31,E03622,5250001007270,S100YE1V
610,1776,1166,215A,株式会社タイミー,情報・通信業,上場,31.7,2.18,6246000.0,7022996,1.1244,1335.0,1367.0,0.9766,,情報通信業,tag,2026-04-30,E39760,1012801018219,S100YS8Y
611,427,-184,6951,日本電子株式会社,電気機器,上場,44.6,15.9,8575000.0,7020466,0.8187,2313.0,3731.0,0.6199,,製造業,tag,2026-03-31,E01905,9012801002438,S100YIDD
612,656,44,6490,株式会社ＰＩＬＬＡＲ,機械,上場,40.0,13.3,7974084.0,7018860,0.8802,676.0,1308.0,0.5168,,製造業,tag,2026-03-31,E01645,3120001059450,S100YD79
613,515,-98,8793,ＮＥＣキャピタルソリューション株式会社,その他金融業,上場,44.3,14.6,8325000.0,7016453,0.8428,625.0,924.0,0.6764,,金融業・保険業,tag,2026-03-31,E05462,8010401021784,S100YEUV
614,1204,590,2326,デジタルアーツ株式会社,情報・通信業,上場,34.9,7.1,6990000.0,7014217,1.0035,279.0,279.0,1.0,,情報通信業,tag,2026-03-31,E05303,3010001096117,S100YKKS
615,674,59,6859,エスペック株式会社,電気機器,上場,39.7,14.4,7928000.0,7013900,0.8847,845.0,1898.0,0.4452,,製造業,tag,2026-03-31,E02307,7120001059661,S100YG4Z
616,644,28,2264,森永乳業株式会社,食料品,上場,40.2,16.6,7990598.0,7010940,0.8774,3376.0,7345.0,0.4596,,製造業,tag,2026-03-31,E00331,8010401029662,S100YIHY
617,633,16,9424,日本通信株式会社,情報・通信業,上場,39.4,8.9,8022000.0,7004317,0.8731,135.0,156.0,0.8654,,情報通信業,tag,2026-03-31,E04473,4010701007776,S100YBU3
618,822,204,3452,株式会社ビーロット,不動産業,上場,37.1,4.4,7621000.0,7000410,0.9186,142.0,234.0,0.6068,,不動産業,tag,2025-12-31,E31024,2010401078582,S100XTWZ
619,1493,874,3983,株式会社オロ,情報・通信業,上場,33.5,6.1,6636000.0,6998441,1.0546,335.0,585.0,0.5726,,情報通信業,tag,2025-12-31,E33039,7013201012673,S100XR9Z
620,623,3,5713,住友金属鉱山株式会社,非鉄金属,上場,40.8,16.8,8054000.0,6998438,0.8689,3179.0,7507.0,0.4235,,製造業,tag,2026-03-31,E00023,9010401015273,S100YJ6N
621,908,287,3996,サインポスト株式会社,情報・通信業,上場,36.6,4.2,7482387.0,6998292,0.9353,204.0,,,,情報通信業,tag,2026-02-28,E33519,1010001107305,S100Y6B0
622,768,146,8341,株式会社七十七銀行,銀行業,上場,39.0,16.0,7726000.0,6997902,0.9058,2190.0,2456.0,0.8917,,金融業・保険業,tag,2026-03-31,E03545,1370001003352,S100YAM0
623,613,-10,4344,ソースネクスト株式会社,情報・通信業,上場,39.8,9.2,8080890.0,6996885,0.8659,103.0,163.0,0.6319,,情報通信業,tag,2025-12-31,E05647,3010401051654,S100XSUV
624,486,-138,9880,イノテック株式会社,電気機器,上場,43.6,14.9,8410465.0,6994295,0.8316,211.0,1620.0,0.1302,,製造業,tag,2026-03-31,E02724,8020001019484,S100YJ5D
625,735,110,1938,日本リーテック株式会社,建設業,上場,43.0,15.5,7792000.0,6990851,0.8972,1124.0,1434.0,0.7838,,建設業,tag,2026-03-31,E00185,5011501002891,S100YI6M
626,577,-49,4362,日本精化株式会社,化学,上場,41.9,14.6,8187000.0,6989161,0.8537,415.0,713.0,0.582,,製造業,tag,2026-03-31,E00852,4120001093267,S100YCCG
627,665,38,4401,株式会社ＡＤＥＫＡ,化学,上場,40.2,17.1,7952220.0,6980746,0.8778,1827.0,5434.0,0.3362,,製造業,tag,2026-03-31,E00878,1011501009437,S100YBCU
628,606,-22,1515,日鉄鉱業株式会社,鉱業,上場,42.7,17.5,8098633.0,6980387,0.8619,723.0,2175.0,0.3324,,鉱業,tag,2026-03-31,E00036,5010001008730,S100YI8I
629,619,-10,9845,株式会社パーカーコーポレーション,化学,上場,41.01,16.05,8057877.0,6980083,0.8662,217.0,2045.0,0.1061,,製造業,tag,2026-03-31,E02708,5010001054386,S100YJ1T
630,607,-23,6823,リオン株式会社,電気機器,上場,41.3,16.8,8096000.0,6980078,0.8622,499.0,1003.0,0.4975,,製造業,tag,2026-03-31,E01842,1012401002696,S100YI2O
631,430,-201,4569,杏林製薬株式会社,医薬品,上場,45.0,19.2,8563245.0,6976825,0.8147,1322.0,1982.0,0.667,,製造業,tag,2026-03-31,E00985,8010001096491,S100YDHG
632,550,-82,8830,住友不動産株式会社,不動産業,上場,42.65,10.28,8242230.0,6976407,0.8464,2021.0,14116.0,0.1432,,不動産業,tag,2026-03-31,E03907,8011101010739,S100YI5D
633,1293,660,554A,株式会社バトンズ,情報・通信業,上場,34.6,2.7,6880000.0,6976346,1.014,126.0,,,,情報通信業,tag,2026-03-31,E41514,7010001190989,S100YNO3
634,455,-179,3861,王子ホールディングス株式会社,パルプ・紙,上場,44.5,15.6,8496000.0,6974030,0.8209,464.0,38757.0,0.012,本社のみ,製造業,tag,2026-03-31,E00642,5010001034743,S100YJ8J
635,774,139,9324,安田倉庫株式会社,倉庫・運輸関連,上場,39.5,12.8,7715711.0,6972155,0.9036,488.0,2581.0,0.1891,,運輸業,tag,2026-03-31,E04290,6010401029771,S100YEO5
636,612,-24,8566,リコーリース株式会社,その他金融業,上場,41.5,13.5,8082000.0,6971980,0.8627,1152.0,1686.0,0.6833,,金融業・保険業,tag,2026-03-31,E04946,7010601037788,S100YF3N
637,508,-129,2201,森永製菓株式会社,食料品,上場,43.4,19.0,8352549.0,6970865,0.8346,1587.0,3222.0,0.4926,,製造業,tag,2026-03-31,E00369,1010401029660,S100YHJS
638,598,-40,1827,株式会社ナカノフドー建設,建設業,上場,45.1,16.1,8121691.0,6969972,0.8582,790.0,1394.0,0.5667,,建設業,tag,2026-03-31,E00105,4010001008731,S100YHMT
639,542,-97,7956,ピジョン株式会社,その他製品,上場,42.8,15.0,8274323.0,6969077,0.8423,338.0,3042.0,0.1111,,製造業,tag,2025-12-31,E02404,8010001027298,S100XS40
640,529,-111,4220,リケンテクノス株式会社,化学,上場,43.0,17.6,8299037.0,6968687,0.8397,780.0,1877.0,0.4156,,製造業,tag,2026-03-31,E00838,9010001034970,S100Y9PN
641,578,-63,3941,レンゴー株式会社,パルプ・紙,上場,42.1,16.8,8181928.0,6966076,0.8514,4426.0,25573.0,0.1731,,製造業,tag,2026-03-31,E00659,1120001036880,S100YI9N
642,682,40,8892,株式会社エスコン,不動産業,上場,40.0,5.0,7902346.0,6961004,0.8809,320.0,487.0,0.6571,,不動産業,tag,2026-03-31,E03992,8010001067609,S100YGKW
643,586,-57,6246,株式会社テクノスマート,機械,上場,42.0,18.0,8162275.0,6960812,0.8528,255.0,,,,製造業,tag,2026-03-31,E01628,4120001074705,S100YJ0X
644,664,20,1848,株式会社富士ピー・エス,建設業,上場,44.2,15.9,7956439.0,6960022,0.8748,434.0,491.0,0.8839,,建設業,tag,2026-03-31,E00238,6290001010204,S100YG4M
645,1383,738,4449,株式会社ギフティ,情報・通信業,非上場,34.2,3.1,6767000.0,6959218,1.0284,332.0,685.0,0.4847,,情報通信業,tag,2025-12-31,E35096,4011001073617,S100XUO8
646,708,62,9531,東京瓦斯株式会社,電気・ガス業,上場,43.3,19.5,7840953.0,6958981,0.8875,3769.0,16001.0,0.2355,,電気・ガス業,tag,2026-03-31,E04514,6010401020516,S100YH8W
647,591,-56,,三井住友海上火災保険株式会社,保険業,非上場,42.2,14.8,8148828.0,6957218,0.8538,12731.0,23039.0,0.5526,,金融業・保険業,textblock,2026-03-31,E03824,6010001008795,S100YN6S
648,726,78,9765,株式会社オオバ,サービス業,上場,39.5,12.5,7803000.0,6956823,0.8916,474.0,535.0,0.886,,サービス業,tag,2026-05-31,E04764,9013201001170,S100YY0T
649,1248,599,472A,株式会社ミラティブ,情報・通信業,上場,34.9,2.9,6931000.0,6955013,1.0035,149.0,151.0,0.9868,,情報通信業,tag,2025-12-31,E41144,6010901041557,S100XUI4
650,632,-18,8051,株式会社山善,卸売業,上場,40.0,13.9,8022209.0,6954446,0.8669,1836.0,3309.0,0.5549,,卸売業・小売業,tag,2026-03-31,E02560,1120001049040,S100YBDH
651,492,-159,2613,株式会社Ｊ－オイルミルズ,食料品,上場,44.0,18.0,8401533.0,6951827,0.8274,975.0,1222.0,0.7979,,製造業,tag,2026-03-31,E00434,6010001078021,S100YFUT
652,886,234,,いすゞリーシングサービス株式会社,その他金融業,非上場,38.0,5.5,7516000.0,6951351,0.9249,349.0,,,,金融業・保険業,textblock,2026-03-31,E40299,7010701027334,S100YFCY
653,518,-135,1892,徳倉建設株式会社,建設業,上場,46.4,17.6,8315000.0,6950946,0.836,435.0,808.0,0.5384,,建設業,tag,2026-03-31,E00079,5180001038835,S100YKW2
654,700,46,4762,株式会社エックスネット,情報・通信業,上場,38.9,9.0,7862498.0,6945855,0.8834,208.0,,,,情報通信業,tag,2026-03-31,E05091,1011101049890,S100YKNO
655,760,105,9651,日本プロセス株式会社,情報・通信業,上場,38.18,13.02,7737595.0,6943028,0.8973,653.0,729.0,0.8957,,情報通信業,tag,2025-05-31,E04873,2010401055029,S100WL4H
656,621,-35,4461,第一工業製薬株式会社,化学,上場,41.4,15.6,8054710.0,6938684,0.8614,611.0,1155.0,0.529,,製造業,tag,2026-03-31,E00885,7130001017809,S100YCSC
657,1010,353,9672,東京都競馬株式会社,サービス業,上場,37.3,11.9,7303000.0,6937117,0.9499,110.0,198.0,0.5556,,サービス業,tag,2025-12-31,E04603,9010001034995,S100XTJA
658,1245,587,4450,株式会社パワーソリューションズ,情報・通信業,上場,35.0,6.3,6935000.0,6935000,1.0,215.0,481.0,0.447,,情報通信業,tag,2025-12-31,E35137,6010001106038,S100XU6D
659,840,181,9534,北海道瓦斯株式会社,電気・ガス業,上場,40.6,18.7,7596000.0,6934572,0.9129,876.0,1641.0,0.5338,,電気・ガス業,tag,2026-03-31,E04511,5430001021815,S100YGOL
660,554,-106,6875,株式会社メガチップス,電気機器,上場,42.9,10.9,8237000.0,6932590,0.8416,318.0,328.0,0.9695,,製造業,tag,2026-03-31,E02042,9120001058777,S100YDEK
661,649,-12,7837,株式会社アールシーコア,その他製品,上場,40.9,9.8,7981000.0,6931952,0.8686,134.0,229.0,0.5852,,製造業,tag,2026-03-31,E02980,8013201007128,S100YDAM
662,1479,817,9553,株式会社マイクロアド,サービス業,上場,31.5,5.7,6650000.0,6931867,1.0424,246.0,391.0,0.6292,,サービス業,tag,2025-09-30,E37742,5011001052933,S100XBWH
663,652,-11,9357,名港海運株式会社,倉庫・運輸関連,上場,42.6,19.0,7979138.0,6929315,0.8684,833.0,1890.0,0.4407,,運輸業,tag,2026-03-31,E04328,6180001007509,S100YL49
664,441,-223,6332,月島ホールディングス株式会社,機械,上場,45.3,14.4,8529953.0,6927816,0.8122,105.0,3367.0,0.0312,本社のみ,製造業,tag,2026-03-31,E01537,8010001034856,S100YH1A
665,537,-128,7740,株式会社タムロン,精密機器,上場,43.32,16.73,8280121.0,6925826,0.8364,950.0,4977.0,0.1909,,製造業,tag,2025-12-31,E02308,5030001011204,S100XUB4
666,1189,523,3267,株式会社フィル・カンパニー,建設業,上場,35.5,2.4,7000000.0,6925404,0.9893,101.0,126.0,0.8016,,建設業,tag,2025-11-30,E32571,6010001141308,S100XMZE
667,405,-262,9605,東映株式会社,情報・通信業,上場,43.3,14.1,8632825.0,6924094,0.8021,445.0,1965.0,0.2265,,情報通信業,tag,2026-03-31,E04585,6010001034866,S100YI7S
668,1269,601,2173,株式会社博展,サービス業,上場,34.8,7.0,6909076.0,6923712,1.0021,501.0,586.0,0.8549,,サービス業,tag,2025-12-31,E05737,3010001099004,S100XV33
669,569,-100,6856,株式会社堀場製作所,電気機器,上場,42.8,16.0,8209409.0,6921535,0.8431,1573.0,9101.0,0.1728,,製造業,tag,2025-12-31,E01901,1130001011676,S100XSIJ
670,559,-111,4471,三洋化成工業株式会社,化学,上場,42.9,18.6,8220000.0,6920172,0.8419,1267.0,1626.0,0.7792,,製造業,tag,2026-03-31,E00884,3130001009314,S100YC0P
671,655,-16,4272,日本化薬株式会社,化学,上場,41.0,14.8,7976000.0,6918133,0.8674,2366.0,5946.0,0.3979,,製造業,tag,2026-03-31,E00836,3010001016850,S100YD4R
672,374,-298,8065,佐藤商事株式会社,卸売業,上場,43.8,14.3,8773000.0,6916450,0.7884,661.0,1075.0,0.6149,,卸売業・小売業,tag,2026-03-31,E02535,8010001034807,S100YFE8
673,603,-70,4951,エステー株式会社,化学,上場,42.0,15.4,8102383.0,6916020,0.8536,460.0,739.0,0.6225,,製造業,tag,2026-03-31,E01019,8011101003057,S100YD9M
674,821,147,4382,ＨＥＲＯＺ株式会社,情報・通信業,上場,37.7,3.6,7624000.0,6915864,0.9071,105.0,259.0,0.4054,,情報通信業,tag,2026-04-30,E33880,7010401081739,S100YS1Z
675,679,4,7510,株式会社たけびし,卸売業,上場,39.7,16.5,7909000.0,6915635,0.8744,449.0,858.0,0.5233,,卸売業・小売業,tag,2026-03-31,E02851,1130001001272,S100YHGY
676,585,-91,4088,エア・ウォーター株式会社,化学,上場,42.5,9.9,8164000.0,6915600,0.8471,685.0,21824.0,0.0314,本社のみ,製造業,tag,2026-03-31,E00792,1430001009475,S100YTII
677,611,-66,8359,株式会社八十二長野銀行,銀行業,上場,42.1,15.5,8082000.0,6910579,0.8551,3773.0,4128.0,0.914,,金融業・保険業,tag,2026-03-31,E03563,3100001002833,S100YAUN
678,431,-247,6378,木村化工機株式会社,機械,上場,45.8,16.3,8563040.0,6907898,0.8067,434.0,442.0,0.9819,,製造業,tag,2026-03-31,E01546,7140001048448,S100YF9Q
679,471,-208,5011,ニチレキグループ株式会社,石油・石炭製品,上場,44.9,14.8,8447000.0,6904866,0.8174,110.0,1434.0,0.0767,本社のみ,製造業,tag,2026-03-31,E01077,7010001008737,S100YE06
680,1613,933,4318,株式会社クイック,サービス業,上場,30.3,6.5,6475585.0,6904731,1.0663,1251.0,1682.0,0.7438,,サービス業,tag,2026-03-31,E05232,9120001063067,S100YF5Z
681,729,48,6365,株式会社電業社機械製作所,機械,上場,39.8,16.1,7802000.0,6903050,0.8848,495.0,556.0,0.8903,,製造業,tag,2026-03-31,E01544,8010801007581,S100YI72
682,755,73,1904,大成温調株式会社,建設業,上場,43.4,17.9,7747438.0,6901125,0.8908,581.0,783.0,0.742,,建設業,tag,2026-03-31,E00233,3010701005946,S100YIC7
683,1159,476,4168,株式会社ヤプリ,情報・通信業,上場,35.5,3.8,7047000.0,6899908,0.9791,290.0,294.0,0.9864,,情報通信業,tag,2025-12-31,E36107,6010401104203,S100XVB7
684,568,-116,2801,キッコーマン株式会社,食料品,上場,43.1,13.4,8210646.0,6895275,0.8398,672.0,7911.0,0.0849,本社のみ,製造業,tag,2026-03-31,E00435,2040001071167,S100YE5V
685,601,-84,6328,荏原実業株式会社,機械,上場,42.3,14.3,8110000.0,6893987,0.8501,458.0,548.0,0.8358,,製造業,tag,2025-12-31,E01714,5010001039024,S100XPJL
686,714,28,4972,綜研化学株式会社,化学,上場,40.1,14.5,7829000.0,6893900,0.8806,348.0,1097.0,0.3172,,製造業,tag,2026-03-31,E01055,8013301006500,S100YFCG
687,703,16,2053,中部飼料株式会社,食料品,上場,40.3,14.8,7853807.0,6893228,0.8777,444.0,508.0,0.874,,製造業,tag,2026-03-31,E00439,2180001094757,S100YF88
688,751,63,4205,日本ゼオン株式会社,化学,上場,39.6,14.3,7763347.0,6892704,0.8879,2503.0,4425.0,0.5656,,製造業,tag,2026-03-31,E00821,9010001008834,S100YJ12
689,608,-81,3405,株式会社クラレ,化学,上場,42.2,17.8,8089641.0,6888036,0.8515,4715.0,12117.0,0.3891,,製造業,tag,2025-12-31,E00876,1260001013156,S100XSSZ
690,784,94,4732,株式会社ユー・エス・エス,サービス業,上場,39.4,13.0,7697000.0,6887459,0.8948,725.0,1211.0,0.5987,,サービス業,tag,2026-03-31,E05045,3180001094608,S100YGIC
691,803,112,3692,株式会社ＦＦＲＩセキュリティ,情報・通信業,上場,38.1,4.9,7656000.0,6887345,0.8996,172.0,236.0,0.7288,,情報通信業,tag,2026-03-31,E30877,3011101046226,S100YKWG
692,530,-162,7004,カナデビア株式会社,機械,上場,43.9,15.8,8298285.0,6887249,0.83,4088.0,12666.0,0.3228,,製造業,tag,2026-03-31,E02124,3120001031541,S100YGOR
693,497,-196,6952,カシオ計算機株式会社,電気機器,上場,44.6,15.7,8384000.0,6886807,0.8214,2053.0,8259.0,0.2486,,製造業,tag,2026-03-31,E01935,4011001030015,S100YJ1H
694,525,-169,2902,太陽化学株式会社,食料品,上場,44.0,20.0,8304875.0,6883168,0.8288,469.0,867.0,0.5409,,製造業,tag,2026-03-31,E00472,3190001015397,S100YD3Q
695,514,-181,6134,株式会社ＦＵＪＩ,機械,上場,44.2,19.8,8326000.0,6880683,0.8264,1771.0,3132.0,0.5655,,製造業,tag,2026-03-31,E01495,2180301014885,S100YKAW
696,447,-249,6413,理想科学工業株式会社,機械,上場,45.8,22.1,8520952.0,6879295,0.8073,1529.0,2865.0,0.5337,,製造業,tag,2026-03-31,E02410,9010401031452,S100YE4Y
697,487,-210,6504,富士電機株式会社,電気機器,上場,44.9,20.3,8409855.0,6879064,0.818,10901.0,26955.0,0.4044,,製造業,tag,2026-03-31,E01740,9020001071492,S100YEEB
698,672,-26,9351,東洋埠頭株式会社,倉庫・運輸関連,上場,44.6,19.7,7936247.0,6876581,0.8665,331.0,848.0,0.3903,,運輸業,tag,2026-03-31,E04321,7010001034865,S100YELE
699,553,-146,4673,川崎地質株式会社,サービス業,上場,42.0,14.0,8237000.0,6876314,0.8348,357.0,373.0,0.9571,,サービス業,tag,2025-11-30,E04987,7010401037591,S100XN3U
700,352,-348,8032,日本紙パルプ商事株式会社,卸売業,上場,44.7,20.5,8899403.0,6875908,0.7726,753.0,4705.0,0.16,,卸売業・小売業,tag,2026-03-31,E02510,1010001034978,S100YF3W
701,1616,915,519A,株式会社ベーシック,情報・通信業,上場,33.3,4.9,6471000.0,6874491,1.0624,110.0,,,,情報通信業,tag,2025-12-31,E41486,6010001087006,S100XVIQ
702,513,-189,3397,株式会社トリドールホールディングス,小売業,上場,41.98,6.43,8326000.0,6872089,0.8254,351.0,7775.0,0.0451,本社のみ,卸売業・小売業,tag,2026-03-31,E03468,8140001028201,S100YDW4
703,419,-284,6331,三菱化工機株式会社,機械,上場,46.5,16.2,8593782.0,6870391,0.7995,699.0,1044.0,0.6695,,製造業,tag,2026-03-31,E01536,7020001074662,S100YK3Y
704,1362,658,3763,株式会社プロシップ,情報・通信業,上場,34.7,8.2,6795947.0,6867074,1.0105,259.0,259.0,1.0,,情報通信業,tag,2026-03-31,E05466,1010001073852,S100YD0F
705,782,77,6144,西部電機株式会社,機械,上場,39.4,14.7,7702000.0,6863960,0.8912,620.0,681.0,0.9104,,製造業,tag,2026-03-31,E01930,2290001036343,S100YLBS
706,600,-106,7979,株式会社松風,精密機器,上場,42.72,16.24,8113619.0,6858547,0.8453,536.0,1462.0,0.3666,,製造業,tag,2026-03-31,E01183,6130001009674,S100YGMA
707,789,82,7552,株式会社ハピネット,卸売業,上場,39.0,13.0,7689000.0,6856501,0.8917,512.0,1113.0,0.46,,卸売業・小売業,tag,2026-03-31,E02869,5010501011416,S100YCH4
708,592,-116,6612,バルミューダ株式会社,電気機器,上場,43.0,4.5,8143000.0,6854996,0.8418,104.0,104.0,1.0,,製造業,tag,2025-12-31,E36091,1012701010928,S100XTCP
709,1193,484,3844,コムチュア株式会社,情報・通信業,上場,35.5,8.7,7000000.0,6854826,0.9793,1667.0,1964.0,0.8488,,情報通信業,tag,2026-03-31,E05678,3010701015193,S100YL64
710,450,-260,5715,古河機械金属株式会社,非鉄金属,上場,46.0,19.0,8508046.0,6853917,0.8056,207.0,2883.0,0.0718,本社のみ,製造業,tag,2026-03-31,E00032,7010001008803,S100YIDC
711,1188,477,6535,株式会社アイモバイル,サービス業,上場,36.0,6.41,7001000.0,6853792,0.979,215.0,215.0,1.0,,サービス業,tag,2025-07-31,E32687,4011001059087,S100WW4T
712,671,-41,4043,株式会社トクヤマ,化学,上場,41.45,16.82,7940277.0,6846856,0.8623,2652.0,6390.0,0.415,,製造業,tag,2026-03-31,E00768,1250001009080,S100YDQ3
713,528,-185,9601,松竹株式会社,情報・通信業,上場,42.3,14.6,8301791.0,6842218,0.8242,619.0,1462.0,0.4234,,情報通信業,tag,2026-02-28,E04582,6010001034809,S100Y66K
714,645,-69,7731,株式会社ニコン,精密機器,上場,41.9,13.7,7989362.0,6840945,0.8563,4656.0,19928.0,0.2336,,製造業,tag,2026-03-31,E02271,5010001008763,S100YKBP
715,814,99,5243,ｎｏｔｅ株式会社,サービス業,上場,39.4,3.9,7639000.0,6839710,0.8954,154.0,158.0,0.9747,,サービス業,tag,2025-11-30,E38043,3011001071811,S100XMWX
716,552,-164,3153,八洲電機株式会社,卸売業,上場,41.8,17.1,8238000.0,6835894,0.8298,454.0,1062.0,0.4275,,卸売業・小売業,tag,2026-03-31,E02812,9010401029819,S100YE8H
717,631,-86,4997,日本農薬株式会社,化学,上場,42.3,14.7,8030534.0,6835024,0.8511,395.0,1527.0,0.2587,,製造業,tag,2026-03-31,E00937,2010001034985,S100YATP
718,866,148,8544,株式会社　京葉銀行,銀行業,上場,39.2,16.5,7555000.0,6831090,0.9042,1805.0,1837.0,0.9826,,金融業・保険業,tag,2026-03-31,E03641,5040001000008,S100YBD2
719,590,-129,2109,ＤＭ三井製糖株式会社,食料品,上場,43.38,18.28,8154131.0,6829517,0.8376,428.0,1550.0,0.2761,,製造業,tag,2026-03-31,E00356,1010001034929,S100YCZI
720,630,-90,6963,ローム株式会社,電気機器,上場,42.4,14.0,8035000.0,6829337,0.8499,4199.0,21756.0,0.193,,製造業,tag,2026-03-31,E01953,9130001000052,S100YF41
721,375,-346,3023,ラサ商事株式会社,卸売業,上場,44.4,13.1,8764121.0,6829159,0.7792,221.0,262.0,0.8435,,卸売業・小売業,tag,2026-03-31,E02547,7010001060127,S100YJIY
722,702,-20,4549,栄研化学株式会社,医薬品,上場,41.0,13.0,7856285.0,6826074,0.8689,696.0,696.0,1.0,,製造業,tag,2026-03-31,E00961,2010501028231,S100YD7R
723,1001,278,8366,株式会社滋賀銀行,銀行業,上場,37.66,14.66,7320000.0,6825898,0.9325,1936.0,2243.0,0.8631,,金融業・保険業,tag,2026-03-31,E03575,6160001000993,S100YBKA
724,980,256,7613,シークス株式会社,卸売業,上場,37.6,8.2,7364000.0,6825252,0.9268,241.0,8712.0,0.0277,本社のみ,卸売業・小売業,tag,2025-12-31,E02900,7120001080989,S100XUJ0
725,609,-116,6724,セイコーエプソン株式会社,電気機器,上場,42.9,18.1,8087000.0,6823015,0.8437,12311.0,74619.0,0.165,,製造業,tag,2026-03-31,E01873,4011101010841,S100YJ6A
726,2142,1416,4499,株式会社Ｓｐｅｅｅ,情報・通信業,上場,29.6,3.0,5731000.0,6822985,1.1905,601.0,661.0,0.9092,,情報通信業,tag,2025-09-30,E35632,5010401084611,S100XC4C
727,734,7,,松尾建設株式会社,建設業,非上場,44.3,17.9,7793000.0,6821436,0.8753,686.0,940.0,0.7298,,建設業,textblock,2026-03-31,E00144,6300001000905,S100YHNJ
728,481,-247,5602,株式会社栗本鐵工所,鉄鋼,上場,45.7,21.0,8419706.0,6818705,0.8099,1380.0,2238.0,0.6166,,製造業,tag,2026-03-31,E01268,1120001048991,S100YDW9
729,1026,297,9021,西日本旅客鉄道株式会社,陸運業,上場,37.4,13.7,7276931.0,6817308,0.9368,22524.0,47225.0,0.477,,運輸業,tag,2026-03-31,E04148,1120001059675,S100YCFK
730,1236,506,4553,東和薬品株式会社,医薬品,上場,35.5,9.7,6948000.0,6816640,0.9811,2899.0,4923.0,0.5889,,製造業,tag,2026-03-31,E00974,4120001157872,S100YFVM
731,916,185,3774,株式会社インターネットイニシアティブ,情報・通信業,上場,37.5,9.3,7472000.0,6816597,0.9123,3174.0,5533.0,0.5736,,情報通信業,tag,2026-03-31,E05480,6010001011147,S100YHYH
732,422,-310,7995,株式会社バルカー,化学,上場,47.1,17.7,8585760.0,6816390,0.7939,424.0,1582.0,0.268,,製造業,tag,2026-03-31,E01164,5010701020092,S100YC38
733,391,-342,,信越放送株式会社,情報・通信業,非上場,44.4,19.4,8698000.0,6814884,0.7835,120.0,181.0,0.663,,情報通信業,textblock,2026-03-31,E04384,2100001001266,S100YIFJ
734,851,117,5445,東京鐵鋼株式会社,鉄鋼,上場,38.9,13.4,7577000.0,6813779,0.8993,607.0,815.0,0.7448,,製造業,tag,2026-03-31,E01292,8060001014498,S100YJ6R
735,771,36,2060,フィード・ワン株式会社,食料品,上場,40.1,15.9,7723000.0,6810264,0.8818,586.0,935.0,0.6267,,製造業,tag,2026-03-31,E30728,7020001107810,S100YC1Q
736,759,23,9543,静岡ガス株式会社,電気・ガス業,上場,44.3,20.9,7740918.0,6809256,0.8796,657.0,1586.0,0.4142,,電気・ガス業,tag,2025-12-31,E04516,4080001002686,S100XTDX
737,740,3,5410,合同製鐵株式会社,鉄鋼,上場,40.6,18.4,7780705.0,6806437,0.8748,772.0,2168.0,0.3561,,製造業,tag,2026-03-31,E01235,6120001049614,S100YCUF
738,1033,295,1976,明星工業株式会社,建設業,上場,39.7,13.8,7260593.0,6806138,0.9374,362.0,768.0,0.4714,,建設業,tag,2026-03-31,E00161,1120001049032,S100YFOI
739,849,110,2001,株式会社ニップン,食料品,上場,39.0,14.0,7579460.0,6805566,0.8979,1244.0,3935.0,0.3161,,製造業,tag,2026-03-31,E00345,9011001017684,S100YIC9
740,1761,1021,4053,株式会社Ｓｕｎ　Ａｓｔｅｒｉｓｋ,情報・通信業,上場,32.7,2.5,6263475.0,6803758,1.0863,459.0,2006.0,0.2288,,情報通信業,tag,2025-12-31,E35827,4010601044077,S100XTX9
741,1954,1213,387A,フラー株式会社,情報・通信業,上場,31.4,3.6,6000000.0,6800365,1.1334,190.0,,,,情報通信業,tag,2025-06-30,E38722,7050001033574,S100WQUS
742,662,-80,4956,コニシ株式会社,化学,上場,42.11,17.48,7959000.0,6798896,0.8542,725.0,1561.0,0.4644,,製造業,tag,2026-03-31,E02686,9120001077414,S100YC07
743,546,-197,4633,サカタインクス株式会社,化学,上場,44.6,18.9,8258000.0,6798634,0.8233,902.0,5323.0,0.1695,,製造業,tag,2025-12-31,E00905,2120001043471,S100XSP9
744,411,-333,4832,ＪＦＥシステムズ株式会社,情報・通信業,上場,44.1,19.0,8610129.0,6798206,0.7896,1600.0,1960.0,0.8163,,情報通信業,tag,2026-03-31,E05173,4010601033105,S100YCWP
745,750,5,8368,株式会社　百五銀行,銀行業,上場,40.9,15.3,7764000.0,6796997,0.8755,2193.0,2828.0,0.7755,,金融業・保険業,tag,2026-03-31,E03574,5190001000892,S100YBNQ
746,712,-34,1333,Ｕｍｉｏｓ株式会社,水産・農林業,上場,41.0,14.4,7831821.0,6796889,0.8679,1738.0,12479.0,0.1393,,産業計,tag,2026-03-31,E00015,2010601040697,S100YCK1
747,744,-3,7259,株式会社アイシン,輸送用機器,上場,40.7,17.3,7772000.0,6789984,0.8736,34956.0,113292.0,0.3085,,製造業,tag,2026-03-31,E01593,6180301013611,S100YAWO
748,1081,333,4776,サイボウズ株式会社,情報・通信業,上場,36.4,6.7,7188078.0,6789390,0.9445,1080.0,1356.0,0.7965,,情報通信業,tag,2025-12-31,E05116,5010001072207,S100XUKS
749,861,112,6306,日工株式会社,機械,上場,39.0,13.4,7559261.0,6789104,0.8981,692.0,1169.0,0.592,,製造業,tag,2026-03-31,E01372,6140001035281,S100YH1J
750,898,148,7353,ＫＩＹＯラーニング株式会社,サービス業,上場,39.0,3.0,7494041.0,6788848,0.9059,118.0,,,,サービス業,tag,2025-12-31,E35790,2011001066077,S100XSRQ
751,698,-53,7984,コクヨ株式会社,その他製品,上場,41.5,15.4,7864322.0,6784461,0.8627,2346.0,8079.0,0.2904,,製造業,tag,2025-12-31,E00670,6120001012282,S100XUE1
752,770,18,4370,モビルス株式会社,情報・通信業,上場,39.3,2.92,7723000.0,6784295,0.8785,107.0,109.0,0.9817,,情報通信業,tag,2025-08-31,E36795,6010401095847,S100X6MF
753,1444,691,3979,株式会社うるる,情報・通信業,上場,34.6,4.3,6690466.0,6784158,1.014,255.0,304.0,0.8388,,情報通信業,tag,2026-03-31,E32794,6010001096659,S100YJOL
754,1076,322,3064,株式会社ＭｏｎｏｔａＲＯ,小売業,上場,37.0,5.5,7193389.0,6782468,0.9429,931.0,1525.0,0.6105,,卸売業・小売業,tag,2025-12-31,E03497,6140001054380,S100XSYP
755,880,125,4301,株式会社アミューズ,サービス業,上場,39.18,11.44,7523505.0,6782222,0.9015,253.0,601.0,0.421,,サービス業,tag,2026-03-31,E05219,5011001029386,S100YBX4
756,602,-154,6508,株式会社明電舎,電気機器,上場,43.6,18.8,8107973.0,6777247,0.8359,3975.0,10082.0,0.3943,,製造業,tag,2026-03-31,E01744,4010701009640,S100YIHP
757,724,-33,6273,ＳＭＣ株式会社,機械,上場,41.1,19.7,7804768.0,6776921,0.8683,6560.0,24773.0,0.2648,,製造業,tag,2026-03-31,E01673,3010001097635,S100YLC6
758,472,-286,4902,コニカミノルタ株式会社,電気機器,上場,46.4,20.7,8441281.0,6776446,0.8028,3888.0,34363.0,0.1131,,製造業,tag,2026-03-31,E00989,5010001084367,S100YB93
759,780,21,4996,クミアイ化学工業株式会社,化学,上場,40.3,14.7,7703331.0,6775183,0.8795,799.0,2153.0,0.3711,,製造業,tag,2025-10-31,E00828,1010501016022,S100XH23
760,773,13,5079,株式会社ノバック,建設業,上場,44.2,15.2,7716000.0,6774514,0.878,290.0,302.0,0.9603,,建設業,tag,2026-04-30,E37468,4140001058111,S100YSTZ
761,594,-167,3853,アステリア株式会社,情報・通信業,上場,41.9,9.5,8126954.0,6774106,0.8335,115.0,145.0,0.7931,,情報通信業,tag,2026-03-31,E05699,2010701012175,S100YGH9
762,636,-126,6284,日精エー・エス・ビー機械株式会社,機械,上場,42.9,14.3,8020000.0,6774072,0.8446,216.0,2177.0,0.0992,本社のみ,製造業,tag,2025-09-30,E01682,7100001008315,S100XB87
763,1436,673,3031,株式会社ラクーンホールディングス,卸売業,上場,34.4,7.6,6700009.0,6771284,1.0106,105.0,243.0,0.4321,,卸売業・小売業,tag,2026-04-30,E05563,8010001076972,S100YRIV
764,642,-122,4559,ゼリア新薬工業株式会社,医薬品,上場,42.7,17.96,7991507.0,6770678,0.8472,872.0,1748.0,0.4989,,製造業,tag,2026-03-31,E00948,7010001034790,S100YKC2
765,844,79,9008,京王電鉄株式会社,陸運業,上場,40.5,17.7,7583834.0,6768244,0.8925,2429.0,13079.0,0.1857,,運輸業,tag,2026-03-31,E04092,3011101005999,S100YF0G
766,673,-93,2117,ウェルネオシュガー株式会社,食料品,上場,42.3,17.8,7934417.0,6763706,0.8525,450.0,755.0,0.596,,製造業,tag,2026-03-31,E25648,2010001142672,S100YIPK
767,650,-117,4547,キッセイ薬品工業株式会社,医薬品,上場,42.7,18.2,7980826.0,6762835,0.8474,1297.0,1786.0,0.7262,,製造業,tag,2026-03-31,E00962,1100001012982,S100YFN3
768,566,-202,4975,株式会社ＪＣＵ,化学,上場,44.7,16.6,8212859.0,6758730,0.8229,250.0,567.0,0.4409,,製造業,tag,2026-03-31,E01065,3010501001864,S100YIEL
769,616,-153,429A,テクセンドフォトマスク株式会社,精密機器,上場,43.5,3.3,8070000.0,6758525,0.8375,499.0,1944.0,0.2567,,製造業,tag,2026-03-31,E40985,1010401164466,S100YJ5L
770,810,40,7270,株式会社ＳＵＢＡＲＵ,輸送用機器,上場,40.0,15.7,7643520.0,6757282,0.8841,17948.0,37542.0,0.4781,,製造業,tag,2026-03-31,E02152,5011101019196,S100YFKZ
771,1428,657,9467,株式会社アルファポリス,情報・通信業,上場,34.8,5.6,6709000.0,6755649,1.007,146.0,215.0,0.6791,,情報通信業,tag,2026-03-31,E30908,3011001035097,S100YET5
772,802,30,4642,オリジナル設計株式会社,サービス業,上場,40.0,11.4,7659116.0,6754514,0.8819,333.0,498.0,0.6687,,サービス業,tag,2025-12-31,E04955,8011001065098,S100XU33
773,798,25,4062,イビデン株式会社,電気機器,上場,40.2,16.9,7663191.0,6753356,0.8813,4036.0,11105.0,0.3634,,製造業,tag,2026-03-31,E00775,6200001013231,S100YC4B
774,629,-145,7760,ＩＭＶ株式会社,精密機器,上場,43.3,12.4,8038000.0,6752568,0.8401,212.0,373.0,0.5684,,製造業,tag,2025-09-30,E02352,3120001059756,S100XAL6
775,1116,341,2120,株式会社ＬＩＦＵＬＬ,サービス業,上場,37.4,8.4,7120000.0,6751327,0.9482,667.0,918.0,0.7266,,サービス業,tag,2025-09-30,E05624,1010401091628,S100X8TY
776,761,-15,8410,株式会社セブン銀行,銀行業,上場,41.1,7.4,7734000.0,6751089,0.8729,715.0,1393.0,0.5133,,金融業・保険業,tag,2026-03-31,E03623,5010001073618,S100YC1N
777,1438,661,5253,カバー株式会社,情報・通信業,上場,34.8,2.8,6700000.0,6746586,1.007,735.0,,,,情報通信業,tag,2026-03-31,E38478,4011001111450,S100YGT9
778,1299,521,4371,株式会社コアコンセプト・テクノロジー,情報・通信業,上場,35.45,3.85,6873000.0,6746493,0.9816,416.0,584.0,0.7123,,情報通信業,tag,2025-12-31,E36897,4010001127738,S100XUXC
779,732,-47,7313,テイ・エス　テック株式会社,輸送用機器,上場,41.4,17.6,7796981.0,6742707,0.8648,1649.0,13558.0,0.1216,,製造業,tag,2026-03-31,E02380,8030001044928,S100YCXB
780,535,-245,9991,ジェコス株式会社,卸売業,上場,42.7,17.1,8285231.0,6740709,0.8136,764.0,1762.0,0.4336,,卸売業・小売業,tag,2026-03-31,E02782,2010001069981,S100YD7I
781,806,25,5254,株式会社Ａｒｅｎｔ,情報・通信業,上場,39.2,1.9,7651000.0,6740483,0.881,131.0,247.0,0.5304,,情報通信業,tag,2025-06-30,E38472,7080401018908,S100WRNQ
782,689,-93,6471,日本精工株式会社,機械,上場,42.1,16.6,7879335.0,6740370,0.8554,7231.0,26278.0,0.2752,,製造業,tag,2026-03-31,E01600,8010701007715,S100YFE3
783,945,162,4666,パーク二四株式会社（定款上の商号　パーク２４株式会社）,不動産業,上場,38.1,8.6,7419000.0,6738346,0.9083,734.0,5734.0,0.128,,不動産業,tag,2025-10-31,E04979,6010001115658,S100XHMO
784,624,-160,6448,ブラザー工業株式会社,電気機器,上場,43.6,13.9,8053735.0,6738330,0.8367,3997.0,39495.0,0.1012,,製造業,tag,2026-03-31,E01594,8180001010997,S100YECO
785,699,-86,7730,マニー株式会社,精密機器,上場,42.0,14.0,7863821.0,6737605,0.8568,432.0,4140.0,0.1043,,製造業,tag,2025-08-31,E02340,4060001005922,S100X59Q
786,581,-205,6455,株式会社モリタホールディングス,輸送用機器,上場,44.6,12.45,8170179.0,6737178,0.8246,104.0,1786.0,0.0582,本社のみ,製造業,tag,2026-03-31,E01653,7120001019062,S100YE56
787,1108,321,4397,株式会社チームスピリット,情報・通信業,上場,36.4,3.5,7128000.0,6735709,0.945,205.0,207.0,0.9903,,情報通信業,tag,2025-08-31,E34225,1010001116826,S100X6JN
788,657,-131,8358,スルガ銀行株式会社,銀行業,上場,45.2,20.9,7974000.0,6731009,0.8441,1169.0,1383.0,0.8453,,金融業・保険業,tag,2026-03-31,E03571,9080101000957,S100YCW1
789,669,-120,1788,株式会社三東工業社,建設業,上場,46.0,16.3,7942482.0,6730817,0.8474,106.0,121.0,0.876,,建設業,tag,2025-06-30,E00259,7160001005521,S100WROP
790,739,-51,5741,株式会社ＵＡＣＪ,非鉄金属,上場,41.4,15.5,7781000.0,6730555,0.865,3943.0,10183.0,0.3872,,製造業,tag,2026-03-31,E01330,9010001098116,S100YCV0
791,757,-34,6305,日立建機株式会社,機械,上場,41.1,15.2,7744000.0,6730324,0.8691,5926.0,25304.0,0.2342,,製造業,tag,2026-03-31,E01585,3010001026998,S100YIBR
792,675,-117,5302,日本カーボン株式会社,ガラス・土石製品,上場,42.6,16.4,7923000.0,6729021,0.8493,187.0,667.0,0.2804,,製造業,tag,2025-12-31,E01140,9010001035011,S100XT3M
793,1645,852,3900,株式会社クラウドワークス,情報・通信業,上場,33.7,2.6,6425000.0,6726929,1.047,346.0,760.0,0.4553,,情報通信業,tag,2025-09-30,E31019,6010401098453,S100XBLZ
794,825,31,3793,株式会社ドリコム,情報・通信業,上場,39.1,6.8,7617515.0,6726633,0.883,271.0,275.0,0.9855,,情報通信業,tag,2026-03-31,E05552,1011101050337,S100YGW0
795,685,-110,7211,三菱自動車工業株式会社,輸送用機器,上場,42.4,16.0,7895000.0,6725729,0.8519,13498.0,27695.0,0.4874,,製造業,tag,2026-03-31,E02213,7010401029044,S100YCMC
796,1425,629,6560,株式会社エル・ティー・エス,サービス業,上場,34.8,4.0,6711000.0,6725216,1.0021,456.0,1003.0,0.4546,,サービス業,tag,2025-12-31,E33588,8011101053812,S100XRW4
797,260,-537,8267,イオン株式会社,小売業,上場,49.3,18.5,9329258.0,6724839,0.7208,559.0,179230.0,0.0031,本社のみ,卸売業・小売業,tag,2026-02-28,E03061,6040001003380,S100Y5VH
798,544,-254,8081,株式会社カナデン,卸売業,上場,42.7,17.3,8262000.0,6724725,0.8139,620.0,904.0,0.6858,,卸売業・小売業,tag,2026-03-31,E02580,7010401007116,S100YFEF
799,719,-80,4813,株式会社ＡＣＣＥＳＳ,情報・通信業,上場,40.4,10.0,7818948.0,6723562,0.8599,331.0,795.0,0.4164,,情報通信業,tag,2026-01-31,E05168,5010001009662,S100Y070
800,1639,839,9272,ブティックス株式会社,小売業,上場,32.6,2.6,6437000.0,6719939,1.044,234.0,,,,卸売業・小売業,tag,2026-03-31,E33882,7010701023374,S100YJV7
801,753,-48,3116,トヨタ紡織株式会社,輸送用機器,上場,41.3,17.6,7751383.0,6717299,0.8666,8655.0,45521.0,0.1901,,製造業,tag,2026-03-31,E00540,2180301014324,S100Y9AH
802,833,31,1960,株式会社サンテック,建設業,上場,44.0,15.3,7606000.0,6713783,0.8827,790.0,1483.0,0.5327,,建設業,tag,2026-03-31,E00173,4010001008681,S100YFBB
803,490,-313,8007,高島株式会社,卸売業,上場,43.5,12.4,8404000.0,6712770,0.7988,220.0,1200.0,0.1833,,卸売業・小売業,tag,2026-03-31,E02501,3010001034860,S100YCID
804,666,-138,7951,ヤマハ株式会社,その他製品,上場,43.0,18.0,7947497.0,6712549,0.8446,3449.0,17886.0,0.1928,,製造業,tag,2026-03-31,E02362,3080401005595,S100YJE7
805,1113,308,,新日本海フェリー株式会社,海運業,非上場,37.1,15.7,7122445.0,6712357,0.9424,519.0,1080.0,0.4806,,運輸業,textblock,2026-03-31,E04262,5430001050054,S100YMZO
806,648,-158,,水道機工株式会社,機械,非上場,43.3,13.0,7981646.0,6711822,0.8409,249.0,744.0,0.3347,,製造業,tag,2026-03-31,E01646,5010901005975,S100YLZK
807,1005,198,4434,株式会社サーバーワークス,情報・通信業,上場,37.3,3.5,7315129.0,6711604,0.9175,367.0,520.0,0.7058,,情報通信業,tag,2026-02-28,E31580,1011101054073,S100Y5TF
808,1901,1093,2978,株式会社ツクルバ,不動産業,上場,32.1,2.5,6068000.0,6710498,1.1059,215.0,235.0,0.9149,,不動産業,tag,2025-07-31,E35028,3011001070524,S100WXFC
809,604,-205,4544,Ｈ．Ｕ．グループホールディングス株式会社,サービス業,上場,43.2,12.1,8102000.0,6706124,0.8277,351.0,5157.0,0.0681,本社のみ,サービス業,tag,2026-03-31,E00967,1011101039628,S100YB46
810,393,-417,8093,極東貿易株式会社,卸売業,上場,45.0,18.0,8687000.0,6702808,0.7716,154.0,659.0,0.2337,,卸売業・小売業,tag,2026-03-31,E02503,2010001014327,S100YESK
811,625,-186,4095,日本パーカライジング株式会社,化学,上場,44.0,17.6,8050517.0,6702491,0.8326,906.0,4283.0,0.2115,,製造業,tag,2026-03-31,E00898,1010001034994,S100YJGK
812,791,-21,3302,帝国繊維株式会社,繊維製品,上場,40.9,11.1,7682692.0,6701911,0.8723,191.0,362.0,0.5276,,製造業,tag,2025-12-31,E00559,7010001034840,S100XQYR
813,618,-195,6250,株式会社やまびこ,機械,上場,44.1,18.4,8060774.0,6701481,0.8314,1085.0,2945.0,0.3684,,製造業,tag,2025-12-31,E21258,1013101005329,S100XSYR
814,767,-47,1417,株式会社ミライト・ワン,建設業,上場,44.9,17.8,7726016.0,6698178,0.867,3589.0,17709.0,0.2027,,建設業,tag,2026-03-31,E24558,6010601040090,S100YG40
815,597,-218,4634,ａｒｔｉｅｎｃｅ株式会社,化学,上場,44.7,18.6,8123591.0,6696416,0.8243,392.0,7880.0,0.0497,本社のみ,製造業,tag,2025-12-31,E00903,3010001034844,S100XRLA
816,710,-106,8624,いちよし証券株式会社,証券、商品先物取引業,上場,43.1,14.6,7836232.0,6695057,0.8544,920.0,1014.0,0.9073,,金融業・保険業,tag,2026-03-31,E03772,7010001036845,S100YANQ
817,763,-54,6473,株式会社ジェイテクト,機械,上場,41.4,17.2,7732683.0,6693815,0.8657,11109.0,43233.0,0.257,,製造業,tag,2026-03-31,E01602,9120001079055,S100YEL3
818,572,-246,8154,加賀電子株式会社,卸売業,上場,42.6,13.9,8196000.0,6692941,0.8166,583.0,9374.0,0.0622,本社のみ,卸売業・小売業,tag,2026-03-31,E02676,4010001001752,S100YNQJ
819,1224,405,5137,株式会社スマートドライブ,情報・通信業,上場,36.0,4.4,6969000.0,6692473,0.9603,109.0,111.0,0.982,,情報通信業,tag,2025-09-30,E38205,9010901033015,S100XC5Q
820,1114,294,4933,株式会社Ｉ－ｎｅ,化学,上場,36.7,4.7,7122000.0,6691694,0.9396,408.0,433.0,0.9423,,製造業,tag,2025-12-31,E35928,6140001082869,S100Y415
821,862,41,4934,プレミアアンチエイジング株式会社,化学,上場,40.0,3.7,7559000.0,6690401,0.8851,174.0,216.0,0.8056,,製造業,tag,2025-07-31,E36046,2010401085273,S100WWWK
822,777,-45,9202,ＡＮＡホールディングス株式会社,空運業,上場,46.2,2.9,7709000.0,6689861,0.8678,286.0,47826.0,0.006,本社のみ,運輸業,tag,2026-03-31,E04273,6010401050876,S100YKL4
823,715,-108,,西日本建設業保証株式会社,保険業,非上場,43.1,19.2,7828091.0,6689019,0.8545,245.0,269.0,0.9108,,金融業・保険業,textblock,2026-03-31,E03837,2120001046185,S100YIDG
824,677,-147,4465,株式会社ニイタカ,化学,上場,43.0,14.0,7914593.0,6688574,0.8451,242.0,400.0,0.605,,製造業,tag,2025-05-31,E00890,9120001056079,S100WL0G
825,887,62,286A,株式会社ユカリア,サービス業,上場,39.7,3.0,7514000.0,6686870,0.8899,198.0,1347.0,0.147,,サービス業,tag,2025-12-31,E12328,8010401056616,S100XUVY
826,899,73,6507,シンフォニアテクノロジー株式会社,電気機器,上場,39.5,16.1,7492000.0,6685122,0.8923,2080.0,3729.0,0.5578,,製造業,tag,2026-03-31,E01743,2010401054443,S100YI4V
827,878,51,6586,株式会社マキタ,機械,上場,39.8,16.5,7525657.0,6683100,0.888,3435.0,17586.0,0.1953,,製造業,tag,2026-03-31,E01920,2180301013342,S100YH4M
828,788,-40,7942,株式会社ジェイエスピー,化学,上場,41.2,14.8,7692000.0,6681208,0.8686,751.0,3096.0,0.2426,,製造業,tag,2026-03-31,E00858,9010001019484,S100YEL0
829,738,-91,8057,株式会社内田洋行,卸売業,上場,40.6,16.4,7783747.0,6679476,0.8581,1113.0,3272.0,0.3402,,卸売業・小売業,tag,2025-07-20,E02515,1010001034730,S100WU40
830,992,162,9533,東邦瓦斯株式会社,電気・ガス業,上場,41.4,14.7,7332353.0,6678512,0.9108,973.0,6131.0,0.1587,,電気・ガス業,tag,2026-03-31,E04517,2180001022387,S100YGFW
831,877,46,9830,トラスコ中山株式会社,卸売業,上場,39.3,14.7,7526000.0,6677132,0.8872,1756.0,1809.0,0.9707,,卸売業・小売業,tag,2025-12-31,E02701,5120001108073,S100XRJW
832,762,-70,2270,雪印メグミルク株式会社,食料品,上場,41.6,16.0,7733539.0,6676167,0.8633,3172.0,5844.0,0.5428,,製造業,tag,2026-03-31,E23202,8430001041570,S100YC5I
833,617,-216,7595,株式会社アルゴグラフィックス,情報・通信業,上場,42.3,13.0,8064000.0,6675873,0.8279,586.0,1198.0,0.4891,,情報通信業,tag,2026-03-31,E05018,7010001062783,S100YF23
834,801,-33,2296,伊藤ハム米久ホールディングス株式会社,食料品,上場,41.0,16.4,7659584.0,6674815,0.8714,777.0,6805.0,0.1142,,製造業,tag,2026-03-31,E32069,6011001110293,S100YCXD
835,620,-215,6282,オイレス工業株式会社,機械,上場,44.4,17.5,8056691.0,6673970,0.8284,833.0,2065.0,0.4034,,製造業,tag,2026-03-31,E01642,1010401006049,S100YLBX
836,711,-125,4971,メック株式会社,化学,上場,42.5,12.5,7832000.0,6670544,0.8517,292.0,508.0,0.5748,,製造業,tag,2025-12-31,E01054,6140001051626,S100XRJV
837,1439,602,4323,日本システム技術株式会社,情報・通信業,上場,35.1,9.0,6698000.0,6670534,0.9959,1202.0,1683.0,0.7142,,情報通信業,tag,2026-03-31,E05236,3120001072817,S100YI5H
838,361,-477,8056,ＢＩＰＲＯＧＹ株式会社,情報・通信業,上場,46.3,20.4,8846208.0,6668285,0.7538,4359.0,8801.0,0.4953,,情報通信業,tag,2026-03-31,E02611,2010601029542,S100YFCP
839,1847,1008,4374,株式会社ＲＯＢＯＴ　ＰＡＹＭＥＮＴ,情報・通信業,上場,32.8,3.0,6159000.0,6665273,1.0822,140.0,,,,情報通信業,tag,2025-12-31,E36901,7011001051017,S100XUUD
840,717,-123,5451,株式会社ヨドコウ,鉄鋼,上場,42.5,20.8,7822251.0,6663348,0.8518,1228.0,2377.0,0.5166,,製造業,tag,2026-03-31,E01247,4120001077591,S100YEVQ
841,1174,333,7033,株式会社マネジメントソリューションズ,サービス業,上場,37.4,2.7,7023000.0,6663260,0.9488,1369.0,1621.0,0.8445,,サービス業,tag,2025-12-31,E34142,9010401062357,S100XT2O
842,835,-7,4366,ダイトーケミックス株式会社,化学,上場,40.7,14.9,7604000.0,6659692,0.8758,252.0,328.0,0.7683,,製造業,tag,2026-03-31,E01014,4120001035442,S100YGAU
843,684,-159,4595,株式会社ミズホメディー,医薬品,上場,43.2,11.0,7897000.0,6658956,0.8432,193.0,,,,製造業,tag,2025-12-31,E31946,2300001006311,S100XTF0
844,725,-119,,株式会社ホンダファイナンス,その他金融業,非上場,43.5,14.9,7804000.0,6658813,0.8533,460.0,,,,金融業・保険業,textblock,2026-03-31,E03730,1012401020392,S100YH20
845,778,-67,2602,日清オイリオグループ株式会社,食料品,上場,41.6,17.3,7706494.0,6655716,0.8637,1295.0,3286.0,0.3941,,製造業,tag,2026-03-31,E00428,1010001034887,S100YB17
846,2217,1371,241A,株式会社ＲＯＸＸ,情報・通信業,上場,29.7,2.0,5606000.0,6655524,1.1872,305.0,,,,情報通信業,tag,2025-09-30,E39906,4011001097376,S100XCWL
847,1086,239,4044,セントラル硝子株式会社,化学,上場,37.1,15.2,7165636.0,6653338,0.9285,1373.0,3194.0,0.4299,,製造業,tag,2026-03-31,E00769,4250001003329,S100YGND
848,658,-190,,ＳＣＳＫ株式会社,情報・通信業,非上場,42.0,16.0,7969000.0,6650799,0.8346,8493.0,21015.0,0.4041,,情報通信業,tag,2026-03-31,E04830,8010001074167,S100YHDD
849,1149,300,5838,楽天銀行株式会社,銀行業,上場,37.4,5.5,7072000.0,6641203,0.9391,987.0,1186.0,0.8322,,金融業・保険業,tag,2026-03-31,E03621,5010701022527,S100YGME
850,701,-149,6418,日本金銭機械株式会社,機械,上場,43.1,15.8,7861000.0,6641171,0.8448,271.0,572.0,0.4738,,製造業,tag,2026-03-31,E01698,7120001022181,S100YHD7
851,1328,477,3660,株式会社アイスタイル,情報・通信業,上場,35.7,5.0,6830000.0,6639582,0.9721,539.0,1210.0,0.4455,,情報通信業,tag,2025-06-30,E26301,1010401057595,S100WRCU
852,1418,566,3826,株式会社システムインテグレータ,情報・通信業,上場,35.3,6.4,6720000.0,6638422,0.9879,256.0,338.0,0.7574,,情報通信業,tag,2026-02-28,E05643,7030001003876,S100Y7MS
853,681,-172,1945,株式会社東京エネシス,建設業,上場,46.6,19.0,7905527.0,6638103,0.8397,1334.0,1687.0,0.7908,,建設業,tag,2026-03-31,E00092,6010401020680,S100YJBK
854,836,-18,5393,ニチアス株式会社,ガラス・土石製品,上場,40.9,13.9,7599855.0,6638030,0.8734,1930.0,6424.0,0.3004,,製造業,tag,2026-03-31,E01151,9010401021486,S100YG7B
855,690,-165,5632,三菱製鋼株式会社,鉄鋼,上場,43.3,20.2,7877000.0,6636160,0.8425,695.0,3864.0,0.1799,,製造業,tag,2026-03-31,E01233,8010001058095,S100YCQQ
856,643,-213,4631,ＤＩＣ株式会社,化学,上場,44.3,18.3,7990933.0,6635774,0.8304,3880.0,20884.0,0.1858,,製造業,tag,2025-12-31,E00901,7011401003807,S100XS2N
857,474,-383,,大栄不動産株式会社,不動産業,非上場,47.8,12.9,8438000.0,6635363,0.7864,188.0,293.0,0.6416,,不動産業,textblock,2026-03-31,E03908,6010001049006,S100YHLE
858,503,-355,,株式会社西日本新聞社,その他製品,非上場,47.63,19.21,8372400.0,6634947,0.7925,410.0,1147.0,0.3575,,製造業,textblock,2026-03-31,E00697,8290001009392,S100YKLX
859,1284,425,7625,株式会社グローバルダイニング,小売業,上場,36.3,7.1,6889086.0,6633524,0.9629,160.0,179.0,0.8939,,卸売業・小売業,tag,2025-12-31,E03327,6010401005715,S100XTRA
860,867,7,,住友理工株式会社,ゴム製品,非上場,40.6,14.9,7555000.0,6630894,0.8777,3472.0,25978.0,0.1337,,製造業,tag,2026-03-31,E01097,6180001076207,S100YKGC
861,891,30,9759,株式会社ＮＳＤ,情報・通信業,上場,39.2,14.9,7510000.0,6629999,0.8828,3305.0,4555.0,0.7256,,情報通信業,tag,2026-03-31,E04822,1011101046616,S100YEYZ
862,448,-414,,野村貿易株式会社,卸売業,非上場,44.7,16.23,8512000.0,6629359,0.7788,222.0,1810.0,0.1227,,卸売業・小売業,textblock,2026-03-31,E32448,5120001074101,S100YH7K
863,721,-142,4270,株式会社ＢｅｅＸ,情報・通信業,上場,41.2,3.5,7816000.0,6629348,0.8482,200.0,256.0,0.7812,,情報通信業,tag,2026-02-28,E36937,4010001173996,S100Y5VS
864,970,106,6315,ＴＯＷＡ株式会社,機械,上場,39.2,10.8,7386835.0,6629250,0.8974,716.0,2211.0,0.3238,,製造業,tag,2026-03-31,E01708,7130001011258,S100YERT
865,837,-28,2892,日本食品化工株式会社,食料品,上場,41.0,17.0,7599000.0,6628227,0.8722,452.0,452.0,1.0,,製造業,tag,2026-03-31,E00442,8010001133971,S100YF39
866,855,-11,1853,株式会社　森組,建設業,上場,44.5,18.9,7570110.0,6626756,0.8754,311.0,,,,建設業,tag,2026-03-31,E00130,4120001077567,S100YJ3W
867,654,-213,,株式会社神戸新聞社,その他製品,非上場,44.3,19.6,7977000.0,6625951,0.8306,431.0,1172.0,0.3677,,製造業,textblock,2025-11-30,E00698,1140001012021,S100XNDR
868,615,-253,8052,椿本興業株式会社,卸売業,上場,42.5,15.5,8076038.0,6623463,0.8201,568.0,808.0,0.703,,卸売業・小売業,tag,2026-03-31,E02572,4120001059664,S100YIO8
869,641,-228,6925,ウシオ電機株式会社,電気機器,上場,44.5,20.4,7993595.0,6621582,0.8284,1475.0,5898.0,0.2501,,製造業,tag,2026-03-31,E01929,1010001008651,S100YKRT
870,800,-70,6638,株式会社ミマキエンジニアリング,電気機器,上場,41.6,10.6,7661204.0,6621469,0.8643,936.0,2152.0,0.4349,,製造業,tag,2026-03-31,E02114,5100001010883,S100YCRC
871,827,-44,2004,昭和産業株式会社,食料品,上場,41.2,16.7,7613715.0,6621346,0.8697,1295.0,2927.0,0.4424,,製造業,tag,2026-03-31,E00348,3010001008690,S100YGEO
872,852,-20,7963,興研株式会社,その他製品,上場,40.9,15.0,7576626.0,6620117,0.8738,251.0,312.0,0.8045,,製造業,tag,2025-12-31,E02396,3010001016132,S100XTH9
873,1525,652,4176,株式会社ココナラ,サービス業,上場,34.7,2.8,6596193.0,6617175,1.0032,219.0,266.0,0.8233,,サービス業,tag,2025-08-31,E36351,9010701026061,S100X5W6
874,776,-98,5108,株式会社ブリヂストン,ゴム製品,上場,42.1,15.8,7713000.0,6616300,0.8578,13934.0,115716.0,0.1204,,製造業,tag,2025-12-31,E01086,3010001034943,S100XRPR
875,678,-197,5078,株式会社セレコーポレーション,不動産業,上場,43.9,8.0,7914000.0,6616071,0.836,198.0,198.0,1.0,,不動産業,tag,2026-02-28,E37456,5010401048987,S100Y5GZ
876,934,58,7600,株式会社　日本エム・ディ・エム,精密機器,上場,39.8,12.1,7441141.0,6615831,0.8891,312.0,539.0,0.5788,,製造業,tag,2026-03-31,E02894,8011101016199,S100YCSL
877,1902,1025,9258,株式会社ＣＳ－Ｃ,情報・通信業,上場,32.6,4.1,6067253.0,6615420,1.0903,166.0,173.0,0.9595,,情報通信業,tag,2025-09-30,E37199,6011501017170,S100XBLU
878,1907,1029,483A,テラテクノロジー株式会社,情報・通信業,上場,32.6,8.3,6064675.0,6612609,1.0903,307.0,363.0,0.8457,,情報通信業,tag,2026-03-31,E41037,8013301007853,S100YGDD
879,865,-14,4061,デンカ株式会社,化学,上場,40.8,16.4,7555075.0,6612597,0.8753,4234.0,6454.0,0.656,,製造業,tag,2026-03-31,E00774,3010001008757,S100YCU0
880,338,-542,3099,株式会社三越伊勢丹ホールディングス,小売業,上場,47.4,23.6,8964463.0,6612193,0.7376,386.0,8670.0,0.0445,本社のみ,卸売業・小売業,tag,2026-03-31,E03521,3011101060499,S100YD7C
881,1463,582,5244,株式会社ｊｉｇ．ｊｐ,情報・通信業,上場,35.2,6.2,6666000.0,6612063,0.9919,125.0,125.0,1.0,,情報通信業,tag,2026-03-31,E38201,3011101042092,S100YGSA
882,1194,312,8136,株式会社サンリオ,卸売業,上場,37.0,12.0,6999923.0,6609601,0.9442,1423.0,2157.0,0.6597,,卸売業・小売業,tag,2026-03-31,E02655,5010701003956,S100YNR0
883,882,-1,8381,株式会社山陰合同銀行,銀行業,上場,40.9,17.1,7521000.0,6608077,0.8786,1720.0,1906.0,0.9024,,金融業・保険業,tag,2026-03-31,E03583,6280001000230,S100YBU8
884,828,-56,6540,株式会社船場,サービス業,上場,40.7,14.4,7613000.0,6606785,0.8678,420.0,554.0,0.7581,,サービス業,tag,2025-12-31,E32796,4010501032297,S100XTA7
885,747,-138,4977,新田ゼラチン株式会社,化学,上場,42.7,14.3,7766568.0,6605507,0.8505,256.0,851.0,0.3008,,製造業,tag,2026-03-31,E26061,2120001039437,S100YHPC
886,858,-28,4116,大日精化工業株式会社,化学,上場,41.0,16.7,7568596.0,6604847,0.8727,1379.0,3514.0,0.3924,,製造業,tag,2026-03-31,E00902,4010001034868,S100YGML
887,437,-450,3382,株式会社セブン＆アイ・ホールディングス,小売業,上場,45.1,17.5,8550415.0,6604714,0.7724,866.0,35967.0,0.0241,本社のみ,卸売業・小売業,tag,2026-02-28,E03462,1010001095203,S100Y4VB
888,1143,255,1768,株式会社ソネック,建設業,上場,40.5,13.1,7076196.0,6604043,0.9333,112.0,133.0,0.8421,,建設業,tag,2026-03-31,E00279,6140001044324,S100YEJU
889,953,64,6915,千代田インテグレ株式会社,電気機器,上場,39.72,15.15,7414720.0,6602291,0.8904,223.0,2756.0,0.0809,本社のみ,製造業,tag,2025-12-31,E01995,5010001050385,S100XT6S
890,335,-555,3086,Ｊ．フロント　リテイリング株式会社,小売業,上場,47.8,15.6,8979626.0,6600790,0.7351,243.0,5584.0,0.0435,本社のみ,卸売業・小売業,tag,2026-02-28,E03516,5010001111996,S100Y6K0
891,775,-116,4985,アース製薬株式会社,化学,上場,42.3,13.6,7714374.0,6600435,0.8556,1401.0,4963.0,0.2823,,製造業,tag,2025-12-31,E01015,9010001009832,S100XSLS
892,686,-206,7762,シチズン時計株式会社,精密機器,上場,43.9,17.4,7894999.0,6600063,0.836,770.0,12147.0,0.0634,本社のみ,製造業,tag,2026-03-31,E02281,5012701004744,S100YGYK
893,1387,494,4479,株式会社マクアケ,情報・通信業,上場,35.6,4.2,6760000.0,6598865,0.9762,152.0,,,,情報通信業,tag,2025-09-30,E34557,5011001094810,S100X9BR
894,906,12,7734,理研計器株式会社,精密機器,上場,40.4,15.4,7483747.0,6593723,0.8811,1147.0,1465.0,0.7829,,製造業,tag,2026-03-31,E02285,3011401006846,S100YIB1
895,1795,900,3694,株式会社オプティム,情報・通信業,上場,33.4,5.7,6229000.0,6593218,1.0585,398.0,417.0,0.9544,,情報通信業,tag,2026-03-31,E30918,4300001001392,S100YLSB
896,670,-226,,興和株式会社,卸売業,非上場,42.05,17.01,7942106.0,6590495,0.8298,3246.0,7906.0,0.4106,,卸売業・小売業,textblock,2026-03-31,E02819,1180001035811,S100YL6P
897,651,-246,2354,株式会社ＹＥ　ＤＩＧＩＴＡＬ,情報・通信業,上場,42.5,15.1,7980000.0,6590045,0.8258,528.0,690.0,0.7652,,情報通信業,tag,2026-02-28,E05328,7290801010765,S100Y56T
898,1699,801,441A,ＮＥ株式会社,情報・通信業,上場,34.0,5.4,6360000.0,6587437,1.0358,138.0,,,,情報通信業,tag,2026-04-30,E40979,2021001075886,S100YRYV
899,1580,681,3854,株式会社アイル,情報・通信業,上場,34.7,8.7,6517666.0,6585881,1.0105,992.0,1009.0,0.9832,,情報通信業,tag,2025-07-31,E05705,2120001034108,S100WVK4
900,1158,258,1798,株式会社守谷商会,建設業,上場,40.4,15.4,7048277.0,6584881,0.9343,331.0,445.0,0.7438,,建設業,tag,2026-03-31,E00251,7100001003530,S100YDA3
901,805,-96,,三井住友信託銀行株式会社,銀行業,非上場,42.3,14.9,7655000.0,6584759,0.8602,13810.0,20645.0,0.6689,,金融業・保険業,textblock,2026-03-31,E03627,2010001146005,S100YBGJ
902,695,-207,6941,山一電機株式会社,電気機器,上場,43.9,17.1,7868126.0,6580927,0.8364,398.0,2060.0,0.1932,,製造業,tag,2026-03-31,E01979,4010801012065,S100YHIH
903,748,-155,5304,ＳＥＣカーボン株式会社,ガラス・土石製品,上場,43.0,18.0,7766222.0,6580468,0.8473,279.0,282.0,0.9894,,製造業,tag,2026-03-31,E01173,9140001047877,S100YDCX
904,1381,477,7046,ＴＤＳＥ株式会社,サービス業,上場,36.4,4.5,6771000.0,6580007,0.9718,170.0,,,,サービス業,tag,2026-03-31,E34487,2011001097163,S100YJTH
905,1009,104,9658,株式会社ビジネスブレイン太田昭和,情報・通信業,上場,38.3,7.4,7306330.0,6576815,0.9002,1066.0,2495.0,0.4273,,情報通信業,tag,2026-03-31,E04869,3010401088688,S100YG97
906,1404,498,4057,株式会社インターファクトリー,情報・通信業,上場,35.6,6.6,6736794.0,6576786,0.9762,163.0,,,,情報通信業,tag,2026-05-31,E35765,9011601012325,S100YXG0
907,925,18,9843,株式会社ニトリホールディングス,小売業,上場,39.6,12.2,7456000.0,6575864,0.882,884.0,19432.0,0.0455,本社のみ,卸売業・小売業,tag,2026-03-31,E03144,5430001012905,S100YIMF
908,868,-40,4967,小林製薬株式会社,化学,上場,41.2,12.8,7554189.0,6575829,0.8705,1737.0,3731.0,0.4656,,製造業,tag,2025-12-31,E01047,4120001077402,S100XSXS
909,918,9,4922,株式会社コーセーホールディングス,化学,上場,40.5,12.8,7468001.0,6572292,0.8801,1073.0,8566.0,0.1253,,製造業,tag,2025-12-31,E01049,7010001043552,S100XSUW
910,582,-328,4203,住友ベークライト株式会社,化学,上場,46.7,22.0,8170000.0,6572143,0.8044,1684.0,7524.0,0.2238,,製造業,tag,2026-03-31,E00819,9010701005073,S100YE8L
911,1173,262,304A,フォルシア株式会社,情報・通信業,上場,36.7,5.9,7024000.0,6571421,0.9356,140.0,,,,情報通信業,tag,2026-02-28,E40230,8011101031454,S100Y6MO
912,975,63,1948,株式会社弘電社,建設業,上場,43.7,18.1,7377774.0,6571146,0.8907,631.0,696.0,0.9066,,建設業,tag,2026-03-31,E02569,3010001034778,S100YFSO
913,988,75,9310,日本トランスシティ株式会社,倉庫・運輸関連,上場,40.6,15.7,7342782.0,6567915,0.8945,700.0,2442.0,0.2867,,運輸業,tag,2026-03-31,E04289,9190001015895,S100YGL7
914,863,-51,7481,尾家産業株式会社,卸売業,上場,40.2,14.2,7559000.0,6567475,0.8688,832.0,873.0,0.953,,卸売業・小売業,tag,2026-03-31,E02837,5120001061479,S100YDVR
915,407,-508,6632,株式会社ＪＶＣケンウッド,電気機器,上場,50.8,23.4,8628484.0,6565560,0.7609,3125.0,15229.0,0.2052,,製造業,tag,2026-03-31,E21320,8020001059159,S100YG3R
916,627,-289,6588,東芝テック株式会社,電気機器,上場,45.69,14.99,8044000.0,6563516,0.816,2894.0,15078.0,0.1919,,製造業,tag,2026-03-31,E01884,8010701016022,S100YHCF
917,786,-131,4417,グローバルセキュリティエキスパート株式会社,情報・通信業,上場,41.0,4.7,7695000.0,6563079,0.8529,187.0,221.0,0.8462,,情報通信業,tag,2026-03-31,E37147,2010401086255,S100YFEX
918,1068,150,8367,株式会社南都銀行,銀行業,上場,39.1,16.5,7215000.0,6561900,0.9095,2169.0,2352.0,0.9222,,金融業・保険業,tag,2026-03-31,E03580,5150001001622,S100YEBM
919,1021,102,1377,株式会社　サカタのタネ,水産・農林業,上場,39.3,15.6,7286000.0,6560860,0.9005,694.0,3108.0,0.2233,,産業計,tag,2026-05-31,E00006,6020001008662,S100YXUM
920,888,-32,1850,南海辰村建設株式会社,建設業,上場,44.7,17.9,7512000.0,6559753,0.8732,458.0,511.0,0.8963,,建設業,tag,2026-03-31,E00118,3120001039386,S100Y9NL
921,850,-71,4368,扶桑化学工業株式会社,化学,上場,41.6,12.0,7577639.0,6558279,0.8655,623.0,956.0,0.6517,,製造業,tag,2026-03-31,E01056,6120001088372,S100YEIS
922,728,-194,6703,沖電気工業株式会社,電気機器,上場,43.6,18.4,7802144.0,6557805,0.8405,4356.0,11925.0,0.3653,,製造業,tag,2026-03-31,E01767,7010401006126,S100YFGL
923,985,62,6258,平田機工株式会社,機械,上場,39.7,15.9,7355847.0,6557173,0.8914,1225.0,1984.0,0.6174,,製造業,tag,2026-03-31,E01733,4010701008411,S100YH6Y
924,687,-237,6465,ホシザキ株式会社,機械,上場,44.4,17.1,7887459.0,6554955,0.8311,1157.0,17041.0,0.0679,本社のみ,製造業,tag,2025-12-31,E01654,4180001069484,S100XSOT
925,869,-56,4365,松本油脂製薬株式会社,化学,上場,41.4,15.5,7549000.0,6554143,0.8682,330.0,399.0,0.8271,,製造業,tag,2026-03-31,E00888,7122001020132,S100YG2G
926,964,38,6971,京セラ株式会社,電気機器,上場,40.1,16.0,7397108.0,6553130,0.8859,19667.0,73856.0,0.2663,,製造業,tag,2026-03-31,E01182,4130001000049,S100YF47
927,1554,627,6552,株式会社ＧａｍｅＷｉｔｈ,情報・通信業,上場,35.0,4.8,6552000.0,6552000,1.0,119.0,178.0,0.6685,,情報通信業,tag,2026-05-31,E33254,2010401106079,S100YYH7
928,1169,241,1921,株式会社　巴コーポレーション,建設業,上場,40.8,13.6,7032404.0,6551446,0.9316,390.0,518.0,0.7529,,建設業,tag,2026-03-31,E01394,9010001034839,S100YLBY
929,754,-175,6675,サクサ株式会社,電気機器,上場,43.2,15.2,7748000.0,6550948,0.8455,685.0,1299.0,0.5273,,製造業,tag,2026-03-31,E01874,2010401060020,S100YJLC
930,663,-267,6209,リケンＮＰＲ株式会社,機械,上場,45.1,19.8,7958396.0,6549985,0.823,438.0,6511.0,0.0673,本社のみ,製造業,tag,2026-03-31,E38761,9010001238935,S100YHYP
931,1982,1051,3696,株式会社セレス,情報・通信業,上場,32.4,2.8,5962000.0,6549973,1.0986,291.0,351.0,0.8291,,情報通信業,tag,2025-12-31,E30919,1010401073460,S100XU6S
932,804,-128,2612,かどや製油株式会社,食料品,上場,42.4,15.5,7655372.0,6548392,0.8554,407.0,530.0,0.7679,,製造業,tag,2026-03-31,E00433,9010701002351,S100YEW9
933,1282,349,145A,株式会社Ｌ　ｉｓ　Ｂ,情報・通信業,上場,36.3,4.25,6891000.0,6547552,0.9502,117.0,185.0,0.6324,,情報通信業,tag,2025-12-31,E39409,6010601042541,S100XRTM
934,743,-191,7637,白銅株式会社,卸売業,上場,41.5,15.7,7775748.0,6546120,0.8419,322.0,401.0,0.803,,卸売業・小売業,tag,2026-03-31,E03332,2010001054158,S100YI9D
935,1408,473,1435,株式会社ｒｏｂｏｔ　ｈｏｍｅ,不動産業,上場,35.7,5.2,6731000.0,6545103,0.9724,147.0,244.0,0.6025,,不動産業,tag,2025-12-31,E31925,3290001025873,S100XSYD
936,972,36,4229,群栄化学工業株式会社,化学,上場,40.1,15.9,7385000.0,6543576,0.8861,356.0,541.0,0.658,,製造業,tag,2026-03-31,E00448,7070001006735,S100YD30
937,1131,194,8940,株式会社インテリックス,不動産業,非上場,37.3,6.7,7104000.0,6543308,0.9211,195.0,311.0,0.627,,不動産業,tag,2025-05-31,E04036,7011001032594,S100WL3S
938,1002,64,4109,ステラケミファ株式会社,化学,上場,39.53,15.18,7318000.0,6542625,0.894,293.0,683.0,0.429,,製造業,tag,2026-03-31,E00805,8120001044472,S100YDCE
939,1327,388,2183,株式会社リニカル,サービス業,上場,37.1,8.5,6830097.0,6540936,0.9577,280.0,577.0,0.4853,,サービス業,tag,2026-03-31,E21706,9120001111255,S100YGWG
940,718,-222,7224,新明和工業株式会社,輸送用機器,上場,44.0,14.2,7819903.0,6538679,0.8362,3669.0,7313.0,0.5017,,製造業,tag,2026-03-31,E02252,7140001082323,S100YFNV
941,1133,192,438A,株式会社インフキュリオン,情報・通信業,上場,37.2,2.9,7092837.0,6536540,0.9216,266.0,388.0,0.6856,,情報通信業,tag,2026-03-31,E41028,4010001117846,S100YL3J
942,1111,169,7476,アズワン株式会社,卸売業,上場,38.1,11.3,7123443.0,6535603,0.9175,576.0,758.0,0.7599,,卸売業・小売業,tag,2026-03-31,E02835,8120001060544,S100YHL5
943,756,-187,4208,ＵＢＥ株式会社,化学,上場,43.4,15.3,7745921.0,6533371,0.8435,2778.0,7968.0,0.3486,,製造業,tag,2026-03-31,E01002,2250001002992,S100YD42
944,1530,586,6058,株式会社ベクトル,サービス業,上場,35.4,3.2,6584000.0,6530215,0.9918,184.0,1571.0,0.1171,,サービス業,tag,2026-02-28,E26428,6010401027065,S100Y7IM
945,915,-30,1905,株式会社テノックス,建設業,上場,44.7,14.4,7472216.0,6529641,0.8739,224.0,384.0,0.5833,,建設業,tag,2026-03-31,E00232,7010401018815,S100YJFD
946,939,-7,6333,株式会社ＴＥＩＫＯＫＵ,機械,上場,40.7,17.2,7436185.0,6529544,0.8781,328.0,1145.0,0.2865,,製造業,tag,2026-03-31,E01761,3140001039376,S100YL5Z
947,1027,80,3965,株式会社キャピタル・アセット・プランニング,情報・通信業,上場,38.5,6.7,7276000.0,6528117,0.8972,352.0,387.0,0.9096,,情報通信業,tag,2025-09-30,E32619,3120001077956,S100XB9Q
948,1059,111,9006,京浜急行電鉄株式会社,陸運業,上場,40.0,17.0,7227495.0,6527994,0.9032,2921.0,8177.0,0.3572,,運輸業,tag,2026-03-31,E04089,7010401009277,S100YK5J
949,834,-115,6594,ニデック株式会社,電気機器,上場,42.2,13.3,7604284.0,6526957,0.8583,1714.0,104285.0,0.0164,本社のみ,製造業,tag,2025-03-31,E01975,9130001002387,S100WRH7
950,781,-169,5301,東海カーボン株式会社,ガラス・土石製品,上場,43.1,16.3,7702271.0,6525815,0.8473,727.0,4436.0,0.1639,,製造業,tag,2025-12-31,E01162,6010401020094,S100XU85
951,1519,568,3915,株式会社テラスカイ,情報・通信業,上場,35.3,4.0,6603751.0,6525068,0.9881,816.0,1608.0,0.5075,,情報通信業,tag,2026-02-28,E31453,5010001125410,S100Y60F
952,830,-122,7947,株式会社エフピコ,化学,上場,42.3,15.6,7611000.0,6523732,0.8571,1024.0,5306.0,0.193,,製造業,tag,2026-03-31,E02412,5240001029984,S100YDYF
953,968,15,9757,株式会社船井総研ホールディングス,サービス業,上場,40.1,9.8,7390000.0,6523539,0.8828,146.0,1651.0,0.0884,本社のみ,サービス業,tag,2025-12-31,E04817,1120001069955,S100XUVD
954,853,-101,7972,株式会社イトーキ,その他製品,上場,42.0,13.0,7573436.0,6520433,0.861,2491.0,4164.0,0.5982,,製造業,tag,2025-12-31,E02371,9120001014301,S100XRIU
955,1032,77,4082,第一稀元素化学工業株式会社,化学,上場,39.3,14.2,7261000.0,6518029,0.8977,457.0,709.0,0.6446,,製造業,tag,2026-03-31,E00806,8120001031181,S100Y9OW
956,873,-83,7917,ＺＡＣＲＯＳ株式会社,化学,上場,41.7,15.3,7534967.0,6517353,0.8649,1388.0,2747.0,0.5053,,製造業,tag,2026-03-31,E02423,6011101056965,S100YAZH
957,730,-227,5480,日本冶金工業株式会社,鉄鋼,上場,44.1,20.6,7798354.0,6515544,0.8355,1166.0,2093.0,0.5571,,製造業,tag,2026-03-31,E01242,2010001034977,S100YC9N
958,1275,317,6432,株式会社竹内製作所,機械,上場,36.59,9.78,6896000.0,6515107,0.9448,764.0,1366.0,0.5593,,製造業,tag,2026-02-28,E01723,4100001011503,S100Y78J
959,713,-246,9632,スバル興業株式会社,サービス業,上場,43.1,13.2,7829000.0,6515059,0.8322,213.0,704.0,0.3026,,サービス業,tag,2026-01-31,E04599,3010001008699,S100Y0Y3
960,1031,71,9795,株式会社ステップ,サービス業,上場,39.5,12.5,7261750.0,6513299,0.8969,954.0,,,,サービス業,tag,2025-09-30,E04925,7021001001169,S100X9C6
961,1727,766,431A,ユーソナー株式会社,情報・通信業,上場,34.1,6.7,6309000.0,6511328,1.0321,228.0,,,,情報通信業,tag,2025-12-31,E40964,3011101023530,S100XTYS
962,1229,267,4811,株式会社ドリーム・アーツ,情報・通信業,上場,36.7,8.4,6955000.0,6511144,0.9362,258.0,293.0,0.8805,,情報通信業,tag,2025-12-31,E39009,9011001040835,S100XUWD
963,846,-117,5563,新日本電工株式会社,鉄鋼,上場,42.2,16.6,7581785.0,6510219,0.8587,799.0,964.0,0.8288,,製造業,tag,2025-12-31,E01256,9010001035003,S100XUK7
964,1929,965,4809,パラカ株式会社,不動産業,上場,32.8,6.3,6037000.0,6509837,1.0783,112.0,,,,不動産業,tag,2025-09-30,E05414,8010401043696,S100XB3E
965,997,32,4743,株式会社アイティフォー,情報・通信業,上場,39.0,11.0,7322414.0,6506123,0.8885,513.0,892.0,0.5751,,情報通信業,tag,2026-03-31,E02909,3010001022865,S100YAUM
966,538,-428,7649,スギホールディングス株式会社,小売業,上場,44.5,10.9,8277511.0,6503916,0.7857,147.0,13417.0,0.011,本社のみ,卸売業・小売業,tag,2026-02-28,E03344,9180301013006,S100Y3QN
967,957,-10,8996,株式会社ハウスフリーダム,不動産業,上場,40.9,7.5,7411000.0,6503682,0.8776,149.0,243.0,0.6132,,不動産業,tag,2025-12-31,E04048,6120101025572,S100XS94
968,826,-142,4432,ウイングアーク１ｓｔ株式会社,情報・通信業,上場,41.0,6.2,7613818.0,6503513,0.8542,836.0,1126.0,0.7425,,情報通信業,tag,2026-02-28,E33957,9010001174206,S100Y628
969,955,-14,,株式会社りそな銀行,銀行業,非上場,41.1,16.5,7413000.0,6503207,0.8773,8374.0,8759.0,0.956,,金融業・保険業,textblock,2026-03-31,E03538,6120001076393,S100YDPD
970,1198,228,1419,タマホーム株式会社,建設業,上場,41.2,8.6,6998000.0,6502616,0.9292,3092.0,3272.0,0.945,,建設業,tag,2025-05-31,E27305,7010401057862,S100WL4I
971,1199,228,3633,ＧＭＯペパボ株式会社,情報・通信業,上場,36.9,7.7,6997000.0,6502348,0.9293,307.0,307.0,1.0,,情報通信業,tag,2025-12-31,E22101,5011001042496,S100XS5R
972,1057,85,2216,カンロ株式会社,食料品,上場,39.2,13.9,7229000.0,6501383,0.8993,705.0,705.0,1.0,,製造業,tag,2025-12-31,E00378,9011201001240,S100XTWS
973,958,-15,5947,リンナイ株式会社,金属製品,上場,40.8,19.2,7410733.0,6500972,0.8772,3470.0,11328.0,0.3063,,製造業,tag,2026-03-31,E01417,2180001021323,S100YJCU
974,720,-254,6753,シャープ株式会社,電気機器,上場,44.5,20.1,7818000.0,6498398,0.8312,5553.0,34549.0,0.1607,,製造業,tag,2026-03-31,E01773,6120001005484,S100YHZV
975,1218,243,7367,株式会社セルム,サービス業,上場,38.1,7.0,6975000.0,6497989,0.9316,135.0,245.0,0.551,,サービス業,tag,2026-03-31,E35610,8011001112552,S100YL5T
976,799,-177,4927,株式会社ポーラ・オルビスホールディングス,化学,上場,43.1,4.9,7662268.0,6496743,0.8479,278.0,3898.0,0.0713,本社のみ,製造業,tag,2025-12-31,E24951,4010701017916,S100XSDL
977,889,-88,8622,水戸証券株式会社,証券、商品先物取引業,上場,41.9,16.9,7511244.0,6496205,0.8649,753.0,,,,金融業・保険業,tag,2026-03-31,E03762,6010001058238,S100YDIT
978,854,-124,5901,東洋製罐グループホールディングス株式会社,金属製品,上場,42.3,16.9,7573087.0,6495601,0.8577,533.0,19067.0,0.028,本社のみ,製造業,tag,2026-03-31,E01353,7010701026096,S100YGR9
979,943,-36,2281,プリマハム株式会社,食料品,上場,41.0,15.9,7426000.0,6495194,0.8747,1137.0,3630.0,0.3132,,製造業,tag,2026-03-31,E00335,6010701008888,S100YDH8
980,1817,837,456A,ＨＵＭＡＮ　ＭＡＤＥ株式会社,小売業,上場,32.4,2.2,6198000.0,6494221,1.0478,193.0,,,,卸売業・小売業,tag,2026-01-31,E41076,2011001109488,S100Y17X
981,932,-49,9001,東武鉄道株式会社,陸運業,上場,47.7,26.5,7446807.0,6493747,0.872,3214.0,18148.0,0.1771,,運輸業,tag,2026-03-31,E04094,6010601014508,S100Y8FK
982,1023,41,6965,浜松ホトニクス株式会社,電気機器,上場,39.8,15.9,7284746.0,6491352,0.8911,4262.0,6601.0,0.6457,,製造業,tag,2025-09-30,E01955,2080401004193,S100XAWU
983,1007,24,9027,株式会社ロジネットジャパン,陸運業,上場,41.2,11.4,7308000.0,6489575,0.888,108.0,1683.0,0.0642,本社のみ,運輸業,tag,2026-03-31,E04232,5430001030460,S100YHHR
984,2336,1352,4415,株式会社ブロードエンタープライズ,情報・通信業,上場,29.7,4.0,5465839.0,6489123,1.1872,127.0,,,,情報通信業,tag,2025-12-31,E37115,5120001103719,S100XSGS
985,2032,1047,8919,株式会社カチタス,不動産業,上場,32.3,6.2,5910000.0,6488388,1.0979,809.0,1002.0,0.8074,,不動産業,tag,2026-03-31,E33622,6070001016685,S100YGXU
986,1853,867,3712,株式会社情報企画,情報・通信業,上場,33.5,9.1,6149553.0,6485425,1.0546,137.0,154.0,0.8896,,情報通信業,tag,2025-09-30,E05340,9120001043911,S100XAQC
987,704,-283,6479,ミネベアミツミ株式会社,電気機器,上場,45.0,15.9,7853000.0,6484674,0.8258,4946.0,81383.0,0.0608,本社のみ,製造業,tag,2026-03-31,E01607,8100001007753,S100YISS
988,792,-196,7388,株式会社ＦＰパートナー,保険業,上場,46.4,4.4,7680000.0,6482914,0.8441,2601.0,,,,金融業・保険業,tag,2025-11-30,E37913,8010001129227,S100XN8S
989,902,-87,3110,日東紡績株式会社,ガラス・土石製品,上場,41.7,15.8,7487679.0,6481694,0.8656,867.0,2793.0,0.3104,,製造業,tag,2026-03-31,E00542,4380001001146,S100YDBM
990,1008,18,9065,山九株式会社,陸運業,上場,41.3,15.2,7308000.0,6481283,0.8869,12452.0,29324.0,0.4246,,運輸業,tag,2026-03-31,E04324,7290801005328,S100YJRS
991,820,-171,5659,日本精線株式会社,鉄鋼,上場,43.0,19.0,7628204.0,6479906,0.8495,594.0,815.0,0.7288,,製造業,tag,2026-03-31,E01280,2120001093269,S100YDZS
992,879,-113,9793,株式会社ダイセキ,サービス業,上場,41.1,12.2,7525522.0,6479752,0.861,809.0,1295.0,0.6247,,サービス業,tag,2026-02-28,E04931,6180001006700,S100Y63V
993,1864,871,7523,アールビバン株式会社,小売業,上場,31.9,7.4,6124871.0,6477818,1.0576,208.0,296.0,0.7027,,卸売業・小売業,tag,2026-03-31,E03276,7010701024331,S100YI6G
994,872,-122,7222,日産車体株式会社,輸送用機器,上場,42.2,17.0,7538000.0,6477646,0.8593,1668.0,3639.0,0.4584,,製造業,tag,2026-03-31,E02150,3021001037076,S100YGCO
995,933,-62,9709,ＮＣＳ＆Ａ株式会社,情報・通信業,上場,40.1,16.1,7443411.0,6474877,0.8699,946.0,1228.0,0.7704,,情報通信業,tag,2026-03-31,E04841,8120001072787,S100YAMN
996,823,-173,7246,プレス工業株式会社,輸送用機器,上場,43.0,19.3,7620952.0,6474622,0.8496,1756.0,5433.0,0.3232,,製造業,tag,2026-03-31,E02154,5020001074318,S100YGAC
997,977,-20,4047,関東電化工業株式会社,化学,上場,40.8,16.7,7375922.0,6474051,0.8777,802.0,1169.0,0.6861,,製造業,tag,2026-03-31,E00772,8010001013769,S100YJCK
998,942,-56,5440,共英製鋼株式会社,鉄鋼,上場,41.3,16.9,7430926.0,6472943,0.8711,1007.0,4068.0,0.2475,,製造業,tag,2026-03-31,E01266,5120001062898,S100YGQP
999,765,-234,3891,ニッポン高度紙工業株式会社,パルプ・紙,上場,44.0,21.2,7727000.0,6472688,0.8377,336.0,462.0,0.7273,,製造業,tag,2026-03-31,E00685,2490001001698,S100YD7L
1000,905,-95,6824,新コスモス電機株式会社,電気機器,上場,41.8,15.4,7487000.0,6472671,0.8645,498.0,1038.0,0.4798,,製造業,tag,2026-03-31,E02027,3120001056043,S100YJBP
1001,1449,448,2492,株式会社インフォマート,サービス業,上場,36.6,5.77,6684000.0,6472497,0.9684,828.0,856.0,0.9673,,サービス業,tag,2025-12-31,E05609,2010401041383,S100XSO1
1002,794,-208,8285,三谷産業株式会社,卸売業,上場,41.5,11.9,7673710.0,6472330,0.8434,629.0,3569.0,0.1762,,卸売業・小売業,tag,2026-03-31,E02692,5220001006845,S100YAL6
1003,911,-92,9869,加藤産業株式会社,卸売業,上場,40.45,14.81,7480021.0,6471857,0.8652,1152.0,4099.0,0.281,,卸売業・小売業,tag,2025-09-30,E02719,6140001068331,S100XA3X
1004,856,-148,3765,ガンホー・オンライン・エンターテイメント株式会社,情報・通信業,上場,41.0,10.0,7570000.0,6471363,0.8549,459.0,1614.0,0.2844,,情報通信業,tag,2025-12-31,E05474,8010001082839,S100XRW5
1005,731,-274,4635,東京インキ株式会社,化学,上場,44.7,21.6,7797283.0,6468633,0.8296,523.0,652.0,0.8021,,製造業,tag,2026-03-31,E00904,8011501003045,S100YDYR
1006,1480,474,5136,ｔｒｉｐｌａ株式会社,情報・通信業,上場,35.7,4.18,6648000.0,6467817,0.9729,105.0,190.0,0.5526,,情報通信業,tag,2025-10-31,E38072,8012701013115,S100XH92
1007,1231,224,7747,朝日インテック株式会社,精密機器,上場,37.1,7.2,6950333.0,6467301,0.9305,1196.0,9473.0,0.1263,,製造業,tag,2025-06-30,E02349,8180001049706,S100WQNM
1008,797,-211,4028,石原産業株式会社,化学,上場,43.5,17.7,7664000.0,6466466,0.8437,1130.0,1813.0,0.6233,,製造業,tag,2026-03-31,E00765,9120001048976,S100YIFO
1009,812,-197,6592,マブチモーター株式会社,電気機器,上場,43.3,15.9,7641630.0,6465979,0.8462,760.0,17408.0,0.0437,本社のみ,製造業,tag,2025-12-31,E01944,2040001036954,S100XUAX
1010,1106,96,5631,株式会社日本製鋼所,機械,上場,38.8,12.6,7137000.0,6463314,0.9056,2028.0,5419.0,0.3742,,製造業,tag,2026-03-31,E01232,5010701019531,S100Y7BQ
1011,989,-22,6005,三浦工業株式会社,機械,上場,40.6,15.2,7339099.0,6462975,0.8806,3540.0,7896.0,0.4483,,製造業,tag,2026-03-31,E01478,7500001003977,S100YEGC
1012,847,-165,,あいおいニッセイ同和損害保険株式会社,保険業,非上場,44.6,16.4,7580511.0,6461939,0.8524,12515.0,15207.0,0.823,,金融業・保険業,textblock,2026-03-31,E03833,3011001027739,S100YN5G
1013,1377,364,2122,株式会社インタースペース,サービス業,上場,37.3,9.0,6782000.0,6461650,0.9528,249.0,405.0,0.6148,,サービス業,tag,2025-09-30,E05623,8011101028715,S100XC5E
1014,996,-18,6240,ヤマシンフィルタ株式会社,機械,上場,40.5,8.7,7323000.0,6459193,0.882,184.0,757.0,0.2431,,製造業,tag,2026-03-31,E30917,5020001023159,S100YD4Z
1015,733,-282,2700,木徳神糧株式会社,卸売業,上場,42.27,15.71,7796000.0,6458600,0.8285,283.0,385.0,0.7351,,卸売業・小売業,tag,2025-12-31,E02934,4010001040882,S100XSQ8
1016,924,-92,6472,ＮＴＮ株式会社,機械,上場,41.7,19.6,7456517.0,6458195,0.8661,5478.0,21305.0,0.2571,,製造業,tag,2026-03-31,E01601,3120001048981,S100Y8YZ
1017,1511,494,4681,リゾートトラスト株式会社,サービス業,上場,36.2,9.1,6616090.0,6458141,0.9761,6585.0,9477.0,0.6948,,サービス業,tag,2026-03-31,E03969,5180001041871,S100YFZK
1018,819,-199,3004,神栄株式会社,卸売業,上場,41.4,14.4,7633000.0,6456118,0.8458,160.0,468.0,0.3419,,卸売業・小売業,tag,2026-03-31,E02542,4140001008108,S100YANZ
1019,741,-278,6834,株式会社　精工技研,電気機器,上場,44.7,19.3,7778000.0,6455172,0.8299,164.0,1231.0,0.1332,,製造業,tag,2026-03-31,E01717,6040001035845,S100YB9C
1020,1553,533,4379,株式会社Ｐｈｏｔｏｓｙｎｔｈ,情報・通信業,上場,35.4,3.0,6555000.0,6452558,0.9844,147.0,155.0,0.9484,,情報通信業,tag,2025-12-31,E37060,4010701029878,S100XV3D
1021,1080,59,5975,東プレ株式会社,金属製品,上場,39.4,15.0,7190000.0,6451627,0.8973,1575.0,6860.0,0.2296,,製造業,tag,2026-03-31,E01382,4010001036658,S100YHLP
1022,1036,14,3741,株式会社セック,情報・通信業,上場,39.0,13.2,7253000.0,6451319,0.8895,365.0,,,,情報通信業,tag,2026-03-31,E05400,1010901026918,S100YIG2
1023,1985,962,7069,株式会社サイバー・バズ,サービス業,上場,29.5,3.6,5957000.0,6450315,1.0828,161.0,202.0,0.797,,サービス業,tag,2025-09-30,E35089,2011001046938,S100XBQ8
1024,1682,658,2489,株式会社アドウェイズ,サービス業,上場,34.0,6.0,6382000.0,6450175,1.0107,416.0,941.0,0.4421,,サービス業,tag,2025-12-31,E05599,7011101041652,S100XSXU
1025,787,-238,4980,デクセリアルズ株式会社,化学,上場,44.0,15.0,7693479.0,6448877,0.8382,1344.0,1802.0,0.7458,,製造業,tag,2026-03-31,E31633,4010001147620,S100YGAR
1026,1509,483,2449,株式会社プラップジャパン,サービス業,上場,36.3,8.7,6618279.0,6447703,0.9742,210.0,378.0,0.5556,,サービス業,tag,2025-08-31,E05498,7010401097578,S100X6O3
1027,796,-231,6369,トーヨーカネツ株式会社,機械,上場,43.8,14.2,7669869.0,6447422,0.8406,631.0,1419.0,0.4447,,製造業,tag,2026-03-31,E01572,2010601004909,S100YDS7
1028,935,-93,6745,ホーチキ株式会社,電気機器,上場,41.7,13.6,7440174.0,6445871,0.8664,1900.0,2722.0,0.698,,製造業,tag,2026-03-31,E01802,3010701008973,S100YH50
1029,1320,291,6184,株式会社鎌倉新書,サービス業,上場,37.7,3.0,6840000.0,6445764,0.9424,181.0,244.0,0.7418,,サービス業,tag,2026-01-31,E31871,9010001040382,S100Y0J1
1030,1024,-6,5757,株式会社ＣＫサンエツ,非鉄金属,上場,40.3,16.2,7283000.0,6445444,0.885,489.0,1015.0,0.4818,,製造業,textblock,2026-03-31,E01321,7230001010051,S100YIA1
1031,1738,707,479A,ＰＲＯＮＩ株式会社,情報・通信業,上場,34.3,2.3,6288000.0,6443733,1.0248,156.0,,,,情報通信業,tag,2025-12-31,E41191,3011001091842,S100XTAR
1032,1112,80,6966,株式会社三井ハイテック,電気機器,上場,38.9,12.9,7122727.0,6442449,0.9045,2449.0,4858.0,0.5041,,製造業,tag,2026-01-31,E02293,6290801010667,S100XZDC
1033,722,-311,5332,ＴＯＴＯ株式会社,ガラス・土石製品,上場,45.2,18.9,7812740.0,6441863,0.8245,7758.0,30324.0,0.2558,,製造業,tag,2026-03-31,E01138,1290801002603,S100YC72
1034,1258,224,1828,田辺工業株式会社,建設業,上場,41.1,15.5,6920350.0,6440947,0.9307,809.0,1044.0,0.7749,,建設業,tag,2026-03-31,E00242,5110001019890,S100YHGU
1035,842,-193,3105,日清紡ホールディングス株式会社,電気機器,上場,43.2,17.7,7587846.0,6434855,0.848,175.0,17811.0,0.0098,本社のみ,製造業,tag,2025-12-31,E00544,6010001034882,S100XT05
1036,1657,621,4486,ユナイトアンドグロウ株式会社,情報・通信業,上場,34.9,4.2,6408866.0,6431070,1.0035,307.0,,,,情報通信業,tag,2025-12-31,E35307,4011101061083,S100XRU1
1037,1000,-37,4189,ＫＨネオケム株式会社,化学,上場,40.8,14.8,7320000.0,6430804,0.8785,683.0,863.0,0.7914,,製造業,tag,2025-12-31,E32642,8010001136966,S100XT28
1038,1225,187,9206,株式会社スターフライヤー,空運業,上場,38.7,8.6,6967000.0,6427400,0.9225,806.0,,,,運輸業,tag,2026-03-31,E26084,6290801006558,S100YJFT
1039,956,-83,3778,さくらインターネット株式会社,情報・通信業,上場,40.33,7.04,7413000.0,6426790,0.867,934.0,1135.0,0.8229,,情報通信業,tag,2026-03-31,E05518,3120001079845,S100YBG6
1040,1042,2,4847,株式会社インテリジェント　ウェイブ,情報・通信業,上場,39.2,10.5,7248000.0,6424702,0.8864,519.0,,,,情報通信業,tag,2025-06-30,E05191,4010001091991,S100WP1M
1041,920,-121,6463,ＴＰＲ株式会社,機械,上場,42.2,17.9,7466332.0,6424329,0.8604,855.0,6925.0,0.1235,,製造業,tag,2026-03-31,E01599,3010001034852,S100YDSL
1042,883,-159,5930,文化シヤッター株式会社,金属製品,上場,42.7,15.5,7518852.0,6423612,0.8543,2374.0,5546.0,0.4281,,製造業,tag,2026-03-31,E01413,3010001088907,S100YBKB
1043,793,-250,8101,株式会社ＧＳＩクレオス,卸売業,上場,41.9,15.2,7677901.0,6423009,0.8366,322.0,845.0,0.3811,,卸売業・小売業,tag,2026-03-31,E02549,3010001008666,S100YGXI
1044,999,-45,3104,富士紡ホールディングス株式会社,繊維製品,上場,40.9,13.7,7320030.0,6422242,0.8774,100.0,1324.0,0.0755,本社のみ,製造業,tag,2026-03-31,E00543,3010001034927,S100YIS2
1045,1004,-41,1992,神田通信機株式会社,建設業,上場,44.6,20.6,7316000.0,6422135,0.8778,208.0,244.0,0.8525,,建設業,tag,2026-03-31,E00182,6010001013597,S100Y9QZ
1046,1959,913,7373,株式会社アイドマ・ホールディングス,サービス業,上場,30.1,2.0,5998000.0,6420014,1.0704,347.0,429.0,0.8089,,サービス業,tag,2025-08-31,E36648,6013301031269,S100X7DA
1047,1337,290,3668,株式会社コロプラ,情報・通信業,上場,36.6,6.5,6818000.0,6413545,0.9407,676.0,1148.0,0.5889,,情報通信業,tag,2025-09-30,E27062,7011001059638,S100XB7G
1048,1039,-9,9360,鈴与シンワート株式会社,倉庫・運輸関連,上場,41.6,10.6,7251000.0,6412804,0.8844,723.0,918.0,0.7876,,運輸業,tag,2026-03-31,E04337,3010401014925,S100YIBT
1049,900,-149,8700,丸八証券株式会社,証券、商品先物取引業,上場,44.0,15.0,7489000.0,6411882,0.8562,138.0,,,,金融業・保険業,tag,2026-03-31,E03792,7180001040756,S100YEDZ
1050,779,-271,7296,株式会社エフ・シー・シー,輸送用機器,上場,44.6,19.8,7703580.0,6410658,0.8322,1017.0,7804.0,0.1303,,製造業,tag,2026-03-31,E02221,5080401010065,S100YFKQ
1051,1011,-40,,大阪市高速電気軌道株式会社,陸運業,非上場,50.0,27.6,7301702.0,6410088,0.8779,4909.0,6876.0,0.7139,,運輸業,textblock,2026-03-31,E34006,6120001206256,S100YMEB
1052,901,-151,8022,美津濃株式会社,その他製品,上場,42.6,17.3,7488000.0,6408773,0.8559,1507.0,3682.0,0.4093,,製造業,tag,2026-03-31,E03036,4120001077559,S100YFWX
1053,1227,174,6364,株式会社ＡＩＲＭＡＮ,機械,上場,37.8,13.8,6959480.0,6408368,0.9208,529.0,820.0,0.6451,,製造業,tag,2026-03-31,E01663,4110001016088,S100YI16
1054,1095,41,9074,日本石油輸送株式会社,陸運業,上場,40.7,14.8,7151000.0,6407695,0.8961,161.0,1626.0,0.099,本社のみ,運輸業,tag,2026-03-31,E04327,3010701012439,S100YC3A
1055,1389,334,1716,第一カッター興業株式会社,建設業,上場,38.8,10.7,6754490.0,6405398,0.9483,526.0,656.0,0.8018,,建設業,tag,2025-06-30,E00320,5021001007060,S100WRZ3
1056,785,-271,6810,マクセル株式会社,電気機器,上場,44.61,18.82,7696374.0,6404871,0.8322,1286.0,3765.0,0.3416,,製造業,tag,2026-03-31,E01947,9120901001761,S100YJH7
1057,1082,25,9423,株式会社フォーバル・リアルストレート,情報・通信業,上場,38.9,5.8,7179000.0,6404149,0.8921,113.0,114.0,0.9912,,情報通信業,tag,2026-03-31,E05528,6011001061470,S100YKOH
1058,807,-251,3291,飯田グループホールディングス株式会社,不動産業,上場,44.2,4.9,7651000.0,6403843,0.837,109.0,14217.0,0.0077,本社のみ,不動産業,tag,2026-03-31,E27759,2012701012287,S100YID4
1059,745,-314,9768,いであ株式会社,サービス業,上場,44.4,15.4,7770000.0,6403275,0.8241,1001.0,1105.0,0.9059,,サービス業,tag,2025-12-31,E04795,7010901005494,S100XTWL
1060,1145,85,8392,株式会社大分銀行,銀行業,上場,39.5,15.9,7075000.0,6402909,0.905,1495.0,1626.0,0.9194,,金融業・保険業,tag,2026-03-31,E03596,7320001000084,S100YDA0
1061,1012,-49,9233,アジア航測株式会社,空運業,上場,44.0,13.0,7301389.0,6402265,0.8769,1379.0,1872.0,0.7366,,運輸業,tag,2025-09-30,E04275,6011101000700,S100XAIS
1062,890,-172,7350,株式会社おきなわフィナンシャルグループ,銀行業,上場,44.9,18.8,7510000.0,6401979,0.8525,132.0,1513.0,0.0872,本社のみ,金融業・保険業,tag,2026-03-31,E36730,2360001029471,S100YFFH
1063,1071,8,6651,日東工業株式会社,電気機器,上場,40.1,15.0,7205082.0,6401618,0.8885,2269.0,5358.0,0.4235,,製造業,tag,2026-03-31,E01759,9180001067905,S100YIVN
1064,921,-143,7988,株式会社ニフコ,化学,上場,42.5,16.5,7463337.0,6398426,0.8573,1412.0,8886.0,0.1589,,製造業,tag,2026-03-31,E02386,5020001007855,S100YGQB
1065,1003,-62,7607,株式会社進和,卸売業,上場,40.1,11.7,7317721.0,6396552,0.8741,577.0,925.0,0.6238,,卸売業・小売業,tag,2025-08-31,E02896,2180001000574,S100X5L9
1066,973,-93,4574,大幸薬品株式会社,医薬品,上場,41.8,10.2,7382753.0,6394277,0.8661,193.0,220.0,0.8773,,製造業,tag,2025-12-31,E22560,2120901007344,S100XSJ2
1067,709,-358,6754,アンリツ株式会社,電気機器,上場,46.1,21.3,7838000.0,6393556,0.8157,1734.0,4114.0,0.4215,,製造業,tag,2026-03-31,E01774,2021001021865,S100YH5E
1068,904,-164,5702,株式会社大紀アルミニウム工業所,非鉄金属,上場,42.8,15.8,7487000.0,6392449,0.8538,326.0,1275.0,0.2557,,製造業,tag,2026-03-31,E01318,5120001125102,S100YCJD
1069,1046,-23,4658,日本空調サービス株式会社,サービス業,上場,40.2,14.3,7243492.0,6391949,0.8824,1516.0,2268.0,0.6684,,サービス業,tag,2026-03-31,E04973,6180001002699,S100YC3N
1070,1067,-3,8572,アコム株式会社,その他金融業,上場,40.7,14.7,7215000.0,6390317,0.8857,2125.0,5626.0,0.3777,,金融業・保険業,tag,2026-03-31,E03693,6010001023778,S100YBXA
1071,1073,2,9436,沖縄セルラー電話株式会社,情報・通信業,上場,39.2,9.4,7200451.0,6387444,0.8871,347.0,545.0,0.6367,,情報通信業,tag,2026-03-31,E04460,5360001000413,S100Y9T5
1072,818,-254,6436,アマノ株式会社,機械,上場,44.3,18.8,7636000.0,6385540,0.8362,1945.0,5532.0,0.3516,,製造業,tag,2026-03-31,E01590,3020001019365,S100YJFL
1073,871,-202,6677,株式会社エスケーエレクトロニクス,電気機器,上場,43.4,12.8,7538000.0,6383420,0.8468,238.0,437.0,0.5446,,製造業,tag,2025-09-30,E02346,4130001023818,S100XB6O
1074,766,-308,2871,株式会社ニチレイ,食料品,上場,45.2,17.8,7726943.0,6382701,0.826,234.0,17763.0,0.0132,本社のみ,製造業,tag,2026-03-31,E00446,8010001034889,S100YCCS
1075,1025,-50,8137,サンワテクノス株式会社,卸売業,上場,40.0,13.9,7281111.0,6382136,0.8765,619.0,1149.0,0.5387,,卸売業・小売業,tag,2026-03-31,E02656,5010001045369,S100YJ4F
1076,1594,518,2168,株式会社パソナグループ,サービス業,上場,35.9,9.2,6497000.0,6381264,0.9822,795.0,9028.0,0.0881,本社のみ,サービス業,tag,2026-05-31,E05729,6010001114024,S100YW7F
1077,817,-260,8076,株式会社カノークス,卸売業,上場,42.0,11.0,7636000.0,6380520,0.8356,303.0,349.0,0.8682,,卸売業・小売業,tag,2026-03-31,E02561,7180001025105,S100YAX9
1078,962,-116,8524,株式会社北洋銀行,銀行業,上場,42.8,19.1,7400000.0,6379980,0.8622,2391.0,2828.0,0.8455,,金融業・保険業,tag,2026-03-31,E03632,8430001022711,S100YBAP
1079,895,-184,4539,日本ケミファ株式会社,医薬品,上場,43.1,14.1,7501079.0,6379600,0.8505,331.0,878.0,0.377,,製造業,tag,2026-03-31,E00957,5010001033101,S100YBOB
1080,1163,83,7043,アルー株式会社,サービス業,上場,39.2,5.8,7040000.0,6376974,0.9058,153.0,198.0,0.7727,,サービス業,tag,2025-12-31,E34498,6010001145804,S100XT2J
1081,811,-270,4617,中国塗料株式会社,化学,上場,44.5,15.5,7643000.0,6375632,0.8342,493.0,2198.0,0.2243,,製造業,tag,2026-03-31,E00897,1240001028478,S100YGSJ
1082,917,-165,6809,ＴＯＡ株式会社,電気機器,上場,42.9,15.4,7470000.0,6372297,0.8531,823.0,3083.0,0.2669,,製造業,tag,2026-03-31,E01831,3140001005675,S100YFVG
1083,1141,58,4911,株式会社資生堂,化学,上場,39.3,11.2,7080304.0,6372077,0.9,3850.0,26330.0,0.1462,,製造業,tag,2025-12-31,E00990,1010001034813,S100XSCU
1084,919,-165,6356,日本ギア工業株式会社,機械,上場,42.9,17.3,7467999.0,6370835,0.8531,245.0,,,,製造業,tag,2026-03-31,E02173,3021001001619,S100YMQ1
1085,874,-211,7846,株式会社パイロットコーポレーション,その他製品,上場,43.5,18.66,7531000.0,6370792,0.8459,1092.0,3175.0,0.3439,,製造業,tag,2025-12-31,E02466,9010001077045,S100XU5I
1086,914,-172,3917,株式会社アイリッジ,情報・通信業,上場,41.3,4.0,7475000.0,6370631,0.8523,219.0,273.0,0.8022,,情報通信業,tag,2026-03-31,E31626,4011001071991,S100YG4N
1087,922,-165,6844,新電元工業株式会社,電気機器,上場,42.81,17.02,7458078.0,6370497,0.8542,1043.0,5091.0,0.2049,,製造業,tag,2026-03-31,E01887,5010001008697,S100YHJ7
1088,808,-280,7283,愛三工業株式会社,輸送用機器,上場,44.6,21.7,7645998.0,6370363,0.8332,2580.0,8712.0,0.2961,,製造業,tag,2026-03-31,E02162,1180001092357,S100Y9N3
1089,1175,86,6103,オークマ株式会社,機械,上場,38.8,15.6,7023000.0,6369848,0.907,2396.0,4101.0,0.5842,,製造業,tag,2026-03-31,E01481,1180001081319,S100YFQC
1090,1789,699,7134,株式会社アップガレージグループ,サービス業,上場,33.0,6.0,6235000.0,6369647,1.0216,236.0,238.0,0.9916,,サービス業,tag,2026-03-31,E37143,7020001105153,S100YFV1
1091,1048,-43,6247,株式会社日阪製作所,機械,上場,40.8,15.2,7240601.0,6369401,0.8797,725.0,1063.0,0.682,,製造業,tag,2026-03-31,E01643,1120001087750,S100YJL5
1092,1211,119,8387,株式会社四国銀行,銀行業,上場,39.11,15.8,6983000.0,6368750,0.912,1239.0,1319.0,0.9393,,金融業・保険業,tag,2026-03-31,E03590,7490001000786,S100YD3N
1093,736,-357,4228,積水化成品工業株式会社,化学,上場,46.0,19.4,7790000.0,6368254,0.8175,437.0,2106.0,0.2075,,製造業,tag,2026-03-31,E00845,7120001065932,S100YI2M
1094,1041,-53,5310,東洋炭素株式会社,ガラス・土石製品,上場,40.9,15.2,7249765.0,6368057,0.8784,976.0,1678.0,0.5816,,製造業,tag,2025-12-31,E01223,1120001050238,S100XTP9
1095,1006,-89,6407,ＣＫＤ株式会社,機械,上場,41.5,16.7,7314449.0,6367503,0.8705,2389.0,4826.0,0.495,,製造業,tag,2026-03-31,E01909,6180001075968,S100YGB2
1096,1434,338,7453,株式会社　良品計画,小売業,上場,36.87,7.46,6703071.0,6365334,0.9496,4039.0,13912.0,0.2903,,卸売業・小売業,tag,2025-08-31,E03248,5013301012443,S100X5NI
1097,610,-487,5819,カナレ電気株式会社,非鉄金属,上場,48.8,17.8,8083000.0,6364999,0.7875,129.0,258.0,0.5,,製造業,tag,2025-12-31,E01350,8180001067823,S100XRBT
1098,1034,-64,5192,三ツ星ベルト株式会社,ゴム製品,上場,41.0,17.1,7256000.0,6364468,0.8771,780.0,4568.0,0.1708,,製造業,tag,2026-03-31,E01098,6140001016934,S100YJBU
1099,1446,347,4428,株式会社シノプス,情報・通信業,上場,36.3,4.8,6687000.0,6363877,0.9517,110.0,,,,情報通信業,tag,2025-12-31,E34509,2120001132027,S100XUCN
1100,971,-129,8388,株式会社阿波銀行,銀行業,上場,43.0,19.1,7385000.0,6363200,0.8616,1317.0,1410.0,0.934,,金融業・保険業,tag,2026-03-31,E03587,5480001000070,S100YAMP
1101,876,-225,6995,株式会社東海理化電機製作所,輸送用機器,上場,43.6,21.5,7526286.0,6359868,0.845,6043.0,19381.0,0.3118,,製造業,tag,2026-03-31,E01898,5180001081083,S100Y9M2
1102,1105,3,3489,株式会社フェイスネットワーク,不動産業,上場,40.0,5.8,7138000.0,6358115,0.8907,201.0,239.0,0.841,,不動産業,tag,2026-03-31,E33819,6013201013986,S100YHL1
1103,946,-157,7915,ＮＩＳＳＨＡ株式会社,その他製品,上場,42.6,15.7,7419000.0,6357975,0.857,724.0,5305.0,0.1365,,製造業,tag,2025-12-31,E00703,9130001023441,S100XS06
1104,1583,479,264A,株式会社Ｓｃｈｏｏ,サービス業,上場,36.2,2.8,6510000.0,6356840,0.9765,191.0,,,,サービス業,tag,2025-09-30,E40018,3011001071002,S100XCX0
1105,1181,76,6363,株式会社酉島製作所,機械,上場,38.9,13.1,7014610.0,6354073,0.9058,1040.0,2127.0,0.489,,製造業,tag,2026-03-31,E01636,9120901011562,S100YDRV
1106,897,-209,5801,古河電気工業株式会社,非鉄金属,上場,43.4,18.4,7494597.0,6352118,0.8476,4009.0,49112.0,0.0816,本社のみ,製造業,tag,2026-03-31,E01332,5010001008796,S100YCF0
1107,838,-269,4958,長谷川香料株式会社,化学,上場,44.4,17.4,7598257.0,6351569,0.8359,1154.0,1942.0,0.5942,,製造業,tag,2025-09-30,E01034,2010001063068,S100XAHE
1108,1030,-78,6807,日本航空電子工業株式会社,電気機器,上場,41.3,16.3,7270000.0,6350233,0.8735,1539.0,11908.0,0.1292,,製造業,tag,2026-03-31,E01828,2011001017526,S100YF73
1109,705,-404,9248,人・夢・技術グループ株式会社,サービス業,上場,46.5,14.1,7843000.0,6347172,0.8093,129.0,2150.0,0.06,本社のみ,サービス業,tag,2025-09-30,E36223,7010001221554,S100XBUH
1110,723,-387,4665,株式会社ダスキン,サービス業,上場,46.1,18.2,7812432.0,6346117,0.8123,1964.0,3750.0,0.5237,,サービス業,tag,2026-03-31,E04926,3120901007178,S100YEAI
1111,1069,-42,1450,ＴＡＮＡＫＥＮ株式会社,建設業,上場,44.6,7.0,7215000.0,6345397,0.8795,110.0,,,,建設業,tag,2026-03-31,E34486,7010401017288,S100YEWF
1112,2026,914,2301,株式会社学情,サービス業,上場,30.0,6.0,5915259.0,6343611,1.0724,392.0,,,,サービス業,tag,2025-10-31,E05286,3120001047728,S100XGG2
1113,1119,6,5255,株式会社モンスターラボ,情報・通信業,上場,39.0,4.27,7115000.0,6342363,0.8914,237.0,847.0,0.2798,,情報通信業,tag,2025-12-31,E38477,3013201019037,S100XVZN
1114,1065,-49,5463,丸一鋼管株式会社,鉄鋼,上場,40.9,19.35,7216151.0,6342135,0.8789,586.0,2599.0,0.2255,,製造業,tag,2026-03-31,E01253,5120001047593,S100YDSC
1115,967,-148,6277,ホソカワミクロン株式会社,機械,上場,42.6,18.1,7394704.0,6340089,0.8574,431.0,1957.0,0.2202,,製造業,tag,2025-09-30,E01676,2120001151786,S100XB4O
1116,843,-273,9633,東京テアトル株式会社,サービス業,上場,43.1,14.7,7583919.0,6338311,0.8358,135.0,437.0,0.3089,,サービス業,tag,2026-03-31,E04589,3010001035000,S100YL02
1117,1969,852,5256,株式会社Ｆｕｓｉｃ,情報・通信業,上場,33.4,4.4,5982000.0,6331776,1.0585,120.0,,,,情報通信業,tag,2025-06-30,E38460,4290001023455,S100WQGU
1118,1051,-67,1909,日本ドライケミカル株式会社,機械,上場,41.2,12.4,7235000.0,6331756,0.8752,807.0,1195.0,0.6753,,製造業,tag,2026-03-31,E25282,2010701007860,S100YNKG
1119,1230,111,3560,株式会社ほぼ日,小売業,上場,38.5,6.0,6952000.0,6331407,0.9107,156.0,,,,卸売業・小売業,tag,2025-08-31,E32991,1010401048826,S100X6M7
1120,976,-144,4498,サイバートラスト株式会社,情報・通信業,上場,41.0,10.4,7376000.0,6329018,0.8581,245.0,286.0,0.8566,,情報通信業,tag,2026-03-31,E35516,3010401064771,S100YI8R
1121,1394,273,3653,株式会社モルフォ,情報・通信業,上場,36.7,5.6,6745206.0,6327871,0.9381,102.0,166.0,0.6145,,情報通信業,tag,2025-10-31,E25682,5010001090118,S100XHZH
1122,1070,-52,8386,株式会社百十四銀行,銀行業,上場,41.3,17.7,7211000.0,6327638,0.8775,1872.0,2107.0,0.8885,,金融業・保険業,tag,2026-03-31,E03588,6470001000203,S100YA4U
1123,1128,5,8345,株式会社岩手銀行,銀行業,上場,40.5,18.1,7108000.0,6326403,0.89,1264.0,1365.0,0.926,,金融業・保険業,tag,2026-03-31,E03543,7400001000423,S100YD6A
1124,961,-163,6349,株式会社小森コーポレーション,機械,上場,42.93,17.95,7406383.0,6323558,0.8538,1098.0,2622.0,0.4188,,製造業,tag,2026-03-31,E01667,9010601010719,S100YCBI
1125,1142,17,8336,株式会社武蔵野銀行,銀行業,上場,40.3,16.0,7079000.0,6323504,0.8933,1908.0,2043.0,0.9339,,金融業・保険業,tag,2026-03-31,E03555,6030001002490,S100YDFO
1126,1787,661,4441,トビラシステムズ株式会社,情報・通信業,上場,34.61,3.74,6238000.0,6323142,1.0136,114.0,,,,情報通信業,tag,2025-10-31,E34814,9180001066502,S100XH6J
1127,1648,521,5036,日本ビジネスシステムズ株式会社,情報・通信業,上場,35.4,7.7,6418159.0,6320223,0.9847,2759.0,2839.0,0.9718,,情報通信業,tag,2025-09-30,E37833,4010401041588,S100XB8X
1128,1040,-88,,イオンモール株式会社,不動産業,非上場,41.75,9.42,7250848.0,6319635,0.8716,1937.0,3856.0,0.5023,,不動産業,textblock,2026-02-28,E04002,5040001000461,S100Y4US
1129,746,-383,5202,日本板硝子株式会社,ガラス・土石製品,上場,46.5,20.9,7768766.0,6318967,0.8134,1847.0,24838.0,0.0744,本社のみ,製造業,tag,2026-03-31,E01121,4010401054474,S100YL06
1130,938,-192,6794,フォスター電機株式会社,電気機器,上場,43.3,14.2,7438263.0,6318938,0.8495,454.0,16260.0,0.0279,本社のみ,製造業,tag,2026-03-31,E01797,8012801002521,S100YJIM
1131,1179,48,9068,丸全昭和運輸株式会社,陸運業,上場,40.5,16.2,7018578.0,6318925,0.9003,1108.0,3723.0,0.2976,,運輸業,tag,2026-03-31,E04178,8020001028881,S100YKCI
1132,1167,35,7299,フジオーゼックス株式会社,輸送用機器,上場,39.5,15.3,7034000.0,6317364,0.8981,544.0,1261.0,0.4314,,製造業,tag,2026-03-31,E02225,4080401014950,S100YCH0
1133,950,-183,,損害保険ジャパン株式会社,保険業,非上場,45.6,16.7,7416687.0,6314962,0.8515,20116.0,35424.0,0.5679,,金融業・保険業,textblock,2026-03-31,E03827,4011101023372,S100YC6H
1134,1118,-16,8570,イオンフィナンシャルサービス株式会社,その他金融業,上場,40.7,11.6,7117000.0,6313607,0.8871,1859.0,14942.0,0.1244,,金融業・保険業,tag,2026-02-28,E04912,2010001010887,S100Y53G
1135,963,-172,4045,東亞合成株式会社,化学,上場,43.0,18.0,7398744.0,6312717,0.8532,1444.0,2680.0,0.5388,,製造業,tag,2025-12-31,E00770,5010401020186,S100XTI8
1136,949,-187,7990,グローブライド株式会社,その他製品,上場,43.2,13.9,7417000.0,6311011,0.8509,861.0,7365.0,0.1169,,製造業,tag,2026-03-31,E02382,5012701003630,S100YGZ1
1137,1150,13,9824,泉州電業株式会社,卸売業,上場,39.3,15.0,7066472.0,6310657,0.893,579.0,838.0,0.6909,,卸売業・小売業,tag,2025-10-31,E02742,2120001066027,S100XHVV
1138,1412,274,8908,株式会社毎日コムネット,不動産業,上場,36.7,11.1,6727000.0,6309812,0.938,155.0,268.0,0.5784,,不動産業,tag,2026-05-31,E05313,4010001002115,S100YY3A
1139,1216,77,9250,株式会社ＧＲＣＳ,サービス業,上場,39.3,3.7,6977000.0,6309595,0.9043,213.0,213.0,1.0,,サービス業,tag,2025-11-30,E36988,3010001097899,S100XNEI
1140,857,-283,9908,日本電計株式会社,卸売業,上場,42.2,13.1,7570000.0,6308938,0.8334,679.0,1214.0,0.5593,,卸売業・小売業,tag,2026-03-31,E02749,9010501010505,S100YDG7
1141,1079,-62,6853,株式会社共和電業,電気機器,上場,41.1,16.4,7190000.0,6305508,0.877,447.0,763.0,0.5858,,製造業,tag,2025-12-31,E01921,6012401007567,S100XSGM
1142,1064,-78,4404,ミヨシ油脂株式会社,食料品,上場,41.4,17.3,7221680.0,6305250,0.8731,539.0,599.0,0.8998,,製造業,tag,2025-12-31,E00881,2011801004789,S100XSY8
1143,937,-206,7893,株式会社プロネクサス,その他製品,上場,43.5,12.7,7439383.0,6304887,0.8475,933.0,1796.0,0.5195,,製造業,tag,2026-03-31,E00716,4010401001245,S100YEYJ
1144,2105,961,330A,株式会社ＴａｌｅｎｔＸ,情報・通信業,上場,32.6,2.0,5781000.0,6303305,1.0903,137.0,140.0,0.9786,,情報通信業,tag,2026-03-31,E40399,3010001192221,S100YGDN
1145,1202,57,6245,株式会社ヒラノテクシード,機械,上場,39.3,14.4,6992422.0,6301092,0.9011,315.0,417.0,0.7554,,製造業,tag,2026-03-31,E01548,9150001013309,S100YIRK
1146,1393,247,4970,東洋合成工業株式会社,化学,上場,37.0,10.2,6746293.0,6300203,0.9339,972.0,,,,製造業,tag,2026-03-31,E01051,6040001027017,S100YGHH
1147,969,-178,5258,株式会社トランザクション・メディア・ネットワークス,情報・通信業,上場,41.4,5.5,7390000.0,6298934,0.8524,296.0,491.0,0.6029,,情報通信業,tag,2026-03-31,E38491,7010001115847,S100YJ6W
1148,1343,195,9010,富士急行株式会社,陸運業,上場,38.7,13.7,6812736.0,6297913,0.9244,128.0,1979.0,0.0647,本社のみ,運輸業,tag,2026-03-31,E04093,4090001009986,S100YBGE
1149,749,-400,2767,円谷フィールズホールディングス株式会社,卸売業,上場,43.4,12.7,7764000.0,6297905,0.8112,110.0,1774.0,0.062,本社のみ,卸売業・小売業,tag,2026-03-31,E03407,2011001042870,S100YBQC
1150,1711,561,6054,株式会社リブセンス,サービス業,上場,35.4,5.5,6345000.0,6294922,0.9921,244.0,254.0,0.9606,,サービス業,tag,2025-12-31,E26032,9011001063308,S100XSWS
1151,1101,-50,4113,田岡化学工業株式会社,化学,上場,40.8,14.3,7141781.0,6292979,0.8811,412.0,482.0,0.8548,,製造業,tag,2026-03-31,E00810,9120001056384,S100YCNV
1152,457,-695,8060,キヤノンマーケティングジャパン株式会社,卸売業,上場,48.4,24.6,8494208.0,6292593,0.7408,4563.0,18425.0,0.2477,,卸売業・小売業,tag,2025-12-31,E02644,5010401008297,S100XS8C
1153,816,-337,9640,株式会社セゾンテクノロジー,情報・通信業,上場,43.0,13.8,7638155.0,6292212,0.8238,696.0,734.0,0.9482,,情報通信業,tag,2026-03-31,E04889,7013301005882,S100YC54
1154,941,-213,6135,株式会社　牧野フライス製作所,機械,上場,43.6,19.0,7431567.0,6291904,0.8466,1405.0,4777.0,0.2941,,製造業,tag,2026-03-31,E01496,7013201005504,S100YEQK
1155,1137,-18,1807,株式会社佐藤渡辺,建設業,上場,44.2,19.3,7089637.0,6291250,0.8874,451.0,537.0,0.8399,,建設業,tag,2026-03-31,E00167,5010401031200,S100YJEE
1156,1144,-12,262A,株式会社インターメスティック,小売業,上場,39.5,7.5,7076000.0,6290626,0.889,185.0,3347.0,0.0553,本社のみ,卸売業・小売業,tag,2025-12-31,E03492,6011001038675,S100XT2Q
1157,1475,318,4414,株式会社フレクト,情報・通信業,上場,36.5,3.2,6654000.0,6290531,0.9454,445.0,,,,情報通信業,tag,2026-03-31,E37130,6011001045498,S100YG80
1158,622,-536,3640,株式会社電算,情報・通信業,上場,45.4,19.6,8054485.0,6289740,0.7809,562.0,585.0,0.9607,,情報通信業,tag,2026-03-31,E24457,1100001002083,S100YJ1O
1159,692,-467,7537,丸文株式会社,卸売業,上場,44.1,16.5,7873788.0,6289738,0.7988,644.0,1193.0,0.5398,,卸売業・小売業,tag,2026-03-31,E02864,8010001057337,S100YIN7
1160,1396,236,6750,エレコム株式会社,電気機器,上場,37.1,8.51,6742670.0,6287867,0.9325,880.0,2077.0,0.4237,,製造業,tag,2026-03-31,E02066,5120001094974,S100YK25
1161,1028,-133,4046,株式会社大阪ソーダ,化学,上場,42.1,17.3,7272000.0,6287356,0.8646,677.0,1032.0,0.656,,製造業,tag,2026-03-31,E00771,4120001049013,S100YKCT
1162,1134,-28,3950,ザ・パック株式会社,パルプ・紙,上場,40.4,16.3,7091442.0,6286853,0.8865,850.0,1223.0,0.695,,製造業,tag,2025-12-31,E00674,5120001012382,S100XU2H
1163,1505,342,2484,株式会社出前館,情報・通信業,上場,36.4,3.0,6623000.0,6284483,0.9489,356.0,392.0,0.9082,,情報通信業,tag,2025-08-31,E05584,3120001089729,S100X153
1164,1249,85,5590,株式会社ネットスターズ,情報・通信業,上場,38.2,3.8,6930000.0,6282654,0.9066,146.0,221.0,0.6606,,情報通信業,tag,2025-12-31,E38957,9010001141627,S100XTGZ
1165,948,-217,4023,株式会社クレハ,化学,上場,43.6,19.8,7418000.0,6282169,0.8469,1631.0,3941.0,0.4139,,製造業,tag,2026-03-31,E00761,7010001034766,S100YFHO
1166,848,-318,6768,株式会社タムラ製作所,電気機器,上場,45.2,17.9,7580000.0,6281376,0.8287,903.0,4137.0,0.2183,,製造業,tag,2026-03-31,E01786,3011601004237,S100YIQG
1167,928,-239,4398,株式会社ブロードバンドセキュリティ,情報・通信業,上場,42.03,7.57,7449127.0,6278663,0.8429,239.0,,,,情報通信業,tag,2025-06-30,E34288,8011101038136,S100WPQK
1168,881,-287,6814,古野電気株式会社,電気機器,上場,44.7,15.2,7523120.0,6277251,0.8344,1954.0,3411.0,0.5729,,製造業,tag,2026-02-28,E01839,5140001070263,S100Y3Q6
1169,1766,597,3690,株式会社イルグルム,サービス業,上場,34.7,5.9,6257000.0,6276903,1.0032,141.0,334.0,0.4222,,サービス業,tag,2025-09-30,E30836,3120001104842,S100XAFO
1170,974,-196,5214,日本電気硝子株式会社,ガラス・土石製品,上場,43.3,20.0,7380000.0,6276812,0.8505,1778.0,5218.0,0.3407,,製造業,tag,2025-12-31,E01190,4160001001498,S100XU17
1171,1066,-105,7231,トピー工業株式会社,輸送用機器,上場,41.7,17.5,7215802.0,6276675,0.8699,1799.0,5290.0,0.3401,,製造業,tag,2026-03-31,E01230,2010701019419,S100YJBN
1172,1710,538,4440,株式会社ヴィッツ,情報・通信業,上場,35.3,8.11,6348915.0,6276577,0.9886,197.0,317.0,0.6215,,情報通信業,tag,2025-08-31,E34739,9180001045035,S100X6ND
1173,990,-183,5232,住友大阪セメント株式会社,ガラス・土石製品,上場,42.9,18.1,7338702.0,6276384,0.8552,1364.0,3045.0,0.4479,,製造業,tag,2026-03-31,E01127,5010001023779,S100YH1Y
1174,716,-458,4685,株式会社菱友システムズ,情報・通信業,上場,44.2,19.3,7823033.0,6275857,0.8022,1246.0,2006.0,0.6211,,情報通信業,tag,2026-03-31,E04995,3010401031664,S100YH80
1175,1500,325,4880,セルソース株式会社,サービス業,上場,37.6,3.2,6632000.0,6275782,0.9463,148.0,148.0,1.0,,サービス業,tag,2025-10-31,E35169,3010401121829,S100XHWF
1176,1574,398,6185,ＳＭＮ株式会社,サービス業,上場,37.0,5.8,6524000.0,6275167,0.9619,151.0,240.0,0.6292,,サービス業,tag,2026-03-31,E31958,3010701021828,S100YIYU
1177,951,-226,5992,中央発條株式会社,金属製品,上場,43.7,20.4,7415932.0,6273391,0.8459,1218.0,3017.0,0.4037,,製造業,tag,2026-03-31,E01405,9180001028444,S100YBNR
1178,991,-187,5195,バンドー化学株式会社,ゴム製品,上場,42.9,15.9,7332412.0,6271789,0.8554,1329.0,4159.0,0.3195,,製造業,tag,2026-03-31,E01092,5140001013916,S100YEMC
1179,927,-252,7282,豊田合成株式会社,輸送用機器,上場,44.1,20.2,7453067.0,6270891,0.8414,6657.0,41304.0,0.1612,,製造業,tag,2026-03-31,E01108,7180001045235,S100YC23
1180,1110,-70,,横浜高速鉄道株式会社,陸運業,非上場,43.75,6.22,7124000.0,6270095,0.8801,122.0,,,,運輸業,textblock,2026-03-31,E04152,1020001029440,S100YBKP
1181,1339,158,6238,フリュー株式会社,機械,上場,38.0,9.0,6814823.0,6268276,0.9198,512.0,565.0,0.9062,,製造業,tag,2026-03-31,E11661,3011001049510,S100YFJB
1182,1812,630,4177,株式会社ｉ－ｐｌｕｇ,情報・通信業,上場,34.7,3.7,6202896.0,6267817,1.0105,324.0,357.0,0.9076,,情報通信業,tag,2026-03-31,E36343,2140001087145,S100YHOY
1183,1252,69,9928,株式会社ミロク情報サービス,情報・通信業,上場,38.3,11.3,6924864.0,6267398,0.9051,1854.0,2342.0,0.7916,,情報通信業,tag,2026-03-31,E04877,4011101020774,S100YKDZ
1184,1117,-67,9076,セイノーホールディングス株式会社,陸運業,上場,43.6,17.4,7118000.0,6266776,0.8804,254.0,31408.0,0.0081,本社のみ,運輸業,tag,2026-03-31,E04198,3200001013795,S100YI52
1185,1342,157,7806,株式会社ＭＴＧ,その他製品,上場,38.0,6.0,6813000.0,6266744,0.9198,877.0,1514.0,0.5793,,製造業,tag,2025-09-30,E34054,6180001051390,S100XBX1
1186,1611,425,6200,株式会社インソース,サービス業,上場,36.7,5.0,6477104.0,6266196,0.9674,425.0,550.0,0.7727,,サービス業,tag,2025-09-30,E32495,5010001080795,S100XAOQ
1187,1715,528,6180,ＧＭＯメディア株式会社,サービス業,上場,35.55,7.72,6334000.0,6265774,0.9892,127.0,208.0,0.6106,,サービス業,tag,2025-12-31,E31854,6011001038592,S100XR40
1188,993,-195,5711,三菱マテリアル株式会社,非鉄金属,上場,43.0,19.0,7329000.0,6261900,0.8544,5084.0,17591.0,0.289,,製造業,tag,2026-03-31,E00021,6010001023786,S100YFRY
1189,742,-447,8084,株式会社ＲＹＯＤＥＮ,卸売業,上場,43.8,15.7,7778000.0,6261083,0.805,1154.0,1555.0,0.7421,,卸売業・小売業,tag,2026-03-31,E02518,8013301012440,S100YGNM
1190,2067,877,3733,株式会社ソフトウェア・サービス,情報・通信業,上場,33.1,9.0,5847000.0,6257485,1.0702,1755.0,1804.0,0.9728,,情報通信業,tag,2025-10-31,E05376,4120001103331,S100XHCP
1191,998,-193,4714,株式会社　リソー教育グループ,サービス業,上場,41.6,10.4,7321000.0,6255938,0.8545,132.0,1183.0,0.1116,,サービス業,tag,2026-02-28,E05024,2013301009186,S100Y58Q
1192,987,-205,3675,株式会社クロス・マーケティンググループ,情報・通信業,上場,41.5,6.0,7343000.0,6255134,0.8518,110.0,1535.0,0.0717,本社のみ,情報通信業,tag,2025-06-30,E27421,5010001153857,S100WQAV
1193,1507,314,9936,株式会社王将フードサービス,小売業,上場,37.1,11.3,6620000.0,6254839,0.9448,2439.0,2501.0,0.9752,,卸売業・小売業,tag,2026-03-31,E03193,3130001012441,S100YHJQ
1194,1318,124,4008,住友精化株式会社,化学,上場,38.5,15.64,6848798.0,6252799,0.913,1038.0,1438.0,0.7218,,製造業,tag,2026-03-31,E00755,6140001044373,S100YKNS
1195,864,-331,8085,ナラサキ産業株式会社,卸売業,上場,42.6,16.0,7556519.0,6251151,0.8273,421.0,740.0,0.5689,,卸売業・小売業,tag,2026-03-31,E02579,2430001035966,S100YHOM
1196,1164,-32,9364,株式会社上組,倉庫・運輸関連,上場,41.6,16.9,7038681.0,6249328,0.8879,3633.0,4389.0,0.8278,,運輸業,tag,2026-03-31,E04345,6140001006951,S100YG9D
1197,1075,-122,4092,日本化学工業株式会社,化学,上場,41.9,19.1,7200000.0,6248976,0.8679,691.0,735.0,0.9401,,製造業,tag,2026-03-31,E00784,3010601005559,S100YJUC
1198,1097,-101,5449,大阪製鐵株式会社,鉄鋼,上場,41.4,14.7,7147000.0,6248464,0.8743,600.0,1074.0,0.5587,,製造業,tag,2026-03-31,E01262,1120001028390,S100YHWP
1199,966,-233,5408,株式会社中山製鋼所,鉄鋼,上場,43.9,18.8,7396000.0,6244719,0.8443,850.0,1285.0,0.6615,,製造業,tag,2026-03-31,E01229,5120001027901,S100YIVA
1200,1172,-28,7102,日本車輌製造株式会社,輸送用機器,上場,40.3,16.1,7026000.0,6243835,0.8887,2061.0,2176.0,0.9472,,製造業,tag,2026-03-31,E02134,4180001022575,S100YK10
1201,706,-495,,青森放送株式会社,情報・通信業,非上場,44.6,18.1,7842049.0,6243623,0.7962,119.0,,,,情報通信業,textblock,2026-03-31,E04397,1420001000261,S100YLYO
1202,2329,1127,4490,株式会社ビザスク,情報・通信業,上場,31.2,2.8,5479000.0,6243163,1.1395,314.0,493.0,0.6369,,情報通信業,tag,2026-02-28,E35278,5010001145747,S100Y7OP
1203,1375,172,8928,穴吹興産株式会社,不動産業,上場,37.7,10.6,6782939.0,6241033,0.9201,423.0,1780.0,0.2376,,不動産業,tag,2025-06-30,E04025,8470001000424,S100WQZC
1204,1139,-65,6718,アイホン株式会社,電気機器,上場,40.9,15.3,7085000.0,6240997,0.8809,1067.0,2029.0,0.5259,,製造業,tag,2026-03-31,E01849,9180001021408,S100YIVR
1205,1200,-5,5273,三谷セキサン株式会社,ガラス・土石製品,上場,40.06,11.0,6997000.0,6240732,0.8919,359.0,1095.0,0.3279,,製造業,tag,2026-03-31,E01169,9210001004020,S100YJGQ
1206,1317,111,3697,株式会社ＳＨＩＦＴ,情報・通信業,上場,38.0,3.2,6849000.0,6238616,0.9109,6201.0,11688.0,0.5305,,情報通信業,tag,2025-08-31,E30969,8010401073462,S100X63F
1207,1251,44,6744,能美防災株式会社,電気機器,上場,39.4,14.8,6925273.0,6238432,0.9008,1961.0,3251.0,0.6032,,製造業,tag,2026-03-31,E01803,5010001008739,S100YHTN
1208,1138,-70,5970,株式会社ジーテクト,金属製品,上場,41.0,16.0,7089134.0,6236151,0.8797,1220.0,8061.0,0.1513,,製造業,tag,2026-03-31,E02228,9030001023377,S100YIKX
1209,1162,-47,1867,株式会社植木組,建設業,上場,44.4,18.6,7040681.0,6233060,0.8853,587.0,1005.0,0.5841,,建設業,tag,2026-03-31,E00179,8110001017149,S100YIPR
1210,1430,220,4013,勤次郎株式会社,情報・通信業,上場,37.0,7.9,6707000.0,6232290,0.9292,262.0,321.0,0.8162,,情報通信業,tag,2025-12-31,E35967,5180001039651,S100XR7V
1211,1085,-126,4367,広栄化学株式会社,化学,非上場,41.8,15.3,7167000.0,6232030,0.8695,402.0,,,,製造業,tag,2026-03-31,E00837,4120001077410,S100YKG9
1212,1206,-6,2148,アイティメディア株式会社,サービス業,上場,39.9,8.6,6989000.0,6231971,0.8917,335.0,382.0,0.877,,サービス業,tag,2026-03-31,E05686,1010001092299,S100YHX3
1213,1732,519,6289,株式会社技研製作所,機械,上場,35.3,12.0,6295000.0,6229711,0.9896,515.0,703.0,0.7326,,製造業,tag,2025-08-31,E01690,5490001000359,S100X6JF
1214,1398,184,3681,株式会社ブイキューブ,情報・通信業,上場,37.3,8.0,6741000.0,6226982,0.9237,259.0,344.0,0.7529,,情報通信業,tag,2025-12-31,E30114,8013201010775,S100Y1NL
1215,1015,-200,8150,三信電気株式会社,卸売業,上場,41.3,15.3,7300456.0,6226920,0.8529,518.0,642.0,0.8069,,卸売業・小売業,tag,2026-03-31,E02671,1010401012096,S100YCKF
1216,1353,137,3665,株式会社エニグモ,情報・通信業,上場,37.8,6.1,6807923.0,6226903,0.9147,119.0,157.0,0.758,,情報通信業,tag,2026-01-31,E26703,8010401088452,S100Y0WP
1217,815,-402,4410,ハリマ化成グループ株式会社,化学,上場,46.6,17.0,7638734.0,6225375,0.815,119.0,1691.0,0.0704,本社のみ,製造業,tag,2026-03-31,E01020,9140001043348,S100YEIE
1218,1191,-27,6023,ダイハツインフィニアース株式会社,輸送用機器,上場,40.3,13.6,7000000.0,6223438,0.8891,940.0,1476.0,0.6369,,製造業,tag,2026-03-31,E01477,3120001083145,S100YCLQ
1219,1228,9,7130,ヤマエグループホールディングス株式会社,卸売業,上場,39.3,2.7,6957000.0,6223353,0.8945,123.0,6414.0,0.0192,本社のみ,卸売業・小売業,tag,2026-03-31,E36756,9290001094921,S100YE2O
1220,926,-294,6287,株式会社サトー,機械,上場,44.8,16.2,7453498.0,6221682,0.8347,1902.0,6012.0,0.3164,,製造業,tag,2026-03-31,E01685,7013201017276,S100YE10
1221,1018,-203,7182,株式会社ゆうちょ銀行,銀行業,上場,45.8,21.0,7295000.0,6221597,0.8529,10659.0,10771.0,0.9896,,金融業・保険業,tag,2026-03-31,E31775,5010001112730,S100Y9G1
1222,1361,139,6517,デンヨー株式会社,電気機器,上場,38.4,12.6,6798740.0,6219955,0.9149,619.0,1362.0,0.4545,,製造業,tag,2026-03-31,E01758,4010001105371,S100YHXJ
1223,979,-244,4464,株式会社ソフト９９コーポレーション,化学,上場,44.0,17.0,7370604.0,6219530,0.8438,206.0,839.0,0.2455,,製造業,tag,2026-03-31,E01057,8120001083009,S100YKEL
1224,1305,81,6149,株式会社小田原エンジニアリング,機械,上場,39.0,11.2,6860000.0,6219227,0.9066,160.0,425.0,0.3765,,製造業,tag,2025-12-31,E01692,6021001034104,S100XSNC
1225,1641,416,6081,アライドアーキテクツ株式会社,サービス業,上場,36.73,5.34,6430000.0,6218613,0.9671,136.0,159.0,0.8553,,サービス業,tag,2025-12-31,E30053,5011001045516,S100XVCC
1226,1346,120,8361,株式会社　大垣共立銀行,銀行業,上場,39.2,16.6,6811000.0,6217307,0.9128,2324.0,2959.0,0.7854,,金融業・保険業,tag,2026-03-31,E03568,7200001013379,S100YELN
1227,894,-333,2154,株式会社オープンアップグループ,サービス業,上場,44.4,5.8,7505414.0,6216397,0.8283,123.0,26978.0,0.0046,本社のみ,サービス業,tag,2025-06-30,E05695,5010401078571,S100WQCA
1228,1420,192,4674,株式会社クレスコ,情報・通信業,上場,37.2,11.9,6713000.0,6214611,0.9258,1498.0,3188.0,0.4699,,情報通信業,tag,2026-03-31,E04988,7010401008700,S100YDHC
1229,1599,370,7071,株式会社アンビスホールディングス,サービス業,上場,37.2,2.2,6493000.0,6213914,0.957,142.0,5135.0,0.0277,本社のみ,サービス業,tag,2025-09-30,E35140,1010001178809,S100XD1A
1230,1047,-183,7966,リンテック株式会社,その他製品,上場,42.8,20.0,7243084.0,6213808,0.8579,2549.0,5237.0,0.4867,,製造業,tag,2026-03-31,E02394,7011401006867,S100YBFC
1231,1170,-61,8174,日本瓦斯株式会社,小売業,上場,39.8,13.3,7027848.0,6212604,0.884,1165.0,1764.0,0.6604,,卸売業・小売業,tag,2026-03-31,E03051,9010001061924,S100YEGP
1232,1523,291,1930,北陸電気工事株式会社,建設業,上場,40.0,17.0,6598000.0,6212462,0.9416,1153.0,1354.0,0.8516,,建設業,tag,2026-03-31,E00207,6230001003007,S100YI00
1233,1166,-67,,鈴江コーポレーション株式会社,倉庫・運輸関連,非上場,42.77,14.57,7034952.0,6210501,0.8828,244.0,585.0,0.4171,,運輸業,textblock,2026-03-31,E04302,7020001027166,S100YHJG
1234,1239,5,6322,株式会社タクミナ,機械,上場,39.9,14.1,6942000.0,6210333,0.8946,314.0,324.0,0.9691,,製造業,tag,2026-03-31,E01711,1120001083948,S100YFBY
1235,952,-283,6113,株式会社アマダ,機械,上場,44.6,18.5,7415000.0,6208713,0.8373,2842.0,9872.0,0.2879,,製造業,tag,2026-03-31,E01486,7021001020895,S100YKCP
1236,1521,285,9381,株式会社エーアイテイー,倉庫・運輸関連,上場,37.6,8.0,6600000.0,6208309,0.9407,277.0,1165.0,0.2378,,運輸業,tag,2026-02-28,E04369,3120001075217,S100Y53V
1237,1092,-145,3708,特種東海製紙株式会社,パルプ・紙,上場,42.0,19.0,7155768.0,6208069,0.8676,429.0,1873.0,0.229,,製造業,tag,2026-03-31,E00691,3080001014336,S100YHWR
1238,1399,161,8360,株式会社　山梨中央銀行,銀行業,上場,38.7,15.0,6739000.0,6208058,0.9212,1604.0,1649.0,0.9727,,金融業・保険業,tag,2026-03-31,E03562,3090001002315,S100YAZE
1239,1029,-210,,株式会社岩手日報社,その他製品,非上場,43.2,16.4,7270869.0,6205083,0.8534,245.0,332.0,0.738,,製造業,textblock,2026-03-31,E00701,9400001000207,S100YB7T
1240,1157,-83,5461,中部鋼鈑株式会社,鉄鋼,上場,41.1,18.4,7057000.0,6203521,0.8791,379.0,521.0,0.7274,,製造業,tag,2026-03-31,E01251,2180001020102,S100Y9WS
1241,1965,724,4258,株式会社網屋,情報・通信業,上場,34.0,5.2,5989000.0,6203170,1.0358,183.0,252.0,0.7262,,情報通信業,tag,2025-12-31,E37160,8010001036654,S100XTTR
1242,1060,-182,6644,大崎電気工業株式会社,電気機器,上場,42.8,16.2,7227000.0,6202028,0.8582,545.0,2504.0,0.2177,,製造業,tag,2026-03-31,E01752,6010701001918,S100YGJ0
1243,884,-359,2676,高千穂交易株式会社,卸売業,上場,42.8,17.0,7518555.0,6201562,0.8248,269.0,482.0,0.5581,,卸売業・小売業,tag,2026-03-31,E02927,7011101012356,S100YFGR
1244,1304,60,7184,株式会社　富山第一銀行,銀行業,上場,39.8,16.6,6863000.0,6200195,0.9034,607.0,623.0,0.9743,,金融業・保険業,tag,2026-03-31,E03646,8230001002106,S100YCB2
1245,1093,-152,4629,大伸化学株式会社,化学,上場,42.1,17.3,7155000.0,6200085,0.8665,192.0,235.0,0.817,,製造業,tag,2026-03-31,E00917,6010401016497,S100YJ59
1246,1161,-85,409A,オリオンビール株式会社,食料品,上場,41.0,12.0,7041000.0,6199137,0.8804,205.0,352.0,0.5824,,製造業,tag,2026-03-31,E00410,7360001008504,S100YE88
1247,1077,-170,6324,株式会社ハーモニック・ドライブ・システムズ,機械,上場,42.5,13.2,7192860.0,6198781,0.8618,526.0,1419.0,0.3707,,製造業,tag,2026-03-31,E01712,3010701008189,S100YBHC
1248,1435,187,2395,株式会社新日本科学,サービス業,上場,38.5,10.2,6702701.0,6198183,0.9247,1126.0,1522.0,0.7398,,サービス業,tag,2026-03-31,E05385,9340001000031,S100YK73
1249,1103,-146,8596,株式会社九州リースサービス,その他金融業,上場,42.4,14.0,7140964.0,6197927,0.8679,126.0,189.0,0.6667,,金融業・保険業,tag,2026-03-31,E04821,2290001012609,S100YHO7
1250,1336,86,7241,フタバ産業株式会社,輸送用機器,上場,38.9,16.0,6821000.0,6195813,0.9083,4036.0,10104.0,0.3994,,製造業,tag,2026-03-31,E02195,3180301001916,S100YCHA
1251,1045,-206,6392,株式会社　ヤマダコーポレーション,機械,上場,43.1,18.1,7243594.0,6192473,0.8549,220.0,338.0,0.6509,,製造業,tag,2026-03-31,E02180,9010801012135,S100YJDP
1252,1074,-178,5851,リョービ株式会社,非鉄金属,上場,42.7,18.5,7200138.0,6189583,0.8596,1684.0,7511.0,0.2242,,製造業,tag,2025-12-31,E01379,8240001034478,S100XT40
1253,1634,381,3940,株式会社ノムラシステムコーポレーション,情報・通信業,上場,36.1,9.6,6444000.0,6187137,0.9601,136.0,,,,情報通信業,tag,2025-12-31,E32591,3011001035642,S100XTIP
1254,1476,222,3904,株式会社カヤック,情報・通信業,上場,37.0,7.5,6652000.0,6185291,0.9298,222.0,618.0,0.3592,,情報通信業,tag,2025-12-31,E31093,7021001010079,S100XTE7
1255,1098,-157,6278,ユニオンツール株式会社,機械,上場,42.2,19.2,7144882.0,6185188,0.8657,905.0,1530.0,0.5915,,製造業,tag,2025-12-31,E01505,5010701010077,S100XSU7
1256,1844,588,6039,株式会社日本動物高度医療センター,サービス業,上場,34.7,5.0,6161000.0,6180598,1.0032,251.0,328.0,0.7652,,サービス業,tag,2026-03-31,E31381,4020001077222,S100YGKM
1257,1201,-56,5933,アルインコ株式会社,金属製品,上場,40.8,13.3,6993000.0,6177920,0.8834,766.0,1471.0,0.5207,,製造業,tag,2026-03-20,E01430,3120901010347,S100YCY5
1258,959,-299,6425,株式会社ユニバーサルエンターテインメント,機械,上場,45.0,13.0,7410286.0,6177903,0.8337,1000.0,7004.0,0.1428,,製造業,tag,2025-12-31,E02452,6010601025422,S100XVDD
1259,1315,56,4335,ＩＰＳホールディングス株式会社,情報・通信業,上場,38.6,7.7,6852000.0,6176274,0.9014,155.0,157.0,0.9873,,情報通信業,tag,2025-06-30,E05255,3140001005782,S100WRPN
1260,1056,-204,6492,岡野バルブ製造株式会社,機械,上場,43.2,19.4,7230740.0,6175994,0.8541,179.0,324.0,0.5525,,製造業,tag,2025-09-30,E01609,4290801005157,S100XBYD
1261,1100,-161,7226,極東開発工業株式会社,輸送用機器,上場,42.3,16.6,7142000.0,6175738,0.8647,1181.0,3585.0,0.3294,,製造業,tag,2026-03-31,E02170,7140001068512,S100YE9E
1262,1302,40,6480,日本トムソン株式会社,機械,上場,39.6,15.8,6865606.0,6173967,0.8993,1030.0,2547.0,0.4044,,製造業,tag,2026-03-31,E01631,4010401023033,S100YD87
1263,832,-431,9627,株式会社アインホールディングス,小売業,上場,43.6,11.3,7610000.0,6172476,0.8111,182.0,17332.0,0.0105,本社のみ,卸売業・小売業,tag,2026-04-30,E04896,1430001020787,S100YSTQ
1264,1182,-82,6678,株式会社テクノメディカ,電気機器,上場,41.1,11.8,7014000.0,6170548,0.8797,239.0,,,,製造業,tag,2026-03-31,E02345,4020001032202,S100YGSP
1265,1784,519,4192,スパイダープラス株式会社,情報・通信業,上場,35.3,2.6,6240000.0,6170375,0.9888,258.0,260.0,0.9923,,情報通信業,tag,2025-12-31,E36410,5013301026121,S100XT30
1266,1168,-98,5903,シンポ株式会社,金属製品,非上場,41.3,8.8,7033000.0,6169515,0.8772,124.0,128.0,0.9688,,製造業,tag,2025-06-30,E02448,8180001002144,S100WP45
1267,628,-639,,山口放送株式会社,情報・通信業,非上場,46.5,20.7,8043172.0,6168988,0.767,120.0,,,,情報通信業,textblock,2026-03-31,E04393,6250001009332,S100YIZC
1268,1177,-91,6016,株式会社ジャパンエンジンコーポレーション,輸送用機器,上場,41.2,9.5,7021196.0,6168268,0.8785,394.0,,,,製造業,tag,2026-03-31,E01474,3140001036976,S100YH5Z
1269,1135,-134,7242,カヤバ株式会社,輸送用機器,上場,41.9,17.4,7090969.0,6167210,0.8697,4414.0,13418.0,0.329,,製造業,tag,2026-03-31,E02147,8010401007296,S100YHB1
1270,1132,-138,3173,株式会社Ｃｏｍｉｎｉｘ,卸売業,上場,40.6,13.7,7100000.0,6165411,0.8684,191.0,669.0,0.2855,,卸売業・小売業,tag,2026-03-31,E26290,8120001092827,S100YCYQ
1271,1195,-76,7581,株式会社サイゼリヤ,小売業,上場,40.0,14.0,6999460.0,6164633,0.8807,2215.0,4868.0,0.455,,卸売業・小売業,tag,2025-08-31,E03305,8030001065552,S100X5Z0
1272,1094,-178,6268,ナブテスコ株式会社,機械,上場,42.6,16.9,7153000.0,6162146,0.8615,2186.0,8472.0,0.258,,製造業,tag,2025-12-31,E01726,3010001142283,S100XTOY
1273,1874,601,7849,スターツ出版株式会社,情報・通信業,上場,34.8,9.5,6111246.0,6153739,1.007,240.0,,,,情報通信業,tag,2025-12-31,E00736,7011701004273,S100XSPB
1274,893,-381,,東京青果株式会社,卸売業,非上場,43.2,15.9,7508701.0,6149308,0.819,453.0,649.0,0.698,,卸売業・小売業,textblock,2026-03-31,E02597,2010801007777,S100YKCN
1275,1190,-85,9629,ピー・シー・エー株式会社,情報・通信業,上場,40.0,14.0,7000000.0,6148715,0.8784,538.0,755.0,0.7126,,情報通信業,tag,2026-03-31,E04894,4010001027327,S100YGVP
1276,1259,-17,5959,岡部株式会社,金属製品,上場,40.5,14.7,6920000.0,6144860,0.888,618.0,966.0,0.6398,,製造業,tag,2025-12-31,E01412,7010601009878,S100XUL3
1277,1232,-45,6395,株式会社タダノ,機械,上場,40.8,15.1,6949736.0,6144462,0.8841,1755.0,5997.0,0.2926,,製造業,tag,2025-12-31,E01613,9470001002700,S100XQP3
1278,1205,-73,4409,東邦化学工業株式会社,化学,上場,41.2,17.2,6989995.0,6144410,0.879,653.0,856.0,0.7629,,製造業,tag,2026-03-31,E00886,5010001034850,S100YGU8
1279,1744,465,3796,株式会社いい生活,情報・通信業,上場,35.6,7.8,6281000.0,6143140,0.9781,194.0,216.0,0.8981,,情報通信業,tag,2026-03-31,E05551,9010401039891,S100YF6G
1280,1244,-36,6626,ＳＥＭＩＴＥＣ株式会社,電気機器,上場,40.7,12.3,6937000.0,6142404,0.8855,234.0,3522.0,0.0664,本社のみ,製造業,tag,2026-03-31,E25386,5010601008733,S100YJ3G
1281,1265,-16,6648,株式会社かわでん,電気機器,上場,40.5,16.6,6913007.0,6139406,0.8881,860.0,,,,製造業,tag,2026-03-31,E01754,4390001010708,S100YKAV
1282,1124,-158,7261,マツダ株式会社,輸送用機器,上場,42.5,17.7,7112000.0,6139096,0.8632,22857.0,47144.0,0.4848,,製造業,tag,2026-03-31,E02163,3240001036223,S100YDZ1
1283,1351,68,8337,株式会社千葉興業銀行,銀行業,上場,40.0,15.0,6808000.0,6136646,0.9014,1225.0,1307.0,0.9373,,金融業・保険業,tag,2026-03-31,E03557,9040001000020,S100YDK0
1284,1411,127,5921,川岸工業株式会社,金属製品,上場,38.7,13.5,6728000.0,6136226,0.912,273.0,,,,製造業,tag,2025-09-30,E01381,1010401007286,S100XBJH
1285,1331,46,7681,株式会社レオクラン,卸売業,上場,39.2,8.9,6828000.0,6133556,0.8983,123.0,155.0,0.7935,,卸売業・小売業,tag,2025-09-30,E34455,1120901010233,S100XACD
1286,1213,-73,8346,株式会社東邦銀行,銀行業,上場,41.5,17.9,6979000.0,6131542,0.8786,1856.0,2037.0,0.9111,,金融業・保険業,tag,2026-03-31,E03550,9380001001018,S100Y9W6
1287,1468,181,7949,小松ウオール工業株式会社,その他製品,上場,38.1,14.1,6662000.0,6131461,0.9204,1446.0,,,,製造業,tag,2026-03-31,E02408,9220001011932,S100YAOG
1288,1781,493,7343,ブロードマインド株式会社,その他金融業,上場,35.7,6.9,6241116.0,6130771,0.9823,301.0,312.0,0.9647,,金融業・保険業,tag,2026-03-31,E36406,6011001066916,S100YKOR
1289,1286,-3,8252,株式会社　丸井グループ,小売業,上場,39.6,15.5,6888700.0,6129695,0.8898,275.0,3820.0,0.072,本社のみ,卸売業・小売業,tag,2026-03-31,E03040,9011201005150,S100YEI3
1290,1260,-30,8344,株式会社山形銀行,銀行業,上場,41.0,17.8,6917000.0,6129312,0.8861,1059.0,1178.0,0.899,,金融業・保険業,tag,2026-03-31,E03549,5390001002010,S100YE2M
1291,1350,59,7821,前田工繊株式会社,その他製品,上場,39.6,12.4,6808064.0,6127899,0.9001,433.0,1445.0,0.2997,,製造業,tag,2025-06-30,E02492,6210001003710,S100WQAH
1292,1300,8,9367,大東港運株式会社,倉庫・運輸関連,上場,41.5,15.9,6870920.0,6127348,0.8918,323.0,426.0,0.7582,,運輸業,tag,2026-03-31,E04356,8010401016578,S100YH3W
1293,1187,-106,1981,株式会社協和日成,建設業,上場,45.2,17.0,7001465.0,6125301,0.8749,797.0,,,,建設業,tag,2026-03-31,E00189,5011001006550,S100YDX8
1294,1314,20,3101,東洋紡株式会社,化学,上場,40.1,14.2,6853737.0,6124401,0.8936,2885.0,9398.0,0.307,,製造業,tag,2026-03-31,E00525,2120001059666,S100YGRC
1295,1724,429,6563,株式会社みらいワークス,サービス業,上場,36.6,2.63,6313000.0,6123492,0.97,193.0,193.0,1.0,,サービス業,tag,2025-09-30,E33601,4011001072890,S100XBZI
1296,1126,-170,9305,株式会社ヤマタネ,卸売業,上場,41.0,12.0,7109000.0,6123036,0.8613,404.0,1087.0,0.3717,,卸売業・小売業,tag,2026-03-31,E04291,2010601007242,S100YEYD
1297,1515,218,8393,株式会社宮崎銀行,銀行業,上場,38.5,15.3,6610000.0,6119466,0.9258,1248.0,1392.0,0.8966,,金融業・保険業,tag,2026-03-31,E03597,4350001001677,S100YGVF
1298,1401,103,6643,株式会社戸上電機製作所,電気機器,上場,39.0,15.2,6737009.0,6118992,0.9083,461.0,1105.0,0.4172,,製造業,tag,2026-03-31,E01747,5300001000526,S100YJNT
1299,1884,585,7035,ａｎｄ　ｆａｃｔｏｒｙ株式会社,サービス業,上場,34.7,4.0,6098000.0,6117397,1.0032,128.0,131.0,0.9771,,サービス業,tag,2025-08-31,E34238,7011001102001,S100X6AI
1300,1220,-80,2805,ヱスビー食品株式会社,食料品,上場,41.4,13.8,6972819.0,6116017,0.8771,1538.0,2082.0,0.7387,,製造業,tag,2026-03-31,E00452,6010001034750,S100YGTZ
1301,1868,567,4074,株式会社ラキール,情報・通信業,上場,35.0,8.3,6115000.0,6115000,1.0,423.0,490.0,0.8633,,情報通信業,tag,2025-12-31,E36708,4010401134301,S100XUN1
1302,1087,-215,7235,東京ラヂエーター製造株式会社,輸送用機器,上場,43.4,17.5,7164315.0,6113922,0.8534,492.0,816.0,0.6029,,製造業,tag,2026-03-31,E02158,6021001002556,S100YG1L
1303,1962,659,7044,株式会社ピアラ,サービス業,上場,33.2,4.6,5995894.0,6112178,1.0194,108.0,161.0,0.6708,,サービス業,tag,2025-12-31,E34484,6011001059993,S100XTO4
1304,1287,-17,3001,片倉工業株式会社,繊維製品,上場,40.6,11.8,6887873.0,6112031,0.8874,104.0,900.0,0.1156,,製造業,tag,2025-12-31,E00524,9010001034764,S100XTK8
1305,1054,-251,6788,株式会社日本トリム,電気機器,上場,44.16,13.98,7233000.0,6110885,0.8449,349.0,777.0,0.4492,,製造業,tag,2026-03-31,E02333,8120001072952,S100YF0Y
1306,1297,-9,,東京湾横断道路株式会社,倉庫・運輸関連,非上場,41.8,10.2,6876000.0,6109796,0.8886,118.0,,,,運輸業,textblock,2026-03-31,E04352,2010801014658,S100YLH5
1307,1226,-81,1967,株式会社ヤマト,建設業,上場,45.05,15.54,6959657.0,6108292,0.8777,805.0,1161.0,0.6934,,建設業,tag,2026-03-20,E00138,5070001001977,S100YBIH
1308,563,-745,7459,株式会社メディパルホールディングス,卸売業,上場,49.0,20.1,8216296.0,6107878,0.7434,186.0,13024.0,0.0143,本社のみ,卸売業・小売業,tag,2026-03-31,E02632,5010001068510,S100YI1C
1309,1221,-88,4112,保土谷化学工業株式会社,化学,上場,41.5,16.8,6972000.0,6107830,0.8761,477.0,946.0,0.5042,,製造業,tag,2026-03-31,E00809,2010401070762,S100YGIX
1310,839,-471,5282,ジオスター株式会社,ガラス・土石製品,上場,48.0,15.0,7597272.0,6106931,0.8038,320.0,467.0,0.6852,,製造業,tag,2026-03-31,E01206,2010001083727,S100YG98
1311,912,-399,8159,株式会社立花エレテック,卸売業,上場,43.4,16.7,7477000.0,6105886,0.8166,920.0,1502.0,0.6125,,卸売業・小売業,tag,2026-03-31,E02678,2120001049007,S100YG86
1312,1840,528,4936,株式会社アクシージア,化学,上場,35.3,2.7,6168000.0,6105572,0.9899,134.0,248.0,0.5403,,製造業,tag,2025-07-31,E36321,6011101061957,S100WWME
1313,1340,27,3656,ＫＬａｂ株式会社,情報・通信業,上場,39.0,9.0,6814000.0,6104713,0.8959,294.0,322.0,0.913,,情報通信業,tag,2025-12-31,E25867,7010401041924,S100XU7P
1314,1250,-64,5101,横浜ゴム株式会社,ゴム製品,上場,41.1,17.4,6928000.0,6104602,0.8811,5559.0,34471.0,0.1613,,製造業,tag,2025-12-31,E01085,4010401030574,S100XSMJ
1315,1359,44,4719,株式会社アルファシステムズ,情報・通信業,上場,38.9,15.7,6799927.0,6103715,0.8976,2987.0,,,,情報通信業,tag,2026-03-31,E05029,7011001001789,S100YK7V
1316,1209,-107,2875,東洋水産株式会社,食料品,上場,41.7,16.8,6986000.0,6103385,0.8737,2192.0,4717.0,0.4647,,製造業,tag,2026-03-31,E00461,2010401020321,S100YDW0
1317,1160,-157,6393,油研工業株式会社,機械,上場,42.3,18.6,7043000.0,6102280,0.8664,368.0,1401.0,0.2627,,製造業,tag,2026-03-31,E01612,7021001028468,S100YJ87
1318,1927,609,4481,ベース株式会社,情報・通信業,上場,34.7,5.1,6038927.0,6102131,1.0105,1246.0,1332.0,0.9354,,情報通信業,tag,2025-12-31,E35164,9010001063813,S100XUKI
1319,859,-460,8023,ＤＡＩＫＯ　ＸＴＥＣＨ株式会社,卸売業,上場,44.0,17.0,7565324.0,6099522,0.8062,761.0,1332.0,0.5713,,卸売業・小売業,tag,2026-03-31,E02683,2011101011783,S100YIXP
1320,1390,70,5607,中央可鍛工業株式会社,鉄鋼,上場,39.44,14.67,6754000.0,6097308,0.9028,537.0,970.0,0.5536,,製造業,tag,2026-03-31,E01284,3180001020051,S100YJLT
1321,1091,-230,4218,ニチバン株式会社,化学,上場,43.6,19.5,7159000.0,6096328,0.8516,778.0,1271.0,0.6121,,製造業,tag,2026-03-31,E01000,5010001000010,S100YGTG
1322,1050,-272,4968,荒川化学工業株式会社,化学,上場,44.4,18.9,7235000.0,6096103,0.8426,806.0,1684.0,0.4786,,製造業,tag,2026-03-31,E01048,4120001074060,S100YF3H
1323,1176,-147,6391,株式会社加地テック,機械,上場,42.18,15.34,7023000.0,6095934,0.868,207.0,,,,製造業,tag,2026-03-31,E01529,2120101021427,S100YJ76
1324,1186,-138,2359,株式会社コア,情報・通信業,上場,40.6,15.6,7006000.0,6095010,0.87,1013.0,1444.0,0.7015,,情報通信業,tag,2026-03-31,E05332,4010901003823,S100YE3S
1325,1720,395,4430,東海ソフト株式会社,情報・通信業,上場,36.0,11.0,6317539.0,6092116,0.9643,579.0,808.0,0.7166,,情報通信業,tag,2025-05-31,E34663,1180001031538,S100WLXE
1326,1292,-34,5105,ＴＯＹＯ　ＴＩＲＥ株式会社,ゴム製品,上場,40.8,15.0,6880000.0,6090533,0.8853,3766.0,9941.0,0.3788,,製造業,tag,2025-12-31,E01090,7120001049019,S100XTYE
1327,2443,1116,500A,株式会社ＴＯブックス,情報・通信業,上場,30.9,3.6,5302000.0,6090462,1.1487,149.0,,,,情報通信業,tag,2026-04-30,E41257,3011001100140,S100YSBO
1328,1400,72,462A,株式会社ＦＵＮＤＩＮＮＯ,証券、商品先物取引業,上場,39.9,2.8,6738000.0,6089849,0.9038,121.0,124.0,0.9758,,金融業・保険業,tag,2025-10-31,E41081,7010401121809,S100XI5B
1329,1330,1,6474,株式会社不二越,機械,上場,40.3,15.8,6828908.0,6089221,0.8917,2965.0,6532.0,0.4539,,製造業,tag,2025-11-30,E01603,4230001002687,S100XMRN
1330,1090,-240,2678,アスクル株式会社,小売業,上場,41.6,10.1,7159914.0,6089097,0.8504,976.0,3646.0,0.2677,,卸売業・小売業,tag,2026-05-20,E03363,5010601030357,S100YSYE
1331,1532,201,8850,スターツコーポレーション株式会社,不動産業,上場,37.47,14.64,6581708.0,6088845,0.9251,155.0,4715.0,0.0329,本社のみ,不動産業,tag,2026-03-31,E03945,9010001095583,S100YKTS
1332,981,-351,5871,ＳＯＬＩＺＥ　Ｈｏｌｄｉｎｇｓ株式会社,サービス業,上場,44.94,10.29,7359766.0,6088062,0.8272,120.0,2526.0,0.0475,本社のみ,サービス業,tag,2025-12-31,E35118,1010001137277,S100XSRF
1333,1307,-26,6089,株式会社ウィルグループ,サービス業,上場,40.2,8.8,6859000.0,6086791,0.8874,105.0,9005.0,0.0117,本社のみ,サービス業,tag,2026-03-31,E30140,9011001061435,S100YFJF
1334,1203,-131,5184,株式会社ニチリン,ゴム製品,上場,42.0,17.0,6990530.0,6084491,0.8704,354.0,2440.0,0.1451,,製造業,tag,2025-12-31,E01114,1140001010033,S100XRDM
1335,1272,-63,7014,株式会社名村造船所,輸送用機器,上場,41.1,17.2,6901000.0,6083898,0.8816,1158.0,2436.0,0.4754,,製造業,tag,2026-03-31,E02129,5120001046100,S100YEFT
1336,1013,-323,4406,新日本理化株式会社,化学,上場,45.3,16.4,7301000.0,6082446,0.8331,283.0,394.0,0.7183,,製造業,tag,2026-03-31,E00882,5130001014766,S100YGXD
1337,984,-353,6335,株式会社東京機械製作所,機械,上場,45.9,23.3,7355954.0,6081095,0.8267,230.0,303.0,0.7591,,製造業,tag,2026-03-31,E01539,9010401020496,S100YI7P
1338,1183,-155,7220,武蔵精密工業株式会社,輸送用機器,上場,42.3,17.2,7012793.0,6079867,0.867,1111.0,12227.0,0.0909,本社のみ,製造業,tag,2026-03-31,E02237,6180301007357,S100YGX6
1339,1349,10,3079,ディーブイエックス株式会社,卸売業,上場,39.5,8.1,6809000.0,6079664,0.8929,361.0,378.0,0.955,,卸売業・小売業,tag,2026-03-31,E03005,9011601006203,S100YL91
1340,1089,-251,5726,株式会社大阪チタニウムテクノロジーズ,非鉄金属,上場,43.9,16.0,7163437.0,6079107,0.8486,742.0,,,,製造業,tag,2026-03-31,E01327,8140001052085,S100YHFZ
1341,1130,-211,6360,株式会社　東京自働機械製作所,機械,上場,43.3,19.2,7104411.0,6077552,0.8555,278.0,,,,製造業,tag,2026-03-31,E01534,7010001034205,S100YHZL
1342,1520,178,1420,サンヨーホームズ株式会社,建設業,上場,42.5,13.7,6600371.0,6077053,0.9207,339.0,789.0,0.4297,,建設業,tag,2026-03-31,E27273,3120001039510,S100YGLY
1343,1115,-228,2999,ホームポジション株式会社,不動産業,上場,43.6,4.0,7120000.0,6075507,0.8533,104.0,,,,不動産業,tag,2025-08-31,E35234,5080001004715,S100X6G1
1344,1859,515,4495,株式会社アイキューブドシステムズ,情報・通信業,上場,35.3,4.9,6142000.0,6074815,0.9891,139.0,197.0,0.7056,,情報通信業,tag,2025-06-30,E35578,6290001042164,S100WPS5
1345,1055,-290,5805,ＳＷＣＣ株式会社,非鉄金属,上場,44.7,16.9,7231000.0,6073333,0.8399,1467.0,4813.0,0.3048,,製造業,tag,2026-03-31,E01336,7010401061336,S100YE42
1346,1295,-51,8043,スターゼン株式会社,卸売業,上場,40.0,12.2,6876895.0,6069983,0.8827,1298.0,2807.0,0.4624,,卸売業・小売業,tag,2026-03-31,E02574,9010401015760,S100YIM9
1347,1703,356,7049,株式会社識学,サービス業,上場,37.3,3.22,6352000.0,6069231,0.9555,266.0,306.0,0.8693,,サービス業,tag,2026-02-28,E34634,7011001104435,S100Y1AF
1348,1197,-151,5391,株式会社エーアンドエーマテリアル,ガラス・土石製品,上場,42.3,17.0,6998038.0,6068919,0.8672,217.0,1001.0,0.2168,,製造業,tag,2026-03-31,E01163,9020001040448,S100YK9E
1349,1308,-41,4619,日本特殊塗料株式会社,化学,上場,40.9,14.9,6857870.0,6065845,0.8845,626.0,1079.0,0.5802,,製造業,tag,2026-03-31,E00900,1011501003539,S100YDP5
1350,1102,-248,3569,セーレン株式会社,繊維製品,上場,43.86,19.71,7140994.0,6065812,0.8494,1320.0,6506.0,0.2029,,製造業,tag,2026-03-31,E00562,9210001001785,S100YH1G
1351,1384,33,8584,株式会社ジャックス,その他金融業,上場,40.4,15.5,6765000.0,6065164,0.8966,2676.0,5532.0,0.4837,,金融業・保険業,tag,2026-03-31,E04768,2440001001001,S100YEIM
1352,1192,-160,5660,神鋼鋼線工業株式会社,鉄鋼,上場,42.4,17.3,7000000.0,6063382,0.8662,757.0,927.0,0.8166,,製造業,tag,2026-03-31,E01282,2140001049112,S100YJTL
1353,1273,-80,9906,藤井産業株式会社,卸売業,上場,40.2,13.9,6900000.0,6063130,0.8787,754.0,932.0,0.809,,卸売業・小売業,tag,2026-03-31,E02747,2060001003812,S100YJUL
1354,1196,-158,4979,ＯＡＴアグリオ株式会社,化学,上場,42.4,8.6,6999380.0,6062924,0.8662,170.0,596.0,0.2852,,製造業,tag,2025-12-31,E30697,2010001135528,S100XSHI
1355,892,-463,8119,株式会社三栄コーポレーション,卸売業,上場,44.0,10.0,7509242.0,6062868,0.8074,103.0,432.0,0.2384,,卸売業・小売業,tag,2026-03-31,E02647,1010501004662,S100YJU6
1356,1510,154,6157,日進工具株式会社,機械,上場,38.5,13.7,6616698.0,6060773,0.916,238.0,364.0,0.6538,,製造業,tag,2026-03-31,E01729,4010701007545,S100YG7J
1357,1043,-314,4820,株式会社イーエムシステムズ（商号　株式会社ＥＭシステムズ）,情報・通信業,上場,42.7,11.5,7247896.0,6059959,0.8361,514.0,858.0,0.5991,,情報通信業,tag,2025-12-31,E05155,8120001053779,S100XUIK
1358,1154,-204,9742,株式会社アイネス,情報・通信業,上場,41.45,17.29,7063658.0,6058268,0.8577,870.0,1204.0,0.7226,,情報通信業,tag,2026-03-31,E04803,2020001030067,S100YF4O
1359,1597,238,7608,株式会社エスケイジャパン,卸売業,上場,37.7,10.4,6494350.0,6058035,0.9328,141.0,145.0,0.9724,,卸売業・小売業,tag,2026-02-28,E02897,9120001075509,S100Y6QH
1360,1388,28,5982,株式会社マルゼン,金属製品,上場,40.0,14.0,6757746.0,6056362,0.8962,842.0,1293.0,0.6512,,製造業,tag,2026-02-28,E02438,3010501014528,S100Y6B9
1361,1564,203,1433,ベステラ株式会社,建設業,上場,42.2,5.3,6538000.0,6056128,0.9263,121.0,185.0,0.6541,,建設業,tag,2026-01-31,E31731,7010601021305,S100XZ7G
1362,1352,-10,7456,松田産業株式会社,卸売業,上場,39.7,12.1,6808000.0,6053694,0.8892,1238.0,1761.0,0.703,,卸売業・小売業,tag,2026-03-31,E02821,2011101020140,S100YGWM
1363,1876,513,9556,ＩＮＴＬＯＯＰ株式会社,サービス業,上場,35.5,2.1,6108000.0,6050222,0.9905,716.0,1374.0,0.5211,,サービス業,tag,2025-07-31,E37779,6010401064612,S100WX3D
1364,1263,-101,6770,アルプスアルパイン株式会社,電気機器,上場,41.7,16.7,6914318.0,6049331,0.8749,6305.0,25924.0,0.2432,,製造業,tag,2026-03-31,E01793,3010801000723,S100YB8V
1365,2046,681,4255,ＴＨＥＣＯＯ株式会社,情報・通信業,上場,34.2,3.5,5879000.0,6045994,1.0284,115.0,,,,情報通信業,tag,2025-12-31,E37105,4010701028921,S100XTKE
1366,1749,383,4317,株式会社レイ,サービス業,上場,37.0,12.0,6276755.0,6045977,0.9632,424.0,424.0,1.0,,サービス業,tag,2026-02-28,E05230,6010401031785,S100Y7H8
1367,1551,184,8541,株式会社　愛媛銀行,銀行業,上場,38.8,15.8,6556000.0,6044708,0.922,1277.0,1350.0,0.9459,,金融業・保険業,tag,2026-03-31,E03663,2500001000005,S100YENS
1368,1147,-221,,株式会社日産フィナンシャルサービス,その他金融業,非上場,46.5,13.5,7073000.0,6044017,0.8545,678.0,,,,金融業・保険業,textblock,2026-03-31,E03736,6040001013529,S100YNAF
1369,1078,-291,7466,ＳＰＫ株式会社,卸売業,上場,42.2,12.5,7192000.0,6043469,0.8403,331.0,646.0,0.5124,,卸売業・小売業,tag,2026-03-31,E02827,9120001034407,S100YCR6
1370,1281,-89,6405,鈴茂器工株式会社,機械,上場,41.56,10.95,6892794.0,6043352,0.8768,491.0,526.0,0.9335,,製造業,tag,2026-03-31,E01724,3011601010978,S100YN3J
1371,1552,181,9536,西部ガスホールディングス株式会社,電気・ガス業,上場,41.5,13.8,6555364.0,6042587,0.9218,160.0,3725.0,0.043,本社のみ,電気・ガス業,tag,2026-03-31,E04523,6290001014048,S100YE54
1372,1341,-31,8086,ニプロ株式会社,精密機器,上場,40.8,13.3,6814000.0,6039492,0.8863,4714.0,38593.0,0.1221,,製造業,tag,2026-03-31,E02688,8120001068678,S100YJLK
1373,1324,-49,6294,オカダアイヨン株式会社,機械,上場,41.0,12.0,6833000.0,6039189,0.8838,273.0,497.0,0.5493,,製造業,tag,2026-03-31,E01696,3120001028645,S100YBL0
1374,2565,1191,460A,ＢＲＡＮＵ株式会社,情報・通信業,上場,29.81,2.83,5101632.0,6038178,1.1836,108.0,,,,情報通信業,tag,2025-10-31,E41086,6010401083620,S100XHL0
1375,960,-415,8158,ソーダニッカ株式会社,卸売業,上場,43.6,16.0,7406895.0,6037651,0.8151,301.0,400.0,0.7525,,卸売業・小売業,tag,2026-03-31,E02635,9010001048574,S100YFPG
1376,1316,-60,3437,特殊電極株式会社,金属製品,上場,41.2,14.7,6850000.0,6037361,0.8814,257.0,268.0,0.959,,製造業,tag,2026-03-31,E01464,8140001050221,S100YD8G
1377,1121,-256,6707,サンケン電気株式会社,電気機器,上場,44.0,17.5,7114000.0,6037257,0.8486,842.0,2683.0,0.3138,,製造業,tag,2026-03-31,E01790,3030001045666,S100YI8X
1378,1122,-256,4912,ライオン株式会社,化学,上場,44.0,17.0,7113275.0,6036742,0.8487,3059.0,8346.0,0.3665,,製造業,tag,2025-12-31,E00991,1010601016863,S100XU1E
1379,1831,452,2488,ＪＴＰ株式会社,サービス業,上場,36.3,10.9,6183090.0,6033712,0.9758,459.0,,,,サービス業,tag,2026-03-31,E05593,6010701025248,S100YD1Z
1380,1354,-26,6961,株式会社エンプラス,電気機器,上場,40.8,14.6,6804000.0,6031759,0.8865,332.0,1371.0,0.2422,,製造業,tag,2026-03-31,E02390,5030001074060,S100YLHU
1381,1243,-138,3182,オイシックス・ラ・大地株式会社,サービス業,上場,41.1,10.0,6937000.0,6030821,0.8694,916.0,8196.0,0.1118,,サービス業,tag,2026-03-31,E27260,6010701012329,S100YJ0Y
1382,1322,-60,7273,株式会社イクヨ,輸送用機器,上場,41.2,16.8,6839000.0,6028950,0.8816,160.0,337.0,0.4748,,製造業,tag,2026-03-31,E02226,9021001023731,S100YLTN
1383,2415,1032,7685,株式会社ＢｕｙＳｅｌｌ　Ｔｅｃｈｎｏｌｏｇｉｅｓ,卸売業,上場,28.8,2.9,5353000.0,6028106,1.1261,1254.0,2466.0,0.5085,,卸売業・小売業,tag,2025-12-31,E35116,4010001074187,S100XTBY
1384,1385,1,8550,株式会社　栃木銀行,銀行業,上場,40.8,18.1,6762000.0,6026830,0.8913,1283.0,1501.0,0.8548,,金融業・保険業,tag,2026-03-31,E03639,5060001000014,S100YE6L
1385,1996,611,2983,株式会社アールプランナー,不動産業,上場,34.6,4.6,5947000.0,6026589,1.0134,362.0,419.0,0.864,,不動産業,tag,2026-01-31,E35144,8180001060415,S100Y03C
1386,1136,-250,6544,ジャパンエレベーターサービスホールディングス株式会社,サービス業,上場,42.2,8.1,7090000.0,6024515,0.8497,274.0,2286.0,0.1199,,サービス業,tag,2026-03-31,E33034,5010001019182,S100YEZ8
1387,813,-574,2531,宝ホールディングス株式会社,食料品,上場,49.8,24.2,7640000.0,6024319,0.7885,193.0,5720.0,0.0337,本社のみ,製造業,tag,2026-03-31,E00396,4130001014981,S100YINV
1388,1813,425,4687,ＴＤＣソフト株式会社,情報・通信業,上場,35.8,10.5,6200000.0,6024281,0.9717,2203.0,2473.0,0.8908,,情報通信業,tag,2026-03-31,E04997,8011001014542,S100YH3J
1389,1127,-262,,トヨタファイナンス株式会社,サービス業,非上場,42.5,12.9,7109000.0,6024077,0.8474,1957.0,2284.0,0.8568,,サービス業,textblock,2026-03-31,E05031,8010601027383,S100YMDA
1390,1184,-206,6779,日本電波工業株式会社,電気機器,上場,43.1,16.5,7011000.0,6023436,0.8591,672.0,2313.0,0.2905,,製造業,tag,2026-03-31,E01807,1011001017865,S100YFNH
1391,1017,-374,5938,株式会社ＬＩＸＩＬ,金属製品,上場,46.2,20.3,7296288.0,6021774,0.8253,15128.0,48073.0,0.3147,,製造業,tag,2026-03-31,E01317,5010601004914,S100YD5L
1392,913,-479,,新生紙パルプ商事株式会社,卸売業,非上場,44.2,19.9,7476921.0,6021033,0.8053,550.0,881.0,0.6243,,卸売業・小売業,textblock,2026-03-31,E02562,7010001012862,S100YFLX
1393,965,-428,4356,応用技術株式会社,情報・通信業,上場,44.0,12.0,7397000.0,6020839,0.814,270.0,,,,情報通信業,tag,2025-12-31,E05282,9120001121031,S100XSUL
1394,1741,347,4436,株式会社ミンカブ・ジ・インフォノイド,情報・通信業,上場,36.2,7.3,6283963.0,6020745,0.9581,236.0,236.0,1.0,,情報通信業,tag,2026-03-31,E34754,4010401098942,S100YJON
1395,1368,-27,6223,株式会社　西部技研,機械,上場,40.8,11.5,6789000.0,6020158,0.8868,415.0,785.0,0.5287,,製造業,tag,2025-12-31,E38926,5290001036357,S100XTV5
1396,1536,140,6145,ＮＩＴＴＯＫＵ株式会社,機械,上場,38.6,11.9,6576375.0,6019451,0.9153,536.0,1235.0,0.434,,製造業,tag,2026-03-31,E01981,9030001006415,S100YKQX
1397,1459,62,6778,株式会社アルチザネットワークス,電気機器,上場,39.6,8.2,6671977.0,6018947,0.9021,132.0,161.0,0.8199,,製造業,tag,2025-07-31,E02342,2012801000217,S100WW7U
1398,1378,-20,5357,株式会社　ヨータイ,ガラス・土石製品,上場,40.74,14.09,6781533.0,6018848,0.8875,518.0,537.0,0.9646,,製造業,tag,2026-03-31,E01147,8120101038845,S100YHT7
1399,936,-463,3391,株式会社ツルハホールディングス,小売業,上場,44.0,18.0,7439918.0,6017559,0.8088,245.0,27681.0,0.0089,本社のみ,卸売業・小売業,tag,2026-02-28,E03464,4430001029116,S100Y5EY
1400,696,-704,3842,株式会社ネクストジェン,情報・通信業,上場,47.8,9.1,7867000.0,6016986,0.7648,148.0,148.0,1.0,,情報通信業,tag,2026-03-31,E05677,6010001097517,S100YD0G
1401,994,-407,5989,株式会社エイチワン,金属製品,上場,46.6,22.9,7325206.0,6016313,0.8213,1023.0,4584.0,0.2232,,製造業,tag,2026-03-31,E02222,3030001011684,S100YFUA
1402,1538,136,3682,エンカレッジ・テクノロジ株式会社,情報・通信業,上場,38.0,6.3,6575000.0,6013732,0.9146,124.0,,,,情報通信業,tag,2026-03-31,E30085,4010001084285,S100YD54
1403,1433,30,2819,エバラ食品工業株式会社,食料品,上場,40.0,16.0,6703302.0,6013281,0.8971,517.0,861.0,0.6005,,製造業,tag,2026-03-31,E00514,5020001022870,S100YJNX
1404,1155,-249,6104,芝浦機械株式会社,機械,上場,43.8,19.6,7061483.0,6013088,0.8515,1536.0,3175.0,0.4838,,製造業,tag,2026-03-31,E01482,3010001034836,S100YLEZ
1405,1311,-94,7018,内海造船株式会社,輸送用機器,上場,41.6,15.6,6856000.0,6012592,0.877,548.0,600.0,0.9133,,製造業,tag,2026-03-31,E02131,9240001038924,S100YJMY
1406,1215,-191,6237,株式会社イワキ,機械,上場,42.9,18.5,6977371.0,6012432,0.8617,790.0,1146.0,0.6894,,製造業,tag,2026-03-31,E32189,3010001011026,S100YHPM
1407,1371,-36,8343,株式会社秋田銀行,銀行業,上場,41.2,18.3,6787000.0,6011075,0.8857,1126.0,1175.0,0.9583,,金融業・保険業,tag,2026-03-31,E03546,1410001000221,S100YATN
1408,954,-454,9857,英和株式会社,卸売業,上場,43.9,13.7,7414000.0,6010935,0.8108,346.0,400.0,0.865,,卸売業・小売業,tag,2026-03-31,E02713,6120001041612,S100YCFQ
1409,896,-513,6723,ルネサスエレクトロニクス株式会社,電気機器,上場,48.5,23.4,7495552.0,6010854,0.8019,6025.0,21629.0,0.2786,,製造業,tag,2025-12-31,E02081,8020001075701,S100XR06
1410,923,-487,,株式会社サンコーシヤ,電気機器,非上場,48.1,19.1,7457429.0,6010617,0.806,196.0,623.0,0.3146,,製造業,textblock,2026-03-31,E01833,3010701003801,S100YNIO
1411,1140,-271,3848,株式会社データ・アプリケーション,情報・通信業,上場,42.1,11.1,7081000.0,6010297,0.8488,135.0,253.0,0.5336,,情報通信業,tag,2026-03-31,E05688,9010001051124,S100YBU2
1412,1104,-308,6524,湖北工業株式会社,電気機器,上場,44.7,12.6,7139000.0,6009112,0.8417,160.0,1710.0,0.0936,本社のみ,製造業,tag,2025-12-31,E37156,9160001007235,S100XT3K
1413,1262,-151,6653,株式会社正興電機製作所,電気機器,上場,42.3,16.5,6916000.0,6008047,0.8687,629.0,971.0,0.6478,,製造業,tag,2025-12-31,E01760,6290001014089,S100XU9B
1414,1148,-266,6101,株式会社ツガミ,機械,上場,44.0,19.0,7072000.0,6007424,0.8495,482.0,3515.0,0.1371,,製造業,tag,2026-03-31,E01480,3010001101264,S100YBZA
1415,1256,-159,4620,藤倉化成株式会社,化学,上場,42.4,17.5,6920841.0,6004801,0.8676,427.0,1198.0,0.3564,,製造業,tag,2026-03-31,E00832,1011401007292,S100YJ15
1416,2092,676,4175,株式会社ｃｏｌｙ,情報・通信業,上場,34.0,4.0,5797000.0,6004304,1.0358,229.0,,,,情報通信業,tag,2026-01-31,E36322,7010401110126,S100Y0KM
1417,1267,-150,,ＹＫＫ株式会社,その他製品,非上場,42.3,17.9,6910632.0,6004064,0.8688,4491.0,56899.0,0.0789,本社のみ,製造業,textblock,2026-03-31,E02368,6010001032696,S100YLFU
1418,1125,-293,6616,トレックス・セミコンダクター株式会社,電気機器,上場,44.5,13.6,7112000.0,6003123,0.8441,181.0,1014.0,0.1785,,製造業,tag,2026-03-31,E30479,2010001079907,S100YFAJ
1419,1285,-134,2809,キユーピー株式会社,食料品,上場,42.1,16.1,6888822.0,6001542,0.8712,2388.0,10773.0,0.2217,,製造業,tag,2025-11-30,E00464,6011001006277,S100XMJE
1420,2040,620,9989,株式会社サンドラッグ,小売業,上場,34.0,8.0,5895373.0,6000645,1.0179,4622.0,7457.0,0.6198,,卸売業・小売業,tag,2026-03-31,E03226,1012401000634,S100YL7Q
1421,1379,-42,6458,新晃工業株式会社,機械,上場,41.0,15.0,6781000.0,5999202,0.8847,770.0,1701.0,0.4527,,製造業,tag,2026-03-31,E01669,6120001065727,S100Y1I3
1422,1083,-339,6272,レオン自動機株式会社,機械,上場,45.2,21.4,7170225.0,5998814,0.8366,661.0,1063.0,0.6218,,製造業,tag,2026-03-31,E01670,8060001004788,S100YFES
1423,1084,-339,5994,株式会社ファインシンター,金属製品,上場,45.2,19.3,7170000.0,5998659,0.8366,725.0,1958.0,0.3703,,製造業,tag,2026-03-31,E01396,6180001078161,S100YG56
1424,1392,-32,,日亜化学工業株式会社,電気機器,非上場,40.7,16.0,6751000.0,5998153,0.8885,8574.0,9509.0,0.9017,,製造業,textblock,2025-12-31,E02098,5480001006794,S100XU19
1425,1153,-272,3423,株式会社エスイー,金属製品,上場,44.1,14.1,7065483.0,5996269,0.8487,198.0,559.0,0.3542,,製造業,tag,2026-03-31,E01298,4011101042505,S100YG2M
1426,1472,46,9158,株式会社シーユーシー,サービス業,上場,39.7,3.5,6661000.0,5994311,0.8999,416.0,5740.0,0.0725,本社のみ,サービス業,tag,2026-03-31,E37214,9010401113614,S100YKO7
1427,2225,798,4174,株式会社アピリッツ,情報・通信業,上場,33.1,4.8,5600000.0,5993145,1.0702,386.0,820.0,0.4707,,情報通信業,tag,2026-01-31,E36213,4011001065192,S100Y16K
1428,2047,619,300A,ＭＩＣ株式会社,サービス業,上場,33.2,6.8,5877000.0,5990978,1.0194,361.0,,,,サービス業,tag,2026-03-31,E40154,2011101020470,S100YFMQ
1429,1129,-300,5018,株式会社ＭＯＲＥＳＣＯ,石油・石炭製品,上場,44.7,15.0,7106424.0,5986372,0.8424,374.0,797.0,0.4693,,製造業,tag,2026-02-28,E01083,7140001021198,S100Y64F
1430,1208,-222,7292,株式会社村上開明堂,輸送用機器,上場,43.4,19.0,6987410.0,5986340,0.8567,934.0,3682.0,0.2537,,製造業,tag,2026-03-31,E02217,3080001005194,S100YHRX
1431,1233,-198,6266,タツモ株式会社,機械,上場,43.0,15.0,6949297.0,5985242,0.8613,449.0,1150.0,0.3904,,製造業,tag,2025-12-31,E02350,6260001018266,S100XS15
1432,1332,-100,8037,カメイ株式会社,卸売業,上場,40.4,13.8,6828000.0,5984260,0.8764,1589.0,5015.0,0.3168,,卸売業・小売業,tag,2026-03-31,E02682,5370001003340,S100YKU0
1433,1466,33,6820,アイコム株式会社,電気機器,上場,40.0,15.0,6665000.0,5982972,0.8977,639.0,1063.0,0.6011,,製造業,tag,2026-03-31,E01850,1120001019349,S100YGGJ
1434,1270,-164,7565,萬世電機株式会社,卸売業,上場,40.9,16.1,6902000.0,5981561,0.8666,181.0,188.0,0.9628,,卸売業・小売業,tag,2026-03-31,E02875,2120001036483,S100YLNO
1435,1212,-223,6228,株式会社ジェイ・イー・ティ,機械,上場,43.4,9.9,6980000.0,5980996,0.8569,160.0,275.0,0.5818,,製造業,tag,2025-12-31,E36545,1260001018766,S100Y7JM
1436,1207,-229,6371,株式会社椿本チエイン,機械,上場,43.5,16.5,6988832.0,5980780,0.8558,3126.0,12228.0,0.2556,,製造業,tag,2026-03-31,E01578,2120001002188,S100YKVK
1437,1405,-32,1994,高橋カーテンウォール工業株式会社,建設業,上場,44.6,14.9,6734000.0,5979944,0.888,186.0,186.0,1.0,,建設業,tag,2025-12-31,E00222,1010001049480,S100XUAO
1438,1253,-185,3800,株式会社ユニリタ,情報・通信業,上場,41.2,13.1,6924000.0,5979450,0.8636,343.0,698.0,0.4914,,情報通信業,tag,2026-03-31,E05561,2010401034593,S100YDKQ
1439,1052,-387,9755,応用地質株式会社,サービス業,上場,45.4,17.1,7234218.0,5979419,0.8265,1280.0,2718.0,0.4709,,サービス業,tag,2025-12-31,E04816,2010001034531,S100XTJV
1440,1268,-172,6292,株式会社カワタ,機械,上場,42.66,12.08,6910000.0,5979218,0.8653,242.0,734.0,0.3297,,製造業,tag,2026-03-31,E01694,6120001042354,S100YJHG
1441,1440,-1,6470,大豊工業株式会社,機械,上場,40.4,16.7,6697966.0,5979068,0.8927,1885.0,4089.0,0.461,,製造業,tag,2026-03-31,E02199,7180301018584,S100YF06
1442,809,-633,9763,丸建リース株式会社,卸売業,上場,45.7,17.1,7644927.0,5978314,0.782,231.0,382.0,0.6047,,卸売業・小売業,tag,2026-03-31,E04777,1010401028415,S100YEAG
1443,1453,10,5110,住友ゴム工業株式会社,ゴム製品,上場,40.2,14.4,6678000.0,5978268,0.8952,7675.0,37671.0,0.2037,,製造業,tag,2025-12-31,E01110,6140001008691,S100XT7A
1444,1823,379,9240,株式会社デリバリーコンサルティング,情報・通信業,上場,36.0,4.9,6192000.0,5976425,0.9652,172.0,191.0,0.9005,,情報通信業,tag,2025-07-31,E36711,4010401054152,S100WXTF
1445,1171,-274,2931,株式会社ユーグレナ,食料品,上場,44.0,5.0,7027000.0,5975459,0.8504,171.0,793.0,0.2156,,製造業,tag,2025-12-31,E27054,8010001112570,S100XSL3
1446,1279,-167,4667,アイサンテクノロジー株式会社,情報・通信業,上場,41.0,12.5,6894000.0,5975358,0.8667,162.0,197.0,0.8223,,情報通信業,tag,2026-03-31,E04980,5180001049428,S100YBI7
1447,1693,246,,株式会社西京銀行,銀行業,非上場,37.9,14.0,6372000.0,5974619,0.9376,600.0,605.0,0.9917,,金融業・保険業,textblock,2026-03-31,E03660,8250001008844,S100YCB1
1448,1246,-202,7721,東京計器株式会社,精密機器,上場,43.0,15.2,6934000.0,5974096,0.8616,1420.0,1768.0,0.8032,,製造業,tag,2026-03-31,E02266,3010801008436,S100YMS0
1449,1373,-76,7236,株式会社ティラド,輸送用機器,上場,41.4,18.0,6785945.0,5973919,0.8803,1525.0,4087.0,0.3731,,製造業,tag,2026-03-31,E02155,3011001015719,S100Y8UO
1450,1156,-294,7483,株式会社ドウシシャ,卸売業,上場,42.0,12.0,7061334.0,5973563,0.846,826.0,1237.0,0.6677,,卸売業・小売業,tag,2026-03-31,E02840,8120001039126,S100YGD2
1451,1752,301,4662,株式会社フォーカスシステムズ,情報・通信業,上場,36.39,10.75,6272000.0,5972781,0.9523,1434.0,,,,情報通信業,tag,2026-03-31,E04976,1010701008901,S100YFP2
1452,1240,-212,4554,富士製薬工業株式会社,医薬品,上場,43.1,11.0,6941194.0,5972705,0.8605,969.0,1760.0,0.5506,,製造業,tag,2025-09-30,E00975,5010001084045,S100XAU2
1453,931,-522,4761,株式会社さくらケーシーエス,情報・通信業,上場,44.8,20.9,7447000.0,5972354,0.802,961.0,1056.0,0.91,,情報通信業,tag,2026-03-31,E05090,3140001007886,S100YEEF
1454,1072,-382,7944,ローランド株式会社,その他製品,上場,46.0,19.0,7203000.0,5971225,0.829,891.0,2897.0,0.3076,,製造業,tag,2025-12-31,E01834,6080401010213,S100XNYW
1455,1310,-145,2229,カルビー株式会社,食料品,上場,42.2,12.6,6856000.0,5970276,0.8708,3711.0,6974.0,0.5321,,製造業,tag,2026-03-31,E25303,8010001133757,S100YEHI
1456,1303,-153,4275,株式会社カーリット,化学,上場,42.3,16.0,6864529.0,5969856,0.8697,543.0,1075.0,0.5051,,製造業,tag,2026-03-31,E27624,6010001156165,S100YIGR
1457,1595,138,9418,株式会社Ｕ－ＮＥＸＴ　ＨＯＬＤＩＮＧＳ,情報・通信業,上場,37.8,9.12,6496000.0,5968854,0.9189,274.0,5737.0,0.0478,本社のみ,情報通信業,tag,2025-08-31,E31052,3011001067132,S100X6EF
1458,1558,100,9902,株式会社日伝,卸売業,上場,38.7,13.5,6542000.0,5966181,0.912,928.0,1050.0,0.8838,,卸売業・小売業,tag,2026-03-31,E02745,8120001077522,S100YCBD
1459,1038,-421,8141,新光商事株式会社,卸売業,上場,43.3,15.75,7252000.0,5965731,0.8226,288.0,667.0,0.4318,,卸売業・小売業,tag,2026-03-31,E02664,3010701019351,S100YME7
1460,1257,-203,3863,日本製紙株式会社,パルプ・紙,上場,43.0,21.0,6920699.0,5964405,0.8618,5028.0,15042.0,0.3343,,製造業,tag,2026-03-31,E11873,8011501009422,S100YJ5X
1461,1544,83,9932,杉本商事株式会社,卸売業,上場,38.9,13.5,6567093.0,5961508,0.9078,491.0,592.0,0.8294,,卸売業・小売業,tag,2026-03-31,E02760,9120001044397,S100YBJ3
1462,1325,-137,4216,旭有機材株式会社,化学,上場,42.1,16.1,6833000.0,5959904,0.8722,899.0,1748.0,0.5143,,製造業,tag,2026-03-31,E00830,7350001006608,S100YDDN
1463,1587,124,5621,株式会社ヒューマンテクノロジーズ,情報・通信業,上場,38.0,4.4,6506000.0,5957100,0.9156,323.0,336.0,0.9613,,情報通信業,tag,2026-03-31,E39194,9010001144019,S100YL5B
1464,1451,-13,6351,株式会社鶴見製作所,機械,上場,40.5,14.2,6679000.0,5956884,0.8919,925.0,1635.0,0.5657,,製造業,tag,2026-03-31,E01662,9120001002215,S100YKE5
1465,1491,26,9445,株式会社フォーバルテレコム,情報・通信業,上場,39.1,7.0,6637912.0,5956132,0.8973,102.0,197.0,0.5178,,情報通信業,tag,2026-03-31,E04476,8010001077624,S100YJ9I
1466,1457,-9,4027,テイカ株式会社,化学,上場,40.5,17.0,6674000.0,5952984,0.892,577.0,862.0,0.6694,,製造業,tag,2026-03-31,E00764,7120001027825,S100YHFP
1467,1485,18,3837,アドソル日進株式会社,情報・通信業,上場,39.2,12.4,6645344.0,5952475,0.8957,640.0,645.0,0.9922,,情報通信業,tag,2026-03-31,E05664,8010401052268,S100YFRS
1468,1577,109,4462,石原ケミカル株式会社,化学,上場,38.89,12.44,6522000.0,5952172,0.9126,243.0,292.0,0.8322,,製造業,tag,2026-03-31,E00804,7140001012494,S100YHRO
1469,1165,-304,3878,株式会社巴川コーポレーション,パルプ・紙,上場,44.5,16.3,7037000.0,5950509,0.8456,418.0,1346.0,0.3105,,製造業,tag,2026-03-31,E00650,9010001034871,S100YDU9
1470,1407,-63,7057,株式会社エヌ・シー・エヌ,サービス業,上場,40.5,8.8,6733972.0,5949367,0.8835,100.0,144.0,0.6944,,サービス業,tag,2026-03-31,E34716,6200001017075,S100YCPU
1471,1107,-364,6787,株式会社メイコー,電気機器,上場,45.58,15.37,7131677.0,5948603,0.8341,565.0,14332.0,0.0394,本社のみ,製造業,tag,2026-03-31,E02056,3021001027639,S100YIE8
1472,1380,-92,4361,川口化学工業株式会社,化学,上場,41.7,15.8,6780000.0,5948044,0.8773,155.0,160.0,0.9688,,製造業,tag,2025-11-30,E01006,5010001008672,S100XLSD
1473,910,-563,3156,株式会社レスター,卸売業,上場,44.98,13.15,7481686.0,5946205,0.7948,1234.0,4637.0,0.2661,,卸売業・小売業,tag,2026-03-31,E23245,7010701022780,S100YJ4V
1474,1422,-52,6339,新東工業株式会社,機械,上場,41.0,16.6,6712000.0,5946143,0.8859,1662.0,4760.0,0.3492,,製造業,tag,2026-03-31,E01541,5180001030627,S100YE4V
1475,1612,137,4783,ＮＣＤ株式会社,情報・通信業,上場,37.9,10.6,6477000.0,5943178,0.9176,836.0,1529.0,0.5468,,情報通信業,tag,2026-03-31,E05120,2010701007869,S100YEMH
1476,1545,69,3928,株式会社マイネット,情報・通信業,上場,38.7,6.9,6566976.0,5938131,0.9042,227.0,262.0,0.8664,,情報通信業,tag,2025-12-31,E31991,7010001100444,S100XRSE
1477,1037,-440,6822,大井電気株式会社,電気機器,上場,47.1,20.8,7252701.0,5937896,0.8187,407.0,944.0,0.4311,,製造業,tag,2026-03-31,E01859,2020001019746,S100YI6A
1478,1062,-416,8227,株式会社しまむら,小売業,上場,43.4,17.0,7224000.0,5936616,0.8218,2914.0,3393.0,0.8588,,卸売業・小売業,tag,2026-02-20,E03137,6030001004272,S100Y2PP
1479,1063,-416,7943,ニチハ株式会社,ガラス・土石製品,上場,46.8,17.6,7222000.0,5935530,0.8219,1324.0,2902.0,0.4562,,製造業,tag,2026-03-31,E02415,4180001007155,S100YH8A
1480,1180,-300,6136,オーエスジー株式会社,機械,上場,44.5,19.7,7015490.0,5935420,0.846,1854.0,7563.0,0.2451,,製造業,tag,2025-11-30,E01377,1180301010019,S100XM3S
1481,1653,172,3134,Ｈａｍｅｅ株式会社,小売業,上場,38.1,7.6,6413000.0,5935368,0.9255,176.0,368.0,0.4783,,卸売業・小売業,tag,2026-04-30,E31386,9021001033474,S100YS4J
1482,1261,-221,6444,サンデン株式会社,機械,上場,43.4,17.1,6916354.0,5935095,0.8581,963.0,4791.0,0.201,,製造業,tag,2025-12-31,E01913,5070001013386,S100XUJB
1483,1096,-387,7238,曙ブレーキ工業株式会社,輸送用機器,上場,46.0,20.8,7147943.0,5933987,0.8302,745.0,5096.0,0.1462,,製造業,tag,2026-03-31,E02161,8010001034724,S100YHCS
1484,1442,-42,6445,株式会社ジャノメ,機械,上場,41.0,14.3,6694033.0,5932327,0.8862,409.0,2424.0,0.1687,,製造業,tag,2026-03-31,E01595,7010101008876,S100YCOS
1485,1586,101,2814,佐藤食品工業株式会社,食料品,上場,39.0,16.3,6507000.0,5931542,0.9116,168.0,,,,製造業,tag,2026-03-31,E00484,5180001075845,S100YGVL
1486,1609,123,6267,ゼネラルパッカー株式会社,機械,上場,38.7,13.0,6479094.0,5931538,0.9155,175.0,215.0,0.814,,製造業,tag,2025-07-31,E02469,6180001045896,S100WWCW
1487,1681,194,,日本貨物鉄道株式会社,陸運業,非上場,38.8,17.7,6384009.0,5930821,0.929,5147.0,7586.0,0.6785,,運輸業,textblock,2026-03-31,E08587,7011001068366,S100YLOZ
1488,676,-812,8233,株式会社髙島屋,小売業,上場,49.3,25.3,7920000.0,5927781,0.7485,3463.0,6518.0,0.5313,,卸売業・小売業,tag,2026-02-28,E03013,5120001077467,S100Y4X5
1489,1323,-166,6516,山洋電気株式会社,電気機器,上場,42.6,16.4,6834000.0,5927298,0.8673,1169.0,3599.0,0.3248,,製造業,tag,2026-03-31,E01806,1013301004808,S100YCEQ
1490,1443,-47,3193,株式会社エターナルホスピタリティグループ,小売業,上場,40.0,9.9,6692000.0,5927198,0.8857,115.0,1030.0,0.1117,,卸売業・小売業,tag,2025-07-31,E30699,9120001011711,S100WWX8
1491,1335,-156,5356,美濃窯業株式会社,ガラス・土石製品,上場,42.5,16.7,6824000.0,5926517,0.8685,279.0,346.0,0.8064,,製造業,tag,2026-03-31,E01180,5200001021920,S100YG4G
1492,1235,-257,7727,株式会社オーバル,精密機器,上場,43.9,16.6,6949000.0,5926403,0.8528,399.0,678.0,0.5885,,製造業,tag,2026-03-31,E02270,4011101003936,S100YDYH
1493,1751,258,6543,株式会社日宣,サービス業,上場,37.8,7.7,6273000.0,5924580,0.9445,126.0,134.0,0.9403,,サービス業,tag,2026-02-28,E32951,8010001071429,S100Y6L2
1494,1298,-196,2593,株式会社伊藤園,食料品,上場,43.1,19.0,6874812.0,5924462,0.8618,4879.0,7945.0,0.6141,,製造業,tag,2026-04-30,E00414,3011001002279,S100YRK7
1495,1610,115,2915,ケンコーマヨネーズ株式会社,食料品,上場,38.8,13.8,6479000.0,5923836,0.9143,604.0,964.0,0.6266,,製造業,tag,2026-03-31,E00493,6140001003305,S100YDV4
1496,1591,95,4429,リックソフト株式会社,情報・通信業,上場,38.3,5.0,6501000.0,5923591,0.9112,125.0,136.0,0.9191,,情報通信業,tag,2026-02-28,E34633,1010001124218,S100Y6L5
1497,1460,-37,8079,正栄食品工業株式会社,卸売業,上場,39.9,13.1,6669343.0,5921408,0.8879,362.0,1483.0,0.2441,,卸売業・小売業,tag,2025-10-31,E02681,5010001139914,S100XHU7
1498,1152,-346,6798,ＳＭＫ株式会社,電気機器,上場,45.3,19.1,7065919.0,5920738,0.8379,530.0,3626.0,0.1462,,製造業,tag,2026-03-31,E01805,5010701001431,S100YFRH
1499,1254,-245,6357,三精テクノロジーズ株式会社,機械,上場,43.7,16.1,6922000.0,5919875,0.8552,332.0,1405.0,0.2363,,製造業,tag,2026-03-31,E01632,3120901006634,S100YE8X
1500,2511,1011,2317,株式会社システナ,情報・通信業,上場,31.2,6.3,5194782.0,5919305,1.1395,3856.0,5301.0,0.7274,,情報通信業,tag,2026-03-31,E05283,6010401088867,S100YFPF
1501,1628,127,3775,株式会社ガイアックス,情報・通信業,上場,38.0,7.1,6459000.0,5918525,0.9163,101.0,124.0,0.8145,,情報通信業,tag,2025-12-31,E05497,1010701022159,S100XUBY
1502,1424,-78,7245,大同メタル工業株式会社,輸送用機器,上場,41.4,16.9,6712000.0,5917691,0.8817,1374.0,7267.0,0.1891,,製造業,tag,2026-03-31,E02175,1180001012595,S100YFV2
1503,1508,5,2923,サトウ食品株式会社,食料品,上場,40.4,13.0,6618407.0,5916835,0.894,586.0,717.0,0.8173,,製造業,tag,2026-04-30,E00510,8110001002068,S100YR44
1504,1410,-94,6932,株式会社遠藤照明,電気機器,上場,41.6,12.8,6729000.0,5916557,0.8793,508.0,1648.0,0.3083,,製造業,tag,2026-03-31,E01986,3120001041581,S100YH7Z
1505,1289,-216,8713,フィデアホールディングス株式会社,銀行業,上場,46.25,22.25,6886000.0,5915432,0.8591,211.0,1376.0,0.1533,,金融業・保険業,tag,2026-03-31,E23187,4370001018694,S100YEQ9
1506,1178,-328,6140,旭ダイヤモンド工業株式会社,機械,上場,44.9,20.97,7019000.0,5912930,0.8424,1016.0,2040.0,0.498,,製造業,tag,2026-03-31,E01499,4010001008954,S100YJMM
1507,1419,-88,6307,サンセイ株式会社,機械,上場,41.5,13.9,6714369.0,5912474,0.8806,190.0,228.0,0.8333,,製造業,tag,2026-03-31,E01704,3120001055482,S100YJ78
1508,1464,-44,9044,株式会社ＮＡＮＫＡＩ,陸運業,上場,45.2,22.6,6665128.0,5912387,0.8871,3000.0,9408.0,0.3189,,運輸業,tag,2026-03-31,E04106,6120001077499,S100YBA0
1509,1454,-55,6387,サムコ　株式会社,機械,上場,41.1,13.1,6675421.0,5910921,0.8855,191.0,,,,製造業,tag,2025-07-31,E02060,4130001014511,S100WVTP
1510,1924,414,9722,藤田観光株式会社,サービス業,上場,36.2,11.6,6042000.0,5909962,0.9781,1178.0,1638.0,0.7192,,サービス業,tag,2025-12-31,E04560,6010001100247,S100XS71
1511,1497,-14,,東京臨海高速鉄道株式会社,陸運業,非上場,42.4,8.2,6635000.0,5909374,0.8906,308.0,,,,運輸業,textblock,2026-03-31,E04145,3010601023924,S100YKF7
1512,2195,683,3963,株式会社シンクロ・フード,情報・通信業,上場,33.7,5.16,5642000.0,5907133,1.047,202.0,258.0,0.7829,,情報通信業,tag,2026-03-31,E32647,9011001044563,S100YGE7
1513,2275,762,3679,株式会社じげん,情報・通信業,上場,33.2,4.0,5540000.0,5907106,1.0663,226.0,1350.0,0.1674,,情報通信業,tag,2026-03-31,E30047,2010401098688,S100YERG
1514,2291,777,7378,株式会社アシロ,サービス業,上場,30.1,2.5,5518000.0,5906242,1.0704,115.0,127.0,0.9055,,サービス業,tag,2025-10-31,E34994,9011101076787,S100XHO2
1515,1503,-12,8522,株式会社　名古屋銀行,銀行業,上場,41.0,17.0,6629000.0,5906163,0.891,1687.0,1926.0,0.8759,,金融業・保険業,tag,2026-03-31,E03652,8180001036398,S100YCZ0
1516,1391,-125,6338,株式会社タカトリ,機械,上場,42.0,15.0,6751685.0,5905865,0.8747,198.0,201.0,0.9851,,製造業,tag,2025-09-30,E01715,2150001010683,S100XBFK
1517,929,-588,7505,扶桑電通株式会社,卸売業,上場,45.2,20.7,7449000.0,5904619,0.7927,1005.0,,,,卸売業・小売業,tag,2025-09-30,E03264,6010001055706,S100XAQS
1518,1344,-174,9896,ＪＫホールディングス株式会社,卸売業,上場,41.0,14.0,6812349.0,5903865,0.8666,169.0,3438.0,0.0492,本社のみ,卸売業・小売業,tag,2026-03-31,E02732,4010601027156,S100YJ4A
1519,1685,166,3773,株式会社アドバンスト・メディア,情報・通信業,上場,37.5,7.49,6379000.0,5901437,0.9251,253.0,286.0,0.8846,,情報通信業,tag,2026-03-31,E05496,5013301017946,S100YGKZ
1520,2257,737,7370,株式会社Ｅｎｊｉｎ,サービス業,上場,30.6,3.9,5565000.0,5900002,1.0602,126.0,149.0,0.8456,,サービス業,tag,2026-05-31,E36638,4120001145497,S100YXYC
1521,1471,-50,9380,東海運株式会社,倉庫・運輸関連,上場,47.2,13.7,6661376.0,5898765,0.8855,572.0,753.0,0.7596,,運輸業,tag,2026-03-31,E04329,4010001035123,S100YHD3
1522,1283,-239,6151,日東工器株式会社,機械,上場,43.7,16.3,6890000.0,5896972,0.8559,471.0,1032.0,0.4564,,製造業,tag,2026-03-31,E01509,3010801009129,S100YFFT
1523,947,-576,8046,丸藤シートパイル株式会社,卸売業,上場,45.1,18.1,7418000.0,5894685,0.7946,393.0,506.0,0.7767,,卸売業・小売業,tag,2026-03-31,E02616,2010001034944,S100YF98
1524,1801,277,1766,東建コーポレーション株式会社,建設業,上場,39.7,6.8,6220000.0,5894556,0.9477,5718.0,6231.0,0.9177,,建設業,tag,2026-04-30,E00281,1180001054828,S100YS6C
1525,1338,-187,6652,ＩＤＥＣ株式会社,電気機器,上場,42.9,14.2,6816000.0,5894551,0.8648,530.0,3006.0,0.1763,,製造業,tag,2026-03-31,E01951,6120001053789,S100YEDS
1526,1865,339,3930,株式会社はてな,情報・通信業,上場,36.1,4.8,6123369.0,5893958,0.9625,217.0,,,,情報通信業,tag,2025-07-31,E32141,1013201014709,S100WX9N
1527,1670,143,8399,株式会社琉球銀行,銀行業,上場,39.0,15.0,6395000.0,5891902,0.9213,1407.0,1802.0,0.7808,,金融業・保険業,tag,2026-03-31,E03602,6360001000404,S100YCM2
1528,2101,573,6069,トレンダーズ株式会社,サービス業,上場,33.3,5.5,5786000.0,5891865,1.0183,204.0,277.0,0.7365,,サービス業,tag,2026-03-31,E26933,7011001034194,S100YNGH
1529,1886,357,6191,株式会社エアトリ,サービス業,上場,36.9,4.0,6097000.0,5889473,0.966,174.0,439.0,0.3964,,サービス業,tag,2025-09-30,E32194,6010401072978,S100XCN2
1530,1291,-239,8153,株式会社モスフードサービス,卸売業,上場,41.6,14.3,6881086.0,5888309,0.8557,505.0,1323.0,0.3817,,卸売業・小売業,tag,2026-03-31,E02675,5010701019713,S100YE7I
1531,1619,88,9312,ケイヒン株式会社,倉庫・運輸関連,上場,40.4,15.3,6468000.0,5887990,0.9103,302.0,917.0,0.3293,,運輸業,tag,2026-03-31,E04293,4010401009239,S100YHI4
1532,1296,-236,4040,南海化学株式会社,化学,上場,43.7,8.2,6876000.0,5886952,0.8562,263.0,319.0,0.8245,,製造業,tag,2026-03-31,E38504,1120001046120,S100YI8M
1533,982,-551,8214,株式会社ＡＯＫＩホールディングス,小売業,上場,44.8,7.8,7359000.0,5885996,0.7998,127.0,3226.0,0.0394,本社のみ,卸売業・小売業,tag,2026-03-31,E03116,5020001091635,S100YFPQ
1534,1382,-152,250A,シマダヤ株式会社,食料品,上場,42.5,17.9,6769000.0,5885921,0.8695,298.0,832.0,0.3582,,製造業,tag,2026-03-31,E00467,3011001010678,S100YCRS
1535,1222,-313,5331,ノリタケ株式会社,ガラス・土石製品,上場,44.8,21.3,6971000.0,5885698,0.8443,1722.0,4901.0,0.3514,,製造業,tag,2026-03-31,E01139,4180001026725,S100Y4PM
1536,1604,68,9306,東陽倉庫株式会社,倉庫・運輸関連,上場,40.64,16.19,6485000.0,5885396,0.9075,285.0,721.0,0.3953,,運輸業,tag,2026-03-31,E04287,5180001031666,S100Y9SP
1537,1347,-190,7545,株式会社西松屋チェーン,小売業,上場,41.16,14.83,6809784.0,5884307,0.8641,729.0,733.0,0.9945,,卸売業・小売業,tag,2026-02-20,E03287,6140001060486,S100Y3CW
1538,1850,312,3921,株式会社ネオジャパン,情報・通信業,上場,36.3,9.0,6154000.0,5883982,0.9561,163.0,322.0,0.5062,,情報通信業,tag,2026-01-31,E31902,6020001009165,S100Y0W0
1539,1306,-233,,株式会社　ミツトヨ,精密機器,非上場,43.6,17.0,6859381.0,5881342,0.8574,3268.0,5862.0,0.5575,,製造業,textblock,2025-12-31,E02300,7020001067105,S100XUWK
1540,1514,-26,9048,名古屋鉄道株式会社,陸運業,上場,44.4,23.3,6614236.0,5879578,0.8889,5096.0,30637.0,0.1663,,運輸業,tag,2026-03-31,E04101,8180001031837,S100YHOL
1541,1277,-264,5262,日本ヒューム株式会社,ガラス・土石製品,上場,44.07,16.08,6895031.0,5877359,0.8524,458.0,701.0,0.6534,,製造業,tag,2026-03-31,E01157,6010401023196,S100YL8F
1542,1488,-54,6340,澁谷工業株式会社,機械,上場,41.2,18.1,6640574.0,5877220,0.885,2087.0,3340.0,0.6249,,製造業,tag,2025-06-30,E01666,7220001003337,S100WQN6
1543,1654,111,7906,ヨネックス株式会社,その他製品,上場,38.7,13.3,6412452.0,5876735,0.9165,1467.0,2980.0,0.4923,,製造業,tag,2026-03-31,E02427,4010001008228,S100YCTQ
1544,2713,1169,7047,ポート株式会社,情報・通信業,上場,28.9,3.1,4837000.0,5873815,1.2144,754.0,1032.0,0.7306,,情報通信業,tag,2026-03-31,E34537,8011001069074,S100YDYD
1545,1567,22,6498,株式会社キッツ,機械,上場,40.1,14.0,6534525.0,5872538,0.8987,1510.0,5469.0,0.2761,,製造業,tag,2025-12-31,E01660,2040001001644,S100XS6X
1546,2203,657,4480,株式会社メドレー,情報・通信業,上場,33.8,3.6,5629000.0,5872295,1.0432,1511.0,1815.0,0.8325,,情報通信業,tag,2025-12-31,E33586,4010401082351,S100XUX3
1547,1499,-48,9347,日本管財ホールディングス株式会社,サービス業,上場,40.5,9.9,6632685.0,5870048,0.885,124.0,8660.0,0.0143,本社のみ,サービス業,tag,2026-03-31,E37788,6140001129629,S100YHX4
1548,1266,-282,6345,株式会社アイチコーポレーション,機械,上場,44.4,19.9,6912000.0,5868948,0.8491,940.0,1012.0,0.9289,,製造業,tag,2026-03-31,E01657,1030001042723,S100YBY2
1549,1334,-215,5981,東京製綱株式会社,金属製品,上場,43.4,15.5,6824297.0,5868704,0.86,537.0,1430.0,0.3755,,製造業,tag,2026-03-31,E01378,7010001034997,S100YJJW
1550,1356,-194,5186,ニッタ株式会社,ゴム製品,上場,43.2,17.8,6803000.0,5865931,0.8623,1104.0,2993.0,0.3689,,製造業,tag,2026-03-31,E01111,4120001039435,S100YGN5
1551,1592,41,3936,株式会社グローバルウェイ,情報・通信業,上場,38.9,4.4,6498000.0,5864424,0.9025,120.0,153.0,0.7843,,情報通信業,tag,2026-03-31,E32225,7010401055461,S100YIGW
1552,1914,362,1491,中外鉱業株式会社,非鉄金属,上場,36.0,8.0,6053518.0,5863985,0.9687,150.0,163.0,0.9202,,製造業,tag,2026-03-31,E00027,7010001008720,S100YKQY
1553,1856,303,8798,株式会社アドバンスクリエイト,保険業,上場,37.0,7.0,6147000.0,5862873,0.9538,228.0,229.0,0.9956,,金融業・保険業,tag,2025-09-30,E05280,9120001073842,S100XB5U
1554,1242,-312,4992,北興化学工業株式会社,化学,上場,44.8,18.5,6937985.0,5862708,0.845,629.0,742.0,0.8477,,製造業,tag,2025-11-30,E01001,5010001034909,S100XMF0
1555,1494,-61,1826,佐田建設株式会社,建設業,上場,45.1,21.5,6636000.0,5862283,0.8834,385.0,463.0,0.8315,,建設業,tag,2026-03-31,E00121,9070001001420,S100YILD
1556,1875,319,3678,株式会社メディアドゥ,情報・通信業,上場,36.2,6.4,6109000.0,5861998,0.9596,253.0,507.0,0.499,,情報通信業,tag,2026-02-28,E30002,2180001047905,S100Y71R
1557,1529,-28,9682,株式会社ＤＴＳ,情報・通信業,上場,39.7,15.1,6587000.0,5861147,0.8898,3199.0,6135.0,0.5214,,情報通信業,tag,2026-03-31,E04861,9010401018458,S100YCT4
1558,1665,107,135A,株式会社ＶＲＡＩＮ　Ｓｏｌｕｔｉｏｎ,情報・通信業,上場,38.1,1.0,6400000.0,5860549,0.9157,138.0,,,,情報通信業,tag,2026-02-28,E39382,3010001208381,S100Y2CG
1559,1247,-312,5210,日本山村硝子株式会社,ガラス・土石製品,上場,44.8,21.2,6931805.0,5858405,0.8451,773.0,1884.0,0.4103,,製造業,tag,2026-03-31,E01126,1140001054947,S100YHIJ
1560,1700,140,9322,川西倉庫株式会社,倉庫・運輸関連,上場,39.5,15.4,6355624.0,5858227,0.9217,398.0,743.0,0.5357,,運輸業,tag,2026-03-31,E04317,9140001012831,S100YF5T
1561,1421,-140,8614,東洋証券株式会社,証券、商品先物取引業,上場,43.3,17.7,6713000.0,5857358,0.8725,620.0,632.0,0.981,,金融業・保険業,tag,2026-03-31,E03768,7010001051893,S100YH08
1562,983,-579,9956,株式会社バローホールディングス,小売業,上場,45.1,13.1,7357000.0,5856438,0.796,192.0,11227.0,0.0171,本社のみ,卸売業・小売業,tag,2026-03-31,E03207,5200001023784,S100YHUD
1563,1495,-68,7463,株式会社アドヴァン,卸売業,上場,40.24,13.54,6635323.0,5856044,0.8826,114.0,217.0,0.5253,,卸売業・小売業,tag,2026-03-31,E02826,2011001001075,S100YM3U
1564,1088,-476,5013,株式会社ユシロ,石油・石炭製品,上場,47.5,17.9,7164000.0,5856035,0.8174,362.0,862.0,0.42,,製造業,tag,2026-03-31,E01080,2010801012307,S100YEVT
1565,2074,509,331A,株式会社メディックス,サービス業,上場,34.6,8.1,5831000.0,5855757,1.0042,268.0,343.0,0.7813,,サービス業,tag,2026-03-31,E40420,7010001030732,S100YHLO
1566,1369,-197,6376,日機装株式会社,精密機器,上場,43.2,12.7,6788035.0,5855083,0.8626,2104.0,8120.0,0.2591,,製造業,tag,2025-12-31,E01591,7011001017109,S100XU3R
1567,1941,374,3967,株式会社エルテス,情報・通信業,上場,35.8,4.3,6019000.0,5854821,0.9727,126.0,504.0,0.25,,情報通信業,tag,2026-02-28,E32750,4010401099544,S100Y6AI
1568,2465,897,4261,アジアクエスト株式会社,情報・通信業,上場,32.1,3.6,5268000.0,5854146,1.1113,446.0,565.0,0.7894,,情報通信業,tag,2025-12-31,E37131,2010901030183,S100XVLI
1569,1234,-335,5949,ユニプレス株式会社,輸送用機器,上場,45.1,21.2,6949000.0,5852251,0.8422,1759.0,6916.0,0.2543,,製造業,tag,2026-03-31,E02194,7020001045218,S100YCON
1570,2030,460,4378,株式会社ＣＩＮＣ,情報・通信業,上場,35.3,3.3,5911000.0,5849567,0.9896,105.0,114.0,0.9211,,情報通信業,tag,2025-10-31,E36989,9011101069568,S100XHNB
1571,829,-742,8179,ロイヤルホールディングス株式会社,小売業,上場,46.9,5.6,7612000.0,5848965,0.7684,106.0,2383.0,0.0445,本社のみ,卸売業・小売業,tag,2025-12-31,E04783,2290001017525,S100XSL6
1572,1504,-68,1795,株式会社マサル,建設業,上場,45.2,12.1,6627859.0,5847789,0.8823,137.0,171.0,0.8012,,建設業,tag,2025-09-30,E00254,7010601006280,S100XCIB
1573,1584,11,5122,オカモト株式会社,ゴム製品,上場,40.2,16.1,6510000.0,5846096,0.898,1134.0,2593.0,0.4373,,製造業,tag,2026-03-31,E01100,5010001000002,S100YHXH
1574,1625,51,3553,共和レザー株式会社,化学,上場,39.7,15.7,6465000.0,5846045,0.9043,708.0,1393.0,0.5083,,製造業,tag,2026-03-31,E00994,9080401001465,S100YDOG
1575,1431,-144,6890,株式会社フェローテック,電気機器,上場,42.4,10.4,6705000.0,5845067,0.8717,519.0,16858.0,0.0308,本社のみ,製造業,tag,2026-03-31,E02024,1010001075980,S100YJVG
1576,1735,159,8125,株式会社ワキタ,卸売業,上場,38.0,10.0,6290064.0,5843927,0.9291,633.0,2160.0,0.2931,,卸売業・小売業,tag,2026-02-28,E02618,5120001048550,S100Y60M
1577,1274,-303,5351,品川リフラ株式会社,ガラス・土石製品,上場,44.7,17.3,6897613.0,5840609,0.8468,1301.0,9089.0,0.1431,,製造業,tag,2026-03-31,E01146,9010001008685,S100YFV6
1578,1319,-259,7970,信越ポリマー株式会社,化学,上場,44.1,19.4,6844000.0,5839337,0.8532,1034.0,4123.0,0.2508,,製造業,tag,2026-03-31,E02388,4010001034802,S100YE3Y
1579,1513,-66,6976,太陽誘電株式会社,電気機器,上場,41.5,16.4,6616000.0,5837882,0.8824,2803.0,20604.0,0.136,,製造業,tag,2026-03-31,E01824,3010501016202,S100YHU5
1580,1326,-254,6743,大同信号株式会社,電気機器,上場,44.0,18.9,6833000.0,5837655,0.8543,530.0,917.0,0.578,,製造業,tag,2026-03-31,E01816,3010801006704,S100YEMV
1581,1517,-64,6923,スタンレー電気株式会社,電気機器,上場,41.4,15.5,6605000.0,5836329,0.8836,4021.0,18230.0,0.2206,,製造業,tag,2026-03-31,E01880,2013201003041,S100YERJ
1582,1669,87,7673,ダイコー通産株式会社,卸売業,上場,38.8,13.0,6398000.0,5836001,0.9122,142.0,,,,卸売業・小売業,tag,2025-05-31,E34644,6500001002468,S100WM3R
1583,1109,-474,6946,日本アビオニクス株式会社,電気機器,上場,47.4,16.3,7124000.0,5835672,0.8192,667.0,763.0,0.8742,,製造業,tag,2026-03-31,E01968,5010701017733,S100YDXW
1584,1607,23,2481,株式会社タウンニュース社,サービス業,上場,39.8,13.8,6480349.0,5835140,0.9004,191.0,,,,サービス業,tag,2025-06-30,E05576,4021001022663,S100WPVC
1585,2294,709,2410,株式会社キャリアデザインセンター,サービス業,上場,30.7,5.9,5514000.0,5834854,1.0582,768.0,,,,サービス業,tag,2025-09-30,E05419,8010401008039,S100XBEJ
1586,1920,334,4169,ＥＮＥＣＨＡＮＧＥ株式会社,サービス業,上場,37.0,2.7,6046771.0,5832788,0.9646,191.0,191.0,1.0,,サービス業,tag,2026-03-31,E36130,6010601047805,S100YGHR
1587,2218,631,9253,スローガン株式会社,サービス業,上場,31.6,4.0,5605786.0,5832505,1.0404,107.0,107.0,1.0,,サービス業,tag,2026-02-28,E37006,1010001096077,S100Y4UP
1588,2292,704,9560,株式会社プログリット,サービス業,上場,30.8,2.8,5517000.0,5826986,1.0562,238.0,,,,サービス業,tag,2025-08-31,E37936,4010001178269,S100X76V
1589,1467,-122,8585,株式会社オリエントコーポレーション,その他金融業,上場,43.1,17.3,6663653.0,5825403,0.8742,3866.0,6411.0,0.603,,金融業・保険業,tag,2026-03-31,E04775,9010001070784,S100YCKH
1590,1636,46,8395,株式会社佐賀銀行,銀行業,上場,40.2,17.8,6439000.0,5823929,0.9045,1129.0,1286.0,0.8779,,金融業・保険業,tag,2026-03-31,E03599,9300001000183,S100YH10
1591,1548,-43,2003,日東富士製粉株式会社,食料品,上場,41.1,16.0,6561419.0,5823502,0.8875,406.0,799.0,0.5081,,製造業,tag,2026-03-31,E00347,3010001034893,S100YK99
1592,1486,-106,2551,マルサンアイ株式会社,食料品,上場,42.0,17.4,6641467.0,5823435,0.8768,330.0,439.0,0.7517,,製造業,tag,2025-09-20,E00422,9180301001869,S100X978
1593,1123,-470,7488,株式会社ヤガミ,卸売業,上場,43.8,17.1,7112930.0,5823029,0.8187,139.0,229.0,0.607,,卸売業・小売業,tag,2026-04-20,E02843,4180001041518,S100YP3N
1594,1659,65,6994,株式会社指月電機製作所,電気機器,上場,39.4,12.2,6407907.0,5821778,0.9085,275.0,1166.0,0.2358,,製造業,tag,2026-03-31,E01899,9140001069021,S100YKEP
1595,1675,80,2436,共同ピーアール株式会社,サービス業,上場,39.3,9.0,6386535.0,5821210,0.9115,221.0,377.0,0.5862,,サービス業,tag,2025-12-31,E05477,4010001041427,S100XUFT
1596,1414,-182,5010,日本精蝋株式会社,石油・石炭製品,上場,43.0,18.0,6724000.0,5821086,0.8657,222.0,272.0,0.8162,,製造業,tag,2025-12-31,E01005,4010001034983,S100XTUB
1597,1364,-233,,千寿製薬株式会社,医薬品,非上場,43.82,15.13,6794000.0,5820906,0.8568,1033.0,1080.0,0.9565,,製造業,textblock,2026-03-31,E00965,7120001082721,S100YKML
1598,1704,106,,四国ガス株式会社,電気・ガス業,非上場,42.8,19.5,6352000.0,5820839,0.9164,459.0,768.0,0.5977,,電気・ガス業,textblock,2026-03-31,E04522,4500001011652,S100YFG1
1599,1492,-107,6018,阪神内燃機工業株式会社,輸送用機器,上場,42.0,19.0,6637704.0,5820621,0.8769,302.0,,,,製造業,tag,2026-03-31,E01471,1140001010149,S100YJVP
1600,1722,122,7780,株式会社メニコン,精密機器,上場,38.37,12.0,6314000.0,5819901,0.9217,1946.0,4493.0,0.4331,,製造業,tag,2026-03-31,E31560,7180001017589,S100YIHS
1601,1541,-60,4628,エスケー化研株式会社,化学,上場,41.3,14.5,6569000.0,5815704,0.8853,1719.0,2404.0,0.7151,,製造業,tag,2026-03-31,E00916,5120901000305,S100YJ5K
1602,1516,-86,9438,株式会社エムティーアイ,情報・通信業,上場,40.4,9.1,6607415.0,5815362,0.8801,769.0,1236.0,0.6222,,情報通信業,tag,2025-09-30,E05049,6011101023123,S100XBLK
1603,1255,-348,7254,株式会社ユニバンス,輸送用機器,上場,45.4,21.4,6921000.0,5815173,0.8402,817.0,1512.0,0.5403,,製造業,tag,2026-03-31,E02183,2080401006066,S100YFXP
1604,1416,-188,5967,ＴＯＮＥ株式会社,金属製品,上場,43.1,18.0,6721751.0,5813225,0.8648,111.0,160.0,0.6937,,製造業,tag,2025-05-31,E01380,9120001013625,S100WLV7
1605,1771,166,2928,ＲＩＺＡＰグループ株式会社,小売業,上場,38.0,6.5,6252000.0,5811608,0.9296,157.0,4204.0,0.0373,本社のみ,卸売業・小売業,tag,2026-03-31,E00518,2011201012987,S100YF9Y
1606,1329,-277,5363,東京窯業株式会社,ガラス・土石製品,上場,44.4,17.0,6830000.0,5811280,0.8508,400.0,927.0,0.4315,,製造業,tag,2026-03-31,E01149,2010001023781,S100YI3M
1607,1345,-262,5355,日本坩堝株式会社,ガラス・土石製品,上場,44.2,15.2,6811155.0,5810023,0.853,183.0,259.0,0.7066,,製造業,tag,2026-03-31,E01131,9011001018113,S100YINX
1608,2122,514,2471,株式会社エスプール,サービス業,上場,34.0,4.0,5748000.0,5809402,1.0107,168.0,1147.0,0.1465,,サービス業,tag,2025-11-30,E05555,8010001072939,S100XN00
1609,1808,199,3903,株式会社ｇｕｍｉ,情報・通信業,上場,37.0,6.0,6212000.0,5809301,0.9352,279.0,337.0,0.8279,,情報通信業,tag,2026-04-30,E31060,8011101056625,S100YSP4
1610,1271,-339,7532,株式会社パン・パシフィック・インターナショナルホールディングス,小売業,上場,42.5,16.2,6901515.0,5808719,0.8417,3580.0,17075.0,0.2097,,卸売業・小売業,tag,2025-06-30,E03280,7013201016303,S100WR05
1611,1596,-15,3698,株式会社ＣＲＩ・ミドルウェア,情報・通信業,上場,39.5,7.1,6496000.0,5808680,0.8942,153.0,173.0,0.8844,,情報通信業,tag,2025-09-30,E30996,6011001062642,S100XAH0
1612,1650,38,6855,日本電子材料株式会社,電気機器,上場,39.7,12.6,6417000.0,5807728,0.9051,842.0,1234.0,0.6823,,製造業,tag,2026-03-31,E02043,1140001050335,S100YHWG
1613,1637,24,8769,株式会社アドバンテッジリスクマネジメント,保険業,上場,40.4,6.5,6439000.0,5807347,0.9019,450.0,535.0,0.8411,,金融業・保険業,tag,2026-03-31,E05648,8013201007846,S100YKPM
1614,1402,-212,4624,イサム塗料株式会社,化学,上場,43.4,17.2,6737000.0,5805747,0.8618,206.0,213.0,0.9671,,製造業,tag,2026-03-31,E00910,8120001034242,S100YJCY
1615,1664,49,9692,株式会社シーイーシー,情報・通信業,上場,38.7,12.7,6400000.0,5804777,0.907,1659.0,2401.0,0.691,,情報通信業,tag,2026-01-31,E04853,9021001026338,S100XZVZ
1616,1264,-352,6996,ニチコン株式会社,電気機器,上場,45.5,8.9,6913636.0,5804281,0.8395,623.0,4982.0,0.1251,,製造業,tag,2026-03-31,E01904,2130001022029,S100YLMG
1617,1441,-176,7276,株式会社小糸製作所,電気機器,上場,43.0,20.0,6695431.0,5800270,0.8663,4247.0,21507.0,0.1975,,製造業,tag,2026-03-31,E02140,1010401009745,S100YHHQ
1618,1461,-157,8253,株式会社クレディセゾン,その他金融業,上場,44.4,15.4,6668835.0,5799776,0.8697,3446.0,6346.0,0.543,,金融業・保険業,tag,2026-03-31,E03041,2013301002884,S100YCDE
1619,1562,-57,4825,株式会社ウェザーニューズ,情報・通信業,上場,40.0,12.6,6540000.0,5798834,0.8867,978.0,1105.0,0.8851,,情報通信業,tag,2026-05-31,E05162,6010401003504,S100YXMM
1620,1640,20,6998,日本タングステン株式会社,電気機器,上場,40.0,16.4,6432167.0,5798729,0.9015,413.0,493.0,0.8377,,製造業,tag,2026-03-31,E01907,7290001015268,S100YIQP
1621,1631,10,3352,株式会社バッファロー,小売業,上場,39.5,12.0,6453000.0,5798382,0.8986,261.0,336.0,0.7768,,卸売業・小売業,tag,2026-03-31,E03447,1030001076804,S100YDDM
1622,2288,666,2130,株式会社メンバーズ,サービス業,上場,31.1,4.2,5520000.0,5797258,1.0502,2836.0,2866.0,0.9895,,サービス業,tag,2026-03-31,E05153,7010701022764,S100YDZP
1623,1365,-258,4531,有機合成薬品工業株式会社,医薬品,上場,44.2,17.3,6793000.0,5797191,0.8534,296.0,,,,製造業,tag,2026-03-31,E00848,9010001059621,S100YHPD
1624,1590,-34,8848,株式会社レオパレス２１,不動産業,上場,41.0,13.0,6501618.0,5796569,0.8916,2952.0,4150.0,0.7113,,不動産業,tag,2026-03-31,E03943,3011201000900,S100YEPX
1625,1578,-47,9031,西日本鉄道株式会社,陸運業,上場,46.3,18.0,6519510.0,5795261,0.8889,5009.0,19505.0,0.2568,,運輸業,tag,2026-03-31,E04110,4290001009413,S100YAAB
1626,1912,286,5618,ナイル株式会社,情報・通信業,上場,36.3,3.7,6055000.0,5794846,0.957,251.0,268.0,0.9366,,情報通信業,tag,2025-12-31,E39203,9013301023560,S100XV5Y
1627,860,-767,3197,株式会社すかいらーくホールディングス,小売業,上場,47.5,19.6,7561508.0,5791554,0.7659,572.0,6744.0,0.0848,本社のみ,卸売業・小売業,tag,2025-12-31,E03515,2010001138365,S100XUBI
1628,1020,-608,8071,東海エレクトロニクス株式会社,卸売業,上場,45.4,15.5,7293000.0,5789081,0.7938,197.0,350.0,0.5629,,卸売業・小売業,tag,2026-03-31,E02684,4180001038563,S100YIEJ
1629,1672,43,9539,京葉瓦斯株式会社,電気・ガス業,上場,44.1,20.1,6390241.0,5788984,0.9059,730.0,1275.0,0.5725,,電気・ガス業,tag,2025-12-31,E04515,8040001026108,S100XTA9
1630,2005,375,3179,シュッピン株式会社,小売業,上場,36.0,7.3,5934401.0,5788180,0.9754,260.0,,,,卸売業・小売業,tag,2026-03-31,E27051,9011101039728,S100YHC7
1631,1403,-228,6617,株式会社東光高岳,電気機器,上場,43.7,19.1,6737000.0,5787468,0.8591,1887.0,2614.0,0.7219,,製造業,tag,2026-03-31,E26713,5010601043417,S100YL24
1632,1689,57,6055,ジャパンマテリアル株式会社,サービス業,上場,39.5,7.2,6374052.0,5785880,0.9077,455.0,1646.0,0.2764,,サービス業,tag,2026-03-31,E26124,2190001015191,S100YHDN
1633,1465,-168,7991,マミヤ・オーピー株式会社,機械,上場,42.9,14.1,6665060.0,5784289,0.8679,134.0,1504.0,0.0891,本社のみ,製造業,tag,2026-03-31,E02377,7010701022392,S100YJ8W
1634,2464,830,3276,株式会社ＪＰＭＣ,不動産業,上場,32.3,4.4,5268000.0,5783558,1.0979,285.0,411.0,0.6934,,不動産業,tag,2025-12-31,E25870,5010001083682,S100XTQS
1635,2544,909,6036,ＫｅｅＰｅｒ技研株式会社,サービス業,上場,27.5,3.69,5134000.0,5783459,1.1265,1110.0,,,,サービス業,tag,2025-06-30,E31216,3180001094120,S100WR7B
1636,1241,-395,6227,ＡＩメカテック株式会社,電気機器,上場,46.2,18.0,6939000.0,5781265,0.8332,221.0,251.0,0.8805,,製造業,tag,2025-06-30,E36750,6050001041264,S100WQVH
1637,2145,508,3680,株式会社ホットリンク,サービス業,上場,34.0,3.7,5716000.0,5777060,1.0107,119.0,136.0,0.875,,サービス業,tag,2025-12-31,E30091,6010001104149,S100XTX2
1638,1731,93,9307,株式会社杉村倉庫,倉庫・運輸関連,上場,40.0,12.0,6296000.0,5776489,0.9175,101.0,377.0,0.2679,,運輸業,tag,2026-03-31,E04294,4120001029155,S100YEZX
1639,1763,124,7932,株式会社ニッピ,その他製品,上場,38.38,14.69,6262290.0,5776225,0.9224,466.0,630.0,0.7397,,製造業,tag,2026-03-31,E01120,7011801011046,S100YIZ2
1640,1526,-114,5845,全保連株式会社,その他金融業,上場,43.1,10.8,6594000.0,5773744,0.8756,575.0,,,,金融業・保険業,tag,2026-03-31,E39018,9360001002793,S100YEH1
1641,1219,-422,6183,株式会社ベルシステム２４ホールディングス,サービス業,上場,46.0,15.0,6973990.0,5773586,0.8279,242.0,2500.0,0.0968,本社のみ,サービス業,tag,2026-02-28,E31896,4010001161381,S100Y5Z2
1642,1546,-96,7989,立川ブラインド工業株式会社,金属製品,上場,41.9,17.6,6566000.0,5773517,0.8793,812.0,1264.0,0.6424,,製造業,tag,2025-12-31,E02389,4010401017209,S100XRWE
1643,1456,-187,3426,アトムリビンテック株式会社,金属製品,上場,43.2,16.6,6674000.0,5772421,0.8649,120.0,,,,製造業,tag,2025-06-30,E02920,1010501007351,S100WQ9V
1644,1603,-41,7244,市光工業株式会社,電気機器,上場,41.0,17.0,6485796.0,5772197,0.89,1359.0,2693.0,0.5046,,製造業,tag,2025-12-31,E02177,9021001035727,S100XTYP
1645,1815,170,8554,株式会社南日本銀行,銀行業,上場,38.5,15.5,6199000.0,5771645,0.9311,599.0,602.0,0.995,,金融業・保険業,tag,2026-03-31,E03670,7340001004232,S100YGBN
1646,1448,-198,6858,株式会社小野測器,電気機器,上場,43.35,18.45,6685000.0,5771271,0.8633,606.0,653.0,0.928,,製造業,tag,2025-12-31,E02306,1020001001886,S100XR77
1647,1556,-91,4078,堺化学工業株式会社,化学,上場,41.7,16.5,6544836.0,5770710,0.8817,769.0,1942.0,0.396,,製造業,tag,2026-03-31,E00780,4120101002532,S100YICQ
1648,1518,-130,5936,東洋シヤッター株式会社,金属製品,上場,42.4,16.2,6604000.0,5770322,0.8738,524.0,543.0,0.965,,製造業,tag,2026-03-31,E01415,4120001085479,S100YKHR
1649,1540,-109,8338,株式会社筑波銀行,銀行業,上場,42.5,19.6,6571000.0,5770118,0.8781,1207.0,1260.0,0.9579,,金融業・保険業,tag,2026-03-31,E03552,4050001009057,S100YDJN
1650,940,-710,8200,株式会社リンガーハット,小売業,上場,46.6,18.5,7434677.0,5770052,0.7761,151.0,587.0,0.2572,,卸売業・小売業,tag,2026-02-28,E03099,5310001001011,S100Y5IT
1651,1759,108,6676,株式会社バッファロー,電気機器,上場,38.5,12.9,6265000.0,5769799,0.921,611.0,963.0,0.6345,,製造業,tag,2026-03-31,E02086,6180001048602,S100YGR6
1652,1477,-175,1832,株式会社北海電工,建設業,上場,46.4,21.7,6651711.0,5768338,0.8672,1665.0,1794.0,0.9281,,建設業,tag,2026-03-31,E01855,7430001021532,S100YH4H
1653,1474,-179,3388,明治電機工業株式会社,卸売業,上場,41.2,16.8,6655993.0,5767281,0.8665,550.0,709.0,0.7757,,卸売業・小売業,tag,2026-03-31,E02992,6180001033042,S100YKYA
1654,1598,-56,,株式会社東洋クオリティワン,ゴム製品,非上場,41.2,13.0,6494075.0,5765198,0.8878,295.0,906.0,0.3256,,製造業,textblock,2026-03-31,E01099,3030001058882,S100YFFY
1655,1569,-86,4372,ユミルリンク株式会社,情報・通信業,上場,40.3,7.6,6528520.0,5764598,0.883,141.0,163.0,0.865,,情報通信業,tag,2025-12-31,E36905,3011001034545,S100XS86
1656,1458,-198,,むさし証券株式会社,証券、商品先物取引業,非上場,51.9,21.2,6672832.0,5764162,0.8638,287.0,,,,金融業・保険業,textblock,2026-03-31,E03761,7030001016837,S100YFBW
1657,1120,-537,6863,株式会社ニレコ,電気機器,上場,48.6,18.8,7115000.0,5762705,0.8099,294.0,533.0,0.5516,,製造業,tag,2026-03-31,E02411,5010101003020,S100YFWS
1658,1542,-116,6797,名古屋電機工業株式会社,電気機器,上場,42.1,16.7,6568569.0,5762664,0.8773,385.0,409.0,0.9413,,製造業,tag,2026-03-31,E02055,7180001020428,S100YEDT
1659,2339,680,3097,株式会社物語コーポレーション,小売業,上場,32.0,4.0,5459129.0,5762407,1.0556,1820.0,2069.0,0.8797,,卸売業・小売業,tag,2025-06-30,E03528,7180301007414,S100WR57
1660,1568,-92,5603,虹技株式会社,鉄鋼,上場,41.7,18.0,6532000.0,5761031,0.882,479.0,766.0,0.6253,,製造業,tag,2026-03-31,E01269,6140001063844,S100YJMF
1661,1658,-3,6137,小池酸素工業株式会社,機械,上場,40.3,13.8,6408431.0,5759368,0.8987,356.0,1085.0,0.3281,,製造業,tag,2026-03-31,E00794,7011701002789,S100YKGK
1662,1432,-230,2108,日本甜菜製糖株式会社,食料品,上場,43.8,18.9,6704520.0,5758248,0.8589,635.0,771.0,0.8236,,製造業,tag,2026-03-31,E00355,8010401054826,S100YEPB
1663,1549,-114,6291,日本エアーテック株式会社,機械,上場,42.06,15.05,6558984.0,5758004,0.8779,473.0,,,,製造業,tag,2025-12-31,E02421,5010501009996,S100XUPZ
1664,1793,129,2226,株式会社湖池屋,食料品,上場,38.3,10.0,6232000.0,5756825,0.9238,784.0,1172.0,0.6689,,製造業,tag,2026-03-31,E00389,9011401005578,S100YDGW
1665,1312,-353,7447,ナガイレーベン株式会社,卸売業,上場,42.7,15.9,6855160.0,5756745,0.8398,130.0,501.0,0.2595,,卸売業・小売業,tag,2025-08-31,E02809,5010001025214,S100X5AK
1666,1687,21,2266,六甲バター株式会社,食料品,上場,40.0,15.0,6378250.0,5756064,0.9025,505.0,726.0,0.6956,,製造業,tag,2025-12-31,E00337,6140001011869,S100XSYQ
1667,1512,-155,7256,河西工業株式会社,輸送用機器,上場,42.8,13.6,6616000.0,5754537,0.8698,648.0,7358.0,0.0881,本社のみ,製造業,tag,2026-03-31,E02174,5021001006269,S100YNJP
1668,1288,-380,3648,ＡＧＳ株式会社,情報・通信業,上場,43.3,19.4,6887000.0,5753175,0.8354,846.0,1109.0,0.7628,,情報通信業,tag,2026-03-31,E25263,2030001000011,S100YEL6
1669,1576,-93,,ポケットカード株式会社,その他金融業,非上場,41.9,14.7,6522000.0,5752327,0.882,404.0,,,,金融業・保険業,textblock,2026-02-28,E04963,6010401046222,S100Y6ED
1670,1506,-164,6584,三櫻工業株式会社,輸送用機器,上場,43.0,16.0,6622792.0,5747344,0.8678,1179.0,7697.0,0.1532,,製造業,tag,2026-03-31,E01753,6011001045853,S100YL53
1671,2452,781,9441,株式会社ベルパーク,情報・通信業,上場,32.7,6.9,5290916.0,5747306,1.0863,2005.0,2108.0,0.9511,,情報通信業,tag,2025-12-31,E03342,7010001028883,S100XT5G
1672,2393,721,3929,ソーシャルワイヤー株式会社,情報・通信業,上場,33.2,3.0,5390000.0,5747166,1.0663,105.0,153.0,0.6863,,情報通信業,tag,2026-03-31,E31955,3011101058626,S100YF9R
1673,1855,182,5578,ＡＲアドバンストテクノロジ株式会社,情報・通信業,上場,37.1,4.5,6148000.0,5745141,0.9345,569.0,759.0,0.7497,,情報通信業,tag,2025-08-31,E38654,2010001130058,S100X6EQ
1674,1975,301,2874,横浜冷凍株式会社,卸売業,上場,36.6,12.2,5973753.0,5744010,0.9615,1446.0,1804.0,0.8016,,卸売業・小売業,tag,2025-09-30,E02576,1020001030638,S100XBSF
1675,1674,-1,7294,株式会社ヨロズ,輸送用機器,上場,40.3,12.5,6387000.0,5742556,0.8991,445.0,5405.0,0.0823,本社のみ,製造業,tag,2026-03-31,E02219,7020001030517,S100YGY8
1676,1496,-180,7417,株式会社南陽,卸売業,上場,41.3,12.5,6635000.0,5741572,0.8653,158.0,521.0,0.3033,,卸売業・小売業,tag,2026-03-31,E02792,5290001015146,S100YCGG
1677,1563,-114,6485,前澤給装工業株式会社,機械,上場,42.1,17.3,6538481.0,5740221,0.8779,426.0,,,,製造業,tag,2026-03-31,E01693,8013201005478,S100YIVJ
1678,1719,41,7813,株式会社プラッツ,その他製品,上場,39.6,8.1,6322000.0,5738753,0.9077,108.0,149.0,0.7248,,製造業,tag,2025-06-30,E31344,9290001041576,S100WLVW
1679,2327,648,3771,株式会社システムリサーチ,情報・通信業,上場,33.7,7.9,5481000.0,5738568,1.047,1548.0,1569.0,0.9866,,情報通信業,tag,2026-03-31,E05487,8180001030616,S100YHX1
1680,1638,-42,4391,ロジザード株式会社,情報・通信業,上場,39.8,6.8,6437000.0,5737293,0.8913,134.0,,,,情報通信業,tag,2025-06-30,E34045,1010401053173,S100WPWK
1681,1606,-75,6481,ＴＨＫ株式会社,機械,上場,41.5,19.2,6481721.0,5736061,0.885,4016.0,13036.0,0.3081,,製造業,tag,2025-12-31,E01678,3010701006176,S100XRWN
1682,1528,-154,5965,株式会社フジマック,金属製品,上場,42.8,16.3,6590000.0,5735495,0.8703,599.0,1160.0,0.5164,,製造業,tag,2025-12-31,E02445,3010401026945,S100XV4T
1683,930,-753,9987,株式会社スズケン,卸売業,上場,47.3,22.1,7448830.0,5733470,0.7697,2991.0,12717.0,0.2352,,卸売業・小売業,tag,2026-03-31,E02780,1180001017009,S100YFRU
1684,1663,-21,3445,株式会社ＲＳ　Ｔｅｃｈｎｏｌｏｇｉｅｓ,金属製品,上場,40.6,7.1,6400000.0,5732584,0.8957,371.0,2744.0,0.1352,,製造業,tag,2025-12-31,E31042,3010701024500,S100XUA2
1685,1151,-534,,株式会社秋田放送,情報・通信業,非上場,44.8,20.2,7066332.0,5731915,0.8112,114.0,,,,情報通信業,textblock,2026-03-31,E04381,5410001000498,S100YB1X
1686,1522,-164,6850,株式会社チノー,電気機器,上場,43.01,18.32,6599855.0,5730031,0.8682,693.0,1125.0,0.616,,製造業,tag,2026-03-31,E02286,9011401004118,S100YJHF
1687,2472,785,3186,株式会社ネクステージ,小売業,上場,30.4,3.5,5258000.0,5729615,1.0897,6492.0,7537.0,0.8614,,卸売業・小売業,tag,2025-11-30,E27693,3180001067712,S100XM1X
1688,1666,-22,9142,九州旅客鉄道株式会社,陸運業,上場,42.5,13.4,6399403.0,5729589,0.8953,6483.0,15365.0,0.4219,,運輸業,tag,2026-03-31,E32679,6290001012621,S100Y6HR
1689,2007,318,9204,スカイマーク株式会社,空運業,上場,36.5,9.0,5932000.0,5727848,0.9656,2738.0,,,,運輸業,tag,2026-03-31,E38082,7010801019529,S100YJR8
1690,1767,77,,株式会社麻生,ガラス・土石製品,非上場,39.0,10.9,6255762.0,5726790,0.9154,1973.0,9857.0,0.2002,,製造業,textblock,2026-03-31,E01209,2290001045328,S100YMMY
1691,1629,-62,8228,株式会社マルイチ産商,卸売業,上場,40.2,15.6,6458657.0,5725361,0.8865,514.0,1227.0,0.4189,,卸売業・小売業,tag,2026-03-31,E02698,5100001003284,S100YFT2
1692,1869,177,9702,株式会社アイ・エス・ビー,情報・通信業,上場,37.0,11.3,6113061.0,5724756,0.9365,992.0,2246.0,0.4417,,情報通信業,tag,2025-12-31,E04846,4010701000269,S100XU2G
1693,1357,-336,3040,株式会社ソリトンシステムズ,情報・通信業,上場,43.0,13.3,6800000.0,5723022,0.8416,643.0,655.0,0.9817,,情報通信業,tag,2025-12-31,E05592,3011101011691,S100XRPJ
1694,1712,18,7749,メディキット株式会社,精密機器,上場,40.1,13.7,6344778.0,5722824,0.902,179.0,994.0,0.1801,,製造業,tag,2026-03-31,E02354,9010001007828,S100YI2W
1695,1791,96,,株式会社　ニュー・オータニ,サービス業,非上場,39.08,15.95,6233683.0,5721625,0.9179,1480.0,2174.0,0.6808,,サービス業,textblock,2026-03-31,E04564,8010001013240,S100YMI8
1696,1049,-647,9832,株式会社オートバックスセブン,卸売業,上場,45.8,16.3,7237000.0,5719465,0.7903,820.0,5617.0,0.146,,卸売業・小売業,tag,2026-03-31,E03138,3010601030532,S100YF3G
1697,1550,-147,4627,ナトコ株式会社,化学,上場,42.7,16.9,6556000.0,5716598,0.872,230.0,452.0,0.5088,,製造業,tag,2025-10-31,E00915,1180301019737,S100XH69
1698,2463,765,9341,株式会社ＧＥＮＯＶＡ,サービス業,上場,29.4,3.6,5269000.0,5716425,1.0849,415.0,529.0,0.7845,,サービス業,tag,2026-03-31,E38215,6011001046711,S100YFQH
1699,1866,167,1997,暁飯島工業株式会社,建設業,上場,42.1,16.5,6120000.0,5715464,0.9339,144.0,,,,建設業,tag,2025-08-31,E00246,7050001000351,S100X59V
1700,1626,-74,7314,株式会社小田原機器,輸送用機器,上場,41.6,8.9,6463003.0,5715417,0.8843,137.0,224.0,0.6116,,製造業,tag,2025-12-31,E22554,6021001032396,S100XT5I
1701,1919,218,8370,株式会社紀陽銀行,銀行業,上場,37.66,14.41,6048000.0,5715006,0.9449,2125.0,2473.0,0.8593,,金融業・保険業,tag,2026-03-31,E03581,9170001000916,S100YE5S
1702,1836,134,8275,株式会社フォーバル,卸売業,上場,38.3,11.4,6177892.0,5713178,0.9248,793.0,2530.0,0.3134,,卸売業・小売業,tag,2026-03-31,E02693,4011001025865,S100YEZW
1703,1527,-176,9691,株式会社両毛システムズ,情報・通信業,上場,41.5,16.2,6590812.0,5712809,0.8668,759.0,1066.0,0.712,,情報通信業,tag,2026-03-31,E04855,2070001016771,S100YIGO
1704,1533,-171,6337,株式会社テセック,機械,上場,43.1,18.0,6581617.0,5711383,0.8678,172.0,211.0,0.8152,,製造業,tag,2026-03-31,E02049,5012801003522,S100YHSE
1705,2254,549,9974,株式会社ベルク,小売業,上場,33.6,9.6,5570000.0,5710249,1.0252,2808.0,2914.0,0.9636,,卸売業・小売業,tag,2026-02-28,E03216,8030001085963,S100Y4X3
1706,1301,-405,6513,株式会社オリジン,電気機器,上場,46.6,18.9,6866000.0,5710113,0.8317,575.0,1066.0,0.5394,,製造業,tag,2026-03-31,E01751,3013301003097,S100YJF6
1707,2238,531,7694,株式会社いつも,サービス業,上場,33.0,4.3,5587000.0,5707653,1.0216,200.0,212.0,0.9434,,サービス業,tag,2026-03-31,E36123,4010401074282,S100YI9F
1708,2199,491,7599,株式会社ＩＤＯＭ,卸売業,上場,34.3,6.3,5635000.0,5705061,1.0124,4010.0,4260.0,0.9413,,卸売業・小売業,tag,2026-02-28,E02892,1010001069520,S100Y64O
1709,1668,-41,2916,仙波糖化工業株式会社,食料品,上場,41.0,16.0,6398131.0,5704784,0.8916,317.0,491.0,0.6456,,製造業,tag,2026-03-31,E00494,6060001009351,S100YKFH
1710,1429,-281,4022,ラサ工業株式会社,化学,上場,44.8,19.8,6708649.0,5703012,0.8501,453.0,631.0,0.7179,,製造業,tag,2026-03-31,E00760,8010001034971,S100YD99
1711,1721,10,8558,株式会社東和銀行,銀行業,上場,40.5,16.9,6317000.0,5702989,0.9028,1207.0,1232.0,0.9797,,金融業・保険業,tag,2026-03-31,E03640,2070001003514,S100YCZF
1712,1805,93,7239,株式会社タチエス,輸送用機器,上場,38.9,14.6,6217000.0,5702094,0.9172,1264.0,8790.0,0.1438,,製造業,tag,2026-03-31,E02210,6012801002309,S100YLGY
1713,1627,-86,4998,フマキラー株式会社,化学,上場,41.8,14.3,6461298.0,5701339,0.8824,241.0,2529.0,0.0953,本社のみ,製造業,tag,2026-03-31,E01007,4010001008797,S100YGPK
1714,1620,-94,6382,トリニティ工業株式会社,機械,上場,41.9,16.6,6467000.0,5699274,0.8813,781.0,957.0,0.8161,,製造業,tag,2026-03-31,E01627,6180301021663,S100YE9T
1715,1366,-349,5695,パウダーテック株式会社,鉄鋼,上場,45.9,17.7,6792042.0,5698769,0.839,227.0,262.0,0.8664,,製造業,tag,2026-03-31,E01294,7040001066245,S100YCVX
1716,2050,334,3954,昭和パックス株式会社,パルプ・紙,上場,36.0,13.0,5875176.0,5698367,0.9699,379.0,681.0,0.5565,,製造業,tag,2026-03-31,E00686,9011101009961,S100YK0Y
1717,1770,53,7844,株式会社マーベラス,情報・通信業,上場,38.6,9.1,6252418.0,5695572,0.9109,589.0,655.0,0.8992,,情報通信業,tag,2026-03-31,E02467,3010701022537,S100YGG0
1718,1758,40,2212,山崎製パン株式会社,食料品,上場,39.6,15.3,6265496.0,5693515,0.9087,19175.0,33545.0,0.5716,,製造業,tag,2025-12-31,E00375,4010001008806,S100XQ5C
1719,1531,-188,7480,スズデン株式会社,卸売業,上場,41.4,16.7,6582000.0,5692837,0.8649,307.0,336.0,0.9137,,卸売業・小売業,tag,2026-03-31,E02838,1010001003966,S100YG54
1720,1406,-314,5161,西川ゴム工業株式会社,ゴム製品,上場,45.3,20.7,6734000.0,5692419,0.8453,1384.0,6294.0,0.2199,,製造業,tag,2026-03-31,E01112,8240001008325,S100YIPC
1721,1276,-445,7722,国際計測器株式会社,精密機器,上場,47.3,17.8,6896000.0,5691906,0.8254,154.0,296.0,0.5203,,製造業,tag,2026-03-31,E02335,3013401001100,S100YJ8C
1722,1624,-98,7775,大研医器株式会社,精密機器,上場,42.0,12.0,6465000.0,5691460,0.8803,185.0,,,,製造業,tag,2026-03-31,E22509,7120001083307,S100YCII
1723,1909,186,1966,株式会社　高田工業所,建設業,上場,41.5,16.6,6059872.0,5690722,0.9391,1333.0,1666.0,0.8001,,建設業,tag,2026-03-31,E00209,4290801010231,S100YGU2
1724,1557,-167,5852,株式会社アーレスティ,非鉄金属,上場,43.0,19.0,6542118.0,5688564,0.8695,845.0,5190.0,0.1628,,製造業,tag,2026-03-31,E01303,7011201010490,S100YIGS
1725,1950,225,7743,株式会社シード,精密機器,上場,36.8,12.8,6002763.0,5686190,0.9473,774.0,1048.0,0.7385,,製造業,tag,2026-03-31,E02414,7010001003408,S100YGWB
1726,1575,-151,3002,グンゼ株式会社,繊維製品,上場,42.8,19.1,6522406.0,5685990,0.8718,1299.0,4102.0,0.3167,,製造業,tag,2026-03-31,E00520,7130001041734,S100YGEM
1727,1593,-134,4224,ロンシール工業株式会社,化学,上場,42.5,17.3,6497000.0,5685151,0.875,365.0,419.0,0.8711,,製造業,tag,2026-03-31,E01103,5010601018451,S100YGGD
1728,2360,632,4196,株式会社ネオマーケティング,情報・通信業,上場,33.74,4.16,5437406.0,5684705,1.0455,121.0,124.0,0.9758,,情報通信業,tag,2025-09-30,E36532,4011001046358,S100XCJL
1729,1769,40,7482,株式会社シモジマ,卸売業,上場,39.1,15.2,6253000.0,5683870,0.909,655.0,867.0,0.7555,,卸売業・小売業,tag,2026-03-31,E02839,4010501024971,S100YIAX
1730,2385,655,4849,エン株式会社,サービス業,上場,31.0,4.0,5401000.0,5682970,1.0522,2014.0,3191.0,0.6312,,サービス業,tag,2026-03-31,E05192,1011101029018,S100YGWT
1731,1777,46,4442,バルテス・ホールディングス株式会社,情報・通信業,上場,38.7,4.5,6246000.0,5681785,0.9097,104.0,864.0,0.1204,,情報通信業,tag,2026-03-31,E34880,1120001107293,S100YE1A
1732,1960,228,7409,ＡｅｒｏＥｄｇｅ株式会社,金属製品,上場,36.8,3.9,5997000.0,5681127,0.9473,132.0,,,,製造業,tag,2025-06-30,E38695,4060001027529,S100WQWW
1733,1660,-73,,株式会社佐賀共栄銀行,銀行業,非上場,41.7,18.3,6407000.0,5680678,0.8866,215.0,,,,金融業・保険業,textblock,2026-03-31,E03676,8300001000201,S100YCEI
1734,1630,-104,6482,ＹＵＳＨＩＮ株式会社,機械,上場,42.1,14.3,6457402.0,5679743,0.8796,474.0,803.0,0.5903,,製造業,tag,2026-03-31,E01710,3130001015997,S100YJC5
1735,1623,-112,5945,天龍製鋸株式会社,金属製品,上場,42.2,18.4,6465343.0,5679649,0.8785,200.0,953.0,0.2099,,製造業,tag,2026-03-31,E01426,3080401017392,S100YJDZ
1736,1484,-252,3396,株式会社フェリシモ,小売業,上場,42.0,15.2,6645514.0,5679094,0.8546,425.0,425.0,1.0,,卸売業・小売業,tag,2026-02-28,E03467,4140001022298,S100Y6XM
1737,1237,-500,9888,株式会社ＵＥＸ,卸売業,上場,44.2,16.8,6947960.0,5677958,0.8172,296.0,518.0,0.5714,,卸売業・小売業,tag,2026-03-31,E02728,9010701001205,S100YDU2
1738,1992,254,6555,株式会社ＭＳ＆Ｃｏｎｓｕｌｔｉｎｇ,サービス業,上場,37.5,9.3,5951000.0,5676815,0.9539,146.0,152.0,0.9605,,サービス業,tag,2026-02-28,E20870,3010001152084,S100Y6L3
1739,2652,913,3989,シェアリングテクノロジー株式会社,情報・通信業,上場,31.0,4.3,4954000.0,5675372,1.1456,163.0,229.0,0.7118,,情報通信業,tag,2025-09-30,E33242,2180001061708,S100XC4O
1740,1688,-52,6627,株式会社テラプローブ,電気機器,上場,41.2,7.9,6376000.0,5674910,0.89,308.0,1127.0,0.2733,,製造業,tag,2025-12-31,E24994,9020001053623,S100XTOJ
1741,2361,620,4431,株式会社スマレジ,情報・通信業,上場,33.8,3.34,5437000.0,5671997,1.0432,421.0,477.0,0.8826,,情報通信業,tag,2026-04-30,E34643,3120002064771,S100YSPI
1742,1826,84,6358,酒井重工業株式会社,機械,上場,39.0,13.0,6188516.0,5671986,0.9165,317.0,618.0,0.5129,,製造業,tag,2026-03-31,E01610,1010401011081,S100YKE1
1743,1426,-317,5208,株式会社有沢製作所,化学,上場,45.4,21.0,6711000.0,5671069,0.845,641.0,1583.0,0.4049,,製造業,tag,2026-03-31,E01152,1110001018789,S100YCDM
1744,1702,-42,3421,株式会社稲葉製作所,金属製品,上場,41.0,19.0,6353748.0,5670655,0.8925,854.0,1073.0,0.7959,,製造業,tag,2025-07-31,E01451,8010801001097,S100WWG0
1745,1572,-173,6257,株式会社藤商事,機械,上場,43.1,14.5,6525000.0,5670237,0.869,473.0,473.0,1.0,,製造業,tag,2026-03-31,E02488,6120001099576,S100YK8S
1746,1714,-32,4746,株式会社東計電算,情報・通信業,上場,39.7,14.0,6336185.0,5668254,0.8946,809.0,820.0,0.9866,,情報通信業,tag,2025-12-31,E05066,4020001069830,S100XUNZ
1747,2328,581,3300,株式会社アンビションＤＸホールディングス,不動産業,上場,34.0,3.9,5479104.0,5666176,1.0341,169.0,399.0,0.4236,,不動産業,tag,2025-06-30,E30880,4011001072940,S100WQFJ
1748,1684,-64,6118,アイダエンジニアリング株式会社,機械,上場,41.4,15.6,6379000.0,5664479,0.888,804.0,2042.0,0.3937,,製造業,tag,2026-03-31,E01545,6021001011037,S100YG50
1749,1409,-340,9735,セコム株式会社,サービス業,上場,44.5,18.0,6729386.0,5664244,0.8417,15991.0,65094.0,0.2457,,サービス業,tag,2026-03-31,E04773,6011001035920,S100YICV
1750,1455,-295,7841,株式会社遠藤製作所,その他製品,上場,45.1,17.2,6674518.0,5662518,0.8484,121.0,1290.0,0.0938,本社のみ,製造業,tag,2025-12-31,E01459,6110001015567,S100XTH1
1751,1490,-261,7284,盟和産業株式会社,輸送用機器,上場,44.7,21.2,6639976.0,5660763,0.8525,189.0,372.0,0.5081,,製造業,tag,2026-03-31,E02387,9021001020555,S100YIWC
1752,1427,-325,7914,共同印刷株式会社,その他製品,上場,45.6,16.3,6711000.0,5660092,0.8434,1912.0,3136.0,0.6097,,製造業,tag,2026-03-31,E00695,8010001002136,S100YF86
1753,1413,-340,6493,株式会社ＮＩＴＴＡＮ,輸送用機器,上場,45.8,20.0,6726921.0,5660040,0.8414,660.0,2503.0,0.2637,,製造業,tag,2026-03-31,E02189,3021001022920,S100YIJ0
1754,2340,586,2335,株式会社キューブシステム,情報・通信業,上場,34.0,8.7,5458555.0,5653756,1.0358,704.0,938.0,0.7505,,情報通信業,tag,2026-03-31,E05312,4010701002678,S100YCVG
1755,1602,-153,9739,ＮＳＷ株式会社,情報・通信業,上場,41.3,14.0,6487000.0,5653305,0.8715,2070.0,2536.0,0.8162,,情報通信業,tag,2026-03-31,E04952,1011001017717,S100YJ3Q
1756,995,-761,8237,株式会社松屋,小売業,上場,47.5,21.9,7323000.0,5652903,0.7719,561.0,871.0,0.6441,,卸売業・小売業,tag,2026-02-28,E03017,1010001034945,S100Y6A8
1757,1701,-56,2440,株式会社ぐるなび,サービス業,上場,40.5,10.0,6355000.0,5652591,0.8895,745.0,777.0,0.9588,,サービス業,tag,2026-03-31,E05456,1010001034565,S100YJQU
1758,1785,27,5029,サークレイス株式会社,情報・通信業,上場,39.0,4.4,6240000.0,5651519,0.9057,300.0,370.0,0.8108,,情報通信業,tag,2026-03-31,E37603,5010001150061,S100YHBZ
1759,2006,247,3804,株式会社システム　ディ,情報・通信業,上場,36.5,9.3,5932000.0,5650280,0.9525,281.0,290.0,0.969,,情報通信業,tag,2025-10-31,E05516,8130001021041,S100XHGC
1760,1543,-217,3512,日本フエルト株式会社,繊維製品,上場,44.0,21.0,6567481.0,5649050,0.8602,391.0,541.0,0.7227,,製造業,tag,2026-03-31,E00573,4011501003552,S100YIXB
1761,1632,-129,5985,サンコール株式会社,金属製品,上場,42.5,18.3,6447456.0,5648582,0.8761,493.0,1897.0,0.2599,,製造業,tag,2026-03-31,E01402,4130001000899,S100YKOJ
1762,1238,-524,6803,ティアック株式会社,電気機器,上場,48.7,19.8,6942133.0,5647540,0.8135,225.0,524.0,0.4294,,製造業,tag,2026-03-31,E01932,7013401005312,S100YG7Z
1763,1716,-47,5976,高周波熱錬株式会社,金属製品,上場,41.1,14.3,6331000.0,5646813,0.8919,872.0,1651.0,0.5282,,製造業,tag,2026-03-31,E01400,1010701003241,S100YIP6
1764,1788,24,8364,株式会社清水銀行,銀行業,上場,40.4,17.2,6236000.0,5646804,0.9055,846.0,926.0,0.9136,,金融業・保険業,tag,2026-03-31,E03572,8080001001858,S100YC9F
1765,2017,252,173A,株式会社ハンモック,情報・通信業,上場,36.5,6.4,5928000.0,5646733,0.9526,218.0,,,,情報通信業,tag,2026-03-31,E39460,7013301029898,S100YEGK
1766,1819,53,8594,中道リース株式会社,その他金融業,上場,40.0,14.2,6197000.0,5646681,0.9112,180.0,,,,金融業・保険業,tag,2025-12-31,E04801,1430001024094,S100XSCO
1767,1706,-61,3907,シリコンスタジオ株式会社,情報・通信業,上場,40.1,7.2,6350000.0,5646249,0.8892,260.0,,,,情報通信業,tag,2025-11-30,E31256,5011001033280,S100XNL3
1768,1915,147,4308,株式会社Ｊストリーム,情報・通信業,上場,37.3,7.9,6052478.0,5645801,0.9328,407.0,695.0,0.5856,,情報通信業,tag,2026-03-31,E05211,4010401089388,S100YH2T
1769,1058,-711,3858,株式会社ユビキタスＡＩ,情報・通信業,上場,48.0,10.3,7229000.0,5645680,0.781,106.0,199.0,0.5327,,情報通信業,tag,2026-03-31,E05719,7011101032305,S100YDYA
1770,1423,-347,2469,ヒビノ株式会社,サービス業,上場,44.7,14.5,6712000.0,5643975,0.8409,653.0,1829.0,0.357,,サービス業,tag,2026-03-31,E05550,8010401025232,S100YG1N
1771,2435,664,2379,ディップ株式会社,サービス業,上場,30.5,5.6,5313000.0,5643547,1.0622,2663.0,2663.0,1.0,,サービス業,tag,2026-02-28,E05368,6010401050785,S100Y510
1772,1547,-225,6748,星和電機株式会社,電気機器,上場,44.12,17.45,6565450.0,5640847,0.8592,527.0,637.0,0.8273,,製造業,tag,2025-12-31,E01984,1130001038463,S100XVH2
1773,1797,24,3495,香陵住販株式会社,不動産業,上場,40.0,9.4,6226000.0,5638763,0.9057,232.0,240.0,0.9667,,不動産業,tag,2025-09-30,E34256,2050001000950,S100XCMA
1774,1185,-589,,東工コーセン株式会社,卸売業,非上場,45.1,14.9,7009000.0,5638240,0.8044,154.0,1117.0,0.1379,,卸売業・小売業,textblock,2026-03-31,E02551,4010001071416,S100YD0U
1775,1748,-27,,株式会社リージョナルプラスウイングス,空運業,非上場,42.6,10.6,6280000.0,5638205,0.8978,353.0,2146.0,0.1645,,運輸業,textblock,2026-03-31,E37829,3010801033310,S100YL35
1776,1911,135,9663,株式会社ナガワ,サービス業,上場,38.53,8.0,6055269.0,5638152,0.9311,552.0,,,,サービス業,tag,2026-03-31,E04867,7430001056297,S100YBEF
1777,1881,104,,北海道曹達株式会社,化学,非上場,38.5,14.8,6102000.0,5634942,0.9235,151.0,,,,製造業,textblock,2025-12-31,E00773,3430001054362,S100XS73
1778,1618,-160,6466,株式会社ＴＶＥ,機械,上場,43.0,15.0,6468369.0,5634829,0.8711,300.0,400.0,0.75,,製造業,tag,2025-09-30,E01716,3140001052189,S100XBK6
1779,1643,-136,3799,キーウェアソリューションズ株式会社,情報・通信業,上場,41.0,17.0,6427000.0,5632704,0.8764,759.0,1300.0,0.5838,,情報通信業,tag,2026-03-31,E05553,5011101033882,S100YI9M
1780,1696,-84,4094,日本化学産業株式会社,化学,上場,41.8,16.3,6368726.0,5631724,0.8843,391.0,454.0,0.8612,,製造業,tag,2026-03-31,E00786,8010501016239,S100YH9F
1781,2500,719,7080,株式会社スポーツフィールド,サービス業,上場,29.6,3.9,5211000.0,5631616,1.0807,324.0,335.0,0.9672,,サービス業,tag,2025-12-31,E35323,2011001063479,S100XS6L
1782,1707,-75,3997,株式会社トレードワークス,情報・通信業,上場,40.3,6.5,6350000.0,5630289,0.8867,154.0,270.0,0.5704,,情報通信業,tag,2025-12-31,E33553,1010001085245,S100XVCG
1783,1870,87,4718,株式会社早稲田アカデミー,サービス業,上場,39.0,9.0,6112860.0,5630166,0.921,1044.0,1109.0,0.9414,,サービス業,tag,2026-03-31,E05028,7013301012607,S100YHCO
1784,1617,-167,5951,ダイニチ工業株式会社,金属製品,上場,43.1,20.8,6468473.0,5629156,0.8702,466.0,,,,製造業,tag,2026-03-31,E01427,8110001007521,S100YDWR
1785,1481,-304,6384,株式会社昭和真空,機械,上場,45.4,19.9,6648000.0,5627838,0.8465,175.0,215.0,0.814,,製造業,tag,2026-03-31,E01719,9021001012619,S100YKGJ
1786,1774,-12,2922,株式会社なとり,食料品,上場,40.4,17.0,6247215.0,5626480,0.9006,583.0,815.0,0.7153,,製造業,tag,2026-03-31,E00506,9011501003449,S100YJ2U
1787,1450,-337,5187,クリエートメディック株式会社,精密機器,上場,45.9,20.9,6679631.0,5622555,0.8417,306.0,1010.0,0.303,,製造業,tag,2025-12-31,E02416,7020001008505,S100XUEF
1788,1662,-126,3420,株式会社ケー・エフ・シー,金属製品,上場,42.4,14.0,6403066.0,5621620,0.878,315.0,338.0,0.932,,製造業,tag,2026-03-31,E02876,3120001063188,S100YDJU
1789,1928,139,,アイフル株式会社,その他金融業,非上場,38.7,12.6,6038000.0,5619161,0.9306,1276.0,2610.0,0.4889,,金融業・保険業,tag,2026-03-31,E03721,3130001000082,S100YDNT
1790,1816,26,3180,株式会社ビューティガレージ,卸売業,上場,39.3,6.7,6199000.0,5618846,0.9064,216.0,425.0,0.5082,,卸売業・小売業,tag,2026-04-30,E27215,6011301013031,S100YS74
1791,1740,-51,7981,タカラスタンダード株式会社,その他製品,上場,41.0,14.0,6285000.0,5617789,0.8938,6445.0,6505.0,0.9908,,製造業,tag,2026-03-31,E02373,5120001015344,S100YE7H
1792,1708,-84,6208,株式会社石川製作所,機械,上場,41.8,15.1,6349000.0,5616890,0.8847,265.0,538.0,0.4926,,製造業,tag,2026-03-31,E01518,6220001007685,S100YDE9
1793,1360,-433,3864,三菱製紙株式会社,パルプ・紙,上場,47.52,24.18,6799154.0,5616819,0.8261,888.0,2513.0,0.3534,,製造業,tag,2026-03-31,E00644,8010001008769,S100YJLB
1794,1635,-159,4249,森六株式会社,化学,上場,43.0,16.9,6442564.0,5616027,0.8717,801.0,3873.0,0.2068,,製造業,tag,2026-03-31,E33603,9010401054420,S100YE00
1795,1622,-173,5658,日亜鋼業株式会社,鉄鋼,上場,43.3,18.8,6466000.0,5615960,0.8685,354.0,827.0,0.4281,,製造業,tag,2026-03-31,E01287,7140001050536,S100YIXZ
1796,1764,-32,9368,キムラユニティー株式会社,倉庫・運輸関連,上場,43.6,17.0,6258514.0,5615692,0.8973,1688.0,2328.0,0.7251,,運輸業,tag,2026-03-31,E04357,3180001035446,S100YCXZ
1797,1646,-151,7208,株式会社カネミツ,輸送用機器,上場,42.8,18.0,6424000.0,5613918,0.8739,218.0,569.0,0.3831,,製造業,tag,2026-03-31,E02248,8140001034728,S100YE6U
1798,1588,-210,5943,株式会社ノーリツ,金属製品,上場,43.8,18.1,6502178.0,5613794,0.8634,1985.0,5934.0,0.3345,,製造業,tag,2025-12-31,E02379,6140001010383,S100XUKL
1799,1913,114,4299,株式会社ハイマックス,情報・通信業,上場,37.7,12.8,6055000.0,5612663,0.9269,881.0,967.0,0.9111,,情報通信業,tag,2026-03-31,E05215,6020001028371,S100YC5V
1800,1655,-145,3436,株式会社ＳＵＭＣＯ,金属製品,上場,42.7,14.0,6411907.0,5610792,0.8751,5065.0,9714.0,0.5214,,製造業,tag,2025-12-31,E02103,3010401046159,S100XRR5
1801,1804,3,3902,メディカル・データ・ビジョン株式会社,情報・通信業,非上場,39.3,6.5,6218000.0,5609446,0.9021,286.0,336.0,0.8512,,情報通信業,tag,2025-12-31,E31056,7010001087640,S100XSN5
1802,1524,-278,6412,株式会社平和,機械,上場,45.1,18.5,6597192.0,5609067,0.8502,513.0,9512.0,0.0539,本社のみ,製造業,tag,2026-03-31,E02403,3010501026647,S100YM5Z
1803,2344,541,9687,株式会社ＫＳＫ,情報・通信業,上場,34.2,8.9,5454000.0,5608922,1.0284,2043.0,2709.0,0.7542,,情報通信業,tag,2026-03-31,E04856,1013401001845,S100YIFE
1804,1773,-31,2207,株式会社ｍｅｉｔｏ,食料品,上場,40.7,16.5,6249000.0,5608830,0.8976,397.0,639.0,0.6213,,製造業,tag,2026-03-31,E00376,5180001027409,S100YHY5
1805,1483,-322,4025,多木化学株式会社,化学,上場,45.8,17.0,6645676.0,5604825,0.8434,484.0,640.0,0.7562,,製造業,tag,2025-12-31,E00762,5140001043137,S100XS6V
1806,1437,-369,2750,石光商事株式会社,卸売業,上場,43.2,12.2,6700000.0,5603942,0.8364,242.0,476.0,0.5084,,卸売業・小売業,tag,2026-03-31,E02952,9140001003021,S100YEZP
1807,1765,-42,9311,アサガミ株式会社,倉庫・運輸関連,上場,48.0,19.0,6258000.0,5602400,0.8952,436.0,1444.0,0.3019,,運輸業,tag,2026-03-31,E04323,2010001035562,S100YIGL
1808,1355,-453,8142,株式会社トーホー,卸売業,上場,44.0,16.4,6803772.0,5601784,0.8233,162.0,2540.0,0.0638,本社のみ,卸売業・小売業,tag,2026-01-31,E02665,1140001002071,S100Y0S6
1809,1726,-83,,株式会社アプラス,その他金融業,非上場,41.8,15.3,6311332.0,5601065,0.8875,1210.0,1308.0,0.9251,,金融業・保険業,textblock,2026-03-31,E23224,2120001137521,S100YJSL
1810,2152,342,3542,株式会社ベガコーポレーション,小売業,上場,35.8,5.7,5709000.0,5600948,0.9811,277.0,,,,卸売業・小売業,tag,2026-03-31,E32420,9290001052160,S100YIJ8
1811,1035,-776,9861,株式会社吉野家ホールディングス,小売業,上場,47.9,18.4,7255000.0,5599365,0.7718,399.0,3361.0,0.1187,,卸売業・小売業,tag,2026-02-28,E03153,2011501016151,S100Y5NR
1812,1022,-790,9882,株式会社イエローハット,卸売業,上場,48.4,21.0,7285000.0,5599296,0.7686,137.0,4176.0,0.0328,本社のみ,卸売業・小売業,tag,2026-03-31,E02735,1010001126172,S100YC2P
1813,1709,-104,4524,森下仁丹株式会社,医薬品,上場,42.1,13.3,6349000.0,5598886,0.8819,344.0,359.0,0.9582,,製造業,tag,2026-03-31,E00941,8120001077571,S100YE3I
1814,1478,-336,3386,コスモ・バイオ株式会社,卸売業,上場,42.9,9.1,6651310.0,5598114,0.8417,144.0,182.0,0.7912,,卸売業・小売業,tag,2025-12-31,E02991,6010601023038,S100XRR0
1815,1676,-139,9471,株式会社文溪堂,情報・通信業,上場,41.1,13.6,6386488.0,5595376,0.8761,214.0,247.0,0.8664,,情報通信業,tag,2026-03-31,E00709,2200001011461,S100YCYT
1816,1880,64,2806,ユタカフーズ株式会社,食料品,上場,39.1,16.1,6102358.0,5595196,0.9169,271.0,,,,製造業,tag,2026-03-31,E00465,7180001092285,S100YHEX
1817,1794,-23,6848,東亜ディーケーケー株式会社,電気機器,上場,40.7,14.0,6231082.0,5594933,0.8979,381.0,639.0,0.5962,,製造業,tag,2026-03-31,E01798,9011101013864,S100YFF9
1818,2570,752,7036,株式会社イーエムネットジャパン,サービス業,上場,28.8,4.6,5095000.0,5592848,1.0977,130.0,,,,サービス業,tag,2025-12-31,E34294,1011101066507,S100XVWO
1819,1386,-433,8283,株式会社ＰＡＬＴＡＣ,卸売業,非上場,43.8,17.5,6761779.0,5591740,0.827,2363.0,,,,卸売業・小売業,tag,2026-03-31,E02691,2120001077528,S100YDG4
1820,1487,-333,5923,高田機工株式会社,金属製品,上場,46.0,18.0,6641116.0,5591185,0.8419,347.0,,,,製造業,tag,2026-03-31,E01373,8120001038994,S100YI9L
1821,1667,-154,,トーハツ株式会社,輸送用機器,非上場,42.9,17.1,6399000.0,5589932,0.8736,455.0,497.0,0.9155,,製造業,textblock,2026-03-31,E02169,2011401004553,S100YHG9
1822,2384,562,5032,ＡＮＹＣＯＬＯＲ株式会社,サービス業,上場,31.9,2.5,5402000.0,5589234,1.0347,677.0,,,,サービス業,tag,2026-04-30,E37573,7011101080460,S100YSEA
1823,1678,-145,6568,神戸天然物化学株式会社,サービス業,上場,41.3,11.9,6386000.0,5589151,0.8752,340.0,,,,サービス業,tag,2026-03-31,E33794,3140001022497,S100YACF
1824,1775,-49,5189,櫻護謨株式会社,ゴム製品,上場,41.0,16.5,6247000.0,5588568,0.8946,323.0,351.0,0.9202,,製造業,tag,2026-03-31,E01107,3011001008986,S100YIQ8
1825,1898,73,9369,株式会社キユーソー流通システム,倉庫・運輸関連,上場,40.1,15.1,6070143.0,5588353,0.9206,646.0,7971.0,0.081,本社のみ,運輸業,tag,2025-11-30,E04213,7012401007541,S100XMO8
1826,1608,-218,4212,積水樹脂株式会社,化学,上場,44.0,17.4,6479323.0,5586429,0.8622,743.0,1621.0,0.4584,,製造業,tag,2026-03-31,E01008,9120001059651,S100YIY2
1827,1820,-7,4093,東邦アセチレン株式会社,化学,上場,40.4,16.1,6195000.0,5585636,0.9016,128.0,763.0,0.1678,,製造業,tag,2026-03-31,E00787,8010001034831,S100YL3N
1828,2367,539,6539,株式会社ＭＳ－Ｊａｐａｎ,サービス業,上場,32.4,5.4,5431000.0,5584464,1.0283,210.0,251.0,0.8367,,サービス業,tag,2026-03-31,E32801,9120001111949,S100YEG1
1829,1798,-31,4097,高圧ガス工業株式会社,化学,上場,40.8,14.2,6225000.0,5583993,0.897,606.0,2005.0,0.3022,,製造業,tag,2026-03-31,E00781,5120001059639,S100YHRU
1830,2086,256,2186,ソーバル株式会社,サービス業,上場,37.2,12.4,5805000.0,5582781,0.9617,790.0,978.0,0.8078,,サービス業,tag,2026-02-28,E22049,9010801008257,S100Y5RH
1831,1579,-252,8111,株式会社ゴールドウイン,繊維製品,上場,44.6,15.8,6518809.0,5581571,0.8562,1287.0,1536.0,0.8379,,製造業,tag,2026-03-31,E00603,3230001008974,S100YGJI
1832,1671,-161,7971,東リ株式会社,化学,上場,43.0,17.0,6393000.0,5579913,0.8728,920.0,1940.0,0.4742,,製造業,tag,2026-03-31,E00995,6140001078660,S100YB1Q
1833,1779,-54,6279,株式会社瑞光,機械,上場,41.1,10.8,6243024.0,5579352,0.8937,330.0,641.0,0.5148,,製造業,tag,2026-02-20,E01677,7120901009526,S100Y3PF
1834,1333,-501,6804,ホシデン株式会社,電気機器,上場,48.6,24.4,6826486.0,5579125,0.8173,569.0,8465.0,0.0672,本社のみ,製造業,tag,2026-03-31,E01815,4122001020003,S100YI0D
1835,2090,255,6558,クックビズ株式会社,サービス業,上場,37.2,5.8,5800682.0,5578820,0.9618,137.0,169.0,0.8107,,サービス業,tag,2025-11-30,E33515,7120001128193,S100XNDX
1836,1560,-276,9761,東海リース株式会社,サービス業,上場,43.3,14.8,6540859.0,5578100,0.8528,431.0,590.0,0.7305,,サービス業,tag,2026-03-31,E04800,7120001067607,S100YJ2Z
1837,1746,-91,6668,株式会社アドテックプラズマテクノロジー,電気機器,上場,41.6,9.7,6280378.0,5577320,0.8881,181.0,523.0,0.3461,,製造業,tag,2025-08-31,E02092,2240001029764,S100X6VA
1838,1565,-273,9647,株式会社協和コンサルタンツ,サービス業,上場,43.29,12.89,6535788.0,5574852,0.853,169.0,206.0,0.8204,,サービス業,tag,2025-11-30,E04884,2011001006553,S100XMZO
1839,2248,409,7419,株式会社ノジマ,小売業,上場,35.0,9.0,5573000.0,5573000,1.0,2912.0,12112.0,0.2404,,卸売業・小売業,tag,2026-03-31,E03235,4021001013588,S100YAOT
1840,1843,3,5697,株式会社サンユウ,鉄鋼,上場,40.2,16.1,6161065.0,5571575,0.9043,194.0,301.0,0.6445,,製造業,tag,2026-03-31,E01296,1120001149666,S100YGAZ
1841,1753,-88,5941,株式会社　中西製作所,金属製品,上場,41.6,11.7,6271000.0,5570228,0.8883,669.0,,,,製造業,tag,2026-03-31,E01445,3120001018349,S100YJT1
1842,1452,-390,5237,株式会社ノザワ,ガラス・土石製品,上場,46.9,22.3,6679000.0,5570056,0.834,311.0,332.0,0.9367,,製造業,tag,2026-03-31,E01166,9140001010083,S100YK4Z
1843,1705,-138,3776,株式会社ブロードバンドタワー,情報・通信業,上場,41.1,11.0,6351000.0,5569429,0.8769,133.0,218.0,0.6101,,情報通信業,tag,2025-12-31,E05494,6010401059802,S100WZGB
1844,1415,-429,7717,株式会社ブイ・テクノロジー,精密機器,上場,47.5,8.6,6724000.0,5568806,0.8282,246.0,1027.0,0.2395,,製造業,tag,2026-03-31,E02334,3020001043968,S100YITH
1845,2508,663,1431,株式会社Ｌｉｂ　Ｗｏｒｋ,建設業,上場,31.1,4.4,5196756.0,5568780,1.0716,274.0,324.0,0.8457,,建設業,tag,2025-06-30,E31614,7330001010363,S100WQNU
1846,1470,-376,6771,池上通信機株式会社,電気機器,上場,46.7,21.3,6661526.0,5568650,0.8359,630.0,774.0,0.814,,製造業,tag,2026-03-31,E01819,6010801000811,S100YGW1
1847,1792,-55,4611,大日本塗料株式会社,化学,上場,41.2,16.0,6233100.0,5565640,0.8929,710.0,2522.0,0.2815,,製造業,tag,2026-03-31,E00891,1120001026551,S100YHL6
1848,1783,-65,7962,株式会社キングジム,その他製品,上場,41.3,17.2,6240290.0,5565054,0.8918,366.0,1738.0,0.2106,,製造業,tag,2025-06-20,E02398,8010001014924,S100WOZY
1849,1871,22,7774,株式会社ジャパン・ティッシュエンジニアリング,精密機器,上場,39.7,12.0,6112834.0,5564924,0.9104,200.0,,,,製造業,tag,2026-03-31,E02357,4180301011063,S100YDBW
1850,1614,-236,5185,株式会社フコク,ゴム製品,上場,44.3,15.6,6471860.0,5564801,0.8598,1167.0,4401.0,0.2652,,製造業,tag,2026-03-31,E01113,5030001044311,S100YG75
1851,2258,407,1429,株式会社日本アクア,建設業,上場,35.0,3.9,5563000.0,5563000,1.0,710.0,,,,建設業,tag,2025-12-31,E30126,4020001061696,S100XUQB
1852,1680,-172,3106,倉敷紡績株式会社,繊維製品,上場,43.2,17.8,6385000.0,5562929,0.8712,1090.0,3714.0,0.2935,,製造業,tag,2026-03-31,E00528,4260001013120,S100YIYE
1853,1214,-639,6740,株式会社ジャパンディスプレイ,電気機器,上場,50.9,23.2,6979000.0,5561767,0.7969,1214.0,2333.0,0.5204,,製造業,tag,2026-03-31,E30481,6040001059563,S100YH91
1854,2043,189,2491,バリューコマース株式会社,サービス業,上場,38.0,8.1,5887000.0,5556603,0.9439,381.0,381.0,1.0,,サービス業,tag,2025-12-31,E05149,1010401062075,S100XU5J
1855,1642,-213,6496,株式会社中北製作所,機械,上場,43.9,16.7,6428690.0,5555883,0.8642,368.0,463.0,0.7948,,製造業,tag,2025-05-31,E01649,5122001015687,S100WLJD
1856,1904,48,4772,株式会社ＳＭ　ＥＮＴＥＲＴＡＩＮＭＥＮＴ　ＪＡＰＡＮ,情報・通信業,上場,38.5,5.5,6067000.0,5555068,0.9156,104.0,104.0,1.0,,情報通信業,tag,2025-12-31,E05088,6010401036776,S100XTT0
1857,1566,-291,4345,株式会社シーティーエス,サービス業,上場,43.8,11.2,6535342.0,5554447,0.8499,257.0,286.0,0.8986,,サービス業,tag,2026-03-31,E05267,7100001009957,S100YDWN
1858,2791,933,5125,株式会社ファインズ,情報・通信業,上場,28.8,2.9,4560747.0,5554216,1.2178,256.0,,,,情報通信業,tag,2025-06-30,E37482,2011001127135,S100WS33
1859,1397,-462,7616,株式会社　コロワイド,小売業,上場,44.1,14.2,6742000.0,5552860,0.8236,149.0,5907.0,0.0252,本社のみ,卸売業・小売業,tag,2026-03-31,E03321,8020001040291,S100YG3O
1860,2139,279,2307,株式会社クロスキャット,情報・通信業,上場,36.0,11.0,5732098.0,5552600,0.9687,563.0,881.0,0.639,,情報通信業,tag,2026-03-31,E05291,5010701002818,S100YJU2
1861,2234,373,4011,株式会社ヘッドウォータース,情報・通信業,上場,35.2,4.43,5588000.0,5552109,0.9936,161.0,389.0,0.4139,,情報通信業,tag,2025-12-31,E35941,4011101040211,S100XUSL
1862,1539,-323,8016,株式会社オンワードホールディングス,繊維製品,上場,45.9,19.3,6572000.0,5549583,0.8444,117.0,6527.0,0.0179,本社のみ,製造業,tag,2026-02-28,E02521,4010001034736,S100Y6J6
1863,1750,-113,1758,太洋基礎工業株式会社,建設業,上場,45.7,14.6,6275000.0,5549282,0.8843,221.0,,,,建設業,tag,2026-01-31,E00287,7180001019940,S100Y01F
1864,1561,-303,6310,井関農機株式会社,機械,上場,45.5,16.0,6540329.0,5548734,0.8484,560.0,5199.0,0.1077,,製造業,tag,2025-12-31,E01563,2500001000533,S100XTT5
1865,1955,90,4784,ＧＭＯインターネット株式会社,サービス業,上場,38.9,9.8,6000000.0,5547033,0.9245,674.0,1826.0,0.3691,,サービス業,tag,2025-12-31,E05123,1011001032872,S100XRMD
1866,1841,-25,8876,株式会社リログループ,サービス業,上場,40.1,8.1,6164000.0,5546113,0.8998,126.0,3451.0,0.0365,本社のみ,サービス業,tag,2026-03-31,E05047,9011101016891,S100YE6Y
1867,2272,405,9450,株式会社ファイバーゲート,情報・通信業,上場,35.0,5.0,5544000.0,5544000,1.0,227.0,239.0,0.9498,,情報通信業,tag,2025-06-30,E33839,7430001029022,S100WQ94
1868,1309,-559,7670,オーウエル株式会社,卸売業,上場,45.1,15.9,6857000.0,5542936,0.8084,370.0,618.0,0.5987,,卸売業・小売業,tag,2026-03-31,E34470,6120001049291,S100YFWA
1869,1796,-73,7856,萩原工業株式会社,その他製品,上場,41.5,17.4,6226702.0,5542685,0.8901,545.0,1292.0,0.4218,,製造業,tag,2025-10-31,E01053,7260001014438,S100XHSU
1870,1695,-175,3947,ダイナパック株式会社,パルプ・紙,上場,43.4,20.4,6370000.0,5541070,0.8699,658.0,2418.0,0.2721,,製造業,tag,2025-12-31,E00668,1180001037535,S100XT1X
1871,2337,466,3674,株式会社オークファン,情報・通信業,上場,34.6,3.6,5464000.0,5540516,1.014,103.0,163.0,0.6319,,情報通信業,tag,2025-09-30,E27394,7011001053434,S100XDE3
1872,1756,-116,5368,日本インシュレーション株式会社,ガラス・土石製品,上場,42.1,13.9,6270000.0,5539959,0.8836,299.0,352.0,0.8494,,製造業,tag,2026-03-31,E35497,1120001040610,S100YG71
1873,1833,-40,4120,スガイ化学工業株式会社,化学,上場,41.0,18.0,6182000.0,5538584,0.8959,176.0,,,,製造業,tag,2026-03-31,E00906,4170001001687,S100YBHZ
1874,1742,-132,6488,株式会社ヨシタケ,機械,上場,42.3,16.0,6282549.0,5538031,0.8815,180.0,550.0,0.3273,,製造業,tag,2026-03-31,E01683,9180001011318,S100YDUY
1875,1971,96,3580,小松マテーレ株式会社,繊維製品,上場,38.5,15.9,5981496.0,5535244,0.9254,835.0,1227.0,0.6805,,製造業,tag,2026-03-31,E00591,1220001012764,S100YHIR
1876,2146,270,2211,株式会社不二家,食料品,上場,36.1,12.2,5715874.0,5535175,0.9684,1432.0,2457.0,0.5828,,製造業,tag,2025-12-31,E00374,3010001034910,S100XS9W
1877,2588,711,3093,株式会社トレジャー・ファクトリー,小売業,上場,30.3,5.3,5067877.0,5533625,1.0919,1168.0,1434.0,0.8145,,卸売業・小売業,tag,2026-02-28,E03520,3011801014408,S100Y644
1878,1958,80,1770,藤田エンジニアリング株式会社,建設業,上場,43.1,16.6,5999497.0,5532648,0.9222,248.0,597.0,0.4154,,建設業,tag,2026-03-31,E00277,6070001008237,S100YGU7
1879,1802,-77,7819,粧美堂株式会社,その他製品,上場,41.58,13.2,6219646.0,5532581,0.8895,206.0,260.0,0.7923,,製造業,tag,2025-09-30,E23465,4010401097556,S100XAKV
1880,1973,93,5464,モリ工業株式会社,鉄鋼,上場,38.5,17.0,5977656.0,5532067,0.9255,523.0,695.0,0.7525,,製造業,tag,2026-03-31,E01315,2120101034032,S100YEUF
1881,1830,-51,6997,日本ケミコン株式会社,電気機器,上場,41.2,17.4,6186000.0,5529624,0.8939,847.0,5348.0,0.1584,,製造業,tag,2026-03-31,E01926,7010701015586,S100YL3Z
1882,1845,-37,5946,株式会社長府製作所,金属製品,上場,40.9,16.3,6160290.0,5527902,0.8973,1113.0,1166.0,0.9545,,製造業,tag,2025-12-31,E01659,8250001005924,S100XRH4
1883,1686,-197,2286,林兼産業株式会社,食料品,上場,43.8,19.3,6378418.0,5525440,0.8663,310.0,462.0,0.671,,製造業,tag,2026-03-31,E00443,8250001006179,S100YJI4
1884,1827,-57,6763,帝国通信工業株式会社,電気機器,上場,41.3,17.9,6188000.0,5525182,0.8929,285.0,1678.0,0.1698,,製造業,tag,2026-03-31,E01782,2020001069741,S100YDZX
1885,2061,176,3976,株式会社シャノン,情報・通信業,上場,36.9,6.4,5860000.0,5523638,0.9426,187.0,195.0,0.959,,情報通信業,tag,2025-12-31,E32855,1010401052638,S100XV3B
1886,2309,423,2152,幼児活動研究会株式会社,サービス業,上場,34.5,12.1,5494000.0,5523188,1.0053,569.0,,,,サービス業,tag,2026-03-31,E05691,3010701010137,S100YD0S
1887,1948,61,6286,靜甲株式会社,機械,上場,39.0,15.0,6005204.0,5522593,0.9196,428.0,892.0,0.4798,,製造業,tag,2026-03-31,E01684,5080001008518,S100YHL2
1888,1647,-241,4341,西菱電機株式会社,サービス業,上場,42.5,15.6,6420000.0,5522306,0.8602,418.0,606.0,0.6898,,サービス業,tag,2026-03-31,E05262,1140001078509,S100YFFX
1889,1718,-171,6918,株式会社アバールデータ,電気機器,上場,43.2,16.2,6328000.0,5521611,0.8726,199.0,,,,製造業,tag,2026-03-31,E01993,6012301000127,S100Y38P
1890,2334,444,2764,株式会社ひらまつ,小売業,上場,34.5,7.2,5472000.0,5520424,1.0088,714.0,716.0,0.9972,,卸売業・小売業,tag,2026-03-31,E03406,9011001037410,S100YL5S
1891,1938,47,4752,株式会社　昭和システムエンジニアリング,情報・通信業,上場,38.5,15.4,6021000.0,5518046,0.9165,489.0,,,,情報通信業,tag,2026-03-31,E05075,3010001045552,S100YE2I
1892,1932,40,7504,株式会社高速,卸売業,上場,38.99,10.59,6032887.0,5518004,0.9147,713.0,1147.0,0.6216,,卸売業・小売業,tag,2026-03-31,E02850,4370001005032,S100YEIF
1893,1893,0,9753,アイエックス・ナレッジ株式会社,情報・通信業,上場,39.2,15.2,6088649.0,5516262,0.906,1222.0,1248.0,0.9792,,情報通信業,tag,2026-03-31,E04815,5010401047403,S100YIII
1894,2307,413,7366,株式会社ＬＩＴＡＬＩＣＯ,サービス業,上場,34.7,4.9,5498000.0,5515489,1.0032,1616.0,5443.0,0.2969,,サービス業,tag,2026-03-31,E36134,4011001133197,S100YDDX
1895,2231,336,2461,株式会社ファンコミュニケーションズ,サービス業,上場,35.8,7.8,5591000.0,5515408,0.9865,319.0,356.0,0.8961,,サービス業,tag,2025-12-31,E05533,7011001035606,S100XRYY
1896,2044,148,,株式会社静岡中央銀行,銀行業,非上場,38.4,14.5,5886000.0,5514490,0.9369,427.0,433.0,0.9861,,金融業・保険業,textblock,2026-03-31,E03648,8080101000735,S100YFGS
1897,1559,-338,5918,瀧上工業株式会社,金属製品,上場,46.2,15.2,6541204.0,5513489,0.8429,312.0,488.0,0.6393,,製造業,tag,2026-03-31,E01364,1180001089667,S100YJYC
1898,2242,344,4641,株式会社アルプス技研,サービス業,上場,35.7,9.9,5579071.0,5512994,0.9882,4909.0,6265.0,0.7836,,サービス業,tag,2025-12-31,E04954,5020001090389,S100XTGN
1899,2085,186,9564,株式会社ＦＣＥ,サービス業,上場,37.8,5.6,5809000.0,5511797,0.9488,229.0,264.0,0.8674,,サービス業,tag,2025-09-30,E38007,5011101080339,S100XDAL
1900,1673,-227,4064,日本カーバイド工業株式会社,化学,上場,44.2,17.1,6389000.0,5511652,0.8627,533.0,3400.0,0.1568,,製造業,tag,2026-03-31,E00777,6010401038624,S100YJLD
1901,1879,-22,366A,ウェルネス・コミュニケーションズ株式会社,サービス業,上場,40.0,5.0,6105000.0,5509880,0.9025,128.0,263.0,0.4867,,サービス業,tag,2026-03-31,E37743,2010601032208,S100YKON
1902,2286,384,3562,株式会社Ｎｏ．１,卸売業,上場,35.1,7.9,5521000.0,5508047,0.9977,547.0,957.0,0.5716,,卸売業・小売業,tag,2026-02-28,E33037,8010001136248,S100Y62C
1903,1447,-456,8030,中央魚類株式会社,卸売業,上場,44.2,14.8,6685089.0,5507464,0.8238,217.0,794.0,0.2733,,卸売業・小売業,tag,2026-03-31,E02566,5010001034859,S100YL2H
1904,2392,488,6578,株式会社コレックホールディングス,サービス業,上場,33.0,6.0,5390000.0,5506399,1.0216,109.0,358.0,0.3045,,サービス業,tag,2026-02-28,E33928,2013301031289,S100Y78X
1905,1651,-254,7885,タカノ株式会社,その他製品,上場,44.7,16.0,6415858.0,5504315,0.8579,616.0,727.0,0.8473,,製造業,tag,2026-03-31,E02435,8100001021275,S100YITM
1906,2563,657,3465,ケイアイスター不動産株式会社,不動産業,上場,32.8,4.1,5103000.0,5502683,1.0783,1536.0,2897.0,0.5302,,不動産業,tag,2026-03-31,E31979,3030001060211,S100YIZP
1907,1585,-322,7297,株式会社カーメイト,輸送用機器,上場,46.0,18.7,6510000.0,5502502,0.8452,343.0,640.0,0.5359,,製造業,tag,2026-03-31,E02223,3013301021082,S100YKN6
1908,2174,266,7094,株式会社ＮｅｘＴｏｎｅ,サービス業,上場,36.8,6.3,5670000.0,5500943,0.9702,127.0,306.0,0.415,,サービス業,tag,2026-03-31,E35562,5011001072766,S100YHNA
1909,1690,-219,3880,大王製紙株式会社,パルプ・紙,上場,44.2,19.6,6372617.0,5500073,0.8631,2356.0,11639.0,0.2024,,製造業,tag,2026-03-31,E00660,9500001014345,S100YJ8D
1910,2582,672,3986,株式会社ビーブレイクシステムズ,情報・通信業,上場,32.8,8.0,5081000.0,5498661,1.0822,150.0,,,,情報通信業,tag,2025-06-30,E33232,7010701013986,S100WR2U
1911,2112,201,4125,三和油化工業株式会社,化学,上場,36.7,9.6,5773000.0,5498524,0.9525,280.0,458.0,0.6114,,製造業,tag,2026-03-31,E37157,4180301014009,S100YEHE
1912,1535,-377,7931,未来工業株式会社,化学,上場,47.0,23.0,6577764.0,5498109,0.8359,845.0,1295.0,0.6525,,製造業,tag,2026-03-20,E02002,3200001014926,S100YBKG
1913,1858,-55,7212,株式会社エフテック,輸送用機器,上場,41.17,18.17,6142335.0,5498004,0.8951,742.0,7300.0,0.1016,,製造業,tag,2026-03-31,E02229,6030001031085,S100YHFG
1914,2308,394,7611,株式会社ハイデイ日高,小売業,上場,35.0,8.0,5497000.0,5497000,1.0,1088.0,,,,卸売業・小売業,tag,2026-02-28,E03318,1030001006892,S100Y64B
1915,1942,27,9535,広島ガス株式会社,電気・ガス業,上場,44.3,18.9,6019000.0,5496812,0.9132,657.0,1676.0,0.392,,電気・ガス業,tag,2026-03-31,E04521,2240001009205,S100YEHM
1916,2350,434,9561,株式会社グラッドキューブ,サービス業,上場,34.2,4.2,5448000.0,5494459,1.0085,106.0,106.0,1.0,,サービス業,tag,2025-12-31,E37979,9120001129165,S100XV2A
1917,1807,-110,5939,株式会社大谷工業,金属製品,上場,42.2,18.5,6213500.0,5492292,0.8839,179.0,,,,製造業,tag,2026-03-31,E01425,5010701002074,S100YKRJ
1918,1473,-445,9867,ソレキア株式会社,卸売業,上場,44.2,20.4,6660914.0,5491784,0.8245,703.0,713.0,0.986,,卸売業・小売業,tag,2026-03-31,E02718,1010801004073,S100YKQM
1919,2293,374,9994,株式会社やまや,小売業,上場,35.2,12.0,5514476.0,5488799,0.9953,109.0,1807.0,0.0603,本社のみ,卸売業・小売業,tag,2026-03-31,E03227,5370001014536,S100YIXT
1920,2592,672,7803,株式会社ブシロード,その他製品,上場,31.9,4.5,5063497.0,5488545,1.0839,259.0,873.0,0.2967,,製造業,tag,2025-06-30,E35004,8011201012032,S100WQQH
1921,1917,-4,4661,株式会社オリエンタルランド,サービス業,上場,39.8,10.1,6051217.0,5488319,0.907,6528.0,11207.0,0.5825,,サービス業,tag,2026-03-31,E04707,3040001029379,S100YCJX
1922,1633,-289,9625,株式会社セレスポ,サービス業,上場,43.9,18.1,6447220.0,5487809,0.8512,405.0,,,,サービス業,tag,2026-03-31,E04899,9013301006441,S100YF00
1923,2077,154,9708,株式会社帝国ホテル,サービス業,上場,38.1,13.6,5822000.0,5487530,0.9426,1823.0,1899.0,0.96,,サービス業,tag,2026-03-31,E04539,8010001008711,S100YF3V
1924,1809,-115,3788,ＧＭＯグローバルサイン・ホールディングス株式会社,情報・通信業,上場,40.8,9.0,6208000.0,5486452,0.8838,364.0,962.0,0.3784,,情報通信業,tag,2025-12-31,E05545,7011001037734,S100XREJ
1925,1489,-436,7551,株式会社ウェッズ,卸売業,上場,44.1,15.0,6640000.0,5486451,0.8263,162.0,477.0,0.3396,,卸売業・小売業,tag,2026-03-31,E02870,7010801014505,S100YFMB
1926,2060,134,7048,ベルトラ株式会社,サービス業,上場,38.4,5.6,5860612.0,5486091,0.9361,141.0,242.0,0.5826,,サービス業,tag,2025-12-31,E34508,2011101049188,S100XSV4
1927,1905,-22,3315,日本コークス工業株式会社,石油・石炭製品,上場,40.4,18.2,6066971.0,5485489,0.9042,465.0,983.0,0.473,,製造業,tag,2026-03-31,E00030,5010601029770,S100YK1Z
1928,1803,-125,3434,株式会社アルファ,金属製品,上場,42.4,16.0,6218252.0,5484848,0.8821,403.0,4069.0,0.099,本社のみ,製造業,tag,2026-03-31,E02245,1020001005862,S100YGLQ
1929,1469,-460,8089,ナイス株式会社,卸売業,上場,44.3,18.2,6661745.0,5484101,0.8232,1063.0,2827.0,0.376,,卸売業・小売業,tag,2026-03-31,E02584,2020001037946,S100YI3N
1930,1829,-101,5988,株式会社パイオラックス,金属製品,上場,42.0,16.2,6186246.0,5482986,0.8863,582.0,2784.0,0.2091,,製造業,tag,2026-03-31,E01438,7020001030260,S100YDNF
1931,2322,391,4199,ワンダープラネット株式会社,情報・通信業,上場,35.0,6.5,5482000.0,5482000,1.0,136.0,,,,情報通信業,tag,2025-08-31,E36661,3180001106874,S100X6FE
1932,1729,-203,3513,イチカワ株式会社,繊維製品,上場,43.6,23.7,6300000.0,5479968,0.8698,523.0,639.0,0.8185,,製造業,tag,2026-03-31,E00572,1010001000708,S100YE5G
1933,1888,-45,,北陸鉄道株式会社,陸運業,非上場,45.4,20.2,6092951.0,5479922,0.8994,295.0,902.0,0.3271,,運輸業,textblock,2026-03-31,E04130,1220001006411,S100YMR2
1934,1768,-166,7271,株式会社安永,輸送用機器,上場,43.0,19.0,6255434.0,5479680,0.876,560.0,1706.0,0.3283,,製造業,tag,2026-03-31,E02227,1190001008733,S100YFR1
1935,1906,-29,4221,大倉工業株式会社,化学,上場,40.5,16.5,6066344.0,5479022,0.9032,1054.0,1883.0,0.5597,,製造業,tag,2025-12-31,E00834,2470001007268,S100XSNI
1936,1737,-199,,株式会社山田製作所,輸送用機器,非上場,43.5,18.5,6289295.0,5477563,0.8709,1250.0,2888.0,0.4328,,製造業,tag,2026-03-31,E02244,9070001016708,S100YDVP
1937,1778,-159,3839,株式会社ＯＤＫソリューションズ,情報・通信業,上場,41.3,12.1,6244000.0,5476878,0.8771,142.0,204.0,0.6961,,情報通信業,tag,2026-03-31,E05679,8120001092926,S100YHN8
1938,1582,-356,7555,株式会社大田花き,卸売業,上場,43.2,17.5,6511000.0,5476485,0.8411,176.0,186.0,0.9462,,卸売業・小売業,tag,2026-03-31,E02871,7010801002063,S100YLK4
1939,1754,-185,7435,株式会社ナ・デックス,卸売業,上場,41.3,10.9,6270452.0,5475690,0.8733,235.0,731.0,0.3215,,卸売業・小売業,tag,2026-04-30,E02011,5180001039239,S100YSCT
1940,1818,-122,6143,株式会社ソディック,機械,上場,42.3,14.4,6197248.0,5474738,0.8834,1173.0,3272.0,0.3585,,製造業,tag,2025-12-31,E01504,3020001020736,S100XUQM
1941,2070,129,9537,北陸瓦斯株式会社,電気・ガス業,上場,41.1,18.1,5841328.0,5473556,0.937,450.0,652.0,0.6902,,電気・ガス業,tag,2026-03-31,E04519,5110001004983,S100YIW6
1942,1713,-229,7686,株式会社ひとまいる,卸売業,上場,41.9,10.4,6341960.0,5473003,0.863,230.0,2028.0,0.1134,,卸売業・小売業,tag,2026-03-31,E35334,2011501000964,S100YIAO
1943,2165,222,7472,株式会社鳥羽洋行,卸売業,上場,36.7,12.9,5689000.0,5472408,0.9619,224.0,261.0,0.8582,,卸売業・小売業,tag,2026-03-31,E02833,9010001005600,S100YC9S
1944,1899,-45,4492,株式会社ゼネテック,情報・通信業,上場,39.6,6.9,6070000.0,5471049,0.9013,452.0,648.0,0.6975,,情報通信業,tag,2026-03-31,E35504,7011101011259,S100YJQM
1945,2204,259,9330,株式会社揚羽,サービス業,上場,36.7,3.8,5628000.0,5470381,0.972,141.0,,,,サービス業,tag,2025-09-30,E38849,3010001133118,S100XCV7
1946,1842,-104,7458,株式会社第一興商,卸売業,上場,40.5,11.8,6162590.0,5470042,0.8876,2199.0,3694.0,0.5953,,卸売業・小売業,tag,2026-03-31,E02824,6010701005431,S100YK39
1947,1979,32,2332,株式会社クエスト,情報・通信業,上場,38.6,11.6,5965656.0,5465666,0.9162,986.0,1092.0,0.9029,,情報通信業,tag,2026-03-31,E05310,8010401008344,S100YAQJ
1948,2579,631,7030,株式会社スプリックス,サービス業,上場,29.9,3.6,5085757.0,5464536,1.0745,823.0,1550.0,0.531,,サービス業,tag,2025-09-30,E34053,7110001022686,S100XCTM
1949,1834,-115,9170,成友興業株式会社,サービス業,上場,41.0,9.3,6179860.0,5463403,0.8841,223.0,368.0,0.606,,サービス業,tag,2025-09-30,E38906,5013101000994,S100XB94
1950,1462,-488,,株式会社日本能率協会マネジメントセンター,サービス業,非上場,47.8,11.3,6666285.0,5462769,0.8195,442.0,572.0,0.7727,,サービス業,tag,2025-06-30,E30164,6010401023056,S100WRZV
1951,2498,547,2695,くら寿司株式会社,小売業,上場,32.4,7.6,5213450.0,5462617,1.0478,1794.0,2854.0,0.6286,,卸売業・小売業,tag,2025-10-31,E03375,4120101002846,S100XHP5
1952,1889,-63,8860,フジ住宅株式会社,不動産業,上場,41.4,10.5,6092415.0,5461848,0.8965,761.0,931.0,0.8174,,不動産業,tag,2026-03-31,E03953,1120101037457,S100YB7Y
1953,1940,-13,4769,株式会社ＩＣ,情報・通信業,上場,39.2,15.0,6019000.0,5461687,0.9074,722.0,807.0,0.8947,,情報通信業,tag,2025-09-30,E05101,3010701001012,S100XBNE
1954,1799,-155,6229,株式会社オーケーエム,機械,上場,42.9,11.6,6223046.0,5461398,0.8776,265.0,371.0,0.7143,,製造業,tag,2026-03-31,E36098,5160001009813,S100YHR0
1955,1835,-120,7980,株式会社　重松製作所,その他製品,上場,42.3,16.9,6179000.0,5461199,0.8838,399.0,,,,製造業,tag,2026-03-31,E02383,6011501017030,S100YKGZ
1956,1814,-142,6125,株式会社岡本工作機械製作所,機械,上場,42.6,15.8,6200000.0,5460546,0.8807,504.0,2229.0,0.2261,,製造業,tag,2026-03-31,E01493,7070001009787,S100YKCW
1957,1739,-218,9872,北恵株式会社,卸売業,上場,41.6,13.0,6287000.0,5460499,0.8685,383.0,,,,卸売業・小売業,tag,2025-11-20,E02722,7120001077804,S100XM1D
1958,1951,-7,5953,昭和鉄工株式会社,金属製品,上場,40.02,16.35,6002242.0,5457330,0.9092,392.0,396.0,0.9899,,製造業,tag,2026-03-31,E01688,9290001003221,S100YE8F
1959,1747,-212,6623,愛知電機株式会社,電気機器,上場,43.8,18.6,6280000.0,5455179,0.8687,1116.0,2833.0,0.3939,,製造業,tag,2026-03-31,E01748,4180001073593,S100YHJY
1960,1652,-308,6874,協立電機株式会社,電気機器,上場,45.7,17.6,6414109.0,5452385,0.8501,385.0,840.0,0.4583,,製造業,tag,2025-06-30,E02039,6080001001232,S100WQ31
1961,1736,-225,4234,株式会社サンエー化研,化学,上場,44.0,18.0,6290000.0,5451948,0.8668,432.0,611.0,0.707,,製造業,tag,2026-03-31,E01052,2010001017602,S100YK61
1962,2502,540,4012,株式会社アクシス,情報・通信業,上場,33.7,6.8,5207000.0,5451692,1.047,545.0,,,,情報通信業,tag,2025-12-31,E35959,6010401035266,S100XS04
1963,2538,575,3091,株式会社ブロンコビリー,小売業,上場,31.8,7.5,5144000.0,5451119,1.0597,653.0,711.0,0.9184,,卸売業・小売業,tag,2025-12-31,E03517,8180001013307,S100XT8X
1964,2366,402,3639,株式会社ボルテージ,情報・通信業,上場,34.9,9.4,5431444.0,5450261,1.0035,143.0,143.0,1.0,,情報通信業,tag,2025-06-30,E24392,7011001036785,S100WRYE
1965,1656,-309,6489,前澤工業株式会社,機械,非上場,45.7,17.2,6410649.0,5450027,0.8502,745.0,1048.0,0.7109,,製造業,tag,2025-05-31,E01672,5010001057579,S100WKXB
1966,1760,-206,7871,フクビ化学工業株式会社,化学,上場,43.7,19.9,6264860.0,5449549,0.8699,735.0,998.0,0.7365,,製造業,tag,2026-03-31,E00829,4210001003266,S100YCP7
1967,1755,-212,7278,株式会社エクセディ,輸送用機器,上場,43.8,17.4,6270036.0,5448065,0.8689,2514.0,10970.0,0.2292,,製造業,tag,2026-03-31,E02203,1120001147463,S100YBAF
1968,1895,-73,4463,日華化学株式会社,化学,上場,41.3,16.6,6084433.0,5446209,0.8951,628.0,1576.0,0.3985,,製造業,tag,2025-12-31,E00887,1210001002667,S100XTLN
1969,1854,-115,3551,ダイニック株式会社,繊維製品,上場,42.18,17.36,6149442.0,5445714,0.8856,611.0,1077.0,0.5673,,製造業,tag,2026-03-31,E00996,1130001001198,S100YFSH
1970,1644,-326,5983,イワブチ株式会社,金属製品,上場,46.0,17.2,6426000.0,5445687,0.8474,272.0,426.0,0.6385,,製造業,tag,2026-03-31,E01439,9040001034893,S100YHYU
1971,1810,-161,5142,アキレス株式会社,化学,上場,43.0,20.8,6208000.0,5445119,0.8771,1175.0,1596.0,0.7362,,製造業,tag,2026-03-31,E01096,7011101000682,S100YJF9
1972,1601,-371,3877,中越パルプ工業株式会社,パルプ・紙,上場,46.9,24.7,6489988.0,5444907,0.839,778.0,1273.0,0.6112,,製造業,tag,2026-03-31,E00649,3010001034877,S100YJ03
1973,2015,42,4826,株式会社ＣＩＪ,情報・通信業,上場,38.5,13.4,5929538.0,5444434,0.9182,808.0,1677.0,0.4818,,情報通信業,tag,2025-06-30,E05163,1020001015606,S100WOO0
1974,1348,-626,7521,株式会社ムサシ,卸売業,上場,46.0,20.0,6809331.0,5442879,0.7993,201.0,544.0,0.3695,,卸売業・小売業,tag,2026-03-31,E02855,6010001058667,S100YHDE
1975,1935,-40,9366,株式会社サンリツ,倉庫・運輸関連,上場,43.0,12.7,6023000.0,5440662,0.9033,404.0,456.0,0.886,,運輸業,tag,2026-03-31,E04353,5010401011846,S100YFGT
1976,1933,-43,1379,ホクト株式会社,水産・農林業,上場,40.6,14.5,6029004.0,5438607,0.9021,3325.0,4097.0,0.8116,,産業計,tag,2026-03-31,E00008,6100001003151,S100YKAZ
1977,1863,-114,6654,不二電機工業株式会社,電気機器,上場,42.0,19.0,6125810.0,5437787,0.8877,114.0,,,,製造業,tag,2026-01-31,E02007,9130001022352,S100XZWO
1978,2300,322,2454,株式会社オールアバウト,サービス業,上場,35.8,5.7,5508768.0,5435688,0.9867,126.0,296.0,0.4257,,サービス業,tag,2026-03-31,E05514,7011001034665,S100YFW5
1979,1780,-199,7287,日本精機株式会社,輸送用機器,上場,43.7,18.3,6243000.0,5433903,0.8704,1453.0,13246.0,0.1097,,製造業,tag,2026-03-31,E02214,3110001023135,S100YHIT
1980,1717,-263,3865,北越コーポレーション株式会社,パルプ・紙,上場,45.0,22.0,6331000.0,5430032,0.8577,1479.0,3728.0,0.3967,,製造業,tag,2026-03-31,E00645,6110001023149,S100YITB
1981,2023,42,8551,株式会社　北日本銀行,銀行業,上場,40.0,17.0,5922000.0,5426156,0.9163,754.0,771.0,0.978,,金融業・保険業,tag,2026-03-31,E03634,8400001001882,S100Y8FP
1982,1698,-284,6197,株式会社ソラスト,サービス業,上場,44.0,12.2,6365000.0,5425578,0.8524,28220.0,33674.0,0.838,,サービス業,tag,2026-03-31,E04878,3010001032864,S100YGQU
1983,1918,-65,4538,扶桑薬品工業株式会社,医薬品,上場,41.2,18.8,6049000.0,5424865,0.8968,1374.0,,,,製造業,tag,2026-03-31,E00953,5120001077541,S100YHSC
1984,1903,-81,3649,株式会社ファインデックス,情報・通信業,上場,40.2,8.0,6067000.0,5424553,0.8941,318.0,325.0,0.9785,,情報通信業,tag,2025-12-31,E25283,9500001003380,S100XTNK
1985,1957,-28,2329,株式会社東北新社,情報・通信業,上場,39.5,12.5,6000000.0,5424377,0.9041,705.0,1163.0,0.6062,,情報通信業,tag,2026-03-31,E05307,3010401015790,S100YKO9
1986,1961,-25,7291,日本プラスト株式会社,輸送用機器,上場,40.5,15.4,5996000.0,5424155,0.9046,974.0,5588.0,0.1743,,製造業,tag,2026-03-31,E02216,2080101012372,S100YHRY
1987,1728,-259,6943,ＮＫＫスイッチズ株式会社,電気機器,上場,44.72,14.75,6301000.0,5423137,0.8607,136.0,262.0,0.5191,,製造業,tag,2026-03-31,E01974,1020001066839,S100YJBX
1988,1943,-45,2384,ＳＢＳホールディングス株式会社,陸運業,上場,45.1,5.9,6015063.0,5422907,0.9016,310.0,11772.0,0.0263,本社のみ,運輸業,tag,2025-12-31,E04224,4010601013288,S100XSXL
1989,2010,21,2349,株式会社エヌアイデイ,情報・通信業,上場,38.8,14.2,5931000.0,5422601,0.9143,1088.0,1683.0,0.6465,,情報通信業,tag,2026-03-31,E05322,8040001063472,S100YK0N
1990,2135,145,1438,株式会社岐阜造園,建設業,上場,41.3,7.7,5737000.0,5422180,0.9451,135.0,151.0,0.894,,建設業,tag,2025-09-30,E32682,4200001001361,S100XCY4
1991,1600,-391,6706,電気興業株式会社,電気機器,上場,47.4,17.0,6492000.0,5422132,0.8352,574.0,1024.0,0.5605,,製造業,tag,2026-03-31,E01897,4010001008723,S100YH6S
1992,2045,53,4264,株式会社セキュア,情報・通信業,上場,38.3,4.4,5882000.0,5421505,0.9217,171.0,199.0,0.8593,,情報通信業,tag,2025-12-31,E36859,5011101040334,S100XTNP
1993,2132,139,2292,エスフーズ株式会社,食料品,上場,37.1,11.62,5739387.0,5420964,0.9445,893.0,2818.0,0.3169,,製造業,tag,2026-02-28,E00342,6140001069164,S100Y5H5
1994,2369,375,7357,株式会社ジオコード,サービス業,上場,35.1,4.0,5427450.0,5418383,0.9983,135.0,137.0,0.9854,,サービス業,tag,2026-02-28,E36078,4010401094677,S100Y7GV
1995,2025,30,6637,寺崎電気産業株式会社,電気機器,上場,39.6,16.7,5918522.0,5415726,0.915,566.0,2219.0,0.2551,,製造業,tag,2026-03-31,E01764,6120001005889,S100YKLJ
1996,1555,-441,6566,株式会社要興業,サービス業,上場,47.35,12.1,6545000.0,5415691,0.8275,390.0,467.0,0.8351,,サービス業,tag,2026-03-31,E33633,7013301003168,S100YFRW
1997,1800,-197,2331,ＡＬＳＯＫ株式会社,サービス業,上場,41.8,18.3,6221418.0,5415456,0.8705,11741.0,66949.0,0.1754,,サービス業,tag,2026-03-31,E05309,3010401016070,S100Y7EC
1998,1934,-64,6785,株式会社鈴木,電気機器,上場,41.05,18.19,6023854.0,5414127,0.8988,495.0,1091.0,0.4537,,製造業,tag,2025-06-30,E02058,4100001005587,S100WQD6
1999,1772,-227,2493,イーサポートリンク株式会社,サービス業,上場,42.1,10.2,6249000.0,5412803,0.8662,166.0,174.0,0.954,,サービス業,tag,2025-11-30,E05611,2013301018864,S100XNBS
2000,1839,-161,6505,東洋電機製造株式会社,電気機器,上場,43.1,17.1,6169416.0,5411818,0.8772,784.0,1146.0,0.6841,,製造業,tag,2025-05-31,E01742,7010001034857,S100WL6X
2001,1861,-140,2753,株式会社　あみやき亭,小売業,上場,40.9,8.0,6131000.0,5409456,0.8823,346.0,635.0,0.5449,,卸売業・小売業,tag,2026-03-31,E03398,7180001073665,S100Y9U0
2002,1926,-76,8362,株式会社福井銀行,銀行業,上場,41.62,16.02,6041000.0,5408895,0.8954,1235.0,1732.0,0.713,,金融業・保険業,tag,2026-03-31,E03567,9210001003641,S100YFJC
2003,1963,-40,9355,株式会社リンコーコーポレーション,倉庫・運輸関連,上場,45.2,20.8,5995119.0,5407318,0.902,329.0,583.0,0.5643,,運輸業,tag,2026-03-31,E04326,3110001005876,S100YHZP
2004,2064,60,1718,美樹工業株式会社,建設業,上場,43.2,12.7,5853004.0,5407273,0.9238,305.0,590.0,0.5169,,建設業,tag,2025-12-31,E00315,8140001061763,S100XTPB
2005,1949,-56,6469,株式会社　放電精密加工研究所,機械,上場,40.9,12.1,6003634.0,5407096,0.9006,462.0,641.0,0.7207,,製造業,tag,2026-02-28,E01454,6021001020459,S100Y5TC
2006,1944,-62,6546,フルテック株式会社,サービス業,上場,40.3,13.7,6015000.0,5406646,0.8989,645.0,737.0,0.8752,,サービス業,tag,2025-12-31,E33009,3430001013822,S100XURA
2007,1952,-55,6390,株式会社加藤製作所,機械,上場,40.9,13.9,6001000.0,5405065,0.9007,825.0,932.0,0.8852,,製造業,tag,2026-03-31,E01583,3010701002324,S100YG4R
2008,1679,-329,6028,テクノプロ・ホールディングス株式会社,サービス業,非上場,45.0,15.3,6385000.0,5403274,0.8462,186.0,30649.0,0.0061,本社のみ,サービス業,tag,2025-06-30,E31030,7010401063398,S100WRK2
2009,2031,22,1724,シンクレイヤ株式会社,建設業,上場,43.9,19.0,5910000.0,5402094,0.9141,170.0,259.0,0.6564,,建設業,tag,2025-12-31,E05326,3180001033524,S100XT97
2010,1730,-280,2185,株式会社シイエム・シイ,サービス業,上場,43.4,17.2,6299000.0,5400551,0.8574,375.0,825.0,0.4545,,サービス業,tag,2025-09-30,E22042,4180001036617,S100X9E8
2011,1694,-317,2464,株式会社ＡｏｂａーＢＢＴ,サービス業,上場,44.9,9.1,6372000.0,5397764,0.8471,131.0,629.0,0.2083,,サービス業,tag,2026-03-31,E05524,9010001027297,S100YE51
2012,2028,16,,旭精工株式会社,機械,非上場,39.9,17.4,5913000.0,5393707,0.9122,263.0,305.0,0.8623,,製造業,textblock,2026-03-31,E01606,5120101000824,S100YH13
2013,2055,42,410A,ＧＭＯコマース株式会社,情報・通信業,上場,38.6,5.6,5873000.0,5391381,0.918,103.0,,,,情報通信業,tag,2025-12-31,E40916,5011001092582,S100XR0F
2014,1757,-257,3501,ＳＵＭＩＮＯＥ株式会社,繊維製品,上場,44.9,21.1,6268000.0,5391261,0.8601,263.0,2943.0,0.0894,本社のみ,製造業,tag,2025-05-31,E00574,3120001082312,S100WLEX
2015,1878,-137,,株式会社　りゅうせき,小売業,非上場,40.9,13.2,6105787.0,5390747,0.8829,458.0,1208.0,0.3791,,卸売業・小売業,textblock,2026-03-31,E01078,5360001009256,S100YL16
2016,1589,-427,386A,株式会社みのや,小売業,上場,44.2,15.8,6502000.0,5388715,0.8288,177.0,,,,卸売業・小売業,tag,2025-06-30,E40756,5030001008183,S100WR75
2017,1838,-179,5269,日本コンクリート工業株式会社,ガラス・土石製品,上場,43.6,11.8,6171000.0,5387407,0.873,375.0,1351.0,0.2776,,製造業,tag,2026-03-31,E01142,8010401022551,S100YI1J
2018,2096,78,7804,株式会社ビーアンドピー,その他製品,上場,38.4,9.7,5794319.0,5386425,0.9296,188.0,207.0,0.9082,,製造業,tag,2025-10-31,E34800,7120001046701,S100XHVC
2019,1534,-485,6958,日本シイエムケイ株式会社,電気機器,上場,49.38,20.09,6578757.0,5385852,0.8187,1129.0,4304.0,0.2623,,製造業,tag,2026-03-31,E01959,6011101016382,S100YHVS
2020,1745,-275,6495,株式会社宮入バルブ製作所,機械,上場,45.2,15.9,6280674.0,5385420,0.8575,151.0,,,,製造業,tag,2026-03-31,E01624,8010001034955,S100YKBD
2021,2273,252,2659,株式会社サンエー,小売業,上場,36.3,14.1,5544000.0,5385131,0.9713,1746.0,1825.0,0.9567,,卸売業・小売業,tag,2026-02-28,E03352,5360001008803,S100Y64A
2022,2576,554,151A,株式会社ダイブ,サービス業,上場,30.7,3.7,5089000.0,5385123,1.0582,159.0,,,,サービス業,tag,2025-06-30,E39476,6011101046603,S100WQCJ
2023,2004,-19,3895,ハビックス株式会社,パルプ・紙,上場,40.4,11.2,5935000.0,5382259,0.9069,205.0,,,,製造業,tag,2026-03-31,E00690,6200001004239,S100YE3K
2024,2058,34,8542,株式会社トマト銀行,銀行業,上場,40.0,16.3,5866000.0,5381249,0.9174,712.0,746.0,0.9544,,金融業・保険業,tag,2026-03-31,E03678,7260001006096,S100YJ7V
2025,2018,-7,9081,神奈川中央交通株式会社,陸運業,上場,52.3,17.3,5926186.0,5380797,0.908,3757.0,6432.0,0.5841,,運輸業,tag,2026-03-31,E04158,6021001036307,S100YF1P
2026,2153,127,7187,ジェイリース株式会社,その他金融業,上場,38.2,7.2,5709000.0,5378656,0.9421,451.0,576.0,0.783,,金融業・保険業,tag,2026-03-31,E32412,3320001003867,S100YM65
2027,1988,-39,9362,兵機海運株式会社,倉庫・運輸関連,上場,45.43,16.44,5955796.0,5376432,0.9027,236.0,,,,運輸業,tag,2026-03-31,E04342,6140001010417,S100YGR4
2028,1692,-336,6396,株式会社宇野澤組鐵工所,機械,上場,46.7,19.7,6372036.0,5376071,0.8437,162.0,,,,製造業,tag,2026-03-31,E01635,4011001003103,S100YF8O
2029,2037,8,2903,シノブフーズ株式会社,食料品,上場,40.0,9.5,5898000.0,5376039,0.9115,571.0,571.0,1.0,,製造業,tag,2026-03-31,E00473,2120001049881,S100YE21
2030,2271,241,4668,株式会社明光ネットワークジャパン,サービス業,上場,36.9,7.7,5544128.0,5375097,0.9695,660.0,1208.0,0.5464,,サービス業,tag,2025-08-31,E04981,5011101055381,S100X5JB
2031,2008,-23,6919,ケル株式会社,電気機器,上場,40.5,16.3,5931566.0,5373898,0.906,272.0,334.0,0.8144,,製造業,tag,2026-03-31,E01992,6013401001080,S100YJK1
2032,1872,-160,7247,株式会社ミクニ,輸送用機器,上場,43.1,19.8,6112643.0,5370558,0.8786,1305.0,4750.0,0.2747,,製造業,tag,2026-03-31,E02172,1010001008791,S100YLLZ
2033,1931,-102,7214,ＧＭＢ株式会社,輸送用機器,上場,42.0,17.7,6033000.0,5368377,0.8898,307.0,2499.0,0.1228,,製造業,tag,2026-03-31,E02247,2150001011467,S100YE26
2034,2011,-23,9073,京極運輸商事株式会社,陸運業,上場,49.7,12.8,5930187.0,5367484,0.9051,300.0,315.0,0.9524,,運輸業,tag,2026-03-31,E04197,6010001040914,S100YGY5
2035,1987,-48,,オリジン東秀株式会社,小売業,非上場,39.91,11.75,5956000.0,5367105,0.9011,663.0,,,,卸売業・小売業,textblock,2026-02-28,E03302,3012401007462,S100Y5Q8
2036,2083,47,7305,新家工業株式会社,鉄鋼,上場,39.0,16.0,5813000.0,5365952,0.9231,273.0,501.0,0.5449,,製造業,tag,2026-03-31,E02258,4120001077344,S100Y8QF
2037,1857,-180,5644,株式会社メタルアート,鉄鋼,上場,43.7,17.1,6147000.0,5365194,0.8728,545.0,668.0,0.8159,,製造業,tag,2026-03-31,E02185,9160001013183,S100YLLM
2038,1762,-276,7266,株式会社今仙電機製作所,輸送用機器,上場,45.4,22.0,6263000.0,5363647,0.8564,1167.0,2596.0,0.4495,,製造業,tag,2026-03-31,E02231,1180001080700,S100YER6
2039,1790,-249,6615,ユー・エム・シー・エレクトロニクス株式会社,電気機器,上場,45.0,13.3,6234524.0,5363180,0.8602,229.0,5596.0,0.0409,本社のみ,製造業,tag,2026-03-31,E32169,1030001044117,S100YK9A
2040,2222,182,3048,株式会社ビックカメラ,小売業,上場,37.0,13.0,5602047.0,5360561,0.9569,4912.0,12039.0,0.408,,卸売業・小売業,tag,2025-08-31,E03481,9013301010402,S100X5J8
2041,1993,-48,5984,兼房株式会社,金属製品,上場,41.0,17.8,5949869.0,5360080,0.9009,581.0,1135.0,0.5119,,製造業,tag,2026-03-31,E01437,6180001080984,S100YEZU
2042,1890,-152,4284,株式会社　ソルクシーズ,情報・通信業,上場,41.4,14.7,6091090.0,5359163,0.8798,510.0,866.0,0.5889,,情報通信業,tag,2025-12-31,E05198,2010401068617,S100XRPQ
2043,1991,-52,3622,ネットイヤーグループ株式会社,情報・通信業,上場,39.9,7.9,5952000.0,5358607,0.9003,171.0,,,,情報通信業,tag,2026-03-31,E05736,5010401094866,S100YF6I
2044,2518,474,7060,ギークス株式会社,サービス業,上場,31.95,3.86,5182000.0,5356646,1.0337,173.0,300.0,0.5767,,サービス業,tag,2026-03-31,E34720,2011001061870,S100YJZ1
2045,2019,-26,6999,ＫＯＡ株式会社,電気機器,上場,40.7,17.1,5923699.0,5356544,0.9043,1669.0,4409.0,0.3785,,製造業,tag,2026-03-31,E01902,1100001020696,S100YDTW
2046,2016,-30,9028,株式会社ゼロ,陸運業,上場,45.8,13.7,5928799.0,5354122,0.9031,446.0,2703.0,0.165,,運輸業,tag,2025-06-30,E04230,4020001079978,S100WRNH
2047,2241,194,9416,株式会社ビジョン,情報・通信業,上場,36.4,8.1,5581000.0,5353437,0.9592,540.0,789.0,0.6844,,情報通信業,tag,2025-12-31,E30010,9011101033243,S100XV85
2048,1417,-631,9972,アルテック株式会社,卸売業,上場,46.5,12.3,6720000.0,5352561,0.7965,135.0,418.0,0.323,,卸売業・小売業,tag,2025-11-30,E02774,6010001142875,S100XMNZ
2049,1891,-158,5958,三洋工業株式会社,金属製品,上場,43.2,16.7,6090637.0,5349550,0.8783,307.0,383.0,0.8016,,製造業,tag,2026-03-31,E01409,6010601002347,S100YFD2
2050,1896,-154,2204,株式会社中村屋,食料品,上場,43.0,19.0,6074000.0,5347484,0.8804,780.0,,,,製造業,tag,2026-03-31,E00372,6011101015442,S100YF3Z
2051,2013,-38,8537,株式会社大光銀行,銀行業,上場,41.3,17.1,5930000.0,5345044,0.9014,870.0,883.0,0.9853,,金融業・保険業,tag,2026-03-31,E03645,5110001022754,S100YC1U
2052,1851,-201,4231,タイガースポリマー株式会社,化学,上場,44.2,18.5,6152000.0,5344146,0.8687,568.0,1786.0,0.318,,製造業,tag,2026-03-31,E01024,6120901024427,S100YK4M
2053,2003,-50,4026,神島化学工業株式会社,ガラス・土石製品,上場,41.1,14.7,5936000.0,5343921,0.9003,681.0,,,,製造業,tag,2026-04-30,E00763,2120001077049,S100YQCW
2054,1921,-133,6158,株式会社和井田製作所,機械,上場,42.7,16.0,6046000.0,5342110,0.8836,172.0,198.0,0.8687,,製造業,tag,2026-03-31,E01511,2200001025263,S100YI25
2055,1860,-195,2790,株式会社ナフコ,小売業,上場,41.7,19.1,6134158.0,5341963,0.8709,1227.0,,,,卸売業・小売業,tag,2026-03-31,E03421,7290801002705,S100YJ0H
2056,2123,67,2924,イフジ産業株式会社,食料品,上場,38.5,12.3,5747000.0,5341236,0.9294,135.0,184.0,0.7337,,製造業,tag,2026-03-31,E00511,7290001038112,S100Y9CI
2057,1445,-612,7538,株式会社大水,卸売業,上場,46.4,20.1,6688810.0,5341022,0.7985,325.0,438.0,0.742,,卸売業・小売業,tag,2026-03-31,E02818,4120001034601,S100YM6T
2058,2646,588,278A,Ｔｅｒｒａ　Ｄｒｏｎｅ株式会社,情報・通信業,上場,33.0,2.4,4972000.0,5340791,1.0742,134.0,551.0,0.2432,,情報通信業,tag,2026-01-31,E40060,5011001109543,S100XY8O
2059,1697,-362,7677,株式会社ヤシマキザイ,卸売業,上場,43.7,15.2,6366000.0,5338842,0.8386,246.0,268.0,0.9179,,卸売業・小売業,tag,2026-03-31,E34499,9010001059407,S100YJ1S
2060,2530,470,7320,Ｓｏｌｖｖｙ株式会社,その他金融業,上場,33.8,2.5,5157000.0,5336603,1.0348,260.0,335.0,0.7761,,金融業・保険業,tag,2025-06-30,E33854,9011001061773,S100WSFJ
2061,2159,98,9913,日邦産業株式会社,卸売業,上場,38.1,11.3,5702857.0,5335387,0.9356,334.0,2765.0,0.1208,,卸売業・小売業,tag,2026-03-31,E02752,1120901007832,S100YFGN
2062,2117,55,3663,株式会社セルシス,情報・通信業,上場,38.1,6.9,5756306.0,5334321,0.9267,260.0,,,,情報通信業,tag,2025-12-31,E26231,1011101062869,S100XVIW
2063,1848,-215,8207,テンアライド株式会社,小売業,上場,42.0,13.5,6158000.0,5333854,0.8662,261.0,261.0,1.0,,卸売業・小売業,tag,2026-03-31,E03108,3010001051286,S100YIGD
2064,1883,-181,8115,ムーンバット株式会社,卸売業,上場,41.5,17.3,6099110.0,5333633,0.8745,127.0,213.0,0.5962,,卸売業・小売業,tag,2026-03-31,E02639,5130001019030,S100YDWL
2065,1894,-171,,共栄火災海上保険株式会社,保険業,非上場,46.8,13.1,6087114.0,5330464,0.8757,2636.0,,,,金融業・保険業,textblock,2026-03-31,E03850,3010401050012,S100YK13
2066,2053,-13,9052,山陽電気鉄道株式会社,陸運業,上場,42.7,18.0,5873976.0,5329153,0.9072,753.0,1930.0,0.3902,,運輸業,tag,2026-03-31,E04125,8140001016148,S100YD7X
2067,1734,-333,,株式会社タケエイ,サービス業,非上場,45.3,11.2,6292000.0,5327779,0.8468,748.0,1592.0,0.4698,,サービス業,tag,2026-03-31,E05685,9010401077017,S100YER0
2068,1786,-282,6894,パルステック工業株式会社,電気機器,上場,45.8,22.3,6238019.0,5327774,0.8541,122.0,123.0,0.9919,,製造業,tag,2026-03-31,E02021,5080401004455,S100YDWK
2069,1885,-184,6142,富士精工株式会社,機械,上場,43.8,21.4,6097729.0,5325053,0.8733,390.0,1169.0,0.3336,,製造業,tag,2026-02-28,E01503,5180301019188,S100Y6NR
2070,2188,118,1873,株式会社日本ハウスホールディングス,建設業,上場,42.0,14.9,5645195.0,5324011,0.9431,734.0,891.0,0.8238,,建設業,tag,2026-04-30,E00197,6400001001397,S100YR5P
2071,2259,188,2664,株式会社カワチ薬品,小売業,上場,37.0,13.8,5560435.0,5323379,0.9574,2564.0,2750.0,0.9324,,卸売業・小売業,tag,2026-03-15,E03356,3060001014164,S100Y9UW
2072,1997,-75,2288,丸大食品株式会社,食料品,上場,41.6,17.5,5943000.0,5322202,0.8955,668.0,1928.0,0.3465,,製造業,tag,2026-03-31,E00458,3120901012046,S100YD4W
2073,2036,-37,6161,株式会社エスティック,機械,上場,41.0,9.0,5900000.0,5321732,0.902,201.0,228.0,0.8816,,製造業,tag,2026-03-20,E01730,3120001155365,S100YCSO
2074,2444,370,9262,株式会社シルバーライフ,卸売業,上場,34.8,2.7,5301000.0,5319665,1.0035,336.0,,,,卸売業・小売業,tag,2025-07-31,E33282,7010901028669,S100WWED
2075,2313,238,9603,株式会社エイチ・アイ・エス,サービス業,上場,37.0,12.5,5492354.0,5318857,0.9684,4447.0,10804.0,0.4116,,サービス業,tag,2025-10-31,E04358,6011101002696,S100XHDP
2076,2056,-20,3943,大石産業株式会社,パルプ・紙,上場,40.6,14.9,5868000.0,5318817,0.9064,372.0,594.0,0.6263,,製造業,tag,2026-03-31,E00677,9290801009087,S100YE9U
2077,1358,-719,3387,株式会社クリエイト・レストランツ・ホールディングス,小売業,上場,48.5,14.2,6800000.0,5318198,0.7821,127.0,4468.0,0.0284,本社のみ,卸売業・小売業,tag,2026-02-28,E05517,9010701025939,S100Y2PC
2078,1849,-229,3816,株式会社大和コンピューター,情報・通信業,上場,42.6,19.2,6156646.0,5317414,0.8637,184.0,191.0,0.9634,,情報通信業,tag,2025-07-31,E05635,1120901011371,S100WXEV
2079,2057,-22,9025,鴻池運輸株式会社,陸運業,上場,44.0,13.4,5867068.0,5317061,0.9063,9290.0,17016.0,0.546,,運輸業,tag,2026-03-31,E04341,5120001079182,S100YGFS
2080,2432,352,6099,株式会社エラン,サービス業,上場,35.0,4.8,5317000.0,5317000,1.0,310.0,974.0,0.3183,,サービス業,tag,2025-12-31,E30929,1100001014640,S100XU87
2081,1372,-709,8129,東邦ホールディングス株式会社,卸売業,上場,48.3,18.9,6786796.0,5316675,0.7834,199.0,7675.0,0.0259,本社のみ,卸売業・小売業,tag,2026-03-31,E02608,4010901008153,S100YHSN
2082,2089,7,7227,アスカ株式会社,輸送用機器,上場,39.7,15.2,5800964.0,5315971,0.9164,413.0,746.0,0.5536,,製造業,tag,2025-11-30,E02233,1180301013673,S100XNA6
2083,2466,383,3020,アプライド株式会社,小売業,上場,34.5,11.0,5268000.0,5314618,1.0088,410.0,440.0,0.9318,,卸売業・小売業,tag,2026-03-31,E03472,4290001011410,S100YDKO
2084,2317,233,9997,株式会社ベルーナ,小売業,上場,36.5,12.3,5490000.0,5313125,0.9678,674.0,3844.0,0.1753,,卸売業・小売業,tag,2026-03-31,E03229,5030001041663,S100YJ5M
2085,2093,8,,株式会社　沖縄海邦銀行,銀行業,非上場,40.2,16.3,5797000.0,5312678,0.9165,612.0,618.0,0.9903,,金融業・保険業,textblock,2026-03-31,E03683,5360001000405,S100YCGZ
2086,2402,316,3196,株式会社ホットランドホールディングス,小売業,上場,35.6,5.0,5381138.0,5310482,0.9869,421.0,1099.0,0.3831,,卸売業・小売業,tag,2025-12-31,E30898,6370301002917,S100XU8Z
2087,2097,10,3946,株式会社トーモク,パルプ・紙,上場,39.7,14.4,5794000.0,5310411,0.9165,1157.0,3965.0,0.2918,,製造業,tag,2026-03-31,E00669,7010001024692,S100YFA2
2088,1811,-277,3591,株式会社ワコールホールディングス,繊維製品,上場,45.7,18.0,6204157.0,5309354,0.8558,103.0,14784.0,0.007,本社のみ,製造業,tag,2026-03-31,E00590,5130001012084,S100YKJC
2089,1986,-103,1376,カネコ種苗株式会社,水産・農林業,上場,41.7,13.2,5956612.0,5308690,0.8912,630.0,695.0,0.9065,,産業計,tag,2025-05-31,E00004,5070001000715,S100WL4U
2090,2256,166,3021,株式会社パシフィックネット,小売業,上場,37.2,7.0,5566000.0,5307687,0.9536,252.0,259.0,0.973,,卸売業・小売業,tag,2026-05-31,E03465,5010401054564,S100YYIV
2091,2163,72,2378,株式会社ルネサンス,サービス業,上場,38.7,11.8,5691000.0,5307489,0.9326,1883.0,2020.0,0.9322,,サービス業,tag,2026-03-31,E05361,3010601020797,S100YK5N
2092,1867,-225,6316,株式会社丸山製作所,機械,上場,44.5,16.9,6119245.0,5306684,0.8672,591.0,977.0,0.6049,,製造業,tag,2025-09-30,E01568,5010001008788,S100XAQD
2093,2175,82,3916,デジタル・インフォメーション・テクノロジー株式会社,情報・通信業,上場,37.5,9.0,5668537.0,5306571,0.9361,1240.0,1532.0,0.8094,,情報通信業,tag,2025-06-30,E31573,9010001103734,S100WQQ5
2094,2202,108,8904,株式会社ＡＶＡＮＴＩＡ,不動産業,上場,37.1,7.9,5630424.0,5305722,0.9423,249.0,575.0,0.433,,不動産業,tag,2025-08-31,E00311,8180001036547,S100X6R9
2095,1621,-474,7628,株式会社オーハシテクニカ,卸売業,上場,45.0,15.0,6466000.0,5305064,0.8205,232.0,721.0,0.3218,,卸売業・小売業,tag,2026-03-31,E02905,1010401088566,S100YHS4
2096,1976,-120,5870,株式会社ナルネットコミュニケーションズ,サービス業,上場,41.0,9.1,5973000.0,5304923,0.8882,108.0,,,,サービス業,tag,2026-03-31,E39158,9010401147034,S100YGEJ
2097,2114,17,8416,株式会社高知銀行,銀行業,上場,40.0,16.4,5769000.0,5303464,0.9193,690.0,724.0,0.953,,金融業・保険業,tag,2026-03-31,E03664,4490001000608,S100YJZJ
2098,2520,422,2175,株式会社エス・エム・エス,サービス業,上場,32.8,4.3,5179000.0,5302293,1.0238,3214.0,4660.0,0.6897,,サービス業,tag,2026-03-31,E05697,2010001134117,S100YF7X
2099,1677,-422,5816,オーナンバ株式会社,非鉄金属,上場,48.6,12.2,6386000.0,5298847,0.8298,163.0,3556.0,0.0458,本社のみ,製造業,tag,2025-12-31,E00846,6120001011879,S100XV82
2100,1980,-120,7280,株式会社ミツバ,電気機器,上場,42.37,19.06,5964590.0,5298617,0.8883,3328.0,21202.0,0.157,,製造業,tag,2026-03-31,E02205,1070001016632,S100Y9OD
2101,1825,-276,2733,株式会社あらた,卸売業,上場,42.7,18.5,6188970.0,5298371,0.8561,1954.0,3008.0,0.6496,,卸売業・小売業,tag,2026-03-31,E02947,5040001020385,S100YEVF
2102,2002,-100,4246,ダイキョーニシカワ株式会社,化学,上場,42.0,16.2,5938000.0,5297329,0.8921,2647.0,5712.0,0.4634,,製造業,tag,2026-03-31,E30438,3240001036909,S100YCYY
2103,2052,-51,7264,株式会社ムロコーポレーション,輸送用機器,上場,41.1,16.8,5874989.0,5297137,0.9016,611.0,1061.0,0.5759,,製造業,tag,2026-03-31,E02234,7010901011914,S100YGBE
2104,2091,-13,3672,株式会社オルトプラス,情報・通信業,上場,39.1,4.5,5799000.0,5296291,0.9133,124.0,199.0,0.6231,,情報通信業,tag,2025-09-30,E27280,6011001065018,S100XCNH
2105,1846,-259,8165,株式会社千趣会,小売業,上場,42.5,10.3,6160000.0,5294344,0.8595,489.0,886.0,0.5519,,卸売業・小売業,tag,2025-12-31,E03092,5120001066081,S100XRKS
2106,2224,118,,日本瓦斯株式会社,電気・ガス業,非上場,40.4,16.1,5601000.0,5294292,0.9452,211.0,442.0,0.4774,,電気・ガス業,textblock,2026-03-31,E04524,4340001003385,S100YM45
2107,1923,-184,6870,日本フェンオール株式会社,電気機器,上場,43.64,13.36,6042747.0,5293457,0.876,219.0,271.0,0.8081,,製造業,tag,2025-12-31,E02020,5010001033646,S100XU9W
2108,2001,-107,4976,東洋ドライルーブ株式会社,化学,上場,42.1,15.0,5939000.0,5293065,0.8912,119.0,514.0,0.2315,,製造業,tag,2025-06-30,E01068,5010901008144,S100WR11
2109,1910,-199,6986,双葉電子工業株式会社,電気機器,上場,43.9,20.5,6059457.0,5292947,0.8735,650.0,2384.0,0.2727,,製造業,tag,2026-03-31,E01841,9040001059420,S100YK0D
2110,2075,-35,9365,トレーディア株式会社,倉庫・運輸関連,上場,43.4,19.1,5830560.0,5292540,0.9077,308.0,308.0,1.0,,運輸業,tag,2026-03-31,E04346,3140001009726,S100YJV2
2111,2009,-102,4251,恵和株式会社,化学,上場,42.0,15.5,5931000.0,5292094,0.8923,299.0,409.0,0.7311,,製造業,tag,2025-12-31,E35220,1120001051649,S100XS6Z
2112,2795,683,4421,株式会社ディ・アイ・システム,情報・通信業,上場,30.4,6.2,4544237.0,5291519,1.1644,684.0,739.0,0.9256,,情報通信業,tag,2025-09-30,E34335,3010401052264,S100XCIO
2113,1900,-213,7792,株式会社コラントッテ,その他製品,上場,44.1,7.1,6069000.0,5290212,0.8717,104.0,,,,製造業,tag,2025-09-30,E36670,8120001073372,S100XBZW
2114,1936,-178,7952,株式会社河合楽器製作所,その他製品,上場,43.4,19.2,6022047.0,5290130,0.8785,1316.0,2917.0,0.4511,,製造業,tag,2026-03-31,E02363,2080401001323,S100YG4C
2115,2000,-115,9612,株式会社ラックランド,サービス業,上場,40.9,7.1,5941000.0,5289836,0.8904,954.0,1338.0,0.713,,サービス業,tag,2025-12-31,E04914,6011101022356,S100XUUG
2116,1978,-138,8005,株式会社スクロール,小売業,上場,40.9,11.8,5965718.0,5286812,0.8862,307.0,967.0,0.3175,,卸売業・小売業,tag,2026-03-31,E03054,9080401005367,S100Y6S7
2117,2779,662,4439,株式会社東名,情報・通信業,上場,30.9,4.3,4601000.0,5285216,1.1487,540.0,586.0,0.9215,,情報通信業,tag,2025-08-31,E34729,2190001015679,S100X6GX
2118,1824,-294,8135,ゼット株式会社,卸売業,上場,42.9,14.9,6192000.0,5284628,0.8535,422.0,578.0,0.7301,,卸売業・小売業,tag,2026-03-31,E03076,6120001023916,S100YJPU
2119,2168,49,7874,レック株式会社,化学,上場,38.6,11.1,5685000.0,5284211,0.9295,703.0,956.0,0.7354,,製造業,tag,2026-03-31,E02444,7010001128155,S100YIJB
2120,1832,-288,1897,金下建設株式会社,建設業,上場,48.5,21.0,6182840.0,5280038,0.854,163.0,171.0,0.9532,,建設業,tag,2025-12-31,E00133,8130001040495,S100XT0W
2121,2099,-22,2573,北海道コカ・コーラボトリング株式会社,食料品,上場,40.2,16.3,5790000.0,5279644,0.9119,240.0,1173.0,0.2046,,製造業,tag,2025-12-31,E00408,9430001021794,S100XRTE
2122,1939,-183,5204,石塚硝子株式会社,ガラス・土石製品,上場,43.6,19.7,6020000.0,5279059,0.8769,401.0,1880.0,0.2133,,製造業,tag,2026-03-20,E01123,4180001088187,S100YBU1
2123,2082,-41,5966,京都機械工具株式会社,金属製品,上場,40.6,17.0,5815766.0,5278191,0.9076,205.0,248.0,0.8266,,製造業,tag,2026-03-31,E01420,6130001016191,S100YJPO
2124,1981,-143,4245,株式会社ダイキアクシス,その他製品,上場,42.8,13.9,5964000.0,5277019,0.8848,581.0,1088.0,0.534,,製造業,tag,2025-12-31,E30133,4500001005530,S100XU1D
2125,1806,-319,4100,戸田工業株式会社,化学,上場,46.6,18.4,6215000.0,5276023,0.8489,357.0,1037.0,0.3443,,製造業,tag,2026-03-31,E00842,3240001028939,S100YIHV
2126,1995,-131,6381,アネスト岩田株式会社,機械,上場,42.6,15.2,5949000.0,5275759,0.8868,613.0,1897.0,0.3231,,製造業,tag,2026-03-31,E01554,3020001043522,S100YF9W
2127,2126,-1,5576,株式会社オービーシステム,情報・通信業,上場,38.8,13.4,5745000.0,5274622,0.9181,497.0,624.0,0.7965,,情報通信業,tag,2026-03-31,E38645,5120001030401,S100YC6U
2128,2840,712,3496,株式会社アズーム,不動産業,上場,27.9,2.7,4363000.0,5273948,1.2088,342.0,455.0,0.7516,,不動産業,tag,2025-09-30,E34285,9011001062508,S100XADZ
2129,1984,-145,5218,株式会社オハラ,ガラス・土石製品,上場,42.8,15.6,5958761.0,5273182,0.8849,468.0,1421.0,0.3293,,製造業,tag,2025-10-31,E01170,4021001011600,S100XHTP
2130,2521,391,3641,株式会社パピレス,情報・通信業,上場,34.5,6.3,5179000.0,5269975,1.0176,130.0,172.0,0.7558,,情報通信業,tag,2026-03-31,E24453,7013301014017,S100YJ7Y
2131,1930,-201,7711,助川電気工業株式会社,精密機器,上場,44.0,21.3,6033014.0,5269404,0.8734,191.0,,,,製造業,tag,2025-09-30,E01997,6050001023279,S100XAGE
2132,1733,-399,7596,株式会社魚力,小売業,上場,44.0,14.2,6293850.0,5268508,0.8371,540.0,708.0,0.7627,,卸売業・小売業,tag,2026-03-31,E03310,4010101000456,S100YGEC
2133,1947,-186,7438,コンドーテック株式会社,卸売業,上場,41.5,13.6,6008000.0,5267745,0.8768,829.0,1531.0,0.5415,,卸売業・小売業,tag,2026-03-31,E02804,6120001043369,S100YEX8
2134,1908,-226,6846,株式会社中央製作所,電気機器,上場,44.5,19.0,6063000.0,5267227,0.8687,196.0,,,,製造業,tag,2026-03-31,E01940,8180001010551,S100YJMI
2135,2193,58,7739,キヤノン電子株式会社,電気機器,非上場,38.3,14.8,5643637.0,5267075,0.9333,1820.0,5574.0,0.3265,,製造業,tag,2025-12-31,E02301,7030001090700,S100XSYM
2136,1968,-168,7081,コーユーレンティア株式会社,サービス業,上場,41.5,14.5,5982778.0,5265795,0.8802,408.0,893.0,0.4569,,サービス業,tag,2025-12-31,E35139,3010401025419,S100XTYD
2137,2191,54,6342,株式会社太平製作所,機械,上場,38.4,13.8,5645000.0,5262511,0.9322,123.0,158.0,0.7785,,製造業,tag,2026-03-31,E01547,6180001076066,S100YIVE
2138,2035,-103,7726,黒田精工株式会社,機械,上場,42.2,15.8,5902000.0,5260554,0.8913,436.0,641.0,0.6802,,製造業,tag,2026-03-31,E02269,7020001070810,S100YK6H
2139,2034,-105,1771,日本乾溜工業株式会社,建設業,上場,46.0,14.0,5903572.0,5260161,0.891,213.0,337.0,0.632,,建設業,tag,2025-09-30,E00276,1290001028382,S100XB9B
2140,2377,237,4484,ランサーズ株式会社,情報・通信業,上場,36.0,4.2,5414000.0,5259455,0.9715,126.0,150.0,0.84,,情報通信業,tag,2026-03-31,E35287,6021001024617,S100YFEP
2141,2190,49,3683,株式会社サイバーリンクス,情報・通信業,上場,37.9,10.0,5645000.0,5257609,0.9314,590.0,815.0,0.7239,,情報通信業,tag,2025-12-31,E30398,3170001001614,S100XU98
2142,1502,-640,,日本アルコール販売株式会社,卸売業,非上場,47.25,17.17,6630000.0,5257479,0.793,130.0,545.0,0.2385,,卸売業・小売業,textblock,2026-03-31,E02674,8010001065216,S100YLD5
2143,1990,-153,5900,株式会社ダイケン,金属製品,上場,43.1,15.3,5954000.0,5255265,0.8826,331.0,354.0,0.935,,製造業,tag,2026-02-28,E01325,6120001056412,S100Y6RH
2144,1892,-252,7723,愛知時計電機株式会社,精密機器,上場,45.2,17.5,6089000.0,5253250,0.8627,1182.0,1719.0,0.6876,,製造業,tag,2026-03-31,E02267,3180001021396,S100YF4W
2145,1922,-223,7630,株式会社壱番屋,小売業,上場,42.0,12.1,6044000.0,5253124,0.8691,705.0,1298.0,0.5431,,卸売業・小売業,tag,2026-02-28,E03329,4180001082132,S100Y73F
2146,2155,9,8563,株式会社大東銀行,銀行業,上場,40.1,17.3,5707000.0,5247354,0.9195,405.0,413.0,0.9806,,金融業・保険業,tag,2026-03-31,E03674,7380001005689,S100YHKN
2147,1989,-158,5285,株式会社ヤマックス,ガラス・土石製品,上場,43.3,14.8,5955630.0,5246946,0.881,543.0,610.0,0.8902,,製造業,tag,2026-03-31,E01212,5330001004739,S100YFLV
2148,2442,294,9241,株式会社フューチャーリンクネットワーク,サービス業,上場,35.7,7.2,5304000.0,5245304,0.9889,116.0,116.0,1.0,,サービス業,tag,2025-08-31,E36801,7040001019632,S100X7HS
2149,2180,31,7434,株式会社オータケ,卸売業,上場,38.6,12.2,5652000.0,5245119,0.928,283.0,300.0,0.9433,,卸売業・小売業,tag,2025-05-31,E02803,9180001029707,S100WLHT
2150,2108,-42,9033,広島電鉄株式会社,陸運業,上場,48.3,17.2,5779680.0,5244327,0.9074,1550.0,2241.0,0.6917,,運輸業,tag,2026-03-31,E04123,9240001009470,S100YI48
2151,2014,-137,9842,アークランズ株式会社,小売業,上場,41.1,13.3,5929575.0,5243391,0.8843,2643.0,4678.0,0.565,,卸売業・小売業,tag,2026-02-28,E02706,4110001013829,S100Y5KN
2152,1837,-315,5940,不二サッシ株式会社,金属製品,上場,46.8,21.9,6177000.0,5241988,0.8486,891.0,2814.0,0.3166,,製造業,tag,2026-03-31,E01422,7020001070117,S100YIDL
2153,2301,148,7839,株式会社ＳＨＯＥＩ,その他製品,上場,36.9,12.8,5506145.0,5237481,0.9512,626.0,670.0,0.9343,,製造業,tag,2025-09-30,E02470,5010501005434,S100XC55
2154,1573,-581,3841,株式会社ジーダット,情報・通信業,上場,47.8,12.0,6524583.0,5236051,0.8025,130.0,,,,情報通信業,tag,2026-03-31,E05669,7010001085545,S100YAUW
2155,2261,106,3825,株式会社リミックスポイント,情報・通信業,上場,37.2,4.0,5557000.0,5234848,0.942,170.0,179.0,0.9497,,情報通信業,tag,2026-03-31,E05645,3010001110827,S100YJHT
2156,2063,-93,4420,イーソル株式会社,情報・通信業,上場,40.7,11.6,5856602.0,5233151,0.8935,512.0,549.0,0.9326,,情報通信業,tag,2025-12-31,E34321,9011201009845,S100XV6D
2157,2156,-1,9319,株式会社中央倉庫,倉庫・運輸関連,上場,41.4,15.9,5706726.0,5233058,0.917,258.0,707.0,0.3649,,運輸業,tag,2026-03-31,E04304,4130001018066,S100YF4M
2158,2306,148,8398,株式会社筑邦銀行,銀行業,上場,37.7,15.3,5499000.0,5232779,0.9516,523.0,554.0,0.944,,金融業・保険業,tag,2026-03-31,E03592,6290001049168,S100YE9H
2159,1581,-578,4709,株式会社ＩＤホールディングス,情報・通信業,上場,47.2,13.3,6517563.0,5232350,0.8028,153.0,2241.0,0.0683,本社のみ,情報通信業,tag,2026-03-31,E05017,7010001011096,S100Y7D7
2160,2125,-35,2485,株式会社ティア,サービス業,上場,39.9,7.5,5745000.0,5231159,0.9106,627.0,971.0,0.6457,,サービス業,tag,2025-09-30,E05585,6180001045104,S100XBVP
2161,1615,-546,3673,株式会社ブロードリーフ,情報・通信業,上場,46.6,13.4,6471000.0,5230959,0.8084,723.0,924.0,0.7825,,情報通信業,tag,2025-12-31,E27361,3010701023163,S100XS43
2162,1964,-198,5915,株式会社駒井ハルテック,金属製品,上場,44.2,15.2,5989446.0,5229256,0.8731,486.0,618.0,0.7864,,製造業,tag,2026-03-31,E01362,2120001028927,S100YKDC
2163,1743,-420,6904,原田工業株式会社,電気機器,上場,48.7,18.0,6282205.0,5228594,0.8323,246.0,4000.0,0.0615,本社のみ,製造業,tag,2026-03-31,E01857,9010701008191,S100YJHN
2164,1974,-190,9385,株式会社ショーエイコーポレーション,化学,上場,44.0,11.8,5975334.0,5228432,0.875,184.0,570.0,0.3228,,製造業,tag,2026-03-31,E21815,5120001043857,S100YIVY
2165,1946,-219,9336,大栄環境株式会社,サービス業,上場,42.4,9.0,6009000.0,5226444,0.8698,1137.0,2428.0,0.4683,,サービス業,tag,2026-03-31,E38148,6120101041611,S100YKY3
2166,2445,279,4054,日本情報クリエイト株式会社,情報・通信業,上場,35.5,6.4,5300000.0,5224227,0.9857,306.0,306.0,1.0,,情報通信業,tag,2025-06-30,E35821,8350001008198,S100WQPM
2167,1821,-346,5707,東邦亜鉛株式会社,非鉄金属,上場,47.5,21.9,6195000.0,5223479,0.8432,329.0,663.0,0.4962,,製造業,tag,2026-03-31,E01308,9010001034863,S100YI2P
2168,2111,-57,5484,東北特殊鋼株式会社,鉄鋼,上場,41.1,15.9,5774000.0,5219697,0.904,371.0,572.0,0.6486,,製造業,tag,2026-03-31,E01245,2370001002444,S100YNM9
2169,1828,-341,2415,ヒューマンホールディングス株式会社,サービス業,上場,46.4,13.4,6187812.0,5219042,0.8434,132.0,4740.0,0.0278,本社のみ,サービス業,tag,2026-03-31,E05428,2011101033968,S100YIDK
2170,1916,-254,7122,近畿車輛株式会社,輸送用機器,上場,45.4,21.3,6052000.0,5218856,0.8623,989.0,1163.0,0.8504,,製造業,tag,2026-03-31,E02138,5122001001729,S100YI50
2171,2809,638,5892,株式会社ｙｕｔｏｒｉ,小売業,上場,27.1,1.0,4469000.0,5217926,1.1676,159.0,261.0,0.6092,,卸売業・小売業,tag,2026-03-31,E39222,1020003014176,S100YC75
2172,2130,-42,4736,日本ラッド株式会社,情報・通信業,上場,39.6,13.0,5741000.0,5217086,0.9087,285.0,299.0,0.9532,,情報通信業,tag,2026-03-31,E05054,8010401094657,S100YGDA
2173,2149,-24,550A,株式会社ソフトテックス,情報・通信業,上場,39.3,12.5,5713000.0,5215228,0.9129,330.0,,,,情報通信業,tag,2026-03-31,E41331,4180001004425,S100YA88
2174,2068,-106,7277,株式会社ＴＢＫ,輸送用機器,上場,42.3,15.7,5845205.0,5213525,0.8919,713.0,1893.0,0.3767,,製造業,tag,2026-03-31,E02201,5012301001794,S100YLAF
2175,2104,-71,6497,株式会社ハマイ,機械,上場,41.4,13.4,5781772.0,5210349,0.9012,271.0,297.0,0.9125,,製造業,tag,2025-12-31,E01652,6010701008104,S100XUXN
2176,2080,-96,9828,株式会社Ｇｅｎｋｉ　Ｇｌｏｂａｌ　Ｄｉｎｉｎｇ　Ｃｏｎｃｅｐｔｓ,小売業,上場,40.5,11.0,5816155.0,5208428,0.8955,604.0,691.0,0.8741,,卸売業・小売業,tag,2026-03-31,E03176,8060001001562,S100YCXM
2177,2024,-153,5956,トーソー株式会社,金属製品,上場,43.6,12.2,5921000.0,5208023,0.8796,652.0,990.0,0.6586,,製造業,tag,2026-03-31,E02442,6010001052315,S100YHLG
2178,2042,-136,3892,株式会社岡山製紙,パルプ・紙,上場,43.1,16.0,5888022.0,5207315,0.8844,204.0,,,,製造業,tag,2026-05-31,E00687,1260001001078,S100YYF7
2179,2181,2,5868,株式会社ロココ,情報・通信業,上場,38.7,7.7,5651000.0,5206591,0.9214,633.0,712.0,0.889,,情報通信業,tag,2025-12-31,E39136,5120001092383,S100XSJ5
2180,2399,219,2674,株式会社ハードオフコーポレーション,小売業,上場,36.6,11.2,5383000.0,5204672,0.9669,637.0,1040.0,0.6125,,卸売業・小売業,tag,2026-03-31,E03361,6110001012853,S100YHYF
2181,2161,-20,9361,伏木海陸運送株式会社,倉庫・運輸関連,上場,41.8,18.3,5693656.0,5204610,0.9141,300.0,684.0,0.4386,,運輸業,tag,2025-06-30,E04339,4230001010772,S100WQSP
2182,1873,-309,4288,株式会社アズジェント,情報・通信業,上場,43.7,9.6,6111796.0,5204210,0.8515,100.0,,,,情報通信業,tag,2026-03-31,E05201,7010001035673,S100YGM0
2183,1966,-217,7927,ムトー精工株式会社,化学,上場,44.7,16.6,5985000.0,5203550,0.8694,198.0,2975.0,0.0666,本社のみ,製造業,tag,2026-03-31,E01032,8200001007025,S100YGVG
2184,2124,-60,5367,株式会社ニッカトー,ガラス・土石製品,上場,41.0,18.8,5746000.0,5203309,0.9056,279.0,,,,製造業,tag,2026-03-31,E01188,8120101006505,S100Y9NY
2185,2304,119,1738,株式会社ニットー,建設業,上場,42.0,11.3,5502000.0,5203249,0.9457,246.0,439.0,0.5604,,建設業,tag,2026-03-31,E05065,1180001013107,S100YC8S
2186,1822,-364,8173,株式会社Ｊｏｓｈｉｎ,小売業,上場,44.0,19.0,6193000.0,5202594,0.8401,3747.0,4362.0,0.859,,卸売業・小売業,tag,2026-03-31,E03052,9120001038564,S100YHVK
2187,2138,-49,4848,株式会社フルキャストホールディングス,サービス業,上場,40.1,12.0,5733000.0,5202499,0.9075,101.0,1515.0,0.0667,本社のみ,サービス業,tag,2025-12-31,E05182,7010701024604,S100XTTU
2188,2401,213,5257,ノバシステム株式会社,情報・通信業,上場,36.2,8.9,5381614.0,5202026,0.9666,510.0,,,,情報通信業,tag,2025-12-31,E38335,8120001046444,S100XT6D
2189,2027,-162,9823,株式会社マミーマートホールディングス,小売業,上場,41.5,11.7,5915000.0,5200491,0.8792,1058.0,1137.0,0.9305,,卸売業・小売業,tag,2025-09-30,E03173,5030001071058,S100XBFS
2190,2066,-124,5609,日本鋳造株式会社,鉄鋼,上場,42.7,13.9,5850000.0,5198189,0.8886,285.0,,,,製造業,tag,2026-03-31,E01236,8020001074100,S100YGG5
2191,2102,-89,5035,ＨＯＵＳＥＩ株式会社,情報・通信業,上場,40.4,7.9,5783000.0,5197356,0.8987,189.0,456.0,0.4145,,情報通信業,tag,2025-12-31,E37790,7010701008994,S100XU4M
2192,2162,-30,5491,日本金属株式会社,鉄鋼,上場,40.4,16.8,5693568.0,5193405,0.9122,524.0,787.0,0.6658,,製造業,tag,2026-03-31,E01276,1011401011162,S100YJG2
2193,2134,-59,8999,グランディハウス株式会社,不動産業,上場,41.4,10.4,5739000.0,5192642,0.9048,401.0,768.0,0.5221,,不動産業,tag,2026-03-31,E04044,2060001002178,S100YIKY
2194,2206,12,6044,株式会社三機サービス,サービス業,上場,39.3,7.3,5626000.0,5192156,0.9229,532.0,599.0,0.8881,,サービス業,tag,2025-05-31,E31379,3140001059036,S100WLAF
2195,2185,-10,2370,株式会社メディネット,サービス業,上場,39.5,8.7,5649259.0,5191953,0.9191,107.0,,,,サービス業,tag,2025-09-30,E05351,1020001039274,S100XB0H
2196,2712,516,8920,株式会社　東　祥,サービス業,上場,30.0,6.5,4840000.0,5190488,1.0724,273.0,376.0,0.7261,,サービス業,tag,2026-03-31,E04018,2180301013169,S100YI5M
2197,2688,491,3349,株式会社コスモス薬品,小売業,上場,31.7,7.1,4887462.0,5189467,1.0618,5702.0,5709.0,0.9988,,卸売業・小売業,tag,2025-05-31,E03446,9290001025414,S100WLSP
2198,2370,172,8560,株式会社　宮崎太陽銀行,銀行業,上場,37.4,15.2,5426000.0,5189310,0.9564,558.0,570.0,0.9789,,金融業・保険業,tag,2026-03-31,E03669,6350001001824,S100YG72
2199,2084,-115,2908,フジッコ株式会社,食料品,上場,42.3,18.3,5812000.0,5188887,0.8928,1062.0,1194.0,0.8894,,製造業,tag,2026-03-31,E00481,9140001010604,S100YF97
2200,2065,-135,5821,平河ヒューテック株式会社,非鉄金属,上場,43.0,20.7,5850700.0,5184784,0.8862,351.0,2321.0,0.1512,,製造業,tag,2026-03-31,E01352,1010701008364,S100YKSU
2201,1571,-630,8226,株式会社　理経,卸売業,上場,47.7,16.2,6525196.0,5183402,0.7944,137.0,179.0,0.7654,,卸売業・小売業,tag,2026-03-31,E02699,8011101022577,S100YK3T
2202,2182,-20,2445,株式会社タカミヤ,サービス業,上場,39.6,11.38,5650241.0,5183168,0.9173,752.0,1351.0,0.5566,,サービス業,tag,2026-03-31,E05493,5120001102126,S100YFC3
2203,1691,-512,,株式会社アイビーシー岩手放送,情報・通信業,非上場,46.44,14.45,6372196.0,5182729,0.8133,110.0,116.0,0.9483,,情報通信業,textblock,2026-03-31,E04385,9400001000033,S100YMT7
2204,2038,-166,7877,永大化工株式会社,化学,上場,43.8,16.0,5898000.0,5182464,0.8787,142.0,465.0,0.3054,,製造業,tag,2026-03-31,E02441,1120001019704,S100YJVJ
2205,2528,323,137A,Ｃｏｃｏｌｉｖｅ株式会社,情報・通信業,上場,34.9,3.0,5162000.0,5179884,1.0035,131.0,,,,情報通信業,tag,2026-05-31,E39349,4010401129383,S100YXSF
2206,2786,580,9428,株式会社クロップス,情報・通信業,上場,31.4,3.5,4569923.0,5179524,1.1334,740.0,1364.0,0.5425,,情報通信業,tag,2026-03-31,E05504,6180001029354,S100YDQV
2207,1852,-355,6699,ダイヤモンドエレクトリックホールディングス株式会社,電気機器,上場,47.87,17.69,6151329.0,5179424,0.842,466.0,3503.0,0.133,,製造業,textblock,2026-03-31,E34065,4120001216273,S100YLYF
2208,2141,-67,3835,ｅＢＡＳＥ株式会社,情報・通信業,上場,40.1,10.0,5732000.0,5177906,0.9033,170.0,480.0,0.3542,,情報通信業,tag,2026-03-31,E05659,9120001099805,S100YEPQ
2209,2081,-128,7219,株式会社エッチ・ケー・エス,輸送用機器,上場,42.6,18.2,5816000.0,5177845,0.8903,263.0,383.0,0.6867,,製造業,tag,2025-08-31,E02238,7080101011279,S100X6JZ
2210,2187,-23,6264,株式会社マルマエ,機械,上場,40.0,8.3,5646000.0,5176630,0.9169,222.0,462.0,0.4805,,製造業,tag,2025-08-31,E01465,2340001011885,S100X6CU
2211,2212,1,9046,神戸電鉄株式会社,陸運業,上場,41.0,19.9,5610000.0,5176157,0.9227,436.0,827.0,0.5272,,運輸業,tag,2026-03-31,E04109,8140001015612,S100YAZT
2212,2012,-200,6038,株式会社イード,サービス業,上場,42.2,12.24,5930000.0,5175566,0.8728,120.0,230.0,0.5217,,サービス業,tag,2025-06-30,E31343,5011201013586,S100WQQU
2213,1925,-288,8276,株式会社　平和堂,小売業,上場,43.0,18.87,6042000.0,5174843,0.8565,3611.0,4674.0,0.7726,,卸売業・小売業,tag,2026-02-20,E03081,3160001008726,S100Y2FB
2214,1953,-261,5906,エムケー精工株式会社,金属製品,上場,45.6,17.5,6000415.0,5174835,0.8624,866.0,1258.0,0.6884,,製造業,tag,2026-03-20,E02409,2100001006100,S100YA6U
2215,2604,389,475A,株式会社ギミック,サービス業,上場,32.6,5.2,5041000.0,5172201,1.026,323.0,,,,サービス業,tag,2026-03-31,E41115,7011001073333,S100YJX2
2216,2514,298,7073,株式会社ジェイック,サービス業,上場,35.2,7.8,5188000.0,5171809,0.9969,228.0,289.0,0.7889,,サービス業,tag,2026-01-31,E35187,1010001066022,S100Y1BL
2217,2049,-168,7822,永大産業株式会社,その他製品,上場,43.7,19.27,5876094.0,5171302,0.8801,964.0,1454.0,0.663,,製造業,tag,2026-03-31,E00631,7120001030374,S100YJDA
2218,1967,-251,6222,株式会社島精機製作所,機械,上場,45.46,22.34,5984096.0,5169680,0.8639,1256.0,1654.0,0.7594,,製造業,tag,2026-03-31,E01531,2170001001508,S100YIO7
2219,2382,163,2428,ウェルネット株式会社,サービス業,上場,37.7,8.2,5406989.0,5164477,0.9551,131.0,,,,サービス業,tag,2025-06-30,E05458,5010001125807,S100WQVK
2220,2205,-15,3670,協立情報通信株式会社,サービス業,上場,39.6,14.3,5627000.0,5164212,0.9178,177.0,,,,サービス業,tag,2026-03-31,E27235,2010401008184,S100YG51
2221,2131,-90,6737,ＥＩＺＯ株式会社,電気機器,上場,41.7,17.7,5740000.0,5163796,0.8996,1033.0,2289.0,0.4513,,製造業,tag,2026-03-31,E02069,8220001009300,S100YEV1
2222,2073,-149,3901,マークラインズ株式会社,情報・通信業,上場,41.54,3.62,5831000.0,5162601,0.8854,133.0,195.0,0.6821,,情報通信業,tag,2025-12-31,E31023,5010401043352,S100XSGJ
2223,2110,-113,5957,日東精工株式会社,金属製品,上場,42.3,19.8,5774314.0,5160924,0.8938,519.0,2267.0,0.2289,,製造業,tag,2025-12-31,E02296,2130001041813,S100XVV3
2224,2020,-204,5905,日本製罐株式会社,金属製品,上場,44.7,14.5,5923526.0,5160638,0.8712,102.0,189.0,0.5397,,製造業,tag,2026-03-31,E01408,4030001006527,S100YK2J
2225,2278,53,177A,コージンバイオ株式会社,医薬品,上場,38.6,6.1,5535000.0,5160486,0.9323,150.0,176.0,0.8523,,製造業,tag,2026-03-31,E38689,5030001068764,S100YB5D
2226,2164,-62,2220,亀田製菓株式会社,食料品,上場,41.0,17.8,5690000.0,5160246,0.9069,1404.0,4533.0,0.3097,,製造業,tag,2026-03-31,E00385,4110001006378,S100YEEA
2227,2076,-151,8194,株式会社ライフコーポレーション,小売業,上場,41.2,15.8,5827088.0,5160128,0.8855,7499.0,7506.0,0.9991,,卸売業・小売業,tag,2026-02-28,E03083,9010001060208,S100Y63D
2228,2039,-189,6655,東洋電機株式会社,電気機器,上場,44.3,16.7,5897000.0,5159515,0.8749,212.0,366.0,0.5792,,製造業,tag,2026-03-31,E02028,2180001074585,S100YKQN
2229,2121,-108,7847,株式会社グラファイトデザイン,その他製品,上場,42.0,15.0,5752945.0,5158930,0.8967,128.0,,,,製造業,tag,2026-02-28,E02464,1030001090714,S100Y66O
2230,2078,-152,5446,北越メタル株式会社,鉄鋼,上場,43.1,16.2,5821000.0,5158607,0.8862,387.0,483.0,0.8012,,製造業,tag,2026-03-31,E01260,9110001023162,S100YG3Z
2231,2325,94,274A,株式会社ガーデン,小売業,上場,38.0,5.3,5481159.0,5157104,0.9409,289.0,,,,卸売業・小売業,tag,2026-02-28,E40066,1011101075301,S100Y6WH
2232,2069,-163,9698,株式会社クレオ,情報・通信業,上場,41.8,14.3,5842751.0,5155629,0.8824,507.0,1167.0,0.4344,,情報通信業,tag,2026-03-31,E04849,7010401008436,S100YGVQ
2233,2490,257,6040,日本スキー場開発株式会社,サービス業,上場,35.9,4.1,5227000.0,5154744,0.9862,107.0,250.0,0.428,,サービス業,tag,2025-07-31,E31408,6010001097087,S100WWGS
2234,2169,-65,7716,株式会社ナカニシ,精密機器,上場,41.0,11.8,5682289.0,5154317,0.9071,1107.0,2204.0,0.5023,,製造業,tag,2025-12-31,E02331,1060001010545,S100XU9P
2235,1999,-236,3583,オーベクス株式会社,繊維製品,上場,45.2,17.1,5942000.0,5151885,0.867,124.0,353.0,0.3513,,製造業,tag,2026-03-31,E00584,6010601009020,S100YK22
2236,2129,-107,2411,ゲンダイエージェンシー株式会社,情報・通信業,上場,40.63,12.0,5741000.0,5151691,0.8974,138.0,208.0,0.6635,,情報通信業,tag,2026-03-31,E05417,8010101001161,S100YEOU
2237,2113,-124,4801,セントラルスポーツ株式会社,サービス業,上場,41.0,17.0,5771297.0,5150395,0.8924,791.0,890.0,0.8888,,サービス業,tag,2026-03-31,E05145,5010001048124,S100YEYH
2238,2893,655,4413,株式会社ボードルア,情報・通信業,上場,28.0,3.3,4132000.0,5150129,1.2464,1315.0,3704.0,0.355,,情報通信業,tag,2026-02-28,E37133,4010401098975,S100Y6J0
2239,2148,-91,8365,株式会社　富山銀行,銀行業,上場,41.8,16.3,5713000.0,5149659,0.9014,319.0,325.0,0.9815,,金融業・保険業,tag,2026-03-31,E03565,9230001011196,S100YFUZ
2240,1725,-515,7646,株式会社ＰＬＡＮＴ,小売業,上場,45.9,14.7,6312868.0,5148109,0.8155,651.0,,,,卸売業・小売業,tag,2025-09-20,E03343,5210001007068,S100XAET
2241,2192,-49,,立山黒部貫光株式会社,陸運業,非上場,44.7,20.6,5644606.0,5145444,0.9116,206.0,283.0,0.7279,,運輸業,textblock,2026-03-31,E04196,3230001001632,S100YN9U
2242,2088,-154,6518,三相電機株式会社,電気機器,上場,43.1,16.5,5802000.0,5144799,0.8867,299.0,588.0,0.5085,,製造業,tag,2026-03-31,E02012,5140001059091,S100YE1K
2243,2178,-65,5381,マイポックス株式会社,ガラス・土石製品,上場,40.9,9.9,5662000.0,5143644,0.9085,393.0,497.0,0.7907,,製造業,tag,2026-03-31,E01218,2012801002444,S100YFK2
2244,2062,-182,3103,ユニチカ株式会社,繊維製品,上場,44.1,22.0,5857875.0,5140620,0.8776,847.0,1692.0,0.5006,,製造業,tag,2026-03-31,E00527,8140001051822,S100YJHA
2245,2299,54,4334,株式会社ユークス,情報・通信業,上場,38.0,11.0,5510415.0,5139980,0.9328,214.0,333.0,0.6426,,情報通信業,tag,2026-01-31,E05254,6120101007645,S100Y0NT
2246,2247,1,6400,不二精機株式会社,機械,上場,39.6,13.8,5573327.0,5139361,0.9221,108.0,792.0,0.1364,,製造業,tag,2025-12-31,E02462,3120001018670,S100XUJ9
2247,1897,-350,9986,蔵王産業株式会社,卸売業,上場,43.8,13.6,6073000.0,5138069,0.8461,238.0,,,,卸売業・小売業,tag,2026-03-31,E02779,3010601019393,S100YJ27
2248,2542,294,3333,株式会社あさひ,小売業,上場,35.0,9.0,5138000.0,5138000,1.0,1826.0,,,,卸売業・小売業,tag,2026-02-20,E03439,7120001006861,S100Y2X4
2249,2103,-146,5986,モリテックスチール株式会社,金属製品,上場,43.0,16.0,5782887.0,5135374,0.888,338.0,727.0,0.4649,,製造業,tag,2026-03-31,E01411,7120001077572,S100YGQQ
2250,1937,-313,5458,高砂鐵工株式会社,鉄鋼,上場,46.9,18.4,6021943.0,5135003,0.8527,130.0,152.0,0.8553,,製造業,tag,2026-03-31,E01275,6011401003931,S100YH3H
2251,2338,87,5241,株式会社日本オーエー研究所,情報・通信業,上場,37.5,9.0,5461000.0,5132802,0.9399,239.0,,,,情報通信業,tag,2025-12-31,E38373,7010001006022,S100XTGF
2252,1862,-390,,株式会社トーハン,卸売業,非上場,44.4,20.2,6126668.0,5131532,0.8376,930.0,2066.0,0.4501,,卸売業・小売業,textblock,2026-03-31,E02538,3011101014587,S100YM13
2253,2548,295,6087,株式会社アビスト,サービス業,上場,34.96,9.28,5129000.0,5131169,1.0004,1352.0,,,,サービス業,tag,2025-09-30,E27043,8011001065412,S100XARO
2254,2177,-77,3944,古林紙工株式会社,パルプ・紙,上場,41.2,17.1,5664000.0,5130470,0.9058,236.0,527.0,0.4478,,製造業,tag,2025-12-31,E00664,6120001088901,S100XRPZ
2255,2469,214,4935,株式会社リベルタ,化学,上場,36.01,5.1,5264000.0,5129558,0.9745,106.0,136.0,0.7794,,製造業,tag,2025-12-31,E36133,4011001034965,S100XVNJ
2256,2098,-158,6317,株式会社北川鉄工所,機械,上場,43.3,17.2,5793000.0,5129359,0.8854,1412.0,2221.0,0.6357,,製造業,tag,2026-03-31,E01584,4240001034184,S100YHUP
2257,2072,-185,6073,株式会社アサンテ,サービス業,上場,41.8,13.0,5834000.0,5128602,0.8791,983.0,1013.0,0.9704,,サービス業,tag,2026-03-31,E27303,2011101000803,S100Y9ZW
2258,1683,-575,9929,平和紙業株式会社,卸売業,上場,46.9,22.5,6382000.0,5125869,0.8032,133.0,188.0,0.7074,,卸売業・小売業,tag,2026-03-31,E02759,5120001089074,S100YGD5
2259,2197,-62,6165,パンチ工業株式会社,機械,上場,40.9,15.6,5638020.0,5125151,0.909,660.0,3480.0,0.1897,,製造業,tag,2026-03-31,E27063,7010401054620,S100YE8P
2260,2558,298,2742,株式会社ハローズ,小売業,上場,34.9,11.3,5116000.0,5124991,1.0018,1437.0,,,,卸売業・小売業,tag,2026-02-28,E03395,7240001031724,S100Y5WR
2261,2029,-232,7215,株式会社ファルテック,輸送用機器,上場,45.4,17.9,5912000.0,5122787,0.8665,816.0,1764.0,0.4626,,製造業,tag,2026-03-31,E02246,2020001077174,S100YEJ6
2262,2041,-221,6424,株式会社高見沢サイバネティックス,機械,上場,45.1,21.3,5893000.0,5122302,0.8692,412.0,566.0,0.7279,,製造業,tag,2026-03-31,E02025,7011201003197,S100YEQL
2263,1983,-280,3449,株式会社テクノフレックス,金属製品,上場,46.2,14.0,5960000.0,5122251,0.8594,251.0,809.0,0.3103,,製造業,tag,2025-12-31,E35294,3010501032975,S100XU8H
2264,2605,341,6030,株式会社アドベンチャー,サービス業,上場,33.5,3.0,5040000.0,5121192,1.0161,158.0,607.0,0.2603,,サービス業,tag,2025-06-30,E31036,5011001050532,S100WXVU
2265,2172,-93,9249,日本エコシステム株式会社,サービス業,上場,40.5,6.6,5676000.0,5120862,0.9022,162.0,429.0,0.3776,,サービス業,tag,2025-09-30,E36968,8180001084777,S100XCE0
2266,2048,-218,9782,株式会社ディーエムエス,サービス業,上場,42.7,16.6,5876385.0,5119857,0.8713,283.0,,,,サービス業,tag,2026-03-31,E04940,5010001023358,S100YIWH
2267,2210,-57,6230,ＳＡＮＥＩ株式会社,機械,上場,40.7,14.5,5618000.0,5119461,0.9113,630.0,827.0,0.7618,,製造業,tag,2026-03-31,E35587,1120001012428,S100YEJ7
2268,1972,-296,8282,株式会社ケーズホールディングス,小売業,上場,43.2,17.5,5981000.0,5119067,0.8559,2260.0,7307.0,0.3093,,卸売業・小売業,tag,2026-03-31,E03128,6050001000897,S100YFQY
2269,2354,85,7643,株式会社ダイイチ,小売業,上場,38.1,11.4,5444820.0,5117378,0.9399,437.0,,,,卸売業・小売業,tag,2025-09-30,E03340,6460101000896,S100XC2D
2270,2183,-87,6905,コーセル株式会社,電気機器,上場,41.3,17.7,5649941.0,5114899,0.9053,466.0,717.0,0.6499,,製造業,tag,2026-05-20,E01856,7230001000928,S100YUI9
2271,2136,-135,5162,株式会社朝日ラバー,ゴム製品,上場,42.7,16.5,5736000.0,5114480,0.8916,335.0,538.0,0.6227,,製造業,tag,2026-03-31,E01115,9030001000319,S100YKQB
2272,2207,-65,7634,株式会社星医療酸器,卸売業,上場,39.9,10.3,5622249.0,5109120,0.9087,453.0,527.0,0.8596,,卸売業・小売業,tag,2026-03-31,E03330,2011801011868,S100YHH0
2273,2150,-123,2782,株式会社セリア,小売業,上場,40.8,9.5,5712526.0,5106643,0.8939,566.0,,,,卸売業・小売業,tag,2026-03-31,E03418,4200001013662,S100YH2R
2274,1994,-280,6882,株式会社三社電機製作所,電気機器,上場,46.5,18.9,5949245.0,5102836,0.8577,711.0,1399.0,0.5082,,製造業,tag,2026-03-31,E01821,7120001051882,S100YFP9
2275,2021,-254,2540,養命酒製造株式会社,食料品,非上場,46.1,20.0,5923371.0,5101650,0.8613,289.0,,,,製造業,tag,2026-03-31,E00400,2011001024084,S100YK3W
2276,2022,-254,5612,日本鋳鉄管株式会社,鉄鋼,上場,46.1,20.0,5923000.0,5101400,0.8613,310.0,389.0,0.7969,,製造業,tag,2026-03-31,E01283,3010001016859,S100YKL0
2277,2171,-106,5121,藤倉コンポジット株式会社,ゴム製品,上場,42.1,15.6,5679960.0,5099846,0.8979,743.0,2252.0,0.3299,,製造業,tag,2026-03-31,E01094,5010701008682,S100YJDM
2278,2283,5,3766,システムズ・デザイン株式会社,情報・通信業,上場,38.9,9.8,5528388.0,5095959,0.9218,378.0,553.0,0.6835,,情報通信業,tag,2026-03-31,E05469,7011301012643,S100YGLS
2279,2305,26,2929,株式会社ファーマフーズ,食料品,上場,39.3,5.0,5500000.0,5095626,0.9265,136.0,613.0,0.2219,,製造業,tag,2025-07-31,E02484,5130001011549,S100WW38
2280,2147,-133,3671,ソフトマックス株式会社,情報・通信業,上場,41.3,10.8,5714000.0,5092078,0.8912,230.0,,,,情報通信業,tag,2025-12-31,E27276,8340001002433,S100XURZ
2281,2095,-186,423A,株式会社ライオン事務器,卸売業,上場,41.8,14.5,5795115.0,5091456,0.8786,376.0,487.0,0.7721,,卸売業・小売業,tag,2025-09-30,E02604,1122001014313,S100XCRL
2282,2033,-249,7490,日新商事株式会社,卸売業,上場,42.9,16.8,5908000.0,5090794,0.8617,334.0,366.0,0.9126,,卸売業・小売業,tag,2026-03-31,E02845,4010401033255,S100YKC9
2283,2580,297,6195,株式会社ホープ,サービス業,上場,34.9,5.0,5085000.0,5090380,1.0011,209.0,217.0,0.9631,,サービス業,tag,2026-03-31,E32405,3290001029577,S100YMFF
2284,2252,-32,8349,株式会社　東北銀行,銀行業,上場,41.0,16.1,5572000.0,5087174,0.913,548.0,560.0,0.9786,,金融業・保険業,tag,2026-03-31,E03544,7400001001891,S100YEUT
2285,1977,-308,6955,ＦＤＫ株式会社,電気機器,上場,47.2,22.3,5966000.0,5085933,0.8525,1506.0,2420.0,0.6223,,製造業,tag,2026-03-31,E01896,3010401026846,S100YH9L
2286,2507,221,5891,株式会社魁力屋,小売業,上場,36.1,3.9,5198000.0,5083351,0.9779,382.0,439.0,0.8702,,卸売業・小売業,tag,2025-12-31,E39133,4130001026309,S100XTBZ
2287,2455,168,3558,ジェイドグループ株式会社,小売業,上場,36.94,4.92,5285000.0,5082857,0.9618,164.0,336.0,0.4881,,卸売業・小売業,tag,2026-02-28,E32966,5010401097274,S100Y6RE
2288,2517,229,6033,株式会社エクストリーム,サービス業,上場,36.3,4.1,5182000.0,5081387,0.9806,588.0,828.0,0.7101,,サービス業,tag,2026-03-31,E31079,6013301021476,S100YF6F
2289,1877,-412,9946,ミニストップ株式会社,小売業,上場,45.0,14.0,6108000.0,5079764,0.8317,692.0,1492.0,0.4638,,卸売業・小売業,tag,2026-02-28,E03188,4010001030181,S100Y4UH
2290,2267,-23,9057,遠州トラック株式会社,陸運業,上場,44.0,9.0,5550124.0,5077261,0.9148,1122.0,1378.0,0.8142,,運輸業,tag,2026-03-31,E04209,8080401017124,S100YBRY
2291,2215,-76,5724,株式会社アサカ理研,非鉄金属,上場,41.5,12.0,5609086.0,5074359,0.9047,181.0,194.0,0.933,,製造業,tag,2025-09-30,E21649,7380001004435,S100XCLW
2292,2763,471,3824,メディアファイブ株式会社,情報・通信業,上場,32.7,6.7,4669000.0,5071744,1.0863,235.0,,,,情報通信業,tag,2025-05-31,E05641,1290001018160,S100WL8L
2293,2170,-123,3439,株式会社三ツ知,金属製品,上場,42.8,12.8,5680760.0,5069577,0.8924,182.0,469.0,0.3881,,製造業,tag,2025-06-30,E02491,9180001001260,S100WQN3
2294,2383,89,8383,株式会社　鳥取銀行,銀行業,上場,39.0,16.1,5404000.0,5068427,0.9379,632.0,638.0,0.9906,,金融業・保険業,tag,2026-03-31,E03582,2270001000870,S100YDT2
2295,2140,-155,2668,タビオ株式会社,卸売業,上場,41.5,15.1,5732000.0,5068152,0.8842,234.0,268.0,0.8731,,卸売業・小売業,tag,2026-02-28,E02923,8120001020754,S100Y4Z8
2296,2355,59,7975,株式会社リヒトラブ,その他製品,上場,38.9,14.0,5441000.0,5067779,0.9314,186.0,591.0,0.3147,,製造業,tag,2026-02-28,E00667,1120001077594,S100Y4MZ
2297,2250,-47,7955,クリナップ株式会社,その他製品,上場,41.1,15.1,5572064.0,5064849,0.909,2993.0,3483.0,0.8593,,製造業,tag,2026-03-31,E02406,6011501006231,S100YHN2
2298,2429,131,2818,株式会社ピエトロ,食料品,上場,37.0,9.0,5320000.0,5063871,0.9519,313.0,315.0,0.9937,,製造業,tag,2026-03-31,E00513,3290001018662,S100YFQA
2299,2312,13,3768,リスクモンスター株式会社,情報・通信業,上場,39.0,8.1,5493000.0,5061737,0.9215,117.0,185.0,0.6324,,情報通信業,tag,2026-03-31,E05471,5010001075531,S100YGM6
2300,2279,-21,372A,株式会社レント,サービス業,上場,39.9,10.0,5533341.0,5060877,0.9146,1165.0,1552.0,0.7506,,サービス業,tag,2025-05-31,E40662,2080001005740,S100WMBE
2301,2133,-168,6989,北陸電気工業株式会社,電気機器,上場,44.0,20.5,5739384.0,5060830,0.8818,644.0,1833.0,0.3513,,製造業,tag,2026-03-31,E01817,6230001005201,S100YJZD
2302,2167,-135,6899,ＡＳＴＩ株式会社,電気機器,上場,43.1,17.4,5685872.0,5060403,0.89,689.0,4282.0,0.1609,,製造業,tag,2026-03-31,E02013,2080401000184,S100YD3Z
2303,2228,-75,9678,株式会社カナモト,サービス業,上場,40.5,13.2,5597056.0,5059040,0.9039,2001.0,3933.0,0.5088,,サービス業,tag,2025-10-31,E04862,8430001003991,S100XGOW
2304,2120,-184,5817,ＪＭＡＣＳ株式会社,非鉄金属,上場,44.3,16.8,5753446.0,5058306,0.8792,112.0,,,,製造業,tag,2026-02-28,E01348,8122001015783,S100Y6GG
2305,2699,394,9214,Ｒｅｃｏｖｅｒｙ　Ｉｎｔｅｒｎａｔｉｏｎａｌ株式会社,サービス業,上場,31.7,2.8,4868000.0,5055460,1.0385,334.0,349.0,0.957,,サービス業,tag,2025-12-31,E37292,3011101068278,S100XV6A
2306,2243,-63,6346,キクカワエンタープライズ株式会社,機械,上場,41.4,19.8,5577500.0,5055021,0.9063,189.0,,,,製造業,tag,2026-03-31,E01629,8190001006573,S100YHXC
2307,2488,181,3645,株式会社メディカルネット,情報・通信業,上場,36.3,4.9,5231000.0,5052944,0.966,134.0,296.0,0.4527,,情報通信業,tag,2025-05-31,E24982,1011001036766,S100WLO9
2308,2059,-249,4350,株式会社　メディカルシステムネットワーク,小売業,上場,43.0,8.0,5862000.0,5052483,0.8619,400.0,4014.0,0.0997,本社のみ,卸売業・小売業,tag,2026-03-31,E05274,6430001025872,S100YDT5
2309,2198,-111,7833,株式会社アイフィスジャパン,その他製品,上場,42.5,8.0,5637715.0,5050894,0.8959,102.0,286.0,0.3566,,製造業,tag,2025-12-31,E05512,9010001009543,S100XT95
2310,2087,-223,3201,日本毛織株式会社,繊維製品,上場,45.4,15.7,5804955.0,5049332,0.8698,497.0,4291.0,0.1158,,製造業,tag,2025-11-30,E00552,2140001012193,S100XLV8
2311,2263,-48,7442,中山福株式会社,卸売業,上場,40.0,14.0,5555050.0,5049195,0.9089,330.0,430.0,0.7674,,卸売業・小売業,tag,2026-03-31,E02805,9120001077505,S100YFRP
2312,2201,-111,3753,株式会社フライトソリューションズ,情報・通信業,上場,41.0,11.1,5631000.0,5048651,0.8966,110.0,,,,情報通信業,tag,2026-03-31,E05432,5011001032786,S100YH2V
2313,2160,-153,2804,ブルドックソース株式会社,食料品,上場,43.7,17.1,5702000.0,5046700,0.8851,199.0,282.0,0.7057,,製造業,tag,2026-03-31,E00466,6010001034924,S100YGZB
2314,2266,-48,7115,株式会社アルファパーチェス,卸売業,上場,40.0,7.6,5551252.0,5046262,0.909,228.0,265.0,0.8604,,卸売業・小売業,tag,2025-12-31,E38118,8010401090648,S100XT1E
2315,2143,-172,7879,株式会社ノダ,その他製品,上場,44.2,19.2,5728256.0,5044653,0.8807,1031.0,1798.0,0.5734,,製造業,tag,2025-11-30,E00636,6010501010276,S100XMYW
2316,2310,-6,,奈良交通株式会社,陸運業,非上場,50.6,16.5,5494000.0,5042098,0.9177,1510.0,2142.0,0.7049,,運輸業,textblock,2026-03-31,E04170,8150001001652,S100YHD1
2317,2526,209,6565,ＡＢホテル株式会社,サービス業,上場,36.6,2.1,5163000.0,5041671,0.9765,103.0,,,,サービス業,tag,2026-03-31,E33638,1180301027293,S100YDVA
2318,2051,-267,2917,株式会社大森屋,食料品,上場,46.8,16.5,5875000.0,5041557,0.8581,149.0,152.0,0.9803,,製造業,tag,2025-09-30,E00495,1120001034595,S100XBNR
2319,1998,-321,9950,株式会社ハチバン,小売業,上場,44.0,12.7,5942316.0,5038751,0.8479,163.0,174.0,0.9368,,卸売業・小売業,tag,2026-03-20,E03202,4220001005352,S100YDJ0
2320,2216,-104,3948,光ビジネスフォーム株式会社,パルプ・紙,上場,42.3,15.3,5607751.0,5037336,0.8983,391.0,,,,製造業,tag,2025-12-31,E00708,5010101003318,S100XSVY
2321,2318,-3,5820,株式会社三ッ星,非鉄金属,上場,40.3,13.9,5487805.0,5037161,0.9179,165.0,326.0,0.5061,,製造業,tag,2026-03-31,E01351,7120001025481,S100YG3G
2322,2227,-95,3447,信和株式会社,金属製品,上場,42.2,10.2,5598000.0,5034395,0.8993,145.0,358.0,0.405,,製造業,tag,2026-03-31,E33834,9010001162433,S100YJZ0
2323,2379,56,2813,和弘食品株式会社,食料品,上場,39.2,10.8,5412641.0,5029904,0.9293,262.0,310.0,0.8452,,製造業,tag,2026-03-31,E00478,9430001050661,S100YGOO
2324,2128,-196,3529,アツギ株式会社,繊維製品,上場,44.8,13.8,5741095.0,5029263,0.876,141.0,1207.0,0.1168,,製造業,tag,2026-03-31,E00567,4021001026648,S100YKV3
2325,2107,-218,4616,川上塗料株式会社,化学,上場,45.5,17.8,5779792.0,5028109,0.8699,131.0,132.0,0.9924,,製造業,tag,2025-11-30,E00896,4140001048351,S100XMOI
2326,2264,-62,6647,森尾電機株式会社,電気機器,上場,41.6,18.9,5553000.0,5027293,0.9053,197.0,218.0,0.9037,,製造業,tag,2026-03-31,E01912,5011801004902,S100YJH1
2327,1782,-545,9948,株式会社アークス,小売業,上場,47.4,15.5,6240495.0,5026232,0.8054,125.0,5464.0,0.0229,本社のみ,卸売業・小売業,tag,2026-02-28,E03199,1430001018377,S100Y640
2328,1970,-358,3168,株式会社ＭＥＲＦ,卸売業,上場,44.6,15.3,5982000.0,5025575,0.8401,121.0,154.0,0.7857,,卸売業・小売業,tag,2025-08-31,E25443,3230001012407,S100X5OB
2329,2229,-100,5199,不二ラテックス株式会社,ゴム製品,上場,42.4,13.5,5594710.0,5023394,0.8979,247.0,253.0,0.9763,,製造業,tag,2026-03-31,E01109,5010001027937,S100YGMK
2330,2335,5,3317,株式会社フライングガーデン,小売業,上場,39.5,13.5,5468000.0,5020114,0.9181,173.0,,,,卸売業・小売業,tag,2026-03-31,E03432,5060001014864,S100YHND
2331,2491,160,8559,株式会社豊和銀行,銀行業,上場,37.3,14.4,5227000.0,5019933,0.9604,509.0,,,,金融業・保険業,tag,2026-03-31,E03673,3320001002530,S100YF85
2332,2352,20,3910,株式会社エムケイシステム,情報・通信業,上場,39.1,6.7,5446000.0,5018641,0.9215,104.0,130.0,0.8,,情報通信業,tag,2026-03-31,E30993,7120001075907,S100YL5Q
2333,2494,161,5038,株式会社ｅＷｅＬＬ,情報・通信業,上場,36.5,3.0,5219659.0,5018596,0.9615,107.0,,,,情報通信業,tag,2025-12-31,E37902,1120001171257,S100XSJZ
2334,2372,38,2815,アリアケジャパン株式会社,食料品,上場,39.6,14.5,5422000.0,5018207,0.9255,747.0,1201.0,0.622,,製造業,tag,2026-03-31,E00486,3011001030833,S100YDGM
2335,2194,-141,8273,株式会社イズミ,小売業,上場,41.3,16.9,5642000.0,5017331,0.8893,2895.0,5025.0,0.5761,,卸売業・小売業,tag,2026-02-28,E03068,8240001000777,S100Y671
2336,2457,121,9616,株式会社共立メンテナンス,サービス業,上場,38.1,6.1,5281524.0,5013871,0.9493,3544.0,6614.0,0.5358,,サービス業,tag,2026-03-31,E04908,1010001014427,S100YIIM
2337,2109,-228,2708,株式会社久世,卸売業,上場,42.7,10.9,5775345.0,5013775,0.8681,395.0,649.0,0.6086,,卸売業・小売業,tag,2026-03-31,E02938,7013301002723,S100YG7R
2338,2235,-103,9221,フルハシＥＰＯ株式会社,サービス業,上場,41.0,8.4,5588000.0,5009967,0.8966,339.0,487.0,0.6961,,サービス業,tag,2026-03-31,E37560,3180001022733,S100YBWO
2339,2214,-125,5388,クニミネ工業株式会社,ガラス・土石製品,上場,43.0,12.2,5610000.0,5009405,0.8929,228.0,277.0,0.8231,,製造業,tag,2026-03-31,E01195,6010001015098,S100YLG9
2340,2260,-80,7198,ＳＢＩアルヒ株式会社,その他金融業,上場,42.9,6.4,5559019.0,5009168,0.9011,442.0,522.0,0.8467,,金融業・保険業,tag,2026-03-31,E33625,1010001160717,S100YFMO
2341,2449,108,6070,キャリアリンク株式会社,サービス業,上場,38.3,4.4,5297000.0,5008654,0.9456,706.0,932.0,0.7575,,サービス業,tag,2026-03-31,E26839,2011101023151,S100YHI9
2342,2116,-226,2681,株式会社ゲオホールディングス,小売業,上場,42.72,13.51,5766973.0,5006657,0.8682,641.0,7249.0,0.0884,本社のみ,卸売業・小売業,tag,2026-03-31,E03367,7180001074052,S100YJMA
2343,2348,5,,静岡鉄道株式会社,陸運業,非上場,43.1,12.1,5449663.0,5005111,0.9184,476.0,4413.0,0.1079,,運輸業,textblock,2026-03-31,E04113,8080001002864,S100YJII
2344,2157,-187,6167,冨士ダイス株式会社,機械,上場,44.8,21.9,5705659.0,5004587,0.8771,845.0,1078.0,0.7839,,製造業,tag,2026-03-31,E31594,4010801010218,S100YEI1
2345,2176,-169,6334,明治機械株式会社,機械,上場,44.2,12.1,5667000.0,5001358,0.8825,156.0,210.0,0.7429,,製造業,tag,2026-03-31,E01538,2010001030563,S100YJ53
2346,2363,17,4885,室町ケミカル株式会社,医薬品,上場,40.2,9.9,5434000.0,4999565,0.9201,199.0,,,,製造業,tag,2026-05-31,E36350,3290001054096,S100YYBG
2347,2213,-134,5541,大平洋金属株式会社,鉄鋼,上場,43.3,20.4,5610000.0,4997044,0.8907,384.0,425.0,0.9035,,製造業,tag,2026-03-31,E01254,2010001008717,S100YDBT
2348,1887,-461,8039,築地魚市場株式会社,卸売業,上場,46.2,17.2,6093935.0,4996868,0.82,164.0,292.0,0.5616,,卸売業・小売業,tag,2026-03-31,E02571,4010001034876,S100YISR
2349,2550,201,4198,株式会社テンダ,情報・通信業,上場,36.0,5.6,5128000.0,4995890,0.9742,247.0,370.0,0.6676,,情報通信業,tag,2025-05-31,E36637,3013301014169,S100WLGP
2350,2320,-30,7444,ハリマ共和物産株式会社,卸売業,上場,40.0,14.0,5485152.0,4995216,0.9107,173.0,190.0,0.9105,,卸売業・小売業,tag,2026-03-31,E02807,1140001060846,S100YK4R
2351,2387,36,4238,ミライアル株式会社,化学,上場,39.7,16.9,5399000.0,4995098,0.9252,323.0,449.0,0.7194,,製造業,tag,2026-01-31,E02477,4013301002222,S100Y0E4
2352,2137,-215,4102,丸尾カルシウム株式会社,化学,上場,45.6,20.2,5735596.0,4993990,0.8707,215.0,239.0,0.8996,,製造業,tag,2026-03-31,E00791,5140001035506,S100YFE2
2353,2692,339,4763,株式会社クリーク・アンド・リバー社,サービス業,上場,32.9,5.9,4882000.0,4992819,1.0227,1461.0,2858.0,0.5112,,サービス業,tag,2026-02-28,E05096,1010001101101,S100Y6IG
2354,2158,-196,2883,株式会社大冷,食料品,上場,45.1,16.8,5705000.0,4992349,0.8751,146.0,,,,製造業,tag,2026-03-31,E31012,2010001048993,S100YBPW
2355,2209,-146,6962,株式会社大真空,電気機器,上場,43.6,17.6,5620262.0,4992234,0.8883,639.0,2995.0,0.2134,,製造業,tag,2026-03-31,E01952,7140001043110,S100YKVO
2356,2265,-91,3611,株式会社マツオカコーポレーション,繊維製品,上場,42.4,8.4,5552000.0,4991787,0.8991,177.0,21086.0,0.0084,本社のみ,製造業,tag,2026-03-31,E33574,7240001034000,S100YHK4
2357,2657,300,9039,株式会社サカイ引越センター,陸運業,上場,34.5,8.4,4950000.0,4991416,1.0084,6083.0,6989.0,0.8704,,運輸業,tag,2026-03-31,E04218,6120101002720,S100YFJQ
2358,2441,83,7809,株式会社壽屋,その他製品,上場,38.2,11.2,5305000.0,4990061,0.9406,192.0,,,,製造業,tag,2025-06-30,E33392,7012801000492,S100WQU3
2359,1882,-477,9885,株式会社　シャルレ,卸売業,上場,46.4,19.8,6102000.0,4989961,0.8178,205.0,291.0,0.7045,,卸売業・小売業,tag,2026-03-31,E02727,6140001008568,S100YE1F
2360,2376,16,9788,株式会社ナック,サービス業,上場,39.68,10.45,5419000.0,4987641,0.9204,1154.0,1699.0,0.6792,,サービス業,tag,2026-03-31,E04934,9011101015480,S100YKSL
2361,2386,25,4920,株式会社日本色材工業研究所,化学,上場,39.9,9.9,5400000.0,4986584,0.9234,343.0,505.0,0.6792,,製造業,tag,2026-02-28,E01040,1010401022715,S100Y7HD
2362,2600,238,2993,株式会社長栄,不動産業,上場,35.5,8.4,5051000.0,4985058,0.9869,261.0,,,,不動産業,tag,2026-03-31,E37141,9130001015067,S100YCXS
2363,2118,-245,7399,株式会社ナンシン,輸送用機器,上場,46.2,12.3,5754893.0,4984183,0.8661,173.0,438.0,0.395,,製造業,tag,2026-03-31,E02447,1010001053053,S100YM6C
2364,2395,31,4491,コンピューターマネージメント株式会社,情報・通信業,上場,38.9,7.9,5387271.0,4984117,0.9252,734.0,754.0,0.9735,,情報通信業,tag,2026-03-31,E35466,8120001028938,S100YGM1
2365,2459,94,4931,新日本製薬株式会社,化学,上場,37.9,7.9,5280000.0,4983772,0.9439,309.0,316.0,0.9778,,製造業,tag,2025-09-30,E34965,5290001023017,S100XA5Q
2366,2173,-193,7938,株式会社リーガルコーポレーション,その他製品,上場,44.8,20.7,5675000.0,4983238,0.8781,170.0,790.0,0.2152,,製造業,tag,2026-03-31,E01118,4040001034188,S100YFIT
2367,2585,218,9799,旭情報サービス株式会社,情報・通信業,上場,35.7,12.4,5073000.0,4981387,0.9819,1911.0,,,,情報通信業,tag,2026-03-31,E04920,7010001035087,S100YHT5
2368,2184,-184,4512,わかもと製薬株式会社,医薬品,上場,44.4,17.0,5649590.0,4981139,0.8817,303.0,,,,製造業,tag,2026-03-31,E00928,1010001035010,S100YDBU
2369,2411,42,4172,東和ハイシステム株式会社,情報・通信業,上場,38.6,10.3,5361000.0,4980896,0.9291,117.0,,,,情報通信業,tag,2025-09-30,E36002,2260001004724,S100XCQ7
2370,2397,27,6695,株式会社キャストリコ,電気機器,上場,39.8,5.0,5385000.0,4979288,0.9247,127.0,,,,製造業,textblock,2026-03-31,E33345,4010001096017,S100YJNO
2371,2345,-26,7902,株式会社ソノコム,その他製品,上場,41.0,17.6,5453219.0,4978167,0.9129,113.0,,,,製造業,tag,2026-03-31,E02428,5013201003278,S100YJAF
2372,2115,-257,5997,協立エアテック株式会社,金属製品,上場,46.6,20.6,5767000.0,4977294,0.8631,311.0,333.0,0.9339,,製造業,tag,2025-12-31,E01431,2290001038257,S100XUIL
2373,2127,-246,8198,マックスバリュ東海株式会社,小売業,上場,43.0,10.0,5742962.0,4971563,0.8657,2457.0,2510.0,0.9789,,卸売業・小売業,tag,2026-02-28,E03087,1080101006499,S100Y494
2374,2276,-98,7987,ナカバヤシ株式会社,その他製品,上場,42.7,14.8,5537405.0,4968653,0.8973,692.0,2004.0,0.3453,,製造業,tag,2026-03-31,E00679,4120001086023,S100YKAO
2375,2237,-138,6224,株式会社ＪＲＣ,輸送用機器,上場,43.6,10.5,5587000.0,4968368,0.8893,335.0,470.0,0.7128,,製造業,tag,2026-02-28,E38780,2120001044197,S100Y688
2376,2380,4,,佐渡汽船株式会社,海運業,非上場,45.2,18.5,5412000.0,4967750,0.9179,459.0,729.0,0.6296,,運輸業,textblock,2025-12-31,E04244,2110001027748,S100XVOA
2377,2388,11,,遠州鉄道株式会社,陸運業,非上場,42.6,10.4,5395281.0,4965942,0.9204,1852.0,5620.0,0.3295,,運輸業,textblock,2026-03-31,E04129,5080401000702,S100YII3
2378,2071,-307,9679,ホウライ株式会社,サービス業,上場,47.0,11.0,5841000.0,4964568,0.85,155.0,,,,サービス業,tag,2025-09-30,E04691,9010001108279,S100XAG9
2379,2268,-111,8040,株式会社東京ソワール,繊維製品,上場,43.1,14.4,5549866.0,4961562,0.894,203.0,235.0,0.8638,,製造業,tag,2025-12-31,E02679,8010401020803,S100XV8N
2380,2410,30,6484,株式会社ＫＶＫ,機械,上場,39.9,14.6,5368000.0,4961188,0.9242,620.0,1022.0,0.6067,,製造業,tag,2026-03-31,E01434,6200001001871,S100YH48
2381,2447,66,3038,株式会社神戸物産,卸売業,上場,38.5,7.9,5297720.0,4960885,0.9364,610.0,1674.0,0.3644,,卸売業・小売業,tag,2025-10-31,E02999,5140001044630,S100XHUJ
2382,2374,-8,7120,株式会社ＳＨＩＮＫＯ,情報・通信業,上場,39.8,12.8,5420533.0,4958449,0.9148,895.0,,,,情報通信業,tag,2026-03-31,E38443,7010501036634,S100YE1C
2383,2208,-175,6964,株式会社サンコー,電気機器,上場,44.5,21.2,5620601.0,4956875,0.8819,289.0,484.0,0.5971,,製造業,tag,2026-03-31,E01954,8100001015608,S100YJUI
2384,2236,-148,3028,株式会社アルペン,小売業,上場,41.6,16.0,5587538.0,4956806,0.8871,2896.0,3257.0,0.8892,,卸売業・小売業,tag,2025-06-30,E03475,7180001024676,S100WQEC
2385,2296,-89,6138,ダイジェット工業株式会社,機械,上場,42.6,21.3,5513000.0,4954776,0.8987,347.0,360.0,0.9639,,製造業,tag,2026-03-31,E01488,6120001020814,S100YHNC
2386,2189,-197,2961,日本調理機株式会社,機械,上場,45.0,20.0,5645000.0,4954680,0.8777,532.0,,,,製造業,tag,2025-09-30,E36991,8010801009041,S100XCJ8
2387,2219,-168,6736,サン電子株式会社,電気機器,上場,44.3,14.3,5605362.0,4953905,0.8838,215.0,307.0,0.7003,,製造業,tag,2026-03-31,E02070,5180001087444,S100YKGG
2388,2619,231,7606,株式会社ユナイテッドアローズ,小売業,上場,35.7,10.2,5020000.0,4952499,0.9866,3825.0,3904.0,0.9798,,卸売業・小売業,tag,2026-03-31,E03316,1011001028441,S100YEY5
2389,2481,92,7191,株式会社イントラスト,その他金融業,上場,38.6,4.1,5237000.0,4951868,0.9456,217.0,308.0,0.7045,,金融業・保険業,tag,2026-03-31,E32763,6010001133718,S100YECQ
2390,2280,-110,3955,株式会社イムラ,パルプ・紙,上場,43.0,19.5,5531000.0,4951844,0.8953,639.0,973.0,0.6567,,製造業,tag,2026-01-31,E00688,1120001074740,S100Y0K4
2391,2230,-161,7279,株式会社ハイレックスコーポレーション,輸送用機器,上場,44.1,17.9,5591000.0,4951526,0.8856,904.0,12071.0,0.0749,本社のみ,製造業,tag,2025-10-31,E02204,1140001081875,S100XGCL
2392,2315,-77,6467,株式会社ニチダイ,機械,上場,42.3,17.6,5491901.0,4951376,0.9016,344.0,596.0,0.5772,,製造業,tag,2026-03-31,E01456,2130001038818,S100YGVK
2393,2589,196,2479,株式会社ジェイテック,サービス業,上場,36.6,10.8,5067000.0,4951363,0.9772,281.0,430.0,0.6535,,サービス業,tag,2026-03-31,E05569,9010001065586,S100YN23
2394,2245,-149,7883,サンメッセ株式会社,その他製品,上場,43.8,22.16,5574164.0,4951274,0.8883,614.0,643.0,0.9549,,製造業,tag,2026-03-31,E00719,9200001013658,S100YFTU
2395,2404,9,9060,日本ロジテム株式会社,陸運業,上場,43.0,14.0,5377389.0,4950691,0.9206,922.0,3718.0,0.248,,運輸業,tag,2026-03-31,E04206,3010701007868,S100YNBV
2396,2430,34,6255,株式会社エヌ・ピー・シー,機械,上場,39.3,11.4,5319371.0,4949727,0.9305,164.0,168.0,0.9762,,製造業,tag,2025-08-31,E01734,9011501005718,S100X6PR
2397,2144,-253,4031,片倉コープアグリ株式会社,化学,上場,46.6,18.7,5723975.0,4948605,0.8645,612.0,797.0,0.7679,,製造業,tag,2026-03-31,E00789,4010001008665,S100YFRR
2398,2287,-111,2894,石井食品株式会社,食料品,上場,42.9,15.2,5520864.0,4948454,0.8963,395.0,405.0,0.9753,,製造業,tag,2026-03-31,E00453,7040001016687,S100YMHZ
2399,2151,-248,3628,株式会社データホライゾン,情報・通信業,上場,43.6,8.0,5711000.0,4945854,0.866,239.0,365.0,0.6548,,情報通信業,tag,2026-03-31,E21553,9240001012318,S100YMTV
2400,2675,275,3911,株式会社Ａｉｍｉｎｇ,情報・通信業,上場,34.8,5.5,4910718.0,4944863,1.007,687.0,687.0,1.0,,情報通信業,tag,2025-12-31,E31348,7011101060669,S100XU6G
2401,2398,-3,3435,サンコーテクノ株式会社,金属製品,上場,40.6,12.5,5385000.0,4943160,0.9179,345.0,850.0,0.4059,,製造業,tag,2026-03-31,E01462,2040001040188,S100YHPR
2402,2365,-37,2594,キーコーヒー株式会社,食料品,上場,41.5,16.6,5432882.0,4940746,0.9094,618.0,1019.0,0.6065,,製造業,tag,2026-03-31,E00491,4010401007523,S100YK1N
2403,2343,-60,7811,中本パックス株式会社,その他製品,上場,41.9,14.4,5455000.0,4940340,0.9057,476.0,883.0,0.5391,,製造業,tag,2026-02-28,E31924,8120001024730,S100Y635
2404,2179,-225,6111,旭精機工業株式会社,機械,上場,45.6,19.8,5657000.0,4940317,0.8733,456.0,,,,製造業,tag,2026-03-31,E01550,7180001079431,S100YHGQ
2405,2223,-182,5942,日本フイルコン株式会社,金属製品,上場,44.6,20.3,5601015.0,4939311,0.8819,433.0,1273.0,0.3401,,製造業,tag,2025-11-30,E01370,4013401002394,S100XMRB
2406,1945,-461,9474,株式会社ゼンリン,情報・通信業,上場,47.11,18.39,6013242.0,4938952,0.8213,2441.0,3574.0,0.683,,情報通信業,tag,2026-03-31,E00717,5290801002046,S100YD65
2407,2391,-16,7325,株式会社アイリックコーポレーション,保険業,上場,41.2,5.7,5392436.0,4937783,0.9157,408.0,643.0,0.6345,,金融業・保険業,tag,2025-06-30,E34281,6010001065944,S100WS0W
2408,2284,-124,6408,小倉クラッチ株式会社,機械,上場,43.3,18.6,5527000.0,4937032,0.8933,791.0,1755.0,0.4507,,製造業,tag,2026-03-31,E01647,1070001015725,S100YJ6L
2409,2274,-135,,株式会社ドミー,小売業,非上場,41.4,16.95,5540000.0,4936092,0.891,246.0,275.0,0.8945,,卸売業・小売業,textblock,2025-05-31,E03189,5180301002689,S100WK6A
2410,2426,16,8077,トルク株式会社,卸売業,上場,39.1,14.6,5324000.0,4936001,0.9271,156.0,213.0,0.7324,,卸売業・小売業,tag,2025-10-31,E02570,7120001048994,S100XHJG
2411,1956,-455,3222,ユナイテッド・スーパーマーケット・ホールディングス株式会社,小売業,上場,46.3,1.6,6000000.0,4934586,0.8224,445.0,9349.0,0.0476,本社のみ,卸売業・小売業,tag,2026-02-28,E31159,8010001166286,S100Y585
2412,2290,-122,7513,株式会社コジマ,小売業,上場,41.2,16.9,5518000.0,4933728,0.8941,2919.0,,,,卸売業・小売業,tag,2025-08-31,E03270,2060001001667,S100X50A
2413,2389,-24,3945,スーパーバッグ株式会社,パルプ・紙,上場,41.0,18.3,5395000.0,4933397,0.9144,335.0,381.0,0.8793,,製造業,tag,2026-03-31,E00675,8013301005766,S100YJ4G
2414,2166,-248,9827,リリカラ株式会社,卸売業,上場,43.0,16.0,5686575.0,4933232,0.8675,545.0,,,,卸売業・小売業,tag,2025-12-31,E02743,2011101022797,S100XUAQ
2415,2504,89,,株式会社　但馬銀行,銀行業,非上場,38.4,14.2,5200000.0,4931791,0.9484,567.0,582.0,0.9742,,金融業・保険業,textblock,2026-03-31,E03600,3140001055984,S100YI1V
2416,2419,3,7619,田中商事株式会社,卸売業,上場,39.4,13.4,5346684.0,4931656,0.9224,437.0,455.0,0.9604,,卸売業・小売業,tag,2026-03-31,E02902,8010701005900,S100YDHJ
2417,2106,-311,6597,ＨＰＣシステムズ株式会社,情報・通信業,上場,44.6,8.7,5780000.0,4930988,0.8531,120.0,123.0,0.9756,,情報通信業,tag,2025-06-30,E35114,4010401096252,S100WS3O
2418,2451,33,5971,株式会社共和工業所,金属製品,上場,39.3,15.5,5294161.0,4929365,0.9311,288.0,289.0,0.9965,,製造業,tag,2026-04-30,E01442,1220001011873,S100YR73
2419,2417,-2,2933,株式会社紀文食品,食料品,上場,40.3,16.6,5349000.0,4928272,0.9213,1159.0,2457.0,0.4717,,製造業,tag,2026-03-31,E36466,4010001041880,S100YGHF
2420,2239,-181,7427,エコートレーディング株式会社,卸売業,上場,42.0,12.7,5585005.0,4928080,0.8824,263.0,300.0,0.8767,,卸売業・小売業,tag,2026-02-28,E02801,4140001068093,S100Y67Z
2421,2298,-123,9729,株式会社トーカイ,サービス業,上場,41.3,10.7,5510960.0,4927378,0.8941,2007.0,4694.0,0.4276,,サービス業,tag,2026-03-31,E04826,8200001003544,S100YE2Y
2422,2762,340,4197,株式会社アスマーク,情報・通信業,上場,33.5,5.1,4672000.0,4927172,1.0546,316.0,328.0,0.9634,,情報通信業,tag,2025-11-30,E37502,2010901015886,S100XNPA
2423,2196,-227,2418,株式会社ツカダ・グローバルホールディング,サービス業,上場,43.5,7.9,5641000.0,4925394,0.8731,121.0,2365.0,0.0512,本社のみ,サービス業,tag,2025-12-31,E05411,2011001035049,S100XTC0
2424,2420,-4,9388,株式会社パパネッツ,倉庫・運輸関連,上場,43.5,5.8,5345000.0,4924084,0.9213,106.0,,,,運輸業,tag,2026-02-28,E33610,9030001067804,S100Y5VD
2425,2200,-225,6262,株式会社ＰＥＧＡＳＵＳ,機械,上場,45.6,18.8,5632000.0,4923245,0.8742,231.0,1576.0,0.1466,,製造業,tag,2026-03-31,E01731,6120001036356,S100YGO3
2426,2220,-206,2483,株式会社翻訳センター,サービス業,上場,42.7,10.0,5603259.0,4921599,0.8783,391.0,540.0,0.7241,,サービス業,tag,2026-03-31,E05579,1120001089458,S100YILW
2427,2661,234,6549,ディーエムソリューションズ株式会社,サービス業,上場,35.1,6.2,4927770.0,4920664,0.9986,324.0,355.0,0.9127,,サービス業,tag,2026-03-31,E33247,9012401014057,S100YJGW
2428,2687,259,7183,あんしん保証株式会社,その他金融業,上場,34.8,6.4,4892000.0,4919595,1.0056,135.0,,,,金融業・保険業,tag,2026-03-31,E31905,9010401049214,S100YCZS
2429,2262,-167,7950,日本デコラックス株式会社,化学,上場,44.3,15.8,5556100.0,4919174,0.8854,172.0,,,,製造業,tag,2026-03-31,E02407,8180001081246,S100YI56
2430,2100,-330,7746,岡本硝子株式会社,精密機器,上場,48.6,19.0,5789000.0,4918979,0.8497,153.0,232.0,0.6595,,製造業,tag,2026-03-31,E01221,2040001065334,S100YL4M
2431,2709,278,9252,株式会社ラストワンマイル,情報・通信業,上場,34.58,6.27,4847000.0,4918320,1.0147,181.0,313.0,0.5783,,情報通信業,tag,2025-08-31,E37098,2010001147267,S100X7D0
2432,2353,-79,2341,株式会社アルバイトタイムス,サービス業,上場,40.79,11.53,5445790.0,4917424,0.903,165.0,188.0,0.8777,,サービス業,tag,2026-02-28,E05316,8010001084372,S100Y5RZ
2433,2281,-152,5279,日本興業株式会社,ガラス・土石製品,上場,43.9,11.6,5531000.0,4916624,0.8889,325.0,431.0,0.7541,,製造業,tag,2026-03-31,E01200,3470001011236,S100YFPM
2434,2079,-355,7624,株式会社ＮａＩＴＯ,卸売業,上場,44.7,19.9,5819000.0,4915492,0.8447,297.0,309.0,0.9612,,卸売業・小売業,tag,2026-02-28,E02903,6011501003393,S100Y4MW
2435,2650,215,2791,大黒天物産株式会社,小売業,上場,35.5,7.9,4962485.0,4915376,0.9905,1617.0,2038.0,0.7934,,卸売業・小売業,tag,2026-05-31,E03423,8260001013868,S100YYHK
2436,2493,57,2208,株式会社ブルボン,食料品,上場,38.3,15.9,5220000.0,4914441,0.9415,3857.0,4150.0,0.9294,,製造業,tag,2026-03-31,E00380,6110001017563,S100YEFS
2437,2396,-41,8127,ヤマトインターナショナル株式会社,繊維製品,上場,41.3,16.9,5386504.0,4914022,0.9123,151.0,159.0,0.9497,,製造業,tag,2025-08-31,E00600,3120001077584,S100X5IF
2438,2622,184,4750,株式会社ダイサン,サービス業,上場,36.5,9.3,5015045.0,4909130,0.9789,536.0,638.0,0.8401,,サービス業,tag,2026-04-20,E05070,8120001083116,S100YNWZ
2439,2771,332,2163,株式会社アルトナー,サービス業,上場,30.7,6.8,4638691.0,4908611,1.0582,1474.0,1623.0,0.9082,,サービス業,tag,2026-01-31,E05717,6140001047590,S100Y062
2440,2711,271,9256,株式会社サクシード,サービス業,上場,33.7,5.2,4841000.0,4908443,1.0139,118.0,209.0,0.5646,,サービス業,tag,2026-03-31,E37221,7011101037139,S100YJBO
2441,2602,161,7793,株式会社イメージ・マジック,その他製品,上場,36.2,4.9,5047000.0,4907718,0.9724,224.0,,,,製造業,tag,2025-12-31,E37419,4030001059302,S100XVC1
2442,2226,-216,3395,株式会社サンマルクホールディングス,小売業,上場,42.5,7.5,5599713.0,4905683,0.8761,355.0,1229.0,0.2889,,卸売業・小売業,tag,2026-03-31,E05556,4260001004499,S100YI0O
2443,2357,-86,7896,セブン工業株式会社,その他製品,上場,42.5,16.1,5440722.0,4905490,0.9016,376.0,,,,製造業,tag,2026-03-31,E00633,1200001017170,S100YEA0
2444,2781,337,3195,株式会社ジェネレーションパス,小売業,上場,31.5,5.01,4600000.0,4903559,1.066,102.0,273.0,0.3736,,卸売業・小売業,tag,2025-10-31,E30881,9011101032971,S100XHU3
2445,2326,-119,8011,株式会社三陽商会,繊維製品,上場,43.4,15.6,5481000.0,4899932,0.894,1118.0,1125.0,0.9938,,製造業,tag,2026-02-28,E00593,1010401075845,S100Y77K
2446,2362,-84,7255,株式会社　桜井製作所,輸送用機器,上場,42.6,18.4,5435000.0,4897352,0.9011,170.0,271.0,0.6273,,製造業,tag,2026-03-31,E01644,9080401001936,S100YI1Y
2447,2378,-69,3422,株式会社　Ｊ－ＭＡＸ,金属製品,上場,42.2,18.4,5413045.0,4896799,0.9046,278.0,1081.0,0.2572,,製造業,tag,2026-03-31,E01452,7200001014294,S100YJJI
2448,2694,246,9237,株式会社笑美面,サービス業,上場,34.7,2.1,4881000.0,4896526,1.0032,179.0,188.0,0.9521,,サービス業,tag,2025-10-31,E38969,9120001146301,S100XIJD
2449,2549,100,7096,株式会社ステムセル研究所,医薬品,上場,37.1,5.2,5129000.0,4893549,0.9541,120.0,136.0,0.8824,,製造業,tag,2026-03-31,E35563,8010401038548,S100YI32
2450,2553,103,2169,ＣＤＳ株式会社,サービス業,上場,37.9,13.6,5123580.0,4893085,0.955,301.0,714.0,0.4216,,サービス業,tag,2025-12-31,E05726,9180301001381,S100XULK
2451,2240,-211,5974,中国工業株式会社,金属製品,上場,45.5,21.5,5582000.0,4892710,0.8765,260.0,376.0,0.6915,,製造業,tag,2026-03-31,E01366,6240001006578,S100YHRE
2452,2270,-182,4623,株式会社アサヒペン,化学,上場,44.8,16.6,5544908.0,4892649,0.8824,139.0,375.0,0.3707,,製造業,tag,2026-03-31,E00909,4120001001403,S100YLY9
2453,2537,84,4068,ベイシス株式会社,情報・通信業,上場,37.1,6.3,5145000.0,4891569,0.9507,402.0,581.0,0.6919,,情報通信業,tag,2025-06-30,E36659,7010701017054,S100WR7P
2454,2054,-400,9942,株式会社ジョイフル,小売業,上場,45.7,16.5,5873000.0,4891417,0.8329,212.0,1024.0,0.207,,卸売業・小売業,tag,2025-06-30,E03196,3320001001417,S100WOVG
2455,2333,-122,4694,株式会社ビー・エム・エル,サービス業,上場,41.4,11.0,5472375.0,4890599,0.8937,2700.0,4612.0,0.5854,,サービス業,tag,2026-03-31,E05056,7011001019237,S100YFSM
2456,2428,-28,343A,株式会社ＩＡＣＥトラベル,サービス業,上場,40.0,16.0,5322000.0,4882804,0.9175,114.0,137.0,0.8321,,サービス業,tag,2026-03-31,E40408,7010001128717,S100YG2V
2457,2346,-111,6233,ＫＬＡＳＳ株式会社,機械,上場,43.3,18.5,5450793.0,4881932,0.8956,283.0,293.0,0.9659,,製造業,tag,2025-09-30,E34273,7140001038325,S100XBSH
2458,2282,-176,6042,株式会社ニッキ,輸送用機器,上場,44.9,18.1,5529324.0,4878152,0.8822,174.0,509.0,0.3418,,製造業,tag,2026-03-31,E02171,2021001020256,S100YKJL
2459,2303,-156,2907,株式会社あじかん,食料品,上場,44.4,16.0,5502427.0,4877644,0.8865,716.0,887.0,0.8072,,製造業,tag,2026-03-31,E00480,4240001000392,S100YGFU
2460,2356,-104,7425,初穂商事株式会社,卸売業,上場,41.2,13.7,5440995.0,4877324,0.8964,298.0,485.0,0.6144,,卸売業・小売業,tag,2025-12-31,E02797,2180001039869,S100XT3I
2461,2690,229,3992,株式会社ニーズウェル,情報・通信業,上場,35.1,7.5,4886000.0,4873828,0.9975,538.0,597.0,0.9012,,情報通信業,tag,2025-09-30,E33367,3011101025642,S100XAHG
2462,2433,-29,,株式会社武井工業所,ガラス・土石製品,非上場,40.99,16.83,5315711.0,4872842,0.9167,205.0,,,,製造業,textblock,2025-06-30,E01215,8050001011637,S100WQYW
2463,2724,261,5240,ｍｏｎｏＡＩ　ｔｅｃｈｎｏｌｏｇｙ株式会社,情報・通信業,上場,34.6,5.0,4804482.0,4871763,1.014,126.0,126.0,1.0,,情報通信業,tag,2025-12-31,E38157,3011101065465,S100XU3Y
2464,2462,-2,9083,神姫バス株式会社,陸運業,上場,49.7,11.1,5275024.0,4871036,0.9234,1716.0,3543.0,0.4843,,運輸業,tag,2026-03-31,E04160,6140001059289,S100YHAF
2465,2531,66,7986,日本アイ・エス・ケイ株式会社,その他製品,上場,38.1,13.5,5157000.0,4871005,0.9445,272.0,283.0,0.9611,,製造業,tag,2025-12-31,E01656,1010501003516,S100XV0H
2466,2324,-142,4960,ケミプロ化成株式会社,化学,上場,44.2,15.8,5482000.0,4870604,0.8885,222.0,,,,製造業,tag,2026-03-31,E00868,6140001007611,S100YIYR
2467,2321,-146,5283,株式会社高見澤,卸売業,上場,41.8,10.1,5485000.0,4870006,0.8879,551.0,1054.0,0.5228,,卸売業・小売業,tag,2025-06-30,E01208,9100001001879,S100WQGP
2468,2524,56,6570,株式会社共和コーポレーション,サービス業,上場,38.6,8.2,5165000.0,4868286,0.9426,246.0,279.0,0.8817,,サービス業,tag,2026-03-31,E33822,1100001000797,S100YF8W
2469,2448,-21,6325,株式会社タカキタ,機械,上場,40.8,15.1,5297072.0,4866386,0.9187,270.0,,,,製造業,tag,2026-03-31,E01617,4190001009381,S100YFLC
2470,2342,-128,4242,株式会社タカギセイコー,化学,上場,43.9,19.4,5456000.0,4863216,0.8914,776.0,1849.0,0.4197,,製造業,tag,2026-03-31,E00871,4230001010335,S100YGHA
2471,2847,376,5888,ＤＡＩＷＡ　ＣＹＣＬＥ株式会社,小売業,上場,29.0,5.0,4335000.0,4861407,1.1214,758.0,,,,卸売業・小売業,tag,2026-01-31,E38738,4122001021471,S100Y0CE
2472,2330,-142,5909,株式会社　コロナ,金属製品,上場,44.4,19.6,5479000.0,4861169,0.8872,1548.0,2083.0,0.7432,,製造業,tag,2026-03-31,E01444,5110001014116,S100YF55
2473,2314,-159,6327,北川精機株式会社,機械,上場,44.7,19.6,5492000.0,4859406,0.8848,141.0,151.0,0.9338,,製造業,tag,2025-06-30,E01713,7240001034181,S100WQMF
2474,2255,-219,5932,三協立山株式会社,金属製品,上場,46.2,22.5,5569000.0,4859049,0.8725,4686.0,10012.0,0.468,,製造業,tag,2025-05-31,E26831,2230001010080,S100WJUP
2475,2519,44,2816,株式会社ダイショー,食料品,上場,38.8,13.6,5179604.0,4858494,0.938,691.0,,,,製造業,tag,2026-03-31,E00501,8010601023878,S100YGNU
2476,2745,269,6050,イー・ガーディアン株式会社,サービス業,上場,32.4,3.9,4724000.0,4857486,1.0283,171.0,427.0,0.4005,,サービス業,tag,2025-09-30,E24917,2010401066249,S100X9H5
2477,2578,101,548A,株式会社システムエグゼ,情報・通信業,上場,36.9,7.7,5085990.0,4857383,0.9551,685.0,867.0,0.7901,,情報通信業,tag,2026-03-31,E41485,2010001019680,S100YKKE
2478,2390,-88,5287,株式会社イトーヨーギョー,ガラス・土石製品,上場,42.9,12.5,5395000.0,4856511,0.9002,124.0,,,,製造業,tag,2026-03-31,E01216,3140001003027,S100YJYN
2479,2637,158,9715,トランス・コスモス株式会社,サービス業,上場,37.0,9.0,4993509.0,4856440,0.9726,18141.0,43571.0,0.4164,,サービス業,tag,2026-03-31,E04837,3011001041302,S100YENI
2480,2323,-157,4625,アトミクス株式会社,化学,上場,44.6,20.5,5482000.0,4856025,0.8858,218.0,278.0,0.7842,,製造業,tag,2026-03-31,E00911,5011401000351,S100YIIT
2481,2756,275,5592,株式会社くすりの窓口,情報・通信業,上場,34.0,3.5,4688000.0,4855645,1.0358,321.0,491.0,0.6538,,情報通信業,tag,2026-03-31,E38965,7420001005379,S100YKTN
2482,2349,-133,2876,株式会社デルソーレ,食料品,上場,44.0,14.0,5449000.0,4854562,0.8909,241.0,,,,製造業,tag,2026-03-31,E00488,7011001041298,S100YC0N
2483,2244,-239,3612,株式会社ワールド,卸売業,上場,43.1,15.2,5577180.0,4852780,0.8701,263.0,7094.0,0.0371,本社のみ,卸売業・小売業,tag,2026-02-28,E02767,4140001024328,S100Y4W7
2484,2536,52,2323,株式会社ｆｏｎｆｕｎ,情報・通信業,上場,37.8,7.5,5146000.0,4852020,0.9429,122.0,273.0,0.4469,,情報通信業,tag,2026-03-31,E05302,6011301016389,S100YKRB
2485,2456,-29,2217,モロゾフ株式会社,食料品,上場,40.9,13.4,5283750.0,4851954,0.9183,547.0,573.0,0.9546,,製造業,tag,2026-01-31,E00381,2140001002665,S100Y0DZ
2486,2358,-128,4615,神東塗料株式会社,化学,上場,43.9,14.6,5440000.0,4851822,0.8919,306.0,399.0,0.7669,,製造業,tag,2026-03-31,E00895,7140001049181,S100YD50
2487,2575,88,8219,青山商事株式会社,小売業,上場,37.7,14.2,5091000.0,4848430,0.9524,2856.0,6666.0,0.4284,,卸売業・小売業,tag,2026-03-31,E03124,1240001029674,S100YJ44
2488,2232,-256,5962,浅香工業株式会社,その他製品,上場,47.0,20.0,5591000.0,4846274,0.8668,142.0,,,,製造業,tag,2026-03-31,E01391,8120101000268,S100YIX3
2489,2684,195,3541,株式会社農業総合研究所,サービス業,非上場,35.8,4.9,4900000.0,4845517,0.9889,123.0,,,,サービス業,tag,2025-08-31,E32351,5170001006371,S100X7ID
2490,2486,-4,6928,株式会社エノモト,電気機器,上場,40.1,16.4,5232065.0,4844875,0.926,544.0,1293.0,0.4207,,製造業,tag,2026-03-31,E01989,5090001008079,S100YF9J
2491,2556,65,2136,株式会社ヒップ,サービス業,上場,38.4,11.2,5118000.0,4844832,0.9466,855.0,,,,サービス業,tag,2026-03-31,E05657,9020001015813,S100YEJ2
2492,2655,163,5247,株式会社ＢＴＭ,情報・通信業,上場,35.9,3.8,4951000.0,4843756,0.9783,230.0,262.0,0.8779,,情報通信業,tag,2026-03-31,E38191,4010701025456,S100YLUK
2493,2835,342,2424,株式会社ブラス,サービス業,上場,28.4,5.7,4377000.0,4842770,1.1064,533.0,581.0,0.9174,,サービス業,tag,2025-07-31,E32119,5180001085084,S100WX02
2494,2331,-163,9996,株式会社サトー商会,卸売業,上場,42.2,15.0,5475361.0,4837875,0.8836,616.0,700.0,0.88,,卸売業・小売業,tag,2026-03-31,E02786,7370001005153,S100YHOR
2495,2233,-262,9639,三協フロンテア株式会社,サービス業,上場,45.5,9.4,5590000.0,4833564,0.8647,1165.0,1207.0,0.9652,,サービス業,tag,2026-03-31,E04890,8040001065642,S100YF0N
2496,2664,168,3169,株式会社ミサワ,小売業,上場,36.0,7.7,4922234.0,4832927,0.9819,166.0,,,,卸売業・小売業,tag,2026-01-31,E26095,7013201019157,S100Y0VC
2497,2492,-5,3896,阿波製紙株式会社,パルプ・紙,上場,40.3,16.5,5226285.0,4832005,0.9246,480.0,691.0,0.6946,,製造業,tag,2026-03-31,E26914,8480001000084,S100YL59
2498,2211,-287,4990,昭和化学工業株式会社,化学,上場,47.9,19.4,5614135.0,4830775,0.8605,163.0,216.0,0.7546,,製造業,tag,2026-03-31,E01172,3013201002835,S100YJME
2499,2427,-72,8562,株式会社　福島銀行,銀行業,上場,43.4,19.0,5324000.0,4827812,0.9068,414.0,460.0,0.9,,金融業・保険業,tag,2026-03-31,E03637,4380001001393,S100YCO6
2500,2503,3,6757,株式会社ＯＳＧコーポレーション,電気機器,上場,40.0,13.0,5205000.0,4827663,0.9275,201.0,366.0,0.5492,,製造業,tag,2026-01-31,E02065,3120001061514,S100Y0OW
2501,2251,-250,6440,ＪＵＫＩ株式会社,機械,上場,47.2,18.4,5572000.0,4826901,0.8663,848.0,3828.0,0.2215,,製造業,tag,2025-12-31,E01596,8013401006169,S100XSJU
2502,2407,-95,6439,中日本鋳工株式会社,機械,上場,43.3,9.0,5370000.0,4823516,0.8982,136.0,,,,製造業,tag,2026-03-31,E01277,9180301022576,S100YIME
2503,2668,165,5026,株式会社トリプルアイズ,情報・通信業,上場,35.8,4.7,4917000.0,4823080,0.9809,244.0,449.0,0.5434,,情報通信業,tag,2025-08-31,E37458,3011001072652,S100X79V
2504,2476,-28,9216,ビーウィズ株式会社,サービス業,上場,40.0,7.1,5247000.0,4822739,0.9191,697.0,793.0,0.8789,,サービス業,tag,2026-05-31,E37399,6011101029715,S100YYAI
2505,2431,-74,7715,長野計器株式会社,精密機器,上場,42.3,18.4,5318000.0,4822343,0.9068,771.0,2390.0,0.3226,,製造業,tag,2026-03-31,E02329,7010801008721,S100YLAN
2506,2461,-45,3053,株式会社ペッパーフードサービス,小売業,上場,40.2,6.3,5277000.0,4821016,0.9136,351.0,,,,卸売業・小売業,tag,2025-12-31,E03478,7010601023532,S100XULF
2507,2499,-8,9082,大和自動車交通株式会社,陸運業,上場,48.8,16.5,5212989.0,4819692,0.9246,102.0,2177.0,0.0469,本社のみ,運輸業,tag,2026-03-31,E04159,4010601039713,S100YHKH
2508,2583,75,9213,株式会社セイファート,サービス業,上場,38.3,10.0,5079000.0,4819482,0.9489,122.0,133.0,0.9173,,サービス業,tag,2025-12-31,E37304,6011001043048,S100XTQ4
2509,2295,-214,5973,株式会社トーアミ,金属製品,上場,46.4,16.7,5513494.0,4814938,0.8733,249.0,406.0,0.6133,,製造業,tag,2026-03-31,E01441,5122001016280,S100YDF3
2510,2859,349,2353,日本駐車場開発株式会社,不動産業,上場,31.3,5.8,4276140.0,4813446,1.1257,331.0,1120.0,0.2955,,不動産業,tag,2025-07-31,E05327,8120001093305,S100WW40
2511,2467,-44,9279,株式会社ギフトホールディングス,小売業,上場,40.2,3.8,5267000.0,4813363,0.9139,115.0,744.0,0.1546,,卸売業・小売業,tag,2025-10-31,E34336,3012301007868,S100XHK4
2512,2373,-139,9853,株式会社銀座ルノアール,小売業,上場,42.0,13.0,5421073.0,4811989,0.8876,150.0,151.0,0.9934,,卸売業・小売業,tag,2026-03-31,E03147,6011201015210,S100YJPB
2513,2302,-211,7863,株式会社平賀,その他製品,上場,46.35,14.83,5505000.0,4810922,0.8739,305.0,,,,製造業,tag,2026-03-31,E00734,5011601005828,S100YLE6
2514,2552,38,6547,株式会社グリーンズ,サービス業,上場,38.9,6.9,5124213.0,4808823,0.9385,823.0,857.0,0.9603,,サービス業,tag,2025-06-30,E32988,5190001014736,S100WQPA
2515,2424,-91,2009,鳥越製粉株式会社,食料品,上場,42.9,17.4,5326849.0,4806727,0.9024,223.0,354.0,0.6299,,製造業,tag,2025-12-31,E00351,5290001055183,S100XTAP
2516,2852,336,5579,株式会社ＧＳＩ,情報・通信業,上場,32.0,5.22,4307495.0,4805206,1.1155,516.0,548.0,0.9416,,情報通信業,tag,2026-03-31,E38685,6430001032588,S100YKIG
2517,2572,55,2585,株式会社ライフドリンク　カンパニー,食料品,上場,38.4,5.6,5093803.0,4805094,0.9433,593.0,835.0,0.7102,,製造業,tag,2026-03-31,E37165,7120901008940,S100YIP0
2518,2439,-79,7897,ホクシン株式会社,その他製品,上場,42.6,17.6,5309000.0,4804591,0.905,167.0,,,,製造業,tag,2026-03-31,E00632,5120101037593,S100YGLJ
2519,2423,-96,3054,株式会社ハイパー,卸売業,上場,41.1,11.3,5330724.0,4802856,0.901,202.0,340.0,0.5941,,卸売業・小売業,tag,2025-12-31,E05627,6010001026475,S100XUT2
2520,2285,-235,7908,株式会社きもと,化学,上場,47.0,24.0,5523000.0,4801355,0.8693,341.0,417.0,0.8177,,製造業,tag,2026-03-31,E02425,9011101005242,S100Y5JR
2521,2408,-113,7516,コーナン商事株式会社,小売業,上場,41.6,15.6,5369561.0,4799838,0.8939,3567.0,5244.0,0.6802,,卸売業・小売業,tag,2026-02-28,E03273,3120101003135,S100Y7KL
2522,2516,-6,,伊豆箱根鉄道株式会社,陸運業,非上場,44.04,22.09,5182919.0,4799288,0.926,357.0,1195.0,0.2987,,運輸業,textblock,2026-03-31,E04095,9080101005353,S100YFA1
2523,2119,-404,8025,株式会社ツカモトコーポレーション,卸売業,上場,46.1,19.1,5754000.0,4797254,0.8337,117.0,180.0,0.65,,卸売業・小売業,tag,2026-03-31,E02588,2010001034878,S100YDV3
2524,2610,86,3951,朝日印刷株式会社,パルプ・紙,上場,37.4,14.3,5031000.0,4795567,0.9532,1111.0,1760.0,0.6312,,製造業,tag,2026-03-31,E00714,3230001000097,S100YEXW
2525,2540,15,7414,小野建株式会社,卸売業,上場,39.0,8.0,5140348.0,4795048,0.9328,994.0,1235.0,0.8049,,卸売業・小売業,tag,2026-03-31,E01324,6320001000746,S100YK40
2526,2525,-1,9012,秩父鉄道株式会社,陸運業,上場,42.04,19.1,5164104.0,4792323,0.928,298.0,377.0,0.7905,,運輸業,tag,2026-03-31,E04136,6030001085016,S100YIV6
2527,2735,208,6557,ＡＩＡＩグループ株式会社,サービス業,上場,34.4,3.9,4760833.0,4791217,1.0064,1234.0,2354.0,0.5242,,サービス業,textblock,2026-03-31,E33557,6010601048836,S100YH7U
2528,2446,-82,7953,菊水化学工業株式会社,その他製品,上場,42.8,14.4,5298000.0,4789247,0.904,407.0,426.0,0.9554,,製造業,tag,2026-03-31,E00912,9180001029938,S100YKW4
2529,2677,148,2438,株式会社アスカネット,サービス業,上場,36.8,9.9,4904000.0,4785657,0.9759,445.0,450.0,0.9889,,サービス業,tag,2026-04-30,E05483,7240001000407,S100YRYL
2530,2277,-253,3160,株式会社大光,卸売業,上場,43.8,13.4,5537000.0,4785027,0.8642,583.0,592.0,0.9848,,卸売業・小売業,tag,2026-05-31,E24129,6200001013834,S100YX88
2531,2297,-234,7886,ヤマト　モビリティ　＆　Ｍｆｇ．株式会社,化学,上場,47.3,17.8,5511000.0,4783506,0.868,100.0,321.0,0.3115,,製造業,tag,2026-03-31,E00867,8030001059463,S100YMK7
2532,2609,77,2652,株式会社まんだらけ,小売業,上場,37.9,11.2,5031594.0,4782595,0.9505,420.0,,,,卸売業・小売業,tag,2025-09-30,E03347,4011201005139,S100XD0Z
2533,2770,237,4331,株式会社テイクアンドギヴ・ニーズ,サービス業,上場,32.3,6.0,4645000.0,4781450,1.0294,1447.0,1846.0,0.7839,,サービス業,tag,2025-12-31,E05248,9010701022696,S100XVY3
2534,2732,198,3030,株式会社ハブ,小売業,上場,34.9,9.8,4773000.0,4781388,1.0018,312.0,,,,卸売業・小売業,tag,2026-02-28,E03473,8010001087103,S100Y764
2535,2425,-110,7985,ネポン株式会社,金属製品,上場,43.6,14.3,5325000.0,4780374,0.8977,240.0,247.0,0.9717,,製造業,tag,2026-03-31,E02385,7011001018214,S100YN9E
2536,2523,-13,9075,福山通運株式会社,陸運業,上場,45.9,15.6,5166000.0,4779801,0.9252,10994.0,22501.0,0.4886,,運輸業,tag,2026-03-31,E04334,1240001032736,S100YIXL
2537,2454,-83,4247,ポバール興業株式会社,化学,上場,42.9,15.8,5289000.0,4779078,0.9036,116.0,204.0,0.5686,,製造業,tag,2026-03-31,E30692,9180001032652,S100YK0F
2538,2742,204,6071,株式会社ＩＢＪ,サービス業,上場,34.1,5.7,4732000.0,4777445,1.0096,445.0,1469.0,0.3029,,サービス業,tag,2025-12-31,E27066,9010001107009,S100XUID
2539,2512,-27,7475,アルビス株式会社,小売業,上場,39.9,10.4,5194000.0,4776904,0.9197,954.0,1026.0,0.9298,,卸売業・小売業,tag,2026-03-31,E02832,3230001012605,S100YD39
2540,2700,160,9769,株式会社学究社,サービス業,上場,36.4,8.0,4866780.0,4775306,0.9812,378.0,462.0,0.8182,,サービス業,tag,2026-03-31,E04796,6012401003599,S100YKPV
2541,2332,-209,7554,株式会社幸楽苑,小売業,上場,43.27,14.07,5473000.0,4772481,0.872,581.0,,,,卸売業・小売業,tag,2026-03-31,E03293,2380001005074,S100YCYB
2542,2547,5,9036,東部ネットワーク株式会社,陸運業,上場,53.9,12.9,5130000.0,4772331,0.9303,259.0,378.0,0.6852,,運輸業,tag,2026-03-31,E04221,9020001023915,S100YK2G
2543,2405,-138,6428,株式会社オーイズミ,機械,上場,44.9,17.3,5374000.0,4770259,0.8877,162.0,398.0,0.407,,製造業,tag,2026-03-31,E01718,5021001020996,S100YLT7
2544,2422,-122,6218,エンシュウ株式会社,機械,上場,44.06,19.69,5332000.0,4769387,0.8945,514.0,804.0,0.6393,,製造業,tag,2026-03-31,E01521,1080401000672,S100YKK8
2545,2375,-170,9982,タキヒヨー株式会社,卸売業,上場,42.7,14.2,5419107.0,4768664,0.88,540.0,731.0,0.7387,,卸売業・小売業,tag,2026-02-28,E02776,7180001037793,S100Y62Z
2546,2381,-165,3024,クリエイト株式会社,卸売業,上場,42.6,16.3,5409000.0,4767526,0.8814,430.0,591.0,0.7276,,卸売業・小売業,tag,2026-03-31,E02997,7120001042923,S100YD0K
2547,2094,-453,7636,株式会社ハンズマン,小売業,上場,47.4,17.5,5796000.0,4767437,0.8225,184.0,,,,卸売業・小売業,tag,2025-06-30,E03331,9350001008222,S100WRQD
2548,2421,-127,4073,株式会社ジィ・シィ企画,情報・通信業,上場,42.3,8.4,5335000.0,4766812,0.8935,117.0,,,,情報通信業,tag,2025-06-30,E36666,5040001046876,S100WQNZ
2549,2409,-140,6926,岡谷電機産業株式会社,電気機器,上場,44.9,16.9,5369000.0,4766786,0.8878,157.0,1101.0,0.1426,,製造業,tag,2026-03-31,E01928,1010901002423,S100YJ7H
2550,2311,-239,4707,株式会社キタック,サービス業,上場,45.5,13.1,5493569.0,4766623,0.8677,190.0,197.0,0.9645,,サービス業,tag,2025-10-20,E05015,2110001001637,S100XFRF
2551,2607,56,7114,株式会社フーディソン,情報・通信業,上場,37.7,4.7,5033000.0,4763796,0.9465,103.0,103.0,1.0,,情報通信業,tag,2026-03-31,E38167,8010401104993,S100YJIB
2552,2557,5,4248,竹本容器株式会社,化学,上場,39.9,13.8,5117576.0,4762449,0.9306,366.0,767.0,0.4772,,製造業,tag,2025-12-31,E31037,9010501007633,S100XSML
2553,2416,-137,8006,ユアサ・フナショク株式会社,卸売業,上場,42.0,18.0,5349874.0,4761569,0.89,216.0,303.0,0.7129,,卸売業・小売業,tag,2026-03-31,E00456,6040001019014,S100YIWQ
2554,2364,-190,2730,株式会社エディオン,小売業,上場,43.0,18.0,5434000.0,4761537,0.8762,8364.0,9148.0,0.9143,,卸売業・小売業,tag,2026-03-31,E03399,3240001041231,S100YDWB
2555,2555,0,,株式会社ニヤクコーポレーション,陸運業,非上場,51.25,16.08,5118010.0,4759157,0.9299,1931.0,2308.0,0.8367,,運輸業,textblock,2025-06-30,E04189,3010601042032,S100WS5A
2556,2400,-156,5922,那須電機鉄工株式会社,金属製品,上場,45.4,17.9,5382000.0,4759096,0.8843,352.0,464.0,0.7586,,製造業,tag,2026-03-31,E01365,5011101015468,S100YJYT
2557,2554,-3,9035,第一交通産業株式会社,陸運業,上場,42.3,12.3,5121604.0,4759049,0.9292,296.0,11946.0,0.0248,本社のみ,運輸業,tag,2026-03-31,E04222,6290801002202,S100Y9O5
2558,2495,-63,2224,株式会社コモ,食料品,上場,42.0,18.4,5217621.0,4758574,0.912,173.0,196.0,0.8827,,製造業,tag,2026-03-31,E00388,1180001075799,S100YICN
2559,2738,179,6580,株式会社ライトアップ,情報・通信業,上場,35.0,5.9,4756000.0,4756000,1.0,111.0,127.0,0.874,,情報通信業,tag,2026-03-31,E34018,1011001041171,S100YLCH
2560,2269,-291,7522,ワタミ株式会社,小売業,上場,44.5,11.65,5549000.0,4754319,0.8568,1119.0,1624.0,0.689,,卸売業・小売業,tag,2026-03-31,E03275,4010801012908,S100YMJJ
2561,2249,-312,8160,株式会社　木曽路,小売業,上場,44.8,12.5,5572773.0,4753463,0.853,1359.0,1364.0,0.9963,,卸売業・小売業,tag,2026-03-31,E03121,9180001008132,S100YGX7
2562,2617,55,2179,株式会社成学社,サービス業,上場,38.5,7.8,5021000.0,4753069,0.9466,766.0,841.0,0.9108,,サービス業,tag,2026-03-31,E21514,6120001140744,S100YCFW
2563,2460,-103,5979,カネソウ株式会社,金属製品,上場,43.5,19.7,5278982.0,4750788,0.8999,246.0,,,,製造業,tag,2026-03-31,E01448,5190001014604,S100YGWS
2564,2368,-196,2156,セーラー広告株式会社,サービス業,上場,44.4,17.3,5429000.0,4749823,0.8749,100.0,192.0,0.5208,,サービス業,tag,2026-03-31,E05701,9470001002353,S100YEAK
2565,2437,-128,4098,チタン工業株式会社,化学,上場,44.2,17.3,5310000.0,4749038,0.8944,245.0,272.0,0.9007,,製造業,tag,2026-03-31,E00796,3250001003412,S100YGE8
2566,2658,92,4678,株式会社　秀英予備校,サービス業,上場,37.8,12.5,4950000.0,4747615,0.9591,549.0,596.0,0.9211,,サービス業,tag,2026-03-31,E04991,3080001002092,S100YJWK
2567,2611,44,2937,株式会社サンクゼール,食料品,上場,38.5,8.17,5028000.0,4746377,0.944,281.0,307.0,0.9153,,製造業,tag,2026-03-31,E38168,4100001004085,S100YD6O
2568,2716,148,9245,株式会社リベロ,サービス業,上場,36.2,5.1,4822000.0,4745025,0.984,140.0,147.0,0.9524,,サービス業,tag,2025-12-31,E36883,1010901024558,S100XS3W
2569,2689,120,6888,アクモス株式会社,情報・通信業,上場,36.3,11.8,4887000.0,4743218,0.9706,308.0,490.0,0.6286,,情報通信業,tag,2025-06-30,E02324,8010001009651,S100WQFV
2570,2440,-130,9993,株式会社ヤマザワ,小売業,上場,41.8,17.5,5305620.0,4741913,0.8938,816.0,1107.0,0.7371,,卸売業・小売業,tag,2026-02-28,E03228,9390001002171,S100Y6JY
2571,2316,-255,5268,旭コンクリート工業株式会社,ガラス・土石製品,上場,48.2,18.2,5491000.0,4741723,0.8635,188.0,,,,製造業,tag,2026-03-31,E01143,5010001034751,S100YIYA
2572,2593,21,3329,東和フードサービス株式会社,小売業,上場,38.88,11.34,5063073.0,4740543,0.9363,214.0,,,,卸売業・小売業,tag,2026-04-30,E03436,6010401083455,S100YSG1
2573,2834,261,3566,ユニフォームネクスト株式会社,小売業,上場,30.8,5.9,4380789.0,4735432,1.081,157.0,,,,卸売業・小売業,tag,2025-12-31,E33305,2210001004332,S100XTR8
2574,2478,-96,6022,株式会社　赤阪鐵工所,機械,上場,43.21,18.0,5243709.0,4735282,0.903,283.0,,,,製造業,tag,2026-03-31,E01475,3010001008658,S100YI3O
2575,2468,-107,4558,株式会社中京医薬品,医薬品,上場,43.7,14.2,5265877.0,4734559,0.8991,298.0,,,,製造業,tag,2026-03-31,E03289,2180001091837,S100YJGX
2576,2341,-235,3374,内外テック株式会社,卸売業,上場,43.8,10.9,5456351.0,4731907,0.8672,178.0,577.0,0.3085,,卸売業・小売業,tag,2026-03-31,E02986,6010901008705,S100YH0J
2577,2253,-324,3065,株式会社ライフフーズ,小売業,上場,45.2,21.0,5571340.0,4731654,0.8493,173.0,,,,卸売業・小売業,tag,2026-02-28,E03490,4120901008761,S100Y57D
2578,2489,-89,3480,株式会社ジェイ・エス・ビー,不動産業,上場,43.4,12.0,5231000.0,4731024,0.9044,245.0,1254.0,0.1954,,不動産業,tag,2025-10-31,E25148,2130001017499,S100XHE2
2579,2569,-10,7713,シグマ光機株式会社,精密機器,上場,40.3,13.8,5096410.0,4730121,0.9281,386.0,547.0,0.7057,,製造業,tag,2026-05-31,E02323,8030001089741,S100YXKH
2580,2186,-394,3293,アズマハウス株式会社,不動産業,上場,52.1,9.0,5649000.0,4728408,0.837,147.0,224.0,0.6562,,不動産業,tag,2026-03-31,E30066,1170001000122,S100YL9X
2581,2371,-210,9686,東洋テック株式会社,サービス業,上場,45.1,12.4,5423000.0,4727687,0.8718,1154.0,2096.0,0.5506,,サービス業,tag,2026-03-31,E04857,8120001039200,S100YCTH
2582,2715,133,2798,株式会社ワイズテーブルコーポレーション,小売業,上場,36.2,7.0,4825000.0,4725512,0.9794,514.0,514.0,1.0,,卸売業・小売業,tag,2026-02-28,E03428,6010401054605,S100Y6U1
2583,2479,-104,7218,田中精密工業株式会社,輸送用機器,上場,43.5,19.1,5243607.0,4725341,0.9012,428.0,1383.0,0.3095,,製造業,tag,2026-03-31,E02241,6230001001654,S100YH4P
2584,2413,-171,6203,豊和工業株式会社,機械,上場,45.9,16.1,5355000.0,4724470,0.8823,594.0,706.0,0.8414,,製造業,tag,2026-03-31,E01515,7180001032621,S100YF38
2585,2639,54,7150,株式会社島根銀行,銀行業,上場,39.0,16.0,4989000.0,4723581,0.9468,308.0,316.0,0.9747,,金融業・保険業,tag,2026-03-31,E03679,8280001000328,S100YHPP
2586,2587,1,2831,はごろもフーズ株式会社,食料品,上場,39.96,14.98,5068307.0,4721035,0.9315,654.0,667.0,0.9805,,製造業,tag,2026-03-31,E00508,3080001008932,S100YJSM
2587,2594,7,9085,北海道中央バス株式会社,陸運業,上場,53.5,17.3,5062845.0,4720842,0.9324,1375.0,2513.0,0.5472,,運輸業,tag,2026-03-31,E04161,4430001050451,S100YNFT
2588,2319,-269,4918,株式会社アイビー化粧品,化学,上場,48.8,20.7,5485950.0,4720070,0.8604,100.0,,,,製造業,tag,2026-03-31,E01035,3010401000784,S100YHO9
2589,2836,247,3934,株式会社ベネフィットジャパン,情報・通信業,上場,32.9,7.0,4376722.0,4718860,1.0782,193.0,279.0,0.6918,,情報通信業,tag,2026-03-31,E32159,7120001089122,S100YHUS
2590,2702,112,7371,Ｚｅｎｋｅｎ株式会社,情報・通信業,上場,36.3,6.5,4859000.0,4718008,0.971,448.0,466.0,0.9614,,情報通信業,tag,2025-06-30,E24465,4011101011096,S100WQCF
2591,2584,-7,6155,高松機械工業株式会社,機械,上場,40.2,15.3,5075320.0,4717378,0.9295,469.0,524.0,0.895,,製造業,tag,2026-03-31,E01510,6220001009228,S100YHHC
2592,2351,-241,,ＯＰＩ株式会社,化学,非上場,48.1,23.1,5447000.0,4716526,0.8659,151.0,,,,製造業,textblock,2026-03-31,E30909,8120001022131,S100YCZD
2593,2616,23,4444,株式会社インフォネット,情報・通信業,上場,38.5,4.6,5024000.0,4715623,0.9386,121.0,141.0,0.8582,,情報通信業,tag,2026-03-31,E34974,2010001142978,S100YLDD
2594,2564,-30,3524,日東製網株式会社,繊維製品,上場,40.83,13.02,5103000.0,4715179,0.924,333.0,953.0,0.3494,,製造業,tag,2026-04-30,E00578,3010401022044,S100YQZ2
2595,2475,-120,3958,笹徳印刷株式会社,その他製品,上場,43.9,22.2,5247512.0,4714748,0.8985,300.0,403.0,0.7444,,製造業,tag,2025-06-30,E38898,1180001069322,S100WQWB
2596,2406,-190,6658,シライ電子工業株式会社,電気機器,上場,46.6,20.5,5373000.0,4714573,0.8775,359.0,1211.0,0.2964,,製造業,tag,2026-03-31,E02109,1130001001041,S100YEDB
2597,2620,23,4735,株式会社京進,サービス業,上場,39.0,11.5,5016954.0,4710804,0.939,783.0,2195.0,0.3567,,サービス業,tag,2026-02-28,E05053,1130001017021,S100Y613
2598,2485,-113,2221,岩塚製菓株式会社,食料品,上場,43.7,16.9,5232404.0,4710602,0.9003,781.0,844.0,0.9254,,製造業,tag,2026-03-31,E00386,5110001023736,S100YJ2N
2599,2546,-53,6156,株式会社エーワン精密,機械,上場,41.54,12.8,5130000.0,4709616,0.9181,109.0,,,,製造業,tag,2025-06-30,E02343,5012401000218,S100WQRX
2600,2596,-4,7808,株式会社シー・エス・ランバー,その他製品,上場,40.1,7.8,5059000.0,4708324,0.9307,210.0,328.0,0.6402,,製造業,tag,2025-05-31,E33497,1040001057646,S100WLYT
2601,2453,-148,4388,株式会社エーアイ,情報・通信業,上場,42.8,9.1,5290000.0,4708142,0.89,110.0,114.0,0.9649,,情報通信業,tag,2026-03-31,E34052,8010001127602,S100YGJY
2602,2624,22,2974,大英産業株式会社,不動産業,上場,39.2,7.26,5012259.0,4706983,0.9391,215.0,322.0,0.6677,,不動産業,tag,2025-09-30,E34944,4290801010181,S100XC53
2603,2697,94,4178,株式会社Ｓｈａｒｉｎｇ　Ｉｎｎｏｖａｔｉｏｎｓ,情報・通信業,上場,36.6,5.8,4879000.0,4706974,0.9647,193.0,212.0,0.9104,,情報通信業,tag,2025-12-31,E36366,5010601039720,S100XS7T
2604,2551,-53,3834,株式会社朝日ネット,情報・通信業,上場,40.4,9.8,5128000.0,4706350,0.9178,220.0,,,,情報通信業,tag,2026-03-31,E04496,9010001035779,S100YEHW
2605,2513,-92,5998,株式会社　アドバネクス,金属製品,上場,43.0,14.5,5189761.0,4703211,0.9062,363.0,1913.0,0.1898,,製造業,tag,2026-03-31,E01393,7011501000992,S100YFF6
2606,2359,-247,6897,株式会社ツインバード,電気機器,上場,48.4,23.1,5438000.0,4701635,0.8646,256.0,,,,製造業,tag,2026-02-28,E02017,7110001015665,S100Y6EN
2607,2438,-169,5589,株式会社オートサーバー,情報・通信業,上場,43.2,10.3,5309000.0,4699996,0.8853,114.0,,,,情報通信業,tag,2025-12-31,E38919,2010001171804,S100XTAQ
2608,2289,-319,3361,株式会社トーエル,小売業,上場,45.2,13.7,5519346.0,4699174,0.8514,245.0,450.0,0.5444,,卸売業・小売業,tag,2026-04-30,E03454,2020001021033,S100YSDU
2609,2474,-135,9976,株式会社　セキチュー,小売業,上場,41.9,15.9,5251120.0,4697291,0.8945,310.0,,,,卸売業・小売業,tag,2026-02-20,E03219,3070001008818,S100Y3VC
2610,2633,23,2910,株式会社ロック・フィールド,食料品,上場,39.2,15.1,5001219.0,4696600,0.9391,1553.0,1590.0,0.9767,,製造業,tag,2026-04-30,E00482,4140001002820,S100YSC6
2611,2636,25,3457,株式会社Ａｎｄ　Ｄｏホールディングス,不動産業,上場,39.2,6.0,4995000.0,4693088,0.9396,171.0,663.0,0.2579,,不動産業,tag,2025-06-30,E31284,6130001037568,S100WQWR
2612,2412,-200,6336,株式会社石井表記,機械,上場,47.0,21.6,5357558.0,4692068,0.8758,301.0,695.0,0.4331,,製造業,tag,2026-01-31,E02047,4240001029432,S100Y0EE
2613,2246,-367,3326,株式会社ランシステム,小売業,上場,46.1,14.9,5573700.0,4688236,0.8411,107.0,118.0,0.9068,,卸売業・小売業,tag,2026-03-31,E03434,3030001026708,S100YFHT
2614,2434,-180,5271,株式会社トーヨーアサノ,ガラス・土石製品,上場,46.3,14.1,5315000.0,4685005,0.8815,139.0,179.0,0.7765,,製造業,tag,2026-02-28,E01165,4080101001290,S100Y4LV
2615,2527,-88,6464,株式会社ツバキ・ナカシマ,機械,上場,43.0,16.9,5162000.0,4682984,0.9072,432.0,2447.0,0.1765,,製造業,tag,2025-12-31,E31954,2150001014908,S100XTLM
2616,2473,-143,6159,ミクロン精密株式会社,機械,上場,45.1,18.5,5257000.0,4682674,0.8908,212.0,229.0,0.9258,,製造業,tag,2025-08-31,E02478,1390001001841,S100X5M8
2617,2608,-9,9034,南総通運株式会社,陸運業,上場,48.5,13.4,5031873.0,4681664,0.9304,710.0,866.0,0.8199,,運輸業,tag,2026-03-31,E04223,6040001057294,S100YK2X
2618,2643,25,7621,株式会社うかい,小売業,上場,38.8,8.6,4984188.0,4681510,0.9393,589.0,,,,卸売業・小売業,tag,2026-03-31,E03324,6010101000462,S100YL71
2619,2418,-201,6217,津田駒工業株式会社,機械,上場,47.2,23.8,5348882.0,4680214,0.875,751.0,1103.0,0.6809,,製造業,tag,2025-11-30,E01524,3220001004330,S100XMJD
2620,2571,-49,6150,タケダ機械株式会社,機械,上場,41.6,14.7,5093983.0,4680195,0.9188,139.0,175.0,0.7943,,製造業,tag,2025-05-31,E01508,2220001012680,S100WLR3
2621,2573,-48,4347,ブロードメディア株式会社,サービス業,上場,40.3,9.7,5093672.0,4678691,0.9185,450.0,716.0,0.6285,,サービス業,tag,2026-03-31,E05269,2010401054419,S100YK4A
2622,2678,56,6459,大和冷機工業株式会社,機械,上場,37.6,10.5,4903465.0,4678357,0.9541,2355.0,,,,製造業,tag,2025-12-31,E01961,9120001083783,S100XU5A
2623,2718,95,5843,ニッポンインシュア株式会社,その他金融業,上場,37.0,4.6,4817000.0,4671390,0.9698,118.0,,,,金融業・保険業,tag,2025-09-30,E38716,7290001022124,S100XCA4
2624,2483,-141,3109,シキボウ株式会社,繊維製品,上場,45.0,12.7,5236000.0,4671271,0.8921,674.0,2306.0,0.2923,,製造業,tag,2026-03-31,E00530,7120001077432,S100YGL9
2625,2568,-57,7196,株式会社Ｃａｓａ,その他金融業,上場,42.6,10.3,5098000.0,4670178,0.9161,260.0,276.0,0.942,,金融業・保険業,tag,2026-01-31,E33485,4010001155540,S100XZL9
2626,2706,80,3187,株式会社ミラタップ,小売業,上場,37.3,5.5,4852000.0,4669401,0.9624,289.0,289.0,1.0,,卸売業・小売業,tag,2025-09-30,E27815,5120001080628,S100XCKW
2627,2651,24,1764,工藤建設株式会社,建設業,上場,43.7,7.1,4958533.0,4667777,0.9414,733.0,762.0,0.9619,,建設業,tag,2025-06-30,E00282,5020001011279,S100WRZI
2628,2597,-31,3297,株式会社東武住販,不動産業,上場,41.6,8.9,5057583.0,4667606,0.9229,125.0,,,,不動産業,tag,2026-05-31,E30598,2250001005979,S100YYGF
2629,2221,-408,9831,株式会社ヤマダホールディングス,小売業,上場,46.9,14.1,5602183.0,4667427,0.8331,561.0,26747.0,0.021,本社のみ,卸売業・小売業,tag,2026-03-31,E03139,4070001011201,S100YJWD
2630,2777,147,9343,株式会社アイビス,サービス業,上場,33.8,4.1,4608000.0,4667195,1.0128,341.0,356.0,0.9579,,サービス業,tag,2025-12-31,E38440,7180001050326,S100XS2D
2631,2496,-135,2669,カネ美食品株式会社,小売業,上場,42.0,18.0,5215576.0,4666464,0.8947,1121.0,,,,卸売業・小売業,tag,2026-02-28,E03358,1180001023411,S100Y5SJ
2632,2509,-123,2962,株式会社テクニスコ,金属製品,上場,44.3,15.3,5196409.0,4665586,0.8978,191.0,265.0,0.7208,,製造業,tag,2025-06-30,E38523,7010701006313,S100WRPQ
2633,2347,-286,9890,株式会社マキヤ,小売業,上場,45.0,15.0,5449803.0,4665540,0.8561,436.0,503.0,0.8668,,卸売業・小売業,tag,2026-03-31,E03166,3080101001770,S100YN3H
2634,2674,40,4237,フジプレアム株式会社,化学,上場,38.2,12.3,4913494.0,4663174,0.9491,118.0,217.0,0.5438,,製造業,tag,2026-03-31,E02348,7140001061401,S100YH1C
2635,2471,-164,7827,株式会社オービス,その他製品,上場,45.9,12.2,5261000.0,4660739,0.8859,189.0,211.0,0.8957,,製造業,tag,2025-10-31,E00639,1240001030054,S100XHFP
2636,2403,-233,7368,表示灯株式会社,サービス業,上場,46.6,10.9,5378000.0,4659917,0.8665,432.0,455.0,0.9495,,サービス業,tag,2026-03-31,E36464,7180001040070,S100YKV6
2637,2627,-10,9040,大宝運輸株式会社,陸運業,上場,46.7,13.9,5009000.0,4659137,0.9302,681.0,,,,運輸業,tag,2026-03-20,E04217,2180001037542,S100YADW
2638,2825,187,2670,株式会社エービーシー・マート,小売業,上場,32.0,9.0,4413809.0,4659015,1.0556,3977.0,9101.0,0.437,,卸売業・小売業,tag,2026-02-28,E02925,2011001033515,S100Y5F0
2639,2680,41,4691,ワシントンホテル株式会社,サービス業,上場,38.4,9.1,4902000.0,4658312,0.9503,428.0,,,,サービス業,tag,2026-03-31,E35136,3180001042070,S100YF5I
2640,2691,51,3926,株式会社オープンドア,情報・通信業,上場,37.4,6.6,4886000.0,4656248,0.953,181.0,191.0,0.9476,,情報通信業,tag,2026-03-31,E31936,5010401032495,S100YKIK
2641,2614,-27,6521,株式会社オキサイド,その他製品,上場,40.8,5.5,5025000.0,4655980,0.9266,297.0,312.0,0.9519,,製造業,tag,2026-02-28,E36433,9090001011376,S100Y5QW
2642,2477,-165,6629,テクノホライゾン株式会社,電気機器,上場,45.8,4.4,5246000.0,4653580,0.8871,588.0,1506.0,0.3904,,製造業,tag,2026-03-31,E23871,4180001088600,S100YLV9
2643,2601,-42,7520,株式会社エコス,小売業,上場,40.1,12.6,5049000.0,4652435,0.9215,817.0,1574.0,0.5191,,卸売業・小売業,tag,2026-02-28,E03274,8012801001936,S100Y4BQ
2644,2543,-101,5987,株式会社オーネックス,金属製品,上場,43.4,16.11,5135686.0,4650895,0.9056,173.0,244.0,0.709,,製造業,tag,2025-06-30,E01446,2021001019513,S100WRVO
2645,2501,-144,3191,株式会社ジョイフル本田,小売業,上場,42.2,17.0,5209000.0,4650810,0.8928,1848.0,,,,卸売業・小売業,tag,2025-06-20,E30501,6050001009303,S100WO68
2646,2635,-11,7514,株式会社　ヒマラヤ,小売業,上場,39.58,13.65,4998000.0,4643907,0.9292,713.0,721.0,0.9889,,卸売業・小売業,tag,2025-08-31,E03271,9200001004384,S100X67D
2647,2581,-66,6837,株式会社京写,電気機器,上場,42.46,15.73,5084000.0,4643486,0.9134,262.0,1191.0,0.22,,製造業,tag,2026-03-31,E02048,6130001033352,S100YHX8
2648,2515,-133,2919,株式会社　マルタイ,食料品,上場,44.9,13.4,5184034.0,4638302,0.8947,179.0,,,,製造業,tag,2026-03-31,E00497,5290001000577,S100YG8L
2649,2535,-114,7898,株式会社ウッドワン,その他製品,上場,44.1,20.3,5148000.0,4637639,0.9009,1175.0,2173.0,0.5407,,製造業,tag,2026-03-31,E00630,4240001027972,S100YI45
2650,2562,-88,7769,リズム株式会社,精密機器,上場,43.2,15.5,5107000.0,4636526,0.9079,468.0,2432.0,0.1924,,製造業,tag,2026-03-31,E02294,9030001010524,S100YFZJ
2651,2842,191,6198,株式会社キャリア,サービス業,上場,30.4,2.2,4354000.0,4633698,1.0642,335.0,355.0,0.9437,,サービス業,tag,2025-09-30,E32193,2011101052670,S100XD0G
2652,2693,41,9327,株式会社イー・ロジット,倉庫・運輸関連,上場,40.2,5.2,4882000.0,4629602,0.9483,170.0,,,,運輸業,tag,2026-03-31,E36405,7010001126191,S100YI5P
2653,2470,-183,7486,サンリン株式会社,卸売業,上場,43.3,14.5,5261522.0,4628722,0.8797,411.0,552.0,0.7446,,卸売業・小売業,tag,2026-03-31,E02841,4100001014423,S100YDT8
2654,2626,-28,5742,エヌアイシ・オートテック株式会社,非鉄金属,上場,41.3,12.0,5010000.0,4626928,0.9235,189.0,,,,製造業,tag,2026-03-31,E01331,2230001000412,S100YGNV
2655,2758,103,2597,株式会社ユニカフェ,食料品,上場,35.6,11.0,4682373.0,4625730,0.9879,169.0,199.0,0.8492,,製造業,tag,2025-12-31,E00505,9010401030413,S100XTDG
2656,2708,52,7461,株式会社キムラ,卸売業,上場,38.0,14.0,4849000.0,4620352,0.9528,154.0,791.0,0.1947,,卸売業・小売業,tag,2026-03-31,E02823,4430001023985,S100YJ86
2657,2792,135,160A,株式会社アズパートナーズ,サービス業,上場,33.7,4.2,4556000.0,4619473,1.0139,985.0,,,,サービス業,tag,2026-03-31,E39448,3010001090458,S100YIQV
2658,2802,144,6034,ＭＲＴ株式会社,サービス業,上場,32.7,5.3,4506398.0,4618676,1.0249,238.0,307.0,0.7752,,サービス業,tag,2025-12-31,E31071,3011101059533,S100XSR6
2659,2638,-21,5699,株式会社イボキン,サービス業,上場,40.0,8.0,4990000.0,4616917,0.9252,160.0,189.0,0.8466,,サービス業,tag,2025-12-31,E34130,1140001038603,S100XSK6
2660,2641,-19,7894,丸東産業株式会社,化学,上場,41.1,15.3,4986000.0,4615446,0.9257,355.0,388.0,0.9149,,製造業,tag,2026-02-28,E00863,5290001050416,S100Y5LD
2661,2682,21,8218,株式会社コメリ,小売業,上場,38.9,13.0,4901289.0,4607723,0.9401,3432.0,3750.0,0.9152,,卸売業・小売業,tag,2026-03-31,E03120,9110001002050,S100YJBF
2662,2598,-64,8152,ソマール株式会社,卸売業,上場,41.0,13.0,5057253.0,4607169,0.911,308.0,464.0,0.6638,,卸売業・小売業,tag,2026-03-31,E02673,9010001048632,S100YI5G
2663,2818,155,3067,株式会社東京一番フーズ,小売業,上場,33.0,7.0,4445000.0,4606633,1.0364,132.0,241.0,0.5477,,卸売業・小売業,tag,2025-09-30,E03485,4011101033768,S100XCZ1
2664,2660,-4,9037,株式会社ハマキョウレックス,陸運業,上場,44.2,11.0,4928410.0,4606261,0.9346,880.0,6010.0,0.1464,,運輸業,tag,2026-03-31,E04220,1080401004368,S100YBXW
2665,2591,-74,4995,サンケイ化学株式会社,化学,上場,43.3,17.9,5063800.0,4602123,0.9088,112.0,129.0,0.8682,,製造業,tag,2025-11-30,E01009,8340001001781,S100XNCR
2666,2897,231,7683,株式会社ダブルエー,小売業,上場,29.0,4.5,4103000.0,4601235,1.1214,336.0,566.0,0.5936,,卸売業・小売業,tag,2026-01-31,E35170,2011001053257,S100Y159
2667,2458,-209,,ＮＴＴファイナンス株式会社,サービス業,非上場,46.3,12.3,5281000.0,4600544,0.8712,2781.0,2785.0,0.9986,,サービス業,textblock,2026-03-31,E05355,8010401005011,S100YB34
2668,2837,169,6554,株式会社エスユーエス,サービス業,上場,31.0,4.9,4372000.0,4600249,1.0522,2388.0,2409.0,0.9913,,サービス業,tag,2025-09-30,E33357,6130001017685,S100XBSY
2669,2482,-187,4351,株式会社山田再生系債権回収総合事務所,サービス業,上場,45.0,9.0,5236435.0,4599691,0.8784,231.0,231.0,1.0,,サービス業,tag,2025-12-31,E05275,8020001016168,S100XU23
2670,2480,-190,7919,野崎印刷紙業株式会社,その他製品,上場,47.5,21.2,5239000.0,4599409,0.8779,377.0,422.0,0.8934,,製造業,tag,2026-03-31,E00652,8130001005275,S100YEXP
2671,2534,-137,6907,ジオマテック株式会社,電気機器,上場,45.5,24.3,5150700.0,4597464,0.8926,296.0,,,,製造業,tag,2026-03-31,E02431,1020001015003,S100YKF2
2672,2698,26,4577,ダイト株式会社,医薬品,上場,39.0,10.8,4869000.0,4596619,0.9441,847.0,1073.0,0.7894,,製造業,tag,2025-05-31,E24187,4230001001499,S100WLMY
2673,2529,-144,6663,太洋テクノレックス株式会社,電気機器,上場,45.7,20.0,5157664.0,4596427,0.8912,165.0,192.0,0.8594,,製造業,tag,2025-12-20,E02097,9170001002004,S100XRF9
2674,2505,-169,4222,児玉化学工業株式会社,化学,上場,46.7,16.1,5200000.0,4596389,0.8839,185.0,2730.0,0.0678,本社のみ,製造業,tag,2026-03-31,E00839,5010501016027,S100YLN8
2675,2394,-281,8230,株式会社はせがわ,小売業,上場,45.7,17.8,5389000.0,4594533,0.8526,757.0,834.0,0.9077,,卸売業・小売業,tag,2026-03-31,E03134,3290001015800,S100YDVL
2676,2631,-45,7957,フジコピアン株式会社,その他製品,上場,42.1,17.1,5002000.0,4594152,0.9185,247.0,551.0,0.4483,,製造業,tag,2025-12-31,E02402,8120001050578,S100XUTV
2677,2783,106,9417,株式会社スマートバリュー,情報・通信業,上場,35.0,4.0,4591000.0,4591000,1.0,105.0,197.0,0.533,,情報通信業,tag,2025-06-30,E31524,6120101002687,S100WQZW
2678,2559,-119,7812,株式会社クレステック,その他製品,上場,44.9,15.3,5115000.0,4590349,0.8974,300.0,1364.0,0.2199,,製造業,tag,2025-06-30,E31622,1080401001547,S100WQQN
2679,2714,35,2820,株式会社やまみ,食料品,上場,38.47,5.13,4834000.0,4586957,0.9489,256.0,,,,製造業,tag,2025-06-30,E32364,4240001040001,S100WQUM
2680,2628,-52,3172,ティーライフ株式会社,小売業,上場,40.7,10.3,5007000.0,4586304,0.916,108.0,144.0,0.75,,卸売業・小売業,tag,2025-07-31,E26322,3080001013429,S100WWIC
2681,2881,200,245A,株式会社ＩＮＧＳ,小売業,上場,30.4,3.0,4206000.0,4583256,1.0897,334.0,,,,卸売業・小売業,tag,2025-08-31,E39928,3011101052273,S100X72L
2682,2672,-10,7888,三光合成株式会社,化学,上場,40.5,12.1,4914887.0,4580905,0.932,700.0,2909.0,0.2406,,製造業,tag,2025-05-31,E00866,5230001008725,S100WLZJ
2683,2561,-122,3320,クロスプラス株式会社,卸売業,上場,42.2,15.4,5108000.0,4579878,0.8966,595.0,705.0,0.844,,卸売業・小売業,tag,2026-01-31,E02967,1180001025507,S100Y0F4
2684,2545,-139,3710,ジョルダン株式会社,情報・通信業,上場,43.3,12.8,5134000.0,4577444,0.8916,141.0,178.0,0.7921,,情報通信業,tag,2025-09-30,E05336,2011101009695,S100XDG9
2685,2629,-56,6614,株式会社シキノハイテック,電気機器,上場,42.8,12.2,5007000.0,4576121,0.9139,435.0,,,,製造業,tag,2026-03-31,E36368,3230001007092,S100YHLM
2686,2522,-164,6063,日本エマージェンシーアシスタンス株式会社,サービス業,上場,44.0,8.3,5168000.0,4574734,0.8852,169.0,247.0,0.6842,,サービス業,tag,2025-12-31,E26625,8010001081502,S100XUYQ
2687,2487,-200,2666,株式会社　オートウェーブ,小売業,上場,44.0,11.8,5231603.0,4574241,0.8743,183.0,,,,卸売業・小売業,tag,2026-03-31,E03355,4040001001139,S100YLV8
2688,2595,-93,7870,福島印刷株式会社,その他製品,上場,44.3,18.0,5060012.0,4569423,0.903,428.0,,,,製造業,tag,2025-08-20,E00722,2220001005602,S100X17L
2689,2484,-205,3075,株式会社銚子丸,小売業,上場,44.3,10.9,5234079.0,4561666,0.8715,514.0,,,,卸売業・小売業,tag,2026-02-28,E03507,1040001001199,S100Y6WM
2690,2586,-104,7590,株式会社タカショー,卸売業,上場,42.07,14.06,5070158.0,4559901,0.8994,320.0,891.0,0.3591,,卸売業・小売業,tag,2026-01-20,E02888,2170001005748,S100XYFO
2691,2644,-47,4814,ネクストウェア株式会社,情報・通信業,上場,41.3,14.0,4981000.0,4559893,0.9155,183.0,224.0,0.817,,情報通信業,tag,2026-03-31,E05151,3120001086949,S100YN09
2692,2436,-256,9903,株式会社カンセキ,小売業,上場,45.5,20.2,5313000.0,4556759,0.8577,280.0,,,,卸売業・小売業,tag,2026-02-28,E03179,8060001001208,S100Y67I
2693,2704,11,,株式会社　廣貫堂,医薬品,非上場,39.9,11.4,4857662.0,4556178,0.9379,694.0,709.0,0.9788,,製造業,textblock,2026-03-31,E00959,4230001000864,S100YJNG
2694,2613,-81,2294,株式会社柿安本店,食料品,上場,44.0,12.5,5025623.0,4553826,0.9061,813.0,853.0,0.9531,,製造業,tag,2026-04-30,E03283,7190001012102,S100YRG8
2695,2667,-28,2293,滝沢ハム株式会社,食料品,上場,41.6,13.5,4919000.0,4547877,0.9246,301.0,303.0,0.9934,,製造業,tag,2026-03-31,E00343,4060001017356,S100YGEP
2696,2634,-62,2055,日和産業株式会社,食料品,上場,43.6,16.2,5000000.0,4547176,0.9094,134.0,179.0,0.7486,,製造業,tag,2026-03-31,E00454,7140001002355,S100YIEA
2697,2696,-1,7702,株式会社ジェイ・エム・エス（称号　株式会社　ＪＭＳ）,精密機器,上場,40.7,16.3,4880000.0,4547110,0.9318,1477.0,4887.0,0.3022,,製造業,tag,2026-03-31,E02303,5240001004384,S100YF50
2698,2752,54,6630,ヤーマン株式会社,電気機器,上場,36.8,5.8,4698000.0,4539936,0.9664,395.0,420.0,0.9405,,製造業,tag,2025-12-31,E23829,5010601020184,S100XSSJ
2699,2632,-67,1380,株式会社秋川牧園,水産・農林業,上場,43.3,13.5,5002000.0,4539729,0.9076,273.0,348.0,0.7845,,産業計,tag,2026-03-31,E00344,9250001000008,S100YK4U
2700,2784,84,9345,ビズメイツ株式会社,サービス業,上場,35.7,2.2,4575643.0,4536491,0.9914,101.0,189.0,0.5344,,サービス業,tag,2025-12-31,E38450,8010001147872,S100XUK8
2701,2722,21,9223,株式会社ＡＳＮＯＶＡ,サービス業,上場,39.0,4.6,4809000.0,4536350,0.9433,156.0,231.0,0.6753,,サービス業,tag,2026-03-31,E35797,6210001015400,S100YJ2P
2702,2733,31,7610,株式会社テイツー,小売業,上場,38.3,11.5,4770000.0,4535346,0.9508,364.0,443.0,0.8217,,卸売業・小売業,tag,2026-02-28,E03319,7260001004488,S100Y7L3
2703,2686,-17,7939,株式会社研創,その他製品,上場,41.5,15.3,4897000.0,4534397,0.926,257.0,,,,製造業,tag,2026-03-31,E01428,9240001003119,S100YEUJ
2704,2901,197,4833,株式会社Ｄｅｆ　ｃｏｎｓｕｌｔｉｎｇ,サービス業,上場,28.2,1.7,4082000.0,4534347,1.1108,195.0,,,,サービス業,tag,2026-03-31,E05175,2020001028342,S100YB3A
2705,2726,21,7820,ニホンフラッシュ株式会社,その他製品,上場,39.1,12.3,4795000.0,4532914,0.9453,220.0,1118.0,0.1968,,製造業,tag,2026-03-31,E00640,8480001003475,S100YLHV
2706,2541,-165,3974,ＳＣＡＴ株式会社,情報・通信業,上場,44.4,16.9,5139000.0,4531461,0.8818,110.0,190.0,0.5789,,情報通信業,tag,2025-10-31,E32814,8060001014432,S100XH0H
2707,2673,-34,4760,株式会社アルファ,サービス業,上場,40.4,14.8,4913761.0,4530216,0.9219,323.0,334.0,0.9671,,サービス業,tag,2025-08-31,E05083,6260001000380,S100X5LJ
2708,2710,2,9229,株式会社サンウェルズ,サービス業,上場,39.6,2.4,4842157.0,4524048,0.9343,3570.0,,,,サービス業,tag,2026-03-31,E37719,9220001010117,S100YL7U
2709,2910,201,138A,光フードサービス株式会社,小売業,上場,29.0,3.0,4034000.0,4523856,1.1214,189.0,,,,卸売業・小売業,tag,2025-11-30,E39377,6180001072619,S100XMX3
2710,2717,7,2215,第一屋製パン株式会社,食料品,上場,40.0,15.0,4818818.0,4522074,0.9384,698.0,876.0,0.7968,,製造業,tag,2025-12-31,E00377,8012701009955,S100XV32
2711,2621,-90,2291,福留ハム株式会社,食料品,上場,45.0,19.0,5016000.0,4518826,0.9009,325.0,325.0,1.0,,製造業,tag,2026-03-31,E00341,6240001010290,S100YHU1
2712,2789,77,7129,ミアヘルサホールディングス株式会社,小売業,上場,35.7,5.8,4565000.0,4515715,0.9892,1838.0,1838.0,1.0,,卸売業・小売業,textblock,2026-03-31,E36714,3011101096519,S100YK3E
2713,2497,-216,6969,松尾電機株式会社,電気機器,上場,50.1,27.5,5215000.0,4515205,0.8658,227.0,,,,製造業,tag,2026-03-31,E01933,6120901025697,S100YD97
2714,2719,5,2058,株式会社ヒガシマル,食料品,上場,40.19,14.35,4817000.0,4514470,0.9372,205.0,358.0,0.5726,,製造業,tag,2026-03-31,E00502,1340001000162,S100YI3U
2715,2590,-125,9165,株式会社クオルテック,サービス業,上場,43.4,6.4,5063974.0,4514184,0.8914,257.0,,,,サービス業,tag,2025-06-30,E38693,5120101021226,S100WM9C
2716,2705,-11,9723,株式会社京都ホテル,サービス業,上場,39.9,13.6,4852434.0,4513079,0.9301,364.0,,,,サービス業,tag,2026-03-31,E04550,6130001023386,S100YIC1
2717,2739,22,5704,株式会社ＪＭＣ,非鉄金属,上場,38.9,5.6,4755948.0,4507807,0.9478,138.0,,,,製造業,tag,2025-12-31,E32770,2020001035875,S100XSBE
2718,2574,-144,7512,イオン北海道株式会社,小売業,上場,43.5,10.9,5091000.0,4504907,0.8849,3095.0,,,,卸売業・小売業,tag,2026-02-28,E03268,4430001015958,S100Y36L
2719,2662,-57,5530,日本システムバンク株式会社,不動産業,上場,43.6,11.1,4923328.0,4503334,0.9147,182.0,197.0,0.9239,,不動産業,tag,2025-06-30,E38512,8210001002628,S100WR0H
2720,2832,112,3557,ユナイテッド＆コレクティブ株式会社,小売業,上場,33.6,3.8,4387000.0,4497462,1.0252,198.0,,,,卸売業・小売業,tag,2026-02-28,E32965,8010401089756,S100Y7EJ
2721,2623,-98,5386,株式会社鶴弥,ガラス・土石製品,上場,45.8,19.0,5014408.0,4496187,0.8967,321.0,,,,製造業,tag,2026-03-31,E01204,2180001091861,S100YD8C
2722,2811,89,4728,株式会社トーセ,情報・通信業,上場,34.8,10.1,4463000.0,4494032,1.007,561.0,613.0,0.9152,,情報通信業,tag,2025-08-31,E05042,2130001030304,S100X5JM
2723,2653,-70,4657,株式会社環境管理センター,サービス業,上場,41.5,15.2,4952353.0,4493125,0.9073,257.0,288.0,0.8924,,サービス業,tag,2025-06-30,E04972,7013401000164,S100WQ16
2724,2630,-94,1384,株式会社　ホクリヨウ,食料品,上場,45.7,11.5,5006000.0,4493105,0.8975,259.0,,,,製造業,tag,2026-03-31,E31220,2430001028862,S100YK1Y
2725,2669,-56,1381,株式会社アクシーズ,水産・農林業,上場,42.9,10.0,4916352.0,4489368,0.9132,863.0,1282.0,0.6732,,産業計,tag,2025-06-30,E00009,5340001000258,S100WPSG
2726,2642,-84,7850,総合商研株式会社,その他製品,上場,45.3,13.4,4985000.0,4489319,0.9006,359.0,388.0,0.9253,,製造業,tag,2025-07-31,E00735,8430001009031,S100WXH6
2727,2414,-313,8185,株式会社チヨダ,小売業,上場,48.7,23.9,5354359.0,4487094,0.838,1102.0,1231.0,0.8952,,卸売業・小売業,tag,2026-02-28,E03077,1011301004381,S100Y563
2728,2665,-63,6380,オリエンタルチエン工業株式会社,機械,上場,43.8,12.6,4921000.0,4484973,0.9114,190.0,205.0,0.9268,,製造業,tag,2026-03-31,E01581,8220001009044,S100YHXB
2729,2450,-279,9818,大丸エナウィン株式会社,卸売業,上場,47.0,12.6,5296000.0,4483443,0.8466,478.0,676.0,0.7071,,卸売業・小売業,tag,2026-03-31,E02739,6120001031150,S100YII7
2730,2606,-124,7815,東京ボード工業株式会社,その他製品,上場,47.0,10.0,5040000.0,4482296,0.8893,126.0,243.0,0.5185,,製造業,tag,2026-02-28,E31123,2010601034286,S100Y7DO
2731,2577,-154,9740,セントラル警備保障株式会社,サービス業,上場,45.6,15.3,5086949.0,4482224,0.8811,3995.0,7150.0,0.5587,,サービス業,tag,2026-02-28,E04799,9011101011216,S100Y6FE
2732,2654,-78,9701,株式会社東京會舘,サービス業,上場,41.7,11.4,4952000.0,4481270,0.9049,480.0,,,,サービス業,tag,2026-03-31,E04535,5010001008821,S100YFQM
2733,2788,55,7079,ＷＤＢココ株式会社,サービス業,上場,36.6,4.7,4565000.0,4479124,0.9812,516.0,,,,サービス業,tag,2026-03-31,E35335,9010001139654,S100YFVI
2734,2734,0,7791,ドリームベッド株式会社,その他製品,上場,40.1,12.0,4766372.0,4477436,0.9394,376.0,,,,製造業,tag,2026-03-31,E36627,7240001007740,S100YHQB
2735,2603,-132,3953,大村紙業株式会社,パルプ・紙,上場,47.5,14.9,5043936.0,4472073,0.8866,235.0,,,,製造業,tag,2026-03-31,E00682,8021001006662,S100YK44
2736,2671,-65,6093,株式会社エスクロー・エージェント・ジャパン,サービス業,上場,41.4,5.4,4915000.0,4470866,0.9096,152.0,314.0,0.4841,,サービス業,tag,2026-02-28,E30476,7010001108108,S100Y5Q4
2737,2924,187,3474,Ｇ－ＦＡＣＴＯＲＹ株式会社,不動産業,上場,31.2,2.0,3962000.0,4468874,1.1279,198.0,317.0,0.6246,,不動産業,tag,2025-12-31,E32486,5011101035359,S100XUW1
2738,2740,2,,富山地方鉄道株式会社,陸運業,非上場,46.0,17.7,4751350.0,4467633,0.9403,457.0,781.0,0.5851,,運輸業,textblock,2026-03-31,E04128,5230001002133,S100YM5D
2739,2618,-121,5284,ヤマウホールディングス株式会社,ガラス・土石製品,上場,47.1,16.0,5020651.0,4466962,0.8897,447.0,811.0,0.5512,,製造業,textblock,2026-03-31,E01211,6290001010856,S100YG9T
2740,2625,-115,7464,セフテック株式会社,卸売業,上場,43.3,13.9,5011148.0,4460545,0.8901,356.0,372.0,0.957,,卸売業・小売業,tag,2026-03-31,E03251,7010001004224,S100YJG0
2741,2599,-142,6147,株式会社ヤマザキ,機械,上場,48.4,18.3,5055000.0,4456810,0.8817,137.0,235.0,0.583,,製造業,tag,2026-03-31,E01507,9080401005540,S100YGTK
2742,2676,-66,2393,株式会社日本ケアサプライ,サービス業,上場,41.6,9.5,4907242.0,4453621,0.9076,1026.0,1062.0,0.9661,,サービス業,tag,2026-03-31,E05381,3010401035013,S100YK97
2743,2533,-210,8278,株式会社フジ,小売業,上場,45.6,19.1,5151000.0,4452590,0.8644,6681.0,7757.0,0.8613,,卸売業・小売業,tag,2026-02-28,E03118,9500001003505,S100Y4CU
2744,2615,-129,3178,チムニー株式会社,小売業,上場,43.7,9.9,5025000.0,4452136,0.886,613.0,659.0,0.9302,,卸売業・小売業,tag,2026-03-31,E23818,9010601039989,S100YE67
2745,2860,115,3135,株式会社マーケットエンタープライズ,サービス業,上場,31.4,3.8,4263000.0,4452002,1.0443,336.0,394.0,0.8528,,サービス業,tag,2025-06-30,E31551,7010601032252,S100WRDT
2746,2685,-61,2408,株式会社ＫＧ情報,サービス業,上場,41.6,12.0,4899615.0,4447926,0.9078,165.0,176.0,0.9375,,サービス業,tag,2025-12-20,E05416,8470001001397,S100XPFN
2747,2747,0,,豊橋鉄道株式会社,陸運業,非上場,42.1,20.7,4709635.0,4446238,0.9441,178.0,661.0,0.2693,,運輸業,textblock,2026-03-31,E04118,4180301006600,S100YLIO
2748,2814,66,2305,株式会社スタジオアリス,サービス業,上場,35.1,11.2,4451000.0,4445764,0.9988,938.0,1257.0,0.7462,,サービス業,tag,2026-02-28,E03393,5120001096533,S100Y6JW
2749,2767,18,7682,株式会社浜木綿,小売業,上場,38.2,9.9,4652000.0,4442060,0.9549,241.0,,,,卸売業・小売業,tag,2025-07-31,E35125,5180001009159,S100WXPT
2750,2721,-29,6832,アオイ電子株式会社,電気機器,上場,42.4,17.2,4809061.0,4441973,0.9237,1489.0,1944.0,0.7659,,製造業,tag,2026-03-31,E02051,3470001000263,S100YLRR
2751,2737,-14,3441,株式会社山王,金属製品,上場,41.2,12.5,4757390.0,4437218,0.9327,285.0,403.0,0.7072,,製造業,tag,2025-07-31,E02121,3020001020348,S100WWVN
2752,2640,-112,7640,株式会社トップカルチャー,小売業,上場,43.5,17.8,4988000.0,4436265,0.8894,137.0,192.0,0.7135,,卸売業・小売業,tag,2025-10-31,E03336,1110001003592,S100XI4H
2753,2647,-106,4343,株式会社イオンファンタジー,サービス業,上場,44.0,15.0,4968374.0,4432837,0.8922,902.0,3955.0,0.2281,,サービス業,tag,2026-02-28,E05264,6040001000485,S100Y4UK
2754,2510,-244,8244,株式会社近鉄百貨店,小売業,上場,46.9,22.2,5196000.0,4428639,0.8523,1503.0,1954.0,0.7692,,卸売業・小売業,tag,2026-02-28,E03021,3120001098201,S100Y5TO
2755,2539,-216,8190,株式会社ヤマナカ,小売業,上場,46.2,21.7,5144000.0,4424530,0.8601,712.0,780.0,0.9128,,卸売業・小売業,tag,2026-03-20,E03072,8180001018537,S100Y9HQ
2756,2744,-12,7265,エイケン工業株式会社,輸送用機器,上場,41.1,14.2,4731122.0,4420002,0.9342,251.0,,,,製造業,tag,2025-10-31,E02232,7080401014989,S100XH0G
2757,2874,117,3223,株式会社エスエルディー,小売業,上場,32.4,5.2,4217490.0,4419057,1.0478,137.0,,,,卸売業・小売業,tag,2026-02-28,E31291,1011001043721,S100Y6RF
2758,2681,-77,2139,株式会社中広,サービス業,上場,42.4,10.8,4902000.0,4418939,0.9015,328.0,588.0,0.5578,,サービス業,tag,2026-03-31,E05668,2200001003384,S100YHNL
2759,2701,-58,,株式会社山本製作所,金属製品,非上場,44.9,17.9,4863000.0,4415301,0.9079,319.0,726.0,0.4394,,製造業,textblock,2025-11-30,E01375,1011401006542,S100XNO2
2760,2759,-1,9063,岡山県貨物運送株式会社,陸運業,上場,47.4,19.0,4682036.0,4414323,0.9428,1850.0,2173.0,0.8514,,運輸業,tag,2026-03-31,E04195,4260001001001,S100YJ0L
2761,2730,-31,,プラス・テク株式会社,化学,非上場,42.6,12.2,4777000.0,4412931,0.9238,154.0,,,,製造業,textblock,2026-03-31,E00831,3050001010255,S100YG5O
2762,2670,-92,9835,株式会社ジュンテンドー,小売業,上場,43.1,19.5,4916000.0,4405118,0.8961,555.0,,,,卸売業・小売業,tag,2026-02-28,E03141,5280001005032,S100Y6C2
2763,2703,-60,3571,株式会社ソトー,繊維製品,上場,45.5,20.9,4858000.0,4397096,0.9051,317.0,575.0,0.5513,,製造業,tag,2026-03-31,E00569,8180001084265,S100YGQR
2764,2729,-35,6635,株式会社大日光・エンジニアリング,電気機器,上場,43.3,13.3,4778103.0,4395555,0.9199,246.0,988.0,0.249,,製造業,tag,2025-12-31,E02116,4060001008446,S100XUDS
2765,2794,29,9326,関通ホールディングス株式会社,倉庫・運輸関連,上場,39.0,5.7,4552000.0,4392955,0.9651,230.0,243.0,0.9465,,運輸業,tag,2026-02-28,E35493,7122001008714,S100Y7I7
2766,2754,-12,7421,カッパ・クリエイト株式会社,小売業,上場,39.8,14.5,4691656.0,4392017,0.9361,648.0,801.0,0.809,,卸売業・小売業,tag,2026-03-31,E03236,7030001001979,S100YDD5
2767,2532,-235,8217,株式会社オークワ,小売業,上場,47.6,18.4,5154000.0,4390377,0.8518,1942.0,2068.0,0.9391,,卸売業・小売業,tag,2026-02-20,E03119,2170001002092,S100Y362
2768,2753,-15,5194,相模ゴム工業株式会社,ゴム製品,上場,41.2,16.0,4693427.0,4388307,0.935,173.0,737.0,0.2347,,製造業,tag,2026-03-31,E01095,7021001019772,S100YL8G
2769,2679,-90,7916,光村印刷株式会社,その他製品,上場,47.2,25.2,4902324.0,4386628,0.8948,285.0,614.0,0.4642,,製造業,tag,2026-03-31,E00696,4010701009442,S100YL1G
2770,2760,-10,,岐セン株式会社,繊維製品,非上場,40.8,17.2,4676000.0,4386084,0.938,144.0,170.0,0.8471,,製造業,textblock,2026-03-31,E00598,4200001010379,S100YGOS
2771,2900,129,142A,株式会社ジンジブ,サービス業,上場,30.0,3.0,4087000.0,4382959,1.0724,176.0,,,,サービス業,tag,2026-03-31,E39367,8010401117310,S100YHUZ
2772,2772,0,,サンデン交通株式会社,陸運業,非上場,47.8,15.6,4636000.0,4380975,0.945,429.0,848.0,0.5059,,運輸業,textblock,2026-03-31,E04115,8250001005486,S100YLZ7
2773,2506,-267,2499,日本和装ホールディングス株式会社,サービス業,上場,50.6,9.6,5198568.0,4379568,0.8425,101.0,154.0,0.6558,,サービス業,tag,2025-12-31,E05631,5010001111724,S100XTS2
2774,2656,-118,7515,株式会社マルヨシセンター,小売業,上場,44.3,17.7,4950000.0,4378119,0.8845,394.0,455.0,0.8659,,卸売業・小売業,tag,2026-02-28,E03272,3470001003902,S100Y5AV
2775,2849,74,7093,アディッシュ株式会社,サービス業,上場,33.9,4.4,4326360.0,4377251,1.0118,299.0,439.0,0.6811,,サービス業,tag,2025-12-31,E35514,1010701029988,S100XV2Z
2776,2666,-110,7946,株式会社光陽社,その他製品,上場,48.23,17.58,4920235.0,4374500,0.8891,152.0,172.0,0.8837,,製造業,tag,2026-03-31,E00711,2120001077412,S100YLWX
2777,2612,-165,8225,株式会社タカチホ,卸売業,上場,45.8,14.9,5026612.0,4368503,0.8691,195.0,218.0,0.8945,,卸売業・小売業,tag,2026-03-31,E02787,9100001001862,S100YJCQ
2778,2731,-47,3080,株式会社ジェーソン,小売業,上場,41.7,12.2,4776287.0,4368249,0.9146,147.0,181.0,0.8122,,卸売業・小売業,tag,2026-02-28,E03509,7040001067160,S100Y69Z
2779,2567,-212,2747,北雄ラッキー株式会社,小売業,上場,47.1,21.0,5100215.0,4367132,0.8563,383.0,,,,卸売業・小売業,tag,2026-02-28,E03397,4430001015181,S100Y6GL
2780,2727,-53,7887,南海プライウッド株式会社,その他製品,上場,44.8,16.8,4789489.0,4366619,0.9117,430.0,2348.0,0.1831,,製造業,tag,2026-03-31,E00635,9470001003062,S100YIWV
2781,2695,-86,7997,株式会社くろがね工作所,その他製品,上場,47.5,20.3,4881000.0,4365709,0.8944,248.0,264.0,0.9394,,製造業,tag,2025-11-30,E02372,8120001042947,S100XN3N
2782,2854,72,9160,株式会社ノバレーゼ,サービス業,上場,33.7,6.7,4303186.0,4363137,1.0139,780.0,1099.0,0.7097,,サービス業,tag,2025-12-31,E32664,1010001177471,S100XSAX
2783,2648,-135,9930,北沢産業株式会社,卸売業,上場,45.0,15.0,4966157.0,4361167,0.8782,345.0,382.0,0.9031,,卸売業・小売業,tag,2026-03-31,E01398,3011001006107,S100YKDH
2784,2769,-15,7857,セキ株式会社,その他製品,上場,41.0,15.7,4648000.0,4358970,0.9378,308.0,484.0,0.6364,,製造業,tag,2026-03-31,E00730,9500001002341,S100YA1Y
2785,2560,-225,9876,株式会社コックス,小売業,上場,48.3,18.6,5112000.0,4354969,0.8519,286.0,288.0,0.9931,,卸売業・小売業,tag,2026-02-28,E03163,9010001141445,S100Y4RA
2786,2798,12,7133,ＨＹＵＧＡ　ＰＲＩＭＡＲＹ　ＣＡＲＥ株式会社,小売業,上場,38.0,2.9,4536000.0,4354591,0.96,882.0,882.0,1.0,,卸売業・小売業,tag,2026-03-31,E37198,4290001042983,S100YI10
2787,2566,-221,3161,アゼアス株式会社,卸売業,上場,48.3,14.5,5101363.0,4348861,0.8525,127.0,148.0,0.8581,,卸売業・小売業,tag,2026-04-30,E24248,7010501008071,S100YSKW
2788,2884,96,6061,株式会社ユニバーサル園芸社,サービス業,上場,31.8,6.7,4193000.0,4346384,1.0366,431.0,953.0,0.4523,,サービス業,tag,2025-06-30,E26446,3120901002294,S100WRP5
2789,2850,61,477A,株式会社スタートライン,サービス業,上場,34.6,3.7,4325863.0,4344229,1.0042,420.0,,,,サービス業,tag,2026-03-31,E41152,9010101009311,S100YM56
2790,2723,-67,4243,株式会社ニックス,化学,上場,46.3,17.0,4805000.0,4342513,0.9037,142.0,154.0,0.9221,,製造業,tag,2025-09-30,E02494,2020001028152,S100XC1P
2791,2755,-36,1375,ユキグニファクトリー株式会社,水産・農林業,上場,42.3,12.9,4691647.0,4340856,0.9252,1065.0,1106.0,0.9629,,産業計,tag,2026-03-31,E00007,1010001185037,S100YK0W
2792,2816,24,3181,株式会社買取王国,小売業,上場,37.0,7.0,4448000.0,4329389,0.9733,175.0,,,,卸売業・小売業,tag,2026-02-28,E27202,8180001071932,S100Y6PJ
2793,2749,-44,2877,日東ベスト株式会社,食料品,上場,44.3,13.7,4707248.0,4320718,0.9179,1357.0,1840.0,0.7375,,製造業,tag,2026-03-31,E00498,6390001011877,S100YGFI
2794,2728,-66,9955,株式会社ヨンキュウ,卸売業,上場,42.9,12.7,4778997.0,4320232,0.904,109.0,134.0,0.8134,,卸売業・小売業,tag,2026-03-31,E02765,5500001015561,S100YDUS
2795,2773,-22,3077,ホリイフードサービス株式会社,小売業,上場,40.7,10.5,4632000.0,4305602,0.9295,132.0,140.0,0.9429,,卸売業・小売業,tag,2025-11-30,E03505,2050001002286,S100XN95
2796,2725,-71,4651,株式会社サニックスホールディングス,サービス業,上場,44.5,9.7,4801000.0,4304380,0.8966,119.0,2033.0,0.0585,本社のみ,サービス業,tag,2026-03-31,E04964,6290001001327,S100YKAR
2797,2800,3,,ディー・ティー・ホールディングス株式会社,陸運業,非上場,45.0,16.3,4526000.0,4300286,0.9501,4107.0,5730.0,0.7168,,運輸業,textblock,2026-03-31,E26705,7010601043423,S100YKXF
2798,2768,-30,6074,株式会社ジェイエスエス,サービス業,上場,40.9,15.1,4650976.0,4297216,0.9239,448.0,467.0,0.9593,,サービス業,tag,2026-03-31,E27506,1120001064799,S100YGXC
2799,2746,-53,2792,株式会社ハニーズホールディングス,小売業,上場,42.4,14.1,4716020.0,4296619,0.9111,181.0,6921.0,0.0262,本社のみ,卸売業・小売業,tag,2026-05-31,E03424,5380001013644,S100YY3Q
2800,2750,-50,3577,東海染工株式会社,繊維製品,上場,45.4,21.3,4707000.0,4295904,0.9127,178.0,811.0,0.2195,,製造業,tag,2026-03-31,E00563,6180001031533,S100YJEV
2801,2743,-58,3444,株式会社菊池製作所,金属製品,上場,46.5,19.3,4732000.0,4289254,0.9064,236.0,339.0,0.6962,,製造業,tag,2026-04-30,E22016,6010101000917,S100YROC
2802,2663,-139,9895,株式会社コンセック,卸売業,上場,46.3,18.6,4922653.0,4287779,0.871,198.0,324.0,0.6111,,卸売業・小売業,tag,2026-03-31,E01686,8240001003540,S100YI0I
2803,2796,-7,2872,株式会社セイヒョー,食料品,上場,40.5,9.3,4538656.0,4287451,0.9447,108.0,,,,製造業,tag,2026-02-28,E00447,3110001002790,S100Y621
2804,2748,-56,9731,株式会社白洋舍,サービス業,上場,42.2,14.6,4708742.0,4281786,0.9093,1328.0,1722.0,0.7712,,サービス業,tag,2025-12-31,E04754,4011001018621,S100XT2K
2805,2938,133,352A,株式会社ＬＯＩＶＥ,サービス業,上場,27.2,2.4,3775000.0,4278437,1.1334,1013.0,,,,サービス業,tag,2026-03-31,E40546,7430001038015,S100YGOP
2806,2807,1,4926,株式会社シーボン,化学,上場,38.9,12.6,4474448.0,4277705,0.956,713.0,717.0,0.9944,,製造業,tag,2026-03-31,E23479,4010401012787,S100YIUO
2807,2804,-3,9051,センコン物流株式会社,陸運業,上場,45.0,13.8,4495000.0,4276903,0.9515,275.0,473.0,0.5814,,運輸業,tag,2026-03-31,E04215,3370801000134,S100YKGW
2808,2649,-159,8123,川辺株式会社,卸売業,上場,48.0,16.0,4966131.0,4275520,0.8609,162.0,213.0,0.7606,,卸売業・小売業,tag,2026-03-31,E02650,5011101004900,S100YLIH
2809,2932,123,469A,株式会社フィットクルー,サービス業,上場,27.8,2.0,3816000.0,4272870,1.1197,277.0,,,,サービス業,tag,2025-11-30,E41055,6120901034938,S100XO08
2810,2736,-74,,株式会社千葉カントリー倶楽部,サービス業,非上場,44.6,14.7,4758397.0,4272506,0.8979,152.0,,,,サービス業,textblock,2026-03-31,E04633,7040001071336,S100YDJY
2811,2828,17,3372,株式会社関門海,小売業,上場,37.5,7.4,4411000.0,4271782,0.9684,171.0,174.0,0.9828,,卸売業・小売業,tag,2026-03-31,E03457,8120001130719,S100YGBF
2812,2751,-61,5343,ニッコー株式会社,ガラス・土石製品,上場,46.4,19.7,4702000.0,4271268,0.9084,570.0,571.0,0.9982,,製造業,tag,2026-03-31,E01135,2220001008794,S100YDSD
2813,2774,-39,9846,株式会社天満屋ストア,小売業,上場,41.5,17.2,4627000.0,4269053,0.9226,383.0,501.0,0.7645,,卸売業・小売業,tag,2026-02-28,E03146,5260001004556,S100Y4A4
2814,2844,30,3063,株式会社ジェイグループホールディングス,小売業,上場,36.5,8.5,4350000.0,4266649,0.9808,383.0,432.0,0.8866,,卸売業・小売業,tag,2026-02-28,E03495,8180001050135,S100Y7CP
2815,2895,80,7126,グローバルスタイル株式会社,小売業,上場,32.9,5.4,4109000.0,4266171,1.0383,254.0,,,,卸売業・小売業,tag,2025-07-31,E36658,8120001084238,S100WVWR
2816,2782,-34,7524,マルシェ株式会社,小売業,上場,41.0,11.0,4594304.0,4265135,0.9284,127.0,,,,卸売業・小売業,tag,2026-03-31,E03278,2120001013697,S100YML0
2817,2659,-158,,株式会社日教販,卸売業,非上場,47.7,14.9,4933805.0,4261139,0.8637,109.0,110.0,0.9909,,卸売業・小売業,textblock,2025-09-30,E02537,4010001006124,S100X8S3
2818,2808,-10,,越後交通株式会社,陸運業,非上場,47.5,15.8,4473000.0,4257618,0.9518,262.0,689.0,0.3803,,運輸業,textblock,2026-03-31,E04112,1110001022221,S100YNCK
2819,2883,64,6561,株式会社ＨＡＮＡＴＯＵＲ　ＪＡＰＡＮ,サービス業,上場,33.8,3.6,4199000.0,4252941,1.0128,105.0,308.0,0.3409,,サービス業,tag,2025-12-31,E33602,3010401058864,S100XU2F
2820,2899,79,6199,株式会社セラク,サービス業,上場,31.8,5.0,4100000.0,4249982,1.0366,3081.0,3276.0,0.9405,,サービス業,tag,2025-08-31,E32397,1011101032087,S100X5OA
2821,2765,-56,5950,日本パワーファスニング株式会社,金属製品,上場,46.1,17.1,4659000.0,4248509,0.9119,142.0,142.0,1.0,,製造業,tag,2025-12-31,E01421,5120001108081,S100XS9S
2822,2757,-65,5928,アルメタックス株式会社,金属製品,上場,47.1,19.6,4683444.0,4244740,0.9063,331.0,,,,製造業,tag,2026-03-31,E01320,5120001060472,S100YF9N
2823,2865,42,9558,ジャパニアス株式会社,サービス業,上場,35.3,3.8,4258000.0,4244669,0.9969,1805.0,,,,サービス業,tag,2025-11-30,E37911,6020001036275,S100XN61
2824,2683,-141,9979,株式会社大庄,小売業,上場,47.6,15.3,4900000.0,4242949,0.8659,966.0,1537.0,0.6285,,卸売業・小売業,tag,2025-08-31,E03223,2010801006663,S100X5DP
2825,2815,-10,,大分交通株式会社,陸運業,非上場,45.4,13.8,4450209.0,4242341,0.9533,231.0,452.0,0.5111,,運輸業,textblock,2026-03-31,E04164,4320001000062,S100YDSV
2826,2778,-48,3035,ケイティケイ株式会社,卸売業,上場,41.8,13.1,4602466.0,4239798,0.9212,172.0,309.0,0.5566,,卸売業・小売業,tag,2025-08-20,E02995,9180001016399,S100WXKZ
2827,2707,-120,3059,ヒラキ株式会社,小売業,上場,46.5,17.0,4850000.0,4237762,0.8738,230.0,234.0,0.9829,,卸売業・小売業,tag,2026-03-31,E03494,9140001017855,S100YJ9F
2828,2761,-67,6062,株式会社チャーム・ケア・コーポレーション,サービス業,上場,43.4,4.1,4675000.0,4235021,0.9059,1994.0,2261.0,0.8819,,サービス業,tag,2025-06-30,E26444,5120001109492,S100WQO9
2829,2817,-12,2762,株式会社ＳＡＮＫＯ　ＭＡＲＫＥＴＩＮＧ　ＦＯＯＤＳ,小売業,上場,39.0,5.6,4447590.0,4234717,0.9521,242.0,317.0,0.7634,,卸売業・小売業,tag,2025-06-30,E03404,8013301027281,S100WQ92
2830,2645,-185,9849,株式会社共同紙販ホールディングス,卸売業,上場,51.7,24.1,4973463.0,4228954,0.8503,124.0,137.0,0.9051,,卸売業・小売業,tag,2026-03-31,E02711,3010501032728,S100YM2W
2831,2776,-55,9713,株式会社ロイヤルホテル,サービス業,上場,41.7,15.8,4609000.0,4226236,0.917,1141.0,2032.0,0.5615,,サービス業,tag,2026-03-31,E04540,2120001072198,S100YHWF
2832,2886,54,9720,株式会社ホテル、ニューグランド,サービス業,上場,34.22,11.81,4191000.0,4225838,1.0083,232.0,,,,サービス業,tag,2025-11-30,E04566,7020001028858,S100XMSL
2833,2766,-67,7021,株式会社ニッチツ,機械,上場,47.2,16.0,4657201.0,4225474,0.9073,225.0,268.0,0.8396,,製造業,tag,2026-03-31,E00035,4010401054508,S100Y8BD
2834,2827,-7,7937,株式会社ツツミ,その他製品,上場,39.0,9.8,4413000.0,4224992,0.9574,889.0,,,,製造業,tag,2026-03-31,E03180,2030001021115,S100Y7SI
2835,2805,-30,5342,ジャニス工業株式会社,ガラス・土石製品,上場,41.7,17.3,4494000.0,4224206,0.94,139.0,153.0,0.9085,,製造業,tag,2026-03-31,E01177,9180001093174,S100YJHR
2836,2741,-95,2698,株式会社キャンドゥ,小売業,上場,44.9,18.1,4739000.0,4221503,0.8908,537.0,559.0,0.9606,,卸売業・小売業,tag,2026-02-28,E03377,6011101063012,S100Y64P
2837,2801,-36,2146,ＵＴグループ株式会社,サービス業,上場,40.3,7.2,4514000.0,4220684,0.935,247.0,34772.0,0.0071,本社のみ,サービス業,tag,2026-03-31,E05698,6010701020975,S100YKK1
2838,2829,-9,,新潟運輸株式会社,陸運業,非上場,50.5,19.1,4406000.0,4214467,0.9565,2955.0,3528.0,0.8376,,運輸業,textblock,2026-04-30,E04192,9110001003701,S100YSM2
2839,2785,-54,2218,日糧製パン株式会社,食料品,上場,44.9,15.2,4572000.0,4213163,0.9215,636.0,,,,製造業,tag,2026-03-31,E00382,8430001012919,S100YHEK
2840,2775,-65,7412,株式会社アトム,小売業,上場,43.0,12.0,4625000.0,4211595,0.9106,550.0,,,,卸売業・小売業,tag,2026-03-31,E03231,3180001058182,S100YDI1
2841,2823,-18,7698,株式会社アイスコ,卸売業,上場,39.1,5.8,4421000.0,4209063,0.9521,868.0,,,,卸売業・小売業,tag,2026-03-31,E36435,5020001000471,S100YHLL
2842,2830,-12,9017,新潟交通株式会社,陸運業,上場,48.4,15.6,4400547.0,4205314,0.9556,551.0,1174.0,0.4693,,運輸業,tag,2026-03-31,E04155,7110001003728,S100YI97
2843,2839,-4,6025,日本ＰＣサービス株式会社,サービス業,上場,38.2,5.5,4365000.0,4205250,0.9634,268.0,380.0,0.7053,,サービス業,tag,2025-08-31,E30999,9120901014607,S100X6F1
2844,2908,64,259A,株式会社ケイ・ウノ,小売業,上場,32.8,9.5,4042000.0,4204267,1.0401,512.0,578.0,0.8858,,卸売業・小売業,tag,2025-09-30,E39945,9180001005179,S100XDKZ
2845,2720,-125,2653,イオン九州株式会社,小売業,上場,47.0,11.0,4811193.0,4199417,0.8728,5316.0,5431.0,0.9788,,卸売業・小売業,tag,2026-02-28,E03349,6290001017604,S100Y4YP
2846,2810,-36,2911,旭松食品株式会社,食料品,上場,42.1,18.2,4468000.0,4195839,0.9391,232.0,257.0,0.9027,,製造業,tag,2026-03-31,E00487,5100001022185,S100YI4Q
2847,2793,-54,7823,株式会社アートネイチャー,その他製品,上場,45.2,12.3,4553307.0,4194306,0.9212,2321.0,3851.0,0.6027,,製造業,tag,2026-03-31,E03493,9011001000392,S100YCH9
2848,2764,-84,7604,株式会社　梅の花グループ,小売業,上場,44.5,15.08,4666718.0,4188576,0.8975,134.0,607.0,0.2208,,卸売業・小売業,tag,2026-04-30,E03314,5290001048435,S100YSIF
2849,2861,12,3479,株式会社ティーケーピー,不動産業,上場,36.2,4.4,4261408.0,4185378,0.9822,1368.0,3801.0,0.3599,,不動産業,tag,2026-02-28,E20616,7010001105955,S100Y7OL
2850,2822,-28,4720,株式会社城南進学研究社,サービス業,上場,39.6,10.3,4426641.0,4185128,0.9454,289.0,394.0,0.7335,,サービス業,tag,2026-03-31,E05030,8020001073184,S100YKMH
2851,2821,-30,6076,株式会社アメイズ,サービス業,上場,39.7,4.9,4427000.0,4180507,0.9443,197.0,,,,サービス業,tag,2025-11-30,E27761,1320001003869,S100XMEJ
2852,2812,-40,8917,ファースト住建株式会社,不動産業,上場,43.2,7.3,4460000.0,4180284,0.9373,227.0,411.0,0.5523,,不動産業,tag,2025-10-31,E04013,8140001052787,S100XH4J
2853,2875,22,3377,株式会社バイク王＆カンパニー,卸売業,上場,35.8,8.9,4217000.0,4176827,0.9905,1023.0,1029.0,0.9942,,卸売業・小売業,tag,2025-11-30,E02988,4011001034569,S100XLTO
2854,2848,-6,2685,株式会社アンドエスティＨＤ,小売業,上場,38.4,10.7,4331636.0,4164544,0.9614,506.0,6936.0,0.073,本社のみ,卸売業・小売業,tag,2026-02-28,E03368,1050001002254,S100Y5ZC
2855,2867,12,6186,株式会社一蔵,サービス業,上場,37.0,7.0,4247000.0,4164445,0.9806,589.0,630.0,0.9349,,サービス業,tag,2026-03-31,E31997,4030001000777,S100YFD3
2856,2813,-43,7118,株式会社伸和ホールディングス,小売業,上場,40.9,5.8,4452000.0,4163589,0.9352,137.0,137.0,1.0,,卸売業・小売業,tag,2026-03-31,E38382,8430001032173,S100YK6C
2857,2797,-60,7494,株式会社コナカ,小売業,上場,42.7,19.6,4538040.0,4162443,0.9172,980.0,1882.0,0.5207,,卸売業・小売業,tag,2025-09-30,E03259,4020001007344,S100XC1F
2858,2873,15,6551,株式会社ツナググループ・ホールディングス,サービス業,上場,37.2,8.9,4224000.0,4132459,0.9783,386.0,511.0,0.7554,,サービス業,tag,2025-09-30,E33272,8010001107240,S100XCA9
2859,2891,32,,株式会社ＪＴＣ,小売業,非上場,35.1,3.7,4136001.0,4131251,0.9989,406.0,406.0,1.0,,卸売業・小売業,textblock,2026-02-28,E34891,9320001006914,S100Y770
2860,2824,-36,7851,カワセコンピュータサプライ株式会社,その他製品,上場,43.4,12.8,4415000.0,4131144,0.9357,102.0,,,,製造業,tag,2026-03-31,E02459,2120001077131,S100YMBT
2861,2838,-23,3597,株式会社自重堂,繊維製品,上場,41.6,17.9,4367138.0,4130572,0.9458,139.0,179.0,0.7765,,製造業,tag,2025-06-30,E00607,1240001033610,S100WRSF
2862,2868,6,5252,日本ナレッジ株式会社,情報・通信業,上場,36.9,6.0,4237000.0,4126587,0.9739,462.0,491.0,0.9409,,情報通信業,tag,2026-03-31,E38474,3010501010543,S100YJNJ
2863,2846,-17,6171,株式会社土木管理総合試験所,サービス業,上場,39.3,9.8,4337000.0,4125999,0.9513,434.0,522.0,0.8314,,サービス業,tag,2025-12-31,E31723,8100001002184,S100XSOI
2864,2851,-13,2927,株式会社ＡＦＣ－ＨＤアムスライフサイエンス,食料品,上場,40.0,9.0,4315975.0,4124171,0.9556,360.0,1008.0,0.3571,,製造業,tag,2025-08-31,E01064,3080001005054,S100X6W8
2865,2863,-2,7805,プリントネット株式会社,その他製品,上場,38.0,8.4,4260000.0,4121985,0.9676,256.0,,,,製造業,tag,2025-08-31,E34363,9340001008231,S100X68N
2866,2806,-60,2311,株式会社エプコ,サービス業,上場,42.4,8.7,4488619.0,4117397,0.9173,366.0,600.0,0.61,,サービス業,tag,2025-12-31,E05293,4011801000662,S100XSPG
2867,2787,-80,2435,株式会社シダー,サービス業,上場,46.5,9.0,4567000.0,4107950,0.8995,1158.0,1335.0,0.8674,,サービス業,tag,2026-03-31,E05478,3290801004110,S100YJJS
2868,2946,78,3845,株式会社アイフリークモバイル,情報・通信業,上場,31.9,5.0,3670000.0,4104826,1.1185,354.0,,,,情報通信業,tag,2026-03-31,E05682,2290001021923,S100YJ02
2869,2856,-13,2904,一正蒲鉾株式会社,食料品,上場,40.2,12.8,4293000.0,4101897,0.9555,883.0,928.0,0.9515,,製造業,tag,2025-06-30,E00476,5110001001304,S100WQ1K
2870,2898,28,4679,株式会社　田　谷,サービス業,上場,35.1,12.6,4100684.0,4096823,0.9991,490.0,,,,サービス業,tag,2026-03-31,E04990,7011001013925,S100YFEW
2871,2841,-30,3399,株式会社丸千代山岡家,小売業,上場,40.9,7.1,4359419.0,4094891,0.9393,776.0,,,,卸売業・小売業,tag,2026-01-31,E03470,9430001017223,S100Y1KO
2872,2833,-39,2376,株式会社　サイネックス,サービス業,上場,41.0,12.0,4386192.0,4089237,0.9323,675.0,778.0,0.8676,,サービス業,tag,2026-03-31,E00744,1120001079723,S100YICX
2873,2871,-2,,長崎自動車株式会社,陸運業,非上場,50.8,14.4,4228836.0,4080359,0.9649,713.0,1556.0,0.4582,,運輸業,textblock,2025-12-31,E04163,2310001001369,S100XV65
2874,2820,-54,353A,エレベーターコミュニケーションズ株式会社,サービス業,上場,42.2,5.1,4430000.0,4077788,0.9205,216.0,,,,サービス業,tag,2025-05-31,E40516,5010801017897,S100WM3J
2875,2845,-30,2164,株式会社地域新聞社,サービス業,上場,40.5,8.5,4339000.0,4073848,0.9389,167.0,,,,サービス業,tag,2025-08-31,E05716,6040001020962,S100X6X1
2876,2826,-50,2425,株式会社ケアサービス,サービス業,上場,41.9,8.0,4413060.0,4072496,0.9228,1024.0,,,,サービス業,tag,2026-03-31,E05440,8010801003671,S100YIQF
2877,2872,-5,,南国交通株式会社,陸運業,非上場,46.7,14.5,4226078.0,4071646,0.9635,773.0,1017.0,0.7601,,運輸業,textblock,2025-09-30,E04165,7340001003192,S100XD85
2878,2790,-88,8139,株式会社ナガホリ,卸売業,上場,47.0,14.0,4561000.0,4052841,0.8886,300.0,484.0,0.6198,,卸売業・小売業,tag,2026-03-31,E02660,9010501010760,S100YJAK
2879,2780,-99,7601,株式会社ポプラ,小売業,上場,49.3,20.0,4600802.0,4050486,0.8804,129.0,181.0,0.7127,,卸売業・小売業,tag,2026-02-28,E03312,9240001010841,S100Y6BQ
2880,2831,-49,6181,タメニー株式会社,サービス業,上場,42.4,7.8,4394567.0,4048790,0.9213,279.0,,,,サービス業,tag,2026-03-31,E31855,3010701024252,S100YHBC
2881,2902,21,9346,株式会社ココルポート,サービス業,上場,36.1,3.4,4080000.0,4039987,0.9902,791.0,,,,サービス業,tag,2025-06-30,E36393,9020001094849,S100WOJI
2882,2877,-5,6929,日本セラミック株式会社,電気機器,上場,40.2,12.7,4214016.0,4039757,0.9586,275.0,1377.0,0.1997,,製造業,tag,2025-12-31,E01988,2270001000573,S100XTCV
2883,2819,-64,7362,株式会社Ｔ．Ｓ．Ｉ,サービス業,上場,45.5,3.0,4442944.0,4037296,0.9087,505.0,511.0,0.9883,,サービス業,tag,2025-12-31,E36353,6130001044812,S100XU5X
2884,2889,5,9466,株式会社アイドママーケティングコミュニケーション,情報・通信業,上場,37.3,9.8,4144000.0,4034854,0.9737,172.0,185.0,0.9297,,情報通信業,tag,2026-03-31,E32198,4230001000030,S100YEVM
2885,2803,-82,7446,東北化学薬品株式会社,卸売業,上場,46.5,17.0,4504000.0,4031494,0.8951,245.0,315.0,0.7778,,卸売業・小売業,tag,2025-09-30,E02810,5420001009282,S100XAMG
2886,2915,29,3810,サイバーステップ株式会社,情報・通信業,上場,35.1,8.8,4013181.0,4008376,0.9988,177.0,196.0,0.9031,,情報通信業,tag,2025-05-31,E05601,6011001049177,S100WM70
2887,2799,-88,9780,株式会社ハリマビステム,サービス業,上場,49.7,9.6,4531559.0,3998224,0.8823,1404.0,1792.0,0.7835,,サービス業,tag,2026-03-31,E04944,6020001024214,S100Y7GN
2888,2843,-45,2683,株式会社魚喜,小売業,上場,44.0,15.0,4350000.0,3998040,0.9191,279.0,290.0,0.9621,,卸売業・小売業,tag,2026-02-28,E03365,7021001002448,S100Y5OG
2889,2858,-31,3096,株式会社オーシャンシステム,小売業,上場,42.4,9.6,4282301.0,3994520,0.9328,947.0,1029.0,0.9203,,卸売業・小売業,tag,2026-03-31,E03524,2110001013962,S100YKNJ
2890,2870,-20,3177,株式会社ありがとうサービス,小売業,上場,41.1,10.4,4229462.0,3992731,0.944,185.0,318.0,0.5818,,卸売業・小売業,tag,2026-02-28,E26821,2500001012603,S100Y7HH
2891,2888,-3,3190,株式会社ホットマン,小売業,上場,39.1,11.8,4148000.0,3989291,0.9617,903.0,,,,卸売業・小売業,tag,2026-03-31,E30451,3370001002204,S100YEJ9
2892,2866,-26,7901,株式会社マツモト,その他製品,上場,45.0,16.0,4250000.0,3988040,0.9384,164.0,,,,製造業,tag,2026-04-30,E00715,9290801005722,S100YRR3
2893,2853,-40,2686,株式会社ジーフット,小売業,非上場,43.3,15.6,4307000.0,3987567,0.9258,683.0,726.0,0.9408,,卸売業・小売業,tag,2026-02-28,E03370,1180001004741,S100Y651
2894,2869,-25,7872,エステールホールディングス株式会社,その他製品,上場,44.7,11.4,4237000.0,3983341,0.9401,188.0,2875.0,0.0654,本社のみ,製造業,tag,2026-03-31,E03281,7010401094724,S100YLKC
2895,2862,-33,7506,株式会社　ハウス　オブ　ローゼ,小売業,上場,42.4,9.3,4261000.0,3979684,0.934,752.0,,,,卸売業・小売業,tag,2026-03-31,E03266,6010401023758,S100YHK9
2896,2903,7,3010,ポラリス・ホールディングス株式会社,サービス業,上場,37.8,2.6,4077000.0,3970978,0.974,470.0,1196.0,0.393,,サービス業,tag,2026-03-31,E00521,5010001128140,S100YITQ
2897,2876,-21,4925,株式会社ハーバー研究所,化学,上場,44.8,11.7,4214454.0,3966198,0.9411,370.0,523.0,0.7075,,製造業,tag,2026-03-31,E01063,5010001066200,S100YA2L
2898,2956,58,168A,株式会社イタミアート,その他製品,上場,28.8,3.5,3362000.0,3958968,1.1776,133.0,189.0,0.7037,,製造業,tag,2026-01-31,E39273,2260001008618,S100Y111
2899,2894,-5,6776,天昇電気工業株式会社,化学,上場,40.2,11.4,4110000.0,3957923,0.963,385.0,468.0,0.8226,,製造業,tag,2026-03-31,E01813,8012301007277,S100YIYI
2900,2923,23,8835,太平洋興発株式会社,卸売業,上場,60.6,9.5,3964000.0,3957162,0.9983,225.0,668.0,0.3368,,卸売業・小売業,tag,2026-03-31,E00034,8010501031238,S100YL7T
2901,2890,-11,2694,株式会社焼肉坂井ホールディングス,小売業,上場,40.4,10.3,4139311.0,3944842,0.953,519.0,719.0,0.7218,,卸売業・小売業,tag,2026-03-31,E03374,2370001010224,S100YGJS
2902,2922,20,3851,株式会社日本一ソフトウェア,情報・通信業,上場,35.7,8.3,3971810.0,3942123,0.9925,110.0,182.0,0.6044,,情報通信業,tag,2026-03-31,E02489,3200001007491,S100YLU7
2903,2948,45,3548,株式会社バロックジャパンリミテッド,小売業,上場,30.5,7.0,3615976.0,3932361,1.0875,1242.0,1266.0,0.981,,卸売業・小売業,tag,2026-02-28,E32697,9013201014379,S100Y6V9
2904,2887,-17,8181,株式会社東天紅,小売業,上場,41.6,18.5,4163000.0,3930975,0.9443,145.0,,,,卸売業・小売業,tag,2026-02-28,E04784,5010501016225,S100Y6NU
2905,2905,0,3140,ＢＲＵＮＯ株式会社,卸売業,上場,39.0,8.9,4052241.0,3914943,0.9661,182.0,237.0,0.7679,,卸売業・小売業,tag,2025-06-30,E21259,7010401037344,S100WS12
2906,2913,7,7678,株式会社あさくま,小売業,上場,38.1,3.7,4020000.0,3913584,0.9735,156.0,,,,卸売業・小売業,tag,2026-01-31,E34704,9180001066601,S100Y0LF
2907,2879,-28,9778,株式会社昴,サービス業,上場,43.2,13.8,4212000.0,3905274,0.9272,300.0,,,,サービス業,tag,2026-02-28,E04941,7340001002293,S100Y5RU
2908,2857,-51,7477,ムラキ株式会社,卸売業,上場,46.7,15.08,4291000.0,3900532,0.909,128.0,137.0,0.9343,,卸売業・小売業,tag,2026-03-31,E02836,6013401005189,S100YCAP
2909,2855,-54,4664,株式会社アール・エス・シー,サービス業,上場,48.0,14.6,4298808.0,3892993,0.9056,269.0,418.0,0.6435,,サービス業,tag,2026-03-31,E04978,8013301006491,S100YIKA
2910,2917,7,1383,ベルグアース株式会社,水産・農林業,上場,38.9,8.7,4005289.0,3892494,0.9718,236.0,313.0,0.754,,産業計,tag,2025-10-31,E25969,9500001015681,S100XHX5
2911,2909,-2,7928,旭化学工業株式会社,化学,上場,40.8,11.2,4037000.0,3891917,0.9641,156.0,477.0,0.327,,製造業,tag,2025-08-31,E01031,5180301015006,S100X6CC
2912,2904,-8,3174,株式会社ハピネス・アンド・ディ,小売業,上場,40.1,8.42,4054000.0,3887512,0.9589,283.0,316.0,0.8956,,卸売業・小売業,tag,2025-08-31,E26579,4040001063955,S100X6RU
2913,2926,13,7039,ブリッジインターナショナル株式会社,サービス業,上場,37.3,6.7,3961000.0,3887194,0.9814,525.0,722.0,0.7271,,サービス業,tag,2025-12-31,E34331,2010901015622,S100XV70
2914,2882,-32,7062,株式会社フレアス,サービス業,上場,44.4,5.7,4200000.0,3881778,0.9242,728.0,761.0,0.9566,,サービス業,tag,2026-03-31,E34725,4090001004657,S100YLVZ
2915,2880,-35,2789,株式会社カルラ,小売業,上場,45.5,13.0,4211587.0,3876232,0.9204,250.0,250.0,1.0,,卸売業・小売業,tag,2026-02-28,E03422,9370001017691,S100Y72L
2916,2892,-24,6537,ＷＡＳＨハウス株式会社,サービス業,上場,42.0,4.0,4135000.0,3864351,0.9345,105.0,107.0,0.9813,,サービス業,tag,2025-12-31,E32753,7350001002813,S100XVE0
2917,2943,26,7066,株式会社ピアズ,サービス業,上場,31.7,2.2,3719000.0,3862214,1.0385,413.0,413.0,1.0,,サービス業,tag,2025-09-30,E34954,8180001056958,S100XD95
2918,2916,-2,3032,株式会社ゴルフ・ドゥ,小売業,上場,40.0,8.2,4012000.0,3857582,0.9615,117.0,122.0,0.959,,卸売業・小売業,tag,2026-03-31,E03474,8030001002794,S100YHOE
2919,2921,2,9331,株式会社キャスター,サービス業,上場,38.4,3.9,3974000.0,3856967,0.9706,444.0,458.0,0.9694,,サービス業,tag,2025-08-31,E38651,7020001107769,S100X1KO
2920,2885,-35,9854,愛眼株式会社,小売業,上場,46.0,21.0,4191128.0,3854117,0.9196,659.0,666.0,0.9895,,卸売業・小売業,tag,2026-03-31,E03148,7120001022594,S100YJUD
2921,2925,4,,株式会社熊本ホテルキャッスル,サービス業,非上場,38.2,14.1,3962000.0,3853815,0.9727,141.0,,,,サービス業,textblock,2026-03-31,E04551,7330001001610,S100YHML
2922,2912,-10,7992,セーラー万年筆株式会社,その他製品,上場,42.9,17.3,4020372.0,3852346,0.9582,184.0,197.0,0.934,,製造業,tag,2025-12-31,E02365,9010601024727,S100XUCR
2923,2878,-45,7603,ジーイエット株式会社,小売業,上場,47.0,18.0,4213799.0,3849433,0.9135,224.0,,,,卸売業・小売業,tag,2026-02-28,E03313,4011301006656,S100Y5TM
2924,2928,4,7562,株式会社安楽亭,小売業,上場,36.9,6.9,3903143.0,3845266,0.9852,225.0,551.0,0.4083,,卸売業・小売業,tag,2026-03-31,E03295,9030001000302,S100YEJV
2925,2929,4,7374,株式会社コンフィデンス・インターワークス,サービス業,上場,35.2,3.8,3851000.0,3845259,0.9985,980.0,1275.0,0.7686,,サービス業,tag,2026-03-31,E36367,6010001162295,S100YKQ9
2926,2919,-7,6078,株式会社バリューＨＲ,サービス業,上場,39.4,4.4,3996909.0,3841309,0.9611,961.0,970.0,0.9907,,サービス業,tag,2025-12-31,E22470,7011001036950,S100XT60
2927,2864,-63,2300,株式会社きょくとう,サービス業,上場,49.5,15.3,4258775.0,3832570,0.8999,141.0,,,,サービス業,tag,2026-02-28,E05278,7290001012793,S100Y6G1
2928,2896,-32,9220,エフビー介護サービス株式会社,サービス業,上場,45.4,6.6,4107000.0,3805163,0.9265,923.0,993.0,0.9295,,サービス業,tag,2026-03-31,E37523,2100001007791,S100YK1M
2929,2918,-11,7441,株式会社Ｍｉｓｕｍｉ,卸売業,上場,42.4,15.5,4000000.0,3797889,0.9495,507.0,662.0,0.7659,,卸売業・小売業,tag,2026-03-31,E02813,4340001004160,S100YHK6
2930,2927,-3,7083,ＡＨＣグループ株式会社,サービス業,上場,39.6,4.08,3936000.0,3784932,0.9616,287.0,489.0,0.5869,,サービス業,tag,2025-11-30,E35250,4010001139584,S100XMZ1
2931,2957,26,6574,株式会社コンヴァノ,サービス業,上場,27.4,2.0,3352000.0,3783666,1.1288,479.0,541.0,0.8854,,サービス業,tag,2026-03-31,E33864,8011001095822,S100YN95
2932,2907,-25,,株式会社可児ゴルフ倶楽部,サービス業,非上場,46.0,12.42,4049000.0,3758817,0.9283,115.0,,,,サービス業,textblock,2026-01-31,E04671,1200001017708,S100Y1CH
2933,2906,-27,2373,株式会社ケア２１,サービス業,上場,46.6,4.3,4050000.0,3753590,0.9268,5472.0,6319.0,0.866,,サービス業,tag,2025-10-31,E05353,5120001101680,S100XHNL
2934,2911,-23,,株式会社ホテルニューオータニ長岡,サービス業,非上場,45.7,19.5,4022000.0,3743129,0.9307,130.0,,,,サービス業,textblock,2026-02-28,E04580,3110001022475,S100Y766
2935,2914,-21,8247,株式会社大和,小売業,上場,46.9,18.4,4020000.0,3737288,0.9297,388.0,694.0,0.5591,,卸売業・小売業,tag,2026-02-28,E03025,6220001003957,S100Y7D9
2936,2937,1,4705,株式会社クリップコーポレーション,サービス業,上場,37.0,7.7,3782176.0,3733565,0.9871,113.0,200.0,0.565,,サービス業,tag,2026-03-31,E05011,7180001005767,S100YDSM
2937,2950,13,7376,ＢＣＣ株式会社,サービス業,上場,31.1,4.1,3537000.0,3714656,1.0502,242.0,,,,サービス業,tag,2025-09-30,E36655,4120001181633,S100XC7N
2938,2935,-3,7087,株式会社ウイルテック,サービス業,上場,39.2,5.5,3793420.0,3679028,0.9698,2991.0,4744.0,0.6305,,サービス業,tag,2026-03-31,E35470,3120001157048,S100YHRI
2939,2944,5,,福井鉄道株式会社,陸運業,非上場,55.4,13.0,3683987.0,3666018,0.9951,167.0,268.0,0.6231,,運輸業,textblock,2026-03-31,E04127,2210001011931,S100YLJZ
2940,2939,-1,6982,株式会社リード,輸送用機器,上場,43.6,18.1,3771000.0,3665329,0.972,172.0,,,,製造業,tag,2026-03-31,E01916,9030001085467,S100YGCM
2941,2936,-5,,森ビルゴルフリゾート株式会社,サービス業,非上場,39.92,10.67,3792715.0,3660028,0.965,151.0,,,,サービス業,textblock,2025-12-31,E04673,4010401050432,S100XVJS
2942,2941,-1,3370,株式会社フジタコーポレーション,小売業,上場,39.7,9.6,3742278.0,3653629,0.9763,121.0,126.0,0.9603,,卸売業・小売業,tag,2026-03-31,E03456,9430001054035,S100YIJ4
2943,2920,-23,9791,株式会社ビケンテクノ,サービス業,上場,52.1,9.6,3980637.0,3619980,0.9094,2025.0,2427.0,0.8344,,サービス業,tag,2026-03-31,E04932,5120901008067,S100YJP6
2944,2947,3,,島原鉄道株式会社,陸運業,非上場,46.7,17.5,3619414.0,3616415,0.9992,201.0,,,,運輸業,textblock,2026-03-31,E04137,5310001009649,S100YFI5
2945,2930,-15,8260,株式会社井筒屋,小売業,上場,51.4,19.2,3848550.0,3616112,0.9396,548.0,651.0,0.8418,,卸売業・小売業,tag,2026-02-28,E03032,7290801000329,S100Y6HY
2946,2933,-13,2137,株式会社光ハイツ・ヴェラス,サービス業,上場,58.5,7.3,3811639.0,3610513,0.9472,259.0,,,,サービス業,tag,2026-03-31,E05670,6430001013893,S100YIGV
2947,2934,-13,7571,株式会社ヤマノホールディングス,小売業,上場,48.1,11.7,3805000.0,3605288,0.9475,357.0,566.0,0.6307,,卸売業・小売業,tag,2026-03-31,E03299,4011001030931,S100YJEK
2948,2931,-17,8254,株式会社さいか屋,小売業,上場,52.4,18.9,3819000.0,3597080,0.9419,137.0,137.0,1.0,,卸売業・小売業,tag,2025-08-31,E03044,3020001074170,S100X51A
2949,2940,-9,8166,株式会社タカキュー,小売業,上場,48.0,20.0,3765000.0,3582629,0.9516,273.0,,,,卸売業・小売業,tag,2026-02-28,E03093,5011401003916,S100Y4PA
2950,2949,-1,9408,株式会社ＢＳＮメディアホールディングス,情報・通信業,上場,37.6,8.3,3610207.0,3582588,0.9923,426.0,1078.0,0.3952,,情報通信業,textblock,2026-03-31,E04399,5110001004521,S100YHOV
2951,2942,-9,7585,株式会社かんなん丸,小売業,上場,47.5,11.2,3740000.0,3570018,0.9546,108.0,,,,卸売業・小売業,tag,2025-06-30,E03306,6030001001831,S100WR5V
2952,2945,-7,9969,株式会社ショクブン,小売業,上場,50.5,13.1,3671000.0,3521224,0.9592,349.0,,,,卸売業・小売業,tag,2026-03-31,E03213,5180001000563,S100YJTJ
2953,2952,-1,7445,株式会社ライトオン,小売業,非上場,35.3,13.2,3502000.0,3499050,0.9992,435.0,,,,卸売業・小売業,tag,2025-08-31,E03240,9050001016214,S100X6V7
2954,2951,-3,4834,キャリアバンク株式会社,サービス業,非上場,43.0,7.0,3536356.0,3419783,0.967,312.0,362.0,0.8619,,サービス業,tag,2025-05-31,E05176,7430001004883,S100WLAZ
2955,2955,0,9904,株式会社ベリテ,小売業,上場,38.27,6.91,3432608.0,3416616,0.9953,505.0,,,,卸売業・小売業,tag,2026-03-31,E03181,3020001050312,S100YGMS
2956,2954,-2,,オーケー株式会社,小売業,非上場,47.8,4.9,3463000.0,3408645,0.9843,16487.0,16526.0,0.9976,,卸売業・小売業,textblock,2026-03-20,E03362,6010801001974,S100YF3C
2957,2953,-4,150A,株式会社ＪＳＨ,サービス業,上場,41.6,2.61,3488000.0,3393894,0.973,572.0,579.0,0.9879,,サービス業,tag,2026-03-31,E39184,9010001174841,S100YFUO
2958,2961,3,194A,株式会社ＷＯＬＶＥＳ　ＨＡＮＤ,サービス業,上場,32.1,3.0,2994000.0,3088672,1.0316,419.0,453.0,0.9249,,サービス業,tag,2025-06-30,E39640,7010001199948,S100WRRL
2959,2958,-1,,日ノ丸自動車株式会社,陸運業,非上場,45.2,14.7,3324888.0,3066011,0.9221,323.0,,,,運輸業,textblock,2026-03-31,E04168,7270001000651,S100YL3M
2960,2960,0,4754,株式会社トスネット,サービス業,上場,41.58,10.02,3021141.0,2769836,0.9168,140.0,864.0,0.162,,サービス業,tag,2025-09-30,E05073,3370001005710,S100XBF5
2961,2959,-2,,小金井ゴルフ株式会社,サービス業,非上場,51.7,9.9,3071738.0,2585040,0.8416,113.0,,,,サービス業,textblock,2025-12-31,E04728,5012701000297,S100XUAR
