id,corporate_number,positivedb_name,overtime_all,overtime_scope,overtime_unit1,overtime_unit1_hours,overtime_unit2,overtime_unit2_hours,overtime_unit3,overtime_unit3_hours,overtime_unit4,overtime_unit4_hours,overtime_unit5,overtime_unit5_hours,paid_leave_all,paid_leave_unit1,paid_leave_unit1_rate,paid_leave_unit2,paid_leave_unit2_rate,paid_leave_unit3,paid_leave_unit3_rate,paid_leave_unit4,paid_leave_unit4_rate,paid_leave_unit5,paid_leave_unit5_rate,wage_gap_all,wage_gap_regular,wage_gap_nonregular,wage_gap_period,wage_gap_note,as_of,updated_at
6861,4120001051530,株式会社キーエンス,,,,,,,,,,,,,,正社員,38.8,,,,,,,,,43.2,43.7,92,2025年3月21日～2026年3月20日,,2026年3月時点,2026年06月12日
3003,9010001008702,ヒューリック株式会社,29.9,対象正社員,正社員,29.9,,,,,,,,,81.2,,,,,,,,,,,63.1,63.7,51.3,2025年1月1日～2025年12月31日,"当社では、女性の登用を積極的に進めており、部長の最若手である45歳以上に占める部長の比率については、男女の差異は以下の通りです。
45歳以上の男性　52人うち部長　19人36.5%
45歳以上の女性　13人うち部長　3人23.1%

また、2008年に開始した新卒採用は男女同数を基本方針としており、新卒採用者における男女の賃金の差異はほとんどありません。

2008年以降の新卒社員では
（区分）　　　　　　　　（男女の賃金の差異）
全労働者　　　　　　　　　90.8%
うち正規雇用労働者　　　　90.8%
うち非正規雇用労働者　　　該当者なし

以上のように、上位職位に女性が少ないことを主要因として、男女の賃金の差異が生じているものの、2025年度は全労働者・正規雇用労働者の差異は60%以上を維持しています。
今後、新卒採用者の上位職位登用が進めば、男女の賃金の差異は縮小していく見込みです。",2025年12月時点,2026年03月24日
6146,6010801007501,株式会社ディスコ,,,,,,,,,,,,,81.6,,,,,,,,,,,57,63.3,58.4,2025年4月1日～2026年3月31日,"総合職、事務職、技能職における職群ごとの賃金等に関する内容は、有価証券報告書(下記URL p.76)に記載しております。
各職群の各等級において、男女の賃金差異に著しい差異はありません。
https://www.disco.co.jp/jp/ir/library/doc/fs/fs87.pdf",2026年3月時点,2026年08月20日
8058,5010001008771,三菱商事株式会社,10.5,その他,総合職,14.1,一般職,3.3,嘱託その他,3.2,派遣社員,5.6,,,,対象とする労働者すべて,73.1,,,,,,,,,64.7,65.2,60.1,2025年4月1日～2026年3月31日,"正規雇用には総合職と一般職を含みます。

当社では、同一資格・同一職務レベルにおける報酬体系および採用・選考において男女間で差異を設けていませんが、差異の要因として、以下2点が挙げられます。
①  一般職を希望する求職者に女性が多く、結果として採用者も女性が多いこと
②  2000年代に入る前までは総合職の採用における女性比率が一桁台と少なく、現在も特に上位の資格・職務レベルにおける男女比率に差があること
①については、今後も男女問わず適性のある人材の確保に努めます。 また、②については、社内における女性の活躍しやすい環境整備を進めるべく、マイルストーンを設定の上、採用・育成・登用の観点において取組強化を図っています。",2026年4月時点,2026年07月14日
8031,1010001008767,三井物産株式会社,6.1,対象正社員,総合職,6.1,嘱託,4.9,派遣社員,5,,,,,,社員,69,,,,,,,,,59.9,60.4,54.1,2024年4月1日～2025年3月31日,当社では人事評価に際して、一人ひとりの能力発揮と組織貢献に基づき適切に評価を行っており、同一労働における男女間賃金格差はありません。男女間賃金格差が生じる主な要因は、女性管理職比率11.0%に表されるように、相対的に賃金の高い役職における男女比率が異なることが挙げられます。2024年7月の人事制度改定により、職種（担当職及び業務職）を統合した結果、各階層別での女性比率が向上したことに伴い男女間賃金格差も改善傾向にあります。今後も女性活躍推進に向けた施策を実行することで女性の管理職登用を推進し、男女間賃金格差の縮小に取り組みます。,2025年3月時点,2025年10月10日
8001,7120001077358,伊藤忠商事株式会社,10.7,対象正社員,総合職,26,,,,,,,,,,正社員,69.1,,,,,,,,,58.4,59.2,60.9,2024年4月1日～2025年3月31日,"正規雇用従業員における役職別の男女間賃金格差は限定的。当社の女性総合職の約8割が20～30代であるため、当社全体の男女間賃金格差は58.4％。以下の女性活躍推進施策により、長期的に格差が是正される見込み。

1．女性執行役員の登用
2023年12月の取締役会において、執行役員の人事制度改訂を決定し、2024年4月1日付で新たに5名の女性
執行役員を登用し、全役員に占める女性比率が21％となった。経営層の多様化は、生活消費関連ビジネスに注力する当社にとって非常に重要な要素になるため、「2030年までに、全役員（執行役員を含む）に占める女性比率を30％以上」とする数値目標を設定。社内外に当社の女性登用に向けた「本気度」を示し、アファーマティブな挑戦機会の提供とキャリアの障壁を軽減するきめ細かな個別支援を通じた、女性幹部候補人材の育成パイプラインを強化。

2．計画的な機会提供・キャリア継続支援
経営陣が主導し、当社総合職として重要なキャリアである投資先への出向・海外駐在経験の提供、キャリア継続に向けたフェムテック活用（卵子凍結、不妊治療の費用補助）、職場の意識改革・継続的な女性登用支援を実行。

3．事務職のビジネスエキスパート(BX)職への名称変更
事務業務は成長を支える重要な業務であり、「組織を運営する要」としての「総合職のパートナー」との位置付けを再確認し、職掌名を「ビジネスエキスパート(BX)職」に改称することを決定しました。
企業価値向上を支える専門知識・スキルを習得し、専門性を発揮しながら、事務業務の統括、若手社員等の指導・育成を担います。",2025年3月時点,2025年12月26日
8801,6010001034957,三井不動産株式会社,9.1,その他,総合職,11.9,エキスパート職,11.4,業務職,5.3,契約社員,3.7,,,,正社員・契約社員（通年在籍者）,71.2,,,,,,,,,49.9,62.7,46.7,2025年4月1日～2026年3月31日,"(a)男女の賃金差異の状況について
　　賃金は性別に関係なく、同一職掌・同一資格において、同一の給与制度を適用しております。また人事評価に関しても性別による差異はございません。賃金差異は、男性従業者と女性従業者の職掌・雇用形態等における人員構成の違いなどから生じているものになります。例えば、2026年4月時点での当社の女性正社員比率は30.8%ですが、女性管理職比率は11.1%となっているなど、賃金の高い等級における女性比率が低いことも、男女の賃金差異が生じている一因となっています。
(b)男女の賃金差異の今後の対策について
　・当社は経営戦略であるD&I推進のなかでも、特に女性活躍推進を重要テーマと位置づけて取り組んでいます。その中で、女性活躍推進に関するKPIとして女性管理職比率2030年20%、女性採用比率毎年40%、育児休業取得者の復帰率毎年100%等を掲げています。
　・女性活躍を推進し、女性の自律的なキャリア形成支援や組織の意識改革、長く働き続けられる環境整備に取り組むことで、賃金の高い等級における女性比率が高まり、男女賃金差異の縮小につながるものと考えております。",2026年4月時点,2026年07月03日
3498,3370103000741,霞ヶ関キャピタル株式会社,10,対象正社員,正社員,10,派遣社員,2,,,,,,,,正社員,50,契約社員,50,,,,,,,53,50.2,106.1,2023年9月1日～2024年8月31日,,2024年8月時点,2024年11月06日
9104,4010401082896,株式会社商船三井,12.5,対象正社員,総合職(事務),13.7,総合職(技術),12.2,一般職,1.4,契約社員(フルタイム),2,嘱託社員(フルタイム),0,63.8,正社員,63.8,,,,,,,,,68.7,73.8,50.6,2025年4月1日～2026年3月31日,"・男女間賃金差異が生じる主な要因として、管理職に占める女性比率などにより、相対的に賃金の高い役職における男女比率が異なることが挙げられます。当社では職務内容と個人の能力・行動に基づいた人事運用を行っており、男女において同一の報酬制度・評価制度を適用しています。
・キャリアパスの複線化、評価・処遇制度の見直しなどを行い、男女賃金差異縮小に取り組むとともに、多様な人財一人ひとりが継続的に成長できる環境づくりを推進していきます。

（注）１．「女性の職業生活における活躍の推進に関する法律」（平成27年法律第64号）の規定に基づき算出
しています。
　　　２．労働者には受入出向者を除き、出向者、海上従業員、陸上従業員を含みます。
　　　３．男女の賃金の差異は、男性の賃金平均に対する女性の賃金平均の割合を示しています。",2025年3月時点,2026年07月16日
8802,2010001008774,三菱地所株式会社,12.1,対象正社員,総合職,14.6,総合A職,6.1,専任職,12.4,デジタル専任職,17.3,業務職,2.7,69,正社員,69.3,非正社員,67.3,,,,,,,54.3,57.3,44.6,2025年4月1日～2026年3月31日,"・「女性の職業生活における活躍の推進に関する法律」（平成27年法律第64号）の規定に基づき算出したもので、2025年4月1日時点のもの

・「2025年4月から2026年3月の課税支給総額（a）」を「2026年3月時点で給与が支給されている従業員の人数（b）」で除することで算出した「年間平均賃金（a/b）」において、男性を100とした
ときの女性の割合を記載しております。（事業年度を通じて、労働者及び男女比の変動がほぼ見
られないことから、（b）について事業年度の特定の日に雇用している労働者の数を採用しており
ます。）なお、時短勤務者等もフルタイム勤務者同様1人として集計しております。",2025年3月時点,2026年07月16日
6920,1020001022180,レーザーテック株式会社,,,,,,,,,,,,,,全労働者,69,正社員,68,有期社員,79,,,,,74.1,79.5,37.5,2024年7月1日～2025年6月30日,非正規雇用労働者：高度技術専門職、フェロー、有期契約の事務系社員含む,2025年6月時点,2025年10月16日
6532,7010401111553,株式会社ベイカレント,,,,,,,,,,,,,,,,,,,,,,,,17.8,22.5,76.2,2025年3月1日～2026年2月28日,"株式会社ベイカレント及びその子会社では、性別や年齢等の属性によらない、個人の能力に基づく評価・登用を実施しております。また、職位と賃金水準がリンクしており、同一の職位においては男女間での賃金水準に差異はございません。

尚、非正規雇用労働者の数値には、アルバイトスタッフへの賃金を含んでおります。",2026年2月時点,2026年07月10日
9101,7010001023785,日本郵船株式会社,17.3,その他,,,,,,,,,,,,全従業員（出向者、逆出向者、及び海上勤務中の社員を除く）,61.4,,,,,,,,,74.8,81.3,58.9,2025年4月1日～2026年3月31日,"男女の賃金の額の差異における対象労働者、賃金は、以下を含んでいます。
　正規雇用労働者：当社から他社への出向者、及び他社から当社への出向者を除いています。
　有期労働者：本支店勤務社員の有期雇用社員を含み、派遣社員を除いています。
　賃金：基本給、賞与、基準外賃金等を含み、退職手当・通勤手当を除いています。
 
当社では、同一職位内での男女の賃金の差異はありません。
一方で、全体としての男女の賃金の額の差異は、役職別の男女比率に起因しています。
当社では、2030年に女性管理職比率30％を目標に掲げ、採用・育成・登用を通じたパイプライン拡充に取り組んでおり、これらの施策を通じて、中長期的に男女の賃金差の解消に努めています。",2025年3月時点,2026年07月21日
4686,7480001000861,株式会社ジャストシステム,,,,,,,,,,,,,,,,,,,,,,,,52.4,69.1,87.7,2024年4月1日～2025年3月31日,,2026年3月時点,2026年06月19日
8053,1010001008692,住友商事株式会社,9.8,対象正社員,プロフェッショナル職（P1・P2）,9.9,医療従事職,2.8,,,,,,,,プロフェッショナル職,73,医療従事者,78,,,,,,,63.1,62.6,49.3,2025年4月1日～2026年3月31日,令和7年事業年度（令和7年4月～令和8年3月）,2026年4月時点,2026年06月08日
8002,9010001008776,丸紅株式会社,,,正社員,16.7,,,,,,,,,,正社員,71.4,,,,,,,,,61.5,61.9,48.9,2025年4月1日～2026年3月31日,"当社の人事制度では、性別による処遇の差は一切設けておりませんが、男女の賃金の差異が発生する要因の一つに、管理職に占める女性比率が少ないことが挙げられます。当社では、今後の管理職・管理職候補を着実に増やす仕組みとして女性のタレントパイプラインの拡張に向けた取組み（詳細は、「第2 事業の状況」における「2 サステナビリティに関する考え方及び取組 （6）人財の育成に関する方針及び社内環境整備に関する方針 ② 戦略 （d）ダイバーシティ・マネジメント ＜女性活躍推進＞」に記載）を進めており、この要因による差異は縮小していくものと考えています。
また、男女の賃金の差異が発生するもう一つの要因として、当社の人事制度では、従来、正規雇用労働者を総合職と一般職という2つの職掌に区分し、そのうち主として組織の事務・実務を担う、原則転居を伴う転勤のない一般職の女性比率が100%であったことが挙げられます。これに対しては、一般職のキャリアパスを更に拡大することを目的に、2021年度に、原則全世界転勤必須であった総合職の中に、原則転勤のないエリア限定コースを設けました。また、2024年度からは、職掌にとらわれない実力本位の適材適所を図るとともに、本人が担うミッションに応じた時価的な報酬制度を全社的に実現することを目指し、総合職と一般職の職掌区分を廃止するとともに、管理職以上には既に適用していた、ミッションをベースとした処遇決定の仕組みを非管理職にも導入しました。性別による差を設けないこれらの施策の実行・定着を図ることで、管理職に占める女性比率が高まり、女性のタレントパイプラインが強化されていくにつれて、数値の推移には各年度の個別の登用状況によるばらつきを伴いますが、男女の賃金の差異は縮まっていくものと考えています（処遇上の資格が同じ男女の賃金の差異はどの資格においても90%を超えています）。",2026年3月時点,2026年08月20日
9107,8140001005720,川崎汽船株式会社,7.5,対象正社員,総合職,8.6,一般事務職,0.2,,,,,,,,正社員,57.7,,,,,,,,,65.7,67.4,61.5,2025年4月1日～2026年3月31日,対象期間は2025年度実績,2026年3月時点,2026年06月25日
4310,6010001141902,株式会社ドリームインキュベータ,,,BP部門,15,CA部門,2.6,,,,,,,,,,,,,,,,,,,,,,,2026年6月時点,2026年06月24日
4324,4010401048922,株式会社電通グループ,,,,,,,,,,,,,,,,,,,,,,,,79.2,79.2,,2025年1月1日～2025年12月31日,"・2025年12月31日時点で雇用している労働者（出向受入社員を含まず、直接雇用社員のみ）を対象として算出
・2025事業年度通期で在籍した女性有期雇用社員がいないため、非正規雇用労働者は記載しておりません",2025年12月時点,2026年03月11日
3486,3011001044453,株式会社グローバル・リンク・マネジメント,,,正社員,1.1,再雇用,0,,,,,,,,,,,,,,,,,,,,,,,2024年12月時点,2025年12月25日
1605,7010401078520,株式会社INPEX,12,対象正社員,,,,,,,,,,,,対象とする労働者すべて,73.9,,,,,,,,,66,64.5,93.2,2025年1月1日～2025年12月31日,"男女賃金差異について、当社は「同一労働同一賃金」を原則としているものの、正規雇用において格差の主たる要因は、管理職比率に表されるように、相対的に賃金の高い役職における男女比率が異なることが挙げられます。
また、非正規雇用における賃金格差の主たる要因は、高度な専門性や経験を必要とする職務に男性が多いことが挙げられます。",2025年12月時点,2026年07月30日
9119,6010001008655,飯野海運株式会社,15.4,対象正社員,陸上総合職,18.3,一般職,4.9,,,,,,,,総合職（出向受/一部海上職含む）,50.1,一般職,66.1,,,,,,,,,,,,2025年3月時点,2026年02月26日
9168,5010401156815,株式会社ライズ・コンサルティング・グループ,26.4,対象正社員,,,,,,,,,,,82,,,,,,,,,,,59.4,61.6,39.7,2025年3月1日～2026年2月28日,,2026年2月時点,2026年06月04日
1812,8010401006744,鹿島建設株式会社,6.4,その他,総合職土木,13.5,総合職建築,16.4,総合職開発,4.8,総合職設計,11.1,総合職事務,9.4,,,,,,,,,,,,58.2,60,47,2025年4月1日～2026年3月31日,同一労働において賃金の差異はなく、採用区分、等級別の人数構成等の差によるものである。,2026年4月時点,2026年06月25日
1969,3010001008749,高砂熱学工業株式会社,26.1,対象正社員,グローバル職,28,エリア職,11.6,準グローバル職,37.3,,,,,,グローバル職,69.7,エリア職,88.2,準グローバル職,73.8,,,,,62.9,62.1,90.9,2025年4月1日～2026年3月31日,,2026年3月時点,2026年05月29日
9983,9250001000684,株式会社ファーストリテイリング,,,,,,,,,,,,,,,,,,,,,,,,60.6,65.1,51.9,2024年9月1日～2025年8月31日,"ファーストリテイリンググループでは、職種階層別に求められる能力や要件を定義したグレード制度を採用し、性別などの属性によらない、個人の能力に基づく評価・登用を実施しています。男女で同一のグレードおよび同一賃金の公正な賃金体系を適用しており、性別による賃金差異はありません。ただし、店舗運営を支える地域正社員の女性の人数が多いこと、また執行役員を含む管理職の中でも、より高いグレードに女性の人数が少ないことなど、グレード別の人数構成に起因して、賃金における男女差が発生しています。

※賃金：基本給、超過労働に対する報酬、賞与などを含み、退職、通勤手当などを除く",2025年8月時点,2026年01月28日
4051,5011001064508,ＧＭＯフィナンシャルゲート株式会社,,,正社員,36.3,契約社員,32.3,,,,,,,,,,,,,,,,,,,,,,,2025年9月時点,2026年02月05日
4307,4010001054032,株式会社野村総合研究所,0,対象正社員,総合職,0,事務職,0,,,,,,,,正社員,73.4,,,,,,,,,73.1,73.1,,2025年4月1日～2026年3月31日,"同一役職における同一等級では、男女の賃金差異はありません。しかし、女性社員の採用を積極的に行っているため、若年層ほど相対的に女性の割合が高い人員構成になっています。
そのため、部長・課長といった上位の役職ほど女性の割合が低く、さらに同一役職においても上位の等級ほど女性の割合が低いことから、全労働者での賃金差異及び役職内での若干の賃金差異が生じています。
部長級・課長級含む管理職掌の女性登用の推進のため、登用につながる機会付与・ジョブアサインを計画的に実施していきます。",2026年6月時点,2026年06月23日
1802,7010401088742,株式会社大林組,32.1,対象正社員,,,,,,,,,,,64.8,,,,,,,,,,,69.3,69.9,61.5,2025年4月1日～2026年3月31日,,2026年3月時点,2026年07月02日
7038,1010001121867,フロンティア・マネジメント株式会社,14.5,対象正社員,契約社員,14.5,,,,,,,,,98.8,正社員・契約社員,34.5,,,,,,,,,55,57,28,2025年1月1日～2025年12月31日,,2025年12月時点,2026年04月10日
8035,4010401020757,東京エレクトロン株式会社,,,,,,,,,,,,,,正社員,75.4,,,,,,,,,60.6,61.4,57,2025年4月1日～2026年3月31日,,2026年3月時点,2026年06月26日
4519,5011501002900,中外製薬株式会社,3.8,対象正社員,研究開発,4.6,営業ほか,3,スタッフ,4.4,シニア社員,2.6,無期契約社員,1.4,,正社員,64.6,シニア社員,70.6,契約社員,81.7,無期契約,104.3,,,81.4,81.2,76.3,2025年1月1日～2025年12月31日,"本データは事業年度2025年（2025年1月1日～2025年12月31日）より算出
・当社は、年齢・属性に捉われず誰もが活躍でき、役割・成果に応じたメリハリのある評価・処遇の実現を目指した人事制度を運用しており、処遇は男女同一であり、現在の賃金差異は職務、等級、年齢構成の違いによるものです。
・管理職においては、職務等級制度により、ポジションに基づき賃金が決まることから94.7％と賃金差異は小さく、役職の階層別では95%を超える水準となっています。
・差異の要因の一つである女性マネジャー比率の向上に向け、2022年に2030年末時点のKPIを設定し、女性マネジャーの登用やキャリア形成支援を強化しています。具体的には、若手女性社員を対象とした自部門外の女性マネジャーとの対話プログラム「ななめCheck-in」を実施し、64名の参加者がキャリア形成や仕事と育児の両立に関する示唆を得る機会となりました。また、女性の後継候補人財に対し全経営役員が育成と登用を支援する「スポンサー制」も導入しています。こうした施策を通じて、「マネジャーという役割に前向きになれた」「自身のキャリアの視野が広がった」などの声が寄せられ、挑戦意欲の醸成につながっています。これらの結果、女性マネジャー比率は2022年の15.9%から2025年には19.2%まで上昇しています。
・2025年から導入した新人事制度においては、職務等級制度とジョブポスティングの仕組みを組み合わせることで、社員が年齢や属性にかかわらず主体的にキャリアを構築できる環境を整備しました。ジョブポスティング応募者に占める女性の割合は30.0%、合格者に占める女性割合は35.2%と、全社の女性社員比率（33.9%）と同水準であり、性別に関わらず挑戦できる機会が確保されていることが示されています。
・一般職の賃金差異（85.3％）については、ライフイベントによる男女の育児休業・短時間勤務取得状況の差や、時間外勤務時間等の差異が主な要因です。特に、育児休業・短時間勤務者の割合が多いG3（87.6％）においては、その影響が顕著にみられます。当社では、男性の育児休業取得率は90%を超える高い水準にあるため、男女共に育児参画する企業文化の定着を目指し、男性の育児休業の長期取得に向けた目標を設定し、継続的に意識啓発や環境整備を進めています。外部講師によるセミナーや、長期育児休業を取得した男性社員による座談会を通じて、本人・上司・同僚の声を共有し、職場の理解を促しました。また、「夫婦セミナー」を開催し、社外の配偶者も参加可能とすることで、男女共に育児に参画し活躍できる社会の実現を目指しています。これらの取り組みにより、男性の育休取得平均日数は2022年の18.9日から2025年には37.7日に増加しました。
・これらの取り組みにより、男女の賃金差異は2022年の77.7%から2025年には81.4%へと改善しています。
・労働者の男女の賃金差異は、「女性の職業生活における活躍の推進に関する法律」（平成27年法律第64号）の規定に基づいて算出しています。
・育児休業取得者、短時間勤務者（パートタイマ―を含む）の労働時間の補正は行っていません。
・その他雇用労働者は、契約社員（シニア社員を含む）およびパートタイマーです。
・2025年内の海外勤務者、および入社者（キャリア入社者、新卒入社者、転籍者）は含めていません。
・2025年12月末付の労働者数に基づき算出しています。",2025年12月時点,2026年04月03日
4385,6010701027558,株式会社メルカリ,,,Corporate 正社員,8.3,Corporate アルバイト,0.7,Corporate 有期契約社員,1.7,Engineer 正社員,2.5,Engineer　アルバイト,3,75.1,正規労働者,75.1,,,,,,,,,68,69.4,71.2,2024年7月1日～2025年6月30日,,2025年12月時点,2026年03月16日
8020,7140001005647,兼松株式会社,7.5,対象正社員,プロフェッショナル,9.4,アドミスタッフ,4.2,SⅠ,6.1,SⅣ,0,,,73,管理職,72.7,プロフェッショナル,72.7,アドミスタッフ,83,,,,,61.7,63.3,42.3,2025年4月1日～2026年3月31日,"・「女性の職業生活における活躍の推進に関する法律」（平成27年法律第64号）の規定に基づき算出したものであります。
・労働者の男女の賃金の差異については、男性の賃金を100％とした場合の女性の賃金の割合を示しておりま
す。なお、人事制度における男女の給与テーブルに差はなく、差異は職種・職責・等級別の人員構成による
ものであります。",2025年3月時点,2026年07月02日
4684,8010001039574,株式会社　オービック,,,,,,,,,,,,,,正社員,89,,,,,,,,,76.5,77.1,73.5,2025年4月1日～2026年3月31日,,2026年3月時点,2026年06月23日
1961,2010001008683,三機工業株式会社,28.8,その他,その他,28.8,,,,,,,,,,その他,63.7,,,,,,,,,60.4,60.2,53,2025年4月1日～2026年3月31日,"制度上、同一の従業員資格グレードにおける男女の賃金格差は
ありません。
女性管理職が男性管理職に比べ少ないことが男女の平均賃金の
差異が生じている主な理由です。",2026年4月時点,2026年07月08日
8015,6180001031731,豊田通商株式会社,21.6,その他,"基幹職掌(グローバル職),専任職B(グローバル職)",28.1,基幹職掌(地域限定職),15.4,ビジネスサポート職掌,21.7,嘱託,16.5,派遣社員,11.1,65.1,正社員,65.1,,,,,,,,,61.9,60.5,43.8,2025年4月1日～2026年3月31日,"男女の賃金の差異は主に以下事由による
＜正規雇用労働者＞
相対的に賃金の高い管理職、海外・国内異動を伴うグローバル職（女性比率14.7％）における女性比率が低いため
＜有期労働者＞
60歳以上の再雇用嘱託社員における上位等級者の女性比率が低いため",2026年4月時点,2026年06月29日
8628,2010001057425,松井証券株式会社,,,,,,,,,,,,,81,対象とする労働者すべて,81,,,,,,,,,,,,,,2025年3月時点,2025年08月08日
9984,1010401056795,ソフトバンクグループ株式会社,9.9,その他,正社員,10,契約社員等,4,,,,,,,,,,,,,,,,,,55.2,59.4,41.1,2025年4月1日～2026年3月31日,,2026年5月時点,2026年06月04日
1980,6120001045084,ダイダン株式会社,23.2,対象正社員,正社員,23.2,契約社員,21.2,,,,,,,,正社員,53.5,契約社員,64.6,,,,,,,58.5,62.7,62.8,2025年4月1日～2026年3月31日,,2026年4月時点,2026年07月27日
1801,4011101011880,大成建設株式会社,29.7,対象正社員,総合職（全国）,34,総合職（エリア）,26.9,担当職,15.2,,,,,,雇用期間の定めのない従業員,74,,,,,,,,,59.9,60.2,51.1,2025年4月1日～2026年3月31日,男女の賃金の差異については、性別に関係なく同一の制度を適用しておりますが、在籍者の平均年齢、人数の差等により生じております。,2026年3月時点,2026年07月13日
9513,6010001050764,電源開発株式会社,22,その他,正社員,22.9,有期雇用者,7.1,,,,,,,,対象とする労働者すべて,82.3,,,,,,,,,60.1,60.4,66.4,2024年4月1日～2025年3月31日,"賃金：基本給、超過労働に対する報酬、賞与等を含み、退職手当、通勤手当等を除く。
正規雇用労働者：社員の他、常勤嘱託及び建設職員のうち無期雇用転換した者を含み、休職者、他社から当社への出向者、当社からの給与支給を停止する出向者を除く。
非正規雇用労働者：継続社員、常勤嘱託及び建設職員（無期雇用転換した者を除く）、非常勤嘱託。休職者、他社から当社への出向者を除く。
差異についての補足説明
人員構成差を要因として、男女間の賃金に差が生じているが、報酬制度において、性別による処遇差はない。
女性活躍推進の観点から、女性の新卒採用を強化している。新規採用者に占める女性比率は、20％以上を目標としており、2025年４月１日に入社した新卒社員における女性比率は22％であった。なお、2025年３月31日現在における全社員の男女平均年齢は、男性42.0歳、女性34.6歳である。",2025年3月時点,2026年05月20日
1979,7011101011812,株式会社大気社,30.8,対象正社員,正社員技術系,33.5,正社員事務系,20.3,,,,,,,,全従業員,62.8,,,,,,,,,63.4,67.9,62.7,2025年4月1日～2026年3月31日,"2025年4月～2026年3月実績

ただし、以下の項目は除外
【除外されている労働者】
　①取締役、顧問、監査役
　②顧問税理士、顧問弁護士
　③海外諸手当が支給されている者
　④退職月と入社月が月途中の者
【除外している手当】
　①通勤手当
　②退職手当


＜正規雇用＞
当社は、能力や職務、役割に応じて区分・序列化する等級制度を採用しており、性別などの属性によらない評価・処遇を行っております。従って、各等級内における男女の賃金差異はありません。正規雇用における男女の賃金差異は、管理監督職以上となる上位等級における女性社員比率の低さ、女性の新卒採用強化に伴う若手の女性社員数の増加に起因するものです。

＜非正規雇用＞
非正規雇用者には施工管理業務と一般事務業務に従事する社員がおります。施工管理業務は、一般事務業務と比較して諸手当を含めた賃金総額が相対的に高くなる傾向があります。非正規雇用における男女の賃金差異は、施工管理業務に従事する女性社員の比率が低いことに起因するものです。",2026年6月時点,2026年07月02日
2502,6010601036386,アサヒグループホールディングス株式会社,20.3,対象正社員,,,,,,,,,,,,正社員,63,,,,,,,,,,,,,,2018年11月時点,2018年11月16日
2768,5010401049977,双日（株）,18.6,その他,総合職,19.9,事務職,8.2,契約社員,13.5,,,,,,従業員,77,,,,,,,,,59.6,59.8,53.3,2025年4月1日～2026年3月31日,"当社の正社員は総合職と事務職で構成されています。総合職は基幹業務において主体的に役割を担い、事務職は総合職を補佐し事務処理業務全般を担う職種です。また、非正社員は主に定年再雇用社員です。当社では、それぞれの職種ごとに役割等級制度を採用し、年齢や性別を問わず、本人の資質や能力、取り組み意欲に応じて役割が決定されています。職務の内容や異動の範囲などが同じ役割等級では性別の違いによる賃金の差はありません（時間外勤務などの変動要因によるものを除く）が、賃金に差異が生じている主な要因は以下のとおりです。

① 当社では総合職において管理職層で女性社員の割合が低いことが挙げられます。現在、人材戦略の重要施策として、女性活躍推進に取り組んでいます。2030年代に全社員に占める女性社員比率50％程度、女性課長比率を50％程度にすることを目指し、新卒及びキャリア採用における女性総合職社員の採用増加に加えて、仕事と育児の両立環境の整備、各世代層のパイプライン形成と経験の蓄積やキャリア意識の醸成を積極的に進めています。今後は管理職層の女性社員増加により、この要因による男女の賃金の差異は縮小していくと考えています。

② 総合職とは役割が異なる事務職において全員が女性社員（2025年３月31日現在）となっていることも、男女の賃金の差異の要因です。当社は事務職を多様な働き方の１つの形態と位置づけ、今後も採用を継続していく方針です。事務職は、性別に関わりなく選択可能な職種ですが、新卒採用・キャリア採用共に応募者は女性となっていることから、今後も男女の賃金の差異への影響は発生すると考えています。一方、当社では、総合職と事務職との間で相互に職種転換を可能とする制度を設けており、男女共に入社後に社員個人のキャリア・働き方に応じた職種転換が可能となっています。

③ 非正社員は、主に定年再雇用制度に基づき定年退職後（60歳定年制）に再雇用された社員、及び役員退任後に有期雇用社員として再雇用された社員です。定年再雇用者に対する賃金は、定年後に担う職種と役割・責任に基づき設定される役割等級に準じて決定されますが、定年前までの業務内容や経験に基づいた役割・責任に応じた設定となるため、非正社員での男女の賃金の差異に影響しています。",2026年3月時点,2026年07月15日
8630,9011101055980,ＳＯＭＰＯホールディングス株式会社,,,,,,,,,,,,,,,,,,,,,,,,68.9,74.8,13.6,2025年4月1日～2026年3月31日,"・男女の賃金の差異が生じている主要因は、相対的に賃金水準が高い管理職の男性比率が高いためであり、職務等が同じである場合は、性別による賃金の差異は発生しない給与制度となっている。
・Q15の注釈に則り、本項目は、SOMPOホールディングス単体での数値を記載。",2026年4月時点,2026年07月16日
485A,7010401159056,株式会社パワーエックス,,,,,,,,,,,,,,,,,,,,,,,,77.9,77.9,,2025年1月1日～2025年12月31日,,2025年12月時点,2026年03月31日
1975,5010401000023,株式会社朝日工業社,28.5,対象正社員,総合職 技術系,34.3,総合職 事務系,17.7,一般職,4.9,技能職,10.7,契約社員(無期雇用),9.4,,対象となる労働者すべて,61.2,,,,,,,,,66.5,72.8,67,2025年4月1日～2026年3月31日,男女の賃金の差異を算出する際に使用する総賃金には、職務内容により相違する総合職用と一般職用の各給与を合算している。,2026年5月時点,2026年07月17日
8750,8010001131752,株式会社第一ライフグループ,,,,,,,,,,,,,,,,,,,,,,,,58.6,61.8,16.7,2025年4月1日～2026年3月31日,"当社グループでは、採用・評価・登用等に関し、性別や国籍、年齢等の属性に関わらず、個人の成果や成長に基づく処遇を行っており、性差が反映する要素はありません。賃金差異の主要因について以下3点を認識しております。
(１) 女性登用を進めている一方で、現時点では賃金水準が相対的に高いマネジメント層において男性の占める割合が高い点
(２) 転勤の可能性がある職掌に対して上乗せで手当を支給しており、当該職掌において男性の占める割合が高い点
(３) 相対的に賃金水準の低い定型業務に従事する職掌において、女性が占める割合が高い点
特に(１)については、グループの経営課題として認識しており、柔軟な働き方やワーク・ライフ・マネジメントを促進し、誰もが働きやすい環境を整えるとともに、女性リーダー育成に向けては2030年までに女性役員及び女性組織長比率30％を目指し、パイプライン強化に取り組んでいます。
具体的には、女性リーダー育成に向けた階層別研修を充実させるとともに、役員部長層による対話（1for1）を通じた育成、役員が作成する担当部門のマネジメントポスト候補者を選定する際は、候補者のうち30％を女性とする運用を行っています。こうした取組みにより、女性管理職比率は30％超、女性組織長比率は20％超と、女性リーダーの比率は着実に伸展しています。",2026年4月時点,2026年06月25日
8803,1010001034920,平和不動産株式会社,,,,,,,,,,,,,,正社員,81.4,,,,,,,,,,,,,,2025年3月時点,2025年08月20日
2432,4011001032721,株式会社ディー・エヌ・エー,,,,,,,,,,,,,,,,,,,,,,,,70.6,76.5,118.5,2025年4月1日～2026年3月31日,,2026年3月時点,2026年07月08日
1925,6120001059662,大和ハウス工業株式会社,,,,,,,,,,,,,,,,,,,,,,,,59.6,62.2,64.1,2025年4月1日～2026年3月31日,非正規社員の平均年収について、2024年度までは実数ベースの社員数を用いて計算しておりましたが、2025年度より勤務時間を8時間に換算した社員数を用いて計算しています。,2026年4月時点,2026年08月19日
2587,8010401080079,サントリービバレッジ＆フード株式会社,,,,,,,,,,,,,,,,,,,,,,,,73,73.1,162.2,2025年1月1日～2025年12月31日,"当社グループでは、同一の労働における賃金体系に差異はありませんが、男女間における平均年齢、在籍年数の違いにより差異が生じています。
また、連結子会社については事業特性により従業員全体に占める男性比率が高い傾向にあります。
今後も多様な人材、多様な価値観を積極的に取り入れ、新たな価値を絶えず創造していくことを目指し、男女問わず安心してイキイキと働くことができる環境整備や、女性活躍推進の取組みを進めていきます。",2025年12月時点,2026年04月23日
8804,6010001034998,東京建物株式会社,6.9,その他,総合職,11.3,住宅総合職,7.9,専任職,10.1,事務職,3.7,契約社員,1.6,,対象とする労働者すべて,68,,,,,,,,,55.4,61,46.1,2025年1月1日～2025年12月31日,"対象期間：2025年事業年度（2025年1月から2025年12月まで）
賃金：通勤手当等は除く。
当社から他社への出向者を含み、他社から当社への出向者および派遣社員は除く。
期中入退社及び休業者を含み、期中に無期・有期の異動があった者及び海外勤務期間・官民人事交流制度の対象期間があった者を除く。

【差異の説明】
役職や成果に応じた給与体系としており、性別の違いによる処遇の差はないものの、雇用形態や資格等級
毎に人員構成等に違いがあるため、差異が生じております。",2025年12月時点,2026年04月14日
8877,4120001072725,エスリード株式会社,,,,,,,,,,,,,,,,,,,,,,,,52.4,52.3,,2024年4月1日～2025年3月31日,上記の「うち非正規雇用労働者」の「-」は、女性の非正規労働者がいないため比較できないことを示します。,2025年3月時点,2026年08月21日
6098,5010001060426,株式会社リクルートホールディングス,,,,,,,,,,,,,,,,,,,,,,,,85.8,86.5,134.6,2025年4月1日～2026年3月31日,"当社の労働者の大部分はグループ会社の出向者で構成され、出向者の報酬は当社が定める制度・基準に従って決定しています。このような就労と報酬決定の実情を踏まえ、当社から他社への出向者を除き、他社から当社への出向者を含めて集計しています。

正規雇用労働者とは、期間の定めの無い従業員です。
非正規雇用労働者とは、パートタイム・有期雇用従業員等は、無期雇用従業員の所定労働時間(1日8時間)で換算した人員数を基に試算しています。",2026年4月時点,2026年06月24日
4373,5010401128558,シンプレクス・ホールディングス株式会社,,,,,,,,,,,,,,,,,,,,,,,,93,94.5,62.1,2025年4月1日～2026年3月31日,,2026年3月時点,2026年06月26日
6269,8010001007886,三井海洋開発株式会社,6.7,対象正社員,,,,,,,,,,,69.4,対象とする労働者すべて,69.4,,,,,,,,,71.7,71.2,,2025年1月1日～2025年12月31日,"・「女性の職業生活における活躍の推進に関する法律」（平成27年法律第64号）の規定に基づき算出したものであります。
・上記数字には、当社からの出向者および当社への出向者は含まれておりません
・男女の賃金の差異は、男性の賃金平均に対する女性の賃金平均の割合を示しております。管理職比率・職種比率および有期社員比率により男女の賃金差が発生しておりますが、当社では男女において同一の報酬制度・評価制度を適用しております。",2025年12月時点,2026年06月25日
8725,4010001116542,ＭＳ＆ＡＤインシュアランスグループホールディングス株式会社,21.6,対象正社員,,,,,,,,,,,,社員,74.6,,,,,,,,,65.1,65.7,84.1,2022年4月1日～2023年3月31日,"◯ＭＳ＆ＡＤホールディングス単体の男女の賃金差異。
・賃金：通勤手当を含んでおりません。
・出向者：当社の従業員はすべて子会社等からの出向者であります。
・正規雇用労働者：執行役員を含んでおりません。
・パート・有期労働者：派遣社員を含んでおりません。

◯グループ会社（連結等）各社の差異は以下の通り。
三井住友海上火災保険（全労働者：43.6％、うち正規雇用労働者：50.7％、うち非正規雇用労働者：30.6％）
あいおいニッセイ同和損害保険（全労働者：52.8％、うち正規雇用労働者：56.7％、うち非正規雇用労働者：65.5％）
三井ダイレクト損害保険（全労働者：61.9％、うち正規雇用労働者：56.3％、うち非正規雇用労働者：65.7％）
三井住友海上あいおい生命保険（全労働者：56.0％、うち正規雇用労働者：56.1％、うち非正規雇用労働者：44.0％）
三井住友海上プライマリー生命保険（全労働者：64.9％、うち正規雇用労働者：64.3％、うち非正規雇用労働者：84.9％）",2023年3月時点,2023年11月09日
6954,3090001010053,ファナック株式会社,24,対象正社員,,,,,,,,,,,,正社員,88.7,,,,,,,,,40,42.8,47.5,2025年4月1日～2026年3月31日,"（労働者の男女の賃金の差異の補足説明）
・当社の賃金制度は、年齢、性別に関係なく同一の職務であれば同一の賃金を支払うこととして設計しています。
・「全労働者」及び「正規雇用労働者」における差異は、女性労働者に占める工場契約社員（無期転換社員および有期契約社員）の割合が６割程度と大きいことが主な要因となっています。また、相対的に賃金が高水準である技術系総合職の男性比率が高いことによるものです。当社では女性採用の強化を図っていますが、当社の主要機能であり、正社員の多くを占める技術系総合職への女性応募が近年まで極めて少なく、現在在籍している女性の経験年数が相対的に少ないことも差異の要因となっています。
・「非正規雇用労働者」における差異は、相対的に賃金水準が高い嘱託社員（定年後再雇用社員）の男性比率が高いことや嘱託社員の賃金水準が正社員に準じて設計されていることが要因となっています。

(注) 
1.「女性の職業生活における活躍の推進に関する法律」（平成27年法律第64号）の規定に基づき算出したものです。
2.「育児休業、介護休業等育児又は家族介護を行う労働者の福祉に関する法律」（平成３年法律第76号）の規定に基づき、「育児休業、介護休業等育児又は家族介護を行う労働者の福祉に関する法律施行規則」（平成３年労働省令第25条）第71条の６第２号における育児休業等および育児目的休暇の取得割合を算出したものです。
3.幹部社員とは、労働基準法における管理監督者及びそれに準ずる専門職の当社における社内呼称です。
4.労働者の人員数について労働時間を基に換算し算出しています。
5.雇用区分の内訳は以下のとおりです。
・正規雇用労働者：正社員（幹部社員）、正社員（一般社員）、無期契約社員
・非正規雇用労働者：嘱託社員（定年後再雇用社員）、有期契約社員、パートタイム
社員雇用区分については、法令に従い、正規雇用労働者に無期契約社員を含めております。
無期契約社員は契約期間が５年を超えた有期契約社員の内、無期転換権を行使し、雇用期間が無期となっている者あり、賃金水準、定期的な昇給、賞与等の労務管理上では、その他の有期契約社員（非正規雇用労働者）と同様の取り扱いとしています。",2026年3月時点,2026年06月26日
3769,6011001005411,ＧＭＯペイメントゲートウェイ株式会社,,,営業,24.1,エンジニア,22,企画・グローバル,18.8,コーポレートサポート,14.5,契約社員,11.4,,,,,,,,,,,,75,76.8,104.7,2024年10月1日～2025年9月30日,,2025年9月時点,2025年12月26日
1982,9010401025405,日比谷総合設備株式会社,25.8,対象正社員,技術系　無期雇用（フルタイム）,36.6,技術系　有期雇用（フルタイム）,19.6,技術系　有期雇用（時短）,20.2,事務系　無期雇用（フルタイム）,13.6,事務系　有期雇用（フルタイム）,4.8,66,,,,,,,,,,,67.6,66.2,62.6,2025年4月1日～2026年3月31日,,2026年3月時点,2026年07月31日
1717,7010001072436,明豊ファシリティワークス株式会社,13,対象正社員,正社員,13,契約社員,6,,,,,,,,正社員,52.4,契約社員,71.1,,,,,,,,,,,,2025年3月時点,2026年06月17日
E00738,3010001033086,株式会社 日本経済新聞社,,,,,,,,,,,,,51,,,,,,,,,,,79.9,77.5,81.2,2025年1月1日～2025年12月31日,"■対象期間：2025事業年度（25年1～12月）
■賃金：基本給、超過労働に対する報酬、賞与等を含み、退職手当、通勤手当等を除く
■正規雇用労働者：社員、専門社員。出向者については、当社から社外への出向者を含み、他社から当社への出向者を除く
■非正規雇用労働者：嘱託（アソシエイト・シニアアソシエイト・シニアスタッフ）、アルバイトを含み、派遣社員を除く
■差異についての補足説明：
　日経では性別を理由とする賃金制度の差異はない。そのうえで今回数値を分析してみると、男性の賃金に対する女性の賃金の割合は、全労働者ベースで79.9％、正規雇用労働者ベースで77.5％となった。原因は男女の平均年齢（男性45.8歳、女性38.0歳）の差によるところが大きい。近年新卒採用での女性の比率が増加しており（2007年度以降の3割超から徐々に増加し、23年度以降は5割超えた）、これが女性の平均年齢を押し下げる結果となった。
　同じ年代別に差異をみてみると、
20代　96.9％
30代　91.9％
40代　86.3％
50代　93.7％
と、差異は小さかった。これは勤続年数別や役職別で見た場合も同様であった。
　非正規雇用労働者ベース（81.2％）では、60歳以上のシニア雇用の割合が高く、男性比率も高いが、2025年4月のシニア雇用制度改定で「役割に応じた処遇」により正規雇用ベースとの賃金差が縮まった。",2026年3月時点,2026年08月05日
E00169,3120001077469,株式会社竹中工務店,22.4,その他,正社員,26.2,,,,,,,,,,その他,66.9,,,,,,,,,67.9,68.6,62.8,2025年1月1日～2025年12月31日,"■正規雇用労働者
〈対象〉
役付職、総合職、専任職、新社員
〈男女間賃金差異の背景事情〉
全従業員に占める女性比率は約19％であり、女性管理職比率においては、6.2％である。
賃金が高い管理職層は、圧倒的に男性比率が高い。その為、男女差異が発生している。
2010年以降、新卒採用の総合職に占める比率も25％以上を占めるに至り、管理職となり得
る母集団も増えていることから、将来的に男女差異は徐々に縮小すると認識している。
また、育児との両立において短時間勤務を選択しているのは、現状女性社員が多く、その差についても影響しているものと考える。

■非正規雇用労働者
〈対象〉
再雇用の定年嘱託、特殊嘱託（有期契約社員）
〈男女間賃金差異の背景事情〉
定年嘱託においては、男性の総合職採用が殆どであった世代であり、専門性を持ったエキ
スパート職としの再雇用者が男性に多く、男女差異が生じていると考えらえる。
また、特殊嘱託として、高度な専門性を持った処遇の高い社員の受け入れは、現状男性が
殆どであるため。",2026年4月時点,2026年04月14日
8012,4120001049021,長瀬産業株式会社,5.3,対象正社員,総合職,5.7,事務職,4,特務職,8.7,嘱託（無期・フルタイム）,0,嘱託（無期・パートタイム）,0,,正社員,76.2,,,,,,,,,57.9,58.9,37.5,2025年4月1日～2026年3月31日,,2026年3月時点,2026年06月23日
6366,3020001018029,千代田化工建設株式会社,21.4,対象正社員,,,,,,,,,,,,正社員,72.8,,,,,,,,,66.5,66.7,47,2024年4月1日～2025年3月31日,,2025年3月時点,2026年07月09日
1808,7010401024061,株式会社長谷工コーポレーション,25.8,対象正社員,総合職（建設）,32.1,総合職（設計）,16,総合職（技術）,4,総合職（事務）,18.1,エリア総合職（技術）,13.2,,対象となる労働者すべて,71.8,,,,,,,,,67,66.9,60,2025年4月1日～2026年3月31日,"当社における男女の賃金差異の要因と解消に向けた展望は以下のとおりです。なお、当社については全労働者のうち正規雇用労働者の割合は９割以上、正規雇用労働者のうち総合職の割合は９割を占めるため、総合職について記載いたします。

1）賃金差異要因①：勤続年数
　総合職の平均勤続年数は女性は10.4年である一方で、男性は15.6年と約5年の差がございます。
　当社は専門能力の向上及び実績・貢献によって昇格していく資格等級制度を導入しており、社員は年度ごとに左記の指標により評価され、昇格及び昇給をしていく仕組みとなっております。
　新卒入社の場合、勤続年数が長いほど上位の資格等級を有する社員が多くなる傾向にあるため、男女間の賃金差異に影響しております。※資格等級ごとの賃金水準は同一であり、男女間における差異を制度上設けておりません。

2）賃金差異要因②：管理職比率
　管理職のうち、女性が占める割合は5.2％であり、賃金差異要因①と連動して男女間において管理職比率に差ございます。管理職への登用有無は処遇差が生じる要素であり、男女間の賃金差異に影響しております。

3）今後の展望
　従来より継続してきた女性積極採用により、女性社員比率は増加傾向にございます。また採用と同時進行にて女性活躍支援策として、女性社員同士のネットワーク形成・キャリア不安払拭等に向けた「女性社員交流会」や「女性特有の健康課題に関する研修」、「産前産後・復帰前後のフォロープログラム」等 様々な施策から、働きやすい環境づくりに取り組んでまいりました。また、中核・幹部社員の育成・定着にも注力し、少しずつではございますが女性社員の幹部・管理職登用も進めてまいりました。
　　　
　積極採用層が管理職層へとなるにはもう少し時間を要しますが、グループ人事戦略部Ｄ＆Ｉ推進チームを中心に働きやすい環境づくりや、人材育成方針に沿った女性社員の育成、管理職への積極的な登用などをさらに充実・強化していくことで、男女間賃金差異は縮小していくものと考えております。",2026年3月時点,2026年07月29日
8411,9010001081419,株式会社みずほフィナンシャルグループ,28.5,対象正社員,カンパニー,37.6,ユニット,33.1,グループ,32.2,無期契約フルタイム,3.8,無期契約パートタイム,0,,対象とする労働者すべて,74.9,,,,,,,,,60.9,61.5,47.5,2024年4月1日～2025年3月31日,"■処遇決定方法
〈みずほ〉では、性別に関係なく一人ひとりの職責や職務の内容等に応じて処遇を決定しております。
■賃金差異の主要因
女性と比較して、男性の方が、①管理職が多いこと②勤務時間が長いこと等によるものです。
なお、従来は旧人事制度における給与水準が高い転勤区分の社員が多いことも主要因の一つであったところ、転勤区分による差については、2024年度に給与体系を一本化しました。新しい人事制度では、転勤可否の区分に関わらず、社員ごとの役割に応じた給与水準となっています。
■今後の方針
管理職に占める女性の割合については、日本において2030年代の早期に各階層で30％以上とする目標を設定し、戦略的な人材育成や人材配置等により実現を図っていきます。あわせて、2024年度から本格運用を開始した新しい人事の枠組み〈かなで〉のもと、女性のキャリアアップや、社員の生産性向上による勤務時間差異の解消に向けた取り組みを強化し、男女の賃金の差異の縮小に努めてまいります。
詳細は人的資本レポートをご参照ください。

人的資本レポート
https://www.mizuho-fg.co.jp/csr/mizuhocsr/report/index.html#human_capital",2025年3月時点,2026年01月22日
1952,2010001062912,新日本空調株式会社,24.3,対象正社員,営業・管理系,10.7,技術系,28.1,,,,,,,,営業・管理系,67.4,技術系,60.8,,,,,,,65.1,69,61.9,2025年4月1日～2026年3月31日,,2026年3月時点,2026年07月31日
4812,7010401053829,株式会社電通総研,12.2,基幹的な職種,正社員(総合職),12.2,正社員(一般職),15.7,正社員(特務職),8.2,契約社員(フルタイム),10.8,契約社員(パートタイム),7.2,,正社員(総合職),62.7,正社員(一般職),67.6,正社員(特務職),91.9,契約社員(フルタイム),115,契約社員(パートタイム),81,74.6,75.8,63.8,2025年1月1日～2025年12月31日,,2025年12月時点,2026年05月01日
6758,5010401067252,ソニーグループ株式会社,22.2,対象正社員,正社員,22.2,,,,,,,,,100,全体,63.7,,,,,,,,,82.8,83.4,66.9,2025年4月1日～2026年3月31日,"【付記事項】
対象期間：2025年度（2025年4月1日～2026年3月31日）
賃金：基本給、超過労働に対する報酬、賞与等を含み、退職手当、通勤手当等を除く
正規雇用労働者：短時間勤務者を含み、社外からの出向受入社員、海外からの赴任者、対象期間中に満期で国内在籍していない社員（赴任、休職、入社、退社等）等を除く
パート・有期労働者：有期契約社員（定年再雇用社員を含む）、嘱託社員、パートタイムを含み、派遣社員を除く

【補足説明】
正規雇用労働者は男性約1,740名、女性約760名、パート・有期労働者は男性約140名、女性約40名となっている。
当社の人事制度においては、勤続年数や年齢によらず、役割の大きさに応じて処遇水準が決定されている。
等級別の男女の賃金の差異は、以下の通り。
マネジメント：103.2%、係長・リーダー級：96.6%、上級担当者級：99.3%、担当者級：102.1％

（2026年6月更新済）",2025年3月時点,2026年07月06日
E22559,3120001136159,サントリーホールディングス株式会社,,,,,,,,,,,,,,,,,,,,,,,,78.1,78.3,80.5,2025年1月1日～2025年12月31日,当社グループでは、同一の労働における賃金体系に差異はありませんが、男女間における平均年齢、在籍年数の違いにより差異が生じています。今後も多様な人材、多様な価値観を積極的に取り入れ、新たな価値を絶えず創造していくことを目指し、男女問わず安心してイキイキと働くことができる環境整備や、女性活躍推進の取組を進めていきます。,2025年12月時点,2026年04月27日
4716,4010401078085,日本オラクル株式会社,,,,,,,,,,,,,,,,,,,,,,,,71,70.9,91.5,2024年6月1日～2025年5月31日,,2025年5月時点,2025年09月17日
7177,9011001072077,GMOフィナンシャルホールディングス株式会社,,,,,,,,,,,,,,,,,,,,,,,,64.9,71.1,58,2025年1月1日～2025年12月31日,,2025年12月時点,2026年07月22日
4165,7010401096035,株式会社プレイド,,,,,,,,,,,,,,,,,,,,,,,,71.9,77.7,108.2,2024年10月1日～2025年9月30日,"賃金：通勤手当を除く
全労働者：当社から社外への出向者を含み、社外から当社への出向者を除く
非正規雇用労働者：契約社員・アルバイト",2025年9月時点,2025年12月25日
1965,3010401018661,㈱テクノ菱和,12.4,対象正社員,総合職,19.7,地域限定職,5,,,,,,,88.3,正社員,61,,,,,,,,,55.7,58.8,49.4,2025年4月1日～2026年3月31日,,2026年3月時点,2026年06月26日
4751,4011001034156,株式会社サイバーエージェント,,,,,,,,,,,,,,正社員,53.1,,,,,,,,,75.2,77.1,79.5,2024年10月1日～2025年9月30日,,2025年9月時点,2025年12月25日
4503,5010001034966,アステラス製薬株式会社,,,,,,,,,,,,,,,,,,,,,,,,76.9,77.5,59.6,2025年4月1日～2026年3月31日,"・管理職以上、特に高い職務グレードに就いている割合が、まだ男性の方が高いことが要因である。
・人事制度は職務給制度に一本化しており、同等の職務レベルであれば男女で賃金格差が生じることはない。
・育児休業の取得期間や短時間勤務を取得している割合が女性の方が多いことも一因である。育児休業については男性の育児休業取得も推進しており、2025年度の男性の育児休業等取得率は83%であり、2030年度までに100%にすることを目標としている。
・以前から女性活躍のための教育、制度・意識改革、また働きやすい環境づくりに取り組んでおり、女性の経営基幹職の人数も徐々に増加しているため、今後はこの格差は縮小してくるものと考えている。
・一般事業主行動計画において、女性の経営基幹職比率を2030年度までに35%にすること目標に掲げており、さらに取り組みを加速させている。",2026年3月時点,2026年07月21日
1662,3010001108219,石油資源開発株式会社,16.5,対象正社員,総合職（事務）,14.1,総合職（技術）,15.5,技能職,20.8,嘱託,6.2,契約,7.8,,全従業員,81.7,,,,,,,,,69.6,69.7,57.8,2025年4月1日～2026年3月31日,"対象期間：2025事業年度（2025年4月1日から2026年3月31日まで）
賃金：基本給、超過労働に対する給与等諸手当、賞与を含み、退職手当、通勤手当等は含まない。
正規雇用労働者：社員および雇用期間の定めのない契約社員
非正規雇用労働者：嘱託、パートタイマーおよび雇用期間の定めのある契約社員（派遣社員・他社からの出向者は除く）
　※ 他社への出向者を含む。
　※ パートタイマーについては、フルタイム労働者の所定労働時間（7時間35分/日）をもとに人数の換算を行っている。
差異に関する説明：
女性社員における管理職の人数比率が低いことが、男女間の平均賃金に差を生む一因となっている。
引き続き管理職における女性比率を向上させるべく計画的に推進する。",2026年3月時点,2026年07月01日
3288,5011001028165,株式会社オープンハウスグループ,,,,,,,,,,,,,,,,,,,,,,,,50,49.2,55.4,2024年10月1日～2025年9月30日,,2024年9月時点,2026年02月16日
5020,9010001131743,ＥＮＥＯＳホールディングス株式会社,17.2,対象正社員,正社員,17.2,,,,,,,,,,正社員,92.8,,,,,,,,,76.6,76.4,38.6,2025年4月1日～2026年3月31日,※「男女の賃金差異」は出向元のENEOS株式会社で算出,2025年3月時点,2026年07月17日
7936,8140001005877,株式会社アシックス,,,,,,,,,,,,,,,,,,,,,,,,83.4,79.8,107.7,2025年1月1日～2025年12月31日,,2026年1月時点,2026年04月09日
4502,2120001077461,武田薬品工業株式会社,18,その他,社員,18.6,契約社員,11.2,,,,,,,,正社員,71.3,,,,,,,,,79.3,83.3,50.8,2025年4月1日～2026年3月31日,,2026年3月時点,2026年06月26日
8923,8010401064940,トーセイ株式会社,23.4,対象正社員,,,,,,,,,,,65.5,,,,,,,,,,,72,73.5,55.1,2024年12月1日～2025年11月30日,"※1　年間平均賃金において、男性を100とした場合の女性の割合
※2　対象期間：2025事業年度（2024年12月1日から2025年11月30日まで）
※3　賃金　　：固定給、超過労働に対する報酬、賞与等を含み、退職手当、通勤手当等を除く。
※4　正社員　：出向者、執行役員は除く。
※5　有期社員：派遣社員、契約型執行役員は除く。",2025年11月時点,2026年05月08日
1820,8010401021454,西松建設株式会社,14.9,対象正社員,土木事業,19.9,建築事業,23.9,開発・不動産事業,7.7,コーポレート,12,一般職,4.6,,総合職,54,一般職,73.6,,,,,,,57.4,67.7,77.4,2025年4月1日～2026年3月31日,2015年度以降に女性総合職の新卒採用を拡大しており、勤続年数が相対的に短いことから、現時点では高位の役職に就く女性が少なく、男女間の賃金差が生じている。,2026年4月時点,2026年04月28日
9934,1120001041352,因幡電機産業株式会社,13.3,基幹的な職種,,,,,,,,,,,,全従業員,64.5,,,,,,,,,56.9,57.9,62.3,2024年4月1日～2025年3月31日,,2024年6月時点,2025年12月22日
1942,9010401006818,株式会社　関電工,27.3,対象正社員,正社員,27.3,,,,,,,,,,正社員,72.8,,,,,,,,,81.1,81.8,75.9,2025年4月1日～2026年3月31日,,2026年3月時点,2026年05月12日
1944,1120001063033,株式会社きんでん,,,,,,,,,,,,,,,,,,,,,,,,62.9,65.8,50.4,2025年4月1日～2026年3月31日,男女の賃金の差異については、同じ職群・役割であれば男女で賃金の差は設けていないが、給与の高い職群における男性比率が高いことによるもの。,2026年3月時点,2026年04月15日
4443,4010001120965,Sansan株式会社,,,,,,,,,,,,,,社員,69.4,,,,,,,,,51.5,84.5,57.7,2024年6月1日～2025年5月31日,,2025年5月時点,2025年09月10日
4418,6010001193638,株式会社JDSC,,,コーポレート（正社員）,12,コーポレート以外（正社員）,12.2,アルバイト・パート,0.8,,,,,,,,,,,,,,,,,,,,,2024年6月時点,2025年10月07日
1803,1010401013565,清水建設株式会社,23.7,その他,全国型正社員,27,地域限定型正社員,20.3,有期雇用社員,4.7,,,,,,全従業員,65.3,うち全国型正社員,62.5,うち地域限定型正社員,69.4,,,,,64.2,64.2,59.9,2025年4月1日～2026年3月31日,労働者の男女の賃金の差異については、職種や等級別の人員構成などによるものであり、適用する給与体系に男女の差異はありません。,2025年8月時点,2026年07月22日
3636,6010001030403,株式会社三菱総合研究所,8.5,対象正社員,正社員_フレックスタイム制,8.5,定年後再雇用社員（有期雇用）_フレックスタイム制,3.5,契約社員（有期雇用）_フレックスタイム制,0.8,,,,,,正社員,55.3,,,,,,,,,82.9,83.2,67.1,2024年10月1日～2025年9月30日,"・ダイバーシティ・エクイティ&インクルージョンの一環として女性の採用を積極的に進めているものの若年層が多いため、正規雇用労働者全体の賃金差異が区分別よりも大きくなっている
・ダイバーシティ・エクイティ&インクルージョンの観点から障害者雇用も積極的に推進しており、障害特性に応じ短時間勤務等を希望する社員を契約社員として雇用していることから、非正規労働者の男女の賃金の差異が一時的に大きくなっている",2025年9月時点,2025年11月17日
5444,8140001059873,大和工業株式会社,25.4,基幹的な職種,LE社員,19.2,GE社員,7,PE社員,34.2,契約社員,11.5,,,76.1,ME社員,50,LE社員,74.9,GE社員,68.4,PE社員,80.9,契約社員,90.9,61.7,64.3,52.3,2025年4月1日～2026年3月31日,"（注1）本項目については、大和工業単体の賃金差異を公表しております。

（注2）非正規雇用労働者については、再雇用社員、契約社員、パートタイマー等を含み、派遣社員を除いております。非正規雇用労働者における女性は、就業時間の短いパートタイマーを含むため、賃金差異が生じております。",2026年4月時点,2026年06月10日
8697,9120001098575,株式会社日本取引所グループ,10.3,その他,GS/DS職,13.2,SS職,1.7,,,,,,,68,,,,,,,,,,,67.6,70.1,63.2,2025年4月1日～2026年3月31日,"当社及び中核子会社における、2025年度の男女の賃金の差異は上記のとおりです。当社グループでは、社員の基本的な役割や将来期待、ライフスタイルの多様化等を踏まえ、スタッフ職内にGSコース、DSコース、SSコースの３つのコースを設けています。賃金については、性別に関係なく同一の基準を適用しておりますが、役割が異なり、また給与体系が異なるSSコースの女性割合が高いことなどから、女性の方が賃金が低くなっております。
GSコース：当社グループの事業強化に資する業務に取り組み、様々な業務分野を経験し、幅広い知識や高度な専門性を身につけ活躍することを期待
DSコース：業務分野を取引システムの開発を始めとするデジタル・ネットワーク分野に特定し、高い専門性を発揮することで、事業の多角化やサービスの高度化等を推進することを期待
SSコース：当社グループの安定的な業務運営を支える業務に取り組み、専門性を身につけ、一般事務や専門的事務の実務の中心を担うことを期待",2026年3月時点,2026年08月10日
7735,6130001003272,株式会社SCREENホールディングス,3.3,基幹的な職種,総合コース,3.3,事務コース,0.8,,,,,,,,総合コース,89,事務コース,87.7,,,,,,,75.7,74.3,128.1,2024年4月1日～2025年3月31日,"制度上の賃金格差はありませんが、男女の年齢構成の違いおよび女性の管理職比率が主な差異理由です。

グループ会社の実績は以下のとおり。
（①全労働者　②うち正規雇用労働者　③うち非正規雇用労働者）
・SCREENセミコンダクターソリューションズ：①73.8%　②76.1%　③40.3%
・SCREENグラフィックソリューションズ：①76.2%　②76.1%　③女性該当者なし
・SCREENファインテックソリューションズ：①62.1%　②60.4%　③70.5%
・SCREEN PEソリューションズ：①68.3%　②68.1%　③女性該当者なし
・SCREENアドバンストシステムソリューションズ：①68.3%　②68.3% ③該当者なし
・SCREEN IPソリューションズ：①63.7%　②63.7%　③該当者なし",2025年3月時点,2026年01月14日
4792,8010001136859,山田コンサルティンググループ株式会社,,,,,,,,,,,,,,,,,,,,,,,,50.9,49.8,58.4,2025年4月1日～2026年3月31日,"「女性の職業生活における活躍の推進に関する法律」（平成27年法律第64号）の規定に基づき算出したものであります。

対象期間：　令和７事業年度（令和７年４月から令和８年３月まで） 
賃金：　　基本給、時間外手当、他諸手当、賞与等を含み、通勤手当等を除く
正社員：　　委任型執行役員・雇用型執行役員・当社からの出向者を含む、他社から当社への出向者は含まず
パート・有期社員：　パートタイマー、嘱託社員、アルバイト(内定者を含む)を含む、派遣社員は除く
※産休育休期間、休職期間に給与不支給の場合は、その月の人員数から除く
※男女の賃金差異は、50.9％となっております。当社は賃金制度・体系において性別による差異はありませんので、この差異は給与の高い職位の従業員において男性比率が高いこと、育児等による時短勤務の利用によって給与を減額している従業員において女性比率が高いためであります。（女性従業員のうち、時短勤務者68名　2026年３月期）。",2026年3月時点,2026年08月12日
3962,4011001048627,株式会社チェンジホールディングス,4.8,対象正社員,,,,,,,,,,,61.8,,,,,,,,,,,,,,,,2026年3月時点,2026年07月17日
1833,7120001004931,株式会社　奥村組,9.5,その他,全国職,11.3,地域職,6.6,シニア職,5.1,店社員（無期）,4.4,店社員,4.9,,正社員,53.6,,,,,,,,,59.8,67.4,63.7,2025年4月1日～2026年3月31日,労働者の男女の賃金の差異については、当社の賃金制度上、職位・等級・職務内容に基づき処遇を決定しており、同一の等級・職位において性別による賃金差はありません。平均賃金に差異が生じている主な要因は、従業員構成（年齢・等級構成）の違いによるものです。建設業は従来男性比率が高い業種であるなか、当社は女性活躍推進の一環として近年女性の新卒採用を強化し、その結果、女性従業員は20歳代が全女性従業員の約４割を占めるなど若年層に多く分布しています。一方、男性従業員は30歳以上が全男性従業員の約８割を占めており、賃金水準が上昇する中堅層・管理職層の女性割合が相対的に低い構成となっていることが、平均賃金差に影響しています。当社は、中期経営計画（2025～2027年度）において、女性をはじめ多様な人材が個々の能力を最大限に発揮し、すべての社員が生き生きと活躍できる職場環境の実現を掲げています。引き続き、女性の採用・育成・登用の強化、男女育休100％取得を目指した啓発活動、育児・介護と仕事の両立支援制度の拡充等に取り組むことにより、男女間賃金差異の縮小に努めてまいります。,2026年4月時点,2026年06月24日
4626,3011601003833,太陽ホールディングス株式会社,,,全体,22,,,,,,,,,,,,,,,,,,,,75.5,75.1,,2025年4月1日～2026年3月31日,男女いずれかが5名に満たない区分は、数値に偏りが生じ開示の趣旨に沿わないと判断されるため非開示とします。,2026年3月時点,2026年07月27日
4523,6010001000001,エーザイ株式会社,19.6,対象正社員,営業,0,研究開発,7.6,生産,23.4,本社管理,17.7,嘱託有期,18.1,,正社員,68.4,嘱託,104.2,アルバイト,101,,,,,74.1,75.7,76.7,2025年4月1日～2026年3月31日,"「女性の職業生活における活躍の推進に関する法律」（平成27年法律第64号）の規定に基づき算出したものです。労働者数には、当社から社外への出向者を除き、社外から当社への出向者を含めています。
男性の賃金に対する女性の賃金の割合を示しています。尚、同一労働の賃金に差はなく、等級別人数構成の差によるものです。非正規労働者は、当社が直接雇用する常勤アルバイト・嘱託を対象としています。",2026年3月時点,2026年07月13日
1720,9011001040166,東急建設株式会社,,,情報・事務系,1.9,情報・事務系　再雇用有期契約,0.1,土木系,12.1,土木系　再雇用有期契約,0,,,,正社員,100,,,,,,,,,65.6,67.7,72.1,2025年4月1日～2026年3月31日,制度上の男女の差はなく、男女間の賃金差が生じている要因は、近年、一定数の女性労働者を採用していることで女性労働者内の若年層の割合が増加し、女性労働者全体の平均賃金を引き下げていることにあります。,2025年4月時点,2026年07月17日
3176,2010001017016,三洋貿易株式会社,,,,,,,,,,,,,,,,,,,,,,,,61.7,62.7,41.8,2024年10月1日～2025年9月30日,弊社では正規雇用労働者のうち、職種として「総合職」と「業務職」を設けており、それぞれ担う役割や求められる職務内容が異なることから、賃金体系も職種ごとに設定しております。現在、業務職は全員女性で構成されているため、男女別に平均賃金を算出した場合、職種構成の違いが反映され、男女間の賃金差が大きくなっているものと推測いたします。なお、同一職種内においては、性別による賃金差はありません。,2025年9月時点,2026年04月30日
8014,3120001077485,蝶理株式会社,15.7,対象正社員,,,,,,,,,,,,正社員,60.3,,,,,,,,,64.3,65.6,82,2025年4月1日～2026年3月31日,"１.「女性の職業生活における活躍の推進に関する法律」（平成27年法律第64条）の規定に基づき算出したものであります。
２．男女間の賃金の差異は、同一の職種等級間において男女の賃金に差はなく、職種等級の人数構成の差によるものです。",2025年3月時点,2026年07月16日
7011,8010401050387,三菱重工業株式会社,27.4,対象正社員,,,,,,,,,,,,正社員,78.6,,,,,,,,,74.9,80,60.6,2025年4月1日～2026年3月31日,算出には他社への出向者を含む。「全労働者」及び「非正規雇用労働者」の人員数について労働時間を基に換算して算出している。,2026年3月時点,2026年08月21日
9201,7010701007666,日本航空株式会社,11.3,基幹的な職種,業務企画職（地上職）,11.3,運航乗務職,2.3,客室乗務職,1.4,整備技術職,3.7,,,,業務企画職,82.3,,,,,,,,,49.6,48.7,44.4,2025年4月1日～2026年3月31日,"男女の賃金差異は、職種別の単価の差や勤続年数の差、男女構成比の偏りの影響を受けている。（職種別の詳細は以下の通り。）
男女賃金差異を縮小するため、ライフイベントとの両立支援や職種ごとの男女構成比の偏りに着目した取り組みを進め、誰もが自律的にキャリア実現できる環境を整えていく。

・地上社員正社員の男女賃金差異 78.5%
　※平均勤続年数：男性22.6年、女性10.1年
　※人数比：　男性76.9%、女性23.1%

・運航乗務員正社員の男女賃金差異 51.0%
　※平均勤続年数：男性19.0年、女性6.7年
　※人数比：　男性97.7%、女性2.3%

・客室乗務員正社員の男女賃金差異 130.4%
　※平均勤続年数：男性3.9年、女性11.9年
　※人数比：　男性2.1%、女性97.9%

※部分就労の労働者については、フルタイム労働者の所定労働時間で換算した人員数を基に平均年間賃金を算出。",2026年3月時点,2026年07月29日
1860,6010001034874,戸田建設株式会社,11,対象正社員,総合職（技術系）,15.6,総合職（事務系）,6.1,エリア総合職（技術系）,10.1,エリア総合職（事務系）,3.4,特定職（技術系）,9.5,66.2,,,,,,,,,,,66.6,67.4,76.7,2025年4月1日～2026年3月31日,"【除外されている労働者】
年度中途採用者、給与支払の無い休職者

【賃金の範囲】
基本給、賞与、諸手当（残業手当、役職手当等）を含む総支払額

【差異の主な要因】
管理職比率や年齢構成などの構造的要因により、平均賃金の差異が生じている。
同一役職における男女間の賃金格差はないため、女性管理職の登用推進を通じて、この差異を是正していく。",2026年3月時点,2026年07月22日
8593,4010001049866,三菱HCキャピタル株式会社,13.3,対象正社員,総合職,15.9,ビジネスプロフェッショナル職,6.7,ビジネスアソシエイト職,0,月俸嘱託,7.5,,,,総合職,75,ビジネスプロフェッショナル職,76.8,ビジネスアソシエイト職,93.2,月俸嘱託,90.7,,,68.1,66.3,65.5,2025年4月1日～2026年3月31日,賃金は、職務、ポストに応じて同一の基準を適用しています。同一職務、同一ポストにおける男女の賃金に差異はありません。職種別採用や就業継続年数などにより男女の平均賃金に差異が生じています。引き続き、女性の長期就業の促進、女性のキャリア形成に対する支援や積極的な登用を図っていきます。,2026年3月時点,2026年06月02日
141A,9290001071458,株式会社トライアルホールディングス,,,正社員,10,,,,,,,,,,,,,,,,,,,,,,,,,2025年6月時点,2025年12月15日
4528,7120001077374,小野薬品工業株式会社,21.9,対象正社員,,,,,,,,,,,72.7,全社員,72.7,,,,,,,,,73.6,73.1,79.7,2025年4月1日～2026年3月31日,"※当社では同一職位において男女間の賃金に差異はありません。男女間賃金差異は、「女性管理職比率が改善してきてはいるものの9.1%にとどまっていること、管理職クラスの中途採用では男性の比率が高いこと、総合職の女性の平均年齢が男性に対し7.1歳若いこと」等により生じております。改善に向けて、女性管理職の登用拡大に向けた取り組み等、複数の対応を積極的に進めております。

※なお、直近の男女賃金差異の情報公表に関する解説資料および関連Q&Aの明確化を踏まえ、2026年度更新分より休職や欠勤、退職等により、1ヵ月以上給与支給がなかった労働者を対象から除外して算出しております。",2026年3月時点,2026年06月19日
6379,3020001017402,レイズネクスト株式会社,13,対象正社員,,,,,,,,,,,86.3,,,,,,,,,,,71.1,73.6,54.7,2025年4月1日～2026年3月31日,,2026年6月時点,2026年07月06日
4839,7010401022214,株式会社ＷＯＷＯＷ,,,,,,,,,,,,,,,,,,,,,,,,87.5,85.2,120.4,2025年4月1日～2026年3月31日,,2026年3月時点,2026年06月24日
1835,6011101014147,東鉄工業株式会社,22.8,その他,社員（技術職）,27,社員（事務職）,14.9,地域限定社員（技術職）,24.9,地域限定社員（事務職）,7.1,契約社員（有期雇用）,16.6,,全従業員　男性,67.3,全従業員　女性,76.5,,,,,,,64.7,70,56.7,2025年4月1日～2026年3月31日,"2025年度の平均年間賃金の差違です。有期雇用労働者は、65歳以降の継続雇用社員、契約社員ほか正社員以外の区分者です。なお、出向社員（受入）は含んでおりません。賃金に、通勤手当等は含んでおりません。
＜女性労働者の特性＞
①女性管理職の割合が低い
②現場手当等、各種手当が多い現場技術者の割合が低いこと",2026年4月時点,2026年08月21日
5574,5011001091576,株式会社ＡＢＥＪＡ,,,,,,,,,,,,,,,,,,,,,,,,57.9,78.3,216.9,2024年9月1日～2025年8月31日,,2026年4月時点,2026年04月03日
3475,5011101047222,株式会社グッドコムアセット,,,,,,,,,,,,,,,,,,,,,,,,57,55,36.4,2024年11月1日～2025年10月31日,,2025年10月時点,2026年04月16日
3993,5011101064787,株式会社ＰＫＳＨＡ　Ｔｅｃｈｎｏｌｏｇｙ,,,,,,,,,,,,,,,,,,,,,,,,67,73.1,200.3,2024年10月1日～2025年9月30日,"対象期間： 令和6年度（2024年10月1日～2025年9月30日）
 賃金： 基本給、賞与、超過労働に対する報酬等を含み、通勤手当等を除く。 

＜人員数の算定方法について＞ 
期間中に産前産後休業・育児休業等により賃金の支払額が0円となった月がある労働者については、当該月を人員数から除外して算出している（勤務期間に応じた換算）。 

パートタイム労働者等の短時間勤務者については、正規雇用労働者の所定労働時間を基準として人員数を換算している。 

＜男女の賃金の差異についての補足説明 ＞
正社員： 男性労働者において相対的に等級（Grade）が高い者が多いため、平均賃金に差異が生じている。 
非正規社員： 男性は最低賃金近傍の短時間労働者が主であること、および期間中に稼働がなく退職した者が人員数に含まれたことにより平均賃金が低く算出されている。一方で、女性は専門スキルを要する高単価の時給者が含まれるため、女性の平均賃金が男性を大幅に上回る結果となっている。",2025年10月時点,2026年01月05日
1885,3011101055078,東亜建設工業株式会社,15,対象正社員,総合職（土木）,18.2,総合職（建築）,22.3,総合職（機械）,12.9,総合職（電気）,17.8,総合職（事務）,8.8,,,,,,,,,,,,54.9,57.5,46.2,2024年4月1日～2025年3月31日,"男女の賃金の差異については、正規雇用従業員を職階別に分析したものが以下の表となります。本分析における賃金は基本給および賞与総支給額の年間支給額（ベース平均給与）としており、時間外手当等の各種手当は含まれておりません。これは時間外手当等の各種手当を除くことで、男女の賃金差異の主要因を把握することを目的としております。

　<正規雇用従業員の賃金差異分析＞
　幹部職　（男性）556人　（女性）  2人　（男女の賃金差異）98.3％
　準幹部職（男性）297人　（女性）  9人　（男女の賃金差異）93.0％
　監督職　（男性）217人　（女性） 20人　（男女の賃金差異）92.2％
　一般職　（男性）335人　（女性） 62人　（男女の賃金差異）98.0％
　実務職　（男性）  0人　（女性） 29人　（男女の賃金差異）　　-　

当社は、従業員数1,979名のうち81.5%を占める正規雇用従業員について、職務遂行能力等を元にした雇用管理制を採用しており、職階制度に基づいて処遇を決定しております。職階別のベース平均給与賃金割合は女性の方が90%台であるのに対し、正規雇用労働者全体の賃金割合は57.5%となっております。この原因として、男性従業員のうち幹部職および準幹部職の割合は60.6%であるのに対し、女性従業員は6.1%と低いことが挙げられます。 

一方、パート・有期雇用従業員については、臨時雇用や継続再雇用、パート・アルバイト社員、特別社員から構成されております。これらの従業員は、多様な働き方に対応するために個別に労働契約を締結しており、職掌、職種、勤務体系などが異なっております。なお、男女の賃金の差異が生じている大きな要因としては、継続再雇用者の男女の賃金の差異が大きいことが挙げられます。継続再雇用は、定年を迎えた社員と再雇用契約したものであり、その処遇は定年時の月額給与等を基に決定しております。継続再雇用に含まれる女性の多くは一般職であったことから、相対的に低い割合となっております。",2025年9月時点,2026年06月30日
1811,5120001049004,株式会社　錢高組,26.4,基幹的な職種,正社員（総合職）,26.4,正社員（一般職）,4,期間契約従業員,15.3,時間契約従業員,7.4,,,,正社員,57.6,,,,,,,,,56.4,60.4,47.9,2025年4月1日～2026年3月31日,,2026年3月時点,2026年07月16日
8088,8120001077357,岩谷産業株式会社,17.1,対象正社員,,,,,,,,,,,,正社員,55,正社員※夏季休暇含む,61.7,,,,,,,55,54.9,54.5,2025年4月1日～2026年3月31日,,2026年3月時点,2026年07月27日
9697,3120001077023,株式会社カプコン,10.4,基幹的な職種,正社員,11.9,契約社員,6.8,パート,1,嘱託,5.9,,,86,,,,,,,,,,,62.6,81.3,65.3,2025年4月1日～2026年3月31日,,2026年3月時点,2026年07月08日
4568,1010001095640,第一三共株式会社,17.4,対象正社員,正社員,17.4,,,,,,,,,,正社員,88,,,,,,,,,78.2,76.8,81.8,2025年4月1日～2026年3月31日,"男女平均年間賃金の差異は、人事制度上の問題ではなく従業員の年齢構成や世帯状況などによる背景が影響
しております。具体的には、次のとおりであります。
・男女の年齢構成の違い：高年齢層ほど男性従業員比率が高く、その結果上位等級に占める男性比率が高く
なる傾向にあること。
・男女の諸手当受給状況の違い：女性従業員の各種諸手当（住宅手当・こども手当など）の受給割合が概ね
低い（世帯主・家族扶養などの条件に適合しない）こと。
今後の人事諸施策において、更なる是正に向け取り組んで参ります。",2025年4月時点,2026年07月22日
7380,7200001039259,株式会社十六フィナンシャルグループ,,,,,,,,,,,,,,全社員,63.3,,,,,,,,,53,74.1,60.1,2025年4月1日～2026年3月31日,,2026年3月時点,2026年08月24日
1719,2010401051696,株式会社 安藤・間,9.8,対象正社員,土木系総合職,14.6,建築系総合職,12.2,建築系地域総合職,10.2,建築系地域職,3,事務系総合職,5.7,57.8,,,,,,,,,,,52.8,61.4,36.3,2025年4月1日～2026年3月31日,,2026年3月時点,2026年06月24日
7500,1010401021428,西川計測株式会社,,,,,,,,,,,,,,正社員,66.9,,,,,,,,,66,64.2,64.4,2024年7月1日～2025年6月30日,,2025年6月時点,2025年09月30日
7867,8011801003488,株式会社タカラトミー,,,専門職・管理職補佐職・基幹職,17.9,アシスタント職,4.1,嘱託社員（無期）,12.5,契約社員（有期）,13.4,パート社員,1.3,,,,,,,,,,,,71.7,74.7,53.7,2025年4月1日～2026年3月31日,「女性の職業生活における活躍の推進に関する法律」（2015年法律第64号）の規定に基づき算出したものであります。当社における賃金は、役割及び等級に基づいて決定しており、性別により賃金決定が異なることはありません。正規雇用労働者区分において男女間の差異が生じている要因は、上位等級における男性労働者の構成比が相対的に高いことによるものです。なお、同一等級内における賃金水準の男女差は限定的であり、人事制度上、性別を理由とした不利益な取扱いを行っておりません。当社は、2027年３月期までに「公平な人事評価制度によるグループ女性管理職比率30％」の達成を目標として掲げ、従業員がアソビづくりに夢中になれる職場環境の整備を推進してまいります。,2026年3月時点,2026年06月30日
3092,4040001010503,株式会社ZOZO,12.5,対象正社員,正社員,12.5,,,,,,,,,,正社員,83.1,,,,,,,,,52.2,79,89.5,2025年4月1日～2026年3月31日,,2026年3月時点,2026年08月04日
1815,2010001008709,鉄建建設株式会社,10.6,基幹的な職種,総合職（技術職）,13.5,総合職（事務職）,8.5,地域総合職（技術職）,11.1,地域総合職（事務職）,2.8,契約社員,3.6,,,,,,,,,,,,68.8,71.6,70.9,2025年4月1日～2026年3月31日,"・同一等級における男女の賃金差異および昇格昇進の差異はない。ただし、総合職として本格的に女性の新卒採用を開始したのは2014年頃からであり、現状、女性総合職のほとんどが35歳以下である。給与体系は40代半ばまでは年齢断面に沿ったものであることから差異が生じているが、今後の採用及び経年により差異は解消される方向にある。
・正規労働者と非正規労働者との差異の要因として、非正規労働者には炊事係や短時間労働者が含まれていることがあげられる。",2026年4月時点,2026年06月26日
7203,1180301018771,トヨタ自動車株式会社,20.3,対象正社員,,,,,,,,,,,,対象労働者,90.4,,,,,,,,,67,66.8,59.7,2025年4月1日～2026年3月31日,"計算の前提

・労働者
　正規雇用労働者のうち、当社から社外への出向者および他社から当社への出向者は除く

・賃金
　法定内外福利費、退職金、年金関係費は除く",2026年3月時点,2026年06月26日
9432,7010001065142,NTT株式会社,,,正社員,7,,,,,,,,,76,正社員,76,,,,,,,,,79.1,78.5,79.8,2025年4月1日～2026年3月31日,2025年度実績,2026年3月時点,2026年06月22日
7148,3010001086522,株式会社ＦＰＧ,,,,,,,,,,,,,,,,,,,,,,,,56.1,57.3,27.1,2024年10月1日～2025年9月30日,"管理職に占める女性労働者の割合及び労働者の男女の賃金の差異については、「女性の職業生活における活躍の推進に関する法律」（平成27年法律第64号）の規定に基づき算出したものです。

男女の賃金の差異については、当社では同一雇用形態において男女の賃金に差を設けていないため、主に等級別の人員構成の差によるものです。
当社では、女性従業員に対して管理職や職責の大きい業務への挑戦を促すことや、全従業員を対象とした育児や介護との両立支援策の拡充及び利用促進などに取り組み、男女賃金差異の解消を進めてまいります。",2025年11月時点,2025年12月05日
2802,8010001034740,味の素株式会社,10.1,その他,基幹職男性,15.5,基幹職女性,12.9,一般職男性,9.6,一般職女性,4.8,,,,正社員,78,,,,,,,,,70.1,72.5,65.8,2024年4月1日～2025年3月31日,労働者の賃金について、人事制度は一本化されており、同等職務レベルであれば男女の賃金は同一である。なお、労働者の男女の賃金の差異は、主に男女の管理職比率の差によるもの。,2025年3月時点,2025年10月14日
1964,2120001049015,中外炉工業株式会社,24.7,対象正社員,,,,,,,,,,,70.1,,,,,,,,,,,61.3,61,,2025年4月1日～2026年3月31日,,2026年4月時点,2026年08月20日
6857,9011601000379,株式会社アドバンテスト,21.2,対象正社員,技術（無期）,26,技術（有期）,16.1,事務（無期）,24.2,事務（有期）,14.5,技能（無期）,22.1,,正社員,81.2,,,,,,,,,72.2,74.1,55.9,2025年4月1日～2026年3月31日,"2025年度実績

(1)「女性の職業生活における活躍の推進に関する法律」(平成27年法律第64号)の規定に基づき算出したものであります。
(2)提出会社からの出向者を含み、提出会社への出向者を含んでおりません。
2.(1)「育児休業、介護休業等育児又は家族介護を行う労働者の福祉に関する法律」(平成3年法律第76号)の規定に基づき、「育児休業、介護休業等育児又は家族介護を行う労働者の福祉に関する法律施行規則」(平成3年労働省令第25号)第71条の6第1号における育児休業等の取得割合を算出したものであります。
(2)提出会社からの出向者を含み、提出会社への出向者を含んでおりません。
(3)子供の出生時に最大5日間取得できる特別有給休暇取得者は含んでおりません。
(参考)2025年度の男性社員の育児休職又は特別有給休暇の取得率:80%
2025年度の男性社員の育児休職取得者の平均取得期間:53日
3.(1)「女性の職業生活における活躍の推進に関する法律」(平成27年法律第64号)の規定に基づき算出したものであります。
(2)「正規雇用労働者」とは、正規雇用の従業員であります。
(3)「非正規雇用労働者」とは、嘱託(有期、無期)及びパート・アルバイトであります。
(4)「全労働者」とは、正規雇用労働者及び非正規雇用労働者であります。
(5)男女の賃金の差異における労働者には、以下を含んでおりません。
・取締役(社外取締役含む)
・執行役員
・提出会社への出向者
・提出会社からの出向者
(6)男女の賃金の差異における賃金は、手当等を含んだ給与の総支給額及び賞与支給額で算出しております。
(7)男女の賃金の差異(%)＝女性の平均年間賃金÷男性の平均年間賃金×100として算出しております。
(8)男女の賃金の差異が生じている背景として、正規雇用労働者においては管理職中の女性比率が全労働者中の女性比率と比べて低いこと、育児短時間勤務を選択する労働者に女性が多いこと、非正規雇用労働者においては定年後に再雇用された労働者の賃金が定年時の賃金に準じていることにより、正規雇用労働者の賃金の差異の影響を受けていることなどがあります。
4.当社グループの女性管理職比率を含む人的資本に関するその他の指標は、「第2 事業の状況 2.サステナビリティに関する考え方及び取組 (1)サステナビリティ全般 ⑤指標及び目標」に記載しております。

　取り組みの詳細については、当社グループホームページに掲載している統合報告書及びサステナビリティレポートをご参照ください。
　　統合報告書(https://www.advantest.com/ja/about/annual.html)
　　サステナビリティレポート(https://www.advantest.com/ja/sustainability/report/)",2026年3月時点,2026年07月23日
1723,1010601021483,日本電技株式会社,23,対象正社員,正社員（事務職）,8,正社員（技術職）,27,,,,,,,,正社員（技術職）,80.1,正社員（事務職）,85.3,,,,,,,61.4,70.5,59.5,2025年4月1日～2026年3月31日,,2026年3月時点,2026年06月25日
8591,8010401006942,オリックス株式会社,6.2,対象正社員,総合職,6.7,一般職,1.5,その他,1.5,,,,,,正社員,81.5,,,,,,,,,64.2,63.6,78.6,2025年4月1日～2026年3月31日,"男女の賃金の差異は、男性社員の年間平均賃金に対する女性社員の年間平均賃金の割合を示しています。なお、出向者については、他社から対象会社への受入出向者を含み、対象会社から他社への外部出向者を除いて集計しています。
 当社は、多様なバックグラウンドをもつ社員ひとりひとりが、最大限のパフォーマンスを発揮できるよう多様な働き方、職種を用意しており、その機会を提供することで、本人の望むキャリアの実現を支援しています。男女の賃金の差異にかかる主たる要因は、男女間における職種構成が大きく異なることが挙げられます。なお、同一職種等級、同じ役割・職務を担う場合、人事考課による増減を除き、同一賃金となる評価報酬制度であり、部長職の男女の賃金の差異は、94.9％です。オリックスグループでは女性管理職比率全体の向上をＥＳＧ関連の重要目標として定め、女性登用を推進しています。",2026年3月時点,2026年06月30日
8473,6010401045208,ＳＢＩホールディングス株式会社,16.6,その他,,,,,,,,,,,,,,,,,,,,,,63.3,68.9,51.3,2025年4月1日～2026年3月31日,"・正規雇用労働者は、正規雇用の従業員及び無期化した非正規雇用の従業員としています。
・非正規雇用労働者は、有期雇用社員である従業員（契約社員、シニア社員、パート）としています。",2026年3月時点,2026年06月30日
1893,1010001000006,五洋建設株式会社,15.7,対象正社員,総合職土木,16.8,総合職建築,18.8,総合職事務系,14.6,担当職,2.6,無期転換,1.8,,総合職,61.4,担当職,77.7,,,,,,,60.1,63.6,52.6,2025年4月1日～2026年3月31日,"雇用区分、平均年齢等の理由により差異が生じるものの、制度上男女間の差異はありません。
2017年から女性総合職の採用が増えているため、勤続年数が短く女性の給与水準が低い傾向にあります。",2026年3月時点,2026年06月24日
4507,9120001077430,塩野義製薬株式会社,12.7,対象正社員,,,,,,,,,,,63.2,正社員,66.7,,,,,,,,,80.6,79.6,89.1,2025年4月1日～2026年3月31日,,2026年3月時点,2026年07月15日
2914,4010401023000,日本たばこ産業株式会社,4.9,対象正社員,正社員,4.9,,,,,,,,,,正社員,87.2,,,,,,,,,75.9,75.8,103.1,2025年1月1日～2025年12月31日,,2025年12月時点,2026年08月12日
8098,4120001077360,稲畑産業株式会社,15.1,対象正社員,スタッフ職（総合職）,18.1,アシスタント職（一般職）,11.8,,,,,,,67.5,正社員,70.1,,,,,,,,,61.3,61.6,63.3,2025年4月1日～2026年3月31日,,2026年3月時点,2026年08月24日
4369,2090001008148,株式会社トリケミカル研究所,,,,,,,,,,,,,,,,,,,,,,,,73.6,87.5,94.3,2025年2月1日～2026年1月31日,,2026年1月時点,2026年07月17日
E34837,6010001167617,株式会社ＪＥＲＡ,23.1,対象正社員,,,,,,,,,,,73.6,正社員,73.6,,,,,,,,,77.6,75.9,122.2,2025年4月1日～2026年3月31日,"・労働者の属性（年齢・役職・評定等）を同じくする者の間において、男女間の賃金差異はなし。
・2022年度より開始した新卒採用 において、女性活躍推進の観点から女性採用を強化しており、相対的に賃金水準の低い女性労働者が増加傾向にあることから、引き続き同水準の賃金格差が継続する見込みである。（2025年度新卒採用者に占める女性の割合28.6%）",2026年3月時点,2026年07月31日
9602,3010001008708,東宝株式会社,12.8,その他,,,,,,,,,,,,正社員,52.8,契約社員・嘱託社員,57.7,,,,,,,77.3,81.6,52,2025年3月1日～2026年2月28日,,2026年2月時点,2026年05月28日
8075,5120001077442,神鋼商事㈱,8.9,対象正社員,,,,,,,,,,,,正社員,81.7,,,,,,,,,63.3,63.7,25.5,2025年4月1日～2026年3月31日,"女性に比べ男性の管理職比率が高いことが男女間賃金格差の要因となっております。
正社員総合職の男女の等級別人数は以下のとおりです。

管理職　　男性　209名　　女性　 10名
非管理職　男性　179名　　女性　 36名

正社員総合職の男女の基本給の差異は以下のとおりです
（総合職女性平均基本給/総合職男性平均基本給）。

管理職　　82.7%
非管理職　84.2%",2026年6月時点,2026年06月18日
6454,2010001057739,マックス株式会社,14.5,対象正社員,,,,,,,,,,,69.2,,,,,,,,,,,49.6,75,43,2025年4月1日～2026年3月31日,,2026年3月時点,2026年07月29日
1871,1010001008742,ピーエス・コンストラクション株式会社,10.8,対象正社員,正社員,10.8,,,,,,,,,,正社員,61.7,,,,,,,,,53.7,56.5,32.1,2025年4月1日～2026年3月31日,,2026年3月時点,2026年07月16日
8511,3010001034992,日本証券金融株式会社,11.6,対象正社員,,,,,,,,,,,79.3,,,,,,,,,,,59.8,60.6,78.5,2025年4月1日～2026年3月31日,"・労働者の男女の賃金の額の差異＝女性の平均年間賃金÷男性の平均年間賃金×100％として算出しています。
・当社では、当社では、かつてはライフイベントを機に女性が離職するケースが多かったことや採用コース別の人員構成の違いから、結果として管理職に占める女性の割合が低くなっており、そのことが男女間賃金差異の主な要因となっております。なお現在当社では、女性が継続して働きやすい制度・職場環境の整備を進めるとともに、各種研修制度等によるキャリア形成支援を行っております。また採用に占める女性比率の目標を40％に設定しております。これらの取組みを継続することにより、管理職に占める女性比率の向上に努めております。",2026年3月時点,2026年06月26日
E00265,1010001024087,東光電気工事株式会社,,,技術系総合職,32.1,事務系総合職,7.1,技術系有期雇用者（フルタイム）,14.5,事務系有期雇用者（フルタイム）,7.4,,,,技術系総合職,57.9,事務系総合職,64.3,,,,,,,61.9,62.2,57.9,2025年4月1日～2026年3月31日,人事制度上は性別の違いによる賃金差はありませんが、女性の時間外労働時間が男性の30.4%であることによる時間外労働に対する割増賃金の差異や、現場技術社員に占める女性労働者の割合が3.7%であることによる現場従事者のみに支給している手当の支給の差異が賃金差異の要因となっています。,2026年3月時点,2026年08月05日
7974,1130001011420,任天堂株式会社,,,,,,,,,,,,,,正社員・契約社員,85.8,,,,,,,,,72.7,73.6,84.2,2025年4月1日～2026年3月31日,"対象期間　　　　：令和７事業年度（令和７年４月１日から令和８年３月３１日まで）
賃金　　　　　　：基本給、超過労働に対する報酬、賞与等を含み、退職手当、通勤手当等を除く
正規雇用労働者　：出向者については、当社から社外への出向者、他社から当社への出向者どちらも除く
非正規雇用労働者：契約社員、嘱託、アルバイトを含み、派遣社員を除く

<差異についての補足説明>
男女の賃金の差異は、勤続年数や平均年齢の違いが主な要因であり、賃金や評価などの制度上の取り扱いに男女差はありません。",2026年3月時点,2026年06月19日
9622,7010001047784,株式会社スペース,,,従業員,32.8,,,,,,,,,,従業員,72.5,,,,,,,,,67.1,66.7,49.3,2025年1月1日～2025年12月31日,"＜正社員＞
現時点においては管理職・専門職における女性の割合が低いため。
一般事業主行動計画や中期経営計画において当該割合を目標値とし、対策していく。
＜パート・有期社員＞
女性よりも男性に相対的に賃金が高い嘱託社員が多いため、格差が生じていると考えられる。",2025年12月時点,2026年02月26日
E35230,2010701019377,楽天カード株式会社,11.9,対象正社員,総合職,15,一般職,10.3,有期雇用者（週5勤務）,3.2,有期雇用者（週4勤務以下）,0.6,,,,,,,,,,,,,,65.9,64.2,101.6,2025年1月1日～2025年12月31日,"正規労働者：他社からの受入出向者を除き、社外への出向差出者を含む
非正規労働者：契約社員、パートタイマーが該当
※当社では正規労働者のうち34%が一般職であり、かつ一般職における構成比として女性社員が多くを占めることが、男女の賃金の差異の主な要因となっています。
同一職種、および役割や職務を担う場合は、同一の評価報酬制度のため、仮に同じ評価を受けた場合は男女で差異は発生いたしません。",2025年12月時点,2026年05月28日
4733,6011101003926,株式会社オービックビジネスコンサルタント,23.1,対象正社員,,,,,,,,,,,,正社員,73.4,,,,,,,,,76.7,77.2,59.3,2025年4月1日～2026年3月31日,,2026年3月時点,2026年06月16日
1814,5120001083408,大末建設株式会社,31,基幹的な職種,総合職（外勤）,33,総合職（内勤）,5,臨時社員,19,ユーティリティ社員,6,,,,,,,,,,,,,,80,80,76,2025年4月1日～2026年3月31日,,2026年3月時点,2026年06月25日
3491,9011001093998,株式会社GA technologies,16.1,基幹的な職種,ビジネス職,16.1,技術職,6.3,契約社員,4.5,,,,,,,,,,,,,,,,50.8,60.9,81.8,2023年11月1日～2024年10月31日,,2024年10月時点,2025年09月10日
9433,9011101031552,KDDI株式会社,16.2,その他,総合職：事務・営業系,16.5,総合職：技術系,16.4,地域営業社員：事務・営業系,6.3,地域事務社員：事務・営業系,10.4,地域事務社員：技術系,12.9,,労働者,84,,,,,,,,,83.3,81.7,90.9,2025年4月1日～2026年3月31日,,2026年4月時点,2026年06月30日
6368,3010601025111,オルガノ株式会社,,,総合職,16.1,地域総合職,17.3,技能職,16.2,一般職,3.3,特定職,3.3,,管理職,48.2,地域管理職,48.4,総合職,66,地域総合職,60.3,一般職,81.1,77.2,81.3,66.2,2025年4月1日～2026年3月31日,"対象期間：2025年度
賃金：基本給、超過労働に対する報酬、賞与等を含み退職手当、通勤手当等を除く。 
正規雇用労働者：出向者については、当社から社外への出向者を除き、他社から当社への出向者を含む。
非正規雇用労働者：契約社員、嘱託社員を含み、パートタイマー、派遣社員を除く。

女性活躍推進の観点から、女性の新卒採用を強化しており、相対的に賃金水準の低い女性労働者が増加し、男女賃金格差が拡大する傾向にある。",2025年3月時点,2026年07月23日
8844,2010401094621,株式会社コスモスイニシア,11.6,対象正社員,総合職,19.6,プロ社員AP（無期）,6.4,プロ社員OP（無期）,7.9,プロ社員SP（無期）,15.9,SS社員（無期）,8.2,77.8,基幹的な職種,77.8,,,,,,,,,59.3,62.6,33.9,2025年4月1日～2026年3月31日,,2026年3月時点,2026年06月08日
E03816,3010401049814,株式会社ＳＢＩ証券,,,,,,,,,,,,,,,,,,,,,,,,64.4,71.3,50.2,2025年4月1日～2026年3月31日,,2026年3月時点,2026年06月30日
8424,3010001028689,芙蓉総合リース株式会社,18,対象正社員,総合職A,22,総合職B,16,業務職,5,,,,,92.3,,,,,,,,,,,71.3,69.1,79.8,2025年4月1日～2026年3月31日,"労働者の男女の賃金の差異について
・男性の平均年間賃金に対する女性の平均年間賃金の割合を示しております。
・パートタイマー等フルタイム以外の社員については、正規雇用労働者の所定労働時間で換算した人員数を基に平均年間賃金を算出しております。
・賃金には、本俸、賞与、時間外手当等を含んでいます（通勤手当、退職手当は除いています）。
・同一労働の賃金に差はなく、隔地間転勤の有無や総合職・業務職（一般職）等のコース、勤続年数、職務内容、人事評価により賃金差異が生じております。
・男女の賃金差異にかかる主たる要因は、正規労働者において賃金が相対的に高い隔地間転勤有りのコースや管理職の女性比率が低いこと、非正規労働者において管理職経験のある男性社員の嘱託再雇用者が多いことが挙げられます。また、女性社員の新卒採用を積極的に推進していることから、比較的賃金水準の低い若年層において女性の比率が増加したことも要因の一つです。",2026年3月時点,2026年07月15日
1911,4010001090011,住友林業株式会社,13.9,対象正社員,正社員,13.9,,,,,,,,,,正社員・有期雇用社員,72.1,,,,,,,,,51.6,68,62.1,2025年1月1日～2025年12月31日,"・差異は、正規、非正規とも、男女間の職種構成の違いにより生じている。
正規労働者の同一職種で比較した場合、マネジメント職91.4%、スタッフ職71.7%　である。

・正規労働者には、再雇用の有期雇用社員のうち、正社員と同様の基準による給与支給の社員を含む。
・非正規労働者には、パート社員および有期雇用社員のうち無期転換したフルタイム勤務の社員を含む。
（業務内容および給与体系は無期転換していない社員と同様であり、違いは雇用期間の定めのみのため）",2025年12月時点,2026年07月21日
1879,2040001003186,新日本建設株式会社,31,対象正社員,正社員,31,,,,,,,,,,,,,,,,,,,,56.6,56.2,65.2,2024年4月1日～2025年3月31日,女性社員の多くは一般事務職となる。,2024年4月時点,2025年06月30日
1736,8010601001272,株式会社オーテック,13.3,対象正社員,総合職,15,一般職,3.9,全体,12.8,,,,,,総合職,73.1,一般職,87.2,全体,75.1,,,,,65.2,66.9,60.7,2025年4月1日～2026年3月31日,,2026年3月時点,2026年07月07日
6702,1020001071491,富士通株式会社,7.6,その他,正規従業員,7.9,非正規従業員等,5.2,,,,,,,,正規従業員,64,,,,,,,,,79.2,78.2,81.4,2025年4月1日～2026年3月31日,,2026年3月時点,2026年08月20日
4186,3020001069823,東京応化工業株式会社,17.5,対象正社員,正社員,17.5,,,,,,,,,,全従業員,79.7,,,,,,,,,68.1,68.1,,2025年1月1日～2025年12月31日,,2025年12月時点,2026年06月16日
8061,6010001008696,西華産業株式会社,16.5,対象正社員,,,,,,,,,,,,従業員,67,,,,,,,,,66.1,65.8,61,2025年4月1日～2026年3月31日,"＜労働者の男女の賃金の差異＞
当社では2024年4月より新人事制度を導入し、性別や年齢に関係なく個人の行動や成果を反映する制度
とすることで、継続的に差異の解消を図ってまいります。

＜非正規雇用労働者の男女間賃金格差＞
女性よりも男性に相対的に賃金が高い労働者が多いため、男女間格差が生じています。",2026年3月時点,2026年07月21日
4755,9010701020592,楽天グループ株式会社,,,,,,,,,,,,,,,,,,,,,,,,78,81.6,58.9,2025年1月1日～2025年12月31日,,2025年12月時点,2026年05月22日
9502,3180001017428,中部電力株式会社,6.8,基幹的な職種,社員,6.8,嘱託員等,1.2,派遣,1.5,,,,,83.9,社員,83.9,嘱託員等,106.3,,,,,,,69.5,73.4,32.8,2025年4月1日～2026年3月31日,中部電力株式会社単体の男女間賃金差異を記載,2026年3月時点,2026年06月25日
1878,4010401016607,大東建託株式会社,12.4,対象正社員,正社員,12.4,営業職,16,技術職,11.6,事務職,7.7,,,,正社員,85.3,営業職,84.7,技術職,87.1,事務職,83.7,臨時従業員,89,55.8,66,106.3,2025年4月1日～2026年3月31日,"当社の評価報酬制度は性別に関係なく、役割・貢献・成果に応じた平等な処遇体系となっていますが、正社員全体で66.0％の差が発生しています。最大の要因は収入の高い上級管理職を含めた管理職層で女性が少なく、その少ない女性管理職も経験年数が浅いこと、次いで、担当者における男女の労働時間に差があると考えています。2025年度においては、前述のとおり女性管理職比率が向上したため前年度と比較して格差が解消した結果となりました。
管理職登用においては、人的資本経営の重要施策として2030年４月１日までに女性管理職比率を10％にすることを目標に、女性育成プログラム（クオータ制や上級管理職登用に向けた個別フォロー）を実施しています。
また、労働時間の差においては、社会的背景の影響もあると考えられる一方で、当社としても、働き方改革（柔軟な勤務体系・残業時間削減・生産性向上など）及び男性の育児参画を引き続き推進し、より働きやすい平等な労働環境の実現を通じて、格差の縮小に取り組んでいきます。
なお、臨時従業員を含めた全従業員で見た場合には、55.8％とさらに差が大きくなります。女性は正社員が少なく、全従業員のうち約22％が非正規社員であることから、雇用形態や役職の構成比の差が男女別の賃金に大きく影響していると考えられます。
今後も非正規社員から正社員への登用も含め、女性社員の採用も増やしていきたいと考えています。",2026年3月時点,2026年06月30日
5019,9010001011318,出光興産株式会社,21.5,対象正社員,総合職(事務系),5,総合職(技術系),5.1,無期雇用パートタイム勤務者(事務系),0.8,有期雇用フルタイム勤務者(事務系),4.5,有期雇用フルタイム勤務者(技術系),9.2,,正社員,84.6,,,,,,,,,75.9,75.2,62.1,2025年4月1日～2026年3月31日,当社の賃金制度では、性別による処遇の差を設けていません。現在見られる男女間の賃金差異は、主として管理職における女性比率が相対的に低いことや、短時間勤務を選択する社員の割合が男性に比べて女性の方が高いことなどに起因するものと認識しています。なお、30歳の正社員に限定して男女の賃金を比較した場合、おおむね90％程度となっています。当社では、社員一人ひとりが持つ多様な能力を最大限に発揮できる環境の整備と、誰もが活躍できる職場風土の醸成に取り組んでいます。2030年までに女性管理職比率を10％とする目標のもと、女性管理職のリーダーシップ向上に向けた施策の推進や、育児・介護と仕事の両立を支援する制度の充実を図ることで、男女間の賃金格差の縮小に努めています。,2025年3月時点,2026年07月16日
9766,9010401070789,コナミグループ株式会社,,,,,,,,,,,,,,,,,,,,,,,,76.8,75.8,92.9,2025年4月1日～2026年3月31日,,2026年3月時点,2026年06月25日
4704,9011001030704,トレンドマイクロ株式会社,17.7,その他,正社員,17.9,契約社員,8.9,嘱託社員,19.2,アルバイト,3.3,,,77.2,正社員,76.7,契約社員,89.6,嘱託社員,91.4,アルバイト,66.3,,,72.8,74.9,43.6,2025年1月1日～2025年12月31日,非正規雇用労働者：契約社員、定年後再雇用の嘱託社員、アルバイト,2025年12月時点,2026年04月03日
7013,4010601031604,株式会社ＩＨＩ,21.3,対象正社員,,,,,,,,,,,78.3,正社員,78.3,,,,,,,,,68.4,79.9,28.4,2025年4月1日～2026年3月31日,"1．対象期間:
2025年4月～2026年3月

2．対象となる人員:
正規⇒期間の定めのないフルタイム従業員
非正規⇒パートタイマー・期間従業員・再雇用者
（対象外となる従業員⇒執行役員・顧問・嘱託，休職者，派遣社員）

3．対象となる賃金:
基本給及び各手当、賞与等を含む。通勤手当、退職金等は除く

4．注釈
男女の賃金について、特に正規雇用労働者においては，女性管理職比率が男性に比べて低く，管理職の人員構成における上位の職位に女性が少ないこと，加えて時間外労働を含めた労働時間が男性の方が長いことが賃金差異の主な要因となっています。",2026年3月時点,2026年08月10日
4768,1010001012983,株式会社大塚商会,14.3,対象正社員,営業,28.2,技術,4.8,スタッフ,2.7,契約社員,1.2,時給制社員,1.4,,正社員,63.9,,,,,,,,,61.4,65.8,66.5,2025年1月1日～2025年12月31日,,2025年12月時点,2026年06月03日
6501,7010001008844,株式会社 日立製作所,8.7,対象正社員,正社員,8.7,,,,,,,,,,,,,,,,,,,,71.6,72.8,59.3,2025年4月1日～2026年3月31日,"1.2025年度(2025年4月～2026年3月)における実績を記載しています。
2.「全労働者（全従業員）」は「うち正規雇用労働者（無期雇用・フルタイム従業員）」と「うち非正規雇用労働者（パート・有期雇用従業員）」の合計です。また、「うち正規雇用労働者（無期雇用・フルタイム従業員）」は無期雇用かつフルタイムの従業員であり、「うち非正規雇用労働者（パート・有期雇用従業員）」はパートタイムまたは有期雇用の従業員です。
3.適用する人事処遇制度において性別による差異はありません。当社の人員構成を背景に、管理職を含む上位の等級における男性従業員の割合が高いこと、短時間勤務を行う従業員の割合が男性に比べ女性で高いこと等により、男女一人あたりの賃金に差が生じています。引き続き、女性従業員の管理職登用促進を含む、多様な視点の推進に取り組んでまいります。",2025年3月時点,2026年07月02日
1963,3010001008732,日揮ホールディングス株式会社,,,総合職,13.3,準総合職,5.7,嘱託,4.8,,,,,70.6,,,,,,,,,,,59.2,60.3,36.6,2024年4月1日～2025年3月31日,,2025年3月時点,2025年12月17日
9503,3120001059632,関西電力株式会社,20.1,対象正社員,社員,20.1,専門分野職員,10.5,有期雇用（社員）,7.5,有期雇用（専門分野職員）,4.6,パート職員,0,,社員,92.1,,,,,,,,,68.3,71.1,59.7,2025年4月1日～2026年3月31日,"・基本給、時間外手当、賞与等を含み、退職手当、通勤手当等を除く
・出向者・休職している者は除く
・男女の賃金差異（正規雇用労働者）の算出基礎となる人員の平均勤続年数の差は、7.6年 
・運輸職員、関西電力病院に勤務している医療職員も含む",2026年3月時点,2026年06月25日
6330,9010001024113,東洋エンジニアリング株式会社,0,対象正社員,総合職,8,一般職,0,,,,,,,,正社員,61.1,,,,,,,,,71.3,71.3,,2024年4月1日～2025年3月31日,2024年度（2025年3月期）,2026年4月時点,2026年04月28日
E07846,1010401029669,森ビル株式会社,11.8,その他,総合職,15.2,特定(専門)職,9.9,嘱託,5.8,,,,,,対象とする労働者すべて,75.4,,,,,,,,,72.5,73.6,62.6,2025年4月1日～2026年3月31日,"当社は採用や評価に関して、性別や学歴、国籍等の属性によらず、個人の成果や能力発揮に基づいた処遇を行っています。
男女の賃金差異については、同一労働での賃金に差はなく、職種構成、年齢構成、時短勤務の利用者数等によるものであります。",2026年3月時点,2026年07月31日
6309,2010701018429,巴工業株式会社,6.8,対象正社員,総合職,8.1,一般職,1.8,,,,,,,,正社員,84.1,,,,,,,,,63.3,62.6,79.9,2024年11月1日～2025年10月31日,"対象期間：96期事業年度(令和6年11月1日から令和7年10月31日まで)
賃金：基本給、超過労働に対する報酬、賞与等を含み、退職手当、通勤手当、帰省旅費等を除く
正規労働者：海外勤務者を除く
非正規労働者：有期社員(嘱託、パートタイマー)を含み、派遣社員を除く",2025年10月時点,2025年12月15日
4587,5013201015694,ペプチドリーム株式会社,,,,,,,,,,,,,,,,,,,,,,,,81.1,81.1,,2025年1月1日～2025年12月31日,非正規雇用について、男性の在籍が無いため算出不可としております。,2025年12月時点,2026年04月27日
9301,8010001034947,三菱倉庫株式会社,15.2,その他,,,,,,,,,,,,（その他）,72.2,,,,,,,,,66.6,68.5,73.6,2025年4月1日～2026年3月31日,,2026年3月時点,2026年06月19日
1869,1180001027354,名工建設株式会社,,,,,,,,,,,,,,,,,,,,,,,,55.5,62.2,51,2025年4月1日～2026年3月31日,,2024年3月時点,2026年08月20日
8133,9010401078551,伊藤忠エネクス株式会社,7.9,対象正社員,ゼネラル職,8.3,エリア職,4.8,,,,,,,87,正社員,87,,,,,,,,,61.1,60.6,56.7,2025年4月1日～2026年3月31日,,2026年3月時点,2026年07月02日
9166,4010001191817,株式会社ＧＥＮＤＡ,6.1,対象正社員,,,,,,,,,,,,正社員,66.7,パート・アルバイト,70,,,,,,,76.3,75,162.4,2025年2月1日～2026年1月31日,,2026年1月時点,2026年03月12日
4151,7010001008670,協和キリン株式会社,25.8,対象正社員,経営職以外（総合職及び一般職）,25.8,,,,,,,,,79.5,経営職,75.6,経営職以外（総合職及び一般職）,81.6,再雇用,86.8,契約社員,90,パートタイマー,95,78.3,79,68.4,2025年1月1日～2025年12月31日,"１．当社では正社員/パート・有期社員のいずれにおいても、男女では賃金規程等の制度上、昇進・昇給等の運用上及び採用基準上の差を設けていません。
２．正社員は、当社から社外への出向者、社外から当社への出向者及び執行役員を除いて算出しています。当社は、職群及び等級により異なる賃金水準を設定しています。等級及び職群毎の人数分布が男女で異なるため、男女の賃金差異が生じています。
３．パート・有期社員は、臨時従業員（再雇用社員、契約社員、パートタイマー等）を対象に算出しています。再雇用社員、契約社員、パートタイマー等の雇用形態の区別による賃金の差異があります。比較的給与水準が低い雇用形態（契約社員やパートタイム）において女性の比率が高いため、男女の賃金差異が生じています。なお、パートタイマーについては若干名のため、フルタイム換算をせず実際に支給した賃金に基づき算出しています。
４．賃金には、賞与及び基準外賃金を含んで算出しています。",2025年12月時点,2026年03月18日
6370,8011101023170,栗田工業株式会社,15.6,基幹的な職種,総合職,15.2,担当職,3,無期雇用嘱託,21.5,有期雇用嘱託,14.5,,,,,,,,,,,,,,70.6,69.8,86.6,2025年4月1日～2026年3月31日,,2026年3月時点,2026年06月26日
2124,1010001019483,株式会社ジェイエイシーリクルートメント,12.8,対象正社員,正社員（コンサルタント）,13.5,正社員（業務）,7.5,有期契約社員（フルタイム）,2.9,有期契約社員（短時間）,0,無期雇用社員（短時間）,0,,正社員,66,,,,,,,,,82.4,84.5,89.9,2025年1月1日～2025年12月31日,,2025年12月時点,2026年03月24日
E00253,8120001077539,株式会社藤木工務店,,,,,,,,,,,,,,,,,,,,,,,,48.4,55.4,31.2,2023年4月1日～2024年3月31日,,2024年7月時点,2024年07月23日
6701,7010401022916,日本電気株式会社,6.5,対象正社員,対象正社員,6.5,,,,,,,,,62.5,正社員,62.5,,,,,,,,,75.9,74.8,82.9,2024年4月1日～2025年3月31日,,2025年4月時点,2025年08月29日
7485,7180001034964,岡谷鋼機株式会社,13.9,その他,総合職,19.7,パートナー職,11.6,事務職,4.1,契約社員,5.6,,,,対象とする労働者すべて,53.8,,,,,,,,,56.5,69.6,87.3,2025年3月1日～2026年2月28日,,2026年4月時点,2026年07月02日
E36338,1010401084739,オリックス銀行株式会社,,,総合職（全国型）,11.6,総合職（地域限定型）,5.9,一般職,1.8,契約型社員,3.8,契約型社員（無期転換型）,7.1,,正社員,82.5,,,,,,,,,64.7,68,60.2,2025年4月1日～2026年3月31日,"男女の賃金差異について、賃金は基本給、超過労働に対する手当、賞与等を含み、退職手当、通勤手当等を除き集計しております。また、正社員には当社から他社への出向者を除き、他社から当社への出向者を含み集計しております。

男女の賃金差異については、男性の賃金に対する女性の賃金の割合を示しております。同一職種等級における賃金は、人事考課による増減を除き、性別を問わず同一賃金となる評価報酬制度となっています。女性の昇級については、女性管理職比率全体の向上を重要目標として定め、女性登用を推進しております。また、非正規社員は有期契約社員（年俸制）とアルバイト契約社員（時給制）の社員で構成されています。非正規社員の賃金は担当業務により決定し、専門知識を持ち特定の能力・技量を提供する有期契約社員（年俸制）は賃金水準が高くなっており、男性社員が多く在籍しております。",2026年3月時点,2026年07月29日
7733,5011001005222,オリンパス株式会社,19.6,対象正社員,正社員,19.6,アソシエイト社員,8.4,,,,,,,,直接雇用従業員,69.5,,,,,,,,,74.6,74.7,63.4,2025年4月1日～2026年3月31日,,2026年3月時点,2026年06月18日
E04791,5010401072079,三井住友ファイナンス＆リース株式会社,8.3,対象正社員,,,,,,,,,,,,総合職,84.2,業務職,93.8,,,,,,,56.9,55.4,59.2,2025年4月1日～2026年3月31日,"（補足説明）
当社の賃金規定に定める給与体系は、各人に適用する基本給与を年齢や性別に関係なく、各人の等級、号、毎年の行動評価等に応じて決定しております。一方で、当社の全労働者における賃金格差は男女で56.9％という格差が生じており、これは、正規雇用労働者のうち、総合職の女性管理職の割合が低い水準にとどまっていることが要因であります。
また、非正規雇用労働者のうち、定年後の再雇用嘱託は、男性比率が高い元総合職と女性比率が高い業務職が混在しており、総じて元総合職の賃金が高い点も要因の一つであります。",2026年3月時点,2026年06月29日
5334,3180001010845,日本特殊陶業株式会社,16.9,対象正社員,総合職相当,19,一般職相当,4.8,技能職相当,10,派遣,9.9,雇用継続者,4.3,82.5,正社員,82.5,,,,,,,,,68.4,67.2,92.9,2025年4月1日～2026年3月31日,"・非正規雇用労働者は、定年後再雇用者、パートタイマー、契約従業員、嘱託を含み、派遣社員を除いています。
・賃金は、労働の対償として支払うすべてのものを含み、退職手当、通勤手当は除いています。男女の賃金格差は、男性の賃金に対する女性の賃金の割合を示しています。なお、同一労働の賃金に差はなく、等級別人員構成の差によるものです。",2025年3月時点,2026年06月26日
8059,5010001008714,第一実業株式会社,11.8,対象正社員,,,,,,,,,,,,正社員,64.7,嘱託・再雇用,76.3,パートタイム労働者,101.1,,,,,65.7,65.4,50.5,2025年4月1日～2026年3月31日,"対象期間　 ：2025年4月1日～2026年3月31日
正規雇用　 ：出向者を除く
非正規雇用 ：嘱託社員、パート、アルバイト
賃金　 　　 ：通勤手当を除く

※パート、アルバイト、非常勤嘱託社員については正社員の所定労働時間
　で換算した人員数を基に平均年間賃金を算出しております。",2026年3月時点,2026年08月10日
2501,4011001009265,サッポロビール㈱,,,,,,,,,,,,,,,,,,,,,,,,47,70.2,51.9,2025年1月1日～2025年12月31日,"対象は、サッポロホールディングス、サッポロビール、ポッカサッポロフード＆ビバレッジ、サッポロライオン、サッポロ不動産開発。
「源泉徴収票」の給与・手当・賞与を含めた総支給額の平均額に基づき算出。管理職比率など男女間に差異があることで1名当たり賃金に差が出ておりますが、賃金制度・体系において性別による処遇差は一切ありません。",2025年12月時点,2026年03月16日
5537,4010401091724,株式会社ＡｌｂａＬｉｎｋ,9.1,対象正社員,営業職,16,事務職,10,有期フルタイム,5.9,有期時短,3.1,アルバイト,2.9,,,,,,,,,,,,63.4,67.9,80,2025年1月1日～2025年12月31日,,2025年12月時点,2026年08月17日
8929,4010401087540,株式会社青山財産ネットワークス,17.2,対象正社員,正規社員,17.2,非正規社員(フルタイム),2,非正規社員(短時間),0.1,,,,,,,,,,,,,,,,62.6,66.3,29.6,2025年1月1日～2025年12月31日,非正規雇用労働者（パート社員・定年再雇用者）について、定年再雇用者を主とする賃金ベースの高い役職者の男性比率が高いため、格差が大きくなっております。,2025年12月時点,2026年04月22日
1926,7010001008811,ライト工業株式会社,,,事務（正社員）,14.9,事務（無期）,7.5,事務（有期）,7.5,技術（正社員）,34,技術（有期）,17.6,,,,,,,,,,,,56.1,58.1,66.4,2025年4月1日～2026年3月31日,"同一労働の賃金に差はなく、給与体系における職能資格等級制度の人数構成の差によるものです。

事業年度：2025年4月1日～2026年3月31日",2026年3月時点,2026年07月01日
9716,4010401023652,株式会社乃村工藝社,29.4,その他,全労働者,25.6,正社員,29.4,上記以外,13.9,,,,,64.3,正社員,64.3,,,,,,,,,67.8,70.4,58.5,2025年3月1日～2026年2月28日,,2026年2月時点,2026年06月18日
6361,1010801001748,株式会社荏原製作所,23.7,対象正社員,全国型,25.6,地域限定型,18.2,,,,,,,,対象とする労働者すべて,84.8,,,,,,,,,80.4,81.3,57.8,2025年1月1日～2025年12月31日,"差異についての補足説明
正規雇用労働者:正規雇用労働者:役割等級制度を導入しており、同一役割等級内での賃金差異は原則生じておりません。一方で管理職に占める女性の割合が上昇傾向にあるものの依然として低いことに加え、男女等級別の人員構成の違いなどを要因として男女間の賃金に差異が生じています。
非正規雇用労働者:女性労働者ではパート労働者の割合が高い一方、男性労働者では嘱託社員の割合が高いため、男女間で賃金差が生じています。
今後の取り組みについて、女性がライフイベントなどを含め全キャリアを通じて活躍できる環境を整備する施策に取り組んでいくことで、差異の解消を目指していきます。",2026年3月時点,2026年03月30日
9022,3180001031569,東海旅客鉄道株式会社,18.4,その他,総合職,35,アソシエイト,16,プロフェッショナル,18,,,,,92.2,総合職,75.6,アソシエイト職,85.6,プロフェッショナル職,95,,,,,75.9,74.9,78.9,2025年4月1日～2026年3月31日,賃金：基本給、超過労働に対する割増賃金、期末手当等を含み、退職手当、通勤手当等を除く。,2026年4月時点,2026年07月09日
325A,9011001120604,株式会社ＴＥＮＴＩＡＬ,,,,,,,,,,,,,,,,,,,,,,,,57.7,62.2,151.7,2025年2月1日～2025年8月31日,男女賃金差異については、当社の人事制度における性別による処遇の差はなく、グレード別の人数構成に起因しております。,2025年8月時点,2026年05月27日
8425,3010401094447,みずほリース株式会社,11.2,対象正社員,総合職,17.6,地域限定総合職（旧業務職と合算）,6.3,専任職,10.2,有期雇用（フルタイム）,3.4,,,,正社員,76.1,,,,,,,,,59,72.8,110,2025年4月1日～2026年3月31日,"正規雇用労働者は総合職（従来の地域限定総合職を含む）と旧業務職の二つの職系を合わせて比較。
当社では、賃金体系や評価基準において性別による差異を設けていない。
賃金の差異は、職系別の人数構成の違いや男性の勤続年数が長さ、相対的に賃金水準の高い管理職の男性比率の高さ、長時間労働の傾向がみられる労働者における男性比率の高さなどから生じている。",2026年3月時点,2026年06月29日
6866,6100001010247,日置電機株式会社,12.3,対象正社員,正社員,12.3,,,,,,,,,,正社員,71.9,,,,,,,,,72,71.8,93.4,2025年1月1日～2025年12月31日,,2025年12月時点,2026年03月18日
E03533,5010001008846,株式会社三菱UFJ銀行,21.3,対象正社員,プロフェッショナル職,21.3,嘱託・契約社員,2.9,派遣社員,1.8,,,,,,全従業員,86.9,,,,,,,,,53.2,54.2,55,2025年4月1日～2026年3月31日,"男女の賃金差異は、①コースによる賃金と男女比率の差、②上位職における女性の比率の低さ、③男女間の労働時間の差が影響しています。多様な視点や価値観を経営や組織運営に取り入れ、新しい価値を創造し、全てのステークホルダーに貢献し続けるため、賃金差異の是正に取り組み、社員一人ひとりが活き活き
と活躍できる組織・職場環境づくりに取り組んでまいります。",2026年6月時点,2026年06月23日
1430,2012701011066,ファーストコーポレーション株式会社,,,,,,,,,,,,,,,,,,,,,,,,66.5,67.4,8.1,2025年6月1日～2026年5月31日,,2026年5月時点,2026年07月08日
6752,5120001158218,パナソニックホールディングス株式会社,,,,,,,,,,,,,,,,,,,,,,,,89.1,87.3,110.7,2024年4月1日～2025年3月31日,"「女性の職業生活における活躍の推進に関する法律」（平成27年法律第64号）の規定に基づき算出
（2024年度の給与・賞与に基づいて算出）",2025年4月時点,2025年08月01日
9706,7010801014496,日本空港ビルデング株式会社,14.5,基幹的な職種,,,,,,,,,,,,,,,,,,,,,,,,,,,2021年3月時点,2022年05月21日
4337,1011001069980,ぴあ株式会社,,,,,,,,,,,,,,,,,,,,,,,,56.3,58.5,52.4,2025年4月1日～2026年3月31日,,2026年3月時点,2026年07月28日
4005,2010001071327,住友化学株式会社,21.5,対象正社員,,,,,,,,,,,,従業員,82.2,,,,,,,,,77.2,78,73.7,2025年4月1日～2026年3月31日,"賃金制度は従事する役割（職務）の大きさに基づく制度としており、従事する役割（職務）レベルが同一の場合の基準賃金に男女間の差はありません。
平均年間賃金の差異が生じている要因は以下のとおりであります。
〈正規雇用労働者〉
女性の方が管理職の割合が少ないことや、労働時間短縮措置適用者や産休・育休等の休業者は女性が多く、基準賃金控除額や時間外手当支給額等に差が生じていることが主な要因であります。また、製造職場に勤務する女性が少なく、交替勤務手当等の手当支給額に差が生じることも影響しております。
〈パートタイマー・有期労働者〉
最も人数が多い定年退職後再雇用者の賃金は退職時の基準賃金をもとに設定していることから、女性管理職比率が差異に影響していることが主要因であります。",2026年4月時点,2026年07月27日
2327,9010001045803,日鉄ソリューションズ株式会社,8.3,対象正社員,正社員,8.3,嘱託社員,3,,,,,,,,正社員,73,,,,,,,,,74.9,74.9,61.9,2025年4月1日～2026年3月31日,"女性の職業生活における活躍の推進に関する法律」（平成27 年法律第64 号）の規定に基づき算出したものである。
当社正社員においては、それぞれの社員に求められる役割の高さに応じて、職務層区分を設けており、区分別に給与体系を設定している。各区分の給与体系および評価・運用は、男女の別なく全社員同一としている。男女の賃金差異は、男女それぞれの社員数に占める職務層区分の構成比が異なることによって発生している。",2026年3月時点,2026年06月25日
E03617,5010001008813,株式会社三井住友銀行,13.2,対象正社員,プロフェッショナル職,13.4,嘱託,5.9,,,,,,,,従業員全体,95.5,,,,,,,,,46.9,53.5,,2025年4月1日～2026年3月31日,"対象期間：2025年4月１日～2026年3月31日
非正規雇用労働者については、正規雇用労働者の所定労働時間（1日7時間30分）で換算した人員数を基に平均年間賃金を算出している。

正規雇用労働者の男女の賃金差異は、管理職や職責の大きい女性の人数が男性対比少ないことを背景として、53.5%となっている。また、人事制度における担う役割の大きさが同一の男女労働者の間でも9割程度の差異が生じている。これらの主な要因は３つと分析している。１つ目は、女性の採用拡大から年数を経ておらず、在籍期間や経験年数が短い層に女性が多いこと。２つ目は、過去に職種別採用を行っていた経緯から、定型業務に従事する女性が多いこと。3つ目は、短時間勤務制度利用者のほとんどが女性となっていることなどから、勤務時間に男女差があること。これらを踏まえ、今後とも、女性従業員に対し管理職や職責の大きい業務への挑戦を促すことや、全従業員を対象とした育児や介護との両立支援策の拡充及び利用促進などに取り組み、男女賃金差異の解消を進めていく。",2026年3月時点,2026年06月30日
1950,6010501016240,日本電設工業株式会社,,,,,,,,,,,,,,,,,,,,,,,,63.9,66.7,49.6,2025年4月1日～2026年3月31日,"・賃金
　　基本給、割増賃金、諸手当、賞与等を含み、退職金、通勤手当を除いております。

・正規雇用労働者
　　社員および期間の定めのない特別社員・フルスタッフ
　　※社外への出向者を含み、他社から当社への出向者を除く。

・非正規雇用労働者
　　期間の定めのある特別社員・フルスタッフ、パートスタッフ、工事スタッフ

・人員数
　　育児・介護短時間勤務制度利用者は時間換算しており、その他は実換算としております。また、休業・休職者は除いております。

・説明欄
　　男女間の賃金差異が発生している主な理由については以下のとおりです。
　　正規雇用労働者においては、時間外手当等の支給額が多い技術系労働者に男性が多いことや、男性労働者に比べ女性労働者における管理職比率が低いためです。
　　また、非正規雇用労働者においては、定年退職後の継続雇用制度に基づく特別社員（管理職）等に男性が多いためです。
　　このような状況を改善するために、女性活躍推進法に基づき女性技術職をはじめとした女性労働者の採用を積極的に進め、
　　将来的に女性労働者における管理職比率を高めていく取り組みを進めております。
　　なお、賃金の基準は、性別に関係なく同一であります。",2026年5月時点,2026年05月27日
1866,7100001000742,北野建設株式会社,21.7,対象正社員,総合職,21.7,直接雇用,11.1,,,,,,,57.4,男性,53.7,女性,72.5,,,,,,,58.4,62.2,27.4,2025年4月1日～2026年3月31日,,2026年3月時点,2026年07月21日
9504,4240001006753,中国電力株式会社,26,対象正社員,,,,,,,,,,,87.4,,,,,,,,,,,71.2,71.7,56.2,2025年4月1日～2026年3月31日,"※対象期間は、2025年度（2025年4月1日～2026年3月31日）。
※パート労働者について、正規雇用労働者の所定労働時間で換算した人員数を基に、平均年間賃金を算出。

　当社の正規雇用労働者の男女構成比は、男性76％、女性24％となっています。

　当社は、性別にかかわりなく、個人ごとの職務遂行能力や仕事の責任・難易度、業績などに応じて賃金を支給しています。
　職務遂行能力は、実際の業務を遂行するなかで発揮され、より難易度の高い業務を経験することなどで向上していくものであり、一般的に勤続が長くなるほど、能力の向上とともに仕事の責任・難易度が増し、賃金も高まっていく傾向にあります。

　男女別の平均勤続年数は、男性21年、女性16年であり、このことが男女の平均年間賃金に差異が生じる要因の一つとなっています。男女別の年令構成では、男性は勤続の長い中高年齢層が4割程度と多くなっています。

　なお、当社の非正規雇用労働者の男女構成比は、男性71％、女性29％となっています。業務内容に応じた雇用区分ごとに男女比率が異なることが、男女の平均年間賃金に差異が生じる主な要因となっています。",2026年3月時点,2026年07月15日
1928,8120001059652,積水ハウス株式会社,21.3,基幹的な職種,,,,,,,,,,,,管理職を含む対象とする従業員全て,83.4,,,,,,,,,56,59,40.2,2025年2月1日～2026年1月31日,"(注) １「女性の職業生活における活躍の推進に関する法律」（平成27年法律第64号、以下「女性活躍推進法」という。）の規定に基づき算出したものです。 
２「育児休業、介護休業等育児又は家族介護を行う労働者の福祉に関する法律」（平成３年法律第76号、以下「育児・介護休業法」という。）の規定に基づき、「育児休業、介護休業等育児又は家族介護を行う労働者の福祉に関する法律施行規則」（平成３年労働省令第25号、以下「育児・介護休業法施行規則」という。）第71条の４第１号における育児休業等の取得割合を算出したものです。 
３　男性労働者の育児休業取得率及び労働者の男女の賃金の差異の対象期間は当事業年度（2025年２月１日～2026年１月31日）です。 
４　出向者は出向元の従業員として集計しています。  
５　賃金の内訳は、基本給、超過労働に対する報酬、賞与等を含み、通勤手当を除いています。 
６　非正規労働者は、臨時従業員（再雇用従業員、契約従業員、パートタイマー）を対象に算出しています。なお、パートタイマーについてはフルタイム換算をせず実際に支給した賃金に基づき算出しています。 
＜男女の賃金差異についての補足説明＞ 積水ハウス㈱における男女の賃金差異（全労働者56.0％、正規雇用労働者59.0％）については、全労働者に占める正規雇用労働者の割合が約９割、正規雇用労働者の中でも総合職が７割超を占めていることが大きく影響しています。そのため、以下主に総合職について記載します。 
1）等級ごとの賃金差異について 
同一等級の賃金は同等です。当社は職群及び等級ごとに賃金水準を設定しており、総合職の男女の基本給月額の差異（女性平均基本給/男性平均基本給）は以下のとおりです。  管理職：97.4％、P５：97.3％、P４：99.2％、P3：99.7％、P２：99.7％、P１：98.9％※一般社員には５つの等級（P５～P１）があります。 
2）現状の取組みと経年推移 
女性活躍推進については2005年より課題意識を持ち、女性総合職の積極的な採用を進めるとともに、女性従業員の育成と定着を促進するため、専門部署（現 ダイバーシティ推進部）を設置し、柔軟な働き方に代表される仕事と育児・介護の両立支援制度の拡充等の諸制度の整備を行ってします。 これらの取組みが奏功し、2007年から2025年における平均勤続年数の伸びは女性が2.2倍（4.6年→10.1年）と男性の1.2倍（15.8年→19.5年）を大きく上回る結果となり、女性正社員比率についても年々高まってきています（2007年度は16.1％→2012年度は17.5％→2017年度は20.8％→2022年度は24.3％→2025年度は26.4％）。また、2025年度における年代別の女性正社員比率では20代が39.0％、30代が33.4％、40代が29.0％、50代が13.7％と、20代-30代の若年層の女性正社員比率が高くなっています。
 3）差異要因及び取組み成果から見られる今後の展望 
現状、総合職の平均勤続年数は女性10.1年と男性19.5年で約9年の差があるため、管理職の候補となる層が男性に比べて女性は少ない状況です。この結果として当社の女性管理職比率は4.6％（2026年１月31日現在）となっており、男女間において管理職登用の差が生じています。管理職への登用有無は処遇差が生じる要素であり、男女間の賃金差異に影響しています。 
本要因解消のため、女性管理職候補者研修の実施等、女性管理職の登用にも積極的に取り組んでいます。さらに、2022年に資格等級制度を見直しています。その結果、2022年以降は９～10の指標に基づき評価され、入社から最短５年で管理職に登用できる制度となっています。 なお、当社では一般社員における5つの等級のうち、P4とP5を次期管理職候補と考えており、2025年度における女性管理職候補者は622名で、管理職候補者全体に占める女性管理職候補者の割合は17.8％となっています。そのため、女性管理職の候補となる人財が若年層で徐々にプールされており、今後は女性管理職比率もさらに高まっていきます。 
また、当社の総賃金に占める業績手当等の基準外賃金の割合が特に営業職は大きく、営業職に占める女性の人数比率が15％と低い状況にあります。この点も、男女間の賃金差異に影響しています。しかしながら、前述のとおり各比率の高まりに連動して、男女間の賃金差異は縮小していくものと考えています。 なお、女性活躍を推進するための取組みの詳細については、有価証券報告書「第２ 事業の状況  ２ サステナビリティに関する考え方及び取組  (4) 人的資本に関する取組み」に記載しています。",2026年1月時点,2026年05月01日
1861,1210001001082,株式会社　熊谷組,,,総合職（事務）,16.4,総合職（技術）,21.9,エリア総合職（事務）,12.1,エリア総合職（技術）,9.9,エリア職（事務）,5.9,,雇用期間の定めのない社員,64.6,,,,,,,,,66,65.7,64.8,2025年4月1日～2026年3月31日,"【差異についての補足説明】
労働者の男女の賃金の差異について、賃金制度上性別による差異はなく、職層・職位等が同等であれば男女間で賃金の差異は生じることはございません。
なお、差異の主な要因として、女性活躍推進の観点から女性の新卒採用強化に取り組み10年程経過しておりますが、相対的に勤続年数が短く、結果として職層別の人員構成比差（上位の職層に女性の割合が少ないこと）となり、男女の賃金格差が生じております。",2026年4月時点,2026年06月09日
9621,7010001042703,株式会社建設技術研究所,10.9,基幹的な職種,総合職（技術）,11.7,総合職（管理・営業）,2.5,職務限定職,0,契約社員（無期雇用・フルタイム）,0,契約社員（無期雇用・パートタイム）,0,,総合職（技術）,72.7,総合職（管理・営業）,69,職務限定職,82.4,契約社員（無期雇用・フルタイム）,88.4,契約社員（無期雇用・パートタイム）,71.1,52.4,56.9,52.1,2025年1月1日～2025年12月31日,"当社の賃金体系に男女差はない。
総合職の各クラスで見ると、女性賃金比はほぼ90%程度となる。
＜参考＞
（総合職マネジメントクラス）：92.3%
（総合職スペシャリストクラス）：89.2%
（総合職ファンダメンタルクラス）：91.1%",2025年12月時点,2026年03月18日
1852,8120001022651,株式会社淺沼組,,,,,,,,,,,,,,総合職,55.4,一般職,74.6,技能職,62.9,,,,,58.9,63.7,62.2,2025年4月1日～2026年3月31日,"（注釈・説明）
1．正規雇用労働者には定年再雇用者を含んでおります。
2．非正規雇用労働者は期間の定めのある労働者に加え、無期転換した労働者を含んでおります。
3．出向者の取り扱いは、当社から他社への出向者を含んで算出しております。
なお、他社から当社への出向者は、当事業年度にはおりません。
4．賃金は退職金を除き、賞与や各種手当を含めて算出しております。
5．短時間勤務者はフルタイム換算せず、実支払額に基づき算出しております。",2025年3月時点,2026年06月11日
8421,3010005002392,信金中央金庫,14.3,その他,,,,,,,,,,,71.3,,,,,,,,,,,56.1,55.5,61.7,2025年4月1日～2026年3月31日,"※正規雇用労働者：本中金から他社への出向者を含み、他社から本中金への出向者を除く。
※非正規雇用労働者：嘱託職員（有期契約労働者）
※賃金：基本給・超過労働に対する報酬・賞与等を含み、退職金・通勤手当等を除く。
※本中金では、職務内容等にもとづくコースおよび職能資格等級により異なる賃金水準を設定しております。男女では当該コースおよび職能資格等級毎の人数分布の差があるため、賃金において差異が生じております。",2026年3月時点,2026年06月30日
5333,3180001010829,NGK株式会社,20.3,対象正社員,総合職,20.3,管理職以外の総合職,20.3,管理職,20.4,,,,,,総合職,87.2,管理職以外の総合職,88.9,,,,,,,78.8,79.2,98.5,2025年4月1日～2026年3月31日,,2026年3月時点,2026年07月08日
6622,6120001056461,株式会社ダイヘン,20.8,対象正社員,,,,,,,,,,,72,正社員,72,,,,,,,,,66.1,66.1,,2025年4月1日～2026年3月31日,正規雇用労働者の賃金体系と処遇のしくみにおいて性別による差異はありません。男女の賃金で差異が発生している主な理由は、男女別の管理職を含む資格等級別の人員構成比率に差異があること、短時間勤務を行う社員の比率に差異があること等によるものです。,2026年3月時点,2026年06月15日
9551,8010401075293,メタウォーター株式会社,18.2,対象正社員,正社員（理系）,18.9,正社員（文系）,14.3,契約社員,5.3,,,,,,正社員,66,,,,,,,,,77.7,76,67.6,2025年4月1日～2026年3月31日,,2026年6月時点,2026年06月29日
6730,9010001072343,株式会社アクセル,,,,,,,,,,,,,,,,,,,,,,,,63.7,65.4,79.4,2025年4月1日～2026年3月31日,,2026年3月時点,2026年05月01日
3635,4020001061110,株式会社コーエーテクモホールディングス,33.5,対象正社員,,,,,,,,,,,,社員（正社員、契約社員、嘱託社員）,85.4,,,,,,,,,72.3,80.6,81.8,2025年4月1日～2026年3月31日,"上記は連結データ。各社データは以下のとおり。

①コーエーテクモホールディングス
全労働者：56.5%
うち正規雇用労働者：77.2%
うち非正規雇用労働者：66.8%

②コーエーテクモゲームス
全労働者：78.5%
うち正規雇用労働者：80.1%
うち非正規雇用労働者：77.1%

③コーエーテクモウェーブ
全労働者：45.0%
うち正規雇用労働者：75.0%
うち非正規雇用労働者：73.2%

④コーエーテクモネット
全労働者：54.0%
うち正規雇用労働者：74.1%
うち非正規雇用労働者：該当者なし

⑤コーエーテクモクオリティアシュアランス
全労働者：101.9%
うち正規雇用労働者：101.2%
うち非正規雇用労働者：90.2%",2026年3月時点,2026年07月22日
E04367,9040001044645,成田国際空港株式会社,,,正社員,18,,,,,,,,,,,,,,,,,,,,65.2,72.4,64.2,2025年4月1日～2026年3月31日,"2026年3月31日時点

労働者の男女の賃金の額の差異を算出するにあたっての賃金は、賞与、基準外賃金等を含んでおり、退職手当は除いております。なお、男女の賃金の額の差異について、同一労働の賃金に差はなく、等級別人数構成に差があること等によるものです。",2026年3月時点,2026年07月29日
4516,2130001012236,日本新薬株式会社,,,,,,,,,,,,,75.3,,,,,,,,,,,81.1,81.5,84.1,2025年4月1日～2026年3月31日,出向者を除く,2025年6月時点,2026年07月17日
6503,4010001008772,三菱電機株式会社,24.3,基幹的な職種,総合職（事務系）,25.4,総合職（技術系）,25.6,一般職,21.4,無期雇用契約社員,8.2,,,,正社員,98.3,,,,,,,,,64.2,66,59.3,2025年3月16日～2026年3月15日,"正規雇用労働者の男女の賃金差異については、正規従業員の中には、報酬水準が低い「補助的業務担当者」が含まれています。特に女性の正社員のうち、約半数が「補助的業務担当者」であり、その結果、平均賃金を押し下げています。
パート・有期労働者の男女の賃金差異について、非正規社員は、主に有期雇用契約の「補助的業務担当者」が該当しますが、正社員の定年後再雇用者も約20％含まれています。定年後再雇用者の約95％が男性であり、かつ、「補助的業務担当者」と比較し報酬水準が高いため、構成比率の違い等により男女の乖離が生じています。",2026年3月時点,2026年06月19日
9042,2120901019851,阪急阪神ホールディングス株式会社,,,,,,,,,,,,,,,,,,,,,,,,73,72.7,117.1,2025年4月1日～2026年3月31日,"（全労働者）
・相対的に賃金水準の高い管理職層において、女性の割合が低いです。
・勤続年数、年代別に比較した男女の賃金の差異はほとんどありません。
（パート・有期労働者）
・男性は定年後再雇用者が多いため相対的に賃金水準が低い一方で、女性は高度な専門性を有する「契約社員特種」として雇用している社員のみ（1人）であり、賃金水準が高いです。",2026年3月時点,2026年06月26日
4689,4010401039979,LINEヤフー株式会社,,,,,,,,,,,,,87.4,,,,,,,,,,,79.5,80.4,79,2025年4月1日～2026年3月31日,,2026年4月時点,2026年06月08日
1799,4110001002922,第一建設工業株式会社,,,,,,,,,,,,,,,,,,,,,,,,70.5,67.2,97.2,2025年4月1日～2026年3月31日,"正規労働者
・賃金構成は、雇用形態別に定めており、男女同一となっている。
・各種手当等については、保有資格及び勤務地、家族構成、転勤等の状況により異なる。
・技術職は現状男性社員の比率が高く、これらの業務では時間外や深夜帯の対応が発生しやすいことから、結果として残業手当・深夜業手当の支給が多くなる傾向がある。
・手当は性別ではなく、実際の業務内容および勤務時間に基づき支給している。

非正規雇用
・基本体系は時給制を採用しており、職種ごと（技術職・事務職）に応じて時給単価を設定している。
・男性は資格を保有する技術職、女性は事務職（短時間勤務を含む）に従事しており、これらの職種・勤務形態の違いが賃金差異の一因となっている。",2026年4月時点,2026年07月02日
6849,2011101016254,日本光電工業株式会社,8.2,対象正社員,総合職,9.2,一般職,2.6,常勤嘱託,2.1,臨時（フルタイム）,2.2,臨時（パートタイム）,0,,総合職,47.7,一般職,57.2,,,,,,,70.6,75.2,63.8,2024年4月1日～2025年3月31日,"当社において、賃金体系および制度上の性別による違いはありません。ただし、職種間や管理職比率等において男女差があり、それに伴う賃金差異が生じています。当社が目指す「一人ひとりが可能性を最大限に広げ、力を存分に発揮できる組織」の実現に向け、女性管理職比率の向上など、ダイバーシティ推進に向けた施策に取り組んでいきます。

※非正規社員はパート・有期労働者",2024年3月時点,2025年08月29日
7172,7010401085533,株式会社ジャパンインベストメントアドバイザー,11.4,対象正社員,正社員,11.4,契約社員,1.9,,,,,,,78.6,,,,,,,,,,,53.8,52.6,41.5,2024年1月1日～2024年12月31日,※男女の賃金の差異については、2025年12月期の実績を記載,2024年12月時点,2026年08月20日
6727,8030001033121,株式会社ワコム,,,,,,,,,,,,,,,,,,,,,,,,71.9,79.3,42.1,2025年4月1日～2026年3月31日,"対象年度：2025年度実績 (2025年4月1日～2026年3月31日)
正規雇用労働者：正社員
非正規雇用労働者：定年後再雇用契約社員、月給制契約社員、時給制契約社員
短時間勤務労働者については、正規雇用労働者の所定労働時間（１日８時間）で換算した人数を基に平均年間賃金を算出しております。",2026年6月時点,2026年07月03日
1941,9240001006971,株式会社　中電工,24,対象正社員,事務職,8,技術職,26.6,,,,,,,64.9,,,,,,,,,,,81.3,82.3,68.9,2025年4月1日～2026年3月31日,"対象期間：2025事業年度（2025年4月1日から2026年3月31日まで）
賃　　金：基準外賃金・賞与・ライフプラン加算支援金を含み、退職金・通勤旅費を除く。
非正規雇用労働者：定年再雇用社員、契約社員（フルタイム勤務の無期契約社員を除く。）を含み、派遣社員を除く。非正規雇用労働者については、正規雇用労働者の月間所定労働時間で換算した人員数をもとに平均年間賃金を算出している。

〈正社員〉
  管理職に占める女性の割合が低く、また一人当たりの月平均所定外労働時間数は女性が男性より少ない。今後は、女性の登用を計画的に推進していくとともに、働き方改革の諸施策の実行により総実労働時間を削減していく。

〈非正規雇用労働者〉
  賃金水準が高い60歳以上の定年再雇用社員に占める女性の割合が低い一方で、賃金水準が低い60歳未満の女性の割合が高い。",2026年3月時点,2026年05月12日
1301,1010401033225,株式会社　極洋,13.3,対象正社員,エリアフリー（研究以外）,16.6,エリアフリー（研究）,17.3,エリア限定Ｂ,11,エリア限定Ｃ,7.2,無期フルタイム,6.9,68.1,エリアフリー（研究以外）,61.1,エリアフリー（研究）,76.9,エリア限定Ｂ,80.9,エリア限定Ｃ,86,無期フルタイム,79.6,53.7,57.2,59.5,2025年4月1日～2026年3月31日,"・正規雇用労働者には社外への出向者も含む。
・賃金は退職手当を除いている。
・1日の所定労働時間（7時間45分）に満たない短時間勤務者、契約社員、パート社員については、所定労働　時間で換算した人員数を基に平均年間賃金を算出している。",2026年3月時点,2026年05月25日
2121,1011001035512,株式会社MIXI,,,,,,,,,,,,,,,,,,,,,,,,74.6,76.4,79.1,2025年4月1日～2026年3月31日,,2026年3月時点,2026年07月16日
2760,4020001009043,東京エレクトロンデバイス株式会社,,,,,,,,,,,,,,,,,,,,,,,,71.9,71.9,,2025年4月1日～2026年3月31日,,2026年3月時点,2026年05月20日
6525,4010003024801,株式会社ＫＯＫＵＳＡＩ　ＥＬＥＣＴＲＩＣ,19.3,基幹的な職種,技術系,22.9,ものづくり,17.4,営業・企画,17.4,IT・DX,12.5,事務系,19.5,,,,,,,,,,,,78.8,78.3,53.7,2025年4月1日～2026年3月31日,,2026年3月時点,2026年06月26日
8439,6010401015821,東京センチュリー株式会社,12,対象正社員,総合職,16.3,業務職,3.1,,,,,,,81.8,総合職,81,業務職,87.6,嘱託社員,94.2,,,,,62.7,62.4,40.5,2025年4月1日～2026年3月31日,"・当社は男女による賃金体系及び制度上の違いはありません。
・当社は資格により異なる賃金水準を設定しておりますが、男女では資格の人員分布に差があり、それに伴う男女の賃金差異が生じております。
・当社は中期経営計画「2030」において、女性の活躍を推進し、従業員一人ひとりが多様で柔軟な働き方ができるよう、新卒採用における女性比率、および管理職に占める女性比率の維持・向上を目指すKPIを定めております。2025年度実績は「新卒女性比率57.4%」「管理職女性比率14.7%」です。",2026年3月時点,2026年06月24日
1870,6180001018506,矢作建設工業株式会社,24.7,対象正社員,,,,,,,,,,,,総合職,66.6,エリア限定職,77.2,,,,,,,61.4,62.1,97.9,2025年4月1日～2026年3月31日,"労働者の男女の賃金の差異については、男性の賃金に対する女性の賃金の割合を示しております。
なお、同一労働の賃金に差はなく、等級別人数構成の差によるものであります。",2026年3月時点,2026年08月05日
9507,9470001001933,四国電力株式会社,,,,,,,,,,,,,84,,,,,,,,,,,67.9,69.8,61.3,2025年4月1日～2026年3月31日,"対象期間：2025事業年度（2025年４月１日から2026年３月31日まで）
賃金：基本給、超過労働給与、賞与等を含み、退職手当、旅費、通勤手当等を除く。
正規雇用労働者：当社から社外への出向者を含み、他社から当社への入向者を除く。
パート・有期労働者：嘱託、嘱託医師、契約社員、定年後再雇用者、臨時職員を含み、派遣社員を除く。
(なお、短時間勤務者については、フルタイム労働者の所定労働時間（７時間40分/日）をもとに人員数の換算を行っている。)
差異についての補足説明：
・正規雇用労働者については、管理職に占める男性比率が高いことが男女間の賃金差異の主たる要因となっている。女性管理職比率の向上は、当社としても重要な課題と認識しており、女性の採用拡大に積極的に取り組むとともに、能力と意欲のある女性を積極的に管理職に登用するため、女性向けスキルアップ研修の実施や、女性管理者の個別フォロー、仕事と家庭の両立支援に取り組むことで、計画的な配置・育成を進めていく。
(なお、同一役職における男女間賃金差異は、課長級で99％となっている。)
・パート・有期労働者については、従事業務内容や勤務形態等に応じて複数の雇用区分・賃金制度を設けているが、年収水準の高い雇用区分（専門的な職種など）において男性比率が高いことが男女間の賃金差異の要因となっている。",2026年3月時点,2026年06月22日
9746,5060001002844,株式会社ＴＫＣ,,,,,,,,,,,,,,,,,,,,,,,,71.1,71.3,39.1,2024年10月1日～2025年9月30日,,2025年9月時点,2026年01月30日
6590,8020001032660,芝浦メカトロニクス株式会社,27.2,対象正社員,正社員,27.2,,,,,,,,,,正社員,68,,,,,,,,,62.6,68.5,54.3,2025年4月1日～2026年3月31日,,2026年3月時点,2026年07月16日
4578,4010001118786,大塚ホールディングス㈱,3,対象正社員,,,,,,,,,,,,正社員,73.4,,,,,,,,,91.3,91.7,87.6,2024年1月1日～2024年12月31日,,2025年10月時点,2025年10月15日
7460,6120001077581,株式会社ヤギ,20.3,基幹的な職種,,,,,,,,,,,,,,,,,,,,,,57.6,65.8,54.1,2025年4月1日～2026年3月31日,"対象期間：事業年度（25年4月1日～26年3月31日）
パート・有期社員：パート、アルバイト、契約社員を含み、派遣社員を除く
賃金：通勤手当等を除く",2026年3月時点,2026年07月16日
6383,5120001050011,株式会社ダイフク,19.9,基幹的な職種,正社員,19.9,,,,,,,,,,対象とする労働者すべて,94.3,,,,,,,,,74,77.5,69.8,2025年1月1日～2025年12月31日,,2026年1月時点,2026年07月08日
9303,7120001049002,株式会社住友倉庫,18.6,対象正社員,,,,,,,,,,,,正社員,72.5,,,,,,,,,60.8,60.7,79.1,2024年4月1日～2025年3月31日,,2025年8月時点,2025年08月22日
4182,9010001008768,三菱ガス化学株式会社,14.2,対象正社員,,,,,,,,,,,,正社員,95.3,,,,,,,,,73.2,75.6,72,2025年4月1日～2026年3月31日,"・対象期間：2025年度（2025年4月1日～2026年3月31日）
・賃金：基準賃金＋各種割増賃金＋各種手当（交替、家族、別居等々）＋賞与
・対象者：海外出向者及び出向受入者、休職者、退職者は除きます。
・男女の賃金の差異は、主に等級分布の男女差によるものです。同一労働の賃金に差はありません。
・当社では、女性従業員の採用及び管理職への登用を積極的に進めるとともに、キャリア形成支援、女性リーダーの育成、女性従業員が働きやすい環境整備に取組んでおります。",2026年3月時点,2026年06月19日
5132,7010901042439,株式会社ｐｌｕｓｚｅｒｏ,6.8,対象正社員,,,,,,,,,,,,,,,,,,,,,,,,,,,2024年10月時点,2026年01月08日
4377,8011001106991,株式会社ワンキャリア,18.1,対象正社員,,,,,,,,,,,,,,,,,,,,,,71,80.8,101.4,2025年1月1日～2025年12月31日,,2026年2月時点,2026年02月20日
9005,7011001016291,東急株式会社,15.7,対象正社員,本社一般,17.2,病院現業,6.8,有期雇用等（本社一般）,7.3,有期雇用等（病院現業）,1.5,,,,正社員,74.3,,,,,,,,,68,74.1,65.1,2025年4月1日～2026年3月31日,"女性総合職の採用を開始したのが1988年であり、2000年代中盤まではその採用数が少なかったため、結果として上位職に男性が多く、上記差異が発生する要因となっています。
差異縮小に向けて、性差別のない採用・配属・登用・処遇を実施し続けているだけでなく、「2026年度末までに管理職に占める女性比率18%以上」「新卒総合職採用における女性比率40%以上」といった目標を設定し、女性向けセミナーの開催や女性限定の外部研修に積極的に派遣するなど、女性活躍施策を積極的に推進しています。",2026年3月時点,2026年07月27日
4828,9010001101119,ビジネスエンジニアリング株式会社,,対象正社員,正社員,,,,,,,,,,77.7,,,,,,,,,,,77.7,77.6,,2025年4月1日～2026年3月31日,"対象期間：2025事業年度（2025年4月1日から2026年3月31日まで）
賃金　　：基本給、超過労働に対する報酬、賞与等を含み、通勤手当等を除く。
正社員　：出向者については、当社から社外への出向者を含む。
有期社員：定年後再雇用社員を含み、派遣社員を除く。非正規雇用労働者は男性のみ在籍しているため算出不可",2026年3月時点,2026年07月02日
E23582,8010001120391,株式会社日本政策金融公庫,14.7,対象正社員,総合職,11.4,地域総合職,8.6,エリア職,4,出向受け入れ者,8,有期雇用フルタイム,3.5,,,,,,,,,,,,58.2,69.5,65.2,2025年4月1日～2026年3月31日,"・対象期間は2025年４月１日から2026年３月31日までです。
・男女の賃金の額の差異について、全労働者は正社員とパート・有期社員を含んでいます。パート・有期社員は、パートタイマー、再雇用職員、契約職員を含み、派遣社員を除いています。また、パート労働者についてはフルタイム労働者の所定労働時間（７時間20分/日）をもとに人員数の換算を行っています。
・賃金は、基本給、超過労働に対する報酬、賞与等を含み、退職手当、通勤手当等を除いています。
・給与体系は男女ともに同一です。正社員の男女の賃金の額の差異の主な要因は、男性における上位の役職の比率が、女性における上位の役職の比率よりも高いことによるものです。パート・有期社員の男女の賃金の額の差異の主な要因は、女性は相対的に給与水準が低いパートタイマーの割合が高く、男性は相対的に給与水準が高い再雇用職員の割合が高いことによるものです。全労働者の男女の賃金の額の差異の主な要因は、前記に加え、パート・有期社員よりも相対的に給与水準が高い正社員に占める男性の割合が高く、パート・有期社員に占める女性の割合が高いことによるものです。継続的な女性活躍推進の取組みにより女性における上位の役職の比率が増加しており、男女の賃金の額の差異は継続して縮小しています。",2026年4月時点,2026年07月08日
5401,3010001008848,日本製鉄株式会社,0,対象正社員,,,,,,,,,,,80,マネジメントグループ,63.3,アシスタントマネジメントグループ,73.7,グローバルグループ,81.4,エリアグループ,84.3,,,67.1,67.1,83.1,2025年4月1日～2026年3月31日,"正規雇用労働者においては、それぞれの社員の役割とそれに伴う配置のあり方に応じて5つの区分を設定し、区分別の給与制度としている。
各区分の給与制度及び評価・運用は、男女の別なく全社員同一としているが、同一区分内でも男女における平均勤続年数が異なること、男女それぞれの社員数に占める各区分の構成比が異なることから、賃金差異が発生している。
当社では、多様な社員が、生産性高く、持てる力を最大限発揮し、誇りとやりがいをもって活躍できる企業の実現を目指す観点から、DEIの取組みを進めており、その主要項目としてジェンダーギャップ解消を掲げ、各種施策を推進している。今後も女性の管理職登用に向けた育成に加え、女性のさらなる定着・向上に向けた環境整備を引き続き実施していくことで、男女の賃金差異は解消していくものと考えている。",2026年3月時点,2026年06月29日
290A,4010001189902,株式会社Ｓｙｎｓｐｅｃｔｉｖｅ,,,,,,,,,,,,,,,,,,,,,,,,79.3,83.5,69,2025年1月1日～2025年12月31日,※契約社員には、正社員と同等待遇のエンジニアの男性が含まれています。該当社員を除いた契約社員の男女差異は92.1%です。,2024年12月時点,2026年05月08日
8613,1010001057236,丸三証券株式会社,19,対象正社員,総合職,26.4,エリア職,1.3,,,,,,,68.9,対象とする労働者すべて,68.9,正社員,67.7,総合職,61.7,エリア職,83.5,,,69,61.7,101,2025年4月1日～2026年3月31日,総賃金は「源泉徴収簿」の総支給金額、人員数は各月末人員を基に集計。非正規雇用労働者には投信債券歩合外務員を含む。,2026年3月時点,2026年06月15日
7575,2010701020987,日本ライフライン株式会社,10.6,対象正社員,総合職,12.8,一般職,4.2,,,,,,,62,総合職,57,一般職,79,,,,,,,43.9,54.9,66.2,2025年4月1日～2026年3月31日,,2026年4月時点,2026年06月29日
6841,4012401012569,横河電機株式会社,16.7,その他,正社員,18.9,期間社員,8.6,,,,,,,,正社員,100.9,,,,,,,,,77.1,77.2,79.3,2025年4月1日～2026年3月31日,,2026年3月時点,2026年05月13日
4063,5010001008680,信越化学工業株式会社,,,,,,,,,,,,,,対象とする労働者すべて,75.8,,,,,,,,,78.6,80.9,36.3,2025年4月1日～2026年3月31日,"・賃金：退職手当、通勤手当を除く。
・正社員：社外への出向者を含む。
・管理職に占める男性労働者の割合が高いことと交代勤務に対する手当の対象となる男性労働者の全労働者に占める割合が高いことが格差に影響している。",2026年3月時点,2026年05月21日
E21951,9010001120408,株式会社商工組合中央金庫,18.3,対象正社員,,,,,,,,,,,,営業店,78.8,本部,74.1,,,,,,,43.3,50.4,60.1,2025年4月1日～2026年3月31日,女性を含む多様な人財の活躍推進にあたっては現在検討している人事制度改正に取り組むほか、管理職や採用に占める女性従業員の割合を高めていく等、社内環境整備に取り組んでまいります。,2026年4月時点,2026年07月13日
8304,9010001016861,株式会社あおぞら銀行,,,全国職,15.9,地域職,5.5,IT職,22.3,無期型契約行員,9.2,,,,,,,,,,,,,,67.9,67.1,68.6,2025年4月1日～2026年3月31日,"男女間の賃金格差は67.9%です。この格差の最大の要因は、管理職層に占める女性の比率が低いことにあります。加えて、注力分野である投資銀行ビジネス等で活躍する女性がまだ少ないことや、勤続年数の長い女性従業員がバックオフィス業務等特定の職務領域や等級に留まる傾向があることも要因です。なお、 2020年度に実施したキャリアコースの統合により、同一等級・同一職務においては性別による評価・賃金の差はありません。
　これらの課題を解決するため、当行は女性従業員の能力を最大限活用するための公正な機会提供を継続し、戦略的な人材育成や人材配置、組織全体の意識改革を推進することで、女性管理職および上位等級への昇格者を中長期的に増やしていきます。こうした施策の結果として、男女間の賃金格差は着実に縮小していくものと考えています。",2026年7月時点,2026年07月27日
7012,1140001005719,川崎重工業株式会社,21.9,対象正社員,事技職,25.7,生産職,20.1,,,,,,,,無期雇用者,82.3,,,,,,,,,69,68.9,79,2024年4月1日～2025年3月31日,,2024年4月時点,2026年07月09日
8747,6010001059649,豊トラスティ証券株式会社,8,対象正社員,,,,,,,,,,,,,,,,,,,,,,69.7,70.8,46.5,2025年4月1日～2026年3月31日,,2026年4月時点,2026年06月26日
6013,4140001053517,株式会社タクマ,23.9,対象正社員,総合職,25.8,一般職,6.1,作業員,21.1,,,,,71.4,総合職,69.9,一般職,84.7,作業員,73.1,,,,,66.7,67.5,67,2025年4月1日～2026年3月31日,,2026年3月時点,2026年06月24日
2998,3010401093663,クリアル株式会社,,,,,,,,,,,,,,,,,,,,,,,,58.3,60.2,43.3,2025年4月1日～2026年3月31日,,2026年4月時点,2026年04月10日
5803,2010601007861,株式会社フジクラ,23.2,対象正社員,,,,,,,,,,,,全社員,66.8,,,,,,,,,76.6,78.2,55.1,2025年4月1日～2026年3月31日,"【注釈】
・対象期間：　2025年4月1日～2026年3月31日
・正規労働者：　期中入退社、当社からの国内出向者を含み、他社からの受入出向者、休業・休職者、海外出向者は除く。
・パート・有期雇用労働者：　定年後再雇用、嘱託社員（契約社員）、顧問を含み、派遣社員を除く。
・賃金：給料、賞与、手当等（通勤手当を含む）
・パート社員は週所定労働日数や1日の勤務時間数を換算せず、実績値で算出している。
【説明】
＜正規労働者＞
給与体系は男女同一の体系を適用しております。男女間で賃金差異が生じている主な要因は、上位役職者における女性比率が低いことや、育児等を理由とした短時間勤務や定時退社をしている割合が女性に多く見られること等が挙げられます。2028年度までに女性管理職比率6.0%以上を目標とし、女性の採用、育成・登用を推進するとともに、男女問わず仕事と家庭の両立や育児への参画を促すため、男性の育児休業取得促進にも積極的に取り組んでおります。
＜パート・有期雇用労働者＞
相対的に賃金が高い定年後再雇用の男性が多いため、差異が生じております。",2026年3月時点,2026年06月01日
8117,3120001067115,中央自動車工業株式会社,,,,,,,,,,,,,,正社員,65.2,,,,,,,,,,,,,,2026年3月時点,2026年06月23日
4540,1010401069161,株式会社ツムラ,15.6,対象正社員,管理職,20,プロフェッショナル,16.6,マイスター,11.4,,,,,76.9,全従業員,76.9,,,,,,,,,78.8,78.6,75.9,2025年4月1日～2026年3月31日,2025年4月1日～2026年3月31日,2026年3月時点,2026年07月01日
4204,1120001059650,積水化学工業株式会社,20.3,対象正社員,,,,,,,,,,,68.4,,,,,,,,,,,71.8,71.8,107.4,2025年4月1日～2026年3月31日,人事制度上の賃金格差はなく、労務構成（年齢および資格）比によるものです。,2026年3月時点,2026年06月17日
E01514,3180301014273,株式会社豊田自動織機,24.3,その他,事務職,16.7,技術職,29.4,技能職,23.8,期間従業員直接,16.8,パート,0,,その他,101.7,,,,,,,,,68,67.1,83.2,2025年4月1日～2026年3月31日,正規社員賃金の男女差は、入社時職種の違い等により高資格者の割合が男性のほうが高いこと、平均勤続年数および交替勤務者の割合が男性のほうが高いこと等により、男女の賃金の差異が発生,2026年3月時点,2026年07月17日
8050,9010001034797,セイコーグループ株式会社,9.4,対象正社員,正社員,9.4,非正規社員,2.5,,,,,,,78.3,正社員,78.3,,,,,,,,,79.1,79,62.3,2025年4月1日～2026年3月31日,"※育児・介護、病気等による欠勤・休職者は人員数に含めておりません
※送出出向者については、出向元会社にて集計しております",2026年3月時点,2026年06月04日
268A,7010001214351,リガク・ホールディングス株式会社,,,,,,,,,,,,,,,,,,,,,,,,65.1,67.4,42.6,2025年1月1日～2025年12月31日,,2026年3月時点,2026年05月19日
7164,8010001008694,全国保証株式会社,15.3,対象正社員,,,,,,,,,,,,,,,,,,,,,,63.6,66.1,78.8,2025年4月1日～2026年3月31日,,2026年3月時点,2026年06月29日
7381,5220001024450,株式会社ＣＣＩグループ,5.1,基幹的な職種,総合職,5.1,臨時雇員,0.9,ビジネススタッフ,0,,,,,,総合職,83,臨時雇員,66.9,ビジネススタッフ,103.6,,,,,56.3,60.4,54.4,2025年4月1日～2026年3月31日,従来の人事制度では、勤続年数や「総合職・一般職」といったコース区分により、同じ業務内容（ジョブ サイズ）でも男女間に大きな賃金格差が生じていました。キャリア型人事制度開始以降のキャリア給の見直しでは、性別に関係なくジョブサイズに応じた公正な評価制度を導入し、役割ごとの賃金格差は大幅に縮小されました。一方で、女性比率が低い事業領域や上位職位における構成比の差が、男女賃金差異に影響していることを確認しています。（統合報告書参照）,2026年3月時点,2026年07月31日
4041,1010001008833,日本曹達株式会社,5.2,対象正社員,基幹職,6.8,一般職（主に製造）,4.2,実務職,2.7,,,,,76.9,基幹職,66.8,一般職（主に製造）,84.2,実務職,80.7,,,,,77.4,76.2,86.2,2024年4月1日～2025年3月31日,"2024年4月～2025年3月に支給した給与・賞与
正規雇用：正社員
非正規雇用：嘱託社員、定年再雇用社員
受入出向者除く",2025年3月時点,2025年09月10日
6367,8120001059660,ダイキン工業株式会社,17.7,対象正社員,正社員,17.7,,,,,,,,,,正社員,94.8,,,,,,,,,81.6,83,69.1,2025年4月1日～2026年3月31日,"正規労働者の賃金差は、平均勤続年数が約5.3年（男性17.6年、女性12.3年）短く、また女性社員のうち66.7%が20代・30代（2026年３月時点）という年齢構成も影響し、結果として女性の上位資格者及び管理職の数が少ないことが主な要因です。当社は一般職／総合職の区分を2001年に廃止し、賃金は性別に関係なく同一の基準を適用しております。また、2005年以降、女性の積極的な採用を継続しており、賃金差は徐々に縮小していく傾向にあります。例えば、ダイキン工業㈱の正規雇用労働者の男女の差異は、2023年度81.6％、2024年度82.1％、2025年度83.0％となっております。
当社における「非正規労働者」の雇用形態は幅広く、65歳以降の再雇用者や嘱託、契約社員、パートタイマー等が含まれます。
仕事内容や役割が個人によって大きく異なるため、結果として賃金差が発生しておりますが、同じ業務における賃金は男女同一の基準を適用しており、性別を理由とする差は発生しておりません。例えば、非正規労働者のうち最も人数の多い再雇用者（女性41名、男性782名）においては、女性：男性＝97.6%：100%となっております。",2026年3月時点,2026年08月07日
8066,7210001004022,三谷商事株式会社,,,,,,,,,,,,,,,,,,,,,,,,52.8,59.6,49.5,2025年4月1日～2026年3月31日,,2026年3月時点,2026年07月02日
9024,5013301022087,株式会社西武ホールディングス,25.2,対象正社員,正社員,26.2,プロフェショナル社員 （無期）,15.1,プロフェショナル社員 （有期）,14.1,,,,,,正社員,69.8,,,,,,,,,71.7,68.7,99.1,2024年4月1日～2025年3月31日,,2025年3月時点,2026年05月01日
6301,1010401010455,株式会社 小松製作所,,,,,,,,,,,,,,正社員,103,,,,,,,,,79.5,80,68,2025年4月1日～2026年3月31日,当社では、正式社員・有期雇用者等のいずれにおいても男女では賃金規定等の制度上の差を設けていません。男女の賃金差異については、管理職の割合や等級別の割合、勤続年数等の労務構成差によるものです。,2026年3月時点,2026年08月06日
8331,2040001000019,株式会社　千葉銀行,4.8,対象正社員,職員,7.8,その他,1,,,,,,,,職員,82.8,その他,95.1,,,,,,,53.6,71.6,74.8,2025年4月1日～2026年3月31日,"※1短時間勤務者等の正規労働者と比して所定労働時間が少ない従業員については、該当者の労働時間に対して、当行の標準的な所定労働時間を除した人員数に換算して、計算しています。
※2他社への出向者及び海外赴任者は対象外としています。
※3同一の役割であれば男女で賃金やその他処遇の差は設けていませんが、正規雇用労働者より賃金水準の低い有期雇用労働者の約90％が女性であることから、「全労働者」の賃金格差が「正規労働者」のみの賃金格差に比べ大きくなっています。また、管理職の従業員について男性比率が高いことが、男女の賃金格差の要因となっています。",2026年3月時点,2026年07月30日
4448,9120901014004,株式会社ｋｕｂｅｌｌ,,,,,,,,,,,,,,正社員,79.7,,,,,,,,,,,,,,2022年12月時点,2023年10月31日
4914,2010801006894,高砂香料工業株式会社,11.5,対象正社員,,,,,,,,,,,,正社員,84.1,,,,,,,,,83.1,83.9,67.8,2025年4月1日～2026年3月31日,"対象期間：令和7事業年度（2025年4月～2026年3月）
正規雇用労働者：当社から社外への出向者、他社から当社への出向者を除く
非正規雇用労働者：有期雇用、常勤者が該当
賃金：通勤手当等を除く",2026年5月時点,2026年07月02日
6762,7010001034849,ＴＤＫ株式会社,17,対象正社員,グローバル人材群,19.7,エリア人材群,11.5,,,,,,,73.4,正規雇用労働者,72.8,非正規雇用労働者,80,,,,,,,72.5,72.3,63.5,2025年4月1日～2026年3月31日,"1．「女性の職業生活における活躍の推進に関する法律」(平成27年法律第64号)の規定に基づき算出したもので
あります。
2．提出会社であるTDK株式会社の労働者の男女の賃金差異については、報酬体系および処遇は男女同一ですが、
女性に比べて男性における管理職比率が高い事が主な要因です。当社は女性活躍の機会拡大と女性管理職比
率の向上を重要課題と認識しており、創業100年にあたる2035年にTDK株式会社の女性管理職比率を15％にす
ることを目標としており、DE＆I推進の意義の浸透、各種セミナーやメンタリングプログラム等、インクル
ーシブな職場環境の醸成や女性リーダーの育成に向けた取り組みを継続しています。その結果、活動が始ま
った2020年から、女性管理職比率は2倍以上に向上しています。",2026年3月時点,2026年06月30日
7309,3120101003399,株式会社シマノ,27.1,対象正社員,,,,,,,,,,,,,,,,,,,,,,74.9,79.2,63.6,2025年1月1日～2025年12月31日,"【対象期間】2025年1月～12月
【対象者】直接雇用している社員（派遣社員は除く）
【賃金の範囲】社員に支払われる総支給額（退職手当は除く）
【差異についての補足説明】
・上記３分類（全労働者、正規、非正規）は厚生労働省指定に基づく分類になります。より詳細の実態をご理解頂けるよう、雇用区分別にお示ししています。
・また、当社の賃金制度は、性別や国籍、新卒・経験者採用に関わらず、「能力」と「役割」で賃金を決定する仕組みとしており、男女の差は設けておりません。

賃金差の背景は、個々人が身につけている能力をベースに、 担う役割・希望に合った働き方を選択した結果となります。",2026年2月時点,2026年02月19日
1888,6290801012011,若築建設株式会社,34.9,対象正社員,総合職,38,専任職,13.8,一般職,10.9,,,,,,,,,,,,,,,,59.8,66.6,50.2,2025年4月1日～2026年3月31日,"正規・非正規ともに女性の採用を強化したことで、勤続年数が少なく、まだ賃金が低い女性社員が増え、
結果として賃金差異が発生していますが、同職掌・同資格において男女の賃金格差はありません。",2026年3月時点,2026年04月28日
2282,6120001077615,日本ハム株式会社,16.7,基幹的な職種,正規従業員,19.7,パートナー社員,11.6,,,,,,,61.1,正規従業員（管理職を含む）,56.2,正規従業員（一般職のみ）,60.4,パートナー社員,74.1,,,,,73.5,73.9,80.8,2025年4月1日～2026年3月31日,,2026年3月時点,2026年06月26日
E03823,2010001008824,東京海上日動火災保険株式会社,13.4,基幹的な職種,従業員,13.4,,,,,,,,,,従業員,86.2,,,,,,,,,54.7,52.2,66.1,2024年4月1日～2025年3月31日,"≪注釈≫
１．正規雇用労働者の社員区分には、勤務地を限定しない「総合職」および勤務地を限定する「総合職（エリア限定）」があり、勤務地限定の有無により相対的に「総合職」の賃金水準が高くなっています。「総合職」に男性が多いことおよび相対的に男性の勤続年数が長いことから上表の差異が表れていますが、性別によって賃金に差異は設けていません。社員区分ごとおよび勤続年数ごとの男性の賃金に対する女性の賃金の割合は以下のとおりです。
勤続年数
1～10年（総合職）89.5％（総合職（エリア限定））95.5％
11～20年（総合職）88.2％　（総合職（エリア限定））93.5％
21～30年（総合職）94.2％（総合職（エリア限定））115.5％

２．非正規雇用労働者については従事する業務ごとに職種を定めています。賃金の差異は、賃金水準が相対的に高く男性比率が高い特定の職種の構成比が大きいことを主因として生じているものであり、性別によって賃金に差異は設けていません。

≪対応策≫
2026年4月に以下の人事制度・運用変革を実現し、全ての社員が持てる力を最大限発揮できる環境を実現します。
・My Aspiration（社員一人ひとりの想い）を起点とした転居転勤政策への転換
「総合職」「総合職（エリア限定）」の勤務地区分を廃止し、「総合職」に統一するとともに、全ての総合職が「本拠地」を定め、毎年、転居転勤への同意有無を申告する制度を導入
・成果・実力・職責に応じた評価・処遇
「4つのフリー（注）」の考え方を軸に、属性によらず、成果・実力・職責に応じて適正に評価・処遇する制度・運用へと変革

また、仕事とライフ（育児・介護）の両立支援策のさらなる拡充を図ります。
・スーパーマイセレクト制度（5時から22時までの間で、始業および終業時刻の変更を可能とする制度）やリモートワーク等により、時間・場所を問わず柔軟な働き方を実現
（注）東京海上日動火災保険株式会社がDE&I推進のために掲げる4つの方針：ジェンダーフリー（LGBTQへの取組みや性別の壁の打破）、エイジフリー（入社年次や社員間の年齢の壁の打破）、ボーダーフリー（コース区分・国籍・障がい・キャリア採用等の壁の打破）、ワークスタイルフリー（個々人のライフスタイルに合わせた働き方の壁の打破）

≪目標開始日≫2025年4月1日",2025年3月時点,2026年07月02日
7267,6010401027577,本田技研工業株式会社,19.3,その他,正社員,21,嘱託従業員,11.3,期間従業員,2.6,,,,,,その他,96.7,,,,,,,,,72.8,74.3,96.5,2025年4月1日～2026年3月31日,,2026年6月時点,2026年07月24日
7199,8010001168159,プレミアグループ株式会社,,,総合職,23.5,エリア総合職,11.9,テレワーク職,0.4,契約社員,18.2,アルバイト,0,68.1,,,,,,,,,,,,,,,,2025年3月時点,2026年05月25日
4183,4010401052081,三井化学株式会社,,,,,,,,,,,,,,,,,,,,,,,,84.8,85.3,68.3,2025年4月1日～2026年3月31日,"対象：三井化学籍かつ三井化学本体就業中社員（関係会社出向者を含まず）
注１.正規雇用労働者はフルタイムの正規雇用者であり、有期雇用者を除いております。
注２.パート・有期労働者は、有期雇用の嘱託社員を含み、派遣社員を除いております。
注３.同一の職位や役割において労働条件に男女間の差異は無く、それぞれにおける差異は、職位別の構成人成人数の差異によるものであります。なお、管理職、非管理職層ごとに分けて比較した場合についても記載のとおりであり、差異は縮小する傾向にあります。",2026年3月時点,2026年07月22日
6486,2010401002451,イーグル工業株式会社,17.2,対象正社員,,,,,,,,,,,,正社員,88,,,,,,,,,75.3,81.2,53.7,2025年4月1日～2026年3月31日,,2026年3月時点,2026年07月10日
9743,3010501007440,株式会社丹青社,18.2,対象正社員,営業（無期雇用・業務非限定社員）,17.4,制作（無期雇用・業務非限定社員）,25.7,デザイン（無期雇用・業務非限定社員）,18.2,スタッフ（無期雇用・業務非限定社員）,5,,,,営業（無期雇用社員）,56.3,制作（無期雇用社員）,53.7,デザイン（無期雇用社員）,55.6,スタッフ（無期雇用社員）,65.6,,,76.5,78.2,62.2,2025年2月1日～2026年1月31日,"非正規雇用労働者のうち再雇用（６０歳以上）労働者・・・96.5％
非正規雇用労働者のうち有期契約（６０歳未満）労働者・・・3.5%
非正規雇用労働者のうち有期契約（６０歳以上）労働者・・・0.0%

数年前より女性の新卒採用を強化しているため、２０代の差異はその他年代と比較して少ない傾向。",2026年1月時点,2026年04月30日
1777,2180001035307,川崎設備工業株式会社,,,,,,,,,,,,,,,,,,,,,,,,71.6,75.6,54.2,2025年4月1日～2026年3月31日,,2026年3月時点,2026年05月27日
9506,4370001011311,東北電力株式会社,23,対象正社員,正社員,23,,,,,,,,,,正社員,79,,,,,,,,,69.4,68.7,67.8,2025年4月1日～2026年3月31日,"正規雇用労働者は、男女それぞれの管理職比率、年齢構成、諸手当の受給状況等が差異の要因となっております。管理職の比率について、女性は女性全体に占める管理職比率が２割を下回る一方、男性は管理職比率が５割以上を占めており、等級構成の差が差異の主な要因となっております。また、役割発揮や能力発揮に伴い、年齢が上がるにつれて、相対的に賃金が高くなる傾向にありますが、正規雇用労働者に占める女性の割合は、年齢が上がるにつれて減少する傾向にあることが、差異の一因となっております。さらに、扶養手当等の諸手当について、手当の性質上、男性が受給するケースが多く、受給者の大半が男性であることが差異の一因となっております。
パート・有期労働者は、その業務内容や技能水準等により複数の雇用区分があり、雇用区分ごとに処遇水準および男女の人員数が異なります。パート・有期労働者のうち、定年後再雇用者は、定年退職後、社員時代に培った熟練した技能や豊富な知識を活かして業務に従事していることから、処遇水準が相対的に高い傾向にあり、その人員構成は男性の割合が高くなっています。一方、短時間労働の有期労働者（臨時員）は、簡易な事務補助に従事していることから、処遇水準が相対的に低い傾向にあり、その人員構成は女性の割合が高くなっております。これらの男女の人員数の差が、パート・有期労働者全体での賃金差異の要因となっています。なお、臨時員においては、正規雇用労働者の労働時間（１日８時間）を基に人員数の換算を行っております。",2026年5月時点,2026年06月05日
6254,2021001020322,野村マイクロ・サイエンス株式会社,,,対象とする労働者すべて,6.6,,,,,,,,,71.8,,,,,,,,,,,74.3,75.9,51.2,2025年4月1日～2026年3月31日,"この差異は、給与が高くなる傾向にある勤続年数の長い社員における男性比率が高いこと、
また、給与の高い職位の社員における男性比率が高いことが主な要因であります。
そのため、男女賃金差異の解消として、職場環境の整備等により、女性の多様な働き方を支援することで
長期就業に繋げると共に女性管理職候補者への育成を目的とした研修等を行い、
女性管理職比率の向上に取り組んでおります。
パート社員については、正規雇用労働者の所定労働時間等の労働時間を参考として、人員数を換算しております。",2026年6月時点,2026年06月29日
6742,6020001017093,株式会社京三製作所,19.7,対象正社員,基幹的な職種,19.7,,,,,,,,,,,,,,,,,,,,68.4,73.4,48.3,2023年4月1日～2024年3月31日,,2023年3月時点,2024年12月25日
4114,9120001077620,株式会社日本触媒,17.2,その他,,,,,,,,,,,,その他,83.1,,,,,,,,,82.6,83.9,61.8,2025年4月1日～2026年3月31日,"賃金　 ：基本給、交替手当、時間外手当ほか手当・賞与を含み、通勤手当・退職金を除く

出向者：当社から他社への派遣、他社から当社への受入ともに除く

休職者：育児休職・介護休職ほか対象期間中に勤務実績がない者を除く",2026年3月時点,2026年07月22日
2002,8010001008736,株式会社日清製粉グループ本社,20.3,対象正社員,,,,,,,,,,,,正社員,76.6,,,,,,,,,70.1,76.4,48,2024年4月1日～2025年3月31日,正規雇用労働者において、男女間の賃金差が生じている主な要因は、役職や等級等の男女構成差が生じているためであり、賃金制度における男女の差はありません。パート・有期労働者において、男女間の賃金差が生じている主な要因は、定年退職後に管理職相当の役割を担う有期雇用者等の男女構成差が生じているためであり、同一労働の賃金に差はありません。女性活躍の機会を拡充するため、採用活動の強化、仕事と家庭の両立支援及び社内外研修への派遣等の取組みを実施しております。,2025年3月時点,2025年12月24日
5471,6180001037514,大同特殊鋼株式会社,,,,,,,,,,,,,,,,,,,,,,,,75.2,76.1,79.4,2025年4月1日～2026年3月31日,当社において、賃金体系及び昇進・昇級などの制度上に違いはありません。ただし、職種間や管理職比率等の偏りから、賃金格差が生じております。,2026年3月時点,2026年07月29日
2811,2180001035109,カゴメ株式会社,12.7,その他,総合職,20.2,技能職,12.8,業務職,14.2,嘱託社員,9.7,契約社員,6.8,,対象とする労働者すべて,78.2,,,,,,,,,67.6,70.5,81.6,2025年1月1日～2025年12月31日,"■データ算出に関する付記事項
・正社員：取締役を除く社員
・パート､有期社員：直雇用の有期無期契約社員、嘱託
・賃金：給料、賞与、手当等（通勤手当を含む）
※集計対象にはカゴメ株式会社の他に、カゴメアクシス株式会社、 カゴメアグリフレッシュ株式会社、その他の社外出向者も含む。

■差異に関する補足説明
正社員の年代別差異は50代・63%、40代・76%、30代・84%、20代・103%となっている。
現状40代・50代が中心層である当社管理職に占める女性割合は12%（2026年4月時点）であり、差異縮小に向け、長期ビジョンとして掲げている「2040年頃までに各職位の女性比率50％」に則った採用や管理職登用等の女性活躍施策を計画的に推進している。",2026年4月時点,2026年05月26日
9501,1010001008825,東京電力ホールディングス株式会社,24.2,その他,事務系,25.7,技術系,25.2,定年後の再雇用者,11.9,嘱託社員,9,,,75.6,,,,,,,,,,,83.5,82.8,82,2025年4月1日～2026年3月31日,,2026年3月時点,2026年06月04日
8074,5010001034958,株式会社ＹＵＡＳＡ,,,,,,,,,,,,,,対象とする労働者すべて,70.5,,,,,,,,,57.7,58.5,44.6,2025年4月1日～2026年3月31日,"対象期間:2025年度(2025年4月1日～2026年3月31日)
アルバイト労働者については、正規雇用労働者の所定労働時間(1日7時間)で換算した人員数を基に平均年間賃金を算出しています。
同一職掌、同一役割等級での在籍年数および評価が同一社員の男女間の賃金差はありません。",2026年3月時点,2026年06月09日
3762,4010401058467,テクマトリックス株式会社,16.3,対象正社員,,,,,,,,,,,,,,,,,,,,,,80.1,80.8,61.2,2025年4月1日～2026年3月31日,,2026年3月時点,2026年07月03日
E38031,4010001226242,ロジスティード株式会社,28.4,対象正社員,事務技術職,28.1,技能職,32.3,限定社員,12.6,,,,,67.9,,,,,,,,,,,75.9,76.3,55.3,2025年4月1日～2026年3月31日,"＜対象期間＞
・令和7事業年度（令和7年4月1日から令和8年3月31日まで）

＜賃金＞
・基本給、超過労働に対する報酬、賞与等を含み、退職金、通勤手当等を除く。

＜正規雇用労働者＞
・出向者については、在籍元の正規雇用労働者とする。
・勤務地は日本国内のみとする。
・該当雇用区分：理事、社員、試用員

＜非正規雇用労働者＞
・パート労働者、有期雇用労働者とし、派遣社員を除く。
・短時間勤務者については、正規雇用労働者の所定労働時間に基づき、4時間以下の場合は人員数を0.5人に換算した人員数を基に平均年間賃金を算出している。
・該当雇用区分：限定社員、有期社員、有期限定社員、シニア社員

＜補足説明＞
・正規労働者における男女の賃金差の主な要因は、管理職の割合が女性よりも男性の方が多く、また属人的な手当(扶養地域手当等)は、制度上は性別を問わず支給対象であるものの、実態として該当者が男性の方が多いため。さらに育児のための短時間勤務制度の利用者が依然として女性に集中していることも影響している。
・非正規雇用における男女の賃金差の主な原因は、女性は一般職に集中する一方で、男性は非正規であっても管理職の役割を担っている。また属人的な手当(扶養地域手当等)は、制度上は性別を問わず支給対象であるものの、実態として該当者が男性の方が多いため。
・女性活躍推進の観点から、女性役職者の増加に向け、役職候補向けの意識づけ研修や候補者の上司向け研修を実施している。",2026年3月時点,2026年05月21日
6417,3011001057538,株式会社 三共,18.7,対象正社員,,,,,,,,,,,52.5,,,,,,,,,,,63.6,62.6,140,2025年4月1日～2026年3月31日,"１ 「女性の職業生活における活躍の推進に関する法律」の規定に基づき算出したものであります。
２ 「育児休業、介護休業等育児又は家族介護を行う労働者の福祉に関する法律」（1991年法律第76号）の
規定に基づき、「育児休業、介護休業等育児又は家族介護を行う労働者の福祉に関する法律施行規則」（1991年労働省令第25号）第71条４第１号における育児休業等の取得割合を算出したものであります。",2026年3月時点,2026年06月11日
7701,6130001021068,株式会社島津製作所,8.5,対象正社員,正社員,8.5,,,,,,,,,79.5,正社員,79.5,,,,,,,,,68,74.5,50.4,2025年4月1日～2026年3月31日,"・「女性の職業生活における活躍の推進に関する法律」（平成27年法律第64号）の規定に基づき算出したものです
・当社の賃金は性別に関係なく、職責・能力等により同一基準を適用しています",2026年3月時点,2026年07月01日
1898,1010401015438,世紀東急工業株式会社,,,,,,,,,,,,,,,,,,,,,,,,57.6,60.1,58.5,2025年4月1日～2026年3月31日,,2026年3月時点,2026年05月14日
E03532,6010001008845,株式会社みずほ銀行,20.1,対象正社員,カンパニー,22.2,ユニット,22.4,グループ,16.9,無期契約フルタイム,2.4,無期契約パートタイム,0,,対象とする労働者すべて,90.3,,,,,,,,,47.6,55.9,43.4,2024年4月1日～2025年3月31日,"■処遇決定方法
〈みずほ〉では、性別に関係なく一人ひとりの職責や職務の内容等に応じて処遇を決定しております。
■賃金差異の主要因
女性と比較して、男性の方が、①管理職が多いこと②勤務時間が長いこと等によるものです。
なお、従来は旧人事制度における給与水準が高い転勤区分の社員が多いことも主要因の一つであったところ、転勤区分による差については、2024年度に給与体系を一本化しました。新しい人事制度では、転勤可否の区分に関わらず、社員ごとの役割に応じた給与水準となっています。
■今後の方針
管理職に占める女性の割合については、日本において2030年代の早期に各階層で30％以上とする目標を設定し、戦略的な人材育成や人材配置等により実現を図っていきます。あわせて、2024年度から本格運用を開始した新しい人事の枠組み〈かなで〉のもと、女性のキャリアアップや、社員の生産性向上による勤務時間差異の解消に向けた取り組みを強化し、男女の賃金の差異の縮小に努めてまいります。
詳細は人的資本レポートをご参照ください。

人的資本レポート
https://www.mizuho-fg.co.jp/csr/mizuhocsr/report/index.html#human_capital",2025年3月時点,2026年01月13日
8113,8500001014833,ユニ・チャーム株式会社,12.6,その他,営業・マーケ （地域）,10.6,営業・マーケ （全国）,24.2,開発・設備 （地域）,8.7,開発・設備 （全国）,12.6,その他（地域）9.2時間,12.4,,正社員,73.7,,,,,,,,,65.5,76.6,52.6,2025年1月1日～2025年12月31日,"対象：対象は単体
・休業・休職により無給となった社員は除く
・短日勤務・短時間勤務者の基本給は通常勤務の場合の算定基本給を設定

賃金差の要因として、
・正規社員は、女性社員比率(約3割)、女性管理職比率（日本14.4%）が少ないこと、勤続年数が女性社員の方が短い(男性15年、女性12年）こと、その他扶養手当や地域手当等の手当が男性社員に多く支払われていること等が影響しています。また、幹部社員（管理職）の男性比率が高いため賃金差が生じているが、同一資格における男女賃金差は小さい傾向です。
・非正規社員は、定年再雇用後の給与水準が高い男性社員の方が多いこと、勤続年数の短い女性社員が多いこと、賃金の低いパートタイマーが女性社員にしかいないことが差異の要因となっています。
正規・非正規労働者の区別なく給与規程や評価制度において男女で差異を設けておりません。

賃金格差を縮小するための対応として下記の施策を行います。
・どのような属性の社員にも成果と関係がない諸手当を見直し、不公平が生じないような報酬体系に変更をしていく。
・出産・育児がハンデにならない評価・処遇制度の検討。
・男性育児休業取得の推進。
・配置や役割、職務の難易度、能力開発機会の与え方、評価等で、男女で異なる取扱いをしていないかを現場レベルでチェック。
・アンコンシャスバイアス研修など、ダイバーシティ＆インクルージョンを推進し社内風土・意識改革。
・女性管理職比率を上げるためにメンター制度や「Room＋」制度を拡充し意欲ある人材に機会を用意していく。",2025年12月時点,2026年03月06日
4548,9010001048285,生化学工業株式会社,24.2,対象正社員,,,,,,,,,,,,,,,,,,,,,,74.9,83.4,68.8,2024年4月1日～2025年3月31日,,2024年3月時点,2025年11月27日
9962,6010601006372,株式会社ミスミグループ本社,19.7,その他,メンバー,19.7,リーダー（管理監督者）,30.9,ディレクター（管理監督者）,34.3,,,,,,正社員（社員区分A）,71.3,,,,,,,,,63,68.7,59.7,2024年4月1日～2025年3月31日,"・当社は人種・国籍・性別等による差別は一切行わず、性差による賃金格差も許容しません。階層別の男女間賃金格差は上記の通りであり大きな格差はありません。
・上記に加え、女性労働者に本人希望によるパートタイム・短時間労働者数が多いことが格差の理由です。",2025年3月時点,2025年10月16日
4477,7010401103229,ＢＡＳＥ株式会社,4.2,対象正社員,,,,,,,,,,,77.6,,,,,,,,,,,74.7,75.2,126.3,2025年1月1日～2025年12月31日,,2025年12月時点,2026年05月28日
7564,1070001013828,株式会社ワークマン,14,対象正社員,,,,,,,,,,,,正社員・専門職社員・嘱託社員,55.3,,,,,,,,,45.3,80.9,68,2025年4月1日～2026年3月31日,"対象期間：令和7年事業年度（令和7月4月1日から令和8年3月31日まで）
※総賃金：基本給、超過労働に対する報酬、賞与、通勤手当等を含む
※非正規労働者パート社員アルバイト社員については、8時間換算で人員数の換算を行っています。
非正規雇用労働者（パート社員・店舗アルバイト社員・臨時アルバイト社員・店長候補社員）
女性（パート社員）よりも男性に賃金が高い雇用契約を結んでいる店長候補社員がいるため格差が生じています。",2026年3月時点,2026年05月21日
6960,7010001006880,フクダ電子株式会社,14.2,対象正社員,無期・正社員・製造,13,無期・正社員・開発,28,無期・正社員・その他,12.3,無期・正社員以外・製造,4.8,無期・正社員以外・開発,0,,,,,,,,,,,,66.6,69.4,51.5,2025年4月1日～2026年3月31日,＊うち非正規雇用労働者において、定年再雇用有期労働者を除いた場合は76.8%,2026年3月時点,2026年08月20日
5384,7180001045697,株式会社フジミインコーポレーテッド,,,,,,,,,,,,,61.8,,,,,,,,,,,69.2,65.9,81.3,2025年4月1日～2026年3月31日,対象期間：2025年4月1日～2026年3月31日,2026年3月時点,2026年06月24日
1847,7010501028268,株式会社イチケン,25.3,対象正社員,正社員（総合職）,27.6,正社員（地域総合職）,3.5,嘱託社員,2.1,,,,,,正社員,54,嘱託社員,71,,,,,,,61.4,67.3,35.6,2025年4月1日～2026年3月31日,"・男女の賃金の差異については、性別に関係なく同一の制度を適用しておりますが、在籍者の平均年齢、人数の差などにより発生しております。
・正規雇用労働者は、正社員としています。非正規社員は、フルタイムの有期雇用労働者と短時間労働有期雇用労働者の合算数値です。",2026年3月時点,2026年06月17日
6326,1120001037978,株式会社クボタ,20.1,対象正社員,正社員,20.1,,,,,,,,,104.9,,,,,,,,,,,81.1,80.5,79.5,2025年1月1日～2025年12月31日,,2026年1月時点,2026年03月25日
4375,7010701030065,セーフィー株式会社,,,,,,,,,,,,,,,,,,,,,,,,77.9,78.9,75.2,2025年1月1日～2025年12月31日,"・非正規雇用労働者には有期契約社員、パートタイマーを含み、派遣社員を除きます。なお、パートタイマーについてはフルタイム換算をしております。
・男女の賃金差異についての主な要因は男女間の等級別人数構成の差によるものであります。非正規雇用労働者については、女性はパートタイマーのみで構成されているためであります。なお、賃金制度・体系において性別による差異はありません。",2026年2月時点,2026年03月18日
E00252,5011001015568,東邦電気工業株式会社,7,対象正社員,,,,,,,,,,,,,,,,,,,,,,68.9,74.9,63.6,2025年4月1日～2026年3月31日,"対象期間：令和7年事業年度（令和7年4月から令和8年3月まで）

賃金：基本給、超過労働に対する報酬、賞与等を含み、退職手当、通勤手当を除く

正社員：期間の定めなくフルタイムで勤務する労働者であり、社外への出向者も含む

パート・有期社員：契約社員、顧問",2026年4月時点,2026年05月28日
9508,4290001007004,九州電力株式会社,18.4,対象正社員,正社員,18.4,有期雇用者,5,キャリア社員（短縮）,0.6,パートタイマー,0,,,,正社員,83.5,,,,,,,,,66.3,67.6,62,2025年4月1日～2026年3月31日,"賃金：基準内賃金、時間外手当、賞与等を含み、退職金、通勤費等を除く。
　　　なお、定年後再雇用者については、定年前の勤務に基づき支給する賞与は含まない。

算定対象：各月初日の人員数の平均
　　　　　無給者、育児休職・介護休職者および派遣社員は含まない。
　　　　　出向者は出向元の人員として計上",2026年3月時点,2026年06月29日
1786,7010601040057,オリエンタル白石株式会社,14.5,対象正社員,一般社員（事務）,8.5,一般社員（土木）,16,一般社員（建築）,14.9,一般社員（機械）,8.5,支店社員,3.4,,一般社員(総合職),60.4,支店社員(地域職),70.9,,,,,,,51.4,61.3,24.9,2025年4月1日～2026年3月31日,2026.3.31現在,2026年3月時点,2026年06月24日
8103,7010001008786,明和産業株式会社,,,,,,,,,,,,,,正社員,59.8,,,,,,,,,,,,,,2023年3月時点,2023年08月07日
7741,7011101019599,HOYA株式会社,,,,,,,,,,,,,,,,,,,,,,,,40.1,58.6,84.5,2025年4月1日～2026年3月31日,,2026年3月時点,2026年08月19日
2181,8011001058176,パーソルホールディングス株式会社,19.1,その他,,,,,,,,,,,,,,,,,,,,,,73.1,74.2,36,2025年4月1日～2026年3月31日,正規雇用労働者の格差の要因は、管理職やITDX系職種に男性が多いことが挙げられる。パート・有期労働者の格差はC職の再雇用者（=再雇用前の高水準の賃金が継続している）に男性が多い一方、T職の事務系職種はほとんど女性で構成されていることが主な要因。,2026年3月時点,2026年06月29日
4021,1010001008734,日産化学株式会社,17.4,対象正社員,,,,,,,,,,,,正社員,77,,,,,,,,,68.2,76.4,65.6,2025年4月1日～2026年3月31日,"男女の賃金差異については、主に等級別人数構成と勤続年数の差によるものであります。正規雇用労働者の
うち、管理職の男女の賃金差異は87.7％、管理職以外の男女の賃金差異は86.2%ですが、正規雇用労働者全
体の割合は76.4%です。この理由は、管理職に占める女性労働者割合が低い（5.4%）ためです。現在は、総
合職に占める女性労働者割合の向上、および管理職に占める女性労働者数の増加を念頭に、女性登用を推進
しております。また、パート・有期労働者については、相対的に所定労働時間が短く、賃金が低いパートタ
イマーの人数割合の差等により、男女の賃金差異が生じております。",2026年3月時点,2026年07月24日
1972,9010401038472,三晃金属工業株式会社,3,その他,,,,,,,,,,,,対象とする労働者すべて,64.9,,,,,,,,,50.6,53.2,71.1,2025年4月1日～2026年3月31日,"【注】男女の人事・給与制度による差異はなく、コース区分や資格別男女構成比等の差により、全体としては差異が生じている。
＜総合職　正規雇用労働者の数値内訳＞
　　管理職層　　　　　　 　－％
　　指導・管理補佐職層　 81.1％
　　実務職層　　　　　　 87.0％
女性活躍推進の観点より、中核人材として2014年度より開始した総合職女性の採用（新卒採用は2～3名/年を継続）を積極的に進めるとともに、建設現場を含め、活躍できる職場の拡大を推進し、早い段階での管理職登用を目指す。",2026年3月時点,2026年06月26日
7433,7011101017256,伯東株式会社,6.4,対象正社員,営業,7.6,企画,7.3,技術,5.4,コーポレート,6.3,営業（ポストセールス）,10.9,73.5,全社員,73.5,,,,,,,,,68.4,73.9,65.1,2025年4月1日～2026年3月31日,,2026年3月時点,2026年07月31日
1793,7260001001493,株式会社　大本組,19.8,対象正社員,総合職,23.5,一般職,1.7,契約社員,5.6,,,,,63.9,総合職,57.7,一般職,78,契約社員,89.5,,,,,49.4,51.7,73.2,2025年4月1日～2026年3月31日,労働者の男女の賃金の差異が生じている要因は、全労働者の内89.1％を占める男性労働者の殆どが施工管理等を行う全国転勤型の総合職であることに対し、女性労働者の殆どは転居を伴う異動の無い事務補助に従事しているという職務内容の差異によるものであります。なお、当社では女性総合職の新卒採用に積極的に取り組んでおりますので長期的にこの差異は縮小していくものと予測しております。,2026年3月時点,2026年05月27日
4536,5120001051819,参天製薬株式会社,13,対象正社員,,,,,,,,,,,,正社員,65.9,,,,,,,,,80.3,79.8,105.1,2025年4月1日～2026年3月31日,2026/3/31 時点,2026年3月時点,2026年08月07日
1882,7010401020201,東亜道路工業株式会社,,,総合職　施工管理,15.7,総合職　製品製造,0.7,総合職　研究技術,0,総合職　事務職,4.8,エリア職　施工管理,15.3,57.7,,,,,,,,,,,56.5,53.2,45.2,2025年4月1日～2026年3月31日,2025年度,2026年3月時点,2026年07月06日
4452,4010001034760,花王株式会社（Kao Corporation）,15.4,対象正社員,総合職,0,総合職（研究職）裁量労働制,0,総合職（生産技術職）,0,無期フルタイム総合職,0,無期フルタイム（研究職）裁量労働制,0,87.8,,,,,,,,,,,90.8,88.7,90.4,2025年1月1日～2025年12月31日,同一労働の賃金に差はなく、等級別人数構成の差によるものです,2025年12月時点,2026年03月24日
9023,4010501022810,東京地下鉄株式会社,23.9,対象正社員,総合職,25.6,エキスパート職,23.3,,,,,,,,全体,92.7,総合職,84.4,エキスパート職（職務限定職含む）,93.1,,,,,67.3,68.9,219.8,2025年4月1日～2026年3月31日,「正規雇用労働者」及び「パート・有期労働者」ともに同一労働の賃金に差はなく、「正規雇用労働者」間での賃金の差異は勤続年数、平均年齢の違いなどにより、「パート・有期労働者」間での賃金の差異は労働時間の違いにより生じています。,2025年9月時点,2026年07月23日
4816,8011601004645,東映アニメーション株式会社,,,,,,,,,,,,,,,,,,,,,,,,84.9,86,84.3,2025年4月1日～2026年3月31日,"期間：2025年４月～2026年３月
正規雇用労働者：期間の定めのない従業員
非正規雇用労働者：期間の定めのある従業員
同一の等級・職種内の賃金基準は性別に関わらず同一です。",2026年3月時点,2026年07月02日
5344,2180001079691,株式会社ＭＡＲＵＷＡ,,,,,,,,,,,,,93.8,,,,,,,,,,,60.2,64.1,56.8,2025年4月1日～2026年3月31日,"正社員：社外出向者除く
パート・有期社員：契約社員、パートが該当",2026年4月時点,2026年06月12日
5706,7010701011370,三井金属株式会社,14.3,その他,事務系,15,技術・製造系,14.4,非社員,6.4,,,,,85.9,事務系,79.6,技術・製造系,89,,,,,,,68.1,70.3,65.6,2025年4月1日～2026年3月31日,女性の賃金が男性より低い点は、女性の管理職の割合が少ないこと、および平均勤続年数が男性より短いことが主な理由となっています。,2026年3月時点,2026年07月10日
9509,4430001022351,北海道電力株式会社,28.1,対象正社員,正社員,28.1,キャリア社員,13.4,嘱託社員,21.9,常用・建設職員,15.8,長期臨時員,0.6,,正社員,84,,,,,,,,,63,77.2,37.9,2025年4月1日～2026年3月31日,"※全労働者は、男女それぞれに占める正規労働者と非正規労働者の人数比率が異なるため、平均賃金で差異が生じている。
※正規雇用労働者は、女性管理職比率が2.2％と低く男女の賃金差異が生じる要因の一つとなっている。女性管理職比率の向上に向けて、ライフステージの変化に際しても能力を最大限に発揮できるよう、仕事と家庭の両立を支援する環境を整備する等の取り組みを積極的に推進している。
※正規雇用労働者は、北海道電力㈱及び北海道電力ネットワーク㈱から両社外への出向者を含めている両社外から北海道電力㈱及び北海道電力ネットワーク㈱への出向者を除いている。
※非正規雇用労働者は、従事する業務等に応じた雇用形態を複数設けており、それぞれ支給する賃金額が異なるが、男女の賃金に大きな差異は生じていない。ただし、男女それぞれに占める雇用形態毎の人数比率が異なるため、平均賃金では差異が生じている。
※非正規雇用労働者は、常用職員、シニア常用職員、嘱託社員、長期臨時員である。
※算定対象とした賃金は、賞与及び基準外賃金を含んでいるが、通勤費については除いている。",2026年3月時点,2026年05月29日
5233,4010401082995,太平洋セメント株式会社,17.6,対象正社員,,,,,,,,,,,,正従業員,85.9,,,,,,,,,71.6,71.6,61.9,2025年4月1日～2026年3月31日,「女性の職業生活における活躍の推進に関する法律」（平成27年法律第64号）の規定に基づき算出したものです。,2026年3月時点,2026年07月27日
4042,5250001010002,東ソー株式会社,16.2,対象正社員,,,,,,,,,,,,その他,85.2,,,,,,,,,71.5,73.4,52.8,2025年4月1日～2026年3月31日,,2026年3月時点,2026年07月27日
8070,6010001008820,東京産業株式会社,,,,,,,,,,,,,,正社員,72.7,,,,,,,,,70.6,68,72.1,2025年4月1日～2026年3月31日,,2026年3月時点,2026年07月01日
6226,8020001010674,守谷輸送機工業株式会社,,,,,,,,,,,,,72.9,正規雇用労働者,71.7,非正規雇用労働者,88.1,,,,,,,71.4,76.8,47,2025年4月1日～2026年3月31日,"※「男女の賃金の差異」について、人事、賃金制度上において性別による差異はありません。

※非正規雇用労働者については、定年後再雇用者を含んでおり、正規雇用労働者の所定労働時間で換算した人員数を基に平均年間賃金を算出しています。",2026年3月時点,2026年08月04日
1887,3010401022812,日本国土開発株式会社,15.1,対象正社員,総合職技術系,18.1,準総合職技術系,12.3,総合職事務系,9.6,準総合職事務系,6.8,一般職事務系,1,,総合職技術系,43.5,準総合職技術系,68.8,総合職事務系,43.8,準総合職事務系,76.2,一般職事務系,72.9,63.1,67.7,41.5,2024年6月1日～2025年5月31日,"(注釈)
正規雇用労働者とは：正社員・シニア社員・参与・嘱託
非正規雇用労働者とは：契約社員
次の手当は除外（通勤手当、帰省・帰宅旅費等）

(説明)
■差異の主な理由
【正規雇用労働者】
・2016年から女性採用比率目標 20％を掲げ　女性総合職の新卒採用に積極的に取り組んだ結果、
　女性平均年齢 29.7歳　男性平均年齢41.2歳となったこと、
　女性の正規雇用労働者の中には育児時短勤務者がいること、職群(基本給）が異なる一般職が含まれていることが要因として考えられる。

【非正規雇用労働者】
・女性の非正規雇用労働者は、時短勤務や週2～3日の限定勤務者が多い


■格差に向けた取組み
・女性社員に対するキャリア開発の機会提供（キャリア面談、キャリア支援会議）
・経営人財育成プログラム（選抜型）の実施（経営人財の計画的な育成）
・テレワークやフレックスなど、多様な働き方が可能となる環境づくりを促進し定着を支援
・ライフイベントを迎えてもキャリアを継続できる支援体制
・産育休取得・復帰支援プログラムの策定（フェーズごとの個別面談、交流会など）
・社内公募制度、社内FA制度の導入（自律的なキャリア形成支援）",2025年5月時点,2025年10月24日
4722,6010701018466,フューチャー株式会社,0,対象正社員,正社員/スタッフ,0,契約社員/スタッフ,0,アルバイト/スタッフ,0,,,,,,正社員,73.3,契約社員,100,,,,,,,75.5,75.7,66.7,2025年1月1日～2025年12月31日,管理職のうち特に上位層において女性管理職数が少ないことが男女の賃金差異の主な要因となっています。非管理職者の男女の賃金差異は小さいことから、今後女性社員のキャリア形成支援を積極的に進め、女性の管理職登用が増えることで全体の男女の賃金差異を縮小できる見込みとなっています。,2025年12月時点,2026年04月23日
7729,5010101009430,株式会社東京精密,22.7,対象正社員,正社員,22.7,,,,,,,,,75.8,直接雇用者,75.8,,,,,,,,,57.4,74.6,61.1,2025年4月1日～2026年3月31日,"正規雇用労働者：社外への出向者、社外からの受入出向者、年度途中での入社・退職者、休職者を除く。
パート・有期労働者：契約社員、パート、嘱託社員。
賃金：通勤手当等を除く。

男女の賃金格差については、男性の賃金に対する女性の割合を記載しています。
なお、同一資格における男女間の格差はなく、資格別人員構成の差によるものです。",2026年3月時点,2026年07月17日
9505,7230001003022,北陸電力株式会社,22.2,対象正社員,事務,17.9,技術,24,,,,,,,,正社員,79.4,,,,,,,,,60.6,63.1,74.1,2025年4月1日～2026年3月31日,"・対象期間：2025 年度（2025 年 4 月 1 日～2026 年 3 月 31 日） 
・基準内賃金、基準外賃金および賞与を含み、通勤費等を除く。 
・他社から当社への出向者、休業者・休職者等を除き、当社から他社への出向者を含む。
 
・北陸電力株式会社の賃金差異は、性別による賃金差異は設けていないものの、近年の女性
採用強化により女性の平均勤続年数が男性と比べて相対的に短いことや、女性には勤務地
等を限定した従業員が多いことなどによるものである。なお、勤務地等を限定した従業員
を除いた正規雇用の男女の賃金差異は 74.6％である。また、当社は女性社員に占める役
職者の比率と男性社員に占める役職者の比率を同程度とすることを目標としているが、現
時点では男性に比べ女性の役職者比率が少ないことも賃金差異の一因である。引き続き、
目標の達成に向け、多様な人材の活躍促進に積極的に取り組んでいく。",2026年3月時点,2026年07月16日
6430,4180001048892,ダイコク電機株式会社,21.3,対象正社員,正規雇用労働者,21.3,,,,,,,,,,正規雇用労働者,74.9,,,,,,,,,67.8,74.2,55.6,2025年4月1日～2026年3月31日,,2026年3月時点,2026年05月11日
1934,4370001006286,株式会社ユアテック,,,,,,,,,,,,,,,,,,,,,,,,67.5,76.5,81.2,2025年4月1日～2026年3月31日,同じ職位・役割であれば男女で賃金の差は設けていないが、給与の高い職位・役割において男性比率が高いことによる。,2026年4月時点,2026年07月02日
5802,5120001077450,住友電気工業株式会社,15.7,対象正社員,,,,,,,,,,,,正社員,93,,,,,,,,,75.1,75.5,50.1,2025年4月1日～2026年3月31日,"(1)人事制度において性別による処遇差は設けていないものの、女性と比較して男性社員の平均年齢及び管理職比率が高いため、差異が生じています。この背景として、男性社員に長期勤続者が多い一方、過去に結婚・出産を機として退職する女性社員が多かったこと等が考えられます。近年では、女性のキャリア形成や仕事と家庭の両立を支援する施策を充実させることにより登用や定着を図ると同時に、女性の積極的な採用も進めるなど、女性活躍推進に向けた取り組みを進めております。
(2)非正規雇用労働者（135名）の内訳は、産業医、保健師、看護師、カウンセラー、パートタイマー等であり、契約時間や職種に起因する賃金の差異が主に反映されております。",2026年6月時点,2026年06月30日
8157,9010401054908,都築電気株式会社,6.6,対象正社員,総合職掌：営業職,10.6,総合職掌：技術職,7.3,総合職掌：業務職,2.5,一般職掌,0.8,無期フルタイム,0.1,88.7,,,,,,,,,,,73.9,73.8,83.4,2025年4月1日～2026年3月31日,出向者については、出向先の労働者として算出したものであります。,2026年3月時点,2026年07月17日
1899,9110001004880,株式会社福田組,27.8,対象正社員,総合職,30.6,一般職,7.4,臨時社員,15.5,,,,,,正社員(男性),70.1,正社員(女性),86.8,,,,,,,55.2,55.9,50.9,2025年1月1日～2025年12月31日,,2026年4月時点,2026年04月24日
4526,3010001008815,理研ビタミン株式会社,8.4,対象正社員,管理,12,開発,9.8,生産,10.8,営業,14.6,有期フルタイム,3.5,,正社員,74,,,,,,,,,73.1,75.2,54.1,2025年4月1日～2026年3月31日,,2026年3月時点,2026年06月04日
2268,8010701008226,Ｂ－Ｒサーティワンアイスクリーム株式会社,,,,,,,,,,,,,62.5,,,,,,,,,,,62.3,71.6,82.4,2025年1月1日～2025年12月31日,,2025年12月時点,2026年04月06日
6869,9140001009530,シスメックス株式会社,15.3,対象正社員,正社員,15.3,契約（嘱託）社員,5.1,,,,,,,,正社員,72.3,,,,,,,,,66.9,76.6,47.5,2025年4月1日～2026年3月31日,,2026年3月時点,2026年06月03日
4966,8120001077365,上村工業株式会社,,,,,,,,,,,,,,,,,,,,,,,,76.8,85,51.3,2025年4月1日～2026年3月31日,"１．「男女間賃金格差」は男性を１００％としたときの女性の平均賃金を表しております。
計算の基礎となる従業員数は３３６名（うち女性は６０名）です。社外への出向者２１名は含んでおりません。
２．賃金は性別に関係なく同一の基準を適用しており、個別の職能等級や能力に応じた賃金体系となっておりますが、女性従業員の数が少なく女性管理職比率が小さいため、男女で差が生じております。
３．非正規雇用者の賃金については、男性は定年後再雇用による嘱託社員（役職者を含む）が多く、他方、女性はパート従業員が多く、担当する職務の内容や責任が異なるため、非正規雇用者の中で男女の差が生じております。",2026年3月時点,2026年04月16日
4613,5140001048243,関西ペイント株式会社,8.6,対象正社員,組合員,8.6,,,,,,,,,,正社員,70.1,,,,,,,,,74.3,79.9,43,2025年4月1日～2026年3月31日,,2025年3月時点,2026年07月23日
3563,8120901035199,株式会社ＦＯＯＤ＆ＬＩＦＥ　ＣＯＭＰＡＮＩＥＳ,,,,,,,,,,,,,,,,,,,,,,,,68.4,71.9,95.6,2024年10月1日～2025年9月30日,,2025年9月時点,2026年02月26日
3994,6011101063359,株式会社マネーフォワード,,,,,,,,,,,,,,,,,,,,,,,,77.5,79.2,106.8,2024年12月1日～2025年11月30日,,2025年11月時点,2026年02月20日
4521,4010001000003,科研製薬株式会社,11.4,対象正社員,正社員,11.4,無期転換社員,6.6,有期雇用社員,3.3,,,,,,正社員,62.5,全社員,64.9,,,,,,,75.3,78.1,82.4,2025年4月1日～2026年3月31日,"※2024年度実績（単体）　　
※労働者の男女の賃金の差異は、男性の賃金に対する女性の賃金の割合を算出したものであります。なお、労働者の賃金は、性別に関係なく、同一の基準を適用しております。

（参考）
2024年度実績（単体）　全労働者：74.9％　（うち正規雇用：76.5％　非正規雇用：79.1％）
2023年度実績（単体）　全労働者：74.2％　（うち正規雇用：74.9％　非正規雇用：77.3％）
2022年度実績（単体）　全労働者：74.5％　（うち正規雇用：74.7％　非正規雇用：82.0％）",2026年3月時点,2026年08月12日
6902,9180301014251,株式会社デンソー,20.2,対象正社員,事技職,20.2,技能職,20.2,,,,,,,93.3,,,,,,,,,,,66.4,68.2,76.5,2025年4月1日～2026年3月31日,【補足】＜過去推移＞(全労働者)23年度：65.9%、24年度：67.2%,2026年3月時点,2026年06月09日
7201,9020001031109,日産自動車株式会社,20.3,対象正社員,一般従業員,20.3,,,,,,,,,,正社員,94,,,,,,,,,83.8,81,81,2024年4月1日～2025年3月31日,,2025年3月時点,2025年10月23日
3632,8010401055923,グリーホールディングス株式会社,,,,,,,,,,,,,,正社員,65.5,契約社員,89.6,アルバイト,81.8,,,,,71,78,62.2,2024年7月1日～2025年6月30日,,2025年6月時点,2025年10月22日
4019,7180001121985,株式会社スタメン,16.7,対象正社員,,,,,,,,,,,,正社員,69.1,,,,,,,,,70.4,81.8,194.3,2025年1月1日～2025年12月31日,,2025年12月時点,2026年02月19日
4478,7010401100770,フリー株式会社,,,,,,,,,,,,,,正社員,69.3,,,,,,,,,71.5,77.5,98.9,2024年7月1日～2025年6月30日,,2025年6月時点,2025年12月05日
4506,3120001077477,住友ファーマ株式会社,,,,,,,,,,,,,,,,,,,,,,,,82.9,84.7,43.5,2025年4月1日～2026年3月31日,,2026年4月時点,2026年08月20日
E04370,9010001095716,東日本高速道路株式会社,,,,,,,,,,,,,,正社員,66.1,,,,,,,,,70.5,70.8,59.3,2025年4月1日～2026年3月31日,"※賃金は、本給、時間外勤務手当、賞与等を含み、退職手当、通勤手当等を除きます。
正規雇用労働者は、社外から当社への出向者のうち当社が給与を支給している者を含み、当社から社外への出向者を除きます。また、非正規雇用労働者は、定年退職後の再雇用社員及びパートタイム社員であり、嘱託社員及び派遣社員を除きます。
なお、男女間賃金格差は、男女の平均年齢及び平均勤続年数の差が生じていることのほか、職種(事務補助職を含む)の違いによるものです。",2026年3月時点,2026年06月29日
9449,6011001029526,GMOインターネットグループ株式会社,9.6,対象正社員,正社員,9.6,,,,,,,,,,正社員,83.3,,,,,,,,,62.6,73.5,53.7,2024年1月1日～2024年12月31日,,2024年12月時点,2025年06月12日
5071,8120001041552,株式会社ヴィス,,,,,,,,,,,,,,,,,,,,,,,,78.2,78.7,30.7,2025年4月1日～2026年3月31日,「時短制度」を取得している社員が女性に多いことが要因のひとつ。,2026年3月時点,2026年05月27日
7826,8013301010956,株式会社フルヤ金属,28,対象正社員,,,,,,,,,,,,,,,,,,,,,,72.5,80.5,48.1,2024年7月1日～2025年6月30日,,2025年6月時点,2025年12月24日
4767,3010401029287,株式会社テー・オー・ダブリュー,,,正社員（管理部門）,26.9,契約社員（有期雇用）,17.4,契約社員（無期雇用）,24.6,アルバイト,0,,,,,,,,,,,,,,,,,,,2026年6月時点,2026年06月02日
2158,1010401051219,株式会社FRONTEO,24.5,対象正社員,,,,,,,,,,,,,,,,,,,,,,,,,,,2025年3月時点,2025年10月10日
8242,1120001059683,エイチ・ツー・オー　リテイリング㈱,7,対象正社員,正社員,7,,,,,,,,,,正社員,56.6,,,,,,,,,,,,,,2023年3月時点,2023年03月08日
8151,8010001051991,株式会社東陽テクニカ,7,対象正社員,,,,,,,,,,,74.5,,,,,,,,,,,59.5,75,42,2024年10月1日～2025年9月30日,,2025年10月時点,2026年01月26日
6460,9010401055278,セガサミーホールディングス株式会社,12.9,対象正社員,正社員,12.9,契約社員,10.9,,,,,,,,,,,,,,,,,,79.7,81.6,91.9,2025年4月1日～2026年3月31日,"・賃金：非課税通勤手当、退職手当等を除く。
・正規雇用労働者：期間の定めがないフルタイム労働者。
・非正規雇用労働者：有期雇用労働者、短時間労働者。

人員数の考え方
・短時間労働者：各月の末日において、フルタイム労働者を1とした場合における短時間労働者の
　所定内労働時間の比率を用いる。
・出向者は賃金を支給する会社にて集計する。
・国外赴任者、休職中の者を除く。",2026年3月時点,2026年06月25日
9532,3120001077601,大阪ガス株式会社,22.4,対象正社員,,,,,,,,,,,,,,,,,,,,,,74.2,76,89,2025年4月1日～2026年3月31日,性別による賃金差及び制度の違いはありません。また、男女の平均年齢や勤続年数も著しい差はなく、女性管理職割合の比率や働き方（短時間勤務、残業時間）の違いによるもの。,2026年3月時点,2026年07月17日
3299,8010001058665,株式会社ムゲンエステート,19,対象正社員,,,,,,,,,,,56.8,,,,,,,,,,,68.7,69.2,,2025年1月1日～2025年12月31日,当社グループでは、男女間で同一の賃金制度を適用しており、同等級内において共通の処遇を行っております。また、人事評価に関しても男女共通の基準で実施しており、役割と成果、能力に応じた公正な評価に基づき役割や処遇を決定していることから、人事制度上の男女間の差異は設けておりません。一方、女性管理職比率が低いことが男女間の賃金差異の主要因となっております。女性が能力を十分に発揮できるようなキャリア支援により、女性管理職比率の向上を図り、男女間の賃金差異の縮小に努めてまいります。,2025年12月時点,2026年04月14日
4187,1120001093014,大阪有機化学工業株式会社,23,対象正社員,,,,,,,,,,,64,,,,,,,,,,,78.7,78.7,,2024年12月1日～2025年11月30日,"※１：賃金：基本給、超過労働に対する報酬、賞与を含み、退職金、通勤手当を除く。
※２：嘱託を含み、派遣社員を除く。",2025年11月時点,2026年03月17日
8934,9010001063953,サンフロンティア不動産株式会社,,,,,,,,,,,,,,全従業員,74.3,,,,,,,,,77.2,76.9,116.6,2025年4月1日～2026年3月31日,,2026年3月時点,2026年07月23日
E04374,3120001112341,西日本高速道路株式会社,,,,,,,,,,,,,53.7,,,,,,,,,,,65.8,66.1,76.9,2025年4月1日～2026年3月31日,"正規雇用労働者の男女間賃金格差は、近年の女性採用人数増などからくる男女の平均年齢及び平均勤続年数の差のほか、職種の違いによるものです。
対象期間2025年4月1日～2026年3月31日",2026年7月時点,2026年07月27日
4493,9011001066277,株式会社サイバーセキュリティクラウド,,,正社員ビジネス職,23.5,正社員エンジニア職,21.3,正社員コーポレート職,15.2,嘱託社員エンジニア職,0,嘱託社員コーポレート職,0,,,,,,,,,,,,,,,,,2024年1月時点,2025年06月12日
1780,6100001021418,株式会社ヤマウラ,,,,,,,,,,,,,,,,,,,,,,,,60.3,73.1,41.2,2025年4月1日～2026年3月31日,,2026年3月時点,2026年04月27日
4202,4120001125937,株式会社ダイセル,12.6,対象正社員,正社員,12.6,,,,,,,,,81.7,正社員,81.7,,,,,,,,,80.4,81.2,66.8,2025年4月1日～2026年3月31日,"男女の賃金差異は、海外に駐在している労働者を除いて算出しています。
男女の賃金差異は、出向者を出向元の労働者として算出しています。
当社は職群および等級により異なる賃金水準を設定しており、男女では職群および等級ごとの人数に差があるため、賃金において差異が生じています。",2026年3月時点,2026年07月30日
7965,5120001059655,象印マホービン株式会社,,,,,,,,,,,,,,対象労働者すべて,79,,,,,,,,,67.3,73.9,75.3,2024年11月21日～2025年11月20日,"男女間において賃金体系及び制度上の違いはありません。
職群及び等級により異なる賃金水準を設定しております。男女では職群及び等級ごとの人数分布に差があるため、賃金において差が生じております。",2025年11月時点,2026年01月23日
6806,6010701008418,ヒロセ電機株式会社,,,,,,,,,,,,,,,,,,,,,,,,52.6,54.2,33.5,2025年4月1日～2026年3月31日,,2026年3月時点,2026年07月03日
197A,4010001175101,株式会社タウンズ,18.3,対象正社員,開発営業正社員,15.5,事務正社員,28.7,製造正社員,15.2,,,,,,,,,,,,,,,,59.8,66,50.2,2024年1月1日～2024年12月31日,,2024年12月時点,2025年09月02日
4819,5011001014966,株式会社デジタルガレージ,,,,,,,,,,,,,,正社員,71.3,,,,,,,,,68.7,68.2,72.3,2025年4月1日～2026年3月31日,,2026年3月時点,2026年07月01日
9020,9011001029597,東日本旅客鉄道株式会社,16.3,対象正社員,総合職採用,25.2,地域総合職採用,15.4,経験者採用,17.5,医療職採用,10.1,その他,10.1,,総合職採用,76.8,地域総合職採用,89.3,経験者採用,87.1,医療職採用,89.9,その他,75.4,88.9,86.3,61.7,2025年4月1日～2026年3月31日,"１.対象期間は当事業年度（2025年４月１日から2026年３月31日まで）です。
２.正規労働者には、他社への出向者等を含み、他社からの出向者を除いております。非正規労働者には、当社における「エルダー社員」等の定年退職後の再雇用社員、アルバイト及び嘱託を含み、派遣社員を除いております。
３.男女の賃金の差異については、賃金に賞与および基準外賃金を含んでおります。また、正規労働者において、育児・介護勤務による短時間又は短日数勤務を適用している者は、フルタイムの所定労働時間又は労働日数を基に換算を行っております。
４.正規労働者全体では男女間で賃金の差異が生じていますが、その差異は女性の平均勤続年数が男性と比較して５年程度短いこと、育児休職等の影響があること、一部の年齢層では女性社員数が少ないこと等によるものです。",2026年4月時点,2026年07月07日
7202,5010701000904,いすゞ自動車株式会社,,,,,,,,,,,,,,,,,,,,,,,,85.9,81.7,104.5,2025年4月1日～2026年3月31日,,2026年6月時点,2026年06月22日
3036,1010401042424,アルコニックス株式会社,12.8,対象正社員,,,,,,,,,,,,従業員,82.9,,,,,,,,,62,62,,2025年4月1日～2026年3月31日,,2026年3月時点,2026年08月05日
261A,3011101015783,株式会社日水コン,18.7,対象正社員,正社員,18.7,,,,,,,,,67.1,正社員,67.1,,,,,,,,,64.7,74.4,61.5,2025年1月1日～2025年12月31日,"※1 正規雇用労働者には、執行役員、職員を含む
※2 非正規雇用労働者には、契約社員、嘱託社員、アルバイトを含む
※3 男女の平均賃金には賞与を含み、通勤手当を除く

（注釈・解説）
〇女性の積極採用から年数が浅く、女性の勤続年数が相対的に短いことが賃金差異に影響。
　※公平な採用基準を前提に、女性の母集団形成拡大を通じて女性採用比率30％以上を目標に採用活動を継続中。
〇女性の管理職比率が低いことが、賃金差異に影響。
　※2023年から女性活躍推進を含めたDE&Iプロジェクトが始動。",2025年12月時点,2026年02月12日
1810,7010001034956,松井建設株式会社,27,対象正社員,総合職（技術）,33.5,総合職（事務）,12.6,エリア職,6.8,,,,,57,総合職（技術）,55.6,総合職（事務）,63.2,エリア職,84.2,,,,,61,68.4,77.8,2025年4月1日～2026年3月31日,"賃金：基本給、超過勤務に対する報酬、賞与等を含み、退職手当を除く。
正規雇用：社外への出向者を除く。
非正規雇用：有期社員にて構成。派遣社員を除く。

当社の賃金体系は職位及び職階によって設定されています。
性別による賃金格差はなく、同一職位・同一職種における、男性、女性の賃金は同一となっています。
男女での賃金における格差は、職位・職種ごとの人数分布に差があるため生じています。",2026年3月時点,2026年08月07日
6562,7010401087406,株式会社ジーニー,,,,,,,,,,,,,,,,,,,,,,,,72.3,73,129,2025年4月1日～2026年3月31日,"対象期間：令和7年4月1日～令和8年3月31日まで
賃金：通勤手当を除く
非正規雇用労働者：派遣社員除く。",2026年3月時点,2026年07月06日
6845,9010001096367,アズビル株式会社,10.3,対象正社員,正社員,10.4,エキスパート社員,4.4,特定パートナー社員,1.3,契約社員,3,,,,正社員,86.1,,,,,,,,,69.9,74.6,55.1,2025年4月1日～2026年3月31日,"＊臨時従業員には、有期雇用のパートタイマー、定年後再雇用社員及び契約社員が含まれます。
＊賃金は性別に関係なく同一の基準を適用しており、当社において人事制度上の同一等級での男女賃金格差は89%～101%です。公表数値における賃金差異の主要因には、時間短縮勤務の選択者数、等級別の在籍者数の違いなどが挙げられます。",2026年3月時点,2026年06月17日
9302,2010401046416,三井倉庫ホールディングス株式会社,,,,,,,,,,,,,,正社員,75.3,,,,,,,,,71.8,71.7,66.4,2025年4月1日～2026年3月31日,"＊記載の数値は、三井倉庫ホールディングス株式会社のみの数値です
＊給与・賞与や昇格に男女差を設けてはおりませんが、管理職層等に男性が多いことにより差が生じております",2025年4月時点,2026年07月16日
E34406,4011101010726,住友三井オートサービス,8.2,対象正社員,,,,,,,,,,,,正社員,71.9,,,,,,,,,59.9,59.5,42.2,2025年4月1日～2026年3月31日,"期間：2025年4月-2026年3月　人員数カウントは2025/10/1時点（休職者除く）
・正規雇用　：社外への出向者を含む
・非正規雇用：嘱託社員（事務嘱託・定年後嘱託）、パートタイマー
・通勤手当等を除く

＜男女間賃金差異の補足＞
・正規雇用の男女賃金差異は、正規雇用に占める事務職（正規雇用者の36.5％を占め97.6%が女性）の比率が高いことが影響しているが,格差縮小傾向にある。
・非正規雇用の男女賃金差異は、勤務形態をテレワークとした勤務時間に制約があるパートタイマーの比率が高いこと(非正規雇用かつ女性の内、76％がパートタイマー)が主な要因にある。",2026年3月時点,2026年07月16日
7089,1011201019356,フォースタートアップス株式会社,,,ビジネス部門,25.8,開発・管理部門,17.2,,,,,,,,ビジネス部門,61.3,開発・管理部門,76.6,,,,,,,82.4,83.3,90.9,2025年4月1日～2026年3月31日,,2026年3月時点,2026年07月22日
6981,4130001030475,株式会社　村田製作所,16.1,対象正社員,正社員,16.1,,,,,,,,,,正社員,75.7,,,,,,,,,65.1,64.6,74.3,2025年4月1日～2026年3月31日,労 働者の男女の賃金の差異については、男性の賃金に対する女性の賃金の割合を示しております。同一労働の賃金に差は無く、正 規雇用労働者の男女の賃金の差異は職種別人員構成の差が主な要因です。同一年齢かつ同一職種であれば、男女の賃金の差異は縮小します。男女の職種別人員構成及び30歳の正規雇用労働者について男女の賃金の差異を算出し、HPに掲載しております。,2026年3月時点,2026年05月26日
4919,3120001001206,株式会社ミルボン,28.5,対象正社員,正社員,29.3,準社員,0,パート社員,0,,,,,75.6,,,,,,,,,,,69.8,71.5,59,2025年1月1日～2025年12月31日,,2025年12月時点,2026年05月13日
7752,2010801012579,株式会社リコー,6.9,その他,正社員,7.5,正社員以外,3.8,,,,,,,83.6,正社員及び正社員以外,83.6,,,,,,,,,80.6,78.6,84.8,2024年4月1日～2025年3月31日,基本的に処遇は男女同一であり、現在生じている格差は職務、等級、年齢構成の違いによるものです。,2025年4月時点,2025年11月21日
8616,1010001034202,東海東京フィナンシャル･ホールディングス株式会社,13.1,対象正社員,正社員,13.1,契約社員,5.4,契約スタッフ,1,,,,,56.6,正社員,55.9,契約社員,69.6,契約スタッフ,84.8,,,,,72.1,75.1,54.3,2025年4月1日～2026年3月31日,2026年有価証券報告書にて開示済み数値(当社およびすべての国内連結子会社)と同様。,2026年7月時点,2026年07月10日
5406,6140001005714,株式会社神戸製鋼所,15.5,対象正社員,,,,,,,,,,,86.5,,,,,,,,,,,81.8,81,78.1,2025年4月1日～2026年3月31日,,2026年3月時点,2026年06月18日
2267,7010401029746,株式会社ヤクルト本社,10.5,その他,総合職,14.2,一般職,8.6,嘱託社員,2.7,パート社員,0.2,派遣社員,1.3,86.4,,,,,,,,,,,67.9,73.6,40.7,2025年4月1日～2026年3月31日,"正規雇用労働者は、男性の方が女性より平均勤続年数が長いことや相対的に賃金が高い総合職比率も男性の方が高いことが、賃金格差に影響している。
非正規雇用労働者は、相対的に賃金が高い嘱託社員には男性が多く、相対的に賃金が低いパート社員には女性が多いことが、賃金格差に影響している。
なお、賃金制度・体系において性別による処遇差は一切ない。",2026年6月時点,2026年06月10日
7550,2010401045277,株式会社ゼンショーホールディングス,,,,,,,,,,,,,,,,,,,,,,,,69.7,73.6,102.8,2025年4月1日～2026年3月31日,,2026年3月時点,2026年06月29日
6871,5012401011628,株式会社日本マイクロニクス,29.5,対象正社員,Gコース/営業,0,Gコース/技術・製造,0,Gコース/管理,0,Lコース/営業,0,Lコース/技術・製造,0,87.9,,,,,,,,,,,82.1,83.3,75.2,2025年1月1日～2025年12月31日,"データ算出に関する付記事項

期間
2025事業年度
（2025年1月1日 ~ 2025年12月31日）
対象者
正社員、有期契約社員
賃金
給与、賞与、各種手当",2025年12月時点,2026年06月05日
6988,2120901001628,日東電工株式会社,16.9,対象正社員,,,,,,,,,,,,正社員,79.2,,,,,,,,,79.4,81,62.8,2025年4月1日～2026年3月31日,"従業員全員が、エイジレス・ジェンダーレスに活躍できる環境を作るために、現在当社は、女性活躍を重点的な取り組み課題と捉えています。女性がより働きやすくそして、実力を発揮できる風土醸成に向け施策を展開しており、2030年にはグループ＆グローバルで女性管理職比率を30%、
日本エリアで10%に目標を設定しています。なお、当社における正社員の男女賃金差異は以下の通りです。
　管理職（正社員） ：90.9%
　非管理職（正社員）：88.4%
※男女の賃金の差異は、連結会社で算出しています。",2026年3月時点,2026年07月23日
4071,9010401068115,株式会社プラスアルファ・コンサルティング,,,,,,,,,,,,,,,,,,,,,,,,87.8,87.8,,2024年10月1日～2025年9月30日,,2025年9月時点,2025年12月25日
7050,4011001031764,株式会社フロンティアインターナショナル,40.1,対象正社員,正社員,40.1,契約社員（フルタイム）,14.5,,,,,,,,,,,,,,,,,,75.2,73.4,75.6,2025年5月1日～2026年4月30日,,2026年4月時点,2026年06月05日
3402,5010001034867,東レ株式会社,5,その他,Ｇコース,8.8,Ｓコース,3.2,,,,,,,,Ｇコース,91.3,Ｓコース,97.5,,,,,,,71.1,83.2,56.3,2025年4月1日～2026年3月31日,,2026年4月時点,2026年05月22日
3964,4010001116006,株式会社オークネット,,,正社員,20,,,,,,,,,,,,,,,,,,,,66.8,75.9,58.3,2025年1月1日～2025年12月31日,,2025年12月時点,2026年05月21日
8303,7010001016855,株式会社ＳＢＩ新生銀行,20.9,対象正社員,GP/GPRコース,24.8,BPコース,13.3,業務限定社員,6.8,嘱託社員・フルタイム,11.7,嘱託社員・パート,1.9,71,,,,,,,,,,,73.5,75.3,57,2025年4月1日～2026年3月31日,"正規雇用労働者は、無期雇用社員である従業員（執行役員、社員、業務限定社員、契約社員）、
非正規雇用労働者は、有期雇用社員である従業員（契約社員、嘱託社員）としています。",2026年3月時点,2026年06月24日
6645,1130001016824,オムロン株式会社（OMRON Corporation）,11.6,対象正社員,対象社員,11.6,,,,,,,,,,正社員,69.3,,,,,,,,,76.2,75.1,65,2025年4月1日～2026年3月31日,賃金制度・体系において性別による差異はなく、主に賃金の高い高位職層における女性比率が低いことによるものです。今後性別に関わらず活躍できる環境を整備し、取り組みを推進していきます。,2026年4月時点,2026年06月17日
5991,7020001006616,日本発條株式会社,,,,,,,,,,,,,,,,,,,,,,,,80.2,79.1,87.7,2025年4月1日～2026年3月31日,,2026年5月時点,2026年07月01日
6728,5021001007242,株式会社アルバック,21.8,その他,,,,,,,,,,,,従業員,75.9,,,,,,,,,66.3,87.4,56.7,2025年7月1日～2026年6月30日,※出向受入は除く,2026年6月時点,2026年08月19日
9468,2010001163289,株式会社ＫＡＤＯＫＡＷＡ,7.4,対象正社員,正社員,7.4,契約社員,4.7,アルバイト,1,嘱託,0.4,,,,,,,,,,,,,,74.3,81.4,62.2,2025年4月1日～2026年3月31日,"賃金：基本給・超過労働に対する報酬、賞与等を含み、退職手当、通勤手当等を除く
正社員：出向者については、当社から社外への出向者を含み、他社から当社への出向者を除く
契約社員：有期社員、アルバイト、嘱託を含み、派遣社員を除く",2026年3月時点,2026年06月16日
7994,3020001030157,株式会社　オカムラ,23.2,対象正社員,本庸（試用社員含む）,23.2,,,,,,,,,,正規従業員,74.2,非正規従業員,84.8,,,,,,,78.3,78.7,82.5,2025年3月21日～2026年3月20日,,2026年3月時点,2026年06月02日
8931,9140001017079,和田興産株式会社,9.2,対象正社員,正社員,9.6,契約社員,2.8,,,,,,,,正社員,73.9,契約社員,87.4,,,,,,,85.2,87,58.5,2025年3月1日～2026年2月28日,,2026年3月時点,2026年08月21日
3923,9120001097305,株式会社ラクス,19.3,対象正社員,,,,,,,,,,,,正社員,88,RAM社員,92.7,契約社員,96.8,,,,,77.6,78.8,81.9,2025年4月1日～2026年3月31日,,2026年3月時点,2026年08月24日
7751,6010801003186,キヤノン株式会社,0,対象正社員,,,,,,,,,,,,正社員,94.5,,,,,,,,,76.1,77.1,75.4,2025年1月1日～2025年12月31日,"女性に比べ男性の方が管理職比率が高いことが男女間賃金格差の要因となっています。女性管理職比率の向上は、当社としても重要な課題と認識しており、DE&I推進に向けた全社横断組織を発足し、女性管理職候補を育成する女性リーダー研修や仕事と育児の両立を支援する活動を行っております。その結果、正規雇用労働者の賃金格差は、前事業年度から1.5ポイント改善しました。

なお、正規雇用労働者のうち、同一役職レベルにおける男女の賃金差異は次の通りです。
部長レベル：97.2％
課長レベル：96.4％",2025年12月時点,2026年05月08日
4393,1011101050080,株式会社バンク・オブ・イノベーション,,,正社員（プランナー職）,16.6,正社員（エンジニア職）,15.8,正社員（デザイナー職）,11.8,正社員（コーポレートスタッフ職）,11.8,フルタイム有期,16.4,,,,,,,,,,,,78.3,78.4,67.1,2024年10月1日～2025年9月30日,"・社外への出向者を除く。
・非正規雇用労働者：契約社員、アルバイトが該当。
・賃金:基本給、基準外賃金、賞与等を含み、通勤手当を除いております。",2025年9月時点,2026年03月04日
6506,5290801010767,株式会社安川電機,20.8,対象正社員,総合職,20.8,,,,,,,,,76.5,総合職,76.5,,,,,,,,,71.7,73.5,52.9,2024年3月1日～2025年2月28日,"「労働者の男女の賃金の差異」について、賃金制度・体系において性別による差異はありません。
男女の賃金の差異は主に男女間の管理職比率および雇用形態の差異によるものです。",2025年2月時点,2025年06月20日
1946,8180001038758,株式会社トーエネック,16.6,対象正社員,正社員,16.6,,,,,,,,,73.2,正社員,73.2,,,,,,,,,70,84.1,57.7,2025年4月1日～2026年3月31日,"1.対象期間は，2025事業年度（2025.4～2026.3）である。

2.賃金は，賞与および基準外賃金を含み，退職金，通勤手当等は除いている。

3.男女の賃金の差異を比較する指標「平均年間賃金」（総賃金／人員数）を算出するための「人員数」 
  は、育児短縮勤務者などのフルタイム勤務者以外も労働時間に応じた換算を行わず1名としてカウント
  している。

4.「正規労働者」における属性情報は，以下のとおりである。
　　人員数 　　男性：4,177人   女性：451人
　　平均年齢 　男性：39.7歳  　女性：43.0歳
　　平均勤続年数　　男性：18.4年　　女性：21.1年
　　平均年間時間外労働実績　　 　 男性：339.2時間   女性：193.9時間

5.「非正規労働者」における属性情報は，以下のとおりである。
　　人員数　 　　男性：416人　　女性：214人
　　うち時間給制適用者数（比率）   男性：94人（22.6％）   女性：104人（48.6％）",2026年3月時点,2026年07月08日
3407,5120001059606,旭化成株式会社,22.1,対象正社員,総合職事務系,19,総合職技術系,25.2,基幹職事務系,17,基幹職技術系・研究,17.8,基幹職技術系・生産技術、製造,22.3,,正社員,84.6,,,,,,,,,71.7,77.5,68.9,2025年4月1日～2026年3月31日,"・上記は旭化成株式会社および5事業会社の数値です。各グループ会社単体の数値は下記になります。
　（全労働者・うち正規雇用労働者・うち非正規雇用労働者）
・旭化成（76.6%・83.2%・69.3%）
・旭化成セラピューティクス（72.4%・76.1%・59.4%）
・旭化成ライフサイエンス（92.9%・94.4%・82.0%）
・旭化成ホームズ（59.3%・61.4%・74.3%）
・旭化成建材（65.1%・72.8%・53.0%）
・旭化成エレクトロニクス（70.6%・80.7%・44.2%）
・労働条件や賃金制度における性別の差異はありません。「正規労働者」の男女賃金差異は、上位等級への登用実績の男女差による影響です。上位等級への登用において男女差が生じていることに対して課題認識をしており、登用基準運用の見直しを行うとともに、KPIを定めて各部門での取組を進め、課題の解消に取り組んでいます。「全労働者」の男女賃金差異は、人員構成の影響を受けています。正規雇用労働者とパート・有期労働者の比率が男女で異なっており、女性の方がパート・有期労働者の水準の影響を受けやすい人員構成となっている結果です。
対象期間　2025年 4月 1日 ～ 2026年 3月 31日 
(旭化成ファーマは2026年4月より旭化成セラピューティクスへ社名変更しました。)",2026年3月時点,2026年07月14日
1939,7470001004244,株式会社　四電工,21.4,対象正社員,,,,,,,,,,,,正社員・定年再雇用社員,68.5,,,,,,,,,72.3,82.9,54,2025年4月1日～2026年3月31日,"・対象期間：2025事業年度（2025年4月1日～2026年3月31日）
・正規雇用労働者：当社への入向者を除く。
・非正規雇用労働者：嘱託、キャリア社員（定年再雇用社員）、臨時社員が該当。
・賃金（算定式）：給与＋賞与－（通勤手当＋都市手当＋世帯手当）",2026年3月時点,2026年06月16日
4527,6120001019253,ロート製薬株式会社,11.7,対象正社員,,,,,,,,,,,80.5,正社員,80.2,契約社員,84.1,,,,,,,67.8,69.9,46.3,2025年4月1日～2026年3月31日,"賃金体系や各種手当の支給要件に関して、制度上の男女差異はありません。
現在の差異を生み出している主な要因は、勤続年数が長く給与水準の高い上位等級の男性比率が高いこと、工場ライン等の現業で働く職種の方の約8割が女性であり、職種による差が表れていることと捉えています。",2026年3月時点,2026年06月24日
E00135,7010401013114,新生テクノス株式会社,,,,,,,,,,,,,,,,,,,,,,,,70.3,72.1,85.3,2025年4月1日～2026年3月31日,,2026年3月時点,2026年06月08日
9143,9130001026717,ＳＧホールディングス株式会社,,,,,,,,,,,,,,,,,,,,,,,,85.4,71.6,230.2,2025年4月1日～2026年3月31日,"※人事・賃金制度上において性別による差異はございません。
※「正規雇用労働者」については、課長職以上の管理職に女性が少ないこと等が挙げられますが、女性労働者の管理職への登用を推進しております。なお、役職により男女の賃金差異は発生しておりません。
※「非正規雇用労働者」には、オフィシャルスポーツの選手が含まれており、他労働者の賃金制度とは異なる報酬体系のため賃金の差異が生じております。",2026年3月時点,2026年06月18日
1951,3011001031955,エクシオグループ株式会社,24.6,対象正社員,正社員（総合職）（事務・営業職）,23.9,正社員（総合職）（技術職）,29.4,正社員（エリア基幹職）（事務・営業職）,18.7,正社員（エリア基幹職）（事務・営業職）,26.5,有期雇用（事務・営業職）,5.9,82,正社員,82,,,,,,,,,67.8,72.4,78.2,2025年4月1日～2026年3月31日,男女で賃金体系に差異はなく、等級別人数構成の差等による,2025年3月時点,2026年08月10日
8130,3180001025521,㈱サンゲツ,,,,,,,,,,,,,,正社員,70.7,,,,,,,,,77.1,82.1,78.8,2025年4月1日～2026年3月31日,産前産後休暇・育児休業等の求職者を算出対象から除いた男女の賃金の差異としています。,2026年3月時点,2026年07月27日
2607,8120001088461,不二製油株式会社,16.1,その他,正社員,17.7,正社員を除く直接雇用者,5.4,,,,,,,77.7,対象とする労働者すべて,77.7,,,,,,,,,75.3,76.1,57.9,2025年4月1日～2026年3月31日,"（対象期間）令和7事業年度（令和7年４月１日から令和8年３月３１日まで）
（集計対象）期中の入退社は除き、休職者を含む、直接雇用従業員。
（賃金）基本給、各種手当、超過労働に対する報酬、賞与等の総額。但し、退職手当、通勤手当は除く。

（労働者の男女の賃金の差異の要因と今後の対応）
 従業員の基本給において、組合員・管理職ともに各等級の設定に男女差はありません。性別に関係なく、能力と実績に応じた公正な評価と制度に基づく賃金の決定を行っております。
　一方で、基本給以外の諸手当（役付手当・子ども手当・住宅手当）や、時間外・休日出勤等の手当（深夜業手当・交替勤務手当含む）において男女差がみられました。その要因の一つとして、女性　に比べて男性が世帯主として住宅手当を受け、子を扶養するケースが多くみられます。また、交替勤務を行う従業員に男性が多いことも要因の一つと考えております。
　また、管理職に占める女性労働者の比率が男性労働者よりも低いことも男女の賃金差異の要因の一つと認識しております。これまでに、ライフイベントに応じた働き方の支援として、在宅勤務・フレックス勤務の導入、育児休業取得の制度を拡充してまいりましたが、更なるポジティブアクションの必要性を認識しています。まずは、前提となる「管理職として継続的に活躍できる環境」「意思決定層への挑戦意欲を阻害しない企業風土」の整備を目的とし、2026年４月に策定した女性活躍推進法に基づく一般事業主行動計画において、管理職層の働き方改革及び仕事と介護の両立を含む多様なライフステージへの対応力強化に重点的に取り組みます。",2026年3月時点,2026年07月15日
9434,9010401052465,ソフトバンク株式会社,22.3,その他,総合職,26.2,一般職,18.2,契約社員等,16.7,,,,,78.3,総合職,76.8,一般職,78.5,契約社員等,90,アルバイト等,85.2,,,78.3,78.4,84.3,2025年4月1日～2026年3月31日,"【対象期間】
令和6事業年度（2025年４月１日から2026年３月31日まで）

【集計基準日】
2026年3月31日　※当社においては、事業年度を通じて男女比の変動がほとんど見られないため、正規・非正規ともに事業年度末日（2026年3月31日）に雇用している労働者をもって男女の賃金差異を算出する

【算出に含めるもの】
基本給、超過労働に対する報酬、通勤手当、賞与、各種手当　※退職金除く

【区分の定義】
・正規：当社から他社への出向者含む当社原籍の正社員　
・パート・有期：有期雇用（嘱託社員・特別嘱託社員・契約社員）、臨時社員（販売契約社員・アルバイト）

【算出から除外している社員】
・正規・非正規ともに期中入社者、退職者、期中雇用区分変更者は除く
・正規・非正規ともに期中休職・休業で給与支給がない月が1ヶ月以上ある場合は除く

【非常勤/時短勤務社員の取扱い】
・正規・非正規ともに、契約内容で人員数のカウント方法は変えない",2026年4月時点,2026年06月29日
7525,5290001017448,リックス株式会社,18,対象正社員,,,,,,,,,,,,正社員,63,,,,,,,,,73.9,76.3,55.4,2025年4月1日～2026年3月31日,当社は賃金体系、制度上の違いはありませんが、職種間や総合職比率において男女差があり賃金差異が生じています。また、継続雇用者（パート・有期労働者）に女性が少ないため賃金差異が生じています。,2026年3月時点,2026年06月09日
4543,3011001015116,テルモ株式会社,20,対象正社員,正社員（本社・営業）,14.4,正社員（研究）,22.1,正社員（工場）,24.8,無期契約フルタイム（本社・営業）,11.6,無期契約フルタイム（研究）,0,72.9,正社員,70.9,,,,,,,,,83.4,84.2,81.8,2025年4月1日～2026年3月31日,"賃金の差異は管理職に占める女性の割合が低いことが影響していると考えられるため、女性管理職比
率の更なる引き上げを目指し、女性リーダーシップ研修等の拡充や、ジョブ型人事制度導入による管
理職任用条件の見直し等の取り組みを進めております。",2026年3月時点,2026年08月05日
1959,6290001001120,株式会社クラフティア,,,,,,,,,,,,,73,,,,,,,,,,,72.9,75.3,60.7,2025年4月1日～2026年3月31日,"（注）１．非正規雇用労働者は、パート・有期労働者であり、派遣社員は除く
　　　２．出向者は、出向先の従業員として集計するため除く
　　　３．職種、担当業務の手当等基準外賃金により記載の通りとなっているが、同一条件の基準　　
　　　　　内賃金に差はない。",2026年3月時点,2026年08月05日
9359,3180001006050,伊勢湾海運株式会社,,,,,,,,,,,,,,総合職,47.4,一般職,68.1,,,,,,,61.9,61.8,56.2,2025年4月1日～2026年3月31日,,2026年3月時点,2026年07月23日
7976,6010701009457,三菱鉛筆株式会社,,,,,,,,,,,,,,,,,,,,,,,,55.3,61.6,39.4,2025年1月1日～2025年12月31日,"当社は賃金体系や制度上において男女の差異はありません。
一方、職種間や管理職等における男女比率に差があり、それに伴う差異が生じています。",2025年12月時点,2026年02月02日
7240,1010401004837,ＮＯＫ株式会社,11.2,対象正社員,,,,,,,,,,,91.8,正社員,91.8,,,,,,,,,77.4,79.4,63,2024年4月1日～2025年3月31日,,2026年3月時点,2026年06月24日
6526,7020001107604,株式会社ソシオネクスト,,,,,,,,,,,,,,全労働者,80.3,,,,,,,,,74.8,76.8,58.5,2025年4月1日～2026年3月31日,,2026年3月時点,2026年06月04日
4483,6010403010531,株式会社ＪＭＤＣ,,,ビジネス系正社員,7.7,技術系正社員,5.3,契約社員（有期）,0.2,パート（有期）,1.3,パート（無期）,3.4,,,,,,,,,,,,68.3,70.9,227.4,2025年4月1日～2026年3月31日,非正規雇用労働者において、時間当たりの賃金水準に男女差はなく、本差異は男女間の稼働時間および労働日数の違いに起因するものです,2026年3月時点,2026年06月17日
E04371,4180001056169,中日本高速道路株式会社,,,,,,,,,,,,,,,,,,,,,,,,66.6,67,58.1,2025年4月1日～2026年3月31日,,2026年4月時点,2026年08月24日
E04362,7180001093548,中部国際空港株式会社,,,,,,,,,,,,,,有給休暇取得率,83,,,,,,,,,60.6,58.5,,2023年4月1日～2024年3月31日,,2024年3月時点,2025年03月19日
2371,9011001065997,株式会社カカクコム,17.5,対象正社員,,,,,,,,,,,,正社員,83.4,,,,,,,,,76.1,78.6,89.6,2025年4月1日～2026年3月31日,当社における男女間の賃金差異は、等級別の人数構成の違いによるものであります。同一労働の賃金に差はありません。,2026年3月時点,2026年07月22日
6741,9010001110631,日本信号株式会社,22.6,対象正社員,正社員,23,,,,,,,,,74.6,正社員,75,,,,,,,,,73.5,77.9,73.1,2025年4月1日～2026年3月31日,"「女性の職業生活における活躍の推進に関する法律」（平成 27 年法律第 64 号）の規定に基づき算出した
ものであります。なお、同一労働の賃金に男女間の格差はなく、等級別人数構成の差によるものです。出向者は、他社への出向者を除き、他社からの出向者を含みます。",2026年3月時点,2026年05月26日
2170,5010001068254,株式会社リンクアンドモチベーション,24.1,基幹的な職種,正社員,24.1,,,,,,,,,,,,,,,,,,,,75.7,84,148.3,2025年1月1日～2025年12月31日,,2025年12月時点,2026年03月16日
6178,5010001112697,日本郵政株式会社,13.4,対象正社員,,,,,,,,,,,,正社員,81.5,,,,,,,,,68.4,68.8,56.8,2025年4月1日～2026年3月31日,"労働者の男女の賃金の差異は、当社の賃金台帳に記載がある社員を対象とし、出向契約の締結内容に基づき、当社において給与を支払っている他社からの出向者及び他社への出向者を含む。
　当社の賃金台帳を基に、雇用する男性労働者の賃金の平均（平均年間賃金＝賃金総額÷人員数）に対するその雇用する女性労働者の賃金の平均の割合を記載。総賃金から退職手当は除き、人員数から休職中の社員は除く。また、無期転換制度に基づく無期雇用転換者（アソシエイト社員）は正規（無期）雇用労働者に含めて記載。
　労働者の男女の賃金の差異の要因は下記のとおり。なお、給与体系は性別に関係なく同一。
＜ 正規労働者 ＞
・ 給与が高い管理職における女性割合が低い。
・給与が高くなる主要要素の１つである勤続年数について、男性の方が、2026年４月１日時点で平均勤続年数が約５年以上長い(無期転換制度に基づく無期雇用転換者(アソシエイト社員)は除く)。
＜ 非正規労働者 ＞
・男性のうち約６割弱を占める専門職採用者の給与が高い。

対象期間　2025年 4月 1日 ～ 2026年 3月 31日",2026年4月時点,2026年08月12日
6231,9120001077892,木村工機株式会社,8.7,その他,,,,,,,,,,,,,,,,,,,,,,64.5,69.3,85.1,2025年4月1日～2026年3月31日,"当社の基本給は、給与の主体となるもので、「本人給」と「職能給」の合計額であります。
「本人給」は労働者の年齢に応じて男女同等に設定しております。
また、「職能給」は労働者の職位、職務能力に応じて設定しております。分布の偏りにもよりますが、同一職階・職級の賃金は、概ね男女同等であります。",2026年3月時点,2026年06月23日
7269,8080401002431,スズキ株式会社,23.1,対象正社員,管理職除く正社員,23.8,再雇用嘱託社員,15.2,,,,,,,79.2,正社員,79.2,,,,,,,,,66,66.8,56,2025年4月1日～2026年3月31日,,2026年3月時点,2026年07月15日
9007,1011001005060,小田急電鉄株式会社,16.2,対象正社員,本社,15.4,現業,16.4,,,,,,,90.8,本社,81.9,現業,93.9,,,,,,,67.4,81,79.4,2025年4月1日～2026年3月31日,,2026年3月時点,2026年06月23日
4384,9010401089631,ラクスル株式会社,,,,,,,,,,,,,,,,,,,,,,,,49.2,52.3,74.1,2024年8月1日～2025年7月31日,,2025年7月時点,2026年03月09日
1929,7010001053304,日特建設株式会社,,,,,,,,,,,,,,,,,,,,,,,,66.9,69.5,58.6,2025年4月1日～2026年3月31日,労働者の男女の賃金差異については、職位や資格等級別の人員構成等によるものであり、適用する給与体系に男女間の差異はありません。,2026年3月時点,2026年07月01日
8097,2010701003604,三愛オブリ株式会社,6.7,対象正社員,総合職,3.4,地域限定職,12,,,,,,,73,総合職,67,地域限定職,82,,,,,,,69.7,71.8,56.2,2025年4月1日～2026年3月31日,,2026年3月時点,2026年07月15日
1762,2120001056705,株式会社高松コンストラクショングループ,6,対象正社員,,,,,,,,,,,74.9,,,,,,,,,,,,,,,,2026年4月時点,2026年07月07日
3626,2010001134133,TISI株式会社,11.3,対象正社員,正社員（管理監督者）,26.7,正社員（専門職）,9.3,正社員（営業・本社系）,6.6,契約社員（管理監督者）,8.4,契約社員（専門職）,14.4,62.6,,,,,,,,,,,81.3,81.4,59.6,2024年4月1日～2025年3月31日,"従業員の男女の賃金の差異　81.4%
管理職の男女の賃金の差異　91.7%
係員の男女の賃金の差異　　93.6%",2025年3月時点,2025年09月24日
4118,8120001059628,株式会社カネカ,19.6,対象正社員,,,,,,,,,,,,正社員,75,,,,,,,,,72.9,76.9,56.5,2025年4月1日～2026年3月31日,,2026年3月時点,2026年06月12日
5016,2010001133878,ＪＸ金属株式会社,,,正社員,17.3,,,,,,,,,85.5,,,,,,,,,,,71.9,72.1,64.2,2025年4月1日～2026年3月31日,,2026年3月時点,2026年07月24日
2206,5120001049268,江崎グリコ株式会社,,,,,,,,,,,,,,江崎グリコに勤務する社員,76.8,,,,,,,,,55,74.9,40.9,2025年1月1日～2025年12月31日,"管理職に占める女性労働者の割合及び労働者の男女の賃金の差異については、「女性の職業生活における活躍の推進に関する法律」（平成27年法律第64号）の規定に基づき算出したものです。なお、当社グループは、意思決定プロセスにより多くの女性社員が参画することで、イノベーションを創出できる組織になれるよう、取り組んでまいります。

男女の賃金の差異については、当社及び国内連結子会社では同一雇用形態において男女の賃金に差を設けていないため、主に正規・非正規の雇用形態別、及び正規における等級別の人員構成の差によるものです。",2025年12月時点,2026年03月30日
6302,9010701005032,住友重機械工業株式会社,18.5,対象正社員,事技職,18.3,生産職,18.9,,,,,,,,管理職を除く正社員,78.7,,,,,,,,,70.8,72,75.9,2025年1月1日～2025年12月31日,"人事制度上の性別による処遇差はなく、管理職に占める女性従業員比率が賃金の差異に大きく影響しております。
女性活躍推進は当社グループの中長期的な成長の鍵であると考えており、具体的な目標を掲げて女性の積極的な採用を進めるとともに、女性従業員のキャリア形成支援を図るなど、取り組みを強化しております。",2026年1月時点,2026年02月03日
9304,6010601038102,澁澤倉庫株式会社,21,対象正社員,,,,,,,,,,,,正社員,52,,,,,,,,,73.2,73.5,70.4,2025年4月1日～2026年3月31日,,2026年3月時点,2026年07月22日
446A,6010601048200,株式会社ノースサンド,27.2,対象正社員,コンサルタント,25.1,バックオフィス,20.1,アルバイト,0.7,,,,,,,,,,,,,,,,73.6,75.8,91.1,2025年2月1日～2026年1月31日,,2025年1月時点,2026年04月27日
1332,1010001016860,株式会社ニッスイ,14.3,対象正社員,,,,,,,,,,,,正社員,79.5,,,,,,,,,59.3,72.9,76.3,2025年4月1日～2026年3月31日,当社は組織の中で担う役割と行動で等級を区分し、それぞれの役割に応じた成果によって等級を定める役割等級制度を運用しています。役割等級制度のコースの一つに将来のマネジメントの担うPコースがあります。Pコースにおける人員構成において、特に女性管理職（課長級や部長級）及び係長級の母集団形成が充分でなく、男女の賃金差異の要因となっています。長期ビジョンとして2030年に執行役員・管理職に占める女性の比率を20％とすることを目標に掲げており、管理職に占める女性比率向上に向けて、新卒、及び経験者採用における女性職員の計画的な採用や育成に加え、仕事と育児の両立環境の整備を進めています。尚、これらの取り組みにより、近年次期管理職候補となり得る係長級においては、女性比率が向上してきており、男女の賃金の差異は縮小していくと考えています。,2026年3月時点,2026年06月22日
6947,2020001008807,株式会社図研,,,,,,,,,,,,,,,,,,,,,,,,69.7,68.7,80.2,2025年4月1日～2026年3月31日,"・男女間において同一労働の賃金に差はなく、男女の賃金の差異の要因は主に職群および等級の人員構成によるものです。
・正規雇用労働者の所定労働時間より勤務時間が短い従業員については、正規雇用労働者の所定労働時間に換算して算出しております。
・基幹職は、正規雇用労働者のうち、経営管理の中枢を担い、担当部門を統率するリーダー、もしくは、特定分野の知識・技術・経験を有するスペシャリストとして、業績目標を達成しうる職務能力を求められる職群です。
・総合職は、正規雇用労働者のうち、将来、基幹職としての役割を果たすこととが期待できる職務能力を求められる職群です。",2026年3月時点,2026年07月16日
296A,6010001128817,令和アカウンティング・ホールディングス株式会社,,,,,,,,,,,,,75.1,,,,,,,,,,,72.7,81.6,195.5,2025年4月1日～2026年3月31日,非正規雇用労働者の男女賃金差異は、男性が主に短時間・短日数勤務の学生アルバイトであることを要因として、女性の賃金が大きく上回る結果となっております。,2026年3月時点,2026年07月10日
9511,3360001008565,沖縄電力株式会社,13.1,対象正社員,,,,,,,,,,,,正社員,88.6,,,,,,,,,79,82.9,46.3,2025年4月1日～2026年3月31日,,2026年3月時点,2026年06月26日
9041,6120001023131,近鉄グループホールディングス株式会社,15.9,対象正社員,,,,,,,,,,,,,,,,,,,,,,59.4,61.8,43.6,2025年4月1日～2026年3月31日,全労働者では、平均年齢（女性33才、男性43才）の差が大きく反映されております。女性の平均年齢が男性と比較して低い理由は、当社の社員の多くが近畿日本鉄道㈱からの転籍社員でありますが、同社は宿泊を伴う勤務が中心となっており、1999年まで女性の深夜業が原則禁止されていたため、女性の採用数が少なかったことによる影響が大きくなっております。なお、時給制の雇用区分は0.5人で算出しております。,2026年3月時点,2026年06月18日
5482,9180001094156,愛知製鋼株式会社,,,,,,,,,,,,,,全社員（正規雇用）,82.5,,,,,,,,,68.7,70.5,67.3,2025年4月1日～2026年3月31日,"・当社の給与制度および評価制度において、性別による差異はございません。
＜正規雇用労働者について＞
　・勤続年数に男女で差があること（男性18.0年、女性14.8年）や管理職の女性比率が2.1％である
　　ことなどから、全体で見た場合、差異はありますが、等級、勤続年数、職種、学歴などの
　　性別以外の条件が同じ場合、基本賃金での差はありません。
　・主に大卒者の職種である総合事技職と業務職の2つの職種について、総合事技職の方が給与水準は高
　　い設定になっておりますが、総合事技職の女性比率が17.2％、業務職の女性比率が100%となっており
　　ます。なお、職種は採用時に本人の希望に沿って決まり、入社後には職種転換制度（条件あり）も
　　利用することができます。
＜パート・有期労働者について＞
　・男性は正社員から定年を迎えた再雇用者が多く、給与水準が比較的高い傾向にあります。
　・パート労働者はほとんどが女性であり、週所定労働時間や1日の所定労働時間をフルタイムに換算せ
　　ず、実数値で算出しております。",2026年4月時点,2026年07月27日
6800,4011501004889,株式会社ヨコオ,,,,,,,,,,,,,,正社員,65.2,,,,,,,,,53.4,69.4,37.3,2024年4月1日～2025年3月31日,,2025年3月時点,2025年10月24日
8091,7010701011833,ニチモウ株式会社,,,,,,,,,,,,,,,,,,,,,,,,64.4,71.8,58.3,2025年4月1日～2026年3月31日,,2026年3月時点,2026年08月20日
4107,9010001037370,伊勢化学工業株式会社,,,,,,,,,,,,,89.5,,,,,,,,,,,76.3,77.2,132.8,2025年1月1日～2025年12月31日,"○正規労働者：期間の定めなくフルタイム勤務する労働者。
○パート・有期労働者：嘱託、パート等を含み、派遣社員は除く。
○賃金：基本給及び通勤手当を含む各手当、賞与等を含む。退職金等は除く。
○その他：当社からの出向者は集計から除いている。",2025年12月時点,2026年04月02日
E32215,3010001166927,東京電力パワーグリッド株式会社,23.1,その他,事務系,21.2,技術系,25.7,定年後の再雇用者,9.7,嘱託社員,0.9,,,80.9,,,,,,,,,,,79.7,80.5,69.8,2025年4月1日～2026年3月31日,,2026年3月時点,2026年06月10日
E04372,2120001112350,阪神高速道路株式会社,,,,,,,,,,,,,,正社員、嘱託員,82,,,,,,,,,77.4,80.3,55.3,2025年4月1日～2026年3月31日,,2026年3月時点,2026年07月07日
7609,9120001083156,ダイトロン株式会社,13.7,その他,,,,,,,,,,,66.3,全体,68.6,社員（正社員・嘱託・契約）,65.1,パート社員,85.4,,,,,49,56.5,54,2025年1月1日～2025年12月31日,"【計算方法】事業年度末（12/31付）に在籍する労働者の１～１２月の超過勤務手当を含む給料、賞与を在籍月数で除して平均賃金を算出しています。（除外者：海外勤務者・年収０の者）（賃金：所得税法による「給与所得」。退職金等含まず。）
【当社の取り組み】男女賃金格差の主な要因は、女性の一般職やパート社員に占める割合が高く、総合職や管理職に占める割合が低いためですが、給与テーブルが同一であるコース別・役職別毎に見ると男女賃金格差は縮小します。現在当社では、女性の総合職割合15％、女性の管理職の割合10％を行動計画に掲げ、2026年達成に向け、女性活躍推進のための諸施策を実行しております。",2025年12月時点,2026年06月18日
4403,1011001025967,日油株式会社,,,正社員,15,,,,,,,,,,対象となる労働者すべて,81.4,,,,,,,,,72.5,73.6,87.8,2025年4月1日～2026年3月31日,,2026年3月時点,2026年05月20日
4206,6180001033620,アイカ工業株式会社,,,,,,,,,,,,,71.7,正社員,71.7,,,,,,,,,81.1,79,96.7,2025年4月1日～2026年3月31日,,2026年3月時点,2026年05月27日
2325,6011101045308,株式会社NJS,,,,,,,,,,,,,,,,,,,,,,,,59.5,67.9,72.8,2025年1月1日～2025年12月31日,"対象期間：
2025年期（2025年1月1日～2025年12月31日）

賃金：
通勤手当、退職手当等を除く

その他：
労働者には当社から他社へ出向中の者も含みます。
他社から当社への出向受入中のものは含みません。",2025年12月時点,2026年05月21日
3433,6140001021397,トーカロ株式会社,4.7,対象正社員,総合職,6.2,技能職,4.7,無期契約社員,1.5,,,,,75.6,総合職,70.1,技能職,81,無期契約社員,89.7,,,,,64.9,70.8,72.6,2025年4月1日～2026年3月31日,,2024年3月時点,2026年07月22日
155A,2011001059411,株式会社情報戦略テクノロジー,,,,,,,,,,,,,60.6,,,,,,,,,,,67.8,67.5,,2025年1月1日～2025年12月31日,,2026年1月時点,2026年04月23日
8334,3070001003513,株式会社　群馬銀行,13.3,対象正社員,総合職,13.3,,,,,,,,,80.8,総合職・シニア・臨時従業員他,80.8,,,,,,,,,52.6,61.8,59.2,2025年4月1日～2026年3月31日,,2026年3月時点,2026年06月23日
2737,4010001071688,㈱トーメンデバイス,,,,,,,,,,,,,,全社員,86.6,,,,,,,,,64.5,64,36.9,2025年4月1日～2026年3月31日,,2026年3月時点,2026年08月18日
6457,5140001058614,グローリー株式会社,17.1,対象正社員,,,,,,,,,,,,正社員,75.9,,,,,,,,,65,77.3,43.4,2025年4月1日～2026年3月31日,,2026年3月時点,2026年06月25日
3850,7010401040174,株式会社エヌ・ティ・ティ・データ・イントラマート,3.6,対象正社員,正社員 （営業）,5.2,正社員 （エンジニア）,2.9,正社員 （スタッフ）,2.8,無期契約社員,1.5,有期契約社員（フルタイム）,2,,正社員,75.4,,,,,,,,,78.6,81.5,45.1,2025年4月1日～2026年3月31日,,2026年3月時点,2026年06月11日
8869,2011001023094,明和地所株式会社,,,,,,,,,,,,,,,,,,,,,,,,58.6,69.7,69.4,2024年4月1日～2025年3月31日,"上記のほかパート労働者が在籍しておりますが、女性従業員のみとなっております。
従いまして、全労働者の男女賃金差異を算出する際に、パート労働者の賃金を含めていることから、正規雇用労働者と非正規雇用労働者の男女の賃金差異より全労働者の割合が低くなっております。",2025年4月時点,2025年08月22日
1914,9120001072753,日本基礎技術株式会社,13,対象正社員,,,,,,,,,,,,,,,,,,,,,,77.7,69,69.3,2025年4月1日～2026年3月31日,,2026年3月時点,2026年07月21日
4534,9011101021173,持田製薬株式会社,,,,,,,,,,,,,,正社員,65.5,,,,,,,,,71.2,73,60.7,2025年4月1日～2026年3月31日,"・正規雇用労働者は、正社員、嘱託従業員を対象に、非正規雇用労働者は、再雇用社員、パートナー社員、臨時員等を対象に算出しています。
・再雇用社員、パートナー社員、臨時員等、夫々の雇用形態で賃金水準を設定しているため、雇用形態の男女人数の差異が、男女の賃金の差異にも一部影響しています。
・賃金には、賞与および基準外賃金を含んで算出しています。",2026年7月時点,2026年08月03日
5129,1010401084788,株式会社ＦＩＸＥＲ,10.8,その他,,,,,,,,,,,98.5,,,,,,,,,,,99.3,99.9,90.8,2024年9月1日～2025年8月31日,・非正規社員は、男性社員に専門業務の割合が高いため、賃金に差が生じている,2025年12月時点,2026年02月03日
3401,8120001077489,帝人株式会社,13.3,対象正社員,総合職,17,一般職,7.1,,,,,,,,管理職,71.1,総合職,83.3,一般職,87.7,,,,,76.8,78.9,38.8,2025年4月1日～2026年3月31日,,2026年3月時点,2026年07月08日
9009,7010601012155,京成電鉄株式会社,,,,,,,,,,,,,,対象とする労働者すべて,92.3,,,,,,,,,73.9,75.2,56.7,2025年4月1日～2026年3月31日,小数点第２位を四捨五入し、小数点第１位まで表示して掲載。,2026年3月時点,2026年05月28日
4552,6140001000905,JCRファーマ株式会社,11.7,その他,正社員,14.2,職種限定社員,3.7,契約社員,3.7,準社員,5.5,,,,対象とする労働者すべて,77.6,,,,,,,,,64.5,69.5,38.5,2025年4月1日～2026年3月31日,,2026年3月時点,2026年07月22日
1822,3010001034869,大豊建設株式会社,21.6,対象正社員,社員：土木系,22.8,社員：建築系,23.7,社員：事務,17,エリア職：土木,28.6,エリア職：建築,23.9,52.9,社員：土木系,49.9,社員：建築系,51.6,社員：事務,54.8,エリア職,77.9,,,64.8,66.9,40,2025年4月1日～2026年3月31日,"対象期間：令和6事業年度（令和7年4月1日～令和8年3月31日）
全ての労働者は、役員・非常勤を除く

差異の主な理由
・正規雇用労働者
①管理職層に占める女性の割合が少ないため
②女性は育児による時短勤務を行っているため
※①については、近年は積極的に女性の雇入れを行い、状況の改善に努めている

・非正規雇用労働者
③女性は、有期雇用者が多く、男性は定年後の再雇用社員が多く在籍しているため
※③については、有期雇用から正社員登用へ雇用形態の転換を行っている",2026年3月時点,2026年05月13日
E36432,3010001204364,東京電力リニューアブルパワー株式会社,23.7,その他,事務系,22.2,技術系,25.7,定年後の再雇用者,11.3,嘱託社員,13.4,,,75.4,,,,,,,,,,,75.9,72.7,76,2025年4月1日～2026年3月31日,,2026年3月時点,2026年06月18日
E04151,3010501015419,首都圏新都市鉄道株式会社,,,,,,,,,,,,,93,,,,,,,,,,,78.1,78.3,38,2025年4月1日～2026年3月31日,"非正規労働者は60歳以上の再雇用者である嘱託社員と学生アルバイトの合計である。

内訳　嘱託社員の差異　　　　　　-（女性社員の在籍なし）
　　  学生アルバイトの差異　98.5％",2026年4月時点,2026年06月22日
7003,9010001034946,株式会社三井E&S,,,,,,,,,,,,,,,,,,,,,,,,82.7,83.5,84.8,2025年4月1日～2026年3月31日,,2026年4月時点,2026年07月09日
9045,8120001149503,京阪ホールディングス株式会社,22.9,対象正社員,,,,,,,,,,,,正社員,75.3,,,,,,,,,72.5,73.1,38.1,2025年4月1日～2026年3月31日,,2026年3月時点,2026年07月01日
7272,2080401016040,ヤマハ発動機株式会社,16,対象正社員,,,,,,,,,,,,,,,,,,,,,,73.5,73.5,100,2025年1月1日～2025年12月31日,,2025年12月時点,2026年05月12日
1813,4010001141053,株式会社不動テトラ,23,その他,総合職（技術系）,31.2,総合職（事務系）,11.4,限定職（事務系）,5.1,有期雇用（技術系）,19.3,有期雇用（事務系）,1.9,,対象となる全労働者,56.2,,,,,,,,,70.1,71.1,57.4,2024年4月1日～2025年3月31日,"労働者の男女の賃金差異の主な要因
・管理職層や上位等級に占める女性の比率が低い。
    この点については、事業主行動計画等において改善に向けた取り組みを推進中である。
    なお、同一等級内における基本給比率では、男女差はほとんど生じていない。
・非正規雇用労働者（有期労働者）については、男性の大半が定年後再雇用の施工職であるのに対し、女性は一般事務職が多いという職種の違いがある。",2025年3月時点,2025年08月28日
6027,7010401059818,弁護士ドットコム株式会社,19,その他,,,,,,,,,,,61.1,,,,,,,,,,,72.4,74.6,87.7,2025年4月1日～2026年3月31日,,2026年3月時点,2026年07月17日
7912,5011101012069,大日本印刷株式会社（DNP）,11.2,対象正社員,,,,,,,,,,,,正社員,61,,,,,,,,,80.4,80.4,61.8,2025年4月1日～2026年3月31日,"2025年度
◆「女性の職業生活における活躍の推進に関する法律」（平成27年法律第64号）の規定に基づき算出したものです。
◆男女の賃金の差異については、賃金に賞与および基準外賃金を含んでいます。また、短時間勤務者、パート労働者については、正規雇用労働者の所定労働時間（1日8時間）で換算した人員数を基に平均年間賃金を算出しています。
◆社員個々の性自認を尊重し、本算定にあたり、社員から性自認についての申告があった際は、原則、申告に基づく性別に含めて算定することとしています。
◆当社においては、処遇制度上、賃金体系・水準面で男女の差はありません。
 ・正規雇用労働者全体では男女間で賃金の差異が生じていますが、その差異は、
 　①人員構成（年齢・勤続年数など）の要因による管理職ならびに上位等級における比率の差、
 　②育児休業や育児による短時間勤務の利用状況による所定外手当の差、
 　③その他各種手当の支給状況の差、
 　といった人員構成・働き方の違いが主な要因であると認識しています。

・当社は、女性管理職比率の向上に向けた育成・登用施策、キャリア形成支援、ならびに評価・登用の運用点検を通じてジェンダーギャップの解消に取り組んでいます。具体的な取り組み等については「第2 事業の状況 2 サステナビリティに関する考え方及び取組 （2）サステナビリティに関する具体的な取り組み ①人的資本の強化」に記載しています。https://azcms.ir-service.net/DATA/7912/ir/S100YF74.pdf

・パート・有期労働者の男女間賃金差異については、主に雇用形態の違いが起因しています。特に、定年後再雇用者は男性が多く、定年前の等級等を踏まえて処遇を決定しており、格差が生じています。",2026年3月時点,2026年07月21日
8418,5250001007270,株式会社山口フィナンシャルグループ,15.3,対象正社員,基幹社員,15.3,ビジネススタッフ,3.7,嘱託等,6.8,パートタイマー,1.1,,,,基幹社員,73.4,ビジネススタッフ,78.6,嘱託等,79.2,パートタイマー,86.1,,,51.1,56,53.1,2025年4月1日～2026年3月31日,正規雇用労働者は、使用者との間で期間の定めのない労働契約を締結している労働者で、有期労働者は、使用者との間で期間の定めのある労働契約を締結している労働者としております。,2026年3月時点,2026年06月24日
215A,1012801018219,株式会社タイミー,,,,,,,,,,,,,,,,,,,,,,,,80.5,74,100.1,2024年11月1日～2025年10月31日,,2026年1月時点,2026年01月28日
6951,9012801002438,日本電子株式会社,12.5,対象正社員,総合職,12.5,,,,,,,,,,正社員,70.3,,,,,,,,,83.9,86.5,113.9,2025年4月1日～2026年3月31日,,2026年4月時点,2026年07月27日
6490,3120001059450,株式会社PILLAR,10.5,対象正社員,,,,,,,,,,,,正規労働者,69.9,非正規労働者,86.3,,,,,,,71.1,76,90.5,2025年4月1日～2026年3月31日,,2026年3月時点,2026年08月24日
8793,8010401021784,ＮＥＣキャピタルソリューション株式会社,23,対象正社員,総合職,27.7,一般職,17.1,嘱託,13.7,,,,,,総合職,64.5,一般職,86.3,嘱託,79.7,,,,,55.7,55.5,73.6,2022年4月1日～2023年3月31日,,2023年3月時点,2023年10月10日
2326,3010001096117,デジタルアーツ株式会社,,,,,,,,,,,,,,正社員,69,,,,,,,,,,,,,,2025年3月時点,2025年09月22日
6859,7120001059661,エスペック株式会社,20.7,対象正社員,正社員,20.7,シニア正社員,9.7,契約社員,5.7,PT,1.7,嘱託社員,7.8,84.9,正社員,83.8,シニア正社員,90,契約社員,121.6,PT,80.3,嘱託社員,112,70.9,72.6,62.4,2025年4月1日～2026年3月31日,"※年度集計は2025年度
正規雇用労働者は正社員のみ
非正規雇用労働者はシニア正社員、契約社員、パート、嘱託社員",2026年3月時点,2026年07月08日
2264,8010401029662,森永乳業株式会社,16.5,対象正社員,,,,,,,,,,,,正規従業員,78.8,,,,,,,,,68.7,77.6,68.4,2025年4月1日～2026年3月31日,※処遇は男女同一であり、差は性別ごとの年齢構成・等級構成の違いなどによるものです。,2026年5月時点,2026年05月19日
9424,4010701007776,日本通信株式会社,7.1,対象正社員,,,,,,,,,,,,,,,,,,,,,,,,,,,2024年11月時点,2025年09月02日
3452,2010401078582,株式会社ビーロット,,,,,,,,,,,,,82.2,,,,,,,,,,,,,,,,2025年12月時点,2026年06月08日
3983,7013201012673,株式会社オロ,,,,,,,,,,,,,,,,,,,,,,,,79.3,81.1,132.6,2025年1月1日～2025年12月31日,,2025年12月時点,2026年04月22日
5713,9010401015273,住友金属鉱山株式会社,15,対象正社員,,,,,,,,,,,,対象従業員,85.7,,,,,,,,,68,69.4,39.4,2025年4月1日～2026年3月31日,"・正規雇用労働者：無期雇用労働者。短時間勤務者、社外への出向者を含む。
・非正規雇用労働者：有期雇用労働者。
・賃金：基本給、超過勤務手当、住宅手当、家族手当、通勤手当、物価上昇手当等を含み、退職手当を除く。
・正規雇用の賃金差異の主な理由は、女性の平均継続勤務年数は12.9年と、男性の18.4年より5.5年短いことに付け加えて、管理職に占める女性の割合が3.2％であることです。
・非正規雇用の賃金差異の主な理由は、女性の平均継続勤務年数は8.4年で、男性の29.7 年より21.3年短いことです。男性労働者は定年後の再雇用労働者が大半を占めている一方で、
　女性労働者はパートタイマーなど臨時的な雇用形態の方が多いことも要因となっています。",2026年3月時点,2026年08月24日
3996,1010001107305,サインポスト株式会社,,,,,,,,,,,,,68.7,,,,,,,,,,,71.9,72,,2025年3月1日～2026年2月28日,女性社員については、若年層の割合が多いため。,2026年2月時点,2026年07月15日
8341,1370001003352,株式会社七十七銀行,16.6,対象正社員,正社員,16.6,,,,,,,,,75,正社員,75,,,,,,,,,36.4,59.8,50.8,2025年4月1日～2026年3月31日,当行の賃金体系は性別による差を設けていないため、階層別にみると男女間の賃金に大きな差はありませんが、相対的に賃金の高い管理職以上や転居を伴う転勤を実施するコースにおいて男性の割合が高いため、全体では上記の差異が生じていると考えられます。2025年度においては、女性の能力開発および管理職への登用を推進した結果、管理職に占める女性労働者の割合が前年度比1.9ポイント増加し、男女賃金差異は前年度比0.6ポイント改善しました。引き続き、高付加価値を生み出す業務にかかる実践力強化等、管理職以上を見据えた能力開発を積極的に行うことで、管理職以上への女性登用を計画的に推進してまいります。,2026年3月時点,2026年06月26日
9880,8020001019484,イノテック株式会社,,,,,,,,,,,,,,,,,,,,,,,,72.5,71.7,,2025年4月1日～2026年3月31日,当事業年度において、女性のパート・有期労働者の雇用はありません。,2026年3月時点,2026年08月21日
1938,5011501002891,日本リーテック株式会社,,,,,,,,,,,,,,,,,,,,,,,,62,64.1,71.5,2025年4月1日～2026年3月31日,,2026年5月時点,2026年07月17日
4362,4120001093267,日本精化株式会社,13.4,対象正社員,正社員,13.4,準社員,2.1,パート,0,,,,,87.2,正社員,86.7,準社員,98.8,パート,91.5,,,,,77,80.9,104,2025年4月1日～2026年3月31日,"・正規雇用労働者：正社員、定年再雇用社員、準社員（契約社員）
・非正規雇用労働者：パートタイマー
・賃金には、基準内給与、時間外手当、通勤手当、賞与など、2025年4月～2026年3月に支給されたものの総額により計算。",2026年3月時点,2026年04月21日
4401,1011501009437,㈱ＡＤＥＫＡ,14.3,対象正社員,,,,,,,,,,,76.5,組合員,82.9,,,,,,,,,70.5,76.8,65.6,2025年4月1日～2026年3月31日,"・対象者：出向者については、当社から社外への出向者及び社外から当社への出向者を除く。
・対象期間：2025年4月～2026年3月
・賃金：基準内賃金、基準外賃金、賞与を指し、非課税となる通勤交通費は除く。
・非正規雇用労働者：有期雇用労働者（パートタイム勤務者を含む）をいい、派遣社員を除く。
【補足】男女の賃金の差異は、全労働者で70.5％となっています。役割や評価が同一であれば、賃金に男女の差異はありませんが、過去からの労務構成上の要素（男性1,559名、女性386名）もあり、平均では上記の通りとなります。",2026年3月時点,2026年06月12日
1515,5010001008730,日鉄鉱業株式会社,7.5,対象正社員,,,,,,,,,,,,正社員,77.6,,,,,,,,,61.3,63.2,32.1,2025年4月1日～2026年3月31日,,2026年3月時点,2026年07月28日
9845,5010001054386,株式会社パーカーコーポレーション,,,,,,,,,,,,,,,,,,,,,,,,71,71.8,67.4,2024年4月1日～2025年3月31日,有機労働者の割合が低い理由として、女性は労働時間の短いパート社員であり、男性の有期社員は嘱託契約の従業員や契約社員となっている為、格差が大きく生じている原因となっております。,2025年3月時点,2026年03月26日
6823,1012401002696,リオン株式会社,21.4,その他,正社員,22.8,嘱託,5.1,再雇用者,3.4,契約社員,14.9,,,69.3,正社員,68,嘱託,90.3,再雇用者,95.7,契約社員,65.4,,,80.1,80.1,81.5,2025年4月1日～2026年3月31日,当社の賃金制度においては、年齢や性別に関係なく、同一の職制・職能資格であれば同一の賃金体系となるよう設計しております。また人材育成においては、男女同一の研修・フォロー体制を取っており性別、年齢、国籍等が人事考課に影響を与えることはありません。しかしながら、女性管理職比率が低いことや、扶養家族手当等の諸手当の支給対象者が男性に偏っているなどの要因により、男女間で賃金格差が生じております。近年、採用者に占める女性の割合は上昇傾向にあるため、これに伴って女性管理職比率が上昇し、男女間の賃金格差も改善していくものと想定しております。今後は女性の活躍推進に積極的に取り組んでまいります。,2026年3月時点,2026年07月16日
8830,8011101010739,住友不動産株式会社,22.5,基幹的な職種,,,,,,,,,,,,,,,,,,,,,,51,58.7,41.2,2025年4月1日～2026年3月31日,"住友不動産グループでは、多数ある専門職種（主要なものだけでも約30職種）ごとに採用・昇給を行っており、各専門職種内において各人の能力（職責）と成果のみで評価する公正な給与制度となっております。
かかる実態に即して管理系職種、営業・企画系職種、技術系職種、アシスタント系職種に4分類した差異を記載しております。
管理　　　　　：63.2％
営業・企画　：70.7％
技術　　　　　：82.6％
アシスタント：97.4％",2026年3月時点,2026年08月10日
554A,7010001190989,株式会社バトンズ,23.3,対象正社員,ビジネス職,24.8,エンジニア職,11.1,バックオフィス職,21.7,アルバイト,0,,,,,,,,,,,,,,77.1,75.6,,2025年4月1日～2026年3月31日,"賃金:基本給、超過労働に対する報酬、賞与等を含む。
パート・有期雇用:パートタイマーを含み、派遣社員を除く。",2026年3月時点,2026年05月08日
3861,5010001034743,王子ホールディングス株式会社,17.4,基幹的な職種,,,,,,,,,,,,,,,,,,,,,,73.4,72.9,87.8,2025年4月1日～2026年3月31日,,2026年3月時点,2026年06月15日
9324,6010401029771,安田倉庫株式会社,15.3,対象正社員,,,,,,,,,,,,その他,67.2,,,,,,,,,70.1,72,58.9,2025年4月1日～2026年3月31日,"対象期間：令和7年事業年度（2025年4月1日～2026年3月31日）
賃金：基本給、超過労働に対する報酬、賞与等を含み、通勤手当、退職手当を除く
正社員：出向者については社外への出向者は含まず、受入出向者は含む
有期雇用職員：嘱託職員、契約社員を含み派遣社員を除く、出向者については社外への出向者は含まない
＜正社員＞
・女性活躍推進の観点から、女性の新卒採用の強化を行った結果、
女性の勤続年数分布が若手に集中していることが男女の賃金差異の要因となっている。
・勤務地域を限定するか否かで雇用区分が大きく分けて2つあり、
女性の多くが、勤務地域を限定した雇用区分を選択していることが男女の賃金差異の要因となっている。

＜有期雇用職員＞
有期雇用者では相対的に賃金水準の高い定年再雇用の嘱託社員の大半が男性となっており
男女の賃金差異の要因となっている。",2026年3月時点,2026年07月22日
8566,7010601037788,リコーリース株式会社,9.5,その他,正社員,10.1,無期契約社員,5.6,有期契約社員,3.1,,,,,,正社員,74.1,無期契約社員,84.3,有期契約社員,90.6,,,,,64,61.9,107.1,2025年4月1日～2026年3月31日,,2026年3月時点,2026年06月30日
2201,1010401029660,森永製菓株式会社,12.9,対象正社員,対象正社員,12.9,,,,,,,,,,正社員,79.5,,,,,,,,,62.3,64.8,85.5,2025年4月1日～2026年3月31日,"◆差異理由
男女の賃金の差異については、主に正規・非正規の雇用形態別、及び正規における等級別の人員構成の差によるものであります。女性従業員のうち雇用形態が非正規労働者の方の割合（28.6％）は、男性従業員の同割合（15.4％）に対して高くなっていることや、正規労働者の一部の等級のうち、家族・住宅手当等の諸手当が世帯主である男性従業員に支給されるケースが多くなっていることが賃金差異の要因となっております。
◆今後の取り組み
当社グループの男女の賃金の差異は、雇用形態別・等級別の男女人員構成の差によって発生しております。この差異につきましては、一部の会社で縮小傾向にありますが、今後も注視してまいります。なお、今後も女性だけでなく様々な背景を持つ多様な人材がより活躍できる労働環境の実現を図り、ダイバーシティポリシーに基づいた取組みを推進することによる差異縮小を目指してまいります。",2026年4月時点,2026年06月04日
1827,4010001008731,株式会社ナカノフドー建設,,,社員(総合職技術),20.7,社員(総合職事務),11.8,社員(一般職),2.7,常勤嘱託,7.4,,,,,,,,,,,,,,76,75.2,84.3,2025年4月1日～2026年3月31日,,2026年3月時点,2026年07月02日
7956,8010001027298,ピジョン株式会社,6.7,対象正社員,マネジメント職群,0,エキスパート職群,3.8,プロフェッショナル職群（営業系職種）,5.9,プロフェッショナル職群（管理系職種）,8.2,プロフェッショナル職群（デザイン・企画系職種）,4.8,,正社員・嘱託社員,83.2,,,,,,,,,67,78.5,53.2,2025年1月1日～2025年12月31日,"「女性の職業生活における活躍の推進に関する法律」（平成27年法律第64号）の規定に基づき算出したものです。
賃金は基本給及び賞与、基準外賃金を含んでいます。
労働者の男女の賃金の差異について、同一労働の賃金における性別による差異はありません。
労働者の男女の賃金の差異が生じる主な要因としては、・執行役員の年収水準が突出して高いことに加え、執行役員の女性比率が25%と低いことや、シニアマネージャーの女性比率が15.8%と低いことが大きな要因です。また、アソシエイトエキスパート以上の等級において、男性比率が高い点等がございます。",2025年12月時点,2026年03月30日
4220,9010001034970,リケンテクノス株式会社,13.6,対象正社員,,,,,,,,,,,,正社員,68.6,,,,,,,,,74.2,75.2,47.4,2025年4月1日～2026年3月31日,,2026年3月時点,2026年06月26日
3941,1120001036880,レンゴー株式会社,15.4,その他,総合職,15.6,業務職,16.2,定年再雇用,5.6,無期契約社員（フルタイム勤務）,6.1,無期契約社員（パートタイム勤務）,0.4,,対象とする労働者すべて,81.4,,,,,,,,,68.4,73.7,50.9,2025年4月1日～2026年3月31日,"対象期間：2025年度（2025年4月1日から2026年3月31日まで）
賃　　金：給与および賞与
対 象 者：
＜正規雇用従業員＞
正社員、無期契約社員(フルタイム勤務)
＜非正規雇用従業員＞
定年再雇用社員、無期契約社員(パートタイム勤務)、有期契約社員(フルタイム勤務、パートタイム勤務)
説　明：
１．当社では、初任給設定およびその後の昇給体系において、性別による差異はない。
正社員(管理職を除く)の平均基本給の男女比　94.7％
２．ただし、下記を主な理由として、男女の賃金に差異が生じている。
＜正規雇用従業員＞
・女性の勤続年数が男性に比べて短い
・女性の管理職が少ない
・製造現場の交替勤務職場には男性が多く、交替勤務手当、深夜勤務手当、時間外勤務手当が支給されている
＜非正規雇用従業員＞
・女性にパートタイム勤務の契約社員が多い
・女性に相対的に賃金が高い定年再雇用社員が少ない
３．女性の採用促進に注力して女性比率を高めるとともに、職域拡大と管理職登用にも積極的に取り組んでいる。併せて、女性が安心して長く働き続けられる環境づくりを進めている。",2026年6月時点,2026年06月24日
8892,8010001067609,株式会社エスコン,23.1,対象正社員,,,,,,,,,,,70.9,,,,,,,,,,,61,59.5,68.4,2025年4月1日～2026年3月31日,,2026年3月時点,2026年06月26日
1848,6290001010204,株式会社富士ピー・エス,14.4,対象正社員,,,,,,,,,,,,正社員,44,,,,,,,,,68.2,73.5,39,2025年4月1日～2026年3月31日,女性の平均年齢（36.6歳）、勤続年数（9.3年）が、男性に対して8年程度若いことが差異の要因であり、正社員において各年代の性別による賃金格差はありません。,2025年3月時点,2026年07月21日
4449,4011001073617,株式会社ギフティ,,,正社員,16.9,,,,,,,,,,正社員,67.3,,,,,,,,,86.8,78.6,135.1,2025年1月1日～2025年12月31日,,2025年12月時点,2026年04月06日
9531,6010401020516,東京ガス株式会社,3.5,対象正社員,社員,3.5,有期契約労働者(フルタイム),0.7,有期契約労働者(短時間),0,無期契約労働者(フルタイム),0.7,無期契約労働者(短時間),0,79.8,社員,77.8,有期契約労働者(フルタイム),93.4,有期契約労働者(短時間),88.2,無期契約労働者(フルタイム),80.3,無期契約労働者(短時間),91.3,79.2,80.6,64,2025年4月1日～2026年3月31日,"<補足説明>
・制度上男女の差はありません。正社員について、女性管理職割合の増加等女性活躍の進展や、働き方改革に伴い、時系列でみると賃金格差は縮小傾向にあります。
※2025年4月1日～2026年3月31日",2025年11月時点,2026年06月12日
E03824,6010001008795,三井住友海上火災保険株式会社,5.9,基幹的な職種,営業・損害サポート社員,0,アジャスター社員,10.7,アソシエイト社員,3.7,スタッフ社員,1.3,,,,正社員,88.5,,,,,,,,,50.6,57,29.5,2025年4月1日～2026年3月31日,,2025年8月時点,2026年07月21日
9765,9013201001170,株式会社　オオバ,26.8,対象正社員,正規労働者,26.8,非正規労働者,11.1,,,,,,,69,正規労働者,64,非正規労働者,83,全ての労働者,69,,,,,59.6,72.6,66.1,2024年6月1日～2025年5月31日,,2025年5月時点,2025年09月16日
8051,1120001049040,株式会社山善,16.6,対象正社員,,,,,,,,,,,,正社員,67,,,,,,,,,66.1,68.9,36.9,2025年4月1日～2026年3月31日,"「対象期間：2025年4月1日～2026年3月31日
賃金：給与・賞与の課税支給額にて算出。年間を通じて給与が支給された社員を対象とする。（中途入社、退職は除く）。
正社員：出向者については、当社から社外への出向者を除き、他社から当社への出向者を含む。
パート・有期社員：定年再雇用社員（嘱託社員・執行役員）、パート・契約社員を含み、派遣社員を除く。
 
◆賃金差異の理由
（正規雇用社員）
・管理職における女性比率が3.3%に留まっている。
上記課題については、女性の登用及び教育研修を推し進める方針。
（パート・有期社員）
・相対的に賃金水準の高い定年再雇用社員の女性割合が3％程度のため、男女の賃金格差が生じている。",2026年4月時点,2026年04月30日
2613,6010001078021,㈱J－オイルミルズ,19.9,対象正社員,事務職,18.8,営業職,25.3,研究職,18.7,技術職,19.4,定年後再雇用,10.3,71.7,,,,,,,,,,,66.1,72.7,58.4,2025年4月1日～2026年3月31日,"＜正規＞
・一般職・管理職ともに上位等級を占める男性の割合が高い。
　女性登用を積極的に推進していくとともに女性管理職比率の向上を計画的に推進していく。

＜非正規＞
・相対的に賃金の低いパートの女性比率が高い。
・再雇用者の上位等級を占める男性の割合が高い。

＜全労働者＞
・女性社員に占める、非正規雇用者の割合が高いことが賃金差異に繋がっている。",2026年3月時点,2026年06月30日
E40299,7010701027334,いすゞリーシングサービス株式会社,,,正社員,20.5,,,,,,,,,,,,,,,,,,,,57.6,59.1,30.3,2024年4月1日～2025年3月31日,,2024年7月時点,2025年09月08日
1892,5180001038835,徳倉建設株式会社,29.2,対象正社員,,,,,,,,,,,11.1,,,,,,,,,,,77.8,78.2,39.5,2025年4月1日～2026年3月31日,,2026年3月時点,2026年07月31日
9651,2010401055029,日本プロセス株式会社,9.8,対象正社員,,,,,,,,,,,,対象とする労働者すべて,75.8,,,,,,,,,81.5,83,25.9,2025年6月1日～2026年5月31日,,2026年6月時点,2026年07月27日
4461,7130001017809,第一工業製薬株式会社,11.5,その他,,,,,,,,,,,,正社員,75.6,,,,,,,,,72.7,74.1,53.6,2025年4月1日～2026年3月31日,,2026年3月時点,2026年07月30日
9672,9010001034995,東京都競馬株式会社,,,,,,,,,,,,,,,,,,,,,,,,81.6,80.8,97.5,2024年1月1日～2024年12月31日,,2025年8月時点,2025年08月18日
4450,6010001106038,株式会社パワーソリューションズ,11,対象正社員,,,,,,,,,,,9.3,,,,,,,,,,,63.8,68.3,63.5,2025年1月1日～2025年12月31日,,2025年12月時点,2026年05月28日
9534,5430001021815,北海道ガス株式会社,15.4,対象正社員,正社員,15.4,,,,,,,,,,対象とする労働者すべて,80.7,,,,,,,,,68.6,69,59.2,2025年4月1日～2026年3月31日,"30代以下の労働者の男女の賃金の差異
全労働者：84.1％
正規雇用労働者：84.9％
パート有期労働者：52.6％",2026年3月時点,2026年07月23日
6875,9120001058777,株式会社メガチップス,13.7,基幹的な職種,,,,,,,,,,,79.7,,,,,,,,,,,78.7,78.7,,2025年4月1日～2026年3月31日,,2026年3月時点,2026年07月24日
9553,5011001052933,株式会社マイクロアド,,,,,,,,,,,,,,,,,,,,,,,,75.5,77.8,61.3,2024年10月1日～2025年9月30日,"労働者の男女の賃金の差異について、賃金制度・体系において性別による差異はありません。
男女の賃金の差異は主に男女間の管理職比率の差異によるものです。",2026年3月時点,2026年03月31日
9357,6180001007509,名港海運株式会社,14,対象正社員,,,,,,,,,,,,その他,60.3,,,,,,,,,66.5,68.3,61.5,2025年4月1日～2026年3月31日,,2026年5月時点,2026年05月28日
6332,8010001034856,月島ホールディングス株式会社,18,対象正社員,総合職,22.4,一般職,16,技能職,4.4,,,,,72,,,,,,,,,,,55.1,61.1,54.5,2025年4月1日～2026年3月31日,,2026年3月時点,2026年06月26日
7740,5030001011204,㈱タムロン,16.5,対象正社員,,,,,,,,,,,,対象とする労働者すべて,84.7,,,,,,,,,77.7,81.5,85.9,2025年1月1日～2025年12月31日,,2025年12月時点,2026年05月15日
9605,6010001034866,東映株式会社,,,,,,,,,,,,,,,,,,,,,,,,81.9,86.2,90.1,2025年4月1日～2026年3月31日,,2026年3月時点,2026年06月25日
2173,3010001099004,株式会社博展,29,対象正社員,,,,,,,,,,,,,,,,,,,,,,77.4,77.5,31.5,2025年1月1日～2025年12月31日,"・出向社員は出向先が人件費を負担しているので除外
・対象期間に休業がある社員は正しい年収とならないため除外
・時短社員は法の趣旨として含めている
・人員数は季節的変動がほぼないため算定対象とした社員の期末人数を使用

※対象期間に関しての補足
該当業年度は決算月変更の影響で2025年1月1日～2025年12月31日が対象期間となります。",2024年12月時点,2026年04月24日
6856,1130001011676,株式会社堀場製作所,14.2,その他,,,,,,,,,,,,その他,82.6,,,,,,,,,68.2,80.4,76.7,2025年1月1日～2025年12月31日,"正規雇用：資格制度、賃金制度は全社一律であり、同一の資格、役職における賃金の差異はありませんが、管理職層に男性従業員が多い事、育児等による時短勤務制度を利用する女性従業員が多い事などが男女間賃金差異の要因となっています。

非正規雇用：非正規雇用者に占める、短時間勤務の女性パートタイマーの人数が約半数になっている事が差異の要因となっています。",2025年12月時点,2026年03月17日
4471,3130001009314,三洋化成工業株式会社,8.6,対象正社員,,,,,,,,,,,,正社員,69.7,,,,,,,,,70,74.2,44.1,2025年4月1日～2026年3月31日,"１．関係会社への在籍出向者を含んで算出しています。
２．人事制度上、同一の職位・役割における男女間の賃金格差はありません。
３．正規労働者の、職位別の男女の賃金差異の要因は次のとおりです。
＜管理職社員＞　男女の賃金差異：92.2%
役割手当や単身赴任手当が、結果として男性に多く支給されていることが賃金差異の要因となっています。
参考：各種手当を除く基準内賃金における男女の賃金差異は97.0%です。（2026年3月度）

＜一般社員＞　男女の賃金差異：80.2% 
交替制勤務を行っている労働者の多くが男性であり、交替制勤務手当が支給されていることや、 家族手当や単身赴任手当などの家族状況等に応じた各種手当(基準外賃金)が結果として男性に多く支給されていること、女性は過去のコース制度（2017年より一般職コースを廃止）の影響を受けて下位の等級での滞留年数が長い傾向にあることが要因となっています。
参考：各種手当を除く基準内賃金における男女の賃金差異は91.9%です。（2026年3月度）

４．パート・有期労働者には定年後再雇用者、パートタイマーおよび有期の嘱託契約の従業員を含み、派遣社員を除いております。定年後再雇用者のうち、引き続き管理職業務を行っている者の多くが男性であり、賃金水準が高いことや、所定労働時間の短いパートタイマーの多くが女性であることが賃金差異の要因となっています。

［男女の賃金差異是正に対する取り組み］
2026年度より家族手当を段階的に縮小し、2028年度に廃止するなど、個人の事情に基づく手当の縮小・廃止を進め、役割や能力の発揮に応じて変動する賃金割合を増やすことで、努力した成果が適正に処遇される賃金制度の実現を目指しています。
また、女性の昇進・昇格を促進するため、女性管理職候補者に対してキャリアシートを活用した育成プランの策定や、各種研修の実施など、女性従業員の育成支援策に積極的に取り組みます。
さらに、生産設備の集約、自動化などの生産設備改革や、AI・DXの活用による業務効率化を推進することで、多様な人財が活躍できる職場環境づくりを促進するとともに、女性従業員の職域拡大にもつなげていきます。",2026年3月時点,2026年06月22日
4272,3010001016850,日本化薬株式会社,12,対象正社員,,,,,,,,,,,,対象とする労働者すべて,74.4,,,,,,,,,71.8,82.1,74,2025年4月1日～2026年3月31日,,2026年3月時点,2026年07月09日
8065,8010001034807,佐藤商事株式会社,12,基幹的な職種,,,,,,,,,,,,,,,,,,,,,,56.6,60.1,32.3,2025年4月1日～2026年3月31日,,2026年7月時点,2026年07月16日
4951,8011101003057,エステー株式会社,,,正社員 （総合職）,8.3,正社員 （地域限定職）,4.7,契約社員 （有期）,1.2,契約社員 （無期）,0.5,パート,0,68.9,正社員,66.3,非正社員のうち嘱託,79,非正社員のうち契約社員・パート,81.9,,,,,68.5,81.4,57.7,2025年4月1日～2026年3月31日,"・単体
・正規雇用労働者＝正社員",2026年3月時点,2026年07月29日
7510,1130001001272,株式会社たけびし,13.7,対象正社員,,,,,,,,,,,,対象とする労働者すべて,67,,,,,,,,,50.6,51.4,57.5,2025年4月1日～2026年3月31日,,2026年3月時点,2026年07月16日
4088,1430001009475,エア・ウォーター株式会社,15.3,基幹的な職種,,,,,,,,,,,60.4,,,,,,,,,,,60.5,60,62.5,2025年4月1日～2026年3月31日,"女性の賃金が男性より低い（男性平均年間給与比60.5％）理由は、女性の平均年齢は38.1才と男性よりも約7才若いこと及び女性管理職比率が5.9％であることが要因となっております。
女性管理職比率の向上については、様々な取り組みを継続して行っております。",2026年3月時点,2026年07月02日
8359,3100001002833,株式会社八十二長野銀行,13.5,対象正社員,,,,,,,,,,,,対象とする労働者すべて,79.6,,,,,,,,,50.1,58.2,53.8,2025年4月1日～2026年3月31日,,2026年3月時点,2026年06月09日
6378,7140001048448,木村化工機株式会社,,,,,,,,,,,,,,対象とする労働者すべて,73,,,,,,,,,72.8,77.3,56.6,2024年4月1日～2025年3月31日,,2025年3月時点,2025年12月18日
5011,7010001008737,ニチレキグループ株式会社,7.3,対象正社員,,,,,,,,,,,80.9,正社員,80.9,,,,,,,,,62.6,62.6,,2024年4月1日～2025年3月31日,,2025年3月時点,2025年07月30日
4318,9120001063067,株式会社クイック,,,,,,,,,,,,,,,,,,,,,,,,66.6,70.7,49.5,2025年4月1日～2026年3月31日,"正規雇用労働者の職種ごとの男女の賃金の差異は以下のとおり。より正確な数値を出すために、期間中の「産休・育休取得者」及び「育休後の復職者で時短勤務者」を除いた数値で出しています。また、上記表と男女の賃金の差異に大きな違いがあるのは、職種ごとの給与体系が違うことに起因しております。
【正規雇用労働者（管理職）】
営業・コンサル：87.8％、エンジニア・制作職80.8％、スタッフ職（管理部門・事務職）89.1％
【正規雇用労働者（非管理職）】
営業・コンサル：89.9％、エンジニア・制作職87.6％、スタッフ職（管理部門・事務職）78.9％",2026年6月時点,2026年06月18日
6365,8010801007581,株式会社電業社機械製作所,,,,,,,,,,,,,72.2,,,,,,,,,,,68.2,84,68.2,2025年4月1日～2026年3月31日,"く正社員＞
男女の賃金の差異は、主に男女間の管理職比率（女性管理職比率2.2%）及び係長級にある者に占める女性社員の割合（11.4%）が低いために生じていると考えられる。
また、女性社員の人数割合が11.2%と低い状況にあることも間接的な要因である。
今後、適任者を育成し、女性の管理職登用を推進していく。

くパート・有期社員＞
女性よりも男性に相対的に賃金が高い定年退職再雇用者が多いため、及び雇用形態の差異により格差が生じていると考えられる。",2024年4月時点,2026年07月16日
1904,3010701005946,大成温調　株式会社,,,,,,,,,,,,,,,,,,,,,,,,67.5,66.9,51.6,2025年4月1日～2026年3月31日,"当社では、正規及び非正規従業員のいずれにおいても、男女間の賃金規程等の制度上及び人事評価制度に差を設けておりません。よって、職種及び資格等級が同じ場合には、賃金差異は生じませんが、時間外労働を含めた賃金水準の高い現業部門における女性社員の比率並びに管理職比率が依然低いことが賃金差異の大きな要因となっております。
また、当社では、雇用形態による男女間の賃金差異は生じませんが、パート・有期労働者の女性は8.73%(11名)と少なく、そのうち3名は障害者等雇用枠での短時間勤務社員の為、相対的に賃金差異が生じております。",2026年3月時点,2026年07月09日
2801,2040001071167,キッコーマン株式会社,13.5,対象正社員,,,,,,,,,,,,正社員,83.8,,,,,,,,,68.9,76.3,38.6,2025年4月1日～2026年3月31日,"１．集計対象にはキッコーマン株式会社から他社への出向者を含み、他社からキッコーマン株式会社への出向者を除いています。他社への出向者のうち海外出向者・労働組合出向者は除きます。
２．男女の賃金差については、同一労働の賃金に差はなく、等級別人員構成の差によるものであります。",2026年6月時点,2026年07月30日
6328,5010001039024,荏原実業株式会社,9.5,対象正社員,総合職（営業）,12.4,総合職（技術),8.2,総合職（事務),4.9,一般職,2.3,有期契約フルタイム,0.3,,総合職,71.1,一般職,86.2,,,,,,,68.4,69.7,37.6,2025年1月1日～2025年12月31日,,2025年12月時点,2026年07月27日
4972,8013301006500,綜研化学株式会社,1.2,対象正社員,総合職,0.5,技術職,1.9,事務職,0.1,エリア技術職,2,エリア事務職,0.1,,総合職,61.7,技術職,66.7,事務職,82.6,エリア技術職,57.8,エリア事務職,65.8,77.3,80.3,75.1,2024年4月1日～2025年3月31日,"・正規、非正規労働者のいずれにおいても、男女では賃金規程等の制度上の差は設けておりません。
・正規労働者：管理職に占める女性の割合が男性と比較し低いことが主な要因となっている。",2025年3月時点,2025年09月03日
2053,2180001094757,中部飼料株式会社,14.3,対象正社員,,,,,,,,,,,68.2,対象とする労働者すべて,68.2,,,,,,,,,71.2,74,50.7,2025年4月1日～2026年3月31日,"・対象期間：2025年4月1日～2026年3月31日
・正規雇用労働者:社外への出向者を除く。
・非正規雇用労働者：契約社員・無期転換社員・嘱託社員が該当。
・賃金：退職金を除く。
・非正規雇用労働者のうちパートタイム社員については、正規雇用労働者の所定労働時間(１日8時間00分)で換算した人員数を基に平均年間賃金を算出。",2026年3月時点,2026年06月04日
4205,9010001008834,日本ゼオン株式会社,17.4,対象正社員,従業員,17.4,,,,,,,,,,従業員,80.2,,,,,,,,,74.4,80.2,58.2,2025年4月1日～2026年3月31日,性別による賃金制度の相違は無し。人員構成による差異が発生している。,2026年3月時点,2026年06月16日
3405,1260001013156,株式会社クラレ,13.7,対象正社員,,,,,,,,,,,,正社員,84.4,,,,,,,,,76.9,79.5,75.5,2024年12月16日～2025年12月15日,クラレ単体。2025年度実績。,2025年12月時点,2026年02月18日
4732,3180001094608,株式会社ユー・エス・エス,30,対象正社員,,,,,,,,,,,61.4,,,,,,,,,,,60.8,71.7,64.8,2025年4月1日～2026年3月31日,,2025年3月時点,2026年07月16日
3692,3011101046226,株式会社ＦＦＲＩセキュリティ,,,,,,,,,,,,,,正社員,71.8,,,,,,,,,,,,,,2026年3月時点,2026年05月08日
7004,3120001031541,カナデビア株式会社,12.3,対象正社員,事務・技術職,13.2,技能職,13.1,事務・技術職（嘱託）,9.3,技能職（嘱託）,3.7,,,78.1,正社員,78.1,,,,,,,,,79.2,80,70.7,2025年4月1日～2026年3月31日,,2025年7月時点,2026年06月02日
6952,4011001030015,カシオ計算機株式会社,18,対象正社員,対象正社員,18,,,,,,,,,74.4,正社員,74.4,,,,,,,,,72.5,72.1,60.2,2025年4月1日～2026年3月31日,"2025年度実績
正規雇用労働者：正社員、無期契約社員
非正規雇用労働者：有期契約社員、シニア社員",2026年3月時点,2026年06月09日
2902,3190001015397,太陽化学株式会社,,,,,,,,,,,,,,対象とする労働者すべて,72.1,,,,,,,,,69.3,78.1,65.7,2025年4月1日～2026年3月31日,,2025年3月時点,2026年07月17日
6134,2180301014885,株式会社FUJI,19.9,対象正社員,,,,,,,,,,,,正社員,89.5,,,,,,,,,60.8,68.2,39.1,2025年4月1日～2026年3月31日,,2026年3月時点,2026年07月17日
6413,9010401031452,理想科学工業株式会社,7.1,その他,,,,,,,,,,,73.1,,,,,,,,,,,76,74.6,79.9,2025年4月1日～2026年3月31日,"・単体の従業員データ
・海外赴任者、休職者を除く",2026年3月時点,2026年06月23日
6504,9020001071492,富士電機株式会社,18.9,対象正社員,企画職,19.6,技能・実務職,17.8,,,,,,,100,正社員,78.1,,,,,,,,,71.4,72.4,69.6,2025年4月1日～2026年3月31日,"上記は富士電機単体。
その他連結子会社の状況は以下のとおり①全労働者②うち正規雇用労働者③うち非正規雇用労働者
富士電機機器制御㈱　①55.6②74.4③76.6
富士電機フィアス㈱　①43.8②50.5③該当なし
富士オフィス＆ライフサービス㈱　①65.2②74.6③61.4",2026年3月時点,2026年06月29日
9351,7010001034865,東洋埠頭株式会社,,,,,,,,,,,,,,,,,,,,,,,,84.4,85,43.6,2025年4月1日～2026年3月31日,勤続年数が近く職務内容が類似した非正規雇用労働者（男性3名、女性1名）の対比では59.9%となる。,2026年3月時点,2026年06月24日
4673,7010401037591,川崎地質株式会社,21.5,対象正社員,正社員（技術職）,24,正社員（事務営業職）,6,特別社員,7.8,契約社員（無期）,13,契約社員（有期）,0.7,,,,,,,,,,,,71.2,65.8,86.4,2024年12月1日～2025年11月30日,,2024年11月時点,2026年03月17日
8032,1010001034978,日本紙パルプ商事株式会社,6,対象正社員,,,,,,,,,,,,事業管理職（管理職）,75.8,事業推進職（総合職）,82.2,業務推進職（一般職）,90.6,非正社員,77.9,,,55,54.9,105,2025年4月1日～2026年3月31日,"・男女の賃金の差異については、正規雇用社員・非正規雇用社員ともに年額賃金を基に算出しております。
　なお、フルタイムでない労働者の人数は、労働時間をベースにフルタイム人数に換算して算出しております。

・当社の正規雇用労働者における男女の賃金差異については、総合職のうち女性の平均勤続年数が短いこと、
　一般職の女性比率が高いことが反映されております。",2026年3月時点,2026年07月02日
519A,6010001087006,株式会社ベーシック,,,正社員,16.2,契約社員,10.8,アルバイト,4.7,,,,,,,,,,,,,,,,,,,,,2022年12月時点,2024年03月27日
3397,8140001028201,株式会社トリドールホールディングス,21.7,基幹的な職種,正社員,17.7,非正社員 （フル／週40時間契約）,5,非正社員 （上記以外）,2.3,,,,,,正社員,65,非正規,44.7,,,,,,,72,79.1,181.6,2025年4月1日～2026年3月31日,"男性と比べて女性の勤続年数が短く（女性4年、男性7年）、賃金の差異への影響が大きい。

また、管理職内の等級において、上位等級の女性が少ない状況となっているため、賃金の差異に影響が生じている。

※賃金差異のデータについては、トリドホールディングス単体での数値となります。
（各事業会社は含みません。）",2026年3月時点,2026年07月31日
6331,7020001074662,三菱化工機株式会社,13.8,その他,,,,,,,,,,,,,,,,,,,,,,85.3,83.9,87,2025年4月1日～2026年3月31日,当社は役割等級制度の人事制度により、全従業員共通の役割基準により処遇しておりますが、役割等級や年齢における男女の分布の違いになどにより、男女の賃金差異が生じています。一方で、同一役割等級内における男女の賃金の差異は概ね90%以上であり、差異は小さいものと考えております。,2026年3月時点,2026年07月23日
6144,2290001036343,西部電機株式会社,,,,,,,,,,,,,,,,,,,,,,,,54.6,80.3,104.7,2023年1月1日～2023年12月31日,,2023年3月時点,2024年11月18日
7552,5010501011416,株式会社ハピネット,20.9,対象正社員,,,,,,,,,,,,,,,,,,,,,,66.7,73.3,80.4,2025年4月1日～2026年3月31日,,2026年3月時点,2026年06月17日
3844,3010701015193,コムチュア株式会社,8.4,対象正社員,正社員(事業部),8.5,正社員(コーポレート),7,非正規社員(有期且つフルタイム且つ事業部),6.3,非正規社員(有期且つフルタイム且つコーポレート),4.7,非正規社員(有期且つ時短且つ事業部),0,,正社員,70.7,,,,,,,,,85.2,86.2,70.3,2025年4月1日～2026年3月31日,,2026年3月時点,2026年06月15日
5715,7010001008803,古河機械金属株式会社,14.2,対象正社員,,,,,,,,,,,,正社員,80.8,,,,,,,,,74.8,74.8,31.2,2025年4月1日～2026年3月31日,全労働者に育児休業、時短勤務者を含む。,2026年3月時点,2026年08月24日
4043,1250001009080,株式会社トクヤマ,,,,,,,,,,,,,,ゼネラリストコース,75.4,エキスパートコース,88,,,,,,,75.5,77.3,52.9,2025年4月1日～2026年3月31日,"対象期間：令和６年度（令和６年４月から令和７年３月まで）
賃金：賞与及び基準外賃金を含み、通勤手当等を除く。
正社員：出向者については、当社から社外への出向者を含み、他社から当社への出向者を除く。
非正社員：パート社員及び有期契約社員を含み、派遣社員を除く。

労働者の男女の賃金の差異について、賃金体系及び制度上に、男女間の差異はありません。
管理職比率等の人材ポートフォリオ及び、交替手当や家族手当等、一部手当の支給実績において男女間の偏りがあり、それに伴う賃金差が生じております。",2026年4月時点,2026年06月17日
9601,6010001034809,松竹株式会社,7.2,その他,,,,,,,,,,,,正社員,56.3,,,,,,,,,70.5,78.9,60.4,2025年3月1日～2026年2月28日,"対象期間：令和7事業年度（令和7年3月1日から令和8年2月28日まで）
賃金：基本給、超過労働に対する報酬、賞与等を含み、通勤手当等を除く。
正規雇用労働者：正社員、専門職社員（無期転換社員）※出向者については、当社から社外、他社から当社への出向者を除く。
非正規雇用労働者：契約社員、継続雇用契約社員、アルバイト／パートを含み、派遣社員を除く。
差異についての補足説明：
＜正規雇用労働者＞
　正社員の人事制度においては、同一等級における男女の賃金は同水準だが、賃金差が生じている主要因は、高年齢層に男性が多いこと、管理職の女性比率が28.1%に留まっていることである。
＜非正規雇用労働者＞
　男性よりも女性に相対的に労働日数・労働時間が少ないアルバイト／パートが多いため、差異が生じている。",2026年2月時点,2026年05月12日
7731,5010001008763,株式会社ニコン,6.1,対象正社員,正社員,6.1,,,,,,,,,75,正社員,75,,,,,,,,,81.6,81.6,,2025年4月1日～2026年3月31日,非正規雇用者は1名のみのため、該当なし,2026年3月時点,2026年07月21日
3153,9010401029819,八洲電機株式会社,9.8,対象正社員,正社員,9.8,,,,,,,,,,正社員,64.5,,,,,,,,,72.5,70.6,60.2,2025年4月1日～2026年3月31日,"・正社員:社外への出向者を除く。
・パート・有期社員:契約社員、パートが該当。
・賃金:通勤手当等を除く。",2026年3月時点,2026年05月21日
4997,2010001034985,日本農薬株式会社,,,正社員,1.8,,,,,,,,,66.5,,,,,,,,,,,76.9,84.6,62.9,2025年4月1日～2026年3月31日,出向者含まず,2026年6月時点,2026年07月30日
8544,5040001000008,株式会社京葉銀行,14.4,対象正社員,正行員,14.4,,,,,,,,,,正行員,82.2,,,,,,,,,59.3,70.1,59.6,2025年4月1日～2026年3月31日,,2026年4月時点,2026年08月05日
6963,9130001000052,ローム株式会社,13.7,対象正社員,対象とする労働者すべて,21.3,,,,,,,,,,対象とする労働者すべて,84.2,管理職,64.7,非管理職,85.7,,,,,67,67.5,51.9,2025年4月1日～2026年3月31日,,2026年4月時点,2026年07月23日
3023,7010001060127,ラサ商事株式会社,,,,,,,,,,,,,,,,,,,,,,,,71.8,72.4,41.4,2025年4月1日～2026年3月31日,,2026年3月時点,2026年07月06日
4549,2010501028231,栄研化学株式会社,9.1,対象正社員,正社員総合職・無期・フルタイム・営業系部門,5.5,正社員総合職・無期・フルタイム・研究系部門,10.4,正社員総合職・無期・フルタイム・生産系部門,12.9,正社員総合職・無期・フルタイム・スタッフ系部門,7.3,正社員地域職・無期・フルタイム・営業系部門,0.2,,正社員,70.7,シニア社員,87.9,嘱託社員,74.5,準社員,98.1,,,68.1,87.5,53.3,2025年4月1日～2026年3月31日,"1. 正規雇用労働者、非正規雇用労働者から除外されている労働者はなく、また、賃金から除外している手当はありません。
2. 男女の賃金格差については、男性の賃金に対する女性の賃金の割合を示しています。
3. 正規雇用労働者：同一労働の賃金に差はなく、男女の賃金格差は等級別人員構成の差によるものです。
4. 非正規雇用労働者：専門性のある定年後の再雇用社員に占める男性の割合が高いため、結果として男女の賃金格差が発生しています。",2026年3月時点,2026年07月03日
8366,6160001000993,株式会社　滋賀銀行,13.1,対象正社員,パートタイマー、シニアスタッフ,0.2,,,,,,,,,,正社員,61.6,,,,,,,,,50.4,69.9,42,2025年4月1日～2026年3月31日,"正規雇用労働者の男女の賃金の差異は、主に以下の構造的要因によるものであります。 ① 平均年齢は男性38.8歳、女性36.0歳であり、男女間の平均年齢差が賃金格差の一因となっております。 ② 当行は入行後一定期間経過後に、行員が自らの働き方にあわせて職の選択（「総合職」及び「特定職」） を実施しております。「特定職」は「総合職」と比較して、職務や勤務希望エリアを限定した働き方とな り、処遇体系が異なります。現状、女性の特定職比率が42.5％と男性（1.3%）に比べ高くなっていること が、賃金差異の主たる要因であります。 ③ なお、同一職制・同一等級においては、男女間で賃金制度上の差異はありません。 ④ 当行は、女性のキャリアを支援する体制整備や、管理職候補者への計画的な育成・登用を通じて、構造的 な格差の縮小に取り組んでおります。女性管理職比率につきましては、第８次中期経営計画において23% 以上の目標を設定し、管理職候補者（主任）における本部・営業店の両方を経験した割合を70％以上とす る目標のもと、計画的な人材育成を進めております。
非正規雇用労働者の男女の賃金の差異は嘱託とパートタイマーの雇用形態や契約時間の違いにより、乖離幅 が大きくなっております。
嘱託：71.6％
パートタイマー：130.5％",2026年3月時点,2026年07月03日
7613,7120001080989,シークス株式会社,19.2,対象正社員,,,,,,,,,,,79.4,,,,,,,,,,,75.2,76.5,81.3,2024年1月1日～2024年12月31日,,2024年12月時点,2025年09月29日
6724,4011101010841,セイコーエプソン株式会社,0,対象正社員,正規従業員,0,契約社員,0,,,,,,,,海外赴任者除く、基幹社員・契約・パート含む,77.5,,,,,,,,,78.4,78.5,79.2,2025年4月1日～2026年3月31日,,2026年3月時点,2026年06月05日
4499,5010401084611,株式会社Ｓｐｅｅｅ,,,,,,,,,,,,,,対象とする労働者すべて,68.8,,,,,,,,,71.5,75.8,89,2024年10月1日～2025年9月30日,,2025年10月時点,2025年10月31日
E00144,6300001000905,松尾建設株式会社,,,,,,,,,,,,,,,,,,,,,,,,50.8,62.5,55.6,2025年4月1日～2026年3月31日,"＜正規労働者＞
男性社員は施工管理などの技術職が中心で全国転勤を伴う総合職が主となっており、
単身勤務手当や時間外手当などの各種手当を受給している。
一方、女性社員は事務などの勤務地域を限定した専任職が多く、
時間外勤務の発生があまりないことや転勤などに付随する各種手当の受給者も少ない。
また、男性社員の約50％が50歳以上、女性社員の約50％が20～30代となっている。
以上の働き方の違いや年齢構成の特徴が賃金差異の数値に現れている。
なお、給与規程や評価制度に男女で差異は設けていない。

＜非正規労働者＞
・正規労働者同様に、給与規程や評価制度に男女で差異は設けていない。
・男性社員は施工管理職が多く、時間外手当など含め各種手当を受給している
  社員が多いが、女性社員は事務補助業務で働いていただいている社員の方が多く、
  時間外勤務などの発生もほとんどないため、賃金差異の数値に現れている。",2026年3月時点,2026年06月22日
5602,1120001048991,株式会社栗本鐵工所,14,対象正社員,総合職,15.3,一般職,12.4,嘱託,1,再雇用,2.8,フルタイム,12.9,83.4,管理職,77.2,総合職,83,一般職,87.4,,,,,74.1,74.1,80.3,2025年4月1日～2026年3月31日,"賃金制度において性別による差異はありませんが、管理職に占める女性労働者の割合が低い（1.0％）ことに加えて、管理職未満の総合職層においても相対的に賃金水準が高い上級層になるほど女性労働者の割合が低い（上級5.5％、中堅10.8％、初級20.8％）ことが大きく影響しております。
女性総合職の採用者数を増やして管理職候補者となる母集団を拡大し、かつ管理職候補者層の育成強化をはかることにより、管理職の女性比率を高めると共に男女の賃金差異の解消をはかってまいります。",2026年3月時点,2026年08月18日
9021,1120001059675,西日本旅客鉄道株式会社,11.4,対象正社員,,,,,,,,,,,89.9,,,,,,,,,,,81.8,79.9,60.8,2024年4月1日～2025年3月31日,「女性の職業生活における活躍の推進に関する法律」（平成27年法律第64号）の規定に基づき算出したもの。,2025年10月時点,2026年04月16日
4553,4120001157872,東和薬品株式会社,22.8,対象正社員,,,,,,,,,,,,対象とする労働者すべて,74.1,,,,,,,,,67.1,74.6,69.9,2025年4月1日～2026年3月31日,,2026年4月時点,2026年08月04日
3774,6010001011147,株式会社インターネットイニシアティブ,24.9,対象正社員,正社員,24.9,,,,,,,,,73.5,,,,,,,,,,,76.5,77.6,38.1,2025年4月1日～2026年3月31日,,2026年3月時点,2026年07月03日
7995,5010701020092,株式会社バルカー,,,,,,,,,,,,,,,,,,,,,,,,70.5,80.7,45.6,2025年4月1日～2026年3月31日,"・管理職や専門職における男性比率が高いため男女の賃金差異がありますが、賃金制度・体系において性別による処遇差はなく、性別等にとらわれない適材適所の人材配置を実施しています。
・非正規雇用労働者は契約社員およびパート社員の他、執行役員や技術顧問などを含みます。",2026年6月時点,2026年07月07日
2060,7020001107810,フィード・ワン株式会社,8.2,基幹的な職種,総合職,8.2,エンジニア職,8.6,一般職,3.8,,,,,66,総合職,63.4,エンジニア職,69.3,一般職,79.9,,,,,62.2,67.9,56.8,2025年4月1日～2026年3月31日,給与は、賞与および基準外給与を含めた一人あたり総支給額を男女別に算出し、男性を100とした女性賃金割合を示しております。管理職比率など男女間に差異があることで１名あたりの賃金に差が出ておりますが、給与制度において性別による処遇差は一切ありません。なお、男女の賃金の差異は、主に職種区分ごとの賃金差異（転勤の有無や業務の範囲が異なる）となっております。総合職、エンジニア職（総合職比の賃金95％）、一般職（総合職比の賃金85％）の職種区分があり、総合職の女性が男性と比較して少ないことが差異の要因となっております。,2026年3月時点,2026年07月23日
9543,4080001002686,静岡ガス株式会社,7.8,対象正社員,,,,,,,,,,,,正社員,71.1,,,,,,,,,69.9,68.8,79.4,2025年1月1日～2025年12月31日,"賃金：基本給、各種手当、賞与等を含み、退職手当、通勤手当を除く。
正社員：出向者については、当社から社外への出向者を除き、他社から当社への出向者を含む。
パート・有期雇用：パートタイマー、契約社員を含み、派遣社員を除く。

差異についての補足説明：
＜正社員＞
当社では、正社員向けの人事制度として、2016年以降、役割等級制度を導入しており、基本的には、同じ役割等級を担っていれば、同じ賃金水準となっている。
賃金差の理由としては、
・管理職層で、男性がより高い職位についている割合が高いこと。
・短時間勤務者に女性が多いこと。
＜パート・有期社員＞
・男性の有期雇用社員の大半が、定年退職再雇用者であり、従事する業務内容に違いがあり、賃金体系が異なること。",2025年12月時点,2026年05月21日
5410,6120001049614,合同製鐵株式会社,16.3,対象正社員,総合職,23.2,一般職,10.2,技能職,15.6,,,,,83.9,総合職,69.3,一般職,103.8,技能職,87.4,,,,,72.9,72.7,73.6,2025年4月1日～2026年3月31日,同一労働の賃金に差はなく、資格・等級別人数構成の差による賃金差異である。,2026年4月時点,2026年05月29日
1976,1120001049032,明星工業株式会社,34.5,対象正社員,常時雇用する労働者,34.5,,,,,,,,,,,,,,,,,,,,70.3,70.3,,2023年4月1日～2024年3月31日,,2024年3月時点,2024年08月01日
2001,9011001017684,株式会社ニップン,14.2,対象正社員,総合職事務系,15,総合職食品化学系,14.7,総合職設備エンジニアリング系,16.7,一般職事務,8.5,一般職開発,11.2,,正社員,74.4,,,,,,,,,73.3,78,65.2,2025年4月1日～2026年3月31日,非正規雇用労働者については、正規雇用労働者の所定労働時間（1日7.7時間）で換算した人員数を基に平均年間賃金を算出している。,2026年3月時点,2026年07月02日
4053,4010601044077,株式会社Ｓｕｎ　Ａｓｔｅｒｉｓｋ,,,,,,,,,,,,,,,,,,,,,,,,77.1,76.4,,2025年1月1日～2025年12月31日,,2025年12月時点,2026年07月14日
387A,7050001033574,フラー株式会社,5.6,対象正社員,,,,,,,,,,,,,,,,,,,,,,,,,,,2025年6月時点,2026年05月07日
4956,9120001077414,コニシ株式会社,7,対象正社員,,,,,,,,,,,,正社員,67.6,契約社員,76.6,パート,87.1,,,,,61.7,65.7,77.3,2024年4月1日～2025年3月31日,パートは所定労働時間を正社員と換算せず,2026年3月時点,2026年07月27日
4633,2120001043471,サカタインクス株式会社,15,対象正社員,一般正社員,15,,,,,,,,,,正社員,62.9,,,,,,,,,59.4,67.1,54.7,2025年1月1日～2025年12月31日,当社では賃金体系及び制度上、性別による差異はありません。平均年齢、平均勤続年数、役職・資格等級ごとの人員構成、短時間勤務取得状況、及び手当などの支給実績の差により、平均賃金に差異が生じております。,2025年12月時点,2026年04月27日
4832,4010601033105,ＪＦＥシステムズ株式会社,22.6,対象正社員,正社員(営業・技術),23.3,正社員(スタッフ),15.7,契約社員フルタイム(営業・技術),19.7,契約社員フルタイム(スタッフ),13.8,契約社員短時間勤務,0,79,正社員,77.5,契約社員,91.5,,,,,,,84.5,84.8,67.9,2025年4月1日～2026年3月31日,"同一クラスにおける男女の賃金差異はわずかとなっております。
一方、各階級の人員構成割合が、管理職クラスでは男性と比較して女性は低く、男女間賃金差異が生じています。
弊社は、今後も重点課題である「女性管理職比率向上」に取り組み、多様性の確保を図ってまいります。",2026年3月時点,2026年06月23日
8368,5190001000892,株式会社百五銀行,13.5,基幹的な職種,基幹的な職種,13.5,シニア行員,1.5,キャリアスタッフ,3.5,サポートスタッフ,2.9,アシストスタッフ,0.5,,基幹的な職種,74.5,,,,,,,,,43.9,66.3,86.2,2025年4月1日～2026年3月31日,"全労働者の賃金格差が正規・非正規労働者に比して大きい主な要因は、相対的に賃金の低い非正規労働者の女性割合が高いことによるものであります。
正規労働者の大多数を占める行員についても、勤続年数や役職分布などの違いにより、男女の平均賃金に差が生じていますが、賃金は性別に関係なく同一の基準を適用しております。",2026年3月時点,2026年08月13日
1333,2010601040697,Umios株式会社,11.7,対象正社員,総合職,7.7,エリア職,4.9,工場地域職,24.5,,,,,,総合職,72.4,エリア職,73.2,工場地域職,71.5,,,,,63,69.9,81.9,2025年4月1日～2026年3月31日,男女の賃金差異全体の数値は、正規社員には高額給与者に男性が多いこと、短時間労働者を含む非正規社員については女性比率が高いことが主要因となっております。当社では、女性活躍推進法に基づく一般事業主行動計画に定めている通り、女性の管理職比率および平均勤続年数の向上の目標を掲げ取り組みを進めております。また、新卒新入社員における女性採用比率50％の維持、非正規社員の正規社員登用、海外現地への配置も含め、さらなる顧客起点経営の進展、多様な意見が反映された意思決定および経営参画につなげ、さまざまな分野で女性がより一層活躍できるよう取り組んでいきます。,2026年6月時点,2026年07月15日
7259,6180301013611,株式会社アイシン,26.1,対象正社員,対象正社員,26.1,,,,,,,,,,その他（一般資格者・組合員）,101,,,,,,,,,69.1,69.3,70.6,2025年4月1日～2026年3月31日,"対象期間：2025年4月1日～2026年3月31日
賃金：月次賃金、賞与を含み、通勤手当、退職金等は含まない
正社員：当社から他社への出向者は含み、他社から当社への出向者を除く
有期契約社員：再雇用社員、期間従業員、嘱託社員、契約社員を含み、派遣社員を除く

差異ついての補足説明：
正規雇用労働者における男女間賃金差異の主な要因は、職能資格の構成割合の違いによるものです。当社の賃金体系及び人事制度において、性別による差異はありません。近年は女性の採用を拡大してることから、男性の平均勤続年数が女性より長く、高位資格者に占める男性比率が高いことが賃金差異に影響しています。
非正規雇用労働者における男女間賃金差異の主な要因は、定年後再雇用者の構成差によるものです。再雇用者の処遇は、従事する役割や定年前の資格等を踏まえて決定しており、制度上の男女差はありません。現時点では、男女の在籍比率及び管理職比率の違いが賃金差異に影響しています。",2026年6月時点,2026年07月16日
4776,5010001072207,サイボウズ株式会社,11.2,その他,,,,,,,,,,,,正社員,77.9,,,,,,,,,79.5,80,85.2,2025年1月1日～2025年12月31日,"・集計対象給与期間：2025年2月支給分～2026年1月支給分（2025年1月1日～2025年12月31日の給与）
・集計対象：休職中（該当月に給与支給0円）の社員は除く",2025年12月時点,2026年03月24日
6306,6140001035281,日工株式会社,25.6,対象正社員,,,,,,,,,,,,,,,,,,,,,,55.2,55.9,69.3,2025年4月1日～2026年3月31日,対象期間：2025年4月1日～2026年3月31日,2026年3月時点,2026年07月07日
7353,2011001066077,ＫＩＹＯラーニング株式会社,8.5,対象正社員,,,,,,,,,,,,全労働者,63.3,,,,,,,,,,,,,,2024年7月時点,2026年03月25日
7984,6120001012282,コクヨ株式会社,,,正社員,20.9,,,,,,,,,,正社員,86.8,,,,,,,,,76.8,76.4,79.1,2025年1月1日～2025年12月31日,"男女の賃金差異の主たる要因として、勤続年数及び管理職比率の差異があげられる。当社では、人材マネジメントポリシーに基づき、性別を問わず社員の成長と活躍を促すためのアクションを実施しており、この取り組みを推進することで、男女間の賃金差異の縮小につながると考えている。
https://www.kokuyo.com/sustainability/society/employee/",2025年12月時点,2026年07月07日
3979,6010001096659,株式会社うるる,,,,,,,,,,,,,,,,,,,,,,,,71.3,72.8,136.4,2025年4月1日～2026年3月31日,,2026年3月時点,2026年07月16日
3064,6140001054380,株式会社MonotaRO,15.8,対象正社員,正社員（管理職除く）,15.3,アルバイト,5.5,嘱託社員（管理職除く）,1.1,,,,,,正社員,80.9,アルバイト,94,,,,,,,58,72,93.6,2025年1月1日～2025年12月31日,対象期間：令和７事業年度（令和７年１月１日から令和７年１２月３１日まで）,2025年12月時点,2026年04月02日
6508,4010701009640,株式会社明電舎,23.1,対象正社員,事務・技術,21.4,技能,29.4,,,,,,,,正社員,81,,,,,,,,,72.6,72.1,55.5,2025年4月1日～2026年3月31日,,2026年3月時点,2026年07月27日
6273,3010001097635,ＳＭＣ株式会社,7,その他,,,,,,,,,,,,全従業員,84.1,,,,,,,,,55.8,69.2,90,2025年4月1日～2026年3月31日,"当社の賃金制度は、同一労働同一賃金の原則に則っており、性別による格差はありません。男女の賃金の差異が生じている主な要因は、以下の２点であると分析しています。
①近年、女性従業員の採用数をふやしていることもあり、女性の平均勤続年数が男性に比して短いこと
②管理職に占める女性従業員の割合が低いこと
これらの事象に対する対応策については、有価証券報告書をご参照ください。",2026年3月時点,2026年07月21日
4902,5010001084367,コニカミノルタ株式会社,17.9,対象正社員,,,,,,,,,,,,正社員,60,,,,,,,,,79.5,79,85.1,2025年4月1日～2026年3月31日,"女性の管理職比率がそのまま賃金差に影響している。
管理職になり得る年齢層の女性の多くは一般的な事務職であり、職務による賃金差が大きい。
一方で、若年層(35歳以下)だけでみれば、育児等の影響はあるものの9割を超えている。",2026年3月時点,2026年04月14日
4996,1010501016022,クミアイ化学工業株式会社,10.3,対象正社員,,,,,,,,,,,71.5,,,,,,,,,,,71.6,78.4,71.1,2024年11月1日～2025年10月31日,"賃金：通勤手当を除く
人事処遇制度において性別による差異はありません。管理職を含む上位等級における男性比率が高いこと、実労働時間に差があること（所定外労働時間は男性の方が長い一方、短時間勤務利用率は女性の方が高いこと）が男女の賃金格差の要因です。",2025年11月時点,2026年02月18日
5079,4140001058111,株式会社ノバック,18.5,対象正社員,正社員,22,契約社員,0.5,,,,,,,67.8,正社員,64.2,契約社員,87.2,,,,,,,51.7,54.5,18.8,2025年5月1日～2026年4月30日,,2026年4月時点,2026年08月21日
6284,7100001008315,日精エー・エス・ビー機械株式会社,21.6,対象正社員,,,,,,,,,,,,正社員,75.1,契約社員（パート社員を含む）,90.9,,,,,,,52.6,57.8,58.4,2024年10月1日～2025年9月30日,,2026年1月時点,2026年02月05日
3031,8010001076972,株式会社ラクーンホールディングス,9.4,対象正社員,,,,,,,,,,,72.6,正社員,72.2,アルバイト,105,,,,,,,87.1,89.6,74.8,2025年5月1日～2026年4月30日,,2026年4月時点,2026年06月17日
4559,7010001034790,ゼリア新薬工業株式会社,,,,,,,,,,,,,,,,,,,,,,,,68.7,80.2,58.3,2025年4月1日～2026年3月31日,"※役員および関係会社へ出向している者、休職者は除いています。
※パートタイム労働者の人員数について、労働時間を基に換算し算出しています。
※非正規雇用労働者について、女性はパート社員が多くを占めている一方、男性は定年後の再雇用社員が多くを占めているため、男女の賃金格差が生じています。",2026年3月時点,2026年05月21日
9008,3011101005999,京王電鉄株式会社,26.8,対象正社員,総合職,24.9,一般職,27.4,,,,,,,,正社員,86.5,,,,,,,,,68.9,83.1,63.6,2025年4月1日～2026年3月31日,労働者の男女の賃金の差異については、平均年齢・平均勤続年数および職位別人数構成等の差によるものです。,2026年3月時点,2026年06月16日
4547,1100001012982,キッセイ薬品工業株式会社,,,,,,,,,,,,,,全労働者,73.9,うち正規雇用労働者,72.3,うち非正規雇用労働者,88.1,,,,,72,71.3,69.3,2025年4月1日～2026年3月31日,正規雇用労働者のうち、正社員は勤務エリアなどの違いによるコース別の賃金テーブルを採用しております。同一コースの賃金に差異はなく、男女の賃金の差異は各コースの男女構成比の違いによるものであります。,2026年3月時点,2026年05月28日
4975,3010501001864,株式会社JCU,,,,,,,,,,,,,81.1,正社員,81.1,,,,,,,,,78,82.9,,2024年4月1日～2025年3月31日,,2025年3月時点,2025年10月07日
429A,1010401164466,テクセンドフォトマスク株式会社,,,,,,,,,,,,,57.9,,,,,,,,,,,80.8,81,48.4,2025年4月1日～2026年3月31日,"対象期間：2025年度（2025年4月～2026年3月）
正規雇用労働者：海外駐在員除く
非正規雇用労働者：有期契約社員
賃金：課税対象額より計算",2026年3月時点,2026年05月11日
7270,5011101019196,株式会社SUBARU,19.2,対象正社員,,,,,,,,,,,,正社員,93,,,,,,,,,78,79.9,68.8,2025年4月1日～2026年3月31日,2025年度実績,2026年4月時点,2026年06月25日
4642,8011001065098,オリジナル設計株式会社,18,対象正社員,,,,,,,,,,,,その他,62.7,,,,,,,,,56.8,65.1,44.4,2025年1月1日～2025年12月31日,,2025年1月時点,2026年06月25日
4062,6200001013231,イビデン株式会社,29.5,対象正社員,,,,,,,,,,,,正社員,81.4,,,,,,,,,75.7,76.3,82,2025年4月1日～2026年3月31日,,2026年6月時点,2026年06月08日
7760,3120001059756,ＩＭＶ株式会社,19.7,基幹的な職種,,,,,,,,,,,100,社員,67,嘱託社員・契約社員,74,パート,73,,,,,54.5,70.5,64.2,2024年10月1日～2025年9月30日,,2025年9月時点,2026年05月11日
2120,1010401091628,株式会社LIFULL,,,,,,,,,,,,,,正社員,79.9,,,,,,,,,80.2,83.3,54.3,2024年10月1日～2025年9月30日,"・事業年度：2024年10月1日〜2025年9月30日
・賃金：通勤手当を除く
・対象労働者の範囲：
　-正規労働者：正社員（社外への役員出向者を除く）
　-非正規労働者：契約社員、インターンシップ
・休職者（産休・育休・私傷病者等）は計算から除く

正規労働者の給与体系は、男女同一の体系を適用しており、差異は男女の等級構成によるものと、短時間勤務者の男女の人数差によるものです。
非正規労働者の差異は、短時間勤務者の男女の人数差があること、男性に高度な専門性を必要とする職務を担う契約社員がいるためです。",2026年3月時点,2026年04月27日
8410,5010001073618,株式会社セブン銀行,24.9,基幹的な職種,特定職を除く正社員,24.9,正社員（特定職）,25.1,アソシエイト社員,9.3,契約社員,8.4,,,,正社員,83,アソシエイト社員,97,,,,,,,63.3,79.2,49,2025年4月1日～2026年3月31日,,2026年3月時点,2026年08月07日
5253,4011001111450,カバー株式会社,,,,,,,,,,,,,,,,,,,,,,,,85.5,84.5,97.8,2022年4月1日～2023年3月31日,,2023年4月時点,2023年12月09日
4371,4010001127738,株式会社コアコンセプト・テクノロジー,,,,,,,,,,,,,69.2,,,,,,,,,,,77.3,79.2,45.9,2025年1月1日～2025年12月31日,,2026年1月時点,2026年05月27日
7313,8030001044928,テイ・エス テック株式会社,16.1,対象正社員,正社員,16.1,嘱託,7.7,サポート,4,,,,,,その他,102.7,,,,,,,,,72.5,77.4,77.1,2025年4月1日～2026年3月31日,,2026年3月時点,2026年07月21日
9991,2010001069981,ジェコス株式会社,28.3,対象正社員,総合職（全社配置）,42.1,総合職（地域限定）,19.1,,,,,,,72,正社員,72,,,,,,,,,64.5,64.8,54.5,2025年4月1日～2026年3月31日,※男女間賃金差（平均女性賃金/平均男性賃金）,2026年3月時点,2026年06月25日
6471,8010701007715,日本精工株式会社,6.4,対象正社員,総合職 技術,12.6,総合職 事務,14.1,一般職 技術,6.3,一般職 事務,4.1,無期フルタイム 技術,1.2,,正社員,89,,,,,,,,,73.2,76.5,63.4,2024年4月1日～2025年3月31日,"当社において、賃金制度における性別の差異はありません。しかし、階層別の人員構成が男性と女性で異なるため、平均年間賃金に差が生じています。
・正規労働者：それぞれの性別の管理職比率において、女性の比率が男性のそれに比べて低いことに起因しています。
・非正規労働者：この分類の社員の多くは、定年退職後の再雇用者です。その賃金は、再雇用以前の階層に基づいており、正規労働者と同様の理由に起因しています。

当社では、女性の活躍を経営課題として位置づけ、管理職候補の育成に力を入れています。当社の女性活躍推進およびダイバーシティ＆インクルージョンの取り組みについては、当社ウェブサイトに掲載しています。",2025年3月時点,2026年04月10日
4666,6010001115658,パーク二四株式会社,,,正規雇用労働者（事務系）,6.5,正規雇用労働者（技術系）,13,契約社員（無期）,16.1,契約社員（有期）,2.2,準社員（有期）,2.1,,,,,,,,,,,,79,83.3,62.4,2024年11月1日～2025年10月31日,"■正規雇用労働者　内訳
　　（うち管理職）93.1%
　　（うち一般社員）87.8%

■非正規雇用労働者　内訳
　　（うち契約社員）55.7%
　　（うち準社員）105.6%

対象期間：`25/10月期事業年度（2024年11月〜2025年10月)
※基本給、時間外手当、賞与等を含み、退職金、通勤交通費等を除きます。
※当社の所定労働時間7時間で算出しています。
※パーク２４グループ内の出向者は出向元に含みます。ただし、海外駐在員、パーク２４グループ外への出向者は除きます。
※休職者は除きます。
※性別による賃金基準に違いはありませんが、平均勤続年数等により差異が生じております。",2025年10月時点,2026年01月28日
6448,8180001010997,ブラザー工業株式会社,14.9,その他,,,,,,,,,,,,正社員,84.2,,,,,,,,,77.3,75.8,80,2025年4月1日～2026年3月31日,,2026年3月時点,2026年07月01日
7730,4060001005922,マニー株式会社,5.4,対象正社員,営業本部,6.5,開発本部,7.2,生産本部,3.1,企画・管理・品質安全管理本部・室,4.4,,,,営業本部,57.1,開発本部,60.6,生産本部,63.9,企画・管理・品質安全管理本部・室,58.6,,,72.5,76.5,,2024年9月1日～2025年8月31日,,2025年8月時点,2026年04月30日
6455,7120001019062,株式会社モリタホールディングス,11.7,対象正社員,,,,,,,,,,,,正社員,69.6,,,,,,,,,77.1,74,101.1,2025年4月1日～2026年3月31日,"・正規雇用労働者：社外への出向者も含む
・非正規雇用労働者：有期社員：契約社員、パート、アルバイトが該当
・賃金：通勤手当など非課税支給は除く",2026年3月時点,2026年07月07日
8358,9080101000957,スルガ銀行　株式会社,,,,,,,,,,,,,,,,,,,,,,,,48.3,62.3,40.3,2025年4月1日～2026年3月31日,"正規雇用労働者のうち総合職における賃金の差異は、管理職82.9%　管理職以外91.8%であります。
正規雇用労働者は、総合職(86.5%)及び事務職（13.5%)にて構成しております。


■賃金差異の主要因
性別による賃金の差異は設けておりませんが、男女賃金の差異の主たる要因は、女性と比較して男性の方が「役職者・管理職が多いこと」、「パートタイマー・有期労働者における女性比率が高いこと」等によるものです。

■対応策
女性社員の割合が高いパートタイマーや有期雇用者等に対し、正規雇用への転換試験を毎年実施し、女性社員のキャリアアップを支援しています。
実際に、キャリアアップした社員のロールモデルを社内掲示板で共有するなど、積極的に取り組んでいます。",2026年3月時点,2026年07月01日
1788,7160001005521,株式会社　三東工業社,,,,,,,,,,,,,,全社員,52.9,,,,,,,,,,,,,,2025年7月時点,2025年08月13日
5741,9010001098116,株式会社ＵＡＣＪ,24.9,対象正社員,管理職・総合職（事務系）,22.3,管理職・総合職（技術系）,25,事務職・技能系,26.7,再雇用 管理職 フルタイム,15.8,再雇用 スタッフ職 フルタイム,11.3,,,,,,,,,,,,78.3,79.3,57.8,2025年4月1日～2026年3月31日,"・賃金:基本給与、勤務等に対する手当、賞与を含む。慶弔金等、非課税支給手当は除く。
・正規雇用労働者:正社員。出向者については、当社から社外への出向者を除き、他社から当社への出向者を含む。
・非正規雇用労働者:再雇用社員、嘱託契約者等を含み、派遣社員を除く。
・男女の賃金差異は、職層・系統・職群・等級別人数構成の差によるものです。特に、管理職・技能職に占める女性の人数・勤続年数が男性に比べて少ないことが要因と考えます。",2026年4月時点,2026年07月16日
6305,3010001026998,日立建機株式会社,17.1,対象正社員,,,,,,,,,,,,正社員,79.1,,,,,,,,,77,81,82,2025年4月1日～2026年3月31日,"＜正規雇用＞
労務構成の男女差等により、高位役職者の比率が女性よりも男性の方が高い為、差異が生じていると考えられる。
人事処遇制度における同一グレードで比較した場合には、男女の賃金差異は発生していない。

＜非正規雇用＞
女性よりも男性に相対的に賃金が高い嘱託社員が多いため、差異が生じていると考えられる。",2026年3月時点,2026年07月23日
3900,6010401098453,株式会社クラウドワークス,,,正社員/プロダクト,4.5,契約社員/有期/プロダクト,13.2,アルバイト/有期/プロダクト,0,正社員/プロダクト以外,9.9,契約社員/有期/プロダクト以外,8.5,,,,,,,,,,,,66.2,73.4,53.5,2024年10月1日～2025年9月30日,"除外者：途中入社、途中退職、休職者、復職者、雇用形態変更により著しい賃金の変動や所定労働時間/日数の変動があった者

対象；正社員、契約社員、アルバイト",2025年11月時点,2026年08月19日
3793,1011101050337,株式会社ドリコム,17,その他,対象正社員,18.4,契約社員,3.9,アルバイト,0,,,,,65.2,正社員,65,契約社員,76.5,アルバイト,80.6,,,,,71.8,72,73.8,2025年4月1日～2026年3月31日,当社から他社への出向者を除き、他社から当社への出向者を含む,2026年3月時点,2026年06月30日
7211,7010401029044,三菱自動車工業株式会社,17.1,対象正社員,,,,,,,,,,,,正社員,91.1,,,,,,,,,79.8,78.4,87.6,2025年4月1日～2026年3月31日,2026年度実績（他社への出向者は含まず、出向受者を含む）,2026年4月時点,2026年07月27日
6560,8011101053812,株式会社エル・ティー・エス,18.4,基幹的な職種,正社員,14.9,契約社員,2.1,,,,,,,67.9,,,,,,,,,,,65,67.4,34.8,2025年1月1日～2025年12月31日,,2025年12月時点,2026年05月25日
8267,6040001003380,イオン株式会社,13.1,対象正社員,正社員,13.1,,,,,,,,,69.3,正社員,69.3,,,,,,,,,64.3,72.3,132.7,2025年3月1日～2026年2月28日,女性労働者の平均年間賃金÷男性労働者の平均年間賃金×100%として算定しております。平均年間賃金の算定に用いる労働者の人員数のうちパート労働者の人員数については、労働時間をもとにフルタイム換算（1日8時間換算）の人数で算出しております。,2026年2月時点,2026年06月18日
8081,7010401007116,株式会社カナデン,19,対象正社員,管理職,29.4,社員（管理職を除く）,16.2,,,,,,,67.7,全従業員,67.7,,,,,,,,,56.2,57.9,53.7,2025年4月1日～2026年3月31日,"男女の賃金格差については、職群及び等級別人数構成の差異によるものであります。
当社は、役割に応じた職群及び等級ごとに賃金水準を設定しており、同一職群同一等級間での男女の賃金に差異はありません。",2026年3月時点,2026年07月27日
4813,5010001009662,株式会社ACCESS,,,,,,,,,,,,,,,,,,,,,,,,84.9,84.3,102.8,2025年2月1日～2026年1月31日,,2026年2月時点,2026年07月30日
9272,7010701023374,ブティックス株式会社,,,,,,,,,,,,,,,,,,,,,,,,68.2,71,46.1,2025年4月1日～2026年3月31日,"従業員の男女の賃金の差異については、「女性の職業生活における活躍の推進に関する法律」（平成27年法律第64号）の規定に基づき算出しております。

男女の賃金の差異は、男性の賃金に対する女性の賃金の割合を示しております。
当社は同一の職務内容及び責任に基づく透明性の高い人事考課制度を導入、運用しており、評価基準および報酬決定プロセスにおいて性別による差異は設けていないことから、同一等級・同一職務における評価結果及び賃金水準に顕著な差異は認められておりません。
一方で、役職構成においては、依然として男性比率が一定程度高い状況にあり、平均賃金の観点では男女間に差異が生じております。当該差異は、主に役職層の構成比の違いに起因するものであり、職務遂行能力の評価による直接的な差ではありません。",2026年3月時点,2026年06月26日
3116,2180301014324,トヨタ紡織株式会社,23,対象正社員,事技職,25.5,技能職,21.6,,,,,,,,事技職,88.1,技能職,100.1,,,,,,,76.2,76.7,70,2025年4月1日～2026年3月31日,"※1：対象期間 25年4月1日～26年3月31日
※2：当社の賃金制度では、性別による差を設けておりません。正社員の男女賃金差異は「在籍年数」と「職種別の在籍人数」に起因しています。
年齢：30歳の正社員を対象に男女の賃金差を職種別に算出した結果は以下の通りです。",2026年3月時点,2026年08月07日
1960,4010001008681,株式会社サンテック,26.1,対象正社員,,,,,,,,,,,,,,,,,,,,,,63.7,66.7,37.3,2025年4月1日～2026年3月31日,女性の非正規雇用労働者は短日・短時間勤務が多いため、正規雇用労働者に対して差異が大きくなっております。,2026年3月時点,2026年05月21日
8007,3010001034860,高島株式会社,6.1,その他,総合職,5,L総合職,0.2,事務職,5.1,L事務職,11.2,施工管理職,18,,,,,,,,,,,,65.3,63.3,69.4,2025年4月1日～2026年3月31日,,2026年3月時点,2026年07月31日
7951,3080401005595,ヤマハ株式会社,16.3,対象正社員,正社員,16.3,契約社員,9.4,,,,,,,81.3,正社員,80,契約社員,92.2,,,,,,,74.5,77.1,72,2025年4月1日～2026年3月31日,"賃金：基本給、超過労働に対する報酬、賞与等を含み、退職手当、通勤手当等を除く
正社員：出向元基準　ただし、海外現地法人への出向者は除く
パート・有期労働者：パート労働者については、正社員の所定労働時間（7.75時間）で換算した人員数を基に平均年間賃金を算出
※男女の賃金差異について、賃金制度・体系において性別による差異はなく、主に賃金の高い高位職層における女性比率が低いことによるものです。",2026年3月時点,2026年06月26日
E04262,5430001050054,新日本海フェリー株式会社,,,,,,,,,,,,,,,,,,,,,,,,74.7,68.2,72.8,2025年4月1日～2026年3月31日,,2026年3月時点,2026年07月14日
E01646,5010901005975,水道機工株式会社,,,,,,,,,,,,,,,,,,,,,,,,67.4,66.5,42.9,2025年4月1日～2026年3月31日,,2026年3月時点,2026年07月29日
4434,1011101054073,株式会社サーバーワークス,,,,,,,,,,,,,,正社員,65.2,,,,,,,,,82.6,80.3,40.4,2025年3月1日～2026年2月28日,,2026年2月時点,2026年06月18日
2978,3011001070524,株式会社ツクルバ,,,,,,,,,,,,,,,,,,,,,,,,68.5,82.2,113.3,2024年8月1日～2025年7月31日,,2025年7月時点,2025年12月12日
4544,1011101039628,H.U.グループホールディングス株式会社,,,,,,,,,,,,,,正社員,74.4,,,,,,,,,66.7,70.8,56.6,2025年4月1日～2026年3月31日,"当社では、社員の役割責任の大きさ・職務等によりグレードを決定し、その成果と評価により賃金を決定しております。
そのグレード・賃金に人数分布の差があるため、賃金において差異が生じております。
今後は、女性管理職比率の向上などの施策により、さらなる是正に向けて取り組んでまいります。",2026年7月時点,2026年07月16日
8093,2010001014327,極東貿易株式会社,,,,,,,,,,,,,100,正社員,60.2,,,,,,,,,,,,,,2026年3月時点,2026年07月03日
4095,1010001034994,日本パーカライジング株式会社,,,技術職（正社員）,17.5,営業職（正社員）,22,企画職（正社員）,10.1,事務職（正社員）,9,技能職（正社員）,15.1,72,,,,,,,,,,,64.2,79.4,87.6,2025年4月1日～2026年3月31日,,2026年3月時点,2026年07月31日
3302,7010001034840,帝国繊維株式会社,,,,,,,,,,,,,69.8,,,,,,,,,,,68.2,70.1,41.5,2025年1月1日～2025年12月31日,,2025年4月時点,2026年08月20日
6250,1013101005329,株式会社　やまびこ,16.6,対象正社員,総合職,18.4,エリア総合職,15.3,一般職,10.7,,,,,73.9,正社員,73.9,,,,,,,,,65.5,87.1,80.4,2024年1月1日～2024年12月31日,,2024年12月時点,2025年08月06日
1417,6010601040090,株式会社ミライト・ワン,20.1,その他,社員（技術職）,23.8,社員（営業職）,19,社員（事務職）,13.7,無期転換・フルタイム （技術職）,17.6,無期転換・フルタイム （営業職）,6.3,,正社員,71.8,嘱託社員,84.2,臨時社員,91.9,,,,,73.4,73.1,58.1,2025年4月1日～2026年3月31日,"賃金は、基本給、超過労働に対する報酬、賞与等を含み、退職手当、通勤手当等を除く。
パート・有期労働者は、有期の嘱託社員、臨時雇用者、パートタイマーを対象とし、パートタイマーについてはフルタイム換算をせず実際に支給した賃金に基づき算出。

【差異の背景】
正規雇用労働者については、近年、女性活躍推進の観点から女性の新卒採用を強化した結果、女性全体に占める若年層の割合が増えたこと、および管理職における女性の占める割合が低いことにより、20代においては男女の賃金の差異は93.4％となる。(平均年齢　男性：45.7歳、女性：38.1歳）　
パート・有期労働者については、女性の有期労働者を正社員雇用したこと、および賃金の高い有資格者に男性が多いことによる。
なお、当社では男女の賃金差異を踏まえ、全社員を対象とした「アンコンシャスバイアス（無意識の偏見）研修」など、誰もが能力を最大限に発揮できる環境づくりと女性管理職比率の向上を目指す取り組みを実施している。",2026年3月時点,2026年06月29日
4634,3010001034844,artience株式会社,7.9,その他,正社員・嘱託社員,7.9,,,,,,,,,,その他,69.2,,,,,,,,,78.8,78.8,58.8,2025年1月1日～2025年12月31日,,2024年12月時点,2026年04月28日
8624,7010001036845,いちよし証券株式会社,,,営業/全国,15.3,営業/地域,15.2,スタッフ/全国,11.1,スタッフ/地域,6.3,営業/有期契約社員,4.8,,,,,,,,,,,,78.1,73.8,80.4,2025年4月1日～2026年3月31日,,2026年3月時点,2026年07月02日
6473,9120001079055,株式会社ジェイテクト,20.8,対象正社員,,,,,,,,,,,,全組合員,82.3,,,,,,,,,76,77,59,2024年4月1日～2025年3月31日,,2025年4月時点,2025年07月31日
4933,6140001082869,株式会社Ｉ－ｎｅ,,,,,,,,,,,,,,,,,,,,,,,,68.1,69.2,130,2025年1月1日～2025年12月31日,,2025年12月時点,2026年08月21日
4934,2010401085273,プレミアアンチエイジング株式会社,7.5,対象正社員,対象正社員,7.5,,,,,,,,,,正社員,77.4,,,,,,,,,64.1,70,34.7,2024年8月1日～2025年7月31日,,2025年11月時点,2026年02月24日
E03837,2120001046185,西日本建設業保証株式会社,9.5,基幹的な職種,,,,,,,,,,,,,,,,,,,,,,58.5,58.7,64.8,2025年4月1日～2026年3月31日,,2026年3月時点,2026年05月22日
4465,9120001056079,株式会社ニイタカ,,,,,,,,,,,,,,,,,,,,,,,,66.7,75.9,56.4,2024年6月1日～2025年5月31日,,2025年5月時点,2025年10月16日
286A,8010401056616,株式会社ユカリア,14,対象正社員,,,,,,,,,,,,,,,,,,,,,,,,,,,2025年12月時点,2026年03月11日
6507,2010401054443,シンフォニアテクノロジー株式会社,,,,,,,,,,,,,,,,,,,,,,,,71.7,75.9,56.5,2025年4月1日～2026年3月31日,,2026年3月時点,2026年06月19日
6586,2180301013342,株式会社マキタ,19.2,対象正社員,,,,,,,,,,,,,,,,,,,,,,60.6,66.2,46.8,2025年4月1日～2026年3月31日,,2026年3月時点,2026年07月22日
7942,9010001019484,株式会社JSP,,,,,,,,,,,,,,常時雇用する労働者,75.3,,,,,,,,,72.8,73.6,48.8,2024年4月1日～2026年3月31日,男女の賃金の差異は、職能資格等級分布の男女差によるものです。同一労働の賃金に差はありません。,2026年3月時点,2026年06月15日
8057,1010001034730,株式会社内田洋行,21,対象正社員,,,,,,,,,,,,対象正社員,63.6,,,,,,,,,73.5,70.5,86.3,2024年7月21日～2025年7月20日,同一職層の基本給において男女の賃金の差異はないが、上位の職層に男性労働者が多いこと、近年女性の採用比率を上げたことで、相対的に賃金の少ない職層で女性が多いことにより差異が生じている。,2025年7月時点,2025年10月22日
9533,2180001022387,東邦ガス株式会社,5.4,対象正社員,総合職,7.2,一般職,5.4,再雇用嘱託（フルタイム）,0.6,再雇用嘱託（パートタイム）・パートタイマー,0,,,,正社員,85.3,,,,,,,,,73.2,70.3,109,2025年4月1日～2026年3月31日,,2026年6月時点,2026年06月29日
9830,5120001108073,トラスコ中山株式会社,23,対象正社員,,,,,,,,,,,,正社員,68.7,,,,,,,,,55.3,76.2,,2025年1月1日～2025年12月31日,"注釈：※賃金は１年間を通して支給のあった者のみで抽出（中途入社、退職は除く）

賃金差異の理由のひとつとして女性正社員の平均勤続年数が男性と比べ短く平均年齢が低いことが挙げられます。
平成18年頃から女性社員比率引上げを目標に掲げ、採用活動や働き続けやすい環境づくりを進めております。女性の勤続年数が伸び、女性管理職が増えることで、賃金差が縮まると予測されます。",2025年12月時点,2026年05月25日
2270,8430001041570,雪印メグミルク株式会社,4.9,その他,正社員,6.4,契約社員,0.9,シニア社員,1.6,嘱託社員,3.1,,,81,正社員,79.9,契約社員,96.2,パート社員,108.8,シニア社員,99.8,嘱託社員,92.2,67.7,69.9,76.7,2025年4月1日～2026年3月31日,2025年度実績 正規雇用労働者には、正社員に加えて、有期から無期労働契約に転換したフルタイム勤務労働者を含む。,2026年6月時点,2026年06月19日
7595,7010001062783,株式会社アルゴグラフィックス,10.4,対象正社員,契約社員,5.5,,,,,,,,,,正社員,75.2,契約社員,82.2,,,,,,,74.4,74.7,74.1,2025年4月1日～2026年3月31日,"正雇用労働者の女性総人数107.4名のうち、育児短時間勤務者が7名いるため（約6.5％）、賃金の差異に影響が出ています。
また、非正規雇用労働者の女性総人数9名のうち、所定労働日数、所定労働時間の少ない労働者が2名いるため（約27％）、賃金の差異に影響が出ています。
　・週所定労働時間30時間（1名）
　・時給制短時間労働者（1名）",2026年3月時点,2026年07月01日
2296,6011001110293,伊藤ハム米久ホールディングス株式会社,7.8,対象正社員,,,,,,,,,,,67.1,,,,,,,,,,,63,72.2,77.4,2025年4月1日～2026年3月31日,,2026年3月時点,2026年06月03日
6282,1010401006049,オイレス工業株式会社,7,その他,正社員,8.1,契約社員,3.1,,,,,,,,正社員,76.5,契約社員,99.9,,,,,,,68.7,83.1,68.7,2025年4月1日～2026年3月31日,,2026年4月時点,2026年06月25日
4971,6140001051626,メック株式会社,15.3,その他,,,,,,,,,,,,その他,71.4,,,,,,,,,90.2,85.3,133.6,2025年1月1日～2025年12月31日,,2025年12月時点,2026年03月27日
4323,3120001072817,日本システム技術株式会社,,,正社員,17.4,,,,,,,,,74,,,,,,,,,,,86.1,85.7,74.5,2025年4月1日～2026年3月31日,臨時従業員（アルバイト）は含まない。,2026年3月時点,2026年06月24日
5451,4120001077591,㈱ヨドコウ,9.7,対象正社員,,,,,,,,,,,,,,,,,,,,,,70.2,69,75.3,2025年4月1日～2026年3月31日,※非正規女性のパート職員は短時間勤務の為、0.3人で試算,2026年3月時点,2026年08月17日
7033,9010401062357,株式会社マネジメントソリューションズ,,,正社員（コーポレート職）,22.5,正社員（コンサルタント職）,22.3,契約社員（フルタイム）,0,契約社員（パートタイム）,0,出向者（受入）,11.3,,,,,,,,,,,,74.7,75.2,119.2,2025年1月1日～2025年12月31日,,2025年12月時点,2026年02月10日
4595,2300001006311,株式会社ミズホメディー,,,,,,,,,,,,,,,,,,,,,,,,57.2,81.2,61.8,2025年1月1日～2025年12月31日,,2025年12月時点,2026年05月28日
E03730,1012401020392,株式会社ホンダファイナンス,14.7,対象正社員,基幹社員,14.8,専任社員,9.4,,,,,,,,基幹社員,95.2,専任社員,104.6,,,,,,,70.8,71.7,74.3,2025年4月1日～2026年3月31日,2008年より定期的な新卒採用を行い、直近10年超では男女比の採用が同じ程度になっているものの、事業開始直後は男性中心の中途採用を行っており、相対的に給与水準が高いベテラン層に男性が多いため差異が発生している。,2025年3月時点,2026年06月04日
2602,1010001034887,日清オイリオグループ株式会社,16.4,対象正社員,総合職コース社員,17.7,専任職コース社員,15,シニア社員,11,契約社員（無期）,5.1,契約社員（有期）,5.5,,正社員,78.2,,,,,,,,,70.2,72.8,54.8,2025年4月1日～2026年3月31日,"「正規雇用労働者」について、同一労働の賃金に差はなく、等級別人数構成の差によるものであります。
また、「非正規雇用労働者」（パート・有期雇用労働者）について、同一労働の賃金に差はなく、定年退職再雇用者やパートタイマーといった雇用形態別人数構成の差によるものであります。",2026年3月時点,2026年07月06日
241A,4011001097376,株式会社ＲＯＸＸ,,,,,,,,,,,,,,,,,,,,,,,,70,71.1,183,2024年10月1日～2025年9月30日,,2025年10月時点,2026年04月06日
4044,4250001003329,セントラル硝子株式会社,6.9,対象正社員,,,,,,,,,,,76.6,,,,,,,,,,,79.4,80.7,73.3,2025年4月1日～2026年3月31日,当社からの出向者含む。労働者の賃金は性別に関係なく同一の基準を適用しており、等級別人員構成の差による。,2026年3月時点,2026年05月19日
E04830,8010001074167,SCSK株式会社,3.9,対象正社員,契約社員,1,,,,,,,,,,正社員,88.6,,,,,,,,,84.7,85.1,61.7,2025年4月1日～2026年3月31日,"＜男女の賃金の差異＞
1　「女性の職業生活における活躍の推進に関する法律」（平成27年法律第64号）に基づき算出しております。
2　非正規雇用は、有期雇用となる契約社員、定年再雇用社員、アルバイト社員を対象に算出しております。
3　非正規雇用の―印は、非正規雇用の女性従業員が居ないことを示しております。
4　出向者は、出向元の社員として集計しております。
5　非課税通勤手当等は除いております。
6　等級、評価、報酬の制度上及び運用上における男女の差は設けておりません。
7　当社の男女間賃金差異が30代以降の年齢幅で徐々に広がっているのは（以下、年齢幅別の賃金差異参照）、
　  出産や育児などのライフイベントにより、休業や短時間勤務を選択する女性社員が増え、
　  男女の業務の経験量や質が異なってくることから成長スピードに差が生じ、結果として処遇面に影響を与えているものです。
　  そのため、仕事とライフイベントとの両立により、さまざまなバックグラウンドを持つ多様な社員が同じステージで活躍できるよう
　  長時間労働を是正し、勤務場所や勤務時間に柔軟性を持たせるリモートワークやフレックス制度、半日や時間単位で取得可能な各種
　  休暇制度を整備することで、すべての社員が活躍できる環境づくりを進めております。また、育児や介護のために短時間勤務をする社員が
　  フルタイム勤務へ早期復帰するための支援制度を整備するとともに、女性が活躍できる組織風土を実現するため、
　  女性管理職の積極的登用の目標を設定し、育成とキャリア開発支援に取り組んでおります。
　  ※女性活躍推進法に基づく「一般事業主行動計画（2021年度～2025年度）」
　　　  https://www.scsk.jp/corp/csr/diversity.html#wactivity

　　※年齢幅別の賃金差異
　　　 21～25歳：98.7%、26～30歳：100.2%、
　　　 31～35歳：94.4%、36～40歳：87.8%、
　　　 41～45歳：86.4%、46～50歳：84.6%、
　　　 51～55歳：82.5%、56～60歳：85.9%、
　     61歳～：78.8%。",2026年3月時点,2026年07月01日
5838,5010701022527,楽天銀行株式会社,,,,,,,,,,,,,,,,,,,,,,,,63.6,65.9,56.6,2025年4月1日～2026年3月31日,"対象期間：2025年度（2025年4月1日から2026年3月31日まで）
賃金：基準給、ライフプラン手当、調整給、時間外手当、食事手当、賞与等を含み、
　　　退職手当、通勤手当等を除く。

正規雇用労働者：正社員、無期雇用転換済の契約社員を含む。
　　　　　　　　出向者については、当社から社外（国内）への出向者を含み、
　　　　　　　　社外（国外）への出向者ならびに他社から当社への出向者は除く。

非正規雇用労働者：パートタイマー、契約社員（無期転換除く）、嘱託社員を含み、派遣社員を除く。

差異についての補足説明：
＜正規雇用労働者＞
管理職に占める女性労働者の割合が17.19％（※）であること、
直近３年度新卒採用における女性労働者の割合が57.61%であるため
格差が生じていると考えられる。

＜非正規雇用労働者＞
相対的に賃金が高い嘱託社員における女性の割合は8.7％（※）であり、
賃金が低いパートタイマーにおける女性の割合は85.7％（※）となっているため
格差が生じていると考えられる

（※いずれも2026年3月31日時点）。",2026年3月時点,2026年07月16日
6418,7120001022181,日本金銭機械株式会社,,,,,,,,,,,,,,正社員,68,,,,,,,,,63.3,72.7,53.5,2025年4月1日～2026年3月31日,,2026年3月時点,2026年08月06日
3660,1010401057595,株式会社アイスタイル,12,対象正社員,,,,,,,,,,,,対象とする労働者すべて,58.1,,,,,,,,,71.6,72.4,130.6,2024年7月1日～2025年6月30日,,2025年6月時点,2025年12月15日
3826,7030001003876,株式会社システムインテグレータ,4,対象正社員,,,,,,,,,,,,正社員,80.9,,,,,,,,,84,84,,2025年3月1日～2026年2月28日,"男女の賃金の差異に関する算出データ

男性労働者の賃金の平均： 6,940,769円
女性労働者の賃金の平均： 5,833,029円",2026年4月時点,2026年05月14日
1945,6010401020680,株式会社東京エネシス,18,対象正社員,,,,,,,,,,,70,正社員,70,,,,,,,,,77.1,84.5,65.7,2024年4月1日～2025年3月31日,"賃金の差異については、賃金制度・体系において性別による差異はありません。
男女の賃金の差異は主に男女間の管理職比率及び雇用形態の差異によるものです。",2025年10月時点,2025年10月28日
5393,9010401021486,ニチアス株式会社,12.5,対象正社員,正社員,12.5,フルタイム労働者,11.1,,,,,,,83.8,正社員,83.8,,,,,,,,,65.9,72.6,75.4,2025年4月1日～2026年3月31日,,2026年3月時点,2026年06月10日
5632,8010001058095,三菱製鋼株式会社,12.7,対象正社員,,,,,,,,,,,,正社員,75.5,,,,,,,,,78,82.8,57.2,2025年4月1日～2026年3月31日,,2026年3月時点,2026年08月04日
4631,7011401003807,ＤＩＣ株式会社,12.9,対象正社員,正社員,11.8,,,,,,,,,70.1,正社員,70,,,,,,,,,70.9,76.7,63.1,2025年1月1日～2025年12月31日,"対象期間:　2025事業年度（2025年1月1日から2025年12月31日まで）
賃金:　基本給料、補助給料、基準外給料、賞与等を含み、退職金を除く。
正社員:　当社から社外への出向者を除く。
非正規社員:　パートタイム従業員、有期雇用契約の嘱託、定年後再雇用者を含み、派遣社員を除く。
※ なお、パートタイム従業員については、正社員の所定労働時間（１日7.5時間）に換算した年間賃金をもとに算出している

差異についての補足説明：
・男性労働者に占める管理職の比率が高い（26.9％）のに対し、女性労働者に占める管理職の比率は7.7％となっているほか、女性労働者に占める非正規雇用者率が25.0％と高い（男性：12.9％）ため、全労働者における男女の賃金差異は70.9％となっている。
・雇用形態や等級同士で比較した場合、賃金に大きな差異はない。
・正規雇用労働者のうち、一般社員の基本給を比較した場合、男女比率99.7％となる。
・非正規雇用労働者について、男性は職制に就く再雇用者や高度専門職（医師・弁護士等）の比率が高いのに対し、女性は補助的業務として採用しているパートタイム従業員の比率が高いため、非正規雇用労働者全体での賃金差異が63.1％となっている。",2025年12月時点,2026年03月26日
E00697,8290001009392,株式会社　西日本新聞社,,,,,,,,,,,,,,,,,,,,,,,,60.3,69.8,39.5,2025年4月1日～2026年3月31日,,2026年4月時点,2026年04月27日
7625,6010401005715,株式会社グローバルダイニング,23.5,対象正社員,,,,,,,,,,,,,,,,,,,,,,62.5,75.4,76.5,2025年1月1日～2025年12月31日,,2025年12月時点,2026年03月27日
E01097,6180001076207,住友理工株式会社,19.6,対象正社員,,,,,,,,,,,,,,,,,,,,,,66.3,66.9,69.4,2025年4月1日～2026年3月31日,,2026年3月時点,2026年08月20日
9759,1011101046616,株式会社ＮＳＤ,17.8,対象正社員,正社員,18.1,定年再雇用者,11.5,,,,,,,74.3,正社員,74.3,,,,,,,,,85.1,84.8,79,2025年4月1日～2026年3月31日,,2026年3月時点,2026年06月05日
E32448,5120001074101,野村貿易株式会社,,,,,,,,,,,,,,全体,71.9,,,,,,,,,64,67.9,43.2,2025年4月1日～2026年3月31日,,2026年3月時点,2026年06月25日
6315,7130001011258,TOWA株式会社,19.5,対象正社員,正社員,19.5,マスター社員,9.4,嘱託社員,7.5,契約社員,3.5,,,66.2,正社員,74.4,マスター社員,86.9,嘱託社員,68.8,契約社員,70.4,,,75.8,79.9,30.9,2025年4月1日～2026年3月31日,"当社の賃金体系は同じ役割・能力であれば男女で賃金の差は設けておりません。
当社における正規雇用労働者の賃金の差異は、日本企業における勤続年数の長い社員の給与が高くなることによる影響とその年代における男性比率の高さによる影響と考えております。",2026年3月時点,2026年07月02日
2892,8010001133971,日本食品化工株式会社,,,,,,,,,,,,,,,,,,,,,,,,67.6,72.4,61.5,2025年4月1日～2026年3月31日,"対象期間：2025事業年度（2025年4月～2026年3月）
賃　　金：基本給、各種手当、超過労働に対する報酬、賞与を含み、未支給賞与を除く
正 社 員：契約社員のうち無期雇用契約かつフルタイム勤務者含み、社外への出向者、休業者除く
非正規雇用労働者：契約社員、パートが該当",2026年6月時点,2026年06月29日
1853,4120001077567,株式会社森組,,,,,,,,,,,,,,正社員,70.9,,,,,,,,,50.1,68.2,29.6,2025年4月1日～2026年3月31日,,2026年3月時点,2026年06月01日
8052,4120001059664,椿本興業株式会社,13,対象正社員,,,,,,,,,,,,対象とする労働者すべて,58,,,,,,,,,58.2,62.1,55.6,2025年4月1日～2026年3月31日,,2026年3月時点,2026年07月30日
6925,1010001008651,ウシオ電機株式会社,9.9,対象正社員,,,,,,,,,,,,正社員,83.5,,,,,,,,,71.6,71.3,61.9,2025年4月1日～2026年3月31日,,2026年3月時点,2026年06月23日
6638,5100001010883,株式会社ミマキエンジニアリング,,,,,,,,,,,,,,,,,,,,,,,,74.8,76.8,57.9,2024年4月1日～2025年3月31日,,2025年3月時点,2025年09月10日
2004,3010001008690,昭和産業株式会社,13,その他,総合職（事務）,13.9,総合職（技術）,18.9,地域限定職（技能）,12.5,地域限定職（業務）,10.9,嘱託（無期）,4.2,,正社員,71,,,,,,,,,76.2,79.7,47,2025年4月1日～2026年3月31日,,2025年3月時点,2026年06月30日
7963,3010001016132,興研株式会社,,,,,,,,,,,,,,正規従業員,69.9,,,,,,,,,40.4,78.6,80.6,2025年1月1日～2025年12月31日,"・同一労働同一賃金に基づき、賃金制度に性別による差異はありません。

・正規雇用労働者の男女差は、職種分布の違いや管理職比率が反映されています。
・非正規雇用労働者の男女差は、女性パートタイマーの勤務時間や契約日数の多様性が反映されています。
・当社では女性従業員の8割をパートタイマーが占めているため、全労働者の男女差として現れています。",2025年12月時点,2026年04月28日
4176,9010701026061,株式会社ココナラ,,,,,,,,,,,,,,正社員,76,,,,,,,,,,,,,,2025年11月時点,2026年01月20日
5108,3010001034943,株式会社ブリヂストン,19,その他,,,,,,,,,,,,その他,89.4,,,,,,,,,83.9,85.2,71.2,2025年1月1日～2025年12月31日,"当社において、賃金体系及び制度上の違いはありません。ただし、職種間や基幹職比率等において人財ポートフォリオの偏りに男女差があり、それに伴う賃金差異が生じております。多様な人財が輝く場づくりを進める上で、女性基幹職比率の向上、生産現場における働きやすい環境整備や女性採用強化など、人財ポートフォリオの偏りの改善に取り組んでまいります。


(対象期間)2025年1月~12月(事業年度)
(労働者区分)
正規雇用労働者：正社員及び無期契約社員
パート・有期労働者：正社員及び無期契約社員
(賃金)
基本給・基準外賃金・賞与等を含み、退職手当、通勤手当等を除く
(その他)
他社/他地域への出向者を含む
海外赴任者の賃金、休業期間中(育児休業、私傷病による病休等)の賃金はそれぞれ除く",2025年12月時点,2026年03月16日
7600,8011101016199,株式会社日本エム・ディ・エム,17,対象正社員,,,,,,,,,,,,,,,,,,,,,,79.4,80.9,27.2,2025年4月1日～2026年3月31日,"当社における給与体系は男女とも同様としていますが、営業職と非営業職では各種手当や賞与の仕組み（評価体系や構成等）が異なっております。 
現在の正規雇用労働者の男女の賃金の差異については、以下の要因があります。
・管理職に占める男性の割合が高い
・賞与等の仕組みにより理論年収が非営業職に較べて高い営業職にて男性の割合が高い",2026年3月時点,2026年08月13日
483A,8013301007853,テラテクノロジー株式会社,,,,,,,,,,,,,,,,,,,,,,,,86.5,89.3,75.6,2025年4月1日～2026年3月31日,"・対象期間：2025年度（2025年4月支給～2026年3月支給）
・契約社員のうち、短時間労働者は所定労働時間に応じ人員数を換算",2026年3月時点,2026年06月12日
4061,3010001008757,デンカ株式会社,,,G職,13.2,M職,12.5,,,,,,,,,,,,,,,,,,64.4,73.2,40.9,2025年4月1日～2026年3月31日,,2026年3月時点,2026年06月23日
8136,5010701003956,株式会社サンリオ,13.6,基幹的な職種,正社員,13.6,嘱託社員,18,専任社員,8.8,専門正社員,4.8,シニア社員,8.3,77.8,,,,,,,,,,,43.5,64.6,27.4,2025年4月1日～2026年3月31日,参考　正社員：82.4%,2026年3月時点,2026年08月13日
8381,6280001000230,株式会社　山陰合同銀行,7.7,対象正社員,総合職,8.4,特別技能職,2.7,専任職,4.7,パートナー職員,0.1,,,,全行職員,84,,,,,,,,,53.4,67.7,83.9,2025年4月1日～2026年3月31日,"<注釈>
・同一労働における男女間の賃金格差はありません。一方で、正規労働者については、平均年齢や勤続年数、年代別の女性比率、管理職比率の違いに加え、転居を伴う転勤を許容する者に支給するフリー手当（定例給与の10％程度）や赴任手当の受給者割合の差異などが、男女間の賃金差に影響を与えています。
・全労働者における男女間の賃金差異については、女性の平均勤続年数が伸長し、女性管理職比率も上昇しています。これらの進展に伴い、男女間の賃金差異は縮小傾向にあります。
・年代別の女性比率の差異や非正規労働者における女性比率の高さについては、家事・育児・介護等との両立に関する社会的背景などが影響していると考えています。当行グループは、性別にかかわらず能力を発揮できる職場づくりを進めるため、働き方やキャリア形成を支える制度の充実と運用改善に取り組んでいます。",2026年3月時点,2026年07月13日
4977,2120001039437,新田ゼラチン株式会社,15.2,対象正社員,正社員,15.2,嘱託（継続）社員,1.5,パート・アルバイト社員,2.2,,,,,,正社員（管理職）,73.1,正社員（一般社員）,71.9,嘱託（継続）社員,38.1,パート・アルバイト社員,87,,,65.1,72.3,74.6,2025年4月1日～2026年3月31日,"対象期間は令和7事業年度（令和7年4月1日から令和8年3月31日まで）
賃金は基本給、超過労働に対する報酬、賞与等を含み、退職手当、通勤手当等を除く。
非正規雇用労働者：有期契約社員・フルタイム含む以外の無期契約社員。派遣社員を除く。",2026年3月時点,2026年06月12日
4116,4010001034868,大日精化工業株式会社,6.6,対象正社員,嘱託・契約社員,3.2,パート・アルバイト,1,派遣社員,6.6,,,,,75.1,正社員,75.1,嘱託・契約社員,93.7,パートタイム,93,,,,,74.7,72.8,68.3,2025年4月1日～2026年3月31日,"当社のキャリアパス制度は職階制を用いております。各人が担う役割や責任を負う層ごとに区切った上で、所定時間外労働や休日労働に起因する賃金を除いて比較すると、大きな差は存在しません。
当社では、「賃金は労働の対価である」という原則に基づき賃金制度を運用していることから、賃金の設定・支給について性別を理由とする区別は設けておりません。",2026年3月時点,2026年05月27日
3382,1010001095203,株式会社セブン＆アイ・ホールディングス,16.7,対象正社員,正社員,16.7,,,,,,,,,,正社員,80.2,パート社員,104.5,,,,,,,78.6,77.5,80.7,2025年3月1日～2026年2月28日,"当社では人事制度上や求める役割や職域に男女の差異はなく、また、賃金においても、性別に関わらず一人ひとりの役割や貢献度合い・成果を、賞与を含む報酬に反映しております。
 ただし、マネジメント職比率は男性の方が高く、また育児など家庭との両立を図るため、時短勤務を選択する社員は女性の方が多いことから、賃金の差異が生じております。引き続き、男性の育児休業の取得促進や長時間労働の削減など、従業員が働きやすい環境づくりに取り組むとともに、女性のキャリア支援や育成、積極的なマネジメント職への登用などに取り組んでまいります。",2026年2月時点,2026年06月04日
6915,5010001050385,千代田インテグレ株式会社,,,,,,,,,,,,,,正社員,86.7,,,,,,,,,49.3,71.1,98.6,2025年1月1日～2025年12月31日,賃金制度上、同一資格等級での男女の賃金差異はありませんが、上位職種・資格等級に占める女性の割合が少ないことが正規雇用労働者の賃金差異の要因となります。また、女性労働者に占める非正規雇用労働者の割合が高いことが、全労働者の男女の賃金差異を広げる要因となっています。,2025年12月時点,2026年03月31日
4985,9010001009832,アース製薬株式会社,,,,,,,,,,,,,,対象とする労働者すべて,82.2,正社員,77.6,正社員以外,95.8,,,,,70,67.9,78.4,2025年1月1日～2025年12月31日,"対象年度：2025年度実績
正規雇用：執行役員、正社員、無期契約社員
非正規雇用：有期契約社員、パート
※男女ともに、2025年年末時点在籍者で、
　中途入社・退職者、休職者、海外出向者は除く
　事業年度途中で雇用形態変更となった場合は2025年末時点での雇用形態でカウント

●正規・非正規労働者の区別なく、
　給与規程や評価制度において男女で差異を設けておりません。

●男女の賃金差異に影響を与えている主な理由
（正規雇用労働者）
　男性は執行役員や管理職者が多く含まれる一方、
　女性管理職比率12.6%と女性は管理職がまだ少なく、若手や無期契約社員が多い
　また、育児時短勤務で給与按分される者の多くは女性社員である
（非正規雇用労働者）
　男性は、正社員から定年を迎えた新エルダー社員が多く給与水準が高い
　女性は、勤続の短い契約社員や勤務時間の短いパート社員が多く、
　また、パート社員は週所定労働日数や1日の勤務時間数を換算せず、
　実績値で算出している

女性管理職比率の向上を目指して、
引き続き、職場環境整備等の施策を行ってまいります。
また、性別に関わらず育児休職取得率100%を目指して育休取得推進も継続して実施していきます。",2025年12月時点,2026年02月02日
7762,5012701004744,シチズン時計株式会社,9.1,対象正社員,正社員,9.1,,,,,,,,,,正社員,72.9,,,,,,,,,79.4,81.1,86.7,2025年4月1日～2026年3月31日,"労働者の男女の賃金の差異については、男性の賃金に対する女性の賃金の割合を示しております。
なお、賃金に性別の差はなく、男女の賃金格差は等級別人数構成の差によるものであります。",2026年3月時点,2026年07月21日
4479,5011001094810,株式会社マクアケ,0.7,対象正社員,正社員,8.6,アルバイト,0.1,,,,,,,84,正社員,84,,,,,,,,,79.2,78.9,82.5,2024年10月1日～2025年9月30日,,2025年11月時点,2025年11月06日
7734,3011401006846,理研計器株式会社,,,,,,,,,,,,,83.6,正社員,83.6,,,,,,,,,66.1,74.7,69.1,2025年4月1日～2026年3月31日,"［全労働者］
　　全労働者における女性の賃金割合が66.1%と低い水準である理由は、女性の『契約・パート社員』
    比率が高いため。
［契約社員］
　　契約社員における女性社員の賃金割合が63.5％と低い水準である理由は、プロフェッショナル人材
  （男性契約社員）の在席により、賃金格差が大きくなっている。",2026年3月時点,2026年04月30日
E02819,1180001035811,興和株式会社,6.3,対象正社員,正社員,6.3,,,,,,,,,,,,,,,,,,,,59.4,60.8,58.3,2025年4月1日～2026年3月31日,,2026年3月時点,2026年06月04日
2354,7290801010765,株式会社YE DIGITAL,18.8,基幹的な職種,,,,,,,,,,,71.5,,,,,,,,,,,78.1,78.1,,2025年3月1日～2026年2月28日,男性の在籍がないため,2026年3月時点,2026年08月21日
3854,2120001034108,株式会社アイル,,,,,,,,,,,,,,正規雇用労働者,62,,,,,,,,,75.5,78.2,40.8,2024年8月1日～2025年7月31日,,2025年7月時点,2025年10月23日
1798,7100001003530,株式会社守谷商会,20.4,対象正社員,,,,,,,,,,,,,,,,,,,,,,67.1,69.4,53.7,2025年4月1日～2026年3月31日,,2026年4月時点,2026年07月28日
E03627,2010001146005,三井住友信託銀行株式会社,16,基幹的な職種,コース社員,20.2,アソシエイト社員,5.6,専門社員,18.9,派遣社員,0.9,,,,コース社員,72.2,アソシエイト社員,93.8,専門社員,79.2,,,,,54.2,55.1,62.1,2025年4月1日～2026年3月31日,,2026年3月時点,2026年06月24日
6941,4010801012065,山一電機株式会社,,,,,,,,,,,,,,,,,,,,,,,,70.3,70.9,43.8,2025年4月1日～2026年3月31日,,2026年3月時点,2026年08月21日
5304,9140001047877,ＳＥＣカーボン株式会社,0.3,対象正社員,,,,,,,,,,,84.9,,,,,,,,,,,71.1,77,79.9,2025年4月1日～2026年3月31日,,2026年3月時点,2026年05月28日
9658,3010401088688,株式会社ビジネスブレイン太田昭和,11.3,その他,開発,13.1,コンサル,9.9,営業・スタッフ,5.7,BPO,11.8,,,59,,,,,,,,,,,66.5,68,59.5,2025年4月1日～2026年3月31日,「女性の職業生活における活躍の推進に関する法律」（平成27年法律第64号）の規定に基づき算出,2025年3月時点,2026年06月29日
4967,4120001077402,小林製薬株式会社,17.3,対象正社員,,,,,,,,,,,,正社員,72.5,,,,,,,,,65.5,68.9,53.2,2025年1月1日～2025年12月31日,当社では能力発揮及び担う役割が同じであれば概ね同水準の賃金が支払われます。但し、管理職比率や正規雇用労働者の割合が男女で異なり、その結果平均賃金にも差が生じております。,2025年12月時点,2026年08月07日
4922,7010001043552,㈱コーセー,18.3,対象正社員,総合職,20.6,特定職,15,美容職,11.8,有期フルタイム,4.9,,,,正社員,65.2,,,,,,,,,68.4,69.5,60,2025年1月1日～2025年12月31日,"＜差異に関する補足説明＞
・男女の同一労働による賃金に差異はなく、雇用形態別の賃金水準・男女構成比・勤続年数・職位・等級の差により、全体としては差異が生じている。
・正規労働者では、高賃金層である管理職に占める男性比率が高い一方で、女性は相対的に賃金水準が低い20〜30代の若手層に厚いという、現在の人員構成の偏りが主な差異要因と考えられる。
・非正規雇用労働者では、全体の52.9％を占める女性契約社員（オペレーション職）と、専門職を含む少数の男性有期嘱託社員との間で、職務内容や雇用形態に構造的な乖離があることが差異要因と考えられる。
・「管理職」、「非管理職」、「美容職」の雇用形態別※における賃金差異は全労働者の賃金差異と比較して小さい傾向にある。
・「非管理職」においては、女性活躍推進の観点から、女性の新卒採用を強化した結果、20代女性社員が増加し、差異が生じている。
※正規社員を対象とし区分。",2025年12月時点,2026年03月30日
4203,9010701005073,住友ベークライト株式会社,9.2,対象正社員,,,,,,,,,,,,正社員,78.5,,,,,,,,,70.7,70.6,67.9,2025年4月1日～2026年3月31日,"・賃金（例月の基準内賃金、諸手当、賞与）において、性別により支給条件が異なる賃金項目はない。
　しかし、正規雇用労働者については管理社員の平均勤続年数が男性と女性で差があること、
　非正規労働者については再雇用嘱託社員の賃金水準が採用区分で異なっており、
　現時点で定年を迎えている賃金水準の高い本社採用社員のほとんどが男性であることから賃金差異が生じている。

・パート労働者については、フルタイム労働者の所定労働時間（7時間40分/日）をもとに賃金の換算。",2026年3月時点,2026年06月17日
304A,8011101031454,フォルシア株式会社,,,,,,,,,,,,,,正社員,74,,,,,,,,,,,,,,2026年3月時点,2026年07月24日
1948,3010001034778,株式会社　弘電社,35.9,基幹的な職種,施工,35.9,施工以外,11.9,,,,,,,,,,,,,,,,,,64.7,71.5,56.9,2025年4月1日～2026年3月31日,,2026年3月時点,2026年07月16日
9310,9190001015895,日本トランスシティ株式会社,21.9,基幹的な職種,,,,,,,,,,,,,,,,,,,,,,54.1,55.4,44.9,2025年4月1日～2026年3月31日,,2026年4月時点,2026年06月18日
6632,8020001059159,株式会社ＪＶＣケンウッド,15.9,対象正社員,,,,,,,,,,,,正社員,63.8,,,,,,,,,83.2,76.8,108.2,2025年4月1日～2026年3月31日,,2026年7月時点,2026年07月16日
6588,8010701016022,東芝テック株式会社,8.6,対象正社員,正社員・事務職,8.7,正社員・技術職,8.4,期間社員・フルタイム・無期,9.4,期間社員・フルタイム・有期,4.5,期間社員・短時間・無期,0.1,,正社員,61.1,,,,,,,,,73,71.5,64.9,2025年4月1日～2026年3月31日,2026年3月31日時点,2026年3月時点,2026年07月21日
8367,5150001001622,株式会社南都銀行,8,対象正社員,,,,,,,,,,,,正社員,75.1,,,,,,,,,43.1,58.8,63,2025年4月1日～2026年3月31日,,2026年3月時点,2026年07月21日
1377,6020001008662,株式会社サカタのタネ,9.5,対象正社員,,,,,,,,,,,,正社員・嘱託,78,,,,,,,,,55.8,71.1,56,2025年6月1日～2026年5月31日,,2026年6月時点,2026年07月27日
1850,3120001039386,南海辰村建設㈱,28.5,基幹的な職種,,,,,,,,,,,,正社員,64.7,,,,,,,,,65.1,69.3,35.2,2025年4月1日～2026年3月31日,,2026年3月時点,2026年07月16日
4368,6120001088372,扶桑化学工業株式会社,,,,,,,,,,,,,,正社員　男性,74.2,正社員　女性,78.4,契約社員　男性,59.6,契約社員　女性,90,,,77.9,77.5,75.7,2025年4月1日～2026年3月31日,,2026年3月時点,2026年06月01日
6703,7010401006126,沖電気工業株式会社,22.1,対象正社員,正社員／技術系,22,正社員／事務系,22.3,契約社員／技術系,15.1,契約社員／事務系,15,,,,正社員,64.5,,,,,,,,,73.5,74.9,59.9,2025年4月1日～2026年3月31日,適用する人事処遇制度において性別による差異はありませんが、賃金の額が高い管理職における男性の比率が高いこと、短時間勤務を行う社員の比率が男性に比べ女性の方が高いことなどが、男女の賃金の差異に影響していると考えています。,2026年6月時点,2026年06月29日
6258,4010701008411,平田機工株式会社,,,,,,,,,,,,,,,,,,,,,,,,56.9,79.7,42.7,2025年4月1日～2026年3月31日,非正規雇用労働者（有期契約労働者）のうち、女性の5割以上がパート社員である一方、男性の7割以上が相対的に賃金の高い再雇用制度を利用した契約社員であることから、格差が生じていると考えられる。,2026年6月時点,2026年06月17日
6465,4180001069484,ホシザキ株式会社,18,基幹的な職種,総合職,18,一般職,13.6,嘱託,7.2,アルバイト,16.8,,,84.5,総合職,83.4,一般職,75.5,パートタイマー,102.1,嘱託,94.6,アルバイト,92.8,69.8,70.4,60.1,2025年1月1日～2025年12月31日,"・正規雇用労働者は社員、非正規雇用労働者は嘱託、アルバイト、パートタイマーを含み、休業者を除いています。
・短時間勤務者については、正規雇用労働者の所定労働時間を基に人員数を換算しています。
・賃金は性別による賃金体系及び制度上の違いはありませんが、等級別人数構成及び勤続年数の差により、男女で賃金の差異が生じています。",2025年12月時点,2026年02月26日
4365,7122001020132,松本油脂製薬株式会社,,,,,,,,,,,,,,,,,,,,,,,,53.7,100.6,91.2,2025年4月1日～2026年3月31日,,2026年3月時点,2026年07月09日
6971,4130001000049,京セラ株式会社,15.7,対象正社員,,,,,,,,,,,,正社員,83.5,,,,,,,,,55.9,72.9,34.6,2025年4月1日～2026年3月31日,"[労働者の男女の賃金の差異に関する説明]
① 正規雇用労働者については、等級制度、役職制度並びに賃金体系は一律であるため、地域や職種による差は設けていません。従って、同一の等級・役職における男女の賃金差異はありませんが、女性に比べ男性の管理職比率が高いことや、男女の就業時間の差が男女間賃金差異の要因となっています。なお当社では、製造部門においても正規雇用を原則としており、製造部門の労働者数は正規雇用労働者全体の半分以上を占めています。製造部門において、男性の管理職比率が女性に比べ高いことや、夜勤を行う男性労働者が多いことが上記の賃金差異の要因につながっていると認識しています。 当社は、今後も多様な人材が活躍できる支援策を実施し、更なる女性の登用促進を図っていきます。なお、管理職における男女の賃金差異はありません。② パート・有期労働者の賃金差異は、女性のパートタイマーの人員比率が高いこと（下表注1）や、男性の有期労働者（フルタイム）の人員数が女性より多いこと（下表注2）に起因しています。③ 全労働者の賃金差異については、女性労働者に占めるパートタイマーの人員比率が高いこと（下表注1）に起因しています.

男女別労働者の人員数及び人員比率　（2026年3月31日現在）
　　　　　男性労働者　　　　　　　　女性労働者
　　　　　人員数（人）人員比率（％）人員数（人）人員比率（％）
正規雇用労働者　15,645人　87.9％　　　　3,952人　59.8％

パートタイマー　　　325人1.8％　　2,512人　(注)1  38.0％

有期労働者
（フルタイム）(注)2  1,837人10.3％　　　142人　　　　2.1％

合  計　　　　　　　17,807人100.0％　6,606人　　　100.0％",2026年6月時点,2026年07月06日
1921,9010001034839,株式会社巴コーポレーション,12.2,対象正社員,総合職（技術）,12.9,総合職（事務）,11.1,一般職,5,再雇用者（技術）,8.1,再雇用者（事務）,7,,,,,,,,,,,,67,68.4,37,2025年4月1日～2026年3月31日,"巴コーポレーション単体 2025 年度実績
正規雇用労働者の差異については、平均年齢及び平均勤続年数の違い等が影響している。
非正規雇用労働者の差異については、継続再雇用制度を活用した男性の契約社員が多く在籍しており、正社員時の給与を引き継いでいる者が多いため差異が生じている。

同一職種における賃金体系・評価制度上の男女差はない。",2026年3月時点,2026年06月29日
6675,2010401060020,サクサ株式会社,21.4,対象正社員,,,,,,,,,,,,正社員,79,,,,,,,,,70.2,68.8,58,2025年4月1日～2026年3月31日,2026年3月末時点の人員および賃金にて算定,2026年3月時点,2026年07月15日
3696,1010401073460,株式会社セレス,5.9,対象正社員,正社員（エンジニア職以外：6.6時間、エンジニア職のみ：3.9時間）,5.9,契約社員（無期雇用）,0.6,契約社員（有期雇用）,4.2,アルバイト（無期雇用）,1.9,アルバイト（有期雇用）,6,72.1,正社員,73.6,契約社員・アルバイト,58.8,,,,,,,66.6,72.4,75.6,2025年1月1日～2025年12月31日,"対象期間：2025年1月1日～2025年12月31日

多くの上場企業では、女性の平均賃金は男性の65%から75%の範囲に収まることが多い状況ですが、当社2025年度実績は66.6％となりました。前年度（74.7％）からの低下要因は、新卒および若手ポテンシャル層の女性採用を優先的に進めたことによる人員構成の変化です。2025年度は、将来を支える組織基盤強化のため、女性採用を大幅に拡大いたしました（女性正社員採用：前年比1.6倍、契約・アルバイト等：前年比約3倍）。
　多くの若手・ポテンシャル層および多様な働き方を希望する女性層を新たに迎えたことで、社内の女性比率は飛躍的に向上しましたが、勤続年数の短い層が厚くなったことにより、一時的に男女間の平均賃金に乖離が生じております。現在、女性管理職比率の向上（目標23％）を掲げた行動計画を推進しており、中長期的なキャリア形成支援を通じて、役職構成の差異に起因する賃金格差の解消に継続的に取り組み、男女間賃金格差の是正を目標として掲げ、情報開示を進めてまいります。

※2024年度実績　全体：74.7％　正社員：75.8％　非正規：76.8％",2025年12月時点,2026年07月01日
2612,9010701002351,かどや製油株式会社,20,その他,,,,,,,,,,,,正社員・契約社員・パート,77.6,,,,,,,,,75.4,83.3,52.7,2025年4月1日～2026年3月31日,基本給・各種手当・賞与等を含み、退職手当・通勤手当等を除く。,2026年3月時点,2026年08月04日
7637,2010001054158,白銅株式会社,21.8,その他,,,,,,,,,,,77.5,,,,,,,,,,,76.7,70.8,78.4,2025年4月1日～2026年3月31日,,2026年3月時点,2026年07月06日
1435,3290001025873,株式会社robot home,8.3,その他,,,,,,,,,,,84.4,,,,,,,,,,,48.5,59,55.5,2025年1月1日～2025年12月31日,,2025年12月時点,2026年06月09日
4229,7070001006735,群栄化学工業株式会社,14.6,対象正社員,,,,,,,,,,,,正社員,74.5,,,,,,,,,89.3,88.5,,2025年4月1日～2026年3月31日,労働者の男女別賃金の差異については、同一労働の賃金に差はなく、等級別人数構成および職種別人数構成の差によるものであります。,2026年3月時点,2026年07月06日
8940,7011001032594,株式会社インテリックス,14.2,対象正社員,,,,,,,,,,,,,,,,,,,,,,70.7,73.9,41.5,2024年6月1日～2025年5月31日,,2025年5月時点,2026年05月18日
4109,8120001044472,ステラケミファ株式会社,,,,,,,,,,,,,,正社員,84.6,,,,,,,,,80.8,79.8,76.6,2025年4月1日～2026年3月31日,"対象期間：2025事業年度（2025年4月～2026年3月）
賃金：基本給、各種手当、超過労働に対する報酬、賞与等を含み、退職手当、通勤手当等を除く。
正規雇用労働者：正社員
非正規雇用労働者：有期契約・パート契約社員（派遣社員は含まない）
※パート契約社員については、正社員と同様の所定労働時間当たりの額に換算し加算しています。
＜差異についての説明＞
・給与体系は、男女同一の体系としています。
・正規雇用の基本給・賞与合計の男女の賃金差異は、全体で87.5％、一般職は92.7％になります。
・正規雇用の賃金差異は、深夜手当や時間外手当がつく交替勤務者に男性が多いためです。",2026年3月時点,2026年07月15日
2183,9120001111255,株式会社リニカル,,,医薬品開発業務部門（原価部門）,0.7,その他（販管部門）,4.3,契約社員,0.6,,,,,81.9,,,,,,,,,,,79.6,78.5,86,2025年4月1日～2026年3月31日,低賃金層である若年層の新卒・未経験中途の過去5年の採用者数の男女比においては男性より女性の比率が高く、高賃金層である管理職比率においては女性より男性の方多いことから、結果として男女賃金差異が生じる要因になっている。,2026年3月時点,2026年08月24日
7224,7140001082323,新明和工業株式会社,,,,,,,,,,,,,,,,,,,,,,,,68.1,73.5,77.4,2025年4月1日～2026年3月31日,"担う役割・職務・評価が同様であれば、性別による賃金の差はありません。
一方で、能力等級別人数構成並びに勤続年数の差異は生じており、総合的にみると男女の賃金格差は生じている状況にあります。
引き続き、女性のリーダー育成プログラムなどの積極運営等により、役割・能力等級の高度化を図り、男女間賃金格差の縮小に取り組む計画です。",2026年3月時点,2026年06月29日
438A,4010001117846,株式会社インフキュリオン,,,,,,,,,,,,,,,,,,,,,,,,73.5,76,137.4,2025年4月1日～2026年3月31日,,2026年3月時点,2026年07月07日
7476,8120001060544,アズワン株式会社,10.7,その他,正社員（マネジメントキャリア）,14.7,正社員（スタッフキャリア）,8.9,,,,,,,,全社員,64.5,,,,,,,,,61.4,62.7,42.4,2025年4月1日～2026年3月31日,管理職に占める女性労働者の割合が低く、男女の賃金差異は大きくなっておりますが、同じ職群・等級内での男女の賃金差異はございません。,2026年3月時点,2026年07月27日
4208,2250001002992,ＵＢＥ株式会社,17,その他,全労働者（社員・派遣社員）,16.2,社員,17,社員のうち管理職,21.6,社員のうち非管理職,15.5,派遣社員,4,95.5,社員,95.5,社員のうち管理職,79.4,社員のうち非管理職,100.9,,,,,79.7,79.5,72.5,2025年4月1日～2026年3月31日,男女間の賃金差が生じている主な要因としては、正規雇用労働者の上位層に女性従業員が少ないことが挙げられます。当社グループは、女性管理職比率・女性社員比率の目標値を設定し、女性従業員の採用・登用を推進しています。,2026年4月時点,2026年06月17日
6333,3140001039376,株式会社ＴＥＩＫＯＫＵ,,,,,,,,,,,,,,正社員、嘱託,78,,,,,,,,,78,77.7,73.6,2025年4月1日～2026年3月31日,,2026年3月時点,2026年06月03日
3965,3120001077956,株式会社キャピタル・アセット・プランニング,11.4,対象正社員,,,,,,,,,,,63.7,,,,,,,,,,,80.7,81.2,,2024年10月1日～2025年9月30日,"非正規雇用労働者の賃金については、以下対応とさせていただきます。
雇用形態が全く異なるため比率の算出は難しく、
また、非正規雇用者が少数の為個人の報酬単価が特定されてしまう為非開示。",2025年3月時点,2026年02月18日
9006,7010401009277,京浜急行電鉄株式会社,,,,,,,,,,,,,,正規雇用者,92.8,,,,,,,,,78.7,78.1,50.9,2025年4月1日～2026年3月31日,,2026年3月時点,2026年08月04日
6594,9130001002387,ニデック株式会社,20.1,対象正社員,,,,,,,,,,,,正社員,73,,,,,,,,,70.9,77.4,33.4,2024年4月1日～2025年3月31日,"非正規雇用者には、パート・有期労働者　定年後再雇用者を含んでいます。
当社は、ジョブ型人事制度（職務等級制度）を導入しており、年齢に関わらず「職責・職務（責任）の大きさ」、「成果」に応じて処遇を行っております。",2024年3月時点,2025年08月28日
5301,6010401020094,東海カーボン株式会社,10.7,対象正社員,正社員（管理監督者を除く）,10,,,,,,,,,,正社員,80.6,契約社員,106.1,嘱託,93.4,,,,,63.8,73.6,43,2025年1月1日～2025年12月31日,"正規雇用労働者賃金差が大きい原因：管理職比率など男女間に差異があることで1名当たりの賃金に差が出ておりますが、賃金制度・評価体系において性別による処遇差は一切ありません。

非正規雇用労働者の男女賃金差の大きい原因：平均年収の高い男性再雇用嘱託の増加及び新再雇用制度導入（区分プレミアムの場合は定年前と同じ年収）による、非正規男性平均年収の増加",2026年1月時点,2026年01月27日
3915,5010001125410,株式会社テラスカイ,10.5,対象正社員,,,,,,,,,,,,,,,,,,,,,,75.8,79.3,99.2,2025年3月1日～2026年2月28日,,2026年2月時点,2026年05月08日
7947,5240001029984,株式会社エフピコ,6.3,対象正社員,,,,,,,,,,,,正社員,60.1,,,,,,,,,60.9,61.4,14.8,2025年4月1日～2026年3月31日,"１．「女性の職業生活における活躍の推進に関する法律」（平成27年法律第64号）の規定に基づき算出したものであります。
２．賃金は、賞与及び基準外賃金を含んでおります。
３．非正規雇用労働者とは、顧問、再雇用社員、パートタイマーを含み、派遣社員を含んでおりません。
４．人事・評価制度において性別を理由とした処遇差は一切ありませんが、正規雇用労働者における賃金差異が生じている主な要因としては、男性に比べ女性の平均勤続年数（女性12.5年、男性17.8年）が短く、女性の管理職について育成過程にあること、育児休業や育児短時間勤務を利用し、給与が減額になっている者の女性比率が高い（30～40代女性の約40％が利用）ことが挙げられます。賃金差異の改善に向けて、男女ともにワークライフバランスを保ちながら働き続けることのできる職場風土の形成と職場環境づくりを目指して、男性社員に対して、子どもが1歳になるまでの間に育児を目的とした連続５日間の休暇取得を義務とする独自の制度を2023年７月より開始したとともに、育児休業の取得を促進しております。また、女性管理職比率向上は、重要な課題と認識しており、今後も女性管理職候補者の育成を強力に進めてまいります。
５．非正規雇用労働者について、男性の再雇用社員（フルタイム勤務）と女性のパートタイマーとの比較になっていることから賃金差異が生じております。",2026年3月時点,2026年06月25日
9757,1120001069955,株式会社船井総研ホールディングス,6.5,対象正社員,コーポレートディベロップメント本部,6.7,コーポレートビジネス本部,4.3,コーポレートマネジメント本部,5.5,社長付け,1.2,嘱託（フル）,1,62.8,,,,,,,,,,,62.6,62.9,52.1,2025年1月1日～2025年12月31日,,2025年12月時点,2026年06月25日
7972,9120001014301,株式会社イトーキ,16.6,対象正社員,正社員,16.6,契約社員,8.3,,,,,,,,対象とする労働者すべて,60.3,,,,,,,,,77.2,75.6,92.3,2025年1月1日～2025年12月31日,,2026年1月時点,2026年06月08日
4082,8120001031181,第一稀元素化学工業株式会社,12.9,対象正社員,,,,,,,,,,,,対象とする労働者すべて,73.5,,,,,,,,,72.3,80.2,50.8,2025年4月1日～2026年3月31日,,2026年3月時点,2026年07月09日
7917,6011101056965,ZACROS株式会社,,,正社員・パート・契約社員,24.9,,,,,,,,,,,,,,,,,,,,78.6,79.8,69.5,2025年4月1日～2026年3月31日,,2026年3月時点,2026年07月21日
5480,2010001034977,日本冶金工業㈱,22,対象正社員,,,,,,,,,,,,正社員,82,,,,,,,,,70,74.8,50,2025年4月1日～2026年3月31日,,2026年4月時点,2026年06月19日
6432,4100001011503,株式会社竹内製作所,12.1,対象正社員,正社員,11.3,契約社員,3.8,,,,,,,73.9,正社員,71.3,契約社員,83.9,,,,,,,76.6,81.7,73.6,2025年3月1日～2026年2月28日,"給与テーブルおよび人事制度は一本化されており、同等の等級・職務ラインに位置する男女の賃金は同一。賃金格差の要因として
・現状、男性の管理職比率が高いこと
・女性は短時間勤務制度の利用が男性に比べ多いこと
・女性の残業時間が比較して少ないこと
があげられる。",2026年6月時点,2026年07月29日
9632,3010001008699,スバル興業株式会社,,,,,,,,,,,,,,男性社員,59.1,女性社員,83.4,,,,,,,65.2,64.2,103.2,2025年2月1日～2026年1月31日,,2026年2月時点,2026年07月08日
9795,7021001001169,株式会社ステップ,,,正社員（教師）,10.2,正社員（事務）,0.5,パート社員,0.1,,,,,,,,,,,,,,,,42.1,59.8,33.9,2024年10月1日～2025年9月30日,"正規雇用労働者の男女の賃金の差異は、教師職と事務職で賃金水準が異なり、男性は約９割が教師職なのに対し女性の教師職は約３割であること、また女性は平均勤続年数が男性と比較して約３年程度短く、平均年齢も５歳程度低いこと等によるものです。非正規雇用労働者の男女の賃金の差異は、男性は相対的に賃金水準の高い定年再雇用の嘱託社員が多いのに対し、女性は勤務日数・勤務時間が短くまた本人の意向で年収調整を行っているパート社員が主であること等によるものです。
なお、正規雇用労働者について、教師職と事務職に区分して算出すると、教師職74.8、事務職64.9となり
ます。教師職の男女の賃金の差異は、男性が約５割が副室長以上の役職なのに対し、女性は約１割程度であること等によるものです。事務職の男女の賃金の差異は、男性はほぼ全員がフルタイム勤務なのに対し、女性は約５割がＦＣ勤務（ご家庭の事情に合わせて勤務日数や勤務時間を短縮できる勤務）を選択していること等によるものです。",2026年3月時点,2026年06月29日
431A,3011101023530,ユーソナー株式会社,,,総合職,6,,,,,,,,,13,,,,,,,,,,,67.9,71.4,80.8,2024年1月1日～2024年12月31日,,2024年1月時点,2025年07月30日
4811,9011001040835,株式会社ドリーム・アーツ,,,,,,,,,,,,,,全従業員,74.7,,,,,,,,,87.7,87,80.7,2025年1月1日～2025年12月31日,,2025年12月時点,2026年05月13日
5563,9010001035003,新日本電工株式会社,12.8,対象正社員,,,,,,,,,,,,正社員,78.6,,,,,,,,,76.2,77.7,35.8,2025年1月1日～2025年12月31日,,2025年12月時点,2026年04月23日
4743,3010001022865,株式会社アイティフォー,17.6,対象正社員,,,,,,,,,,,81,正社員,81,,,,,,,,,64.8,65.2,59.1,2025年4月1日～2026年3月31日,"①短時間労働者(週30時間未満)のパート社員が在籍していることが全労働者の賃金差異に影響しています(労
働時間による人員換算は行っておりません)。
②正規雇用労働者における男女の平均継続勤務年数の差異(男性12.6年、女性7.8年)や、男性社員の残業時間が
女性よりも多いことが正規雇用労働者の男女賃金差異の重要な要素となっております。残業時間は男女問わず
減らしていくKPIを掲げており、また、育児休暇制度やカムバック制度の整備により、女性がより長く勤務
できる体制を強化しています。",2026年3月時点,2026年05月25日
4432,9010001174206,ウイングアーク１ｓｔ株式会社,16.9,対象正社員,正社員・契約社員,13.9,,,,,,,,,,正社員・契約社員,71.4,,,,,,,,,78.7,79.7,67.7,2025年3月1日～2026年2月28日,対象期間：2025年度（2025年3月～2026年2月）,2026年6月時点,2026年07月09日
E03538,6120001076393,株式会社りそな銀行,14.1,その他,社員,20.9,嘱託,11.5,パートナー社員,0.9,,,,,,社員,84.2,嘱託,89.3,パートナー社員,96.7,,,,,56.4,68.6,56.3,2025年4月1日～2026年3月31日,"当社では、賃金は職位・職務等が同等であれば男女間で差が生じることはなく、主として相対的に賃金の高い上位の役職における女性比率の低さにより、差異が生じているものと認識しています。こうした背景には、過去に職種別採用を行っていた経緯から非マネジメント業務に従事する女性が多いこと、時短勤務制度利用者の大半が女性であり、勤務時間に男女差があることも要因の一つとなっています。これまで女性リーダーの育成・登用に継続的に取り組んでおり、全体として差異は縮小傾向にありますが、取組み強化により更なる差異の縮小につなげてまいります。
管理職登用に向けた取組みにおいては、産休・育休等によるキャリアブランクの影響を軽減するため、復職支援プログラムや早期復帰者への「育児休業早期復帰支援手当」支給などを実施しています。また、アンコンシャス・バイアス研修や階層別キャリア研修を通じ、性別にかかわらずキャリア形成への意欲を高める取組みを行っています。さらに、トレーニー制度による未経験業務への挑戦サポート等、職域拡大やキャリア成長を支援する施策を強化しています。
併せて、育児・介護との両立支援制度の充実や男性の育児休業取得促進、柔軟な働き方の推進など、誰もが安心して働き続けられる職場環境づくりにも継続して取り組んでいます。これらの施策を通じて、社員一人ひとりがライフステージに応じて能力を発揮し、長期的なキャリア形成を可能とする環境を整備しています。
りそなホールディングスでは、サステナビリティ長期指標として、2030年度に向け「りそなホールディングスの女性役員比率30％以上」「グループ5社の女性経営職階比率20％以上」「グループ5社の女性ライン管理職比率40％以上」を掲げており、当社としても、これらの目標の実現に向けた取組みを着実に進め、男女間賃金差異の更なる縮小を目指します。",2026年3月時点,2026年06月11日
1419,7010401057862,タマホーム株式会社,25.9,基幹的な職種,,,,,,,,,,,,対象とする労働者すべて,64.1,,,,,,,,,54.7,60,48.1,2025年6月1日～2026年5月31日,,2026年5月時点,2026年08月04日
3633,5011001042496,GMOペパボ株式会社,10,対象正社員,,,,,,,,,,,,,,,,,,,,,,75.1,82.3,109.9,2025年1月1日～2025年12月31日,,2025年12月時点,2026年05月13日
2216,9011201001240,カンロ株式会社,17.3,対象正社員,,,,,,,,,,,76.8,対象とする労働者すべて,76.8,,,,,,,,,73.2,77.8,93.2,2025年1月1日～2025年12月31日,,2025年12月時点,2026年04月21日
5947,2180001021323,リンナイ株式会社,18,対象正社員,管理職,27.4,非管理職,17.3,,,,,,,72.6,,,,,,,,,,,62.2,62.3,60.9,2025年4月1日～2026年3月31日,,2025年3月時点,2026年08月19日
6753,6120001005484,シャープ株式会社,8,その他,,,,,,,,,,,74.7,,,,,,,,,,,80.4,79.2,74.7,2025年4月1日～2026年3月31日,"対象期間：2025年度（2025年4月1日～2026年3月31日）
賃金：給与・賞与の支給総額（退職金は含まない）
※休職者・当社から社外への出向者は算定対象から除く",2025年6月時点,2026年07月17日
4927,4010701017916,株式会社ポーラ・オルビスホールディングス,9.4,対象正社員,,,,,,,,,,,,対象とする労働者すべて,67.4,,,,,,,,,74.5,79,57.7,2025年1月1日～2025年12月31日,,2026年2月時点,2026年03月09日
8622,6010001058238,水戸証券株式会社,12.1,対象正社員,対象正社員,12.1,,,,,,,,,,正社員,65.4,,,,,,,,,68.8,71.4,61.7,2025年4月1日～2026年3月31日,"賃金：基本給、超過労働に対する報酬、賞与等を含み、退職手当、通勤手当（非課税）を除く。
出向者は、当社から社外への出向者を除く。
パート・有期雇用労働者：パート社員、嘱託等を含み、派遣社員を除く。",2026年3月時点,2026年05月26日
5901,7010701026096,東洋製罐グループホールディングス株式会社,22.3,対象正社員,,,,,,,,,,,66,,,,,,,,,,,88.9,90.9,90.8,2025年4月1日～2026年3月31日,出向者については出向元に含んで算出しています。,2026年4月時点,2026年06月26日
2281,6010701008888,プリマハム株式会社,,,,,,,,,,,,,,,,,,,,,,,,57.2,76.6,84.7,2024年4月1日～2025年3月31日,"１）「女性の職業生活における活躍の推進に関する法律」（平成27年法律第64号）の規定に基づき算出したものであります。
２）労働者の人員数については労働時間を基に換算し算出しております。
３）正規従業員はフルタイム勤務無期雇用の従業員となります。非正規従業員には無期雇用であるがフルタイム勤務者ではない従業員に、有期雇用の従業員・再雇用者を含み、派遣社員を除いております。
４）男女の賃金格差については、男性の賃金に対する女性の賃金の割合を示しております。なお、同一労働の賃金に差はなく、等級別人数構成の差によるものであります。
５）算出にあたっては出向者の実績を含めておりますが、海外現地法人への出向者は含まれておりません。",2025年6月時点,2025年08月08日
9001,6010601014508,東武鉄道株式会社,,,フルタイムの全労働者,22,フルタイムの労働者のうち25～39歳の労働者,27,,,,,,,84.8,,,,,,,,,,,84.3,75.8,192.9,2025年4月1日～2026年3月31日,"・正規雇用労働者の賃金の差異は、労務構成（勤続、年齢）の偏りによるものであり、賃金水準の決定において、性別による制度の違いはありません。

・非正規雇用労働者の賃金の差異は、賃金水準の高い職種に、女性労働者が多く従事していることによるものです。",2026年4月時点,2026年07月17日
6965,2080401004193,浜松ホトニクス株式会社,10.6,基幹的な職種,,,,,,,,,,,85.6,,,,,,,,,,,71.5,72.8,78.2,2024年10月1日～2025年9月30日,,2025年9月時点,2026年02月10日
9027,5430001030460,株式会社ロジネットジャパン,,,一般職,18,,,,,,,,,57,,,,,,,,,,,80.4,78.9,,2025年4月1日～2026年3月31日,"非正規雇用労働者の女性の在籍はありません。
当社は同一労働の額に差異はありません。労働者における差異の主な要因は、管理的地位において男性労働者の占める比率が女性労働者より高いことによるものです。",2026年3月時点,2026年07月08日
4415,5120001103719,株式会社ブロードエンタープライズ,13,対象正社員,,,,,,,,,,,,正社員,86,,,,,,,,,,,,,,2026年3月時点,2026年06月02日
8919,6070001016685,株式会社カチタス,,,,,,,,,,,,,,,,,,,,,,,,84.2,88.4,101,2025年4月1日～2026年3月31日,,2026年3月時点,2026年06月09日
6479,8100001007753,ミネベアミツミ株式会社,6.7,対象正社員,技術系,7.1,営業系,4.9,管理系,7.7,技術系（有期雇用の契約社員）,3.4,管理系（有期雇用の契約社員）,2,,正社員,77.6,,,,,,,,,78,80.2,79.1,2025年4月1日～2026年3月31日,時短勤務者及び育児休業取得者の割合が、男性労働者と比較すると女性労働者に多いため。,2025年3月時点,2026年06月25日
7388,8010001129227,株式会社ＦＰパートナー,4,対象正社員,FP社員（正社員）,2.1,FP社員（契約社員）,2.9,固定給FP社員（正社員）,4.9,固定給FP社員（契約社員）,6.4,HybridFP社員（正社員）,7.3,,正社員,105.2,契約社員,107.1,,,,,,,63.6,72,73.4,2024年12月1日～2025年11月30日,,2026年4月時点,2026年06月23日
3110,4380001001146,日東紡績株式会社,8.7,対象正社員,正社員（事務系）,8.3,正社員（技術系）,8.8,エルダー社員,4.3,非正規社員（短時間・有期）,2,非正規社員（フルタイム・無期）,2.5,,,,,,,,,,,,82,85.3,62.1,2025年4月1日～2026年3月31日,,2026年3月時点,2026年06月24日
9065,7290801005328,山九株式会社,,,,,,,,,,,,,,,,,,,,,,,,67.3,69.2,55,2025年4月1日～2026年3月31日,"○対象期間：2025年4月1日～2026年3月31日
○労働者区分
　　正規雇用労働者…期間の定めなくフルタイム勤務する労働者
　　非正規雇用労働者…パート・アルバイト等を含む。派遣社員は除く
○賃金
　　基本給及び各種手当、賞与などを含む。通勤手当、退職金は除く
○その他
　　以下は対象から除外
　　当社から海外現地法人への出向者及び出向受入れ者

○正規雇用労働者／非正規雇用労働者ともに賃金差異が生じている主要因として、男女の人数構成比などにより差異が生じている。
　今後の取り組みとして、女性社員が長期的に働ける環境整備や定期／中途における女性社員の積極的な採用、女性管理職の早期育成や候補者に対する研修実施などを通し、差異解消に向けた取り組みを推進していく。",2026年3月時点,2026年07月08日
5659,2120001093269,日本精線株式会社,,,,,,,,,,,,,,全労働者,65.1,,,,,,,,,55.1,71.5,55.7,2024年4月1日～2025年3月31日,"・男女で賃金差が生じるのは、女性の上位役職者数が少ないことや女性の平均勤続年数が男性より約8年短いことが主な理由となっている。
・賃金は性別に関係なく同一の基準を適用しているが、同一等級における賃金差は交代勤務の有無、時間外労働時間や経験年数の差異から、女性が若干低い実績となっている。
・引き続き、性別にかかわらず様々な場面で女性の登用を行い。多様性の確保を図っていく。",2025年3月時点,2025年09月02日
9793,6180001006700,株式会社ダイセキ,49,その他,一般職,5.2,総合職※,42,,,,,,,,一般職,87,総合職,70,,,,,,,58.1,58.2,43.5,2024年3月1日～2025年2月28日,2024年3月度～2025年2月度の総支給額を期中の平均労働者数で除し、その男女賃金差異を記載,2025年5月時点,2025年09月10日
7222,3021001037076,日産車体株式会社,23.4,その他,正規,20.5,非正規,8.2,,,,,,,,組合員,96,,,,,,,,,80.3,78.9,84.8,2025年4月1日～2026年3月31日,,2026年3月時点,2026年05月26日
9709,8120001072787,ＮＣＳ＆Ａ株式会社,11.4,対象正社員,,,,,,,,,,,,全社員,87.1,,,,,,,,,79,80.1,52.2,2025年4月1日～2026年3月31日,賃金の差異の主な要因は、管理職に占める女性労働者の割合が低い水準にとどまっていること、給与が減額される時短勤務者の割合が男性よりも女性が高いこと、男女の勤続年数の違いなどが挙げられます。,2026年3月時点,2026年07月16日
7246,5020001074318,プレス工業株式会社,,,総合職,33,事務職,5.6,技能職,41.8,,,,,,,,,,,,,,,,74,73.3,56.1,2025年4月1日～2026年3月31日,"男女の賃金の差異は、男性に対する女性の平均年間賃金の割合を示しております。
尚、上記差異は、職種別人数構成差によるものであります。
正社員、準社員ともに、賃金規程・評価制度上、性別による差異はありません。",2026年3月時点,2026年07月21日
4047,8010001013769,関東電化工業株式会社,,,,,,,,,,,,,,正社員,85.6,,,,,,,,,80.4,81.1,55,2025年4月1日～2026年3月31日,"1. 対象者：当社から関係会社への出向者を含む。
2. 賃金：通勤手当を除く。
3. 男女の賃金の差異に対する補足説明：給与規程や昇格等の制度上の性別による差はありませんが、管理職に占める男女比率の違い等により、差異が生じている。",2026年3月時点,2026年06月29日
5440,5120001062898,共英製鋼㈱,,,,,,,,,,,,,,正社員,84.6,,,,,,,,,71.5,71.6,75,2025年4月1日～2026年3月31日,,2026年3月時点,2026年06月25日
6824,3120001056043,新コスモス電機株式会社,,,,,,,,,,,,,,,,,,,,,,,,60.6,79,72.1,2024年4月1日～2025年3月31日,,2025年5月時点,2025年07月01日
2492,2010401041383,株式会社インフォマート,14,対象正社員,営業職,16.5,技術職,13.4,事務職,14,非正規（無期）,0,非正規（有期）,2.2,,正社員,66,,,,,,,,,86.5,90,182.6,2025年1月1日～2025年12月31日,,2025年12月時点,2026年04月14日
8285,5220001006845,三谷産業株式会社,22.2,対象正社員,,,,,,,,,,,,正社員,71,,,,,,,,,74.4,74.7,51,2025年4月1日～2026年3月31日,,2026年4月時点,2026年05月27日
9869,6140001068331,加藤産業㈱,,,,,,,,,,,,,,,,,,,,,,,,56.5,67.4,92.4,2024年10月1日～2025年9月30日,,2025年9月時点,2026年01月22日
3765,8010001082839,ガンホー・オンライン・エンターテイメント株式会社,,,正社員・契約社員,5.5,,,,,,,,,,,,,,,,,,,,80.9,81.1,97.5,2025年1月1日～2025年12月31日,"対象期間：2025事業年度（2025年1月1日〜2025年12月31日）
正規雇用労働者：社外からの出向者を除く。
非正規雇用労働者：契約社員が該当。
賃金：給与支給総額（在宅手当等の手当を含む） 　
※小数点第2位を四捨五入し、小数点第1位まで表示
差異についての補足説明：
男女の賃金の差異は、勤続年数や平均年齢の違いが主な要因であり、
賃金や評価などの制度上の取り扱いに男女差はありません。",2025年12月時点,2026年03月25日
4635,8011501003045,東京インキ株式会社,7.9,その他,,,,,,,,,,,,,,,,,,,,,,65.8,76.7,88.4,2025年4月1日～2026年3月31日,"賃金の差異の補足説明
・賃金制度をはじめ、人事制度において男女の差はありません。
・差異の主な要因は、①役割等級別の人員構成比差（上位の等級に女性の割合が少ないこと）、②勤務時間・勤務形態の違い（短時間勤務、深夜勤務等）やそれに付随する手当の支給有無によるものであります。


人員：給与支給のない休職者を除く
手当：通勤手当・持株奨励金・保険補助金を除く",2026年4月時点,2026年06月17日
7747,8180001049706,朝日インテック株式会社,21.8,対象正社員,,,,,,,,,,,,正社員,75.8,,,,,,,,,62.2,80.1,30.9,2024年7月1日～2025年6月30日,"正規雇用労働者：賃金制度・賃金体系において、男女の賃金に差異はありませんが、正規雇用労働者において、上位職層に占める女性労働者の割合が少ないこと、平均勤続年数が男性より約2年短いことが差異の要因となっています。

非正規雇用労働者：賃金制度・賃金体系において、男女の賃金に差異はありませんが、パート・有期労働者などの男女の賃金の差異は、雇用契約に基づく就業形態の違いに起因しています。定年後再雇用者は、職務内容や定年前の資格等を踏まえて処遇を決定しており、差異が出る要因となっています。",2025年6月時点,2026年01月15日
4028,9120001048976,石原産業株式会社,11.8,対象正社員,,,,,,,,,,,81.8,正社員,81.8,,,,,,,,,77.1,81.5,55,2025年4月1日～2026年3月31日,,2026年3月時点,2026年05月26日
6592,2040001036954,マブチモーター株式会社,19.2,その他,正社員・嘱託社員,19.2,,,,,,,,,84.5,正社員・嘱託社員（定年後再雇用者）,84.5,,,,,,,,,62.1,71.2,49.5,2025年1月1日～2025年12月31日,,2025年12月時点,2026年04月16日
5631,5010701019531,株式会社日本製鋼所,16,対象正社員,,,,,,,,,,,,正社員,72,,,,,,,,,77.2,77.9,65.4,2025年4月1日～2026年3月31日,"・昇格、賃金など制度上の性別による処遇差はないものの、女性従業員に比べ男性従業員の管理的地位にある労働者比率が高いことから、男女の賃金の額の差異が生じております。
・正規雇用従業員について、2025事業年度は複数名の女性の管理的地位にある労働者への登用を含めた女性活躍の推進により、男女の賃金の額の差異は前事業年度比0.7ポイント縮小しました。積極的なあらゆる業務への参画など対策を進めており、引き続き女性の管理的地位にある労働者比率向上に努めてまいります。
・パート、有期従業員等について、高職位の女性専門職が嘱託契約となったことで、女性パート、有期従業員等の平均賃金が上昇し、男女の賃金の額の差異は11.6ポイント縮小しました。
・多様な人材の活躍は中長期的な企業価値創造力強化の重要な課題と捉えており、中期経営計画「JGP2028」においても、具体的な目標を掲げ取り組みを強化しております。",2026年3月時点,2026年06月18日
6005,7500001003977,三浦工業株式会社,24.3,対象正社員,正社員（総合職）,27.5,正社員（一般職）,8.4,準社員,6.8,シニア社員,18.1,パート,1.6,,正社員,74,,,,,,,,,58.3,61.2,35.1,2025年4月1日～2026年3月31日,,2026年3月時点,2026年08月19日
E03833,3011001027739,あいおいニッセイ同和損害保険株式会社,7.7,基幹的な職種,契約社員I型,4.7,特定業務社員,7,CS専任社員,3.2,,,,,,対象とする労働者すべて,69.2,,,,,,,,,62.6,65.6,68.5,2025年4月1日～2026年3月31日,"１．対象期間：2025年４月１日～2026年３月31日 
２．賃金：通勤手当を含んでおりません。 
３．出向者：社外への出向者及び他社からの出向者を含んでおりません。 
４．正規雇用労働者：執行役員を含まず、理事を含んでおります。 
５．パート・有期労働者：派遣社員を含んでおりません。 
６．記載以外の連結子会社は、「女性の職業生活における活躍の推進に関する法律」（平成27年法律第64号）の規定による公表対象でないため、記載を省略しております。",2026年3月時点,2026年06月15日
2122,8011101028715,株式会社インタースペース,,,,,,,,,,,,,,,,,,,,,,,,66.1,76.7,101.6,2024年10月1日～2025年9月30日,"当社の非正規雇用労働者は女性のパートタイマーが多いため
全労働者における男女の賃金の差異に影響している。

また、正規雇用労働者における男女の賃金の差異については、
女性の産休・育休取得や、短時間勤務が影響している。",2025年9月時点,2026年01月22日
6472,3120001048981,NTN株式会社,4.1,その他,技術系,3.7,事務系,5.2,,,,,,,,全組合員,90.3,,,,,,,,,79.7,79.9,84.4,2025年4月1日～2026年3月31日,"対象期間：令和7年度（令和7年4月1日～令和8年3月31日）
賃金：基本給、超過労働に対する報酬、賞与、手当等を含み、退職手当を除く。
正規雇用労働者：当社から他社への出向者を除き、他社から当社への出向者を含む。
非正規雇用労働者：パートタイム労働者については、フルタイム労働者の所定労働時間（7.67時間/日）をもとに人員数の換算を行っている。
差異についての補足説明
（職種間の人員構成の男女差）
重い製品を扱う製造現場では男性従業員が多く、製造現場で働く従業員に支給する手当（交替勤務や特殊作業など、特定の職務に就く従業員に対して負荷の対価として支給する手当）の有無による差異。
（管理職比率、等級別人員構成の男女差）
相対的に賃金が高い管理職及び上位等級者に、女性よりも男性が多いことが、賃金差異につながっています。",2026年3月時点,2026年06月02日
4681,5180001041871,リゾートトラスト株式会社,21,対象正社員,,,,,,,,,,,,正社員,56.9,,,,,,,,,68.5,71.2,82.3,2025年4月1日～2026年3月31日,,2026年3月時点,2026年07月29日
3004,4140001008108,神栄株式会社,3,対象正社員,総合職,3.4,一般職,2.1,,,,,,,63.8,,,,,,,,,,,,,,,,2026年3月時点,2026年07月07日
6834,6040001035845,株式会社精工技研,,,,,,,,,,,,,,対象者全体,72.8,,,,,,,,,,,,,,2025年4月時点,2026年05月11日
5975,4010001036658,東プレ株式会社,,,,,,,,,,,,,,,,,,,,,,,,69.8,78.8,53.1,2025年4月1日～2026年3月31日,"賃金は性別に関係なく同一の基準を適用しています。
男女間賃金格差の要因は、正規雇用労働者における勤続年数差異、非正規雇用労働者における就業時間数の差異、男女人数比率によるものです。",2026年3月時点,2026年06月24日
3741,1010901026918,株式会社セック,,,,,,,,,,,,,,正社員,72.7,,,,,,,,,77.2,81,58.5,2025年4月1日～2026年3月31日,"労働者の男女の賃金差異の要因については、平均年齢が男性に対して女性が低いこと、平均勤続年数が男性
に対して女性が低いこと、管理職に占める女性労働者の割合が低いことなどによるものです。",2026年3月時点,2026年04月16日
7069,2011001046938,株式会社サイバー・バズ,,,総合職（正社員）,27.3,総合職（契約社員）,8.7,アルバイト,3.1,,,,,,,,,,,,,,,,,,,,,2026年4月時点,2026年04月30日
2489,7011101041652,株式会社アドウェイズ,21.4,対象正社員,正社員,21.4,有期フルタイム社員,8.5,無期フルタイム社員,6.9,有期短時間社員,0,無期短時間社員,4.8,,対象とする労働者すべて,75,,,,,,,,,73.7,74.4,100.7,2024年1月1日～2025年12月31日,,2025年12月時点,2026年04月27日
4980,4010001147620,デクセリアルズ株式会社,22.3,対象正社員,,,,,,,,,,,,正社員,68.5,,,,,,,,,86.9,85.1,84.5,2025年4月1日～2026年3月31日,,2026年3月時点,2026年05月01日
2449,7010401097578,株式会社プラップジャパン,,,営業,27.3,管理,15.4,契約社員,12.8,アルバイト,1.9,,,,,,,,,,,,,,,,,,,2024年8月時点,2026年07月30日
6369,2010601004909,トーヨーカネツ株式会社,15.5,対象正社員,,,,,,,,,,,76.1,,,,,,,,,,,66.8,68.4,35.2,2025年4月1日～2026年3月31日,,2026年3月時点,2026年06月23日
6745,3010701008973,ホーチキ株式会社,24.5,対象正社員,,,,,,,,,,,74.5,,,,,,,,,,,60.1,60.1,66.8,2025年4月1日～2026年3月31日,,2026年3月時点,2026年06月17日
6966,6290801010667,株式会社三井ハイテック,,,,,,,,,,,,,74.3,全労働者,74.3,正規雇用労働者,69.9,非正規雇用労働者,94.5,,,,,65.2,80.4,60,2025年2月1日～2026年1月31日,"男女の賃金の差異については、職務内容、能力、役職等が同じ男女労働者間での賃金差異はありません。
賃金には、通勤手当が含まれておりません。",2026年1月時点,2026年04月21日
5332,1290801002603,ＴＯＴＯ株式会社,15.2,対象正社員,,,,,,,,,,,,正社員（TOTO単体）,87.9,その他（TOTO日本グループの正社員・契約社員）,91.8,,,,,,,61.7,63.6,76,2025年4月1日～2026年3月31日,"ＴＯＴＯ本籍者(除く海外駐在者)で、性別の差異に関係なく同一の賃金基準で運用しております。
男女の賃金の差異は、年齢、社員資格、在籍年数、働き方(短時間勤務)などの人員構成の違いによるものです。

・対象期間：令和７年４月１日から令和８年３月３１日まで（休業者は除く）
・賃　　金：給与、超過労働に対する報酬、賞与等を含み、退職手当、通勤手当等を除く
・正規雇用労働者：正社員、無期雇用契約社員、出向者は出向元の社員として算出
・非正規雇用労働者：有期雇用契約社員、定年再雇用社員、嘱託、パートタイマーを含み、派遣社員を除く",2026年4月時点,2026年07月28日
1828,5110001019890,田辺工業株式会社,20,対象正社員,,,,,,,,,,,,正社員,41,,,,,,,,,68,74.8,40,2025年4月1日～2026年3月31日,,2026年4月時点,2026年06月02日
3105,6010001034882,日清紡ホールディングス株式会社,9.3,対象正社員,総合職群,9.6,エリア職群,7.9,,,,,,,,総合職群,76.1,エリア職群,82.8,,,,,,,62.7,70.6,33.7,2025年1月1日～2025年12月31日,"性別による格差がない報酬制度を運用していますが、現時点では管理職や管理職一つ手前の等級に占める女性の割合が低いことから男女の賃金差異が生じています。
2030年度までに女性管理職比率を女性正社員比率と同等にすることを目指しており、2023年度より女性社員へのキャリアの検討機会やリーダー育成を目的とした「女性リーダー育成プログラム」を継続的に実施しています。その他、現在進めているジェンダーギャップの解消に資する取り組みにより、管理職に占める女性の割合を適正に高めることで、男女の賃金差異の解消に繋がると考えています。
パート・有期雇用従業員における男女の賃金差異の原因は、賃金が高いシニア社員層や嘱託社員における男女比率の違いです。特に、男性の中に賃金水準の高い特定の労働契約者が含まれていることが賃金差異の主な理由です。",2025年12月時点,2026年06月12日
4486,4011101061083,ユナイトアンドグロウ株式会社,11.2,対象正社員,,,,,,,,,,,77.5,,,,,,,,,,,72.6,72.6,,2025年1月1日～2025年12月31日,,2025年12月時点,2026年04月03日
4189,8010001136966,ＫＨネオケム株式会社,,,,,,,,,,,,,91.9,,,,,,,,,,,80,79.8,65,2025年1月1日～2025年12月31日,"当社の賃金制度は、従事する職務又は役割の大きさに基づく制度としており、従事する職務又は役割レベルが同一の場合の基準賃金に男女間の差はありません。
年間の平均賃金に差異が生じている主な要因は、以下のとおりであります。

（正規雇用労働者）
女性の方が管理職および管理職候補者の割合が少ないことや、労働時間短縮措置の適用者は女性が多いこと、また産休・育休等の取得期間は女性の方が長い傾向にあることが影響しております。また、製造現場に勤務する女性が少なく、職長手当や交替勤務手当等の手当支給額にも差異が生じております。
（パート・有期労働者）
定年退職後の再雇用者において、女性の管理職相当の役割を担う者がいないことや製造現場での女性社員が少ないため、交替勤務手当支給額等に差異が見られます。",2024年12月時点,2026年04月24日
9206,6290801006558,株式会社スターフライヤー,,,総合職,3.6,運航乗務員職,1.6,,,,,,,,,,,,,,,,,,43.1,43.3,28.6,2025年4月1日～2026年3月31日,職種により賃金差、男女の構成差があるため差異が大きくなっております。,2026年6月時点,2026年07月02日
3778,3120001079845,さくらインターネット株式会社,11.3,対象正社員,正社員,11.4,嘱託社員,4.4,契約社員,2.9,派遣社員,2.3,アルバイト,5.6,77.6,正社員,77.6,嘱託社員,68.4,契約社員,31.3,アルバイト,80.4,,,78.8,80.9,32.8,2025年4月1日～2026年3月31日,,2026年3月時点,2026年06月22日
4847,4010001091991,株式会社インテリジェントウェイブ,6.7,対象正社員,,,,,,,,,,,,正社員,71,,,,,,,,,77.1,77.3,67.6,2024年7月1日～2025年6月30日,,2025年6月時点,2025年12月11日
6463,3010001034852,ＴＰＲ株式会社,,,,,,,,,,,,,,,,,,,,,,,,67.5,70.7,83,2023年4月1日～2024年3月31日,,2022年4月時点,2024年06月04日
5930,3010001088907,文化シヤッター株式会社,21.3,対象正社員,一般職,27.1,,,,,,,,,68.2,正社員,64.1,,,,,,,,,57.4,77.3,67.3,2024年4月1日～2025年3月31日,,2025年3月時点,2026年02月09日
3104,3010001034927,富士紡ホールディングス株式会社,7.6,対象正社員,正社員,7.6,,,,,,,,,,従業員,50.7,,,,,,,,,75.9,77,56,2025年4月1日～2026年3月31日,上記は富士紡ホールディングス株式会社単体,2026年3月時点,2026年07月06日
1992,6010001013597,神田通信機㈱,11,対象正社員,社員,11,,,,,,,,,,その他,31,,,,,,,,,13.6,12.1,1.5,2024年4月1日～2025年3月31日,,2025年10月時点,2025年10月29日
7373,6013301031269,株式会社アイドマ・ホールディングス,,,,,,,,,,,,,,正社員,80,,,,,,,,,71.3,73.7,122.2,2024年9月1日～2025年8月31日,,2025年8月時点,2025年12月01日
3668,7011001059638,株式会社コロプラ,5.2,その他,,,,,,,,,,,,対象とする労働者すべて,79.6,,,,,,,,,83,83.5,77.6,2024年10月1日～2025年9月30日,,2025年9月時点,2025年12月24日
9360,3010401014925,鈴与シンワート株式会社,,,,,,,,,,,,,72.8,,,,,,,,,,,82.4,81.8,88.9,2025年4月1日～2026年3月31日,,2026年3月時点,2026年06月23日
7296,5080401010065,株式会社エフ・シー・シー,10.7,対象正社員,,,,,,,,,,,,対象とする労働者すべて,91.8,,,,,,,,,75.8,77.5,70.8,2025年4月1日～2026年3月31日,,2026年3月時点,2026年07月27日
8022,4120001077559,ミズノ株式会社,6.7,対象正社員,,,,,,,,,,,,正社員,56.2,,,,,,,,,74.8,77,74.7,2025年4月1日～2026年3月31日,,2026年3月時点,2026年07月30日
6364,4110001016088,株式会社AIRMAN,,,,,,,,,,,,,,対象とする労働者すべて,66.4,,,,,,,,,80,80.6,86.2,2025年4月1日～2026年3月31日,,2026年3月時点,2026年06月24日
1716,5021001007060,第一カッター興業株式会社,20.6,対象正社員,正社員,20.6,有期雇用社員,5.1,,,,,,,63.2,正社員,63.2,有期雇用労働者,63.6,,,,,,,64.3,70.5,31.8,2024年7月1日～2025年6月30日,,2025年7月時点,2025年10月06日
6810,9120901001761,マクセル株式会社,18.5,対象正社員,正社員,18.5,,,,,,,,,70.2,正社員,70.2,,,,,,,,,72.4,76.1,63.5,2025年4月1日～2026年3月31日,,2026年3月時点,2026年07月23日
9768,7010901005494,いであ株式会社,30.7,対象正社員,対象正社員,30.7,契約社員,7.5,対象パート,2.3,,,,,,正社員,64.7,,,,,,,,,59.8,79.7,97.2,2025年1月1日～2025年12月31日,"賃金：基本給、超過労働に対する報酬、賞与等を含み、退職手当、通勤手当等を除く。
差異についての補足説明：労働者に占める女性労働者の割合が正規雇用職員では、２割、パート・有期雇用職員では、８割となり相対的に賃金の低いパート・有期雇用職員に女性職員の占める割合が多いこと、男性に比べ労働時間が相当程度短いこと、単身赴任手当、扶養手当等男性に付与されることが多い手当があること、育休復帰後、給与減額のある時短勤務を男性職員はほぼ取得しないが、女性職員は概ね選択することから、賃金格差に影響していると考えられる。",2026年3月時点,2026年07月01日
8392,7320001000084,株式会社　大分銀行,8.4,基幹的な職種,,,,,,,,,,,,基幹的な職種,74.5,,,,,,,,,45.6,65.1,50.1,2025年4月1日～2026年3月31日,,2026年3月時点,2026年06月29日
9233,6011101000700,アジア航測株式会社,26.9,対象正社員,正社員,13.2,嘱託,0.3,,,,,,,,正社員,50.9,職員,73.2,,,,,,,49.3,67.9,72.2,2024年10月1日～2025年9月30日,,2025年9月時点,2025年12月24日
6651,9180001067905,日東工業株式会社,22.9,対象正社員,,,,,,,,,,,,全従業員,0,,,,,,,,,74.8,77,71.2,2025年4月1日～2026年3月31日,2026年3月末,2026年3月時点,2026年07月24日
7988,5020001007855,株式会社ニフコ,25.7,対象正社員,,,,,,,,,,,78.6,正社員,76.6,,,,,,,,,58.9,65.7,45.4,2025年4月1日～2026年3月31日,"（注）１．管理職に占める女性労働者の割合（％）は、「女性の職業生活における活躍の推進に関する法律」（平成27年法律第64号）の規定に基づき算出したものであります。但し、管理職の定義は、弊社基準の算出として管理職級の専門職を含んでおります。また、2024年4月に導入した新人事制度により、管理職への登用準備が完了している準管理職層を除く実績値へ変更しております。
２．男性労働者の育児休業取得率（％）は、「育児休業、介護休業等育児又は家族介護を行う労働者の福祉に関する法律」（平成３年法律第76号）の規定に基づき、「育児休業、介護休業等育児又は家族介護を行う労働者の福祉に関する法律施行規則」（平成３年労働省令第25号）第71条の６第１号における育児休業等の取得割合を算出したものであります。
３．労働者の男女賃金格差は、「女性の職業生活における活躍の推進に関する法律」（平成27年法律第64号）の規定に基づき算出したものであります。（厚労省基準）  管理職比率などに差異があることで１名あたり賃金に男女差がありますが、制度（人事体系、報酬、評価、人材育成）において性別による処遇差はありません。
４．年収格差の基準は厚労省基準とし、支援社員無期フルタイムは正規雇用に含んでおります。",2026年3月時点,2026年07月02日
6754,2021001021865,アンリツ株式会社,9.6,対象正社員,正規,9.6,非正規,2.5,,,,,,,,正規,80.6,,,,,,,,,81,81,85.4,2025年4月1日～2026年3月31日,,2026年3月時点,2026年07月22日
5702,5120001125102,株式会社大紀アルミニウム工業所,,,,,,,,,,,,,,,,,,,,,,,,70.6,80.4,65.2,2025年4月1日～2026年3月31日,,2025年3月時点,2026年04月03日
4658,6180001002699,日本空調サービス株式会社,,,,,,,,,,,,,,,,,,,,,,,,63.2,75.7,64.1,2025年4月1日～2026年3月31日,,2025年3月時点,2026年07月21日
8572,6010001023778,アコム株式会社,21.4,その他,総合職,23.8,限定職,17.1,拠点正社員,12.2,準社員,11.6,派遣社員,5.8,79.1,総合職,76.5,限定職,82,拠点正社員,89.8,,,,,72,71.8,76.5,2025年4月1日～2026年3月31日,,2026年3月時点,2026年07月10日
9436,5360001000413,沖縄セルラー電話株式会社,,,正社員,11.5,,,,,,,,,,,,,,,,,,,,78.5,76.1,76.2,2025年4月1日～2026年3月31日,,2026年3月時点,2026年08月21日
6436,3020001019365,アマノ株式会社,14.1,対象正社員,正社員,15.7,嘱託・パート,4.4,,,,,,,,,,,,,,,,,,72.5,75.9,42.3,2025年4月1日～2026年3月31日,,2026年8月時点,2026年08月07日
2871,8010001034889,株式会社ニチレイ,19.2,対象正社員,総合職,19.9,一般職,14.7,,,,,,,,総合職,62.7,一般職,71.6,,,,,,,74.9,78.1,50.4,2025年4月1日～2026年3月31日,"ニチレイグループでは全ての雇用形態において性別での賃金制度に違いを設けておりませんが、賃金差異があるため、雇用区分ごとに分析を行いました。
（イ）正規労働者について
正規労働者を分析した結果、一般社員での賃金差異は少なく、管理職層での差異が大きい結果となりました。これは男性に比べ女性の管理職数が少ないことが要因と捉えております。
女性の活躍を推進する取組みを行い、その効果として持株会社では管理職への登用、事業会社では所長職等に就く事例も順調に増加しており、今後賃金差異は縮小していく見込みです。
（ロ）非正規労働者について
非正規労働者の差異の要因としては、女性は契約社員・パート社員の比率が高くなっている一方、男性においては定年後の再雇用者など嘱託社員の比率が高い状況となっており、こうした契約形態の違いが非正規労働者として纏めた際に差として表れているという状況であります。
また、前述の通り各雇用形態における性別での賃金制度に違いはありませんが、例えばパート社員において、男性はフルタイム勤務、女性は短時間での契約の比率が高いため、労働時間に起因する賃金の差異が発生しております。",2026年3月時点,2026年06月16日
8137,5010001045369,サンワテクノス株式会社,16.2,対象正社員,,,,,,,,,,,,正社員,76,,,,,,,,,65.6,64.9,68.8,2025年4月1日～2026年3月31日,単体の従業員のみを対象として算出。,2026年3月時点,2026年07月02日
2168,6010001114024,株式会社パソナグループ,5.5,対象正社員,,,,,,,,,,,70.5,,,,,,,,,,,83.6,84.4,72.9,2025年6月1日～2026年5月31日,"男性の平均年間賃金に対する女性の平均年間賃金の割合を算出しております。
・賃金：基本給、超過労働に対する報酬、賞与等を含み、退職手当、通勤手当等を除く
・正規雇用労働者：執行役員、正社員（時短勤務者、週3日以上の勤務者を含む）
・非正規雇用労働者：有期契約社員、嘱託社員、パートタイム等、派遣スタッフ
短時間勤務制度を利用する女性比率が高いこと、管理職を含む上位の等級における男性の比率が高いこと等により、男女一人当たりの賃金に差が生じております。
またパート・有期労働者においても、男女間における給与制度上の差はありませんが、職種や職務内容等が異なるため、平均給与に差が生じております",2026年5月時点,2026年08月12日
8076,7180001025105,株式会社カノークス,18.6,対象正社員,,,,,,,,,,,63.4,,,,,,,,,,,55.5,58,105.8,2025年4月1日～2026年3月31日,,2026年3月時点,2026年06月08日
8524,8430001022711,株式会社北洋銀行,6.8,対象正社員,行員,6.8,パートタイマー,0,,,,,,,61.3,行員,61.3,,,,,,,,,52.4,65.8,48.9,2025年4月1日～2026年3月31日,"1. 「正規雇用労働者」は期間の定めなくフルタイム勤務する労働者と定義しており、「行員」「嘱託」が該当します。
2. 「非正規雇用労働者」は「パートタイマー」「シニア職員」「契約社員」が該当します。
3. 時間給や育児短時間の場合、所定労働時間換算で人員数を調整（所定労働時間が正規労働者の半分の場合は0.5人換算）しています。",2026年3月時点,2026年06月30日
4539,5010001033101,日本ケミファ㈱,3.7,その他,,,,,,,,,,,,正社員,60.4,,,,,,,,,,,,,,2024年3月時点,2024年06月25日
4617,1240001028478,中国塗料株式会社,,,,,,,,,,,,,,,,,,,,,,,,76.3,79.6,74.6,2025年4月1日～2026年3月31日,,2026年3月時点,2026年07月22日
6809,3140001005675,ＴＯＡ株式会社,,,,,,,,,,,,,,全従業員,72.7,,,,,,,,,63.9,65.6,74.7,2025年4月1日～2026年3月31日,,2026年3月時点,2026年05月20日
4911,1010001034813,株式会社資生堂,,,,,,,,,,,,,84.5,,,,,,,,,,,81.1,92.4,66.6,2025年1月1日～2025年12月31日,"・上記は株式会社資生堂 単体
・対象期間：令和7事業年度（令和7年1月1日から令和7年12月31日まで）
・賃金：給与・賞与の課税対象総支給額
・人員数換算：①契約社員については、契約時間を社員の所定労働時間（１日7時間45分、１週38時間45分）を元に換算した人員数を活用
②育児時間、介護時間申請者は、時短申請後の労働時間を所定労働時間（１日7時間45分、１週38時間45分）を元に換算した人員数を活用 

●正社員における男女間の差異が生じている主要因は、管理職における男女比率の差異。また管理職クラスにおいては非管理職クラスより、男性の方がグレードの高いメンバーが多いため。ただし、管理職における女性比率は38.9％と増えている。
※職種別の男女賃金差は資生堂企業情報サイト「社会データ」にて、「均等報酬」を参照
(リンク先https://corp.shiseido.com/jp/sustainability/performance/social/)
●契約社員における男女間の差異が生じている主要因は、契約社員の大部分をしめる非管理職クラスの75％が女性のため。
●現在、2030年までに、日本国内における女性リーダー比率を50％にすることを目指し、全社的に以下を実施し、人財育成を強化・推進している。
・管理職候補となる社員に対し、業務アサインメントで経験を積む「一人別人財育成プラン」を構築する
・管理職および上級管理職候補人財を早期選定し、リーダーとして組織を率いることへの意欲を高め、スキル習得のために研修を提供する
・仕事と家庭の更なる両立支援等を行う。",2026年1月時点,2026年05月28日
6356,3021001001619,日本ギア工業株式会社,29,対象正社員,,,,,,,,,,,,正社員,73,,,,,,,,,51.8,91.3,50.6,2025年4月1日～2026年3月31日,,2026年3月時点,2026年07月21日
7846,9010001077045,株式会社　パイロットコーポレーション,3,その他,正社員：総合職一般（転勤あり）,7,正社員：総合職一般（転勤なし）,2.1,正社員：総合職技術開発系（転勤あり）,2,正社員：総合職技術開発系（転勤なし）,0.8,正社員：総合職製造系（転勤あり）,0.2,,対象とする労働者すべて,70.8,,,,,,,,,72.7,66.5,72.7,2025年1月1日～2025年12月31日,"賃金：源泉徴収簿を用いて算出（給与と賞与の総支給額）
正規労働者：正社員、契約社員（無期雇用）。海外出向者および休職者を除く。　
非正規労働者：常勤顧問、再雇用社員、契約社員（有期雇用）、パートタイム、短期。海外出向者および休職者を除く。

● 差異についての補足説明
＜正規労働者＞
・管理職における男女の比率が影響している。
・正規労働者のうち、正社員のみを比較した場合、男女の賃金差異は76％となる。
　正社員に比べて製造などの軽作業に従事する賃金水準の低い準社員・副社員について、
　女性の割合が高いことが賃金差異の拡大に影響している。

＜非正規労働者＞
・非正規労働者のなかで賃金水準の高い再雇用社員における女性割合が低いことが影響している。",2024年12月時点,2026年06月15日
3917,4011001071991,株式会社アイリッジ,3,対象正社員,,,,,,,,,,,,,,,,,,,,,,82.3,83.7,34.9,2025年4月1日～2026年3月31日,非正規雇用労働者については、個々の雇用契約内容による影響が大きいため差異が増大している。,2026年3月時点,2026年06月25日
6844,5010001008697,新電元工業株式会社,17.8,対象正社員,,,,,,,,,,,64,正社員,64,,,,,,,,,73.2,74.1,72.9,2025年4月1日～2026年3月31日,,2026年3月時点,2026年06月12日
7283,1180001092357,愛三工業株式会社,22.1,対象正社員,（事技総合職）,22.5,（技能職）,22.7,（事務一般職）,7.5,,,,,,（組合員）,88.9,,,,,,,,,74.1,73.6,53,2025年4月1日～2026年3月31日,,2026年3月時点,2026年08月19日
7134,7020001105153,株式会社アップガレージグループ,,,,,,,,,,,,,70,,,,,,,,,,,65.3,87.1,90.4,2025年4月1日～2026年3月31日,"2025年4月1日～2026年3月31日
総支給額（各種手当、賞与含む）で算出しております。
パート社員については、所定労働時間分に換算して算出いたしました。",2026年4月時点,2026年07月16日
6247,1120001087750,株式会社日阪製作所,,,,,,,,,,,,,,正社員,80.8,契約社員,88,,,,,,,70.7,73.6,103.9,2025年4月1日～2026年3月31日,,2026年3月時点,2026年07月31日
8387,7490001000786,株式会社　四国銀行,9,その他,,,,,,,,,,,,正社員,54.5,,,,,,,,,49,59.1,64.8,2025年4月1日～2026年3月31日,"賃金：基本給・時間外手当・賞与等を含み、退職手当・交通手当等を除く
正社員：行員および無期雇用の嘱託
パート・有期社員：有期雇用の嘱託、再雇用嘱託、サポートスタッフを含み派遣社員を除く

差異についての補足説明：
【正社員】新卒採用に占める女性比率が増加したことにより、勤続年数が短く相対的に賃金水準の低い女性の割合が高くなっていることが要因と考えられる。
※20代に占める女性比率は64.7％であり、正社員全体のおよそ3割が20代・30代の女性行員。
また、広域店舗網に対応するため、転居を伴う転勤の有無による賃金の差を設けており、転居を伴う転勤が可能な従業員の男性割合が高いことも要因として考えられる。
加えて、役職者（監督職以上）に占める女性比率は増加傾向にあるものの31.3％に留まっていることも要因となっている。
引き続き、従業員のキャリア支援等を積極的に行い、役職者への女性登用を推進していくことにより改善を図っていく。
なお、行員のうち管理職における男性の賃金に対する女性の賃金の割合は92.2％、監督職以上は71.3％、役職なしは80.0％となっている。
【パート・有期社員】
非正規雇用労働者の中で、嘱託と比較して賃金水準が低いサポートスタッフの女性割合が高いため、格差が生じていると考えられる。
【全従業者】
正社員における差異についての補足説明に記載の要因に加え、正社員・嘱託・再雇用嘱託と比較して賃金水準が低いサポートスタッフの女性割合が高いため、格差が生じていると考えられる。",2026年3月時点,2026年06月23日
4228,7120001065932,積水化成品工業株式会社,,,,,,,,,,,,,,,,,,,,,,,,73.9,74.5,80.7,2025年4月1日～2026年3月31日,,2026年3月時点,2026年08月05日
5310,1120001050238,東洋炭素株式会社,10.1,対象正社員,対象正社員,10.1,準社員,0.1,パート社員,3.1,シニア社員,7.8,派遣社員,6.1,81.9,正社員,80.5,準社員,100,パート社員,93,シニア社員,94.4,,,92.1,92.7,69.3,2025年1月1日～2025年12月31日,,2025年12月時点,2026年04月30日
6407,6180001075968,CKD株式会社,,,,,,,,,,,,,,正社員,77.7,,,,,,,,,68.7,74.2,77.3,2025年4月1日～2026年3月31日,"注：性別による処遇格差は一切なく、等級別人数構成等の差によるものであります。
注：「うち非正規雇用労働者」には、無期雇用のシニア社員、無期雇用のパートタイマーを含んでおります。",2026年3月時点,2026年07月16日
7453,5013301012443,株式会社　良品計画,,,,,,,,,,,,,,,,,,,,,,,,64.4,66.9,98.8,2024年9月1日～2025年8月31日,"求められる能力要件を定義したグレード制度を採用し、性別などの属性によらない、個人の能力に基づく評価・登用を実施しています。男女で同一のグレードおよび同一賃金の公正な賃金体系を適用しており、性別による賃金差異はありません。ただし、ここ数年間に渡り、積極的に女性新卒を採用していること、また、管理監督者の中でもより高いグレードにおいて女性の割合が少ないことから、賃金における男女差が発生しています。​今後、昇格者やグレード毎の男女の割合を定期的にモニタリングし、各種取り組みを進めることで、日本における女性管理職比率を向上させ、男女賃金差異の解消を目指します。
※2025年８月期データ",2025年8月時点,2025年11月27日
5192,6140001016934,三ツ星ベルト株式会社,18.7,対象正社員,,,,,,,,,,,,正社員,67,,,,,,,,,74.6,74.8,26.7,2025年4月1日～2026年3月31日,「男女の賃金の差異」の「うち非正規雇用労働者」については、対象となる非正規雇用労働者が短時間勤務のため差異が大きくなっています。,2026年3月時点,2026年05月21日
8388,5480001000070,株式会社阿波銀行,,,正社員,13,非正規社員,1,,,,,,,,正社員,47.5,非正規,83.4,,,,,,,55,65.6,73.2,2025年4月1日～2026年3月31日,"・2024年4月にエリア総合職を廃止し、総合職に移行したことにより、性差に関係の無い賃金制度になっております。ただし、正社員については、勤続年数や管理職比率の差異が男女の賃金差異に影響しています。
・ライフイベントや家庭等との両立に向けた両立支援策の実施や、キャリア意識の醸成と能力開発等による上位職階への登用により、男女の賃金差異の改善に取り組みます。",2026年3月時点,2026年06月25日
6995,5180001081083,(株) 東海理化電機製作所,21,対象正社員,事技職,22.4,技能職,18.6,,,,,,,,正社員,84.5,,,,,,,,,69.1,68.2,71.5,2025年4月1日～2026年3月31日,"男女の賃金格差については、男性の賃金に対する女性の賃金の割合を示しております。なお、同一労働の賃金に差はなく、等級別人員構成の差によるものであります。賃金は、基本給及び賞与等のインセンティブを含んでおります。出向者は、出向先の労働者として集計しております。
（2025年度実績）",2026年3月時点,2026年07月24日
3489,6013201013986,株式会社フェイスネットワーク,16.5,対象正社員,,,,,,,,,,,78.3,社員（嘱託社員含む）,78.3,,,,,,,,,67.8,67.8,,2025年4月1日～2026年3月31日,全労働者（嘱託社員含む）における男女間賃金際を算出,2026年3月時点,2026年05月21日
7915,9130001023441,NISSHA株式会社,9.2,その他,,,,,,,,,,,72.2,,,,,,,,,,,78.4,79.3,66.2,2025年1月1日～2025年12月31日,,2025年12月時点,2026年03月19日
6363,9120901011562,株式会社酉島製作所,,,,,,,,,,,,,,,,,,,,,,,,78,61.3,75,2025年4月1日～2026年3月31日,2026年3月31日時点,2026年3月時点,2026年07月21日
5801,5010001008796,古河電気工業株式会社,23.5,対象正社員,非正社員,14.4,,,,,,,,,,正社員,69.2,,,,,,,,,75.2,75.2,67.1,2025年4月1日～2026年3月31日,2025年度実績,2026年3月時点,2026年07月16日
4958,2010001063068,長谷川香料株式会社,12,対象正社員,,,,,,,,,,,,対象とする労働者すべて,72.7,,,,,,,,,75.1,75.5,73.8,2024年10月1日～2025年9月30日,非正規労働者は、常勤嘱託・非常勤嘱託・期間雇員により構成。,2025年9月時点,2025年11月07日
6807,2011001017526,日本航空電子工業株式会社,,,営業職,12.1,事務職,13.1,技術職,19.8,技能職,22.8,非正規雇用,1.2,76.1,,,,,,,,,,,75.2,75.1,53.5,2025年4月1日～2026年3月31日,,2026年3月時点,2026年08月19日
4665,3120901007178,株式会社ダスキン,6.9,その他,正社員,6.8,契約社員,7.1,パート社員,4.2,,,,,,正社員,67.5,契約社員,81.8,パート社員,86,,,,,46.7,77.2,68.4,2025年4月1日～2026年3月31日,"正規雇用労働者は、正規雇用の従業員及び無期雇用のフルタイム非正規従業員を含む
非正規雇用労働者は、パートタイマー及び有期の嘱託契約の従業員を含む",2025年3月時点,2026年07月17日
2301,3120001047728,株式会社学情,,,,,,,,,,,,,,,,,,,,,,,,69.5,68.4,101.2,2023年11月1日～2024年10月31日,,2024年10月時点,2025年12月22日
5255,3013201019037,株式会社モンスターラボ,,,技術職,16.2,ビジネス職,14.7,事務職,13.9,,,,,,技術職,79.4,ビジネス職,97.6,事務,90.4,,,,,72.6,74,86.8,2025年1月1日～2025年12月31日,合併会社の合併前の給与含む,2025年12月時点,2026年08月21日
5463,5120001047593,丸一鋼管株式会社,15.1,対象正社員,正社員,15.1,非正社員,5.6,,,,,,,59.5,正社員,59.5,,,,,,,,,81.3,85.7,38.8,2025年4月1日～2026年3月31日,,2026年3月時点,2026年04月14日
6277,2120001151786,ホソカワミクロン株式会社,9.1,その他,正社員　（雇用管理区分なし）,9.1,,,,,,,,,82.3,正社員,82.3,,,,,,,,,66,77.8,78.4,2024年10月1日～2025年9月30日,※「正規雇用労働者」「非正規雇用労働者」の内訳は補足情報として追記,2025年9月時点,2026年05月12日
5256,4290001023455,株式会社Fusic,,,,,,,,,,,,,,正社員,64.1,,,,,,,,,78,79.2,,2022年7月1日～2023年6月30日,,2023年6月時点,2025年11月10日
1909,2010701007860,日本ドライケミカル株式会社,13.9,対象正社員,正社員,13.9,契約社員,4.1,,,,,,,77.9,正社員,76.6,契約社員,85.7,,,,,,,67,73.6,53.4,2024年4月1日～2025年3月31日,,2025年3月時点,2025年10月09日
3560,1010401048826,株式会社ほぼ日,24.5,対象正社員,,,,,,,,,,,,,,,,,,,,,,,,,,,2025年8月時点,2025年11月20日
4498,3010401064771,サイバートラスト株式会社,,,正社員,17.4,契約社員,12.3,アルバイト,10,,,,,,,,,,,,,,,,72.6,78.3,40.9,2023年4月1日～2024年3月31日,,2025年3月時点,2025年10月02日
3653,5010001090118,株式会社モルフォ,,,,,,,,,,,,,,,,,,,,,,,,79.9,82.8,210.9,2024年11月1日～2025年10月31日,人員数においては、事業年度内月別の人員の平均値を用いております。,2025年10月時点,2026年04月21日
8386,6470001000203,株式会社百十四銀行,24,その他,総合職,32.6,エリア総合職,22.2,エキスパート職,8,,,,,66.9,総合職,58.5,エリア総合職,70.1,エキスパート職,80,,,,,53.6,63.4,41.7,2025年4月1日～2026年3月31日,,2026年3月時点,2026年06月23日
8345,7400001000423,株式会社岩手銀行,5.9,対象正社員,正行員,5.9,嘱託,1,,,,,,,,正社員,60.5,,,,,,,,,46.5,62.2,61.5,2025年4月1日～2026年3月31日,"・正規雇用労働者は、行員、無期の嘱託（フルタイム労働者）としております。
・非正規雇用労働者は、有期の嘱託（フルタイム労働者）、パートタイマー（無期・有期）としております。",2026年3月時点,2026年07月02日
6349,9010601010719,株式会社小森コーポレーション,,,,,,,,,,,,,,,,,,,,,,,,72.4,71.5,64.9,2024年4月1日～2025年3月31日,"・賃金には、基本給，超過労働に対する報酬，賞与等を含み、退職手当，通勤手当等を除く。
・出向者については、当社から社外への出向者を除く。
・非正規雇用労働者に、契約社員、嘱託社員を含む。（パート・アルバイトは在籍していない）
・男性社員は全員総合職であるが、女性社員の一部には一般職が存在する。
　しかし、現在の採用においては、人事制度及び賃金体系は性別に関係なく同一の基準を適用しており、人事制度上の同一資格での男女賃金差異は83.9%～96.9%となっている。
　同一資格上の差異の要因としては、男性に比べて女性の方が出産・育児による休職期間が長い事、育児時間短縮勤務（賃金減額あり）の割合が高い事、などが挙げられる。",2025年3月時点,2025年07月29日
8336,6030001002490,株式会社　武蔵野銀行,,,正行員,11.8,嘱託,4.9,臨時従業員,0.1,,,,,,,,,,,,,,,,57.5,72.4,61.5,2025年4月1日～2026年3月31日,"・短時間勤務者、臨時従業員（フルタイム以外）については、短縮率等に応じて人数換算し算出
・同一職務による男女差はないものの、管理職に占める女性労働者の割合や、男女の勤続年数の差等により、差異が生じているもの",2026年3月時点,2026年06月22日
5036,4010401041588,日本ビジネスシステムズ株式会社,8.8,基幹的な職種,全体,8.5,技術・営業,8.8,管理,4.4,,,,,,正社員,70,,,,,,,,,79.3,79.5,67.5,2024年10月1日～2025年9月30日,"【正規】
現在、上位の等級や役職者ほど女性比率が少ない社員構造となっていること、育児・介護を目的とした短時間勤務制度の利用者が女性に集中していることから格差が生じていると考えられる。
【非正規】
正規同様、非正規全体的に、上位の等級ほど女性比率が少ない構造になっている。また定年再雇用者の賃金は、定年前の賃金をベースに計算しているため、正規の格差を引き継いでいる状態が生じていると考えられる。
 
【格差是正に向けて】
原因が上記であることから、女性管理職比率の向上および、育児・介護と仕事の両立しやすい就業環境の整備を進めることで、結果的に賃金の格差是正につながると考えている。
いずれの推進についても、女性活躍推進法、次世代育成支援法に基づき行動計画を定めているため、各行動計画を実行していく。",2025年9月時点,2025年12月24日
E04002,5040001000461,イオンモール株式会社,10.8,対象正社員,,,,,,,,,,,,正社員,52,,,,,,,,,49,68.3,100.7,2024年3月1日～2025年2月28日,"・受入出向者は除く

当社では、賃金制度において性別による処遇の差は一切ありませんが、正規雇用労働者における男女の賃金の差異が発生する理由は、以下の3点です。
①給与が異なる転居転勤のない働き方を選択している社員に女性が多いこと
②育児勤務など短時間勤務制度を利用している社員に女性が多いこと
③幹部職層（一定の社内資格以上）の社員に相対的に男性が多いこと
なお、正規雇用労働者のうち、全国転勤のある総合職に限定すると男女の賃金の差異は74.8％となります。
また、全労働者における男女の賃金の差異の要因は、時間給制で働く従業員の95％が女性であるためです。

引き続き、女性の活躍推進策の推進・管理職への登用・支援体制の構築などにより性別や年齢等にかかわらず多様な人材が活躍できる環境づくりに取り組んでまいります。",2025年2月時点,2026年07月17日
5202,4010401054474,日本板硝子株式会社,9.5,対象正社員,企画総合職,15.5,実務推進職,5.7,生産技能職,8.6,,,,,,正社員,85,,,,,,,,,74.9,81.3,64.5,2025年4月1日～2026年3月31日,,2026年3月時点,2026年07月27日
6794,8012801002521,フォスター電機株式会社,,,,,,,,,,,,,76.9,,,,,,,,,,,83.2,84.6,72.8,2025年4月1日～2026年3月31日,,2026年3月時点,2026年07月06日
9068,8020001028881,丸全昭和運輸株式会社,,,,,,,,,,,,,,,,,,,,,,,,74.7,78.9,74.7,2025年4月1日～2026年3月31日,,2026年3月時点,2026年07月01日
7299,4080401014950,フジオーゼックス株式会社,,,,,,,,,,,,,77,,,,,,,,,,,61.1,70.2,82.4,2025年4月1日～2026年3月31日,"全労働者　・・・　役員、受入出向者を除いた従業員数で計算
うち正規雇用労働者　　　・・・　正社員
うち非正規雇用労働者　 ・・・  パート、嘱託（再雇用者含む）、期間工
女性活躍推進法公表の数値計算方法に基づく
人員数は事業年度（25/4～26/3）月末人員の年間平均
※小数点以下切り捨て",2026年3月時点,2026年04月27日
E03827,4011101023372,損害保険ジャパン株式会社,9.4,その他,職員,12.6,エキスパート社員,7.1,スタッフ,5.3,,,,,,全社員,85.7,,,,,,,,,49.7,48.9,53.6,2025年4月1日～2026年3月31日,"・事業年度：対象期間（2025年4月1日～2026年3月31日）
当社では、給与制度上における男女間の賃金差異はありません。
労働者の男女の賃金の差異が生じている主要因は、正規雇用労働者においては、男性の管理職比率が高く、平均勤続年数も長いため職階差が生じていることに加えて、男性の大半が処遇の高い「全国転勤型」であるのに対して、女性は勤務地が限定された「地域限定型」が多いことによるものであります。パート・有期労働者においては、非正規労働者の大半は女性の事務系従業員であり、男性に多い「損害調査専門職」と比べ相対的に処遇水準が低いことが主要因であります。
当社では女性管理職の育成支援などの取組みを実施しており、賃金格差は縮小傾向にあります。引き続きジェンダーギャップ解消に資する人事制度改定を実施するなど、賃金格差の一層の縮小に努めてまいります。

【男女間賃金格差の要因分析・目標・対策】については、「自由記述」欄に掲載しています。",2026年3月時点,2026年06月19日
8570,2010001010887,イオンフィナンシャルサービス株式会社,21.2,基幹的な職種,正社員,21.2,,,,,,,,,,正社員,76.3,,,,,,,,,48.5,73.3,154.2,2024年3月1日～2025年2月28日,"平均年間賃金の算定に用いる労働者の人員数のうちパート労働者の人員数については、労働時間を基に換算して算出しております。
なお、当社においては、従業員区分や賃金、昇格制度等について、性別による区分はありません。記載の男女の賃金差異については、男女の従業員数、勤続年数、職種、労働時間などの差によるものです。",2025年2月時点,2025年08月06日
4045,5010401020186,東亞合成株式会社,9.4,対象正社員,,,,,,,,,,,93.9,管理職,89.7,総合職,86.7,一般職,96.6,,,,,76.2,76.8,46.1,2025年1月1日～2025年12月31日,"■データ算出に関する付記事項
・対象日：2025年12月31日時点
　※事業年度を通じ、労働者数・男女比の変動がほとんど見られないため、年度末日時点で算出。
　　
・正規雇用労働者：正社員（管理職、総合職、一般職）
・非正規雇用労働者：有期社員（嘱託月給社員、嘱託時給社員）
・賃金：給料、賞与、手当等（通勤手当を含む）

■差異に関する補足説明

＜正社員＞
　賃金が高い管理職層に占める女性割合は5.1%（2025年12月時点）であり、男性比率が
　高いため、差異が発生している。

＜有期社員＞
　月給社員よりも相対的に賃金が低い時給社員に占める女性の割合が高いため差異が生
　じている。",2025年12月時点,2026年08月18日
7990,5012701003630,グローブライド株式会社,13.5,対象正社員,,,,,,,,,,,,総合職,62.9,,,,,,,,,57.9,67.5,67.7,2025年4月1日～2026年3月31日,,2026年3月時点,2026年07月17日
9824,2120001066027,泉州電業株式会社,9.1,対象正社員,,,,,,,,,,,,正社員,60.5,,,,,,,,,65.2,73.3,81.7,2024年11月1日～2025年10月31日,,2025年10月時点,2026年03月24日
9250,3010001097899,株式会社ＧＲＣＳ,,,,,,,,,,,,,,,,,,,,,,,,77.3,72.1,105.9,2024年12月1日～2025年11月30日,,2025年11月時点,2026年05月28日
9908,9010501010505,日本電計株式会社,,,,,,,,,,,,,,,,,,,,,,,,62.1,61.6,71.7,2023年4月1日～2024年3月31日,,2024年6月時点,2025年01月20日
6853,6012401007567,株式会社共和電業,11.5,対象正社員,,,,,,,,,,,83.8,,,,,,,,,,,77.4,79.6,73.4,2025年1月1日～2025年12月31日,"労働者の男女の賃金の差異については、賃金制度・体系において性別による処遇差を設けておりませんが、
正規雇用労働者においては、女性管理職が少ないことが要因の一つと認識しております。
また、パート・有期労働者においては、女性よりも男性に相対的に賃金水準の高い定年後再雇用嘱託社員が多いことにより賃金の男女差が生じています。",2025年12月時点,2026年07月02日
4404,2011801004789,ミヨシ油脂株式会社,7.3,対象正社員,総合職（生産・事務）,2.5,総合職（生産・製造）,8.1,総合職（販売）,11.2,総合職（管理）,10.5,総合職（研究開発）,7.3,,正社員,70.8,,,,,,,,,85.8,85.1,75.5,2025年1月1日～2025年12月31日,,2024年12月時点,2026年05月14日
7893,4010401001245,株式会社プロネクサス,,,,,,,,,,,,,,,,,,,,,,,,72.8,71.7,78,2025年4月1日～2026年3月31日,"・当社では、男女において賃金規程等の制度上、昇進・昇給等の運用上の差を設けておりません
・女性の賃金が男性より低い理由は、上位役職者が少ないことと、近年女性社員の採用数が増加した　
　結果、平均勤続年数が男性より約7年少なく相対的に賃金単価の低い労働者が多いことが挙げられ
　ます

＜ご参考＞
　勤続5年正社員（役職なし）　男女の賃金の額の差異（男性の賃金に対する女性の賃金の割合）100.2％
　正社員役職者（課長相当職） 男女の賃金の額の差異（男性の賃金に対する女性の賃金の割合）93.1％",2026年3月時点,2026年06月18日
6245,9150001013309,株式会社ヒラノテクシード,,,,,,,,,,,,,,全従業員,74.8,,,,,,,,,75.8,85.7,83.4,2025年4月1日～2026年3月31日,,2026年3月時点,2026年06月18日
4970,6040001027017,東洋合成工業株式会社,,,,,,,,,,,,,,,,,,,,,,,,82.5,87.9,51.2,2025年4月1日～2026年3月31日,"・正規雇用労働者および非正規雇用労働者から除外している労働者は無し
・退職手当および通勤手当は、ともに賃金から除外している",2026年3月時点,2026年04月30日
5258,7010001115847,株式会社トランザクション・メディア・ネットワークス,,,,,,,,,,,,,,,,,,,,,,,,66.6,69,34.2,2024年4月1日～2025年3月31日,,2025年3月時点,2026年05月22日
9010,4090001009986,富士急行株式会社,10,基幹的な職種,総合職,10,一般職,4,契約社員,0,嘱託,0,営業専任職,10,,,,,,,,,,,,73.5,75.2,60.2,2025年4月1日～2026年3月31日,,2026年4月時点,2026年04月28日
2767,2011001042870,円谷フィールズホールディングス株式会社,10.2,基幹的な職種,,,,,,,,,,,,対象とする労働者すべて,77.8,,,,,,,,,,,,,,2025年3月時点,2025年07月24日
6054,9011001063308,株式会社リブセンス,,,正社員定時　Business,11.2,正社員定時　Corporate,14.4,無期フルタイム,3.2,有期フルタイム,3.6,無期パート,0.3,,,,,,,,,,,,66,70.6,133,2025年1月1日～2025年12月31日,,2026年2月時点,2026年02月18日
4113,9120001056384,田岡化学工業株式会社,11.2,対象正社員,,,,,,,,,,,,正社員,80.7,,,,,,,,,81.9,82.5,52,2024年4月1日～2025年3月31日,"差異についての補足説明：
〈正社員〉当社の生産部門においては、交替勤務制度をとっており交替勤務者については、休日・深夜労働等により交替勤務手当が支給されております。（現時点における女性の交替勤務従事者は0人）
そのほか、女性社員（制度対象者）の育児休業、育児時短勤務制度の利用率は100％で、利用者の給与は減額となることや、管理職の男女比率も賃金差に影響しております。
〈パート・有期雇用社員〉有期雇用社員、パートの賃金については、その職務内容等に応じて個別に設定しております。有期雇用社員の多くを占めているのは、定年退職後再雇用嘱託社員であり、当社の年齢構成上、該当者は男性のみとなっております。一方、パートの職務には全員女性が従事しております。定年後再雇用嘱託とパートの職務内容はジョブサイズが異なり、前者の方が比較的賃金水準が高いため、賃金格差に影響しております。",2025年3月時点,2025年09月18日
8060,5010401008297,キヤノンマーケティングジャパン株式会社,11.4,対象正社員,営業職,12.4,スタッフ職,11.3,技術職,6.1,契約社員,4.6,,,,正社員,77.9,,,,,,,,,84,78.8,86.8,2025年1月1日～2025年12月31日,"正規雇用労働者は、女性に比べて男性の管理職比率が高いことが賃金差の要因となっています。
当社では女性の活躍推進を重要テーマの一つとして位置づけており、管理職に占める女性比率は2025年までの目標値（6.0％）を達成し、6.6％に至っております。今後は、2030年までに管理職に占める女性比率を10.0％、また管理職候補であるチーフ／課長代理に占める女性比率を25.0％以上とすることを目指し、取り組みを進めていきます。
 
なお、正規雇用労働者のうち、同一役職レベルにおける男女の賃金差異は以下の通りです。
部長クラス  　99.0%
課長クラス  　96.9%
課長代理クラス95.6%",2025年12月時点,2026年03月03日
9640,7013301005882,株式会社 セゾンテクノロジー,,,,,,,,,,,,,,全労働者,74.7,,,,,,,,,83.4,84,72.3,2025年4月1日～2026年3月31日,,2026年3月時点,2026年07月16日
1807,5010401031200,株式会社佐藤渡辺,10.9,対象正社員,総合職,15.3,一般職,8.8,準社員（無期契約）,3.8,準社員（有期契約）,4.2,契約従業員,9,62.9,総合職,55.5,一般職,71.4,準社員（無期契約）,94.8,準社員（有期契約）,74.8,契約従業員,81,65.8,68.4,51,2025年4月1日～2026年3月31日,,2026年3月時点,2026年08月24日
262A,6011001038675,株式会社インターメスティック,,,,,,,,,,,,,,,,,,,,,,,,49.3,59.1,57.8,2025年1月1日～2025年12月31日,"男女間の金額差は、雇用区分や勤続年数、役職構成など、社員構成の違いによる影響が主な要因です。
特に正規社員では、上位役職層における男女構成比の差が平均金額に影響しています。
一般層においても男女差が見られるため、各層における状況を踏まえながら、構造的な改善に継続的に取り組んでいきます。",2025年12月時点,2026年04月10日
4414,6011001045498,株式会社フレクト,11,対象正社員,正社員,11,,,,,,,,,84.7,,,,,,,,,,,91,91,,2025年4月1日～2026年3月31日,,2026年3月時点,2026年08月21日
3640,1100001002083,株式会社　電算,,,,,,,,,,,,,72.4,総合職,69.9,一般職,83.8,特別職・嘱託,83.9,契約社員・時給契約社員,75.2,,,72.6,73.7,58.6,2025年4月1日～2026年3月31日,"男女の賃金の差異の主な理由
正規雇用労働者の場合：女性の育児短時間勤務の割合が男性に比べて高いため
非正規雇用労働者の場合：時給契約社員など労働時間が男性に比べて短いため",2026年3月時点,2026年06月15日
7537,8010001057337,丸文株式会社,18.1,その他,,,,,,,,,,,,その他,74.4,,,,,,,,,71.9,71.5,65.4,2025年4月1日～2026年3月31日,同じ資格・職位・職掌における男女の賃金の格差はなく、主な要因は、資格・職位別の構成人数の差によるもの,2026年3月時点,2026年07月01日
6750,5120001094974,エレコム株式会社,,,,,,,,,,,,,,全体,67,正社員,65.2,契約社員,68.9,パート社員,81.9,,,66.1,79.1,74.1,2025年4月1日～2026年3月31日,,2026年6月時点,2026年06月26日
4046,4120001049013,株式会社大阪ソーダ,18.2,対象正社員,,,,,,,,,,,,正社員,79.4,,,,,,,,,83.5,82.8,80.4,2024年4月1日～2025年3月31日,,2025年3月時点,2025年09月29日
3950,5120001012382,ザ・パック株式会社,24,その他,,,,,,,,,,,,,,,,,,,,,,59.2,74.4,56.9,2025年1月1日～2025年12月31日,非正規雇用労働者は女性の占める割合が高く、正規雇用労働者と比較すると勤務日数、労働時間の短い労働者が多いため、男女の差異が大きくなっている。,2025年12月時点,2026年07月21日
2484,3120001089729,株式会社出前館,4.3,対象正社員,,,,,,,,,,,85.5,,,,,,,,,,,74.6,85.3,94.3,2024年9月1日～2025年8月31日,,2025年8月時点,2025年11月20日
4023,7010001034766,株式会社クレハ,10.8,対象正社員,,,,,,,,,,,,正社員,86.9,,,,,,,,,78.7,81.1,60.5,2025年4月1日～2026年3月31日,"当社では賃金体系および制度上、男女の差異はありません。
等級制度における人員構成や管理職比率等の違いにより、男女の賃金差異が生じています。
当社は今後も多様な人財の活躍支援策を通じ、女性の管理職比率向上・男性の育児休業取得率向上等に取り組んでいきます。",2026年3月時点,2026年06月01日
6768,3011601004237,株式会社タムラ製作所,,,,,,,,,,,,,,,,,,,,,,,,74.4,78.2,53.6,2025年4月1日～2026年3月31日,,2026年3月時点,2026年07月30日
4398,8011101038136,株式会社ブロードバンドセキュリティ,10.2,対象正社員,管理事務,8,営業,17.9,技術,9,,,,,81.7,,,,,,,,,,,,,,,,2025年6月時点,2025年11月07日
6814,5140001070263,古野電気株式会社,15,その他,,,,,,,,,,,88.5,その他,88.5,,,,,,,,,67.8,79.8,71.3,2025年3月1日～2026年2月28日,"・対象者　：直接雇用している社員
・※期間中の中途入社者・退職者を除く
・賃金の範囲：対象期間の総支給額（通勤手当等除く）
・対象期間中に雇用形態が変更となった場合は、2026/2/28時点の雇用形態でカウントする",2026年2月時点,2026年04月22日
5214,4160001001498,日本電気硝子株式会社,17.2,対象正社員,,,,,,,,,,,74.2,,,,,,,,,,,67.8,68.9,39.9,2025年1月1日～2025年12月31日,"性別にかかわらず同一の評価制度・賃金基準をとっていますが、現時点では女性に比べ男性に管理職者や役員、交替勤務者が多く含まれる一方、女性は近年採用に力を入れていることから若手層が多いこと、管理職がまだ少ないこと、交替勤務者が少ないこと等により差が生じています。
非正規雇用労働者区分は雇用区分の違いが賃金差の大きな要因となっています。（男性の大半は定年後再雇用者かつ主にマネジメント業務等に携わり、給与水準の高い雇用形態、一方で女性は勤続１年未満の有期社員です）

正規雇用労働者のうち、同一職種における男女の賃金差は次の通りです。
－総合職：91.7％",2025年12月時点,2026年04月02日
7231,2010701019419,トピー工業株式会社,11.8,対象正社員,正社員,11.8,,,,,,,,,79.9,正社員,79.4,,,,,,,,,77,76.7,71,2025年4月1日～2026年3月31日,,2026年3月時点,2026年08月20日
4440,9180001045035,株式会社ヴィッツ,,,正社員,6.6,,,,,,,,,,,,,,,,,,,,,,,,,2024年8月時点,2025年03月19日
5232,5010001023779,住友大阪セメント株式会社,,,組合員,9.3,,,,,,,,,,組合員,84.9,,,,,,,,,69.3,71.5,82.7,2025年4月1日～2026年3月31日,,2026年3月時点,2026年06月16日
4685,3010401031664,株式会社菱友システムズ,13,対象正社員,,,,,,,,,,,,対象労働者,76.4,,,,,,,,,78.2,78.2,74.9,2025年4月1日～2026年3月31日,,2026年3月時点,2026年07月17日
6185,3010701021828,ＳＭＮ株式会社,,,正社員,29,,,,,,,,,,,,,,,,,,,,77.8,78.3,,2025年4月1日～2026年3月31日,"・対象期間：2025年度（2025年4月1日～2026年3月31日）
・賃金：基本給、超過労働に対する報酬等の月給、賞与等を含み、通勤手当等を除く
・正規社員：社外からの出向受入社員等除く、短時間勤務者含む
　　　　　　対象期間中に満期で在籍していない社員（期中入社、退社、休職、復職）等を除く
・有期社員：定年再雇用社員を含む、派遣社員を除く",2026年3月時点,2026年04月27日
5992,9180001028444,中央発條株式会社,,,,,,,,,,,,,,,,,,,,,,,,75.6,75.4,85.1,2025年4月1日～2026年3月31日,,2026年4月時点,2026年05月12日
5195,5140001013916,バンドー化学株式会社,23,対象正社員,,,,,,,,,,,,正社員,66,,,,,,,,,61.9,65.3,71.5,2025年4月1日～2026年3月31日,,2026年3月時点,2026年07月21日
7282,7180001045235,豊田合成株式会社,16,対象正社員,事技職,16.1,技能職,15.6,,,,,,,,事技職,92,技能職,90.6,管理職,52,,,,,79.1,78.9,81.9,2025年4月1日～2026年3月31日,"労働者の男女の賃金の差異については、男性の賃金に対する女性の賃金の割合を示しています。
なお、同一労働の賃金に差はなく、差異の主な要因は、①職能資格別の人員構成比差（上位の職能資格に女性の割合が少ないこと）、②勤務時間・勤務形態の違い（短時間勤務、深夜勤務等）やそれに付随する手当の支給有無によるものです。
特に、①については、2010年から女性活躍促進の取り組みを開始し、「女性リーダー養成研修」による本人の意識向上や、産休・育休によるブランクを挽回する施策などを実施しています。その結果、女性管理職比率は、0.4％(2011年3月)から4.0％(2026年3月)へ増加し、賃金差は縮小傾向にあります。また、新卒採用においても女性比率を高めており、次の世代の管理職候補として、計画的な育成を進めています。当面は男女の職能資格別の人員構成比を同等とすることを目標とし、取り組みを継続していきます。",2026年3月時点,2026年05月26日
E04152,1020001029440,横浜高速鉄道株式会社,18.7,対象正社員,正社員,18.7,派遣社員,1.2,,,,,,,70.9,,,,,,,,,,,,,,,,2025年3月時点,2025年09月08日
6238,3011001049510,フリュー株式会社,17.5,対象正社員,正社員,17.5,契約社員,0,パートタイマ,0,アルバイト,7.1,,,,正社員,87.3,,,,,,,,,77.8,78.9,37.3,2025年3月21日～2026年3月20日,,2026年3月時点,2026年06月22日
4177,2140001087145,株式会社ｉ－ｐｌｕｇ,9.5,対象正社員,正社員,9.5,アルバイト,3.1,派遣社員,0,,,,,69.3,正社員,68.1,アルバイト,104.2,,,,,,,67.6,72.4,164.1,2025年4月1日～2026年3月31日,,2026年3月時点,2026年04月17日
9928,4011101020774,株式会社ミロク情報サービス,21.9,基幹的な職種,,,,,,,,,,,,基幹的な職種,71.1,,,,,,,,,81.7,84.6,53.9,2025年4月1日～2026年3月31日,出向者を対象外としております。,2026年3月時点,2026年06月09日
7806,6180001051390,株式会社MTG,,,,,,,,,,,,,,,,,,,,,,,,64.7,70.3,81.9,2024年10月1日～2025年9月30日,当社の賃金制度上、同一労働の賃金に性別による差異はなく、男女の賃金の差異は主に、男女の勤続年数や役職比率の差によるものであります。,2025年9月時点,2026年01月14日
6200,5010001080795,株式会社インソース,,,,,,,,,,,,,,,,,,,,,,,,72.4,94.3,68.3,2024年10月1日～2025年9月30日,"* 正規雇用労働者には執行役員、正社員、契約社員を含みます。
* 非正規雇用労働者にはパートタイマーを含みます。
* 取締役・監査役・学生アルバイトは含みません。
* 賃金については基本給を含む固定給、勤怠に伴う変動分、ならびに賞与を含みます。
　通勤交通費、ならびに慶弔見舞金等、一時的な支給に関する費目は含みません。",2025年9月時点,2026年01月26日
5711,6010001023786,三菱マテリアル株式会社,14,対象正社員,正社員（総合職）,18.6,正社員（基幹職）,12.1,その他（契約社員）,0.2,その他（パートタイム労働者）,0,,,,正社員（総合職・基幹職）,83.9,,,,,,,,,65.4,67.5,63.3,2025年4月1日～2026年3月31日,"2025年度データ。
当社における男女間の賃金差異は、管理職比率や等級構成等に男女間の差異があることから集計上の平均賃金に差が生じております。
当社の賃金制度・体系においては、管理職および組合員ともに職務・役割に基づき基本給が決定されおり、各種手当を除く月例給与を含め性別による処遇差は一切設けておりません。
また、正規雇用労働者のうち、管理職および組合員に分けて比較した場合の男女間の賃金の差異は管理職が84.6%、組合員が83.3%となっております。
管理職については、等級構成における男女比率の違いに加え、所属する部門ごとに支給水準が異なる賞与の影響が平均賃金の差として表れております。
組合員については、等級に基づく各種手当を除く月例給与に大きな差はありませんが、一定の要件に基づき支給される各種手当の支給状況の違いが、集計上の平均賃金に影響しております。これらの手当については支給基準および支給額は男女共通であり、制度上、性別による不利益な取り扱いを行っているものではありません。",2026年7月時点,2026年07月29日
8084,8013301012440,株式会社RYODEN,15,対象正社員,,,,,,,,,,,,正社員,67.1,,,,,,,,,64.7,63.6,62.8,2025年4月1日～2026年3月31日,単体の従業員のみを対象として算出しております。,2026年3月時点,2026年06月24日
3733,4120001103331,株式会社ソフトウェア・サービス,,,,,,,,,,,,,,正社員,82.2,,,,,,,,,77.7,78.5,96.1,2024年11月1日～2025年10月31日,"※対象期間：2024事業年度（2024年11月1日～2025年10月31日）
※賃金は通勤手当等を除く。
※社外への出向者を除く。
※短時間勤務労働者や、産休・育休・休職など賃金支払のない者も人員に含む。",2025年11月時点,2026年01月23日
4714,2013301009186,株式会社リソー教育グループ,15,対象正社員,,,,,,,,,,,,,,,,,,,,,,73.4,67.1,91.5,2025年3月1日～2026年2月28日,"当社のこれまでの採用活動は中途採用が中心で、塾業界ということもあり、30～40代の男性の応募が中心でした。女性社員も増えましたが20代が中心で、男性と女性の平均年齢の差異が4歳ほどあります(男性平均年齢43.5歳、女性平均年齢39.5歳)。それがそのまま年収の差異となり、男女賃金差の一番の要因となっています。
それ以外の要因としては、家族手当の有無、育休後による時短勤務による差異が見受けられますが、子育てが一段落した世代においては、男女の年収の差異も数％に縮まります。
現在の差異は、女性社員が増え続けることで、将来的には80％前後まで改善される見込みです。",2026年2月時点,2026年05月11日
3675,5010001153857,株式会社クロス・マーケティンググループ,10.8,対象正社員,,,,,,,,,,,,,,,,,,,,,,59.5,60.1,,2025年7月1日～2026年6月30日,非正規従業員において男性の在籍なし,2026年6月時点,2026年08月04日
9936,3130001012441,株式会社王将フードサービス,,,,,,,,,,,,,,,,,,,,,,,,64.3,74.7,111.6,2025年4月1日～2026年3月31日,正規における男女間の賃金差が生じている主要因は、人事制度において、全12等級のうち管理監督者に当たる6等級以上の人数比率が男性97.4％、女性2.6％と圧倒的に女性の比率が低いためであります。今後、女性管理職の比率を向上させることは当社における課題として取り組んでまいります。なお、等級別における月額給与による男女の賃金の差異はありません。,2026年3月時点,2026年08月05日
4008,6140001044373,住友精化株式会社,14.6,対象正社員,正社員,14.6,再雇用嘱託社員,2.3,一般嘱託社員,0.1,,,,,83.4,正社員,82.3,,,,,,,,,74.5,73.1,69.6,2025年4月1日～2026年3月31日,現状女性管理職の比率が低水準に留まっていることに加えて、女性の新卒採用が増加したことにより、相対的に賃金水準の低い女性労働者の割合が高くなっていることから差異が生じております。,2026年3月時点,2026年07月13日
8085,2430001035966,ナラサキ産業株式会社,15.8,基幹的な職種,,,,,,,,,,,70.2,基幹的な職種,70.2,,,,,,,,,64.4,64,61.9,2025年4月1日～2026年3月31日,男女の賃金の差異は、当社職制および人員構成によるものです。男女問わず複数の選択肢からキャリアプランを構築でき、同一職制かつ同一等級の場合においては、男女差による賃金の差異は生じません。,2026年3月時点,2026年06月30日
9364,6140001006951,株式会社　上組,,,,,,,,,,,,,66.6,,,,,,,,,,,63.1,66.6,61.1,2025年4月1日～2026年3月31日,,2026年3月時点,2026年07月14日
4092,3010601005559,日本化学工業株式会社,,,,,,,,,,,,,,,,,,,,,,,,77.8,78.9,75.5,2025年4月1日～2026年3月31日,,2026年3月時点,2026年04月20日
5449,1120001028390,大阪製鐵株式会社,20.9,対象正社員,,,,,,,,,,,,正社員,84,,,,,,,,,85.1,83.1,72.8,2024年4月1日～2025年3月31日,,2025年3月時点,2025年08月08日
5408,5120001027901,株式会社中山製鋼所,,,,,,,,,,,,,82.9,スタッフ職,77.4,エキスパート職,86.1,,,,,,,81.6,84.8,62.2,2025年4月1日～2026年3月31日,非正規雇用労働者については、定年再雇用者を主とする賃金ベースの高い役職者の比率が高いため、格差が大きくなっております。,2026年3月時点,2026年04月27日
7102,4180001022575,日本車輌製造株式会社,,,,,,,,,,,,,,,,,,,,,,,,73.9,78.4,67.4,2025年4月1日～2026年3月31日,"【対象期間】：2025年4月1日～2026年3月31日
【対象範囲】：《正規雇用労働者》・・・正社員
　　　　　　　《非正規雇用労働者》・・有期雇用社員、パートタイマー社員
　　　　　　　 ※いずれも出向受社員を除く
【付記項目】：正規雇用労働者の賃金差は、管理職、リーダー職として活躍している女性社員が限定的であ　　
　　　　　　　ること、また時間外労働の差が差異として表れています。
　　　　　　　経営職（管理職）を除く、正社員の基準内賃金の男女の差異は97.5％です。",2025年4月時点,2026年07月16日
4490,5010001145747,株式会社ビザスク,,,,,,,,,,,,,,,,,,,,,,,,78.5,82.9,102.7,2025年3月1日～2026年2月28日,,2026年3月時点,2026年03月16日
8928,8470001000424,穴吹興産株式会社,8,その他,,,,,,,,,,,,,,,,,,,,,,66,70.6,47.6,2024年7月1日～2025年6月30日,,2025年7月時点,2025年09月10日
6718,9180001021408,アイホン株式会社,13,対象正社員,,,,,,,,,,,,正社員,83.5,,,,,,,,,68,74.7,43.8,2024年4月1日～2025年3月31日,なお、当社の女性管理職の割合は0.9％であり、2032年度までにグループ全体で20％を目指します。,2025年3月時点,2025年08月22日
5273,9210001004020,三谷セキサン株式会社,13.5,対象正社員,,,,,,,,,,,,総合職・事務職　合計,72.5,,,,,,,,,61.9,72.8,63.7,2025年4月1日～2026年3月31日,"男女の賃金の差異については、男性の賃金に対する女性の賃金の割合を示しております。
尚、同一労働の賃金に差はなく、職階別人員構成の差によるものであります。",2026年3月時点,2026年05月18日
3697,8010401073462,株式会社ＳＨＩＦＴ,,,正社員（技術職）,8.9,正社員（営業職）,11.6,正社員（バックオフィス職）,15.6,無期アルバイト（技術職）,2,無期アルバイト（バックオフィス職）,0,,,,,,,,,,,,71,69.7,102.6,2024年9月1日～2025年8月31日,,2025年8月時点,2025年10月07日
6744,5010001008739,能美防災株式会社,18.8,対象正社員,技術,16.5,技術（リージョナル）,11.9,営業,24,営業（リージョナル）,23.5,施工管理,24.8,,全従業員［嘱託・パートを除く］,74.1,,,,,,,,,72.5,62.3,72.2,2025年4月1日～2026年3月31日,,2026年3月時点,2026年06月18日
5970,9030001023377,株式会社ジーテクト,24,基幹的な職種,,,,,,,,,,,79,正社員,79,,,,,,,,,78.6,77.4,86.5,2024年4月1日～2025年3月31日,,2025年3月時点,2025年08月22日
1867,8110001017149,株式会社　植木組,,,,,,,,,,,,,66.1,男性,64.4,女性,83.6,,,,,,,56.3,59.2,54.5,2025年4月1日～2026年3月31日,,2026年4月時点,2026年06月11日
4013,5180001039651,勤次郎株式会社,18.9,対象正社員,正社員（フロント）,19.3,正社員（バック）,16.2,準社員,7.7,,,,,,,,,,,,,,,,,,,,,2025年12月時点,2026年05月14日
2148,1010001092299,アイティメディア株式会社,,,,,,,,,,,,,61.5,,,,,,,,,,,72.6,74.8,79.7,2025年4月1日～2026年3月31日,,2026年3月時点,2026年05月19日
6289,5490001000359,株式会社　技研製作所,13.3,対象正社員,正社員,13.7,非正規社員,1.1,,,,,,,,正社員,81.1,非正規社員,104.9,,,,,,,79.7,79.6,72.3,2024年9月1日～2025年8月31日,"■賃金の計算から除外しているもの
・労働の対価以外のもの

■賃金の計算から除外している労働者の有無（有）
・海外出向中の者、社外出向中の者、私傷病等による欠勤者、月中退職者

■非正規労働者には派遣社員、アルバイトは含まない。",2025年8月時点,2025年11月17日
8150,1010401012096,三信電気株式会社,16.2,基幹的な職種,,,,,,,,,,,69.6,正社員・嘱託社員・パート社員,69.6,,,,,,,,,60.8,63.6,38.5,2025年4月1日～2026年3月31日,"労働者の男女の賃金の差異は、女性労働者の平均年間賃金÷男性労働者の平均年間賃金×100％として算出しています。
また、平均年間賃金は、賞与を含む総賃金（通勤手当を除く）÷人員数の算出としています。

多様性における当社の課題としては、女性基幹職が少ない事に連動して女性管理職の比率も低い事と認識しております。（下記参照）
この課題解決のための具体的な打ち手として、今後基幹職女性の採用を拡大し母数を増やし、
この中から女性管理職を登用していく事で結果的に賃金格差も縮減させてまいります。
また同時に女性の置かれた社会的立場を理解し、自立的なキャリア形成を積極的に支援する組織風土を
築くとともに、多様な働き方や差別のない処遇を整備することを課題として取り組んでまいります。

【基幹職（総合職）とサポート職（一般職）における男女比率（％）】
基幹職　　　　男性87.7　 女性12.3
サポート職　　男性0　　　女性100",2026年3月時点,2026年07月23日
6023,3120001083145,ダイハツインフィニアース株式会社,15.4,対象正社員,正社員,15.4,,,,,,,,,,正社員,75.1,,,,,,,,,77.7,80,66.3,2024年4月1日～2025年3月31日,,2025年3月時点,2025年08月20日
7130,9290001094921,ヤマエグループホールディングス株式会社,,,,,,,,,,,,,,,,,,,,,,,,71.1,71.1,,2025年4月1日～2026年3月31日,,2026年6月時点,2026年07月02日
6287,7013201017276,株式会社サトー,16.5,対象正社員,正社員（一般）,16.5,,,,,,,,,,正社員,69.6,,,,,,,,,69.7,74.4,83,2025年4月1日～2026年3月31日,"・グループ連結
　全労働者　69.7%　うち正規雇用　74.4%　うち非正規雇用　83.0%

・サトー単体
　全労働者　69.8%　うち正規雇用　74.6%　うち非正規雇用　82.9%",2026年3月時点,2026年05月28日
7182,5010001112730,株式会社ゆうちょ銀行,6.3,対象正社員,総合職,20.7,エリア基幹職,3.5,管理職,22.1,,,,,,総合職,85,エリア基幹職,101.1,管理職,84.1,,,,,68.8,67.3,72,2025年4月1日～2026年3月31日,"１．男女の賃金の差異は、賃金台帳を基に、当事業年度中の男性従業員の賃金の平均(平均年間賃金＝賃金総額÷人員数)に対する女性従業員の賃金の平均の割合を記載しております。なお、賃金台帳に記載がある社員を対象としており、出向契約の締結内容に基づき、他社から出向もしくは他社へ出向している社員のうち、当行において給与を支払っている社員を含んでおります。総賃金から退職手当を除き、人員数から休業・休職者を除いております。
また、無期転換制度に基づく無期雇用転換者(アソシエイト社員)は、正規雇用従業員に含んでおります。（当該社員を除いた正規雇用従業員の賃金差異は77.5%です。）

２．男女の賃金の差異の補足(差異の要因等)は以下のとおりであります。
・当行では、男女間で賃金体系、昇進・昇給等の運用、採用基準に差を設けておりません。
・現状においては、年齢構成の男女比率に偏りがあり、相対的に賃金水準の高い高齢層・管理職層の女性比率が低いこと等を原因として賃金差が生じております。そのため、若年層・女性従業員がより積極的に参画できる組織文化醸成に取り組み、管理職を含む上位役職への登用を進めることにより、エンゲージメント向上と賃金差異の改善に取り組んでまいります。",2026年4月時点,2026年06月10日
6517,4010001105371,デンヨー株式会社,,,,,,,,,,,,,,,,,,,,,,,,69.2,72.8,54.1,2022年4月1日～2023年3月31日,,2023年3月時点,2024年05月21日
6149,6021001034104,株式会社小田原エンジニアリング,,,,,,,,,,,,,,,,,,,,,,,,57.3,75.2,60.8,2025年1月1日～2025年12月31日,,2025年12月時点,2026年04月07日
8361,7200001013379,株式会社　大垣共立銀行,14.7,対象正社員,,,,,,,,,,,77.6,,,,,,,,,,,53.6,58.8,72.8,2025年4月1日～2026年3月31日,"１．パート労働者については、正規雇用労働者の所定労働時間で換算した人員数を基に平均年間賃金を算出しております。
２．男女の賃金の格差について、性別による賃金の差は設けておりませんが、女性に比べ、男性の役席者・管理職の割合が高いことや相対的に賃金が低いパート・有期労働者における女性の割合が高いことが、賃金差異の主たる要因となっております。
女性の役席者・管理職の割合の向上は、当社としても重要な課題と認識しており、女性活躍をはじめとした、ダイバーシティ・エクイティ＆インクルージョンの推進に積極的に取り組んでおります。",2026年3月時点,2026年08月17日
4674,7010401008700,株式会社クレスコ,4.4,対象正社員,正社員,4.4,契約社員（嘱託フルタイム）,0.2,契約社員（嘱託短時間勤務）,0,契約社員(高年齢フルタイム）,3.1,契約社員(高年齢短時間勤務）,0,,対象とする労働者すべて,76.8,,,,,,,,,78.6,80,48.4,2025年4月1日～2026年3月31日,,2026年3月時点,2026年06月09日
7966,7011401006867,リンテック株式会社,7.9,その他,,,,,,,,,,,76,正社員、試用社員,76,,,,,,,,,71.9,71.9,46.3,2024年4月1日～2025年3月31日,"男女の賃金の際については、男性の賃金に対する女性の賃金の割合を示しております。賃金制度や体系において性別による処遇差は一切なく、主に以下の理由が差異に影響をしております。
1.育児休業後の職場復帰率が極めて高く、育児勤務制度を利用する女性社員が多い為、時短勤務分に関して際に影響がある。
2.現状では交代勤務従事者が男性社員のみになり、夜勤手当・交代勤務手当等が加わる為、諸手当分について差異に影響がある。
3.女性の新卒採用を強化する取組を進めているが、それよりも前から勤務をしている男性社員の割合が多く、平均勤続年数の差が差異に繋がっている。
4.女性管理職を積極的に登用し初めてから年数が経っていないため女性管理職の人数が少なく、上級管理職の男性比率が高くなっていることが差異に繋がっている。",2025年3月時点,2025年08月19日
8174,9010001061924,日本瓦斯株式会社,20.5,その他,,,,,,,,,,,63.7,,,,,,,,,,,60.1,68.9,92.8,2024年4月1日～2025年3月31日,,2026年3月時点,2026年07月16日
1930,6230001003007,北陸電気工事株式会社,20.7,対象正社員,,,,,,,,,,,,,,,,,,,,,,69.6,75,60.9,2025年4月1日～2026年3月31日,"パート労働者については、正社員の所定労働時間で換算した人員数を基に平均年間賃金を算出している。

＜補足説明＞
正規雇用者については、近年の女性採用増により女性は相対的に若手が多いこと、時間外や扶養手当について男性の方が受給が多いなどの影響から、男性の方が賃金が高くなっている。また、非正規雇用者については、女性よりも男性に相対的に賃金が高い管理職の再雇用者が多いため、賃金の差異が生じている。",2026年3月時点,2026年07月29日
6113,7021001020895,株式会社アマダ,15.8,対象正社員,,,,,,,,,,,83.3,,,,,,,,,,,68.3,73.6,57.9,2025年4月1日～2026年3月31日,"対象期間：令和7年度（2025年4月1日～2026年3月31日まで）
正規雇用労働者：出向者については、当社から社外への出向者を除き、他社から当社への出向者を含む。
非正規雇用労働者：パートタイマー、アルバイトを含み、派遣社員を除く",2026年6月時点,2026年06月24日
9381,3120001075217,株式会社エーアイテイー,17,対象正社員,,,,,,,,,,,,,,,,,,,,,,,,,,,2026年2月時点,2026年04月27日
3708,3080001014336,特種東海製紙株式会社,13,対象正社員,,,,,,,,,,,,正社員,76.5,,,,,,,,,75.7,76.8,60,2025年4月1日～2026年3月31日,,2026年3月時点,2026年08月05日
8360,3090001002315,株式会社山梨中央銀行,4.9,対象正社員,,,,,,,,,,,75,,,,,,,,,,,49.1,58.9,69.9,2025年4月1日～2026年3月31日,,2026年3月時点,2026年07月16日
E00701,9400001000207,株式会社岩手日報社,10.8,対象正社員,,,,,,,,,,,,,,,,,,,,,,66,77.4,76,2025年4月1日～2026年3月31日,,2026年4月時点,2026年06月17日
5461,2180001020102,中部鋼鈑株式会社,18.3,対象正社員,,,,,,,,,,,74.6,,,,,,,,,,,57.3,59.6,26.9,2025年4月1日～2026年3月31日,,2026年4月時点,2026年04月21日
6644,6010701001918,大崎電気工業株式会社,18.9,対象正社員,,,,,,,,,,,,社員,72.4,,,,,,,,,68.3,68.9,61.1,2025年4月1日～2026年3月31日,,2026年3月時点,2026年06月30日
2676,7011101012356,高千穂交易株式会社,,,,,,,,,,,,,,その他,73,,,,,,,,,,,,,,2025年3月時点,2025年10月22日
7184,8230001002106,株式会社　富山第一銀行,8.2,その他,,,,,,,,,,,76.6,全職員,76.6,,,,,,,,,61.1,69.9,60,2025年4月1日～2026年3月31日,,2026年3月時点,2026年06月30日
4629,6010401016497,大伸化学株式会社,,,,,,,,,,,,,,,,,,,,,,,,80.2,83,60.1,2025年4月1日～2026年3月31日,非正規雇用労働者の男女の賃金の差異については、定年再雇用後に高度な業務執行責任を担う嘱託社員（上席執行役員等）が含まれているため、男性の平均賃金が高くなっております。,2026年4月時点,2026年04月14日
409A,7360001008504,オリオンビール株式会社,,,,,,,,,,,,,,,,,,,,,,,,59.1,75.9,54.2,2025年4月1日～2026年3月31日,"【正規雇用労働者】
正規従業員及び、無期契約の契約従業員（フルタイム）を対象とする
【非正規雇用労働者】
パートタイム従業員及び有期契約の契約従業員を対象とする

出向者は対象外とした",2026年3月時点,2026年06月22日
6324,3010701008189,株式会社ハーモニック・ドライブ・システムズ,17.3,対象正社員,正社員（管理監督者を除く）,17.3,契約社員,5.8,派遣社員,7.4,,,,,,正社員,81.1,契約社員,93.6,,,,,,,70.2,70.9,96.9,2024年4月1日～2025年3月31日,2025年3月31日時点の雇用区分で算出,2025年3月時点,2025年08月05日
2395,9340001000031,株式会社新日本科学,27,対象正社員,正社員（通常勤務）,27,,,,,,,,,,対象とする労働者すべて,72.7,,,,,,,,,69.5,86.4,41.7,2025年4月1日～2026年3月31日,同一労働の賃金に差はなく、職位別人数構成の差によるものです,2026年3月時点,2026年07月28日
7241,3180301001916,フタバ産業株式会社,19.2,その他,社員,20.2,再雇用,7.6,期間従業員,21.1,派遣,17.5,,,,社員・再雇用・期間従業員,87.2,,,,,,,,,74,72.8,83.6,2025年4月1日～2026年3月31日,"１ 正規従業員は、当社から海外への出向者、社外からの出向者、休職者及び役員を除いております。 
２ 非正規従業員は、有期雇用社員(定年後再雇用者、契約社員、パートタイマー等)を対象にしており、派遣社 員を除いております。パートタイマーは短時間勤務のため他の有期雇用社員に比べ賃金が低くなっておりま す。㈱フタバ九州では、非正規従業員において、パートタイマーの女性比率が高いため、フルタイムの比率 が高い男性と比較し賃金差異が大きく出ています。
 ３ 従業員は、正規従業員と非正規従業員を含んでおります。 
４ 男女の賃金は、性別や国籍などの属性に関わらず、同一の基準を適用しておりますが、人員構成、職種・等 級、勤務形態の違い等により、男女での差が生じております。特に、男性に比べ女性の管理職比率が少ない ことが男女の賃金差異の主な要因となっております。女性管理職比率の向上に向け、個人別キャリアプラン に基づいた管理職以上への積極的なチャレンジを支援する活動を行ってまいります。",2026年4月時点,2026年07月09日
6392,9010801012135,株式会社ヤマダコーポレーション,10,対象正社員,,,,,,,,,,,,全従業員,87.8,,,,,,,,,,,,,,2026年3月時点,2026年06月04日
5851,8240001034478,リョービ株式会社,17.8,対象正社員,,,,,,,,,,,,その他,64,,,,,,,,,71.6,78.1,67.3,2025年1月1日～2025年12月31日,,2024年12月時点,2026年04月30日
6278,5010701010077,ユニオンツール株式会社,26,対象正社員,,,,,,,,,,,,,,,,,,,,,,83.6,83.1,89.7,2025年1月1日～2025年12月31日,,2025年12月時点,2026年05月21日
6039,4020001077222,株式会社日本動物高度医療センター,,,,,,,,,,,,,,,,,,,,,,,,68.1,69,48.1,2025年4月1日～2026年3月31日,男女で職種構成に差があり、職種ごとの賃金水準の違いが男女の賃金差異に影響しています。特に、他職種と比較して賃金水準の高い獣医師について、男性に占める割合が女性より高いことが、全体の賃金差異の一因となっています。,2026年8月時点,2026年08月10日
5933,3120901010347,アルインコ株式会社,11.4,対象正社員,,,,,,,,,,,,総合職,57.2,一般職,68.5,非正規従業員,75.4,,,,,65.8,72.3,28.2,2025年3月21日～2026年3月20日,"※賃金：通勤手当等を除く
※正規雇用労働者：他社から当社への出向者を除く
※非正規雇用労働者：パートタイマー、嘱託契約社員を含み、派遣社員を除く
※差異についての補足説明（非正規雇用）：賃金は、職掌・資格等級が同一であれば男女間で差が生じることはなく、主として相対的に賃金の高い上位役職における女性比率の低さにより男女の賃金の差異が生じているものであります。",2026年3月時点,2026年06月30日
6425,6010601025422,株式会社ユニバーサルエンターテインメント,,,,,,,,,,,,,,,,,,,,,,,,61.1,65.8,58.6,2025年1月1日～2025年12月31日,背景事情：女性労働者のうち、パートタイム労働者や一般事務職社員が多くを占めるため,2024年12月時点,2026年02月18日
6492,4290801005157,岡野バルブ製造株式会社,24,対象正社員,,,,,,,,,,,,,,,,,,,,,,,,,,,2025年3月時点,2026年03月27日
7226,7140001068512,極東開発工業株式会社,,,,,,,,,,,,,75.1,,,,,,,,,,,64.6,67.8,67.7,2024年4月1日～2025年3月31日,,2025年3月時点,2025年08月29日
9627,1430001020787,株式会社アインホールディングス,7.5,対象正社員,正社員,7.5,契約社員,7.6,,,,,,,,正社員,66.9,契約社員,71.9,,,,,,,71.9,73.8,62.7,2025年5月1日～2026年4月30日,"・当社グループの社員一人ひとりのライフスタイルにあわせた働きやすい環境の提供を目的とした「労働時間選択制度」利用者等を含む、短時間勤務社員、パートアルバイト社員等の時間補正を行っています。
・提出会社の当該年度内において、男性管理職の中途採用の増加により、前年より差異が大きくなっています。 
・当該年度内において、非正規雇用の男性社員の中に、執行役員以上に相当する職責・待遇の社員がいるため、例外事象にあたるとして対象社員より除いています。
・提出会社の非正規雇用社員に関しては、職種や役職等によりそれに応じた処遇・賃金となっているため、正規雇用社員と比較してその差異が大きくなっています。
・当社グループにおいて、女性社員は若年層が多く、また、管理職に占める男性社員の割合が高いことから、賃金の差異が生じています。同一役職間において比較すると、差異は縮小します。
・当社グループにおいて、人事制度や賃金体系における性別による処遇の差はありません。",2026年4月時点,2026年08月06日
6678,4020001032202,株式会社テクノメディカ,,,,,,,,,,,,,,,,,,,,,,,,47.2,83.1,,2025年4月1日～2026年3月31日,賃金制度・体系において性別による差異はありません。男女の賃金の差異は、全労働者の２割以上を占めるパートタイム従業員の全員が女性であることや、管理職に占める女性労働者の割合が少ないこと等によるものです。,2026年3月時点,2026年07月30日
5903,8180001002144,シンポ株式会社,,,,,,,,,,,,,,,,,,,,,,,,64,70.2,47,2024年7月1日～2025年6月30日,,2026年3月時点,2026年03月24日
E04393,6250001009332,山口放送株式会社,,,,,,,,,,,,,,,,,,,,,,,,62.2,62.8,69.1,2024年4月1日～2025年3月31日,"男女の勤務差が賃金に影響して差異が生じている
平均勤続年数　男性24.7年　女性10年
現実的に女性労働者が少なく管理職になる女性管理職が少なく賃金の差異が生じている",2025年4月時点,2026年03月27日
6016,3140001036976,株式会社ジャパンエンジンコーポレーション,,,,,,,,,,,,,69.4,,,,,,,,,,,70.7,71.2,66.7,2024年4月1日～2025年3月31日,,2025年4月時点,2025年09月17日
7242,8010401007296,カヤバ株式会社,18.6,対象正社員,事務系,14,技術系,18.6,技能系,19.4,有期フルタイム,7.5,,,,事務系,85.6,技術系,83.1,技能系,82.2,,,,,82.3,82.6,68.5,2025年4月1日～2026年3月31日,,2026年3月時点,2026年08月05日
7581,8030001065552,株式会社サイゼリヤ,49.2,対象正社員,正社員,51.4,正社員：地域限定,45.1,正社員：職種＆勤務地限定,46.5,パートタイマー従業員,1.5,,,,正社員,50.6,正社員：地域限定,44.6,正社員：職種＆勤務地限定,67.2,パートタイマー従業員,69.6,,,63.3,63.5,110.9,2024年9月1日～2025年8月31日,"全労働者とは、パートアルバイトを含む全従業員。
正社員の給与テーブルに男女差はない。正社員の男女差は、主に住宅や単身赴任交通費等の福利厚生取得差の影響。",2025年9月時点,2025年12月24日
6268,3010001142283,ナブテスコ株式会社,19.1,対象正社員,一般社員,19.1,地域社員,14.1,一般嘱託,19.1,,,,,,一般社員,83.7,地域社員,81.7,一般嘱託,77.5,管理職,67.4,特別嘱託,66.9,81.8,83.2,78.9,2024年1月1日～2024年12月31日,,2024年12月時点,2026年02月09日
7849,7011701004273,スターツ出版株式会社,,,,,,,,,,,,,70.5,,,,,,,,,,,82.3,86.5,85.6,2025年1月1日～2025年12月31日,"算出の前提とした重要事項
・通勤費・退職金は除く、休職者・派遣社員は除く
・正規労働者には期間の定めなく勤務する正社員の他、時短正社員、無期契約のフルタイム契約社員を含む
・非正規労働者には有期雇用労働者の他、パートタイム・アルバイト労働者を含む",2025年12月時点,2026年07月31日
E02597,2010801007777,東京青果株式会社,,,,,,,,,,,,,,,,,,,,,,,,70.9,69.6,50.5,2025年4月1日～2026年3月31日,"対象期間：令和7事業年度（令和7年4月1日から令和8年3月31日まで）
賃金：退職手当、通勤手当等を除く
正規雇用労働者：当社から社外への出向者を除く
非正規雇用労働者：定年後再雇用者、契約社員、パートを含み、派遣社員を除く",2026年6月時点,2026年06月12日
9629,4010001027327,ピー・シー・エー㈱,11.2,対象正社員,,,,,,,,,,,,正社員,81,,,,,,,,,65.5,69.2,123.9,2025年4月1日～2026年3月31日,"＜正規雇用労働者区分＞
初任給や役職に対する男女の賃金差異はないが下記の要因により男女の賃金差異が生じていると考えられる。
　・社員の約7割が男性社員である。
　・女性管理職（課長以上）の比率が9.6％である。（係長～課長代理の比率は30.17％）
　・男性の平均年齢が41歳1ヶ月なのに対して女性の平均年齢が39歳0ヶ月である。
　・男性の平均勤続年数が15年10ヶ月なのに対して女性の平均勤続年数は12年4ヶ月である。
　・育児のための時短勤務者はほぼ女性である（女性26名、男性2名）

＜非正規雇用労働者区分＞
　・パート社員のうち８割が女性のため勤続勤務年数による時給差が生じ、女性の賃金が男性の賃金を上回っていると考えられる。",2026年8月時点,2026年08月24日
5959,7010601009878,岡部株式会社,13.2,対象正社員,,,,,,,,,,,,対象とする労働者すべて,55,,,,,,,,,71.3,72.5,65.1,2025年1月1日～2025年12月31日,"・対象期間：令和7年度
・正社員：社外への出向者を除く
・パート・有期社員：嘱託社員、契約社員、パート、再雇用社員が該当

女性社員に比べて男性社員は勤続年数が長く、総合職・管理職の割合も高いため、賃金格差が生じている。",2025年12月時点,2026年04月14日
6395,9470001002700,株式会社　タダノ,,,,,,,,,,,,,,,,,,,,,,,,75.6,72.5,95.2,2025年1月1日～2025年12月31日,,2025年12月時点,2026年03月10日
4409,5010001034850,東邦化学工業株式会社,,,,,,,,,,,,,70.9,,,,,,,,,,,70,72.7,60.6,2025年4月1日～2026年3月31日,,2026年3月時点,2026年06月24日
3796,9010401039891,株式会社いい生活,,,全労働者,24.8,,,,,,,,,80.5,,,,,,,,,,,75,76.9,68.2,2025年4月1日～2026年3月31日,,2026年3月時点,2026年05月13日
6626,5010601008733,SEMITEC株式会社,,,,,,,,,,,,,,,,,,,,,,,,46.5,59.5,58.1,2024年4月1日～2025年3月31日,,2025年3月時点,2025年07月17日
6648,4390001010708,株式会社かわでん,,,,,,,,,,,,,,,,,,,,,,,,78.6,81.3,57.9,2024年4月1日～2025年3月31日,"（注釈・説明）
男女の賃金の差異については、同じ職群・役割であれば男女で賃金の差は設けていないが、給与の高い職群における男性比率が高いことによるもの。

賃金は通勤手当を除く。
パート・有期社員：パ。ートターマー、嘱託を含み、派遣社員を除く。",2025年3月時点,2025年07月07日
7261,3240001036223,マツダ株式会社,17.4,対象正社員,,,,,,,,,,,,,,,,,,,,,,84.1,86,71.4,2025年4月1日～2026年3月31日,,2025年6月時点,2026年07月02日
8337,9040001000020,株式会社千葉興業銀行,3.5,対象正社員,正社員,2.9,パートタイマー（レギュラー）,0.2,パートタイマー（ショート）,0,,,,,,,,,,,,,,,,60.3,77,61,2025年4月1日～2026年3月31日,"※１　計算に含めた賃金の内訳は、基本給、超過労働に対する報酬、賞与等を含み、退職手当、通勤手当等を除いております。
※２　出向者については、当行から他社への出向者を含み、他社から当行への出向者を除いております。
※３　パートタイマー及び嘱託社員を含み、派遣社員を除いております。
※４　パートタイマーで正規労働者と比して所定労働時間が少ない従業員については、短縮率等に応じて人数換算し算出しております。
※５　休職者は対象外としています。",2026年3月時点,2026年05月26日
5921,1010401007286,川岸工業株式会社,31.6,対象正社員,,,,,,,,,,,,正社員,72.6,,,,,,,,,65.4,62,81.6,2024年10月1日～2025年9月30日,,2025年9月時点,2025年10月31日
7681,1120901010233,株式会社レオクラン,16.7,基幹的な職種,,,,,,,,,,,,正社員,65.2,,,,,,,,,,,,,,2025年9月時点,2025年12月18日
8346,9380001001018,株式会社東邦銀行,10,対象正社員,エリアフリーコース,10.6,ホームコース,9.5,特定職,5.8,嘱託,4,パートナー,3,72.8,エリアフリーコース,69.1,ホームコース,72.4,,,,,,,55,60.5,71.9,2025年4月1日～2026年3月31日,"＜男女間賃金格差の背景事情＞
同一労働における男女賃金格差は無く、管理職階以上の男性割合が女性に比べ高いことや、相対的に賃金の低いパート・有期労働者における女性割合が高いこと、男女によるコース選択の違い等によるもの。",2026年3月時点,2026年06月29日
7949,9220001011932,小松ウオール工業株式会社,,,,,,,,,,,,,,,,,,,,,,,,80.4,80.9,57.2,2025年4月1日～2026年3月31日,,2026年3月時点,2026年07月09日
7343,6011001066916,ブロードマインド株式会社,13.6,対象正社員,正社員,16.7,契約社員,2,,,,,,,,,,,,,,,,,,51.3,60.6,94.4,2024年4月1日～2025年3月31日,,2024年3月時点,2025年07月18日
8252,9011201005150,株式会社　丸井グループ,6,基幹的な職種,社員Ｇ（総合職・全国）,14.5,社員P（専門職）無期・フルタイム,0,社員S（専門職）無期・フルタイム,0,社員S（専門職）有期・フルタイム,2.5,社員E（定年再雇用）有期・フルタイム,3.5,74.7,,,,,,,,,,,80.7,73.8,87.6,2025年4月1日～2026年3月31日,"当社グループの賃金制度においては性別による処遇の差はなく、賃金差異が生じる最も大きな要因は、管理職など賃金の高い上位職に占める女性社員の割合が低いためです。職位別でみると差異は87.2％～96.7％となります。同一の職位でも差異が生じる主な要因は、短時間勤務制度の影響によるものです。2026年３月時点の短時間勤務制度利用者のうち96.7％が女性であり、短時間勤務者の時間補正を行った場合の職位別の賃金差異は92.4％～96.7％となります。
このような状況のもと、当社グループでは、イノベーションを創出しやすい組織をつくる取り組みの一環として、意思決定層（取締役・執行役員を含む管理職以上）の多様化をめざしています。この取り組みを可視化する独自の指標として、男性の育休取得率や女性の上位職志向などを指標とした「女性イキイキ指数」を設定し、女性活躍を推進しています。今後もこれらの取り組みを続け、家事や育児などの負担が女性に偏ることなく、女性も男性も「仕事」と「家庭」を当たり前に両立できる組織をめざすことで、男女の賃金の差異の解消に努めていきます。",2026年3月時点,2026年06月19日
8344,5390001002010,株式会社　山形銀行,,,,,,,,,,,,,,,,,,,,,,,,48.5,66.9,64.4,2025年4月1日～2026年3月31日,"①全労働者については、正規雇用割合が女性5割（非正規割合5割）に対し、男性9割（非正規割合1割）であることが要因です。
②正規雇用労働者については、管理職に占める労働者割合が女性2割に対し、男性8割であること、勤務地限定割合が女性8割に対し、男性2割であることが要因です。なお、同一の資格・役割等級であれば男女の賃金差はありません。
③パート・有期労働者については、フルタイム割合が女性6割（パートタイム割合4割）に対し、男性8割（パートタイム割合2割）であることが要因です。
④当行における男女の賃金差異については、働き方の選択や雇用区分によるとことろが大きいと認識しております。引き続き女性が活躍できる状況を整備していくことで、男女の賃金差異は縮小していく見込みです。",2026年3月時点,2026年07月09日
7821,6210001003710,前田工繊株式会社,,,,,,,,,,,,,,,,,,,,,,,,63.7,63,72.1,2024年7月1日～2025年6月30日,,2025年6月時点,2025年09月30日
1981,5011001006550,株式会社協和日成,,,,,,,,,,,,,,従業員,87,,,,,,,,,70.2,73.8,35,2025年4月1日～2026年3月31日,"＜正規雇用労働者＞
建設業の特性において、女性応募者が少なく全体的に女性の人数が少ない点、
身体的に負担の大きな業務（施工管理）が主であり、女性を配置しにくい現場
環境である点などの事情から、女性従業員が管理職に占める割合が低くなっており、
賃金差異が生じていることが主な要因と考えられる。
今後も現場にて懸念される安全環境の整備ならびに、社内における職場環境の改善に取り組み、女性が継続して活躍できる職種・業務の創出ならびに配置拡大を推進していく。

＜非正規雇用労働者＞
女性よりも男性に相対的に賃金が高い嘱託社員が多いため、差異が生じていると考えられる",2026年4月時点,2026年06月23日
3101,2120001059666,東洋紡株式会社,12,対象正社員,総合職,14.4,一般職,9.5,事業所社員,7.4,,,,,80.8,総合職,78,一般職,88.5,事業所社員,80.8,,,,,66.8,68.8,51.5,2025年4月1日～2026年3月31日,"１．全労働者および正規雇用労働者の賃金格差の原因として大きなものは以下のとおり。
（1）女性社員の少なさ
（2）女性管理職の少なさ
（3）女性労働者のエリアコース社員の圧倒的大部分の分布が低等級に偏っている。
（4）一部の事業所を除き、従来より製造オペレーターに女性を配置してこなかったため、製造拠点において交替手当、夜勤手当、残業手当などの収入差が生じている。

２．パート、有期労働者の賃金格差が大きいのは、60歳以降のシニア社員（有期雇用契約）の中における、男性管理職や役員の割合が非常にインパクトを与えている。

３．１．２の状況より2016年以降、多様性の推進と男女の賃金格差を解消に向け、以下のような施策を実施しており、今後も継続していく予定。
（1）新卒総合職の女性採用割合を毎年４０％程度とすることを目標とし、女性の職域拡大を行っている。
（2）女性社員向けのポジティブアクションを多数実施。（メンター制度、女性リーダー育成セミナー、キャリア開発支援プログラムなど）
（3）男女の公平な機会と責任を与えることや公平な昇格昇進の推進など多様性を進める環境整備のため上司向けセミナー、指導員セミナー、ダイバーシティ講演会などを2016年から実施し続け、長期的視野で風土の改善に努めている。
（4）ライフイベントが昇格昇進に不利にならないような制度の導入や、エリアコースからグローバルコースへの職群転換制度の整備を整備した。
（5）ダイバーシティ方針を策定し、エクイティの重要性と性別による職域の撤廃を方向づけた。
（6）女性の製造勤務希望者について、製造部門への配属ができるように整備を整えている。",2026年3月時点,2026年05月18日
9305,2010601007242,株式会社ヤマタネ,,,,,,,,,,,,,,正社員,72,,,,,,,,,73.2,77.4,48,2025年4月1日～2026年3月31日,当社では、総合職と一般職の２コース（職種）制を導入しておりますが、正規雇用労働者における一般職割合は19.6％、女性の正規雇用労働者における一般職割合は52.0％を占めており、正規雇用労働者において75.4％という男女間賃金格差が生じています。また、物流セグメントの現業部門では軽作業等に従事する女性労働者を多数雇用していることが要因となりパートタイマー・有期雇用労働者の男女間賃金格差も45.3％となっています。今後は、女性管理職を担い得る人財育成の強化や一般職から総合職へのコース転換促進等により、性別に関係ない人財の活用を進めてまいります。,2026年3月時点,2026年06月30日
8393,4350001001677,株式会社宮崎銀行,11.9,その他,,,,,,,,,,,,,,,,,,,,,,52.2,64.5,71.7,2025年4月1日～2026年3月31日,"・正規雇用労働者：期間の定めなくフルタイム勤務する労働者
・非正規雇用保険料労働者：パートタイム労働者および有期雇用労働者
・正規雇用労働者は総賃金ベース（通勤手当、家族給含む）、非正規雇用労働者は通勤手当を含めた金額で平均年間賃金を計算。
・同一労働の賃金に差はなく、職能資格別人員構成の差が主な原因であります。今後も差異解消に向けた取り組みを一層推進してまいります。",2026年3月時点,2026年07月03日
6643,5300001000526,株式会社戸上電機製作所,7.8,対象正社員,,,,,,,,,,,,正社員,62.9,,,,,,,,,75,77.2,80.9,2025年4月1日～2026年3月31日,,2026年3月時点,2026年06月30日
2805,6010001034750,エスビー食品株式会社,13.5,対象正社員,総合職（全国・エリア限定）,19.3,職種限定正社員,9.5,現業,6.9,非正社員,2.7,,,,その他,83.2,,,,,,,,,75.3,73.1,79.7,2025年4月1日～2026年3月31日,賃金は性別に関係なく同一の基準を適用しておりますが、役割別人数構成、勤続年数などの差などにより男女間の賃金差異が生じております。（平均勤続年数（正社員・契約社員）：男性14.9年、女性11.2年）,2026年4月時点,2026年07月03日
4074,4010401134301,株式会社ラキール,,,,,,,,,,,,,,,,,,,,,,,,90.1,90.1,,2025年1月1日～2025年12月31日,,2025年12月時点,2026年04月07日
7235,6021001002556,東京ラヂエーター製造株式会社,19.5,対象正社員,,,,,,,,,,,,,,,,,,,,,,70.9,81.3,70.1,2024年4月1日～2025年3月31日,賃金は、通勤手当を含めて計算しております,2025年3月時点,2025年10月02日
7044,6011001059993,株式会社ピアラ,,,正社員,23.5,,,,,,,,,,,,,,,,,,,,,,,,,2025年3月時点,2025年07月23日
3001,9010001034764,片倉工業株式会社,18.5,対象正社員,正社員,18.5,,,,,,,,,,,,,,,,,,,,68.8,72.3,48.2,2025年1月1日～2025年12月31日,,2025年12月時点,2026年04月21日
6788,8120001072952,株式会社日本トリム,,,,,,,,,,,,,,,,,,,,,,,,61.5,61.5,33.1,2025年4月1日～2026年3月31日,"■対象期間
→2026年3月期（2025年4月1日から2026年3月31日まで）

■男女の賃金差の主な要因
女性管理職が4名（2026年3月31日現在）で、全体の6.2%であるため、賃金の男女差は性別の差というよりも、就いている役職の差によるところが大きいです。
今後、能力とやる気のある女性をどんどん登用していくことで、この差は縮小していくと考えます。

■非正規雇用労働者における差
当社の非正規雇用の女性はパートタイムのみ、男性は再雇用従業員のみの構成となります。また、一定以上の役職に就いている非正規雇用男性が複数名在籍していることが影響しております。
なお、非正規の男女間の労働時間に差があり（女性が約50%短い）、労働時間が同じ程度の場合として差を計算しております。",2026年3月時点,2026年06月19日
1967,5070001001977,株式会社ヤマト,20,その他,,,,,,,,,,,,一般（正社員・非正規社員）,74,,,,,,,,,76.3,77.5,70.2,2025年3月21日～2026年3月20日,,2026年3月時点,2026年05月13日
4112,2010401070762,保土谷化学工業株式会社,11.3,対象正社員,対象正社員,11.3,,,,,,,,,,正社員,74.1,,,,,,,,,79.7,81.3,60.4,2025年4月1日～2026年3月31日,,2026年3月時点,2026年06月08日
5282,2010001083727,ジオスター株式会社,,,,,,,,,,,,,78.8,,,,,,,,,,,64.8,66.7,39.9,2025年4月1日～2026年3月31日,"・賃金は、基本給、超過労働に対する報酬、賞与等を含み、退職手当、通勤手当等を除く。
・非正規労働者には、有期契約社員、有期の嘱託社員、パート・アルバイトおよび有期契約社員から無期転換した無期契約社員を含む。（業務内容および給与体系は無期転換していない有期契約社員と同様であり、違いは雇用期間の定めのみのため）
　また、パート・アルバイトについてはフルタイム換算をせず実際に支給した賃金に基づき算出。
労働者の男女の賃金の差異については、職種や等級別の人員構成などによるものであり、適用する給与体系に男女の差異はありません。",2026年3月時点,2026年07月28日
8159,2120001049007,株式会社立花エレテック,,,経営職,21.8,プロ職,20.1,総合職,24.7,一般職,10.1,,,,,,,,,,,,,,57.9,57.8,46.1,2024年4月1日～2025年3月31日,,2025年3月時点,2025年10月07日
3656,7010401041924,KLab株式会社,,,,,,,,,,,,,87.3,,,,,,,,,,,66.7,66.9,72.9,2025年1月1日～2025年12月31日,,2026年3月時点,2026年05月18日
5101,4010401030574,横浜ゴム株式会社,28,対象正社員,,,,,,,,,,,,正社員,72.5,,,,,,,,,75.4,78,66.8,2025年1月1日～2025年12月31日,"■データ算出に関する付記事項
対象期間：２０２５年１月１日～２０２５年１２月３１日
賃金：給料、賞与、手当等（通勤手当を除く）
対象人員：出向者を除く、休職者を除く
備考：同一職種において賃金体系上の男女差は存在しておりません。",2025年12月時点,2026年07月17日
4719,7011001001789,㈱アルファシステムズ,9.9,対象正社員,対象正社員,9.9,,,,,,,,,,正社員,81,,,,,,,,,82,81.9,,2025年4月1日～2026年3月31日,,2026年3月時点,2026年07月16日
2875,2010401020321,東洋水産株式会社,23,対象正社員,月給者,24.8,日給月給者,21.5,日給者,14.2,,,,,,正社員,73.7,,,,,,,,,66.1,66.8,75.3,2025年4月1日～2026年3月31日,"正社員の社員区分別賃金差異　・総合職社員：79.4％　・一般職社員：92.0％
管理職、非管理職別賃金差異　・（基本給のみ）管理職92.4％、非管理職85.1％
社員区分に応じて職務内容や勤務地の範囲等が相違します。
賃金は性別に関係なく、社員区分ごとの基準を運用しておりますが、人数、職掌、役職、勤続年数等の違いにより、差が生じています。",2026年3月時点,2026年06月25日
6393,7021001028468,油研工業株式会社,6.1,対象正社員,,,,,,,,,,,,,,,,,,,,,,78.7,86.6,57.5,2025年4月1日～2026年3月31日,,2026年4月時点,2026年04月30日
4481,9010001063813,ベース株式会社,13.1,対象正社員,,,,,,,,,,,,対象とする労働者すべて,33.2,,,,,,,,,85.1,87.7,44.9,2025年1月1日～2025年12月31日,,2026年3月時点,2026年04月24日
8023,2011101011783,DAIKO XTECH株式会社,14.7,対象正社員,一般職,14.7,,,,,,,,,64.6,全社員,64.6,,,,,,,,,76.9,76.9,,2025年4月1日～2026年3月31日,,2026年4月時点,2026年07月07日
5607,3180001020051,中央可鍛工業 株式会社,,,,,,,,,,,,,,,,,,,,,,,,76,70.6,74,2025年4月1日～2026年3月31日,同一等級・同一役職での男女の基本給に差はありませんが、職種による深夜業務の有無や、短時間勤務制度などの柔軟な働き方をする従業員の増加により、男女の賃金の差異が生じております。,2026年3月時点,2026年07月17日
4218,5010001000010,ニチバン株式会社,,,,,,,,,,,,,,正社員,62.2,,,,,,,,,67.3,74.2,56.1,2025年1月1日～2025年12月31日,"正規雇用労働者：管理職・一般職
非正規雇用労働者・有期雇用：パート・継続雇用・嘱託を含み、派遣社員を除く
賃金：基本給、超過労働に対する報酬、賞与を含み、退職手当・通勤手当（非課税分）を除く。
対象期間：2025年（2025年1月1日から2025年12月31日）",2026年3月時点,2026年08月03日
4968,4120001074060,荒川化学工業㈱,,,正社員,13.4,,,,,,,,,,正社員,82.9,,,,,,,,,59.4,71,49.4,2025年4月1日～2026年3月31日,,2025年3月時点,2026年07月16日
2359,4010901003823,株式会社コア,18.5,対象正社員,,,,,,,,,,,,正社員,74.6,,,,,,,,,83,85.2,72.3,2025年4月1日～2026年3月31日,等級ごとの賃金水準において、男女間にの差異はありません。,2026年3月時点,2026年07月22日
4430,1180001031538,東海ソフト株式会社,17,対象正社員,技術職,17.1,営業職,21.3,事務職,12.7,,,,,73.5,全社員,73.5,,,,,,,,,76.5,79.8,51.7,2024年6月1日～2025年5月31日,"年間平均賃金で算出
休職者は省く",2025年5月時点,2025年09月30日
5105,7120001049019,TOYO TIRE株式会社,28,対象正社員,,,,,,,,,,,,正社員,71.4,,,,,,,,,68.6,76.2,69.8,2025年1月1日～2025年12月31日,"①期間：2025年1月1日～12月31日（事業年度）
②賃金：源泉徴収簿を用いた、給与・手当等の総支給額および賞与等の支給額合計
③対象：正規社員には、出向者を含む
④備考：労働者の男女の賃金の差異における賃金は給与･手当等の総支給額および賞与等の支給額合計であり、正規雇用労働者には出向者を含んでおります。
当社賃金体系及び制度上において、男女差はありません。役職別にみると、正規雇用労働者は役職が上がるほど、男女の賃金格差は縮小しております。
一方、職種間や管理職比率等において男女構成比率に差があり（特に製造業務に従事する9割超は男性、かつ勤務時間が事務職に比して長くなる傾向から）、男女の賃金格差の一因と考えております。
当社内の女性活躍推進に向けた意識醸成を継続実行し、当社のマテリアリティである「多様な人財の挑戦と働きがいを創出する」人財戦略を推進することで、女性社員数の増加および管理職比率向上等を図り、差異是正に取り組んでまいります。",2025年4月時点,2026年04月02日
500A,3011001100140,株式会社TOブックス,,,総合職（営業）,14,総合職（事務）,10.6,契約社員（総合）,4,,,,,67,,,,,,,,,,,68.8,68,85.8,2025年5月1日～2026年4月30日,"・通勤手当は、賃金から除外しています。
・短時間労働者の人員数は、正社員の所定労働時間で換算しています。

※ 当社では、性別によって異なる賃金制度又は賃金決定基準を設けておりません。
正規雇用労働者における男女間賃金差異は68.0%となっております。これは主に相対的に賃金水準の高い管理職において男性の割合が高い一方、女性労働者は主任・リーダー層及び一般社員に占める割合が高いことが、主な要因の一つであると分析しております。

役職区分別の男女間賃金差異は、以下のとおりであります。
　管理職：83.8%
　主任・リーダー層：83.8%
　一般社員：91.7%
　正規雇用労働者全体：68.0%

役職区分別では、正規雇用労働者全体と比較して、いずれの区分においても男女間賃金差異が縮小しております。
また、年代別では、20代以下の正規雇用労働者における男女間賃金差異は93.1%となっており、若年層では差異が限定的となっております。
これらのことから、正規雇用労働者全体における差異は、主として役職及び年齢等の男女の人員構成の違いが影響しているものと分析しております。
今後も、性別を問わない公正な評価及び登用を徹底するとともに、キャリア形成支援並びに仕事と育児等の両立を支援する環境整備を進め、中長期的な男女間賃金差異の縮小に取り組んでまいります。",2026年4月時点,2026年07月30日
6474,4230001002687,株式会社不二越,15.2,対象正社員,,,,,,,,,,,,,,,,,,,,,,77.2,82.2,58,2024年12月1日～2025年11月30日,非正規労働者の約半数は定年再雇用者,2025年11月時点,2026年04月02日
2678,5010601030357,アスクル株式会社,,,,,,,,,,,,,,,,,,,,,,,,81.1,81.1,82.7,2025年5月21日～2026年5月20日,,2026年5月時点,2026年08月24日
8850,9010001095583,スターツコーポレーション株式会社,,,,,,,,,,,,,64.5,,,,,,,,,,,66.9,69.1,37.7,2025年4月1日～2026年3月31日,"【対象期間】
 2025年度（2025年4月1日～2026年3月31日）

【賃金】
 基本給、超過労働に対する報酬、賞与等を含み、退職手当、通勤手当等を除く。

【正社員】
 出向者については、当社から社外への出向者を除き、他社から当社への出向者を含む。

【パート・有期社員】
 契約社員・パートタイマー・嘱託を含み、派遣社員・業務委託社員を除く。

【差異についての補足説明】
 それぞれの役職や成果に応じた給与体系としており、制度上性別による差はないものの
 以下の主な要因により、結果的に男女による差異につながっています。
 ①正規雇用労働者の勤続年数の差異
　 女性の勤続年数が男性と比較すると短いため。
 ②正規雇用労働者の管理職比率における男女差
　 女性管理職比率は、産業平均以上ではあるものの男性と比較すると低いため。
 ③非正規雇用労働者の雇用形態割合における違い
 　男性の非正規雇用動労者は、相対的に賃金水準の高い嘱託社員の割合が高く、
 　女性の非正規雇用労働者は、パート・契約社員のみのため。",2026年3月時点,2026年06月17日
5871,1010001137277,SOLIZE Holdings株式会社,,,,,,,,,,,,,,,,,,,,,,,,78.5,81.2,36.4,2025年1月1日～2025年12月31日,"非正規雇用労働者は契約社員、パート社員、嘱託社員（定年再雇用）となります。
契約社員、パート社員における男女の賃金に大きな差異はありませんが、嘱託社員（定年再雇用）は男性社員のみとなり、そのことが差異の大きな要因となっています。",2026年1月時点,2026年04月21日
5184,1140001010033,株式会社ニチリン,7.8,対象正社員,,,,,,,,,,,68,正社員,68,,,,,,,,,58.7,78.3,66.1,2025年1月1日～2025年12月31日,出向者は除く。,2025年5月時点,2026年08月07日
7014,5120001046100,株式会社名村造船所,,,事技職,17.1,技能職,21,,,,,,,,事技職,77.9,技能職,84.8,,,,,,,83.8,85.6,68.2,2025年4月1日～2026年3月31日,,2026年3月時点,2026年06月25日
4406,5130001014766,新日本理化株式会社,0,対象正社員,,,,,,,,,,,,正社員,85,,,,,,,,,86,85.2,86.5,2025年4月1日～2026年3月31日,"１　対象期間は、2025年4月から2026年3月です。
２　従業員数は、他社から当社への出向者を除き、当社から他社への出向者を含んでおります。また、対象期間中の入退職者および年間累計20日以上欠勤した者を除きます。
３　女性活躍推進法に基づき、一般事業主行動計画を公表している当社のみ記載しております。
４．賃金は、性別に関係なく同一の基準を適用しており、平均年間賃金は、基本給の他、手当、賞与、時間外賃金を含んでおります。
５．全労働者及び正規雇用者の差異の主要因は、時短勤務の利用によって給与が減額している者のうち女性の比率が高いこと、家族手当を支給されている者および所定外労働時間が多い者のうち男性の比率が高いこと、男女それぞれの母数に占める管理職の比率が男性と比べて女性が低いことが挙げられます。",2026年3月時点,2026年08月10日
6335,9010401020496,株式会社東京機械製作所,21,その他,,,,,,,,,,,,,,,,,,,,,,,,,,,2025年10月時点,2025年10月23日
7220,6180301007357,武蔵精密工業株式会社,19.1,対象正社員,,,,,,,,,,,,正社員,79.8,,,,,,,,,70.8,71.2,62,2025年4月1日～2026年3月31日,,2026年4月時点,2026年06月05日
5726,8140001052085,株式会社大阪チタニウムテクノロジーズ,,,,,,,,,,,,,,,,,,,,,,,,68.4,75.9,70.8,2025年4月1日～2026年3月31日,"＜賃金の差異の主な理由について＞

１.正規雇用労働者
   管理職における女性比率が低いこと。
   今後、女性の管理職への登用を計画的に推進して参ります。

２.パート・有期労働者
   男性：交替勤務に従事する従業員（交替勤務手当、深夜勤務手当等の所定外賃金の支給対象）の比率が高いこと。
   女性：短時間勤務に従事する従業員の比率が高いこと。",2026年3月時点,2026年08月07日
6360,7010001034205,株式会社東京自働機械製作所,8.5,対象正社員,正社員,8.5,,,,,,,,,,,,,,,,,,,,74.1,84.3,63.6,2025年4月1日～2026年3月31日,,2026年3月時点,2026年07月21日
1420,3120001039510,サンヨーホームズ株式会社,14.7,対象正社員,,,,,,,,,,,51.6,,,,,,,,,,,65.8,67.9,37.8,2025年4月1日～2026年3月31日,,2026年3月時点,2026年06月22日
4495,6290001042164,株式会社アイキューブドシステムズ,4.2,その他,,,,,,,,,,,,,,,,,,,,,,,,,,,2025年6月時点,2025年11月27日
5805,7010401061336,ＳＷＣＣ株式会社,16,対象正社員,,,,,,,,,,,79,,,,,,,,,,,71.8,76.7,69.4,2025年4月1日～2026年3月31日,,2026年3月時点,2026年06月05日
8043,9010401015760,スターゼン株式会社,,,,,,,,,,,,,,スターゼン株式会社単体,54.2,,,,,,,,,64.7,74.1,59.4,2024年4月1日～2025年3月31日,,2025年3月時点,2025年08月22日
7049,7011001104435,株式会社識学,12.6,対象正社員,営業系,12.3,管理系,14.3,,,,,,,,営業系,33.1,管理系,41.5,,,,,,,,,,,,2025年3月時点,2025年09月12日
5391,9020001040448,株式会社エーアンドエーマテリアル,16,対象正社員,ゼネラリスト職群,18,エキスパート職群,9.7,,,,,,,,正社員,59.8,,,,,,,,,66.2,66.2,,2024年4月1日～2025年3月31日,,2025年3月時点,2025年09月11日
4619,1011501003539,日本特殊塗料株式会社,10.9,対象正社員,,,,,,,,,,,70.9,,,,,,,,,,,58,69.1,80.1,2024年4月1日～2025年3月31日,,2025年3月時点,2025年09月08日
3569,9210001001785,セーレン株式会社,,,直接雇用者,4.1,,,,,,,,,,,,,,,,,,,,78.1,82.9,91,2025年4月1日～2026年3月31日,"・非正規雇用労働者は、正規雇用労働者の所定労働時間（１日８時間）で換算した人員数を元に平均賃金を算定しております。
・賃金は性別に関係なく同一の基準を適用しております。人員構成、社員資格、在籍年数、勤務地、扶養状況などにより男女で差が生じております。

対象期間　2025年 4月 1日 ～ 2026年 3月 31日",2026年3月時点,2026年06月18日
8584,2440001001001,株式会社ジャックス,13.2,その他,正社員,14.3,契約社員,5.9,,,,,,,,全従業者,76.2,,,,,,,,,66.4,61.9,75.2,2025年4月1日～2026年3月31日,,2026年3月時点,2026年06月23日
5660,2140001049112,神鋼鋼線工業株式会社,9.5,対象正社員,,,,,,,,,,,81.5,,,,,,,,,,,76.2,77.4,100.5,2025年4月1日～2026年3月31日,,2026年3月時点,2026年06月26日
9906,2060001003812,藤井産業株式会社,20.6,対象正社員,,,,,,,,,,,,全体,65.9,,,,,,,,,54.6,61.4,44.2,2025年4月1日～2026年3月31日,,2026年3月時点,2026年05月26日
4979,2010001135528,OATアグリオ株式会社,10,対象正社員,,,,,,,,,,,,正社員,73.4,契約社員,89.9,,,,,,,79.6,86.4,33.1,2025年1月1日～2025年12月31日,,2025年12月時点,2026年04月28日
8119,1010501004662,株式会社三栄コーポレーション,,,,,,,,,,,,,77.8,全社員,77.8,,,,,,,,,,,,,,2026年3月時点,2026年08月07日
6157,4010701007545,日進工具株式会社,,,,,,,,,,,,,69.6,,,,,,,,,,,78.6,80.5,50.4,2025年4月1日～2026年3月31日,,2026年3月時点,2026年04月23日
4820,8120001053779,株式会社イーエムシステムズ,,,,,,,,,,,,,,正社員,52.3,,,,,,,,,73.3,78.1,43.4,2024年1月1日～2024年12月31日,"（注）１男女の賃金差異＝女性の平均年間賃金÷男性の平均年間賃金✕100%として算出しております。
（注）２総賃金は、賞与及び基準外賃金を含んでおります。
（注）３正規雇用労働者の人員数は、他社への出向者を含み、他社からの出向者を除いております。
（注）４当社では、採用・評価・登用等に関し、性別や国籍、年齢などの属性に関わらず、個人の成果や成長に基づいた処遇を行っております。賃金差異の主原因は、短時間勤務制度の利用者の女性比率が高いこと、管理職に占める男性比率が高いことが挙げられます。",2024年12月時点,2025年12月18日
9742,2020001030067,株式会社アイネス,9.7,対象正社員,対象正社員,9.7,,,,,,,,,,正社員,67.2,,,,,,,,,83.6,85.8,64.8,2025年4月1日～2026年3月31日,「女性の職業生活における活躍の推進に関する法律」（平成27年法律第64号）の規定に基づき算出しています。,2026年4月時点,2026年08月14日
6770,3010801000723,アルプスアルパイン株式会社,14.6,対象正社員,経基職,0,総合職,18.8,事務職,8.9,,,,,,正社員,79.1,,,,,,,,,63.6,62.9,64.8,2025年4月1日～2026年3月31日,"・男女の賃金差異は、「女性の職業生活における活躍の推進に関する法律」（平成27年法律第64号）の規定に基づき算出したものです。
・「労働者の男女の賃金の差異」について、賃金制度は性別に関係なく同一の基準を適用していますが、全体の人数構成や各区分内における等級別人数構成等の影響で、男女の賃金差異が生じています。具体的には正規雇用労働者は管理職相当、総合職相当、一般職相当（勤務地域限定）の３区分に分けることができますが、それぞれの区分内での男女の賃金の差異は86.7%、78.7%、79.5%となっています。しかし、正規雇用労働者でまとめて集計すると賃金の差異は各区分内での差よりも大きくなり、報告のとおり63.6%となります。
これは賃金水準が相対的に高くなる管理職相当や総合職相当において男性の人数が多いことによります。この是正に向け管理職や総合職相当の女性採用強化の取り組みを継続的に行っています。
また、等級別人数構成の差には、ライフイベントによるキャリア中断や長時間労働が前提にあった過去の働き方における昇格の遅れ等も影響していると考えられます。この是正に向け、女性活躍推進の取り組みやキャリア支援、人事制度の見直し等の具体的な取り組みを行っています。",2026年3月時点,2026年07月09日
4317,6010401031785,株式会社レイ,,,,,,,,,,,,,,,,,,,,,,,,79.4,79.1,100.3,2025年3月1日～2026年2月28日,,2026年2月時点,2026年03月11日
8541,2500001000005,株式会社　愛媛銀行,,,,,,,,,,,,,,,,,,,,,,,,53,60.2,52.5,2025年4月1日～2026年3月31日,,2026年3月時点,2026年06月08日
E03736,6040001013529,株式会社日産フィナンシャルサービス,,,,,,,,,,,,,,,,,,,,,,,,82,74.8,77,2025年4月1日～2026年3月31日,,2026年3月時点,2026年05月15日
7466,9120001034407,ＳＰＫ株式会社,19.4,対象正社員,,,,,,,,,,,,,,,,,,,,,,65.5,74.6,52.4,2025年4月1日～2026年3月31日,,2026年3月時点,2026年08月05日
6405,3011601010978,鈴茂器工株式会社,15.6,対象正社員,,,,,,,,,,,,,,,,,,,,,,71,75,63.3,2024年4月1日～2025年3月31日,"対象期間：2024年度3月期事業年度（2024年4月1日〜2025年3月31日）
正社員：出向者については当社から社外への出向者を含む。
パート・有期社員：契約社員、アルバイト、パートを含み、派遣社員を除く。
賃金：通勤手当と持株会奨励金を除く",2025年3月時点,2026年05月21日
8086,8120001068678,ニプロ株式会社,15.5,対象正社員,,,,,,,,,,,,正社員,73.5,,,,,,,,,69.2,72.9,47.9,2025年4月1日～2026年3月31日,"正規雇用労働者は、正社員および再雇用社員を含んでいます。
非正規雇用労働者は、嘱託社員、契約社員、パート社員を含み、派遣社員は含んでおりません。
集計対象となる賃金には、賞与および基準外賃金を含んでおります。
賃金の差異の数値は、(女性の平均年間賃金÷男性の平均年間賃金)×100で算出しております。",2026年3月時点,2026年06月24日
6294,3120001028645,オカダアイヨン株式会社,,,,,,,,,,,,,68.4,,,,,,,,,,,64.4,65.9,97.2,2024年4月1日～2025年3月31日,,2025年3月時点,2026年01月14日
8158,9010001048574,ソーダニッカ株式会社,13.7,対象正社員,正社員,13.7,,,,,,,,,,正社員,80,,,,,,,,,65.6,67.1,52.4,2025年4月1日～2026年3月31日,,2026年8月時点,2026年08月20日
3437,8140001050221,特殊電極株式会社,,,,,,,,,,,,,,,,,,,,,,,,62,72.4,55.6,2025年4月1日～2026年3月31日,,2026年6月時点,2026年06月24日
6707,3030001045666,サンケン電気株式会社,9.6,その他,,,,,,,,,,,,正社員,67.1,,,,,,,,,78.7,78.6,65.5,2025年4月1日～2026年3月31日,,2026年3月時点,2026年05月11日
4912,1010601016863,ライオン株式会社,12.7,対象正社員,正社員,12.7,,,,,,,,,,正社員,74.9,,,,,,,,,71.2,70.8,64.2,2025年1月1日～2025年12月31日,,2025年12月時点,2026年06月08日
2488,6010701025248,JTP株式会社,14.6,対象正社員,,,,,,,,,,,,,,,,,,,,,,91.9,94.6,83.1,2025年4月1日～2026年3月31日,"男女間の賃金差が生じている要因は
近年女性を積極的に採用しており、勤続年数が男性社員と比較して4年程度短いため",2026年5月時点,2026年05月25日
6961,5030001074060,株式会社エンプラス,18.3,対象正社員,正社員,18.3,,,,,,,,,,正社員,60.7,,,,,,,,,80.1,80.1,32.5,2025年4月1日～2026年3月31日,,2026年3月時点,2026年06月29日
3182,6010701012329,オイシックス株式会社,27.3,対象正社員,正社員,27.3,嘱託,22.7,パート・アルバイト,7.5,派遣,7.3,,,,全体,74,正社員・嘱託,68,パート・アルバイト,79,,,,,65,67.8,86.5,2025年4月1日～2026年3月31日,"※正規雇用労働者のうち、無期雇用パートタイマー167名/内女性127名含
※非正規雇用労働者は、正規雇用労働者に比べて勤務時間が短い労働者及び有期雇用労働者
※正社員（短時間勤務者）及びパートタイム労働者については、正社員の所定労働時間（１日８時間）で換算した人員数を基に平均年間賃金を算出。
※出向者は除く。
※賃金のうち退職手当、通勤手当、確定拠出型年金等を除いた賃金で算出。",2026年3月時点,2026年07月06日
7685,4010001074187,株式会社BuySell Technologies,,,,,,,,,,,,,,,,,,,,,,,,55.8,71.6,87.9,2024年1月1日～2024年12月31日,,2024年12月時点,2025年05月07日
8550,5060001000014,株式会社　栃木銀行,7.3,対象正社員,正職員,7.9,嘱託,1.9,準職員,1.2,パートタイマー,0,,,54.1,全職員,54.1,,,,,,,,,52.6,63.3,56.2,2025年4月1日～2026年3月31日,"相対的に賃金水準が高くなる管理職に占める女性労働者の割合が低く、賃金水準が低い非正職員に占める女性労働者の割合が高いことが男女賃金差異に影響しています。
同一職位・同一職種での男女の賃金格差はありません。",2026年3月時点,2026年06月23日
2983,8180001060415,株式会社アールプランナー,,,,,,,,,,,,,,,,,,,,,,,,52.6,57.3,130,2025年2月1日～2026年1月31日,,2026年1月時点,2026年07月30日
6544,5010001019182,ジャパンエレベーターサービスホールディングス株式会社,26,対象正社員,,,,,,,,,,,54.4,全従業員,54.4,,,,,,,,,67.8,74.6,48.5,2025年4月1日～2026年3月31日,"非正規雇用労働者の男女の賃金差異が正規雇用労働者と比し大きい理由は、
技術職が半数以上を占め、エレベーター保守という業務の態様からそのほとんどが男性である。
男性の正社員が多いことから、定年再雇用される社員もほぼ男性であり、それにより
パート比率が高い女性と賃金の差異が生まれている。",2026年3月時点,2026年08月18日
2531,4130001014981,宝ホールディングス株式会社,,,,,,,,,,,,,,,,,,,,,,,,78.3,77.4,67.3,2025年4月1日～2026年3月31日,"■データ算出に関する付記事項
・対象期間：2025年度（2025年4月～2026年3月）
・正規雇用労働者：管理職、一般社員、準社員（無期雇用）が該当。社外への出向者を除く。
・非正規雇用労働者：準社員（有期雇用）が該当。
・賃金：通勤手当や持ち株奨励金等を除く。
※集計は宝ホールディングスに所属する社員が対象。",2026年4月時点,2026年05月26日
4687,8011001014542,ＴＤＣソフト株式会社,18.9,その他,一般職,18.4,裁量労働、管理監督職,20.1,,,,,,,,全社員,71.1,,,,,,,,,79.9,80.1,30.6,2025年4月1日～2026年3月31日,"・男女の賃金の差異においては、役割等級の違いによるものであり、同一労働の賃金に差はございません。女性活躍施策の推進により、今後は均衡していく見込みです。
・うち非正規雇用労働者の内訳
    パート　　　　 ：100.0%
    有期社員（※）：－
 　 ※当社の有期社員は、概ね定年後再雇用の社員であり算出時には男性社員のみのため厚生労働省のガイドに従い該当なしとなります。",2026年1月時点,2026年07月22日
E05031,8010601027383,トヨタファイナンス株式会社,17.2,対象正社員,,,,,,,,,,,84.5,正社員,83.3,,,,,,,,,51.5,51.5,53.3,2025年4月1日～2026年3月31日,,2026年3月時点,2026年08月03日
6779,1011001017865,日本電波工業株式会社,,,,,,,,,,,,,,,,,,,,,,,,78.8,81.2,58,2025年4月1日～2026年3月31日,,2026年3月時点,2026年05月18日
5938,5010601004914,株式会社ＬＩＸＩＬ,16.1,対象正社員,,,,,,,,,,,,,,,,,,,,,,62.7,68.4,93,2025年4月1日～2026年3月31日,男女の賃金の差異については、62.7%となっており、過去4年間でその差は縮小傾向にあります。当社の男女の賃金の差異の要因として、等級と勤務地限定社員制度（地域別賃金）の影響が上位を占めることがわかっていますが、職位別平均基本給における男女の差異は90%を超える水準であり、同一職位においては同等の報酬水準を実現しています。また、これまで女性従業員の割合が多かった勤務地限定社員制度（地域別賃金）については、管理職においては2022年4月1日に、一般社員においても2026年4月1日をもって廃止しました。これにより、将来的な転勤の可能性や勤務する地域による賃金差をなくし、個々人の職務・職責に応じた実力主義の報酬体系を目指しています。,2026年3月時点,2026年07月28日
E02562,7010001012862,新生紙パルプ商事株式会社,,,,,,,,,,,,,,対象とする労働者全て,62.8,経営職,49.7,総合職,63.3,一般職,78.5,,,56.4,55.7,68.4,2025年4月1日～2026年3月31日,,2026年7月時点,2026年07月06日
4356,9120001121031,応用技術株式会社,,,,,,,,,,,,,69.9,技術,70.4,営業,69.4,事務,67.2,,,,,,,,,,2026年3月時点,2026年04月09日
6223,5290001036357,株式会社西部技研,16.9,対象正社員,対象とする労働者すべて,16.9,,,,,,,,,94.6,,,,,,,,,,,71.3,77,64.2,2025年1月1日～2025年12月31日,"男女の賃金の差異について、主に下記のような要因が影響している
・管理職における男女比の違い
・賞与の算定に当たっては算定期間中の出勤率を勘案しており、多くの女性が育児休業制度を利用した結果、賞与支給額が低くなる者が多いため
・女性が多く利用している育児短時間勤務制度では、給与を短縮時間分だけ減額しているため",2025年12月時点,2026年02月17日
6145,9030001006415,ＮＩＴＴＯＫＵ株式会社,,,,,,,,,,,,,,全労働者,78.1,,,,,,,,,57.5,63.9,39.3,2025年4月1日～2026年3月31日,,2026年4月時点,2026年08月12日
5357,8120101038845,株式会社ヨータイ,16.1,対象正社員,総合職（係長以下）,20.9,一般職,6.6,技能職,20.8,全体,16.1,,,75.6,総合職,53.3,一般職,77.1,技能職,88.8,全体,75.6,,,71.2,74,72.1,2025年4月1日～2026年3月31日,,2026年3月時点,2026年08月04日
3391,4430001029116,株式会社ツルハホールディングス,,,,,,,,,,,,,,正社員,57.7,,,,,,,,,63.7,65.5,50.1,2025年3月1日～2026年2月28日,,2026年3月時点,2026年08月05日
5989,3030001011684,株式会社エイチワン,13.5,対象正社員,総合職,13.5,,,,,,,,,,総合職,100.6,,,,,,,,,83.6,78.2,84,2025年4月1日～2026年3月31日,人材の多様性確保の観点から、新卒採用者に占める女性割合を大幅に増やした結果、相対的に賃金水準が低い若年層の女性社員割合が増加し、現行の賃金格差となっている。,2026年4月時点,2026年06月03日
2819,5020001022870,エバラ食品工業株式会社,6,その他,,,,,,,,,,,83.9,,,,,,,,,,,73.8,75.8,83.2,2025年4月1日～2026年3月31日,,2026年4月時点,2026年05月14日
6104,3010001034836,芝浦機械株式会社,,,,,,,,,,,,,,,,,,,,,,,,77.4,81.1,58,2025年4月1日～2026年3月31日,,2026年4月時点,2026年08月10日
7018,9240001038924,内海造船株式会社,23.5,対象正社員,,,,,,,,,,,90.9,有給付与対象とするすべての労働者,90.9,,,,,,,,,65.3,72.1,36.1,2025年4月1日～2026年3月31日,事業年度を通して在籍した労働者から算出。途中入社や途中退職者は含めない。,2026年4月時点,2026年04月16日
6237,3010001011026,株式会社イワキ,6.5,対象正社員,,,,,,,,,,,66.5,正社員・嘱託社員,66.5,,,,,,,,,55.5,67.8,46.1,2025年4月1日～2026年3月31日,「非正規雇用労働者」には、パートタイマー、嘱託社員を含んでおります。,2026年3月時点,2026年06月24日
8343,1410001000221,株式会社秋田銀行,7,対象正社員,行員,7,嘱託職員,1.9,パートタイマー,0,,,,,59.4,,,,,,,,,,,53.6,65.4,62.9,2025年4月1日～2026年3月31日,"・当行の男女賃金差異は、主に給与が高くなる傾向にある勤続年数の長い職員における男性比率が高いことや給与の高い職位に占める男性比率が高いことによるもので、当行では同じ役割であれば男女で賃金の差は設けていません。引き続き、女性を含めたすべての職員の自律的なキャリア形成支援やワークライフバランスの実現に取組み、男女賃金差異の縮小に努めてまいります。
・賃金は退職手当、通勤手当等を除いています。
・パートタイマー人員数の算出については、当該パートタイマーの年間所定労働時間から行員の年間所定労働時間を除して算出しています。",2026年3月時点,2026年06月22日
9857,6120001041612,英和㈱,,,,,,,,,,,,,,管理職,49.7,総合職,66.5,技術職,57.9,一般職,78.9,非正規社員,81.7,53.9,59.5,58,2025年4月1日～2026年3月31日,"賃金：基本給、通勤手当、超過労働に対する報酬、賞与等を含み、退職手当を除く。
正社員：出向者については当社から社外への出向者を含み、他社から当社への出向者
は除く。
非正規社員：パートタイマー、嘱託を含み、派遣社員を除く。",2026年3月時点,2026年06月24日
6723,8020001075701,ルネサス エレクトロニクス株式会社,,,,,,,,,,,,,,従業員,69.6,,,,,,,,,74.8,74.4,69.8,2025年1月1日～2025年12月31日,"ルネサスは、性別に関係なく役職に応じて均等に賃金制度を適用していますが、従業員数、役職構成などの要因により、男女間の格差が発生しており、男女間の格差は74.8%となっています。
また、男女を問わないワークライフバランス向上のため、短時間勤務制度やスーパーフレックス制度などの柔軟な働き方ができる職場づくりを行っておりますが、短時間勤務制度の利用者のうち女性の占める割合が高いことも、男女の賃金の差異に影響していると考えております。
男女間の賃金格差は主に非管理職で発生しており、女性の管理職比率は2025年度末で4.97％であり、女性の管理職登用を進めていく所存です。
有期雇用者については、賃金が女性より男性の方が相対的に高い有期雇用者が多いため、格差がある状況です。",2025年12月時点,2026年04月30日
3848,9010001051124,株式会社データ・アプリケーション,,,,,,,,,,,,,,,,,,,,,,,,83.4,83.2,78.5,2025年4月1日～2026年3月31日,"※年俸額で算出（固定報酬＋賞与）
※非正規雇用労働者はフルタイム労働者で算出",2026年3月時点,2026年07月02日
6524,9160001007235,湖北工業株式会社,,,,,,,,,,,,,,,,,,,,,,,,57.2,73.2,51.3,2025年1月1日～2025年12月31日,"・対象期間中に入退社したした労働者は除外しています
・所定労働時間が短いパート社員についても1人として数えています",2025年12月時点,2026年03月17日
6653,6290001014089,株式会社正興電機製作所,13.9,対象正社員,,,,,,,,,,,,,,,,,,,,,,48,77.5,41.2,2025年1月1日～2025年12月31日,,2025年12月時点,2026年01月27日
6101,3010001101264,株式会社ツガミ,14.3,その他,,,,,,,,,,,,その他,66.1,,,,,,,,,72,78.7,60.3,2025年4月1日～2026年3月31日,・対象期間：2025事業年度（2025年4月1日から2026年3月31日）・賃金：賞与を含み。退職手当、通勤手当を除く・正規雇用労働者：海外駐在員を除く正社員、嘱託社員および無期雇用者・非正規雇用労働者：パートタイマー、ＯＢ再雇用,2026年3月時点,2026年06月18日
4620,1011401007292,藤倉化成株式会社,,,労働組合員,12.9,,,,,,,,,,,,,,,,,,,,75.2,76.2,49.8,2025年4月1日～2026年3月31日,,2026年3月時点,2026年06月23日
4175,7010401110126,株式会社ｃｏｌｙ,,,正社員（開発）,6.6,正社員（グッズ）,8.2,正社員（バックオフィス）,4.6,フルタイム非正規（開発）,6.1,フルタイム非正規（グッズ）,5.4,,全労働者,71.3,,,,,,,,,74.4,77,99.3,2025年2月1日～2026年1月31日,,2026年1月時点,2026年07月03日
E02368,6010001032696,ＹＫＫ株式会社,12.5,対象正社員,営業・管理 Pコース,15.2,営業・管理 Sコース,11.5,営業・管理 Eコース,7.2,営業・管理 Vコース,2.1,製造・技術 Pコース,17.2,,,,,,,,,,,,70.7,71,78.8,2025年4月1日～2026年3月31日,※2025年度実績,2026年4月時点,2026年06月26日
2809,6011001006277,キユーピー株式会社,16.6,対象正社員,総合職,21.3,地域職,13.8,臨時従業員有期雇用（工場・フルタイム勤務）,6.6,臨時従業員有期雇用（工場・時短勤務）,0.1,臨時従業員有期雇用（工場以外・フルタイム勤務）,5.7,,正社員,72,,,,,,,,,60.3,62.6,72.8,2024年12月1日～2025年11月30日,"男女の賃金差異に影響を与えている主な理由
・育児休業取得者数の差異（例年100名以上の女性社員が取得）
・基幹職比率の差異（女性管理職比率19.9％）",2025年11月時点,2026年04月10日
9989,1012401000634,株式会社　サンドラッグ,10.3,基幹的な職種,店舗正社員,16.5,薬剤師正社員,2.8,本社正社員,4,非正規社員,0.1,,,,正社員,72.7,,,,,,,,,42.8,84.6,100.9,2025年4月1日～2026年3月31日,,2026年3月時点,2026年07月31日
6458,6120001065727,新晃工業株式会社,24.4,対象正社員,正社員,24.4,非正規社員,8.9,,,,,,,,正社員,73,,,,,,,,,61.9,62.4,69,2024年4月1日～2025年3月31日,"※「女性の職業生活における活躍の推進に関する法律」（平成27年法律第64号）の規定に基づき算出したものであります。
※男女の賃金の差異が生じている主な要因は、男女それぞれの母数に占める管理職級の比率が男性と比べて女性が低いこと、並びに、男女間における職種（総合職・一般職）の人数分布の差によるものであります。なお、当社では正規・非正規労働者のいずれにおいても、給与規定、評価制度及び採用基準において男女の差異は設けておりません。",2025年3月時点,2025年09月17日
6272,8060001004788,レオン自動機株式会社,,,,,,,,,,,,,,,,,,,,,,,,76.9,79.9,74.1,2025年4月1日～2026年3月31日,,2026年3月時点,2026年06月18日
5994,6180001078161,㈱ファインシンター,13.3,対象正社員,直接雇用者,9.5,,,,,,,,,75.3,直接雇用者,75.3,,,,,,,,,75.2,83.7,83,2025年4月1日～2026年3月31日,,2025年8月時点,2026年07月16日
E02098,5480001006794,日亜化学工業株式会社,,,総合職,6,一般職,3.1,契約社員,0.1,期間社員,10.3,,,,対象とする労働者すべて,89.9,,,,,,,,,74.3,75.1,71.3,2025年1月1日～2025年12月31日,"■データ算出に関する付記事項

　対象期間：令和7年（2025年1月1日から2025年12月31日まで）

　賃金：基本給、超過労働に対する報酬、賞与等を含み、退職手当、通勤手当等を除く

　正規労働者：出向者については、当社から社外への出向者を含み、他社から当社への出向者を除く
　非正規雇用労働者：契約社員、期間社員、嘱託社員を含み、派遣社員を除く

■差異についての補足説明

　正規従業員数については、女性社員が全体の14％程度と少ないものの、性別による賃金差は設けていない。
　正規労働者の年代別の賃金差は、次のとおり。
　　20代・82.8%、　30代・67.9%、　40代・78.4%、　50代・74%

　少子化対応で大幅に増額した子供手当を含む家族手当受給者や交代制勤務従事者に男性社員が多いことが
　男女の賃金差の主な要因と思われる。（非正規雇用労働者数は全体の3.4％程度）",2025年12月時点,2026年03月31日
9158,9010401113614,株式会社シーユーシー,20.7,対象正社員,正社員,18.5,有期フルタイム,14.2,有期短時間,3.3,,,,,,,,,,,,,,,,71.8,73.2,122.9,2025年4月1日～2026年3月31日,男女間賃金格差の算出に当たり、正規労働者には、短時間勤務者を含めています。,2026年3月時点,2026年07月17日
4174,4011001065192,株式会社アピリッツ,23.1,対象正社員,,,,,,,,,,,86.4,,,,,,,,,,,82.6,82.7,69.6,2025年2月1日～2026年1月31日,,2026年1月時点,2026年03月13日
300A,2011101020470,ＭＩＣ株式会社,31.2,対象正社員,正社員,31.2,準社員,21.3,嘱託社員,9.6,契約社員,16.3,パートナー社員,5.1,,全社員,69.7,,,,,,,,,72.1,88,94,2023年4月1日～2024年3月31日,"【賃金】基本給、超過労働に対する報酬、賞与等を含み、退職手当、通勤手当等を除く。

正社員　　　　　：正社員、及び 正社員に準ずる準社員・嘱託社員を含む。
パート・有期社員：パートタイマー・契約社員を含み、派遣社員・業務委託を除く。

※なお、パート労働者については、フルタイム労働者の所定労働時間（160時間/月）をもとに人員数の換算を行っている。",2024年4月時点,2025年02月05日
5018,7140001021198,株式会社ＭＯＲＥＳＣＯ,6.9,基幹的な職種,,,,,,,,,,,,正社員,68,契約社員,79,,,,,,,79.4,83,70.1,2025年3月1日～2026年2月28日,2025年1月1日～2025年12月31日の給与より算出,2026年4月時点,2026年05月12日
7292,3080001005194,株式会社村上開明堂,,,,,,,,,,,,,,,,,,,,,,,,74.5,76.6,96.9,2025年4月1日～2026年3月31日,,2026年3月時点,2026年07月17日
6266,6260001018266,タツモ株式会社,18.6,対象正社員,,,,,,,,,,,,,,,,,,,,,,82.6,85.5,68.5,2025年1月1日～2025年12月31日,,2024年12月時点,2026年07月16日
8037,5370001003340,カメイ株式会社,9.9,対象正社員,正社員,9.9,全社員（正社員・嘱託社員・契約社員）,8.9,,,,,,,,正社員,54.3,,,,,,,,,62.4,69.8,81.6,2025年4月1日～2026年3月31日,"賃金制度・体系において性別による差異はありません。
男女の賃金の差異は主に男女間の管理職比率及び雇用形態の差異によるものであります。",2026年3月時点,2026年06月26日
6820,1120001019349,アイコム株式会社,6.2,基幹的な職種,,,,,,,,,,,,正社員,67.1,,,,,,,,,72.4,76.3,75.5,2025年4月1日～2026年3月31日,,2026年3月時点,2026年08月10日
7565,2120001036483,萬世電機株式会社,9.1,対象正社員,,,,,,,,,,,,正社員,74,,,,,,,,,,,,,,2025年11月時点,2025年12月08日
6371,2120001002188,株式会社椿本チエイン,10.3,対象正社員,,,,,,,,,,,,正社員,81.9,組合員,84,,,,,,,61.5,80,26.8,2025年4月1日～2026年3月31日,当社の賃金制度・体系は性差による差異はありませんが、管理職、上位資格における女性比率が低いことにより、賃金格差が生じております。女性従業員の管理職、上位資格への積極的登用を行うため計画的に女性基幹職の採用数を増やしており、今後、賃金格差は解消されていく見込みです。また、非正規雇用労働者における賃金格差は、女性従業員の92％が短時間/短日数勤務者である事によるものです。,2026年3月時点,2026年06月30日
3800,2010401034593,株式会社ユニリタ,,,,,,,,,,,,,,,,,,,,,,,,79.2,79.2,,2025年4月1日～2026年3月31日,"対象期間：2025年事業年度(2025年4月1日から2026年3月31日まで)
賃金：基本給、超過労働に対する報酬、賞与等を含み、退職手当、通勤手当等は除く。
正規雇用労働者：出向者については、当社から社外への出向者を含む、他社から当社への出向者を除く。
パート・有期雇用労働者：パートタイマー、嘱託を含み派遣社員を除く。",2026年3月時点,2026年07月14日
9755,2010001034531,応用地質株式会社,7.6,対象正社員,,,,,,,,,,,68.3,一般職,70.2,管理職,65.1,,,,,,,69.7,74.3,34.8,2025年1月1日～2025年12月31日,"・2025年度における賃金格差は、区分毎に
正規労働者は74.3％（女性/男性）、非正規労働者で34.8％となっている。
正規労働者の格差は、基幹職（Ｊ～Ｍクラス）では、男性は管理職（Ｍクラス）、主任級（Ｓクラス）、係長級（Ｅクラス）が多く、女性は若手が多いためＫ、Ｊクラスの割合が多いことによる。
・クラス毎の男女の差異は、管理職（Ｍクラス）で大きくなっているが、これは女性は昇格後数年の若い課長級が多く、男性は管理職歴の長い者が多いためである
次いで、ＳクラスやＥクラスで格差がやや大きいが、これは育休を取得する年齢層であり昇給の停滞する女性が一定数いるためだと考えられる。
他の区分では有意な男女差はないといえる。
非正規労働者では、定年再雇用のＶクラスは、退職時の賃金を基準に退職時の８０％を目安としているが、男性は管理職で定年を迎えるものが多いがが、女性は一般職で退職を迎えるため差が大きくなっている。
・契約社員については、男性は専門技術者が多く、女性は定型業務を担当するものが多いため、ベースの賃金に差があることによる。
パートについては、勤務日数や就業時間が多様であるため、一律の比較は難しいが、平均年間賃金比較ではほとんど差はない。",2025年12月時点,2026年07月02日
6292,6120001042354,株式会社カワタ,,,,,,,,,,,,,68.7,従業員,68.7,,,,,,,,,,,,,,2026年3月時点,2026年06月12日
6470,7180301018584,大豊工業株式会社,23.2,対象正社員,,,,,,,,,,,,正社員,78.3,,,,,,,,,73.1,74.8,89.4,2025年4月1日～2026年3月31日,,2026年3月時点,2026年07月02日
9763,1010401028415,丸建リース株式会社,10,対象正社員,,,,,,,,,,,71.2,正社員,71.2,男性,65.2,女性,83.7,,,,,71.3,69.4,85.6,2025年4月1日～2026年3月31日,非正規には、継続再雇用社員（1年ごとの有期労働契約）、契約社員、アルバイト含む,2026年3月時点,2026年06月26日
5110,6140001008691,住友ゴム工業株式会社,23.8,対象正社員,スタッフ職,19.1,技能・工務職,25.6,派遣,8.3,,,,,,スタッフ職,91,技能・工務職,88,,,,,,,74.1,76.5,66.3,2025年1月1日～2025年12月31日,"・手当等含めた支給額を対象従業員総数で割り算出
・非正規雇用には、会社と直接契約があり賃金を支払っているものすべて含む（従業員数算出基準と定義を揃えている）",2025年12月時点,2026年04月09日
2931,8010001112570,株式会社ユーグレナ,,,,,,,,,,,,,,,,,,,,,,,,61.6,64.8,56.3,2025年1月1日～2025年12月31日,,2025年12月時点,2026年05月21日
4667,5180001049428,アイサンテクノロジー株式会社,0.2,対象正社員,,,,,,,,,,,,,,,,,,,,,,75.3,80,,2025年4月1日～2026年3月31日,男性の非正規雇用労働者は在籍していない,2026年3月時点,2026年08月20日
E03660,8250001008844,株式会社西京銀行,5.8,対象正社員,正規行員,5.8,非正規行員,2.2,,,,,,,90.1,正規行員,89.6,非正規行員,94.5,,,,,,,70.3,73.7,52,2025年4月1日～2026年3月31日,,2026年3月時点,2026年06月25日
7721,3010801008436,東京計器株式会社,11,対象正社員,正社員 （工場以外）,7.8,正社員 （工場勤務）,13.5,無期契約社員 フルタイム （工場以外）,5.1,無期契約社員 フルタイム （工場勤務）,5.9,無期契約社員 短時間 （工場以外）,0,63.2,正社員,63.2,,,,,,,,,66.4,70.7,67.8,2025年4月1日～2026年3月31日,,2026年3月時点,2026年06月23日
7236,3011001015719,株式会社ティラド,20.9,対象正社員,事技職,19.1,技能職,21.5,,,,,,,,正社員,77.6,,,,,,,,,79.4,84.9,61.7,2025年4月1日～2026年3月31日,"賃金:基本給、超過労働に対する報酬、賞与等を含み、退職手当、通勤手当等を除く。
パート・有期社員:パートタイマー、嘱託を含み、派遣社員を除く。",2026年3月時点,2026年04月22日
7483,8120001039126,株式会社ドウシシャ,,,,,,,,,,,,,,正社員,57.1,,,,,,,,,56.6,55.7,68.9,2024年4月1日～2025年3月31日,"当社の業態の特性上、正規雇用者のうち事務職員が全体の22.0%を占めるため、職種別に記載しております。
※2025年4月末現在",2025年4月時点,2025年08月28日
4662,1010701008901,株式会社フォーカスシステムズ,14.2,対象正社員,正社員,15,契約社員,0.5,,,,,,,,正社員,72.3,契約社員,77.7,,,,,,,75.4,76.8,38.2,2025年4月1日～2026年3月31日,非正規雇用労働者の賃金差異が大きくなっている要因としては、そもそも非正規雇用労働者人数が少ない中で、男性では定年後に再雇用された長期勤務者や高度な専門性を有するエンジニアが在籍しており、これらの高賃金者の影響により平均賃金が押し上げられているためです。,2026年3月時点,2026年05月29日
4554,5010001084045,富士製薬工業株式会社,9.8,対象正社員,正社員(基幹職_研究職),9,正社員(基幹職_研究職以外),10.4,正社員(実務職),7.7,非正社員（嘱託_研究職）,2.7,非正社員（嘱託_研究職以外）,5,,正社員,67.3,,,,,,,,,67.1,69,45.9,2024年10月1日～2025年9月30日,,2025年9月時点,2026年08月21日
4761,3140001007886,株式会社さくらケーシーエス,18,その他,,,,,,,,,,,89,,,,,,,,,,,72.9,77.4,45.8,2025年4月1日～2026年3月31日,"当社では、
　正規労働者において、
　過去に育児・出産を契機として退職した女性が多かったことから、
　平均勤続年数や管理職比率などの指標にはいまだ男女間で格差があり、男女間の賃金にも差異が
　生じていますが、2015年以降全社的に女性活躍の推進に本格的に取り組み
　はじめた結果、男女間の差異は着実に縮小し続けている。

　非正規労働者においては、
　男性の非正規労働者の大半がフルタイム勤務の契約・嘱託社員であるのに対し
　女性の非正規労働者の8割以上がパート従業員であるため、結果的に男女間で賃金に差異が生じている。",2026年7月時点,2026年08月05日
7944,6080401010213,ローランド株式会社,16.7,対象正社員,正社員,16.7,嘱託,7.8,,,,,,,,正社員,76.8,嘱託,83.9,アルバイト,90.4,,,,,79.8,79.6,66.8,2025年1月1日～2025年12月31日,,2025年12月時点,2026年01月23日
2229,8010001133757,カルビー株式会社,10.5,対象正社員,正社員,10.5,正社員以外,5.4,,,,,,,,正社員,82.4,,,,,,,,,78.7,81.9,70.9,2025年4月1日～2026年3月31日,,2026年3月時点,2026年07月23日
4275,6010001156165,株式会社カーリット,,,,,,,,,,,,,,,,,,,,,,,,68.6,75.9,59.3,2025年4月1日～2026年3月31日,"・対象期間：2025事業年度（2025年4月1日～2026年3月31日）
・正社員：出向者については当社から社外への出向を含み、他社から当社への出向を除く
・パート・有期労働者：臨時、パート、アルバイト、嘱託社員が該当
・賃金：DC掛金、通勤手当、帰省旅費を除く
・臨時、パート、アルバイト社員については各勤務地の正社員の所定労働時間を元に人員数の換算を行っている
・期間中の出生時育児休業の社員は含み、産前産後休暇、育児休業、介護休業、私傷病休職の社員を除く

【男女賃金差異が生じる要因】
同一労働の賃金に差はなく、職掌および資格等級別人数構成の差によるもの",2026年3月時点,2026年06月23日
9418,3011001067132,株式会社U-NEXT HOLDINGS,,,,,,,,,,,,,,,,,,,,,,,,46.9,59.7,16.5,2024年9月1日～2025年8月31日,,2025年8月時点,2025年10月16日
9902,8120001077522,株式会社日伝,,,,,,,,,,,,,,全労働者,66.9,,,,,,,,,67.9,71.4,30,2025年4月1日～2026年3月31日,"<付記事項>
・賃金：基本給、他手当、超過労働に関する報酬、賞与、通勤手当を含む
・出向者については、当社から社外への出向また出向受入を除く
・非正規雇用労働者とは、契約社員、嘱託社員、パートを含み、派遣社員を除く

<差異についての補足説明>
・正規雇用労働者
　男性の管理職比率が高いことによる。
・非正規雇用労働者
　女性においてパートタイマーの占める割合が大きいため格差が生じていると考えられる。",2026年3月時点,2026年07月14日
8141,3010701019351,新光商事株式会社,16.9,対象正社員,,,,,,,,,,,,,,,,,,,,,,53.9,61.3,35,2025年4月1日～2026年3月31日,"同一資格同一賃金としており、
男女間の賃金格差はございません。",2026年3月時点,2026年07月16日
3863,8011501009422,日本製紙株式会社,16.8,対象正社員,総合職,12.4,一般職,17.5,,,,,,,78.1,,,,,,,,,,,73.8,74.5,63,2025年4月1日～2026年3月31日,"「女性の職業生活における活躍の推進に関する法律」の規定に基づき算出しています。
なお、労働者の男女の賃金の差異について、同一労働の賃金に差はなく、主に男性労働者が従事する交替勤務に対する手当支給の有無によるものです。",2026年4月時点,2026年07月27日
9932,9120001044397,杉本商事株式会社,,,,,,,,,,,,,,,,,,,,,,,,70.5,68.5,73.9,2025年4月1日～2026年3月31日,,2025年5月時点,2026年07月16日
4216,7350001006608,旭有機材株式会社,,,,,,,,,,,,,,正社員,83.2,,,,,,,,,68.5,80.1,66,2025年4月1日～2026年3月31日,,2026年3月時点,2026年05月28日
5621,9010001144019,株式会社ヒューマンテクノロジーズ,,,営業職・正社員,13.7,エンジニア職・正社員,12.4,カスタマーサポート職・正社員,6.7,コーポレート・正社員,9.4,,,,,,,,,,,,,,74.8,76,41.4,2025年4月1日～2026年3月31日,,2026年3月時点,2026年06月03日
6351,9120001002215,株式会社鶴見製作所,,,,,,,,,,,,,,,,,,,,,,,,59.6,63.8,53.1,2024年4月1日～2025年3月31日,"正規雇用労働者の男女の賃金の差異について男性の管理職比率が高いことが主な要因ですが、
総合職に限定すると男女の賃金の差異は99.9％であり、ほぼ同等になっています。",2025年3月時点,2025年10月08日
4027,7120001027825,テイカ株式会社,18.6,対象正社員,,,,,,,,,,,81.8,一般職,98,総合職,68,管理職,49,,,,,69.7,78.2,86,2025年4月1日～2026年3月31日,,2026年4月時点,2026年07月16日
3837,8010401052268,アドソル日進㈱,,,,,,,,,,,,,,正社員、契約社員,65.5,,,,,,,,,83.8,84.3,71.7,2025年4月1日～2026年3月31日,,2026年3月時点,2026年06月19日
3878,9010001034871,株式会社巴川コーポレーション,18,対象正社員,正社員,18,,,,,,,,,,正社員,65.1,非正規社員,83.1,全社員,68.1,,,,,65.2,67.9,69.6,2025年4月1日～2026年3月31日,現時点では管理職などの上位層に占める女性労働者の割合が低いことなどから65.2％の労働者の男女賃金差異がありますが、39歳までの若年層、特に正規雇用労働者の差異は83.8％です。,2026年3月時点,2026年07月31日
6339,5180001030627,新東工業株式会社,19.8,対象正社員,,,,,,,,,,,,男性,74.1,女性,86.7,,,,,,,66,66.3,59.1,2024年4月1日～2025年3月31日,,2025年3月時点,2025年10月08日
4783,2010701007869,NCD株式会社,14.9,対象正社員,正社員,16.1,非正規社員,7.1,,,,,,,,正社員,78.5,契約社員,85.9,,,,,,,97,79.1,132.6,2025年4月1日～2026年3月31日,,2026年4月時点,2026年08月05日
3928,7010001100444,株式会社マイネット,,,,,,,,,,,,,,,,,,,,,,,,79.1,77.4,88,2025年1月1日～2025年12月31日,,2025年12月時点,2026年01月27日
6822,2020001019746,大井電気株式会社,22.2,対象正社員,,,,,,,,,,,,正社員,79.8,,,,,,,,,71.2,73.5,44.2,2025年4月1日～2026年3月31日,,2026年3月時点,2026年07月01日
8227,6030001004272,株式会社しまむら,,,,,,,,,,,,,,正社員,58.2,,,,,,,,,43.2,80.8,76.8,2025年2月21日～2026年2月20日,"・当社の正規社員に占める女性の割合は 63.3％です。
また、独自の人材登用制度の運用により非正規社員から正規社員に転じた社員の割合は正規社員の50.8％を占めます。
（2025年 2月20日時点）
・当社の非正規社員に占める女性の割合は 98.8％です。
また、全体に占める非正規社員の割合は 85.9％となります。（2025年 2月20日時点）
・当社には正規社員、非正規社員共に、給与（賞与）その他賃金に係る処遇において性差はありません。",2026年2月時点,2026年06月19日
7943,4180001007155,ニチハ株式会社,,,,,,,,,,,,,,,,,,,,,,,,60.5,66.3,61.8,2025年4月1日～2026年3月31日,,2026年4月時点,2026年07月27日
6136,1180301010019,オーエスジー株式会社,12.3,その他,正社員,13.8,準社員,5.6,,,,,,,,正社員,81,準社員,93,,,,,,,73.6,74.4,80.6,2024年12月1日～2025年11月30日,,2025年11月時点,2026年02月25日
6444,5070001013386,サンデン株式会社,18.3,対象正社員,正社員,18.3,,,,,,,,,80.3,正社員,80.3,,,,,,,,,75.4,78.7,86.4,2025年1月1日～2025年12月31日,,2025年12月時点,2026年04月23日
7238,8010001034724,曙ブレーキ工業株式会社,13,対象正社員,,,,,,,,,,,,正社員,93,,,,,,,,,79.8,79.4,79.7,2025年4月1日～2026年3月31日,,2026年5月時点,2026年06月22日
6445,7010101008876,株式会社ジャノメ,7.8,対象正社員,正社員(事務職),4.6,正社員(技術職),13.2,非正規(有期・フルタイム),0.1,非正規(有期・短時間),1,非正規(無期・フルタイム),0,,正社員,74.9,,,,,,,,,83.1,86.7,76.2,2025年4月1日～2026年3月31日,"非正規雇用労働者は労働時間に応じて人数を換算しています。
2025年度より無期フルタイムのパートを正社員区分に変更いたしました。",2026年6月時点,2026年06月22日
2814,5180001075845,佐藤食品工業株式会社,17.8,その他,,,,,,,,,,,,常時労働者,63.3,,,,,,,,,83.9,66.4,73.1,2023年4月1日～2024年3月31日,,2025年3月時点,2025年08月25日
6267,6180001045896,ゼネラルパッカー株式会社,,,,,,,,,,,,,,,,,,,,,,,,63.5,70.2,58.7,2024年8月1日～2025年7月31日,"労働者の男女の賃金の差異について、賃金制度・体系において性別による差異はありません。男女の賃金
の差異は、主に男女間の管理職比率及び雇用形態の差異によるものです。パート・有期労働者については、
正規雇用労働者の所定労働時間（１日８時間）で換算した人員数を基に平均年間賃金を算出しておりま
す。",2025年7月時点,2026年08月07日
E08587,7011001068366,日本貨物鉄道株式会社,,,,,,,,,,,,,,,,,,,,,,,,67.6,78.9,78.6,2025年4月1日～2026年3月31日,,2026年3月時点,2026年07月16日
8233,5120001077467,株式会社　髙島屋,6,対象正社員,正社員,6,契約社員（月給制）,1.3,契約社員（時間給制）,0.5,,,,,74.4,正社員,64.2,契約社員（月給制）,82.1,契約社員（時間給制）,96.5,,,,,59.9,61.6,58.8,2025年3月1日～2026年2月28日,"正規雇用には、正社員の他、無期雇用の契約社員を含む。
社員のみの差異は約7割、職階別では差異はほぼなく、全体への差異の影響は管理職比率の差異が影響。
男女間賃金差異の解消に向け、今後も女性管理職比率向上への取組みを推進していく。",2026年3月時点,2026年06月11日
6516,1013301004808,山洋電気株式会社,18.2,その他,,,,,,,,,,,,,,,,,,,,,,79.8,76.2,68.5,2025年4月1日～2026年3月31日,正規雇用の女性社員のうち8.2％が育児短時間勤務制度を利用している。,2026年3月時点,2026年06月02日
3193,9120001011711,株式会社エターナルホスピタリティグループ,21.7,対象正社員,店舗・営業系,23.9,本社・管理系,14,,,,,,,29,正社員,36.8,,,,,,,,,54.8,78,96.4,2024年8月1日～2025年7月31日,"グループ会社全体の数値を記載しております
【正規雇用労働者、非正規雇用労働者から除外されている労働者の有無】  (無)
【賃金から除外している手当等の有無】　(無)
【自社における男女間賃金格差の背景事情】
入社時の賃金に男女差はないものの、女性比率が低いこと、管理職に占める女性割合が低いことが大きな要因です",2025年10月時点,2025年10月23日
5356,5200001021920,美濃窯業株式会社,,,,,,,,,,,,,79.8,,,,,,,,,,,,,,,,2026年3月時点,2026年05月01日
7727,4011101003936,㈱オーバル,,,,,,,,,,,,,,,,,,,,,,,,72.7,75.7,91.1,2025年4月1日～2026年3月31日,,2026年3月時点,2026年05月21日
2593,3011001002279,株式会社伊藤園,23.1,対象正社員,,,,,,,,,,,,正社員,60.9,,,,,,,,,78.5,78.7,84.1,2024年5月1日～2025年4月30日,,2025年4月時点,2025年08月28日
8079,5010001139914,正栄食品工業株式会社,,,,,,,,,,,,,,正規従業員,71.6,,,,,,,,,68.3,70.3,39.6,2024年11月1日～2025年10月31日,,2025年10月時点,2026年04月22日
6357,3120901006634,三精テクノロジーズ株式会社,,,,,,,,,,,,,,,,,,,,,,,,70.8,72.6,48.2,2025年4月1日～2026年3月31日,"対象期間：令和７事業年度（令和７年４月１日から令和８年３月３１日まで）
賃金：基本給、超過労働に対する報酬、賞与等を含み、退職手当、通勤手当等を除く。
正社員：出向者については、当社から社外への出向者を含み、他社から当社への出向者を除く。
パート・有期社員：有期契約社員、嘱託社員を含み、派遣社員を除く。",2026年3月時点,2026年04月24日
2317,6010401088867,株式会社システナ,9.7,対象正社員,正社員,9.7,,,,,,,,,,正社員,81.9,,,,,,,,,83.3,83.3,95.1,2025年4月1日～2026年3月31日,2025年度実績（2025年4月～2026年3月末）,2026年3月時点,2026年04月30日
3775,1010701022159,株式会社ガイアックス,,,正社員　管理部,9.9,契約社員 フルタイム,2.5,アルバイト,0,定年後再雇用,0,,,,,,,,,,,,,,,,,,,2024年4月時点,2024年07月22日
7245,1180001012595,大同メタル工業株式会社,17.5,対象正社員,,,,,,,,,,,,,,,,,,,,,,65.7,72.1,81.7,2024年4月1日～2025年3月31日,,2024年1月時点,2025年08月28日
2923,8110001002068,サトウ食品株式会社,4.4,対象正社員,正社員,4.7,契約社員,0.5,,,,,,,91.1,,,,,,,,,,,54.1,71.1,83.6,2025年5月1日～2026年4月30日,・賃金に通勤費を含む,2026年4月時点,2026年05月25日
6932,3120001041581,株式会社遠藤照明,21,対象正社員,,,,,,,,,,,,正社員,67.3,パートタイマー,93,,,,,,,76.2,78.5,51.2,2025年4月1日～2026年3月31日,"対象期間：2025年事業年度（2025年4月1日から2026年3月31日まで）
賃金：基本給、超過労働に対する報酬、賞与等を含み、退職手当、通勤手当を除く。
正規雇用労働者：正社員
非正規雇用労働者：有期雇用労働者、パートタイマー、嘱託社員を含み、派遣労働者を除く。",2026年4月時点,2026年06月08日
6140,4010001008954,旭ダイヤモンド工業株式会社,10.7,対象正社員,正社員,10.7,,,,,,,,,74.2,正社員,72.3,,,,,,,,,73.4,76,77.8,2025年4月1日～2026年3月31日,,2026年3月時点,2026年06月02日
6307,3120001055482,サンセイ株式会社,,,,,,,,,,,,,75.9,,,,,,,,,,,81.2,86.5,78.1,2025年4月1日～2026年3月31日,"正規雇用における男女賃金差異は、職種ごとの労働時間の違いによるもの。
男性社員が多く従事している現業職では業務の特性上残業時間が多く、結果残業手当を含む年間給与が高くなるため。


非正規雇用における男女賃金差異は、嘱託社員とパートタイマーの内、パートタイマーの大半が女性社員で総労働時間が少なかったため。",2026年5月時点,2026年06月09日
9044,6120001077499,株式会社NANKAI,,,,,,,,,,,,,,対象とする労働者すべて,93.2,,,,,,,,,79.5,81.1,73.6,2025年4月1日～2026年3月31日,,2026年3月時点,2026年06月15日
9722,6010001100247,藤田観光株式会社,14.8,対象正社員,正社員,14.8,キャリア社員,7.1,,,,,,,,正社員,45.1,キャリア社員,53.1,パートナー社員,57.4,,,,,64,70.4,64.6,2025年1月1日～2025年12月31日,"・非正規労働者に短時間労働勤務者を含む
・短時間労働勤務者において女性の割合は7割を占める",2025年12月時点,2026年03月02日
E04145,3010601023924,東京臨海高速鉄道株式会社,,,,,,,,,,,,,,,,,,,,,,,,92.5,90.7,101.5,2025年4月1日～2026年3月31日,令和7年年間給与支払総額のデータによる算定,2026年4月時点,2026年06月05日
8522,8180001036398,株式会社　名古屋銀行,9.8,対象正社員,正社員,9.8,契約社員,2.2,,,,,,,85.3,,,,,,,,,,,55.9,68.6,67.6,2025年4月1日～2026年3月31日,"・正規雇用労働者は正社員、非正規雇用労働者は契約社員（南通支店人員を除く）、パート人員とする。
・執行役員含めた役員、非常勤嘱託を除く。
・時短勤務者については、人数を以下の通り換算する。
  一日当たり実働時間／所定労働時間7.75時間
　30分短縮＝0.94人、60分短縮＝0.87人、90分短縮＝0.81人、120分短縮＝0.74人、150分短縮＝0.68人
・パートタイマーについては、人数を以下の通り換算する。
  月勤務日数×一日当たり実働時間／155時間（正規雇用労働者の所定労働時間7.75時間×20日）",2026年3月時点,2026年06月01日
6338,2150001010683,株式会社タカトリ,21,対象正社員,,,,,,,,,,,,,,,,,,,,,,73.9,79.3,40.3,2024年10月1日～2025年9月30日,,2026年1月時点,2026年04月24日
7505,6010001055706,扶桑電通株式会社,13.6,対象正社員,,,,,,,,,,,,正社員,76,,,,,,,,,62.4,65.4,34.3,2024年10月1日～2025年9月30日,,2025年9月時点,2026年01月14日
9896,4010601027156,ＪＫホールディングス株式会社,15.6,その他,,,,,,,,,,,,正社員,53.3,契約社員（フルタイム）,60,契約社員（パートタイム）,71.8,,,,,56.9,64.2,60.5,2025年4月1日～2026年3月31日,,2026年5月時点,2026年05月12日
3773,5013301017946,株式会社アドバンスト・メディア,7.5,対象正社員,,,,,,,,,,,,,,,,,,,,,,,,,,,2025年9月時点,2025年10月07日
6151,3010801009129,日東工器株式会社,,,,,,,,,,,,,,総合職,63.7,,,,,,,,,79.8,76.3,102.1,2025年4月1日～2026年3月31日,,2025年3月時点,2026年06月23日
8046,2010001034944,丸藤シートパイル株式会社,,,,,,,,,,,,,,,,,,,,,,,,69.2,67.9,72.6,2024年4月1日～2025年3月31日,,2026年3月時点,2026年07月27日
1766,1180001054828,東建コーポレーション株式会社,13,対象正社員,総合職,13,一般職,0.3,非正規,5,,,,,,総合職,69.9,一般職,74.5,,,,,,,,,,,,2023年5月時点,2023年10月03日
6652,6120001053789,IDEC株式会社,9.8,対象正社員,,,,,,,,,,,,正社員,73.9,,,,,,,,,58.9,77.7,55.7,2025年4月1日～2026年3月31日,,2026年3月時点,2026年08月05日
8399,6360001000404,株式会社　琉球銀行,,,行員,6.1,特定技能行員,8.3,嘱託,1.9,パートタイマー,0.3,,,69.5,,,,,,,,,,,65.8,71.5,73.5,2025年4月1日～2026年3月31日,,2026年3月時点,2026年07月03日
6069,7011001034194,トレンダーズ株式会社,,,,,,,,,,,,,,正社員,70.6,,,,,,,,,89.1,93.9,143.1,2024年4月1日～2025年3月31日,,2025年3月時点,2025年10月16日
8153,5010701019713,株式会社モスフードサービス,,,正社員（総合職）,19,正社員（店舗勤務限定）,34.2,嘱託社員,10.7,アルバイト（有期雇用）,1.3,,,,社員,66.1,,,,,,,,,64.8,81.1,96.2,2024年4月1日～2025年3月31日,当社の人事制度では、性別による賃金の差は設けておりません。男女の賃金の差異は、全従業員における女性のパート・有期労働者の比率が当社グループが展開する飲食店では非常に高くなっていることなどによる影響と考えております。男女の賃金の差異を解消するために、女性が働き続けやすい職場環境や人事制度の整備を進め、女性活躍推進の取り組みを継続してまいります。,2025年3月時点,2026年03月04日
9312,4010401009239,ケイヒン株式会社,25.6,対象正社員,,,,,,,,,,,64.6,正社員,64.6,,,,,,,,,72.7,72.5,64.4,2025年4月1日～2026年3月31日,,2026年3月時点,2026年05月29日
8214,5020001091635,株式会社AOKIホールディングス,13.3,対象正社員,正社員,13.3,契約社員,8.9,継続契約社員,5.9,,,,,71.7,,,,,,,,,,,64.1,70,49.2,2025年4月1日～2026年3月31日,,2026年3月時点,2026年07月01日
250A,3011001010678,シマダヤ株式会社,,,,,,,,,,,,,,,,,,,,,,,,70.7,73.8,55,2025年4月1日～2026年3月31日,"当社では、男女間で従事する職種や規程・制度に違いはございませんが、女性の管理職比率の低さや男女での勤続年数の違いなどが、差異の要因として捉えております。職場での人財育成やキャリア面談等の取組により一人ひとりのキャリア意識の醸成や、育児・介護休業制度等の充実による勤続年数の拡大に取り組んでおります。
　尚、非正規雇用労働者は定年退職後の再雇用社員が含まれており、その男性の構成比が高いため差異が生じておりますが、再雇用社員、パートタイマーともに正規雇用労働者同様、制度上に男女間の違いはございません。",2026年3月時点,2026年06月18日
5331,4180001026725,ノリタケ株式会社,18.1,対象正社員,総合職,19.2,一般職,10,技能職,19.5,,,,,,全労働者,71.7,,,,,,,,,73.8,76.1,80.6,2025年4月1日～2026年3月31日,"対象期間：2025年4月1日から2026年3月31日
算出方法：（女性の平均年間賃金）÷（男性の平均年間賃金）をパーセントで表示",2026年3月時点,2026年06月26日
9306,5180001031666,東陽倉庫　株式会社,26.3,対象正社員,,,,,,,,,,,72.6,職員,72.6,,,,,,,,,64,64.6,36.1,2025年4月1日～2026年3月31日,,2026年3月時点,2026年06月16日
7545,6140001060486,株式会社西松屋チェーン,17.8,対象正社員,,,,,,,,,,,,,,,,,,,,,,42.3,78.4,54.2,2025年2月21日～2026年2月20日,"●正規雇用労働者
　育児短時間勤務者は、労働時間を基に人数換算しています。
●非正規雇用労働者
　非正規雇用労働者には、パートタイム労働者と契約制社員としてフルタイム
　勤務する高度人材を含みます。
　パート従業員間の差異は100.5%、契約制社員間の差異は68.0％です。
　なおパートタイム労働者の人数は、正規雇用労働者の所定労働時間を基に
　人数換算しています。",2026年2月時点,2026年05月01日
E02300,7020001067105,株式会社ミツトヨ,,,正社員,17,,,,,,,,,65.7,,,,,,,,,,,82.6,77.8,95.2,2024年1月1日～2024年12月31日,,2025年1月時点,2025年10月22日
9048,8180001031837,名古屋鉄道株式会社,,,,,,,,,,,,,94.2,,,,,,,,,,,83.2,87.5,67.3,2025年4月1日～2026年3月31日,,2026年3月時点,2026年07月06日
5262,6010401023196,日本ヒューム株式会社,16.6,対象正社員,,,,,,,,,,,,正社員,30.4,,,,,,,,,72.4,82,66.2,2025年4月1日～2026年3月31日,"格差が大きい理由として
　①元々の男女雇用労働者数の違い
　②職種の違い",2026年3月時点,2026年07月22日
6340,7220001003337,澁谷工業株式会社,,,,,,,,,,,,,,,,,,,,,,,,66.7,66.4,60.5,2024年7月1日～2025年6月30日,,2025年6月時点,2026年03月27日
7906,4010001008228,ヨネックス株式会社,11.7,対象正社員,,,,,,,,,,,,正社員,71.3,,,,,,,,,74.8,74.8,,2024年4月1日～2025年3月31日,,2025年3月時点,2025年09月22日
7047,8011001069074,ポート株式会社,,,ビジネス職正社員,28.3,ビジネス職契約社員,16,技術職正社員,15.6,技術職契約社員,7.2,,,,,,,,,,,,,,79.9,77.2,141.7,2025年4月1日～2026年3月31日,,2026年3月時点,2026年06月16日
6498,2040001001644,株式会社キッツ,,,,,,,,,,,,,,正社員,70.2,,,,,,,,,83,83.3,62.5,2025年1月1日～2025年12月31日,対象期間：2025年1月1日～2025年12月31日,2025年12月時点,2026年03月19日
9347,6140001129629,日本管財ホールディングス株式会社,7.8,その他,正社員,7.6,契約社員,7.8,,,,,,,72.6,正社員,71.1,契約社員他,77.3,,,,,,,50.4,54.3,28.6,2025年4月1日～2026年3月31日,非正規雇用労働者について、男性は嘱託社員が多く、女性はパート社員が多いため。,2026年3月時点,2026年06月17日
6345,1030001042723,株式会社アイチコーポレーション,18.5,対象正社員,総合職,18.5,,,,,,,,,84.3,総合職,84.3,,,,,,,,,72.6,73.5,51.4,2025年4月1日～2026年3月31日,,2026年3月時点,2026年07月03日
5981,7010001034997,東京製綱株式会社,14,対象正社員,事務技術職社員,14.9,業務職社員,11.1,技能職社員,14.4,,,,,79,管理職社員,62,事務技術職社員,75.2,業務職社員,88.2,技能職社員,86.7,,,74.4,77.4,74.8,2025年4月1日～2026年3月31日,,2026年3月時点,2026年05月28日
5186,4120001039435,ニッタ株式会社,11.3,対象正社員,,,,,,,,,,,,正社員等,78.7,,,,,,,,,79.7,79.2,73.2,2025年4月1日～2026年3月31日,"対象期間：2025年度（2025年 4月 1日～2026年 3月31日）
対象者には、役員、顧問、海外勤務者、育児休業中、休職中で無給の者は含まれない。",2026年3月時点,2026年05月19日
8798,9120001073842,株式会社アドバンスクリエイト,22.4,対象正社員,正社員(グローバル),26.3,正社員(エリア),15,正社員(ローカル),9.5,契約社員,5.8,嘱託,7.7,,正社員(グローバル),74.1,正社員(エリア),82.2,正社員(ローカル),61.8,契約社員,94.6,嘱託,53.4,81.2,85.9,113.1,2024年10月1日～2025年9月30日,"時短勤務者数、管理職比率等において差異があることから、賃金差異が発生しております。
なお、いずれの雇用形態におきましても賃金制度上・人事制度上による処遇差等は一切ございません。",2025年9月時点,2026年06月15日
4992,5010001034909,北興化学工業株式会社,16.5,対象正社員,正社員,16.5,,,,,,,,,,,,,,,,,,,,65.1,71.7,69.1,2024年12月1日～2025年11月30日,,2025年11月時点,2026年07月03日
1826,9070001001420,佐田建設株式会社,,,,,,,,,,,,,,,,,,,,,,,,73,72,46,2025年4月1日～2026年3月31日,"【正規労働者】
●作業所手当が支給される労働者は男性の方が多い
●平均年齢差（女性34.1歳・男性47.7歳）が１３歳あり、課長職以上の役職者が女性に少ない

【非正規労働者】
●相対的に賃金水準の高い定年継続雇用者は男性が多い（女性0人・男性42人）",2026年3月時点,2026年04月03日
3678,2180001047905,株式会社メディアドゥ,13.5,対象正社員,正社員,13.5,有期雇用契約社員（嘱託）,11.5,有期雇用契約社員（アルバイト）,0.9,,,,,85.5,,,,,,,,,,,71.8,71.6,41.5,2025年3月1日～2026年2月28日,,2026年2月時点,2026年07月23日
9682,9010401018458,株式会社ＤＴＳ,22.1,対象正社員,正社員（エンジニア）,23.1,正社員（営業）,15.1,正社員（スタッフ部門）,14.2,無期契約社員,14.5,有期契約社員（エンジニア）,0.6,,対象とする労働者すべて,75.9,,,,,,,,,81.3,80.6,,2025年4月1日～2026年3月31日,"【対象期間】
事業年度：2025年度（2025年4月1日～2026年3月31日）
女性の非正規雇用労働者は2025年度は0名のため該当者なしと回答

【区分の定義】
・正規雇用労働者：執行役員、社員、無期契約社員
・非正規雇用労働者：継続雇用社員、契約社員",2026年3月時点,2026年08月24日
9322,9140001012831,川西倉庫株式会社,20.8,対象正社員,,,,,,,,,,,,,,,,,,,,,,66.7,66,,2024年4月1日～2025年3月31日,,2025年8月時点,2025年09月29日
8614,7010001051893,東洋証券株式会社,23.8,対象正社員,基幹職/営業職（正社員）,20.1,基幹職/スタッフ職（正社員）,14.9,広域エリア職/営業職（正社員）,15.5,広域エリア職/スタッフ職（正社員）,5.6,エリア職/営業職（正社員）,16.2,,対象とする労働者すべて,47.3,,,,,,,,,83,82.3,76.6,2025年4月1日～2026年3月31日,,2026年3月時点,2026年08月21日
9956,5200001023784,株式会社バローホールディングス,,,正社員,32,,,,,,,,,,,,,,,,,,,,64.4,70.5,80.4,2025年4月1日～2026年3月31日,,2026年3月時点,2026年05月08日
5013,2010801012307,株式会社ユシロ,,,,,,,,,,,,,,,,,,,,,,,,77.9,76.9,69.2,2025年4月1日～2026年3月31日,,2026年3月時点,2026年06月18日
331A,7010001030732,株式会社メディックス,,,,,,,,,,,,,,全労働者,78.4,,,,,,,,,69.4,72.4,24.1,2025年4月1日～2026年3月31日,,2025年3月時点,2026年07月15日
4261,2010901030183,アジアクエスト株式会社,,,,,,,,,,,,,,,,,,,,,,,,82,84.1,72.7,2025年1月1日～2025年12月31日,,2025年12月時点,2026年04月02日
5949,7020001045218,ユニプレス株式会社,17.3,対象正社員,,,,,,,,,,,,正社員,82.9,,,,,,,,,79.2,77.4,75.6,2025年4月1日～2026年3月31日,,2026年3月時点,2026年06月01日
8179,2290001017525,ロイヤルホールディングス株式会社,20.8,対象正社員,,,,,,,,,,,,正社員,55.4,,,,,,,,,67.1,76.2,112.2,2025年1月1日～2025年12月31日,"グループ会社連結・全労働者：61.7%
グループ会社連結・うち正規雇用労働者：75.5%
グループ会社連結・うち非正規雇用労働者：107.6%

全労働者に見られる男女間の賃金差異は、パートタイム労働者が従業員の大半(90.4％)を占める事業の特性上、雇用形態の差によるものであると認識しております。
当社においては、パートタイム労働者のうち70.4％を女性が占めていることが差異の主な要因となっておりますが、これは女性にとって働きやすい職場として選ばれている結果であり、是正し女性の活躍の場を奪うものではない認識です。
正規雇用労働者の差異は、男女の勤続年数の差および管理職の男女比率に加え、年代別在籍人数の偏りが大きく影響しております。
女性が活躍できる環境を整えることで、女性管理職者の増加および勤続年数の伸長が期待されるものと見て取り組みを行っております。
無給の期間が発生する育児休業についても男女を問わない取得の雰囲気醸成が進んでおり、ジェンダーによる役割の考えが変化してきております。
また、正規雇用労働者の中には給与水準の低いエリア限定社員や短時間勤務社員も含んでおります。
これらはワークライフバランスを重視した柔軟な働き方のひとつであり、活用する女性社員が多くおります。今後は男性社員においても活用を促すことで差異が埋まるものと考えます。

※掲載数値は掲載会社単体、文中の数値はグループ会社連結による数値です。",2025年12月時点,2026年06月19日
5122,5010001000002,オカモト株式会社,,,,,,,,,,,,,,正社員,67.7,,,,,,,,,61.8,77.5,53.2,2024年4月1日～2025年3月31日,,2025年3月時点,2025年10月10日
3553,9080401001465,共和レザー株式会社,,,,,,,,,,,,,78.3,,,,,,,,,,,74.5,74.6,110.3,2025年4月1日～2026年3月31日,"【対象期間】2025年度（2025/4/1～2026/3/31）
【賃金】基本給、労働に対する各種手当、賞与等を含み、通勤手当、退職手当等は除く。
　正規社員：出向者については、他社から当社への出向者を除き、当社から他社への出向者を含む。
　非正規社員：準社員、期間社員を含み、派遣社員を除く。",2026年4月時点,2026年06月09日
6890,1010001075980,株式会社フェローテック,23.9,対象正社員,,,,,,,,,,,,全従業員,63.7,,,,,,,,,84.7,84.7,84.6,2024年4月1日～2025年3月31日,,2025年3月時点,2026年01月15日
5351,9010001008685,品川リフラ株式会社,,,,,,,,,,,,,80.8,,,,,,,,,,,77.6,78.4,54,2025年4月1日～2026年3月31日,,2026年3月時点,2026年06月17日
7970,4010001034802,信越ポリマー株式会社,15.3,対象正社員,管理部門,13.8,営業部門,11.2,開発部門,14,技術部門,17.6,生産部門,15.6,74.2,管理部門,75.2,営業部門,72.4,開発部門,75.6,技術部門,74.5,生産部門,74.3,74.5,76,60.6,2025年4月1日～2026年3月31日,,2026年3月時点,2026年08月04日
6976,3010501016202,太陽誘電株式会社,9.6,その他,,,,,,,,,,,,,,,,,,,,,,73.6,73.6,68.2,2025年4月1日～2026年3月31日,,2026年3月時点,2026年04月10日
6743,3010801006704,大同信号株式会社,14.5,対象正社員,,,,,,,,,,,,その他,70.6,,,,,,,,,70.5,72.3,47.2,2025年4月1日～2026年3月31日,・非正規雇用労働者の賃金の差異については、賃金水準が高い60歳以上の男性社員が多いことが要因として考えられます。,2026年3月時点,2026年06月26日
6923,2013201003041,スタンレー電気株式会社,23.1,対象正社員,,,,,,,,,,,,正社員,71.3,,,,,,,,,73,73,99.7,2025年4月1日～2026年3月31日,出向者、出向受入者は除く,2026年3月時点,2026年06月12日
7673,6500001002468,ダイコー通産株式会社,10.9,対象正社員,,,,,,,,,,,,,,,,,,,,,,,,,,,2025年7月時点,2025年09月08日
6946,5010701017733,日本アビオニクス株式会社,25.1,対象正社員,正社員,25.1,,,,,,,,,74.5,常用労働者,74.5,,,,,,,,,79.4,77.2,59.4,2025年4月1日～2026年3月31日,2026年3月末時点,2026年3月時点,2026年06月03日
2481,4021001022663,㈱タウンニュース社,36.4,対象正社員,,,,,,,,,,,,正社員,30.5,,,,,,,,,,,,,,2025年6月時点,2026年07月03日
2410,8010401008039,株式会社キャリアデザインセンター,20.2,その他,正社員,21.4,契約社員,16.9,アルバイト,0.9,,,,,,,,,,,,,,,,80.6,83.4,76.2,2024年10月1日～2025年9月30日,,2025年10月時点,2025年12月17日
9560,4010001178269,株式会社プログリット,16.7,その他,コンサルタント職,13.9,コーポレート職,8.9,エンジニア職,9,契約社員,3.5,時給社員,10.8,,,,,,,,,,,,,,,,,2024年8月時点,2025年11月25日
8585,9010001070784,株式会社オリエントコーポレーション,17.6,対象正社員,,,,,,,,,,,80.8,正社員,76.3,,,,,,,,,47,52,45.3,2025年4月1日～2026年3月31日,,2026年4月時点,2026年07月16日
8395,9300001000183,株式会社　佐賀銀行,10,対象正社員,総合職,10,,,,,,,,,,,,,,,,,,,,55.7,70.2,65,2025年4月1日～2026年3月31日,,2026年3月時点,2026年07月02日
2003,3010001034893,日東富士製粉株式会社,,,,,,,,,,,,,,,,,,,,,,,,68.4,77.6,65.8,2024年4月1日～2025年3月31日,,2026年3月時点,2026年04月02日
2551,9180301001869,マルサンアイ,,,,,,,,,,,,,,,,,,,,,,,,59.5,73.3,38.7,2024年9月21日～2025年9月20日,,2025年10月時点,2026年06月23日
6994,9140001069021,株式会社指月電機製作所,13.4,対象正社員,,,,,,,,,,,,,,,,,,,,,,75.9,75.9,70.3,2025年4月1日～2026年3月31日,,2026年3月時点,2026年06月12日
2436,4010001041427,共同ピーアール株式会社,23.4,対象正社員,,,,,,,,,,,,,,,,,,,,,,77.2,78.3,,2025年1月1日～2025年12月31日,,2025年12月時点,2026年06月22日
E00965,7120001082721,千寿製薬株式会社,8.5,対象正社員,正社員,9.8,,,,,,,,,,,,,,,,,,,,75.5,74.8,87.9,2025年4月1日～2026年3月31日,,2026年4月時点,2026年08月20日
E04522,4500001011652,四国ガス株式会社,7.2,対象正社員,職員_総合コースⅠ,5.7,職員_総合コースⅡ,7.7,職員_一般コース,1.5,準社員,1.1,,,24.1,,,,,,,,,,,48.1,60.4,64.3,2025年4月1日～2026年3月31日,育児休業取得のため、その年度の給与が12ヵ月全て支給されていない労働者を含む。,2026年4月時点,2026年04月30日
6018,1140001010149,阪神内燃機工業株式会社,22.2,対象正社員,男性従業員,22.6,女性従業員,11.3,,,,,,,68,正社員,68,,,,,,,,,83.3,82.7,44,2025年4月1日～2026年3月31日,,2026年3月時点,2026年04月23日
7780,7180001017589,株式会社メニコン,,,,,,,,,,,,,,対象とする労働者すべて,81.8,,,,,,,,,65.4,66.4,93.9,2023年4月1日～2024年3月31日,,2024年3月時点,2024年07月23日
4628,5120901000305,エスケー化研株式会社,,,,,,,,,,,,,,,,,,,,,,,,68.3,68.4,67.3,2024年4月1日～2025年3月31日,,2025年3月時点,2025年10月17日
9438,6011101023123,株式会社エムティーアイ,,,,,,,,,,,,,,,,,,,,,,,,78.4,79.9,47.3,2024年10月1日～2025年9月30日,,2025年10月時点,2025年11月27日
7254,2080401006066,株式会社ユニバンス,,,,,,,,,,,,,,,,,,,,,,,,71.9,75.3,88.1,2025年4月1日～2026年3月31日,,2026年6月時点,2026年07月02日
5363,2010001023781,東京窯業株式会社,11.3,対象正社員,,,,,,,,,,,,総合職,35.8,一般職,59.1,技能職,36,,,,,67.4,75.8,58.1,2025年4月1日～2026年3月31日,基本給、超過労働に対する報酬、賞与、諸手当を含み、退職手当等を除く。正規雇用労働者は当社から社外への出向者、及び社外から当社への出向者を除く。非正規雇用労働者は契約社員、アルバイト社員、パート社員が該当。,2025年3月時点,2026年07月16日
5355,9011001018113,日本坩堝株式会社,,,,,,,,,,,,,70,全従業員,70,,,,,,,,,76.8,76.8,87.7,2025年4月1日～2026年3月31日,,2026年3月時点,2026年07月03日
2471,8010001072939,株式会社エスプール,16,対象正社員,正社員,16,契約社員,0,,,,,,,,正社員,63.9,契約社員,96.4,アルバイト,72.3,,,,,69.3,70.4,86.9,2024年12月1日～2025年11月30日,,2025年12月時点,2026年03月09日
3903,8011101056625,株式会社gumi,4.9,対象正社員,,,,,,,,,,,83,,,,,,,,,,,70.7,70.6,141.2,2025年5月1日～2026年4月30日,"（注）
労働者の男女の賃金の差異は、「女性の職業生活における活躍の推進に関する法律」（平成27年法律第64号）の規定に基づき算出しております。",2026年4月時点,2026年06月23日
7532,7013201016303,株式会社パン・パシフィック・インターナショナルホールディングス,,,正社員,13,契約社員(無期雇用),8.5,契約社員(有期雇用),11.4,選任社員(無期雇用),3.2,選任社員(有期雇用),2.2,,,,,,,,,,,,50.1,70.4,71,2024年7月1日～2025年6月30日,,2025年10月時点,2025年11月05日
6855,1140001050335,日本電子材料株式会社,,,,,,,,,,,,,,正規,84.5,非正規,93,,,,,,,76.1,79,64,2024年4月1日～2025年3月31日,"付記事項
対象期間：2024年度（2024/4/1～2025/3/31）
正規雇用：正社員（海外出向・休職者除く）
非正規雇用：契約・嘱託・無期転換・S 社員（定年再雇用）
賃金：持株会奨励金・表彰金除く",2025年4月時点,2025年11月06日
8769,8013201007846,株式会社アドバンテッジリスクマネジメント,10.5,対象正社員,,,,,,,,,,,,対象とする労働者すべて,76.6,,,,,,,,,78,80.3,57.3,2025年4月1日～2026年3月31日,,2026年3月時点,2026年06月17日
9692,9021001026338,株式会社シーイーシー,18.2,その他,正社員（技術）,18.5,正社員（営業）,22.3,正社員（スタッフ）,16.9,嘱託社員,10.3,,,,正社員,81.6,,,,,,,,,82.6,81.3,68.3,2025年2月1日～2026年1月31日,"対象期間：58期（2025年2月1日～2026年1月31日まで）
賃金：基本給・超過労働に対する報酬・賞与等を含み、通勤費・配当金等を除く
正社員：出向者については、当社から社外への出向者を除き、他社から当社への出向者を含む
パート：有期社員：定年後再雇用・障がい者雇用等の嘱託社員・顧問を含み、派遣社員を除く

正規雇用労働者の割合が少ない理由は、勤続年数20年以上の女性の割合が2割未満となっており、上位役職者が男性より少ないこと、及び平均勤続年数も男性より約5年短いことが主な理由となっております。
また、若手女性社員を積極的に採用（新卒・中途）していることや、女性社員全体の約1割程度が短時間勤務（育児と仕事の両立）をしていることも理由となります。

今後の人材確保・活用の観点からも、女性比率を上げること、また女性に長く活躍いただく環境を設定することは弊社の重点課題であると認識しており、今後も継続的に取り組んでまいります。",2026年1月時点,2026年06月22日
6996,2130001022029,ニチコン株式会社,10,対象正社員,,,,,,,,,,,,正社員,80.6,,,,,,,,,59.7,61.1,39.6,2025年4月1日～2026年3月31日,,2026年3月時点,2026年07月27日
7276,1010401009745,株式会社小糸製作所,10,対象正社員,,,,,,,,,,,,正社員,85.5,,,,,,,,,66.2,66.3,62.8,2025年4月1日～2026年3月31日,,2026年3月時点,2026年06月12日
8253,2013301002884,株式会社クレディセゾン,13.8,対象正社員,正社員,13.8,,,,,,,,,,正社員,89,,,,,,,,,71.3,72.1,71.3,2025年4月1日～2026年3月31日,,2026年3月時点,2026年08月24日
4825,6010401003504,株式会社ウェザーニューズ,16.5,その他,管理監督者・アルバイトを除く社員,16.5,,,,,,,,,,社員・アルバイト,56.7,,,,,,,,,78.4,81.9,78.9,2024年6月1日～2025年5月31日,,2025年5月時点,2025年09月02日
6998,7290001015268,日本タングステン株式会社,13,その他,,,,,,,,,,,,,,,,,,,,,,74.5,74.9,97.1,2025年4月1日～2026年3月31日,,2025年3月時点,2026年07月16日
3352,1030001076804,株式会社バッファロー,17,対象正社員,正社員,17,非正規社員,6,アルバイト,4,,,,,,,,,,,,,,,,68.4,68.4,93.1,2025年4月1日～2026年3月31日,,2026年3月時点,2026年06月25日
2130,7010701022764,株式会社メンバーズ,10.7,対象正社員,,,,,,,,,,,86.6,,,,,,,,,,,87.8,88.3,93,2024年4月1日～2025年3月31日,,2025年3月時点,2025年08月26日
4531,9010001059621,有機合成薬品工業株式会社,14.8,対象正社員,,,,,,,,,,,,対象とする労働者すべて,83.2,,,,,,,,,85.9,85.9,89.3,2024年4月1日～2025年3月31日,男女別の労働者に占める管理職の人数割合は、女性2.9%、男性7.5%,2025年3月時点,2025年08月15日
8848,3011201000900,株式会社レオパレス21,18.1,対象正社員,正社員,18.1,,,,,,,,,81.6,正社員,81.6,,,,,,,,,57.5,66.8,45.9,2025年4月1日～2026年3月31日,,2026年3月時点,2026年08月05日
9031,4290001009413,西日本鉄道株式会社,17.8,対象正社員,,,,,,,,,,,92.1,自動車乗務員,102.9,鉄道乗務員,96.2,非乗務員（国際物流部門）,69.9,非乗務員（国際物流部門以外）,82.6,,,75.8,79.2,60.2,2025年4月1日～2026年3月31日,,2026年3月時点,2026年07月01日
5618,9013301023560,ナイル株式会社,,,,,,,,,,,,,,,,,,,,,,,,71,77.3,79,2025年1月1日～2025年12月31日,,2025年12月時点,2026年04月30日
3197,2010001138365,株式会社すかいらーくホールディングス,30.7,対象正社員,,,,,,,,,,,68,,,,,,,,,,,68.7,75.6,107.8,2025年1月1日～2025年12月31日,,2025年12月時点,2026年03月24日
8071,4180001038563,東海エレクトロニクス株式会社,,,,,,,,,,,,,,,,,,,,,,,,70.2,70.2,,2025年4月1日～2026年3月31日,,2026年3月時点,2026年06月12日
9539,8040001026108,京葉ガス株式会社,,,,,,,,,,,,,,社員,81.3,,,,,,,,,73.1,74.7,82.7,2025年1月1日～2025年12月31日,"対象期間：2025年1月1日～2025年12月31日
賃金：基本給、超過労働に対する報酬、賞与等を含み、退職手当、通勤手当を含まない
正規雇用労働者：管理職を含む社員、準社員
非正規雇用労働者：上記以外の嘱託、再雇用等",2025年12月時点,2026年03月10日
3179,9011101039728,シュッピン株式会社,,,,,,,,,,,,,,,,,,,,,,,,85,85.9,57.4,2025年4月1日～2026年3月31日,,2025年3月時点,2026年08月21日
6617,5010601043417,株式会社東光高岳,,,正社員（事務職）,13.2,正社員（技術職）,18.1,無期フルタイム（技術職）,11.9,無期フルタイム（事務職）,2.8,無期短時間（技術職）,0,,,,,,,,,,,,74.2,74.2,69.5,2025年4月1日～2026年3月31日,"対象期間：2025年4月1日～2026年3月31日
賃金：基本給、超過労働に対する報酬、賞与等を含み、退職手当、通勤手当等を除く。
正社員：役員を除く社員。出向者については、他社から当社への出向者を除き、当社から社外への出向者を含む。
非正規社員：嘱託社員（再雇用社員等）、有期契約社員。
当社の賃金制度では男女の違いはございません。女性管理職比率向上への取組みを推進しております。",2026年3月時点,2026年06月23日
6055,2190001015191,ジャパンマテリアル株式会社,11.4,基幹的な職種,,,,,,,,,,,89.4,正規社員,88.7,非正規社員,99.2,,,,,,,76.8,79.9,64,2025年4月1日～2026年3月31日,"1.非正規労働者は、契約社員及びパートタイマー社員（ただし年間平均雇用1日8時間換算）を対象に算出しております。
2.「労働者の男女の賃金の差異」について、賃金制度・体系において性別による差異はありません。男女の賃金の差異は主に男女間の管理職比率及び雇用形態の差異ならびに特定の職種において勤務時間が短いパートタイムの女性労働者が多いことによるものです。",2026年3月時点,2026年06月19日
7991,7010701022392,マミヤ・オーピー株式会社,,,,,,,,,,,,,,,,,,,,,,,,56,66.7,37.9,2025年4月1日～2026年3月31日,,2026年4月時点,2026年07月24日
6036,3180001094120,KeePer技研株式会社,15.6,対象正社員,,,,,,,,,,,,正社員,53.3,,,,,,,,,89,85,101,2024年7月1日～2025年6月30日,,2025年7月時点,2025年09月10日
7932,7011801011046,株式会社ニッピ,5.7,その他,,,,,,,,,,,,全労働者,88.2,,,,,,,,,68.6,72.3,57.3,2025年4月1日～2026年3月31日,"（注釈・説明）
1.対象期間：令和7年4月1日から令和8年3月31日
2.対象賃金：基本給、深夜を含む時間外手当、その他手当、賞与を含め、退職手当と通勤手当を除く。
3.正規社員：無期契約従業員を対象（正規社員のうち、社外への出向者は除く。
4.非正規社員：定年再雇用者及び嘱託従業員、パート従業員のうち、有期契約の従業員を対象。
5.短時間労働者、時短勤務者、パート従業員はフルタイムでの換算を行わず、実際に支給した賃金に基づき算出。
6.当社においては、正規社員・非正規社員ともに、賃金制度及び処遇体系において、男女間で差異を設けておりません。
7.賃金差異の主な要因は、管理職における男女比率、年齢構成、勤続年数、職種（総合職、一般職）、パート従業員の無期契約転換、女性従業員の時短勤務者、3交替勤務など各々の勤務形態の違いによる深夜手当を含む時間外手当支給のため。",2026年3月時点,2026年05月28日
5845,9360001002793,全保連株式会社,,,,,,,,,,,,,,全労働者,82.3,,,,,,,,,66.2,66.7,74.4,2025年4月1日～2026年3月31日,"対象期間　令和7年度　（2025年4月1日～2026年3月31日）　
賃金：基本給、賞与、各種手当を含み、通勤手当除く",2026年3月時点,2026年07月16日
6183,4010001161381,株式会社ベルシステム24ホールディングス,16.7,対象正社員,システム（IT）,16,間接,13.2,年俸制,19.6,契約社員,10.5,地域限定型,22.1,,正社員,56.3,,,,,,,,,77.9,85,96,2025年3月1日～2026年2月28日,非正規雇用労働者は有期労働契約から無期転換した無期契約社員となります。,2026年2月時点,2026年05月29日
7244,9021001035727,市光工業株式会社,10.1,対象正社員,,,,,,,,,,,,正社員,83.2,,,,,,,,,58.7,72.4,62.8,2025年1月1日～2025年12月31日,,2025年12月時点,2026年05月19日
8554,7340001004232,株式会社南日本銀行,10,対象正社員,,,,,,,,,,,,新入行員を除く正社員,63.7,,,,,,,,,53.1,63.7,67.7,2023年4月1日～2024年3月31日,,2024年3月時点,2024年10月03日
6858,1020001001886,株式会社　小野測器,,,正社員,4.5,,,,,,,,,,正社員,88.2,,,,,,,,,66.7,83.4,62.1,2025年1月1日～2025年12月31日,労働者の人員数については、フルタイム労働者の所定労働時間（８時間/日）を基に換算し算出しております。,2025年12月時点,2026年04月02日
4078,4120101002532,堺化学工業株式会社,12.5,対象正社員,,,,,,,,,,,,管理職,75.7,基幹職,91.4,雇用継続者,94.5,アルバイト,86.3,嘱託,76.3,77.4,76.1,69.8,2025年4月1日～2026年3月31日,,2026年4月時点,2026年05月11日
5936,4120001085479,東洋シヤッター株式会社,,,,,,,,,,,,,,,,,,,,,,,,63.3,70.8,53.7,2025年4月1日～2026年3月31日,,2026年3月時点,2026年08月24日
8338,4050001009057,株式会社　筑波銀行,5.7,対象正社員,Gコース（正社員）,7,Sコース（正社員）,3.7,コース無（正社員）,4.8,,,,,,,,,,,,,,,,44.2,63.4,52.1,2024年4月1日～2025年3月31日,"※全労働者は、正規雇用労働者と非正規雇用労働者（パート・有期労働者）の合計であります。
※非正規雇用労働者は、派遣労働者を除いて算出しております。
なお、当行のコース別人事制度におけるコースおよび雇用区分毎の男女間賃金格差は下記の通りです。

①Gコース（銀行業務全般）：71.5％、②Sコース（営業系業務）：90.5％、③Sコース（事務系業務）：79.7％、④エキスパート（役職定年者）：77.6％、⑤その他（新入行員ほか）：94.2％、⑥行員（正規労働者）合計：63.4％、⑦嘱託：73.5％、⑧パートタイマー（フルタイム）：75.4％、⑨パートタイマー（ショートタイム）：92.0％、⑩嘱託・パート（非正規労働者）合計：52.1％

給与体系において男女間の差は設けておりません。①～③のコースは職員自らが選択できる制度となっております。行員の主な格差要因は、上表の賃金水準で最上位となる①「Ｇコース（銀行業務全般）」の管理職に男性が多く、勤務地や職種を限定した事務系コースであり、担当者のみとなる③「Ｓコース（事務系業務）」に女性が多いためです。
　男女間賃金格差「全労働者」の主な格差要因は、⑨「パートタイマー（ショートタイム）」にて、扶養の範囲内で働く女性が多いためです。
　今後とも、女性の営業職への転換、さらなる管理職登用等により、賃金格差の縮小に取り組んでまいります。同様に、パートタイマーにおけるショートタイムからフルタイムへの転換や、嘱託登用・行員登用を行うことで女性の活躍を推進してまいります。",2025年3月時点,2025年07月17日
8200,5310001001011,株式会社リンガーハット,,,正社員,15,,,,,,,,,,正社員,24.5,,,,,,,,,,,,,,2015年度,2017年07月14日
6676,6180001048602,株式会社バッファロー,,,,,,,,,,,,,,,,,,,,,,,,64.7,64.6,65.6,2025年4月1日～2026年3月31日,,2026年3月時点,2026年07月02日
1832,7430001021532,株式会社北海電工,19.3,基幹的な職種,,,,,,,,,,,,,,,,,,,,,,71.8,84.5,63.3,2025年4月1日～2026年3月31日,,2026年3月時点,2026年07月02日
3388,6180001033042,明治電機工業株式会社,14.2,対象正社員,,,,,,,,,,,,その他,67.6,,,,,,,,,58.2,56.7,63.1,2025年4月1日～2026年3月31日,,2026年3月時点,2026年05月27日
4372,3011001034545,ユミルリンク株式会社,,,,,,,,,,,,,91.8,,,,,,,,,,,73.8,75.2,,2025年1月1日～2025年12月31日,非正規雇用労働者区分には女性の労働者がいないため,2025年12月時点,2026年04月10日
E03761,7030001016837,むさし証券株式会社,,,,,,,,,,,,,,,,,,,,,,,,75.8,71.7,81.7,2025年4月1日～2026年3月31日,,2026年3月時点,2026年06月01日
6797,7180001020428,名古屋電機工業株式会社,20.4,対象正社員,正社員,20.4,,,,,,,,,78,対象とする労働者すべて,78,,,,,,,,,63.2,63.1,64,2025年4月1日～2026年3月31日,,2026年3月時点,2026年06月09日
3097,7180301007414,株式会社物語コーポレーション,,,,,,,,,,,,,,,,,,,,,,,,69.9,81.6,101.4,2024年7月1日～2025年6月30日,,2025年6月時点,2025年09月04日
5603,6140001063844,虹技株式会社,13.9,対象正社員,,,,,,,,,,,70.3,,,,,,,,,,,75.7,76,102.6,2025年4月1日～2026年3月31日,"対象期間　：令和7事業年度（令和7年4月1日～令和8年3月31日）
賃　　金　：基本給ほか固定的支給賃金、超過勤務に関する諸手当、賞与（2回）を含み、
通勤補助額、退職手当は含まない。
正社員　　：他社への出向および他社からの出向に該当する社員は無し。
非正規社員：短時間勤務社員、有期契約社員、嘱託社員を含み、派遣社員は含まない。
　　　　　　短時間勤務社員については、正社員の所定労働時間（8時間／日）で換算した
　　　　　　人員数をもとに年間平均賃金を算出している。
補足説明　：<正社員>
　　　　　　弊社において全社員のうち女性社員は37名（7.2%）しか在籍しておらず、そ
            のうち28名が一般職であり、管理職は0名、また9名が在籍する総合職につ
            いても6名が勤続10年未満であることが男女の賃金格差になって表れている。
            女性の総合職の採用と女性の管理職への登用を中長期的目標として、継続的
            に推進していく。",2026年4月時点,2026年05月29日
6137,7011701002789,小池酸素工業株式会社,,,,,,,,,,,,,,,,,,,,,,,,71.6,76.3,98.8,2025年4月1日～2026年3月31日,"出向者および受入出向者を除いております
有価証券報告書作成時に用いた従業員の範囲および平均年間給与の計算方法と同様の算出をしております。",2026年3月時点,2026年07月14日
2108,8010401054826,日本甜菜製糖株式会社,17.9,対象正社員,,,,,,,,,,,,,,,,,,,,,,62.1,62.3,58.4,2025年4月1日～2026年3月31日,"正規雇用労働者において男女の賃金差異が大きい理由は、主として幹部候補となる総合職における女性比率が低く、平均年齢、平均勤続にも男女差異があるため上位役職者が少ないことによります。
有期労働者についても退職後の正規雇用労働者からの再雇用者が多くを占めている為、同様の傾向となっております。
これを改善する為、女性活躍推進計画において、当社基準による女性管理職比率の目標を設定し、その達成に向けた取り組みを推進しております。",2026年3月時点,2026年06月11日
6291,5010501009996,日本エアーテック株式会社,,,,,,,,,,,,,,,,,,,,,,,,68.3,72.2,,2025年1月1日～2025年12月31日,"うち非正規雇用労働者については、男性の該当者0名、女性の該当者平均年収は1,868,913円でございます。",2026年3月時点,2026年03月30日
2226,9011401005578,株式会社湖池屋,19.3,対象正社員,正社員（総合職）,21.8,正社員（地域職 作業職）,16.9,,,,,,,,,,,,,,,,,,58.2,71.6,78.3,2025年4月1日～2026年3月31日,,2026年3月時点,2026年07月06日
7447,5010001025214,ナガイレーベン株式会社,,,,,,,,,,,,,,,,,,,,,,,,62.5,57.3,,2024年9月1日～2025年8月31日,"・当社の賃金制度については、性差による賃金格差はありませんが、総合職と事務職の賃金差によっ
て、結果的に男女の賃金の差異が生じております。
・男性労働者にパート・有期労働者はおりませんので未記載としております。",2025年8月時点,2026年03月31日
2266,6140001011869,六甲バター株式会社,12.8,対象正社員,,,,,,,,,,,,,,,,,,,,,,54.7,71.2,91.8,2025年1月1日～2025年12月31日,"正規雇用労働者
➀2001年頃から営業と管理部門において女性の総合職を採用し始めたため、平均年齢に差が生じ、賃金額差異の要因となっている。
②女性労働者の転勤者が少なく、転勤者に対し支給する費用(課税所得)も含まれており、賃金差異の要因となっている。",2025年12月時点,2026年03月12日
7256,5021001006269,河西工業株式会社,,,,,,,,,,,,,,,,,,,,,,,,77.1,77.2,55.4,2025年4月1日～2026年3月31日,"女性活躍推進の指標の一つである男女間の平均賃金差異は掲載のとおりとなっておりますが、これは人事制度・賃金体系の違いによるものでなく、職位・等級別在籍数、平均年齢等総合的な労務構成の違いにより平均賃金差異が生じているものです。
当社グループの人事制度・賃金体系は、性別に関係なく、個人の仕事における責任と能力により平等・公正
な処遇をおこなうことを理念としており、女性活躍推進の取り組みにより、女性の採用と定着率向上施策の推進、女性管理職比率向上をはかることで、男女間の賃金差異の縮小に努めて参ります。",2026年3月時点,2026年07月16日
3648,2030001000011,AGS株式会社,5.4,基幹的な職種,正社員,5.4,,,,,,,,,85.1,正社員,85.1,,,,,,,,,64.9,86,36.3,2025年4月1日～2026年3月31日,"＜正規雇用労働者＞        
・女性の新卒採用の強化により女性における若手労働者の割合が相対的に高いことや、管理職及びチーフ（係長相当職）以上に占める女性の割合が低いこと等が差異の主な理由となっております。当社グループでは女性活躍を重要な経営課題として位置づけ、2030年度までの女性登用の目標を掲げ取り組みを推進しております。        
＜パート・有期労働者＞        
・当社グループのパート・有期労働者には、「スタッフ（パート）」、「シニアスタッフ（定年後再雇用の契約社員）」、「嘱託（契約社員）」の形態があります。全体の約８割を占めるスタッフには、主に事務に従事する短時間労働の女性が多く、約２割を占めるシニアスタッフ、嘱託には、ＩＴ業務など専門性の高い業務に従事し相対的に賃金が高い男性が多いことが差異の主な理由となっております。",2026年3月時点,2026年06月24日
E04963,6010401046222,ポケットカード株式会社,6.3,その他,グローバル,11.7,エリア,6.2,無期フルタイム,1.1,有期フルタイム,2,無期短時間,0.3,,全労働者,77.9,,,,,,,,,60.6,65.7,67.3,2025年3月1日～2026年2月28日,"対象期間：2025事業年度（2025年3月1日～2026年2月28日）
正規雇用労働者：グローバル、エリア、無期フルタイム
非正規雇用労働者：嘱託、アルバイト
グローバルには、執行役員・理事含む",2026年2月時点,2026年05月28日
6584,6011001045853,三桜工業株式会社,,,,,,,,,,,,,,,,,,,,,,,,58.2,74.4,83.2,2024年4月1日～2025年3月31日,正規雇用労働者は役職制度並びに賃金体系は一律であり、地域、職種、性別による差は設けておりません。従って、同一の役職における男女の賃金差異はありませんが、管理職をはじめ、役職が上位であるほど女性に比べ男性比率が高いことが正規労働者における男女間賃金差異の要因となっております。なおパート・有期労働者の賃金差異に関しては、時給単価の高い交替勤務者に占める男性比率が高いことに起因しております。,2025年4月時点,2026年03月19日
9441,7010001028883,株式会社ベルパーク,,,,,,,,,,,,,70.8,,,,,,,,,,,83.4,84.3,95.9,2025年1月1日～2025年12月31日,"対象期間：令和7年事業年度（令和7年1月1日から令和7年12月31日まで）
※非正規雇用労働者については、正規雇用労働者の所定労働時間で換算した人数を基に平均年間賃金を算出しております。
※期中入社・期中退職および休職者（産休・育休・私傷病者等）は対象労働者から除外しております。",2025年12月時点,2026年03月27日
5578,2010001130058,ＡＲアドバンストテクノロジ株式会社,,,正社員（Eコース）,13.4,正社員（Sコース）,19,正社員（Cコース）,20.3,,,,,,,,,,,,,,,,72.3,74.4,60.9,2024年9月1日～2025年8月31日,,2025年9月時点,2026年05月22日
2874,1020001030638,横浜冷凍株式会社,,,,,,,,,,,,,,,,,,,,,,,,63.9,63.8,51.4,2024年10月1日～2025年9月30日,,2025年10月時点,2025年10月23日
7294,7020001030517,株式会社　ヨロズ,23.1,対象正社員,臨時社員,0,,,,,,,,,82.5,正社員,82.5,,,,,,,,,78.3,78.8,,2025年4月1日～2026年3月31日,当社の男女賃金差異について差の生じている理由としては、女性に対し男性の方が、平均勤続年数が長くなるため、その分賃金差が生じている。また、管理職以上の割合が男性25%に対し女性14%と男性に比べ女性が少ない事が理由と考えられます。評価制度において男女での差は設けていないため、実際に管理職の同職位における従業員の差は無く、制度上の問題は生じていません。今後、差異を縮小していくためには、女性の管理職割合を増やしていく事が重要と考えております。,2026年3月時点,2026年07月08日
6485,8013201005478,前澤給装工業株式会社,9.3,対象正社員,,,,,,,,,,,,正社員,74.2,,,,,,,,,66.7,66.8,43,2025年4月1日～2026年3月31日,,2026年3月時点,2026年07月17日
7813,9290001041576,株式会社プラッツ,12.5,対象正社員,,,,,,,,,,,,労働者全体,69.4,,,,,,,,,72.8,74.6,55,2025年7月1日～2026年6月30日,,2026年6月時点,2026年07月23日
3771,8180001030616,株式会社システムリサーチ,14.4,対象正社員,正社員,14.4,,,,,,,,,,対象とする労働者全て,81.7,,,,,,,,,80.3,80.3,79.9,2025年4月1日～2026年3月31日,対象期間：2025事業年度(2025年4月1日から2026年3月31日まで),2026年3月時点,2026年06月19日
4391,1010401053173,ロジザード株式会社,,,,,,,,,,,,,,,,,,,,,,,,79.1,79.1,,2024年7月1日～2025年6月30日,"直近数年で社員数を拡大し、女性社員数も拡大している状況で、管理職層に女性社員が少ないことが差異の要因となっています。
男女の区別なく活躍できる環境とするため、女性社員比率を35％とする事にまず取り組んでおりますが、管理職を含むキャリアステップアップの機会を提供し、管理職に占める女性割合も高めていく事で差を解消していきます。",2025年6月時点,2026年03月09日
6481,3010701006176,ＴＨＫ株式会社,16.1,対象正社員,,,,,,,,,,,,,,,,,,,,,,77.1,76.5,66.5,2025年1月1日～2025年12月31日,"■算出方法
・賃金には、基本給、超過労働に対する報酬、各種手当、賞与等を含み、退職手当、通勤手当等を除いています。
・正規雇用は、正社員となり、日本国内の出向者を含み、海外への出向者は除いています。また他社から当社への出向者も除いています。
・非正規雇用は、契約社員および再雇用契約社員となり、派遣社員を除いています。
・育児短時間勤務者も算定対象としています。

■差異の要因と対応
・当社の賃金制度上、性別による差異は設けておりませんが、男女の賃金の差異が生じた要因は、主に役職者に占める女性比率が低いこと、勤続年数が男性より短いことによるものです。
・当社では、女性管理職比率の向上、男女の平均勤続年数の差異を縮めることを目標に掲げ、課題解決に取り組んでおります。また、将来における女性管理職候補の母集団形成に向け、新卒採用における女性比率を20％以上とする目標も掲げております。

■その他性別に関する指標
・2025年度に採用した労働者に占める女性労働者の割合：28.8％（正社員）
・労働者に占める女性労働者の割合：16.8％（正社員）
・男女の平均勤続年数：男性17.8年、女性15.6年（正社員）",2025年12月時点,2026年05月01日
5965,3010401026945,株式会社フジマック,,,,,,,,,,,,,,,,,,,,,,,,58.9,60.2,48.2,2025年1月1日～2025年12月31日,,2025年12月時点,2026年03月04日
9987,1180001017009,株式会社スズケン,,,,,,,,,,,,,,,,,,,,,,,,62.3,62.7,71.6,2025年4月1日～2026年3月31日,,2026年3月時点,2026年07月17日
6850,9011401004118,株式会社チノー,9.8,対象正社員,,,,,,,,,,,,正社員,64.3,,,,,,,,,68.4,81.1,74,2024年4月1日～2025年3月31日,,2025年3月時点,2025年09月10日
3186,3180001067712,株式会社ネクステージ,,,,,,,,,,,,,,,,,,,,,,,,65.9,67.2,105.3,2024年12月1日～2025年11月30日,,2025年11月時点,2026年03月16日
9142,6290001012621,九州旅客鉄道株式会社,,,,,,,,,,,,,,,,,,,,,,,,79.4,72.5,84.8,2025年4月1日～2026年3月31日,"労働者の男女の賃金の額の差異については、女性の職業生活における活躍の推進に関する法律（平成27年法律第64号）に基づき、男性労働者の賃金に対する女性労働者の賃金の割合（その雇用する男性労働者の賃金の平均（平均年間賃金＝賃金総額÷人員数）に対するその雇用する女性労働者の賃金の平均の割合）を示しております。他社から当社への出向者及び派遣社員については、対象外としています。また、当連結会計年度に、休職実績がある者は対象外としています。なお、退職手当については、賃金に含めておりません。

（補足説明）
当社の男女の賃金の額の差異について、次のとおり補足します。
（1）正規労働者について
　当社の正規労働者は、「社員」と「地域社員」で構成されており、「地域社員」は職務と勤務エリアが限定された正規労働者であり、「社員」はそれらに限定のない正規労働者です。
（2）正規労働者の賃金の額の差異の主な要因について
　当社では、「社員」と「地域社員」のそれぞれの役割が異なることから、「社員」は「地域社員」より給与水準を高く設定しています。
　このうち「地域社員」は、従来、構成比の約97％が女性で占められていましたが、2024年10月に、希望者を対象に「社員」への転換を実施しました（619名）。転換後の賃金は転換前の賃金を基に決定しているため、賃金水準に差が生じることとなり、結果として正規労働者全体の男女の賃金の額の差異に影響しております。
（3）正規労働者のうち、「社員」の賃金の額の差異について
　「社員」における男女の賃金の額の差異は、労働者の年齢構成によるものであり、職種及び等級が同一である者の賃金は、人事考課による調整前においては男女とも同一です。なお、平均年齢では男性の方が女性よりも約2.5歳高くなっております。
（4）非正規労働者の賃金の額の差異の主な要因について
　非正規労働者は、「嘱託再雇用社員」「期間契約社員」等で構成されています。「嘱託再雇用社員」は、当社を定年退職した後、再雇用された社員であり、駅での案内業務等、時給制で働く「期間契約社員」よりも給与を高く設定しております。なお、対象期間において「嘱託再雇用社員」の多くが男性であったため、結果的に男女の賃金の額の差異に影響しております。",2026年6月時点,2026年08月19日
E01209,2290001045328,株式会社麻生,,,,,,,,,,,,,,,,,,,,,,,,55.2,58.5,100.3,2021年4月1日～2022年3月31日,医師含む,2022年3月時点,2023年10月18日
8228,5100001003284,㈱マルイチ産商,26.3,対象正社員,正社員,26.3,,,,,,,,,57.2,正社員,57.2,,,,,,,,,53.9,57.9,49.7,2025年4月1日～2026年3月31日,,2026年3月時点,2026年08月21日
9702,4010701000269,株式会社アイ・エス・ビー,,,,,,,,,,,,,,有休付与されている社員,75.8,,,,,,,,,76.8,76.7,60.4,2025年1月1日～2025年12月31日,,2026年3月時点,2026年05月08日
3040,3011101011691,株式会社ソリトンシステムズ,,,正社員（営業）,18.8,正社員（技術）,13.9,正社員（開発）,15.3,正社員（事務）,8.8,無期契約社員フルタイム（技術）,15.1,,,,,,,,,,,,81.8,78.9,79.1,2025年1月1日～2025年12月31日,,2025年12月時点,2026年03月10日
7749,9010001007828,メディキット株式会社,,,,,,,,,,,,,64.7,,,,,,,,,,,60.7,60.8,53.4,2025年4月1日～2026年3月31日,,2026年3月時点,2026年06月10日
E04564,8010001013240,株式会社ニュー・オータニ,,,,,,,,,,,,,,,,,,,,,,,,71.2,76.8,70.2,2025年4月1日～2026年3月31日,,2026年5月時点,2026年06月17日
9832,3010601030532,株式会社オートバックスセブン,7.3,基幹的な職種,,,,,,,,,,,,全従業員,52.4,,,,,,,,,59.5,75.4,54.9,2023年4月1日～2024年3月31日,男女の賃金差異は、男性従業員の平均賃金に対する女性従業員の平均賃金の割合を集計しております。,2024年3月時点,2025年12月18日
9341,6011001046711,株式会社ＧＥＮＯＶＡ,,,,,,,,,,,,,,,,,,,,,,,,69.3,71.5,116.7,2025年4月1日～2026年3月31日,,2026年3月時点,2026年04月27日
1997,7050001000351,暁飯島工業株式会社,19.7,対象正社員,,,,,,,,,,,,,,,,,,,,,,69,68,76.5,2024年9月1日～2025年8月31日,,2025年8月時点,2026年07月30日
8370,9170001000916,株式会社紀陽銀行,7.8,対象正社員,マネジメントコース,9.1,アテンダントコース,1.3,スペシャリストコース,7.6,,,,,54.8,マネジメントコース,50.7,アテンダントコース,66.9,スペシャリストコース,51.8,,,,,51.6,65.5,51.6,2025年4月1日～2026年3月31日,"・正規雇用労働者は、コース別人事制度を採用。また、非正規雇用労働者は役割に応じた賃金体系としている。
・賃金：基本給、通勤手当、超過労働に対する報酬、賞与等を含み、退職手当を除く。
・正規雇用労働者：当行から社外への出向者および他社から当行への出向者を除く。休職者を除く。
・非正規雇用労働者：パートタイマー、嘱託行員を含み、派遣社員を除く。休職者を除く。
・賃金規程において男女間の賃金差異は設けていない。",2026年3月時点,2026年06月17日
8275,4011001025865,株式会社フォーバル,11,対象正社員,営業職,11,事務職,11.1,,,,,,,59.3,営業職,54.4,事務職,64.6,,,,,,,65.6,66.6,40.9,2024年4月1日～2025年3月31日,,2025年8月時点,2025年08月28日
9691,2070001016771,株式会社両毛システムズ,18.9,対象正社員,正規社員,18.9,,,,,,,,,,対象とする労働者すべて,81.3,,,,,,,,,78.9,83,66.4,2025年4月1日～2026年3月31日,正規雇用労働者については、産前産後休暇取得者および休職者は除く。,2026年3月時点,2026年07月02日
9974,8030001085963,株式会社ベルク,,,,,,,,,,,,,,,,,,,,,,,,51.2,72.4,99,2025年3月1日～2026年2月28日,,2026年3月時点,2026年04月01日
6513,3013301003097,株式会社オリジン,5.6,対象正社員,,,,,,,,,,,,従業員（パートタイム労働者を除く）,78.9,,,,,,,,,83.5,84.7,80,2025年4月1日～2026年3月31日,,2026年3月時点,2026年07月21日
7694,4010401074282,株式会社いつも,,,,,,,,,,,,,69.3,社員,68.6,アルバイト,73.5,,,,,,,86.9,70.2,203.2,2024年4月1日～2025年3月31日,,2025年3月時点,2025年07月18日
7599,1010001069520,株式会社ＩＤＯＭ,,,正社員,12,アルバイト,2.5,,,,,,,,正社員,54.7,,,,,,,,,51.6,68.5,96.4,2025年3月1日～2026年2月28日,,2026年3月時点,2026年05月18日
2916,6060001009351,仙波糖化工業株式会社,,,,,,,,,,,,,,,,,,,,,,,,70.5,71.1,76.4,2025年4月1日～2026年3月31日,,2025年3月時点,2026年06月23日
4022,8010001034971,ラサ工業株式会社,8.2,対象正社員,,,,,,,,,,,,正社員,77.9,,,,,,,,,83.1,83.9,62.3,2025年4月1日～2026年3月31日,,2026年3月時点,2026年07月16日
8558,2070001003514,株式会社東和銀行,8.7,対象正社員,総合職,8.7,技能職,25.4,嘱託,1.8,パートタイム,0.1,,,76.8,対象とする労働者すべて,76.8,,,,,,,,,54.6,65.7,57.2,2025年4月1日～2026年3月31日,正規雇用労働者の賃金差異については、管理職に男性行員が多いことが主な要因となっています。当行では全行員を総合職とする人事制度としており、性別に拘らず上位職位を目指し活躍できる制度としているため、男女の賃金差異は徐々に縮小していくものと考えております。,2026年3月時点,2026年06月26日
7239,6012801002309,株式会社タチエス,15,対象正社員,正社員,15,,,,,,,,,,正社員,73.7,,,,,,,,,71.6,73.6,95.2,2025年4月1日～2026年3月31日,,2026年3月時点,2026年08月24日
6382,6180301021663,トリニティ工業株式会社,19.1,対象正社員,,,,,,,,,,,,,,,,,,,,,,63.9,62.9,57.3,2025年4月1日～2026年3月31日,"正規雇用労働者は、女性管理職の不在や職能要件により賃金が低く設定されている業務職（※）の割合、
さらに育児短時間勤務制度を利用する女性社員の年収が少ないことが影響し格差が発生。
（※業務職割合：全女性正規雇用労働者のうち約30%）",2026年3月時点,2026年06月24日
3954,9011101009961,昭和パックス株式会社,,,,,,,,,,,,,,,,,,,,,,,,58.4,60.4,83.8,2025年4月1日～2026年3月31日,"育児休業等長期欠勤者を除外して算出。
正規雇用労働者で差が大きいのは、
近年女性採用人数を増やし、入社10年以下の割合が63％である為。（入社5年以下の割合は3割程）
男性の入社10年以下の割合は34％　（入社5年以下の割合は2割弱）
　（直近10年間の正規雇用労働者男女平均賃金の差異は、平均81.2％）
また、非正規雇用では女性の短時間パートが多い為。",2026年3月時点,2026年07月17日
7844,3010701022537,株式会社マーベラス,,,,,,,,,,,,,,,,,,,,,,,,78.7,81.3,62.6,2025年4月1日～2026年3月31日,,2026年3月時点,2026年06月15日
2212,4010001008806,山崎製パン株式会社,,,,,,,,,,,,,,,,,,,,,,,,64.9,78.4,79.6,2025年1月1日～2025年12月31日,"対象期間：2025年（2025年1月1日～12月31日）
正規雇用労働者：出向者を除く社員
非正規雇用労働者：嘱託・ｽｷﾙﾄﾞﾊﾟｰﾄﾅｰ・準社員・ﾊﾟｰﾄﾀｲﾏｰ・有期従業員・ｱﾙﾊﾞｲﾄ
人員：休業中の従業員は除く、短時間勤務者は通常労働者の所定労働時間で按分
賃金：退職手当・通勤手当は除く

正規雇用労働者の差異については、平均勤続年数（男性16.6年、女性10.8年）の
差が影響しているが、平均勤続年数の差の縮小に伴い、男女の賃金差異も縮小して
きている。",2025年12月時点,2026年02月17日
7480,1010001003966,スズデン株式会社,,,,,,,,,,,,,,,,,,,,,,,,64.6,69.7,51,2025年4月1日～2026年3月31日,"※対象期間：2025年事業年度
管理職に占める女性社員の割合は7.0％と低く、男女の賃金格差が生じる一因となっております。当事業年度においては、女性管理職のうち２名を執行役員に登用いたしました。これにより、当該２名が管理職の集計対象から外れたことも影響し、女性の賃金割合は前事業年度（全労働者65.7％）と比較して低下しております。当社では、女性活躍推進の取り組みとして、キャリア支援及びマネジメント支援等を実施しており、今後においても、これらの取り組みを継続し、女性活躍の推進を図ってまいります。",2026年3月時点,2026年08月21日
5161,8240001008325,西川ゴム工業株式会社,18.3,基幹的な職種,総合職,18.5,一般職,11,技能職(無期雇用者),25.6,技能職(有期雇用者),21.6,,,,,,,,,,,,,,61.3,73.7,87.1,2025年4月1日～2026年3月31日,"・正規雇用労働者、非正規雇用労働者から除外されている労働者：無
・賃金から除外している手当等：無",2026年3月時点,2026年08月05日
7775,7120001083307,大研医器株式会社,,,,,,,,,,,,,,正規雇用労働者,63.5,,,,,,,,,37.6,58.7,40.4,2025年4月1日～2026年3月31日,"男性の非正規労働者には定年による再雇用や専門知識を有する専門職の嘱託雇用を含んでおります。
上記嘱託雇用を除いた非正規労働者の賃金差異は77.2％であります。",2026年4月時点,2026年05月15日
1966,4290801010231,株式会社高田工業所,,,,,,,,,,,,,66.5,,,,,,,,,,,71.2,76.3,44.3,2025年4月1日～2026年3月31日,,2026年4月時点,2026年04月20日
5852,7011201010490,株式会社　アーレスティ,10.3,対象正社員,正社員 総合職コース,13.6,正社員 地域限定コース,7.1,パートタイム労働者 無期雇用フルタイム勤務,18.5,パートタイム労働者 無期雇用短時間勤務,0.6,パートタイム労働者 有期雇用,8.2,,,,,,,,,,,,74.2,72.4,80.1,2025年4月1日～2026年3月31日,"正社員における女性比率が17％となっており、男女間の賃金差異が生じている理由は主に「１．管理職における男女比率」、「２．時短勤務者における男女比率」、「３．交代勤務における男女比率」が影響しているものと認識しております。
当社では項目ごとに以下のような取り組みを実施しております。

１．女性管理職比率の向上
　2030年度までに国内グループの女性管理職比率を10%以上とすべく、キャリア支援・両立支援等を通じ管理職育成を推進

２．育児時短勤務取得者の継続就業
　出産後も安心して継続就業できるように、復職支援・両立支援を強化
• 法律を上回る育児時短勤務の設定（中学校3年生まで取得可能）
• テレワーク勤務・フレックスタイム制度活用の範囲拡大、時間単位有給休暇の導入
• 男性育休取得推進による育児期間への認知度向上と風土改革

3．製造拠点における交替勤務環境の整備
　製造現場におけるジェンダーフリーポジションの可視化を行い、職場環境の整備を含めジェンダーフリーで活躍できる職場・職域の拡大を推進",2026年4月時点,2026年07月06日
7743,7010001003408,株式会社シード,,,研究開発系,10.8,技術系,18.6,製造系,32.3,営業系（※対象外）,0,事務系,8.1,,男性,72,女性,86,,,,,,,71.7,79.2,77.3,2025年4月1日～2026年3月31日,,2026年6月時点,2026年07月21日
3002,7130001041734,グンゼ株式会社,5.8,対象正社員,社員,6.5,契約社員,2.7,,,,,,,80,正社員,76,,,,,,,,,59.6,63.3,70.8,2025年4月1日～2026年3月31日,※出向者除く,2026年3月時点,2026年08月21日
4224,5010601018451,ロンシール工業株式会社,,,,,,,,,,,,,,正社員,76.4,,,,,,,,,75.3,75.9,72.1,2025年4月1日～2026年3月31日,属性（勤続年数、役職等）が同じ男女労働者間での賃金の差異はありません。,2026年3月時点,2026年05月11日
4196,4011001046358,株式会社ネオマーケティング,,,,,,,,,,,,,75.1,正社員,71.9,パートタイマー,90.4,,,,,,,,,,,,2025年9月時点,2025年12月24日
7482,4010501024971,株式会社シモジマ,0.9,対象正社員,,,,,,,,,,,77.1,,,,,,,,,,,60.1,74.8,59,2025年4月1日～2026年3月31日,,2026年3月時点,2026年04月30日
4849,1011101029018,エン株式会社,,,,,,,,,,,,,,,,,,,,,,,,74.5,87.9,70.9,2025年4月1日～2026年3月31日,,2026年3月時点,2026年06月05日
4442,1120001107293,バルテス・ホールディングス株式会社,,,,,,,,,,,,,,正社員,76.3,,,,,,,,,59.7,61.5,63,2025年4月1日～2026年3月31日,"全労働者について（各月、賃金支払いがあった人数で算出）
・管理職に占める女性労働者の割合が21.05％でしたので役職による賃金差があります
正規雇用
・休職者は除いています
非正規雇用
・短時間勤務の女性が多く、支給額と人数を加味すると差がおおきくなります",2026年3月時点,2026年07月01日
7409,4060001027529,AeroEdge株式会社,,,,,,,,,,,,,78.4,,,,,,,,,,,66.6,67.6,71.8,2024年7月1日～2025年6月30日,,2025年12月時点,2026年01月05日
E03676,8300001000201,株式会社　佐賀共栄銀行,8.6,対象正社員,,,,,,,,,,,,,,,,,,,,,,70.1,81.1,70.2,2025年4月1日～2026年3月31日,,2026年4月時点,2026年07月02日
6482,3130001015997,ＹＵＳＨＩＮ株式会社,,,,,,,,,,,,,,,,,,,,,,,,52,70.1,41.3,2025年4月1日～2026年3月31日,,2026年3月時点,2026年07月02日
5945,3080401017392,天龍製鋸株式会社,9.3,対象正社員,,,,,,,,,,,,正社員,74,再雇用,83.3,パート,86.2,,,,,56.6,84,52,2025年4月1日～2026年3月31日,,2026年4月時点,2026年05月15日
3396,4140001022298,株式会社フェリシモ,,,,,,,,,,,,,,,,,,,,,,,,56.8,79.8,61,2024年3月1日～2025年2月28日,,2025年2月時点,2026年01月21日
9888,9010701001205,株式会社ＵＥＸ,11,その他,,,,,,,,,,,,,,,,,,,,,,,,,,,,2016年02月28日
6627,9020001053623,株式会社テラプローブ,21.4,対象正社員,,,,,,,,,,,,,,,,,,,,,,67.7,68.1,,2025年1月1日～2025年12月31日,,2025年12月時点,2026年04月28日
4431,3120002064771,株式会社スマレジ,,,,,,,,,,,,,,,,,,,,,,,,82.1,83.4,172.7,2024年5月1日～2025年4月30日,,2025年4月時点,2025年08月29日
6358,1010401011081,酒井重工業株式会社,8.9,対象正社員,,,,,,,,,,,,,,,,,,,,,,64.8,71.7,44.6,2025年4月1日～2026年3月31日,出向者を除く,2026年7月時点,2026年07月21日
5208,1110001018789,（株）有沢製作所,,,,,,,,,,,,,63.4,,,,,,,,,,,79.1,79.2,80.6,2025年4月1日～2026年3月31日,,2026年3月時点,2026年08月21日
3421,8010801001097,株式会社稲葉製作所,,,,,,,,,,,,,,,,,,,,,,,,84.9,86.6,61,2024年8月1日～2025年7月31日,,2025年8月時点,2026年06月26日
6257,6120001099576,株式会社藤商事,,,,,,,,,,,,,,正社員・契約社員,77.5,,,,,,,,,67,69.3,86.5,2025年4月1日～2026年3月31日,,2026年3月時点,2026年06月09日
4746,4020001069830,株式会社東計電算,25,基幹的な職種,,,,,,,,,,,,正規雇用労働者,61,,,,,,,,,88.3,94.2,82.5,2022年1月1日～2022年12月31日,,2022年12月時点,2023年12月19日
3300,4011001072940,株式会社アンビションＤＸホールディングス,,,正社員,24.6,アルバイト,5.5,,,,,,,90,正社員,91,非正規雇用,87,,,,,,,73.8,75.1,180.8,2025年7月1日～2026年6月30日,,2026年6月時点,2026年07月30日
6118,6021001011037,アイダエンジニアリング株式会社,,,,,,,,,,,,,,対象とする労働者すべて,62.5,,,,,,,,,68.9,70.1,58.3,2025年4月1日～2026年3月31日,,2026年3月時点,2026年07月06日
9735,6011001035920,セコム株式会社,21.6,対象正社員,正社員,21.6,,,,,,,,,68.8,正社員,68.8,,,,,,,,,76.5,70.5,75.2,2024年4月1日～2025年3月31日,,2025年3月時点,2026年08月07日
7284,9021001020555,盟和産業株式会社,17.7,対象正社員,,,,,,,,,,,,,,,,,,,,,,,,,,,2022年3月時点,2022年11月06日
7914,8010001002136,共同印刷株式会社,19.6,対象正社員,,,,,,,,,,,,正社員,63.9,,,,,,,,,67.9,69.7,62.2,2025年4月1日～2026年3月31日,"・正規雇用労働者:出向者については、当社から社外への出向者を含み、他社から当社への出向者を除く
・非正規雇用労働者：:定年後の再雇用者、パートタイマー、アルバイト、嘱託を含み、派遣社員を除く
※なお、非正規雇用労働者については、フルタイム労働者の所定労働時間（8時間/日）をもとに人員数の換算を行っている。

・賃金制度をはじめ、人事制度において男女の差はありません。
・差異の主な要因は、①役割等級別の人員構成比差（上位の等級に女性の割合が少ないこと）、②勤務時
間・勤務形態の違い（短時間勤務、深夜勤務等）やそれに付随する手当の支給有無によるものです。",2026年3月時点,2026年06月24日
6493,3021001022920,株式会社NITTAN,26.8,対象正社員,,,,,,,,,,,,その他,95.2,,,,,,,,,59.4,78.9,70.8,2025年4月1日～2026年3月31日,,2026年3月時点,2026年07月21日
2335,4010701002678,株式会社キューブシステム,18.8,対象正社員,正社員,18.8,派遣社員,4,,,,,,,,正社員,76.4,,,,,,,,,87.3,88,74,2025年4月1日～2026年3月31日,,2026年3月時点,2026年06月03日
9739,1011001017717,NSW株式会社,18,対象正社員,正社員,17,,,,,,,,,,正社員,75,,,,,,,,,82.4,83.2,53.7,2025年4月1日～2026年3月31日,,2026年3月時点,2026年06月16日
8237,1010001034945,株式会社松屋,,,,,,,,,,,,,,,,,,,,,,,,58.7,73.4,63.6,2025年3月1日～2026年2月28日,"・雇用区分に関わらず、同一階層・職務における給与の体系や水準に性別による違いはありません。
・賃金差異は、それぞれの区分の中での男女の人数差や経験年数の違い、および全体における各区分の構成割合によるものです。",2026年3月時点,2026年05月18日
2440,1010001034565,㈱ぐるなび,16.3,対象正社員,正社員,16.3,契約社員,16.4,嘱託社員,12.3,アルバイト,5,,,,正社員,38,,,,,,,,,67.8,71.8,44.2,2025年4月1日～2026年3月31日,,2026年3月時点,2026年04月20日
3804,8130001021041,株式会社システム ディ,,,,,,,,,,,,,,正社員,75.8,嘱託社員,90.4,,,,,,,,,,,,2024年8月時点,2025年08月28日
3512,4011501003552,日本フエルト株式会社,1.8,対象正社員,,,,,,,,,,,,正社員,70.5,,,,,,,,,71.1,73.5,67.4,2025年4月1日～2026年3月31日,,2026年3月時点,2026年06月04日
5985,4130001000899,サンコール株式会社,13.9,その他,,,,,,,,,,,,全従業員（派遣除く）,84.3,,,,,,,,,76,79,75.5,2024年4月1日～2025年3月31日,"対象期間：令和6事業年度（令和6年４月から令和7年３月まで）
賃金：基本給、残業手当など諸手当、賞与を含み、通勤費等を除く。
正社員：出向者については、当社から社外への出向者を除き、他社から当社への出向者除く。
パート・有期社員：契約社員、嘱託を含み、派遣社員を除く。",2025年3月時点,2025年06月13日
6803,7013401005312,ティアック株式会社,,,,,,,,,,,,,,,,,,,,,,,,81.2,83.2,74.9,2025年4月1日～2026年3月31日,,2026年3月時点,2026年05月20日
5976,1010701003241,高周波熱錬株式会社,,,,,,,,,,,,,,正社員,73.3,,,,,,,,,77.4,79.8,73.9,2025年4月1日～2026年3月31日,賃金は、基本給、超過勤務手当、各種手当、賞与等を含み、退職金、通勤手当等を除く。,2026年3月時点,2026年06月30日
8364,8080001001858,株式会社清水銀行,,,,,,,,,,,,,,,,,,,,,,,,50.1,68.9,59.2,2025年4月1日～2026年3月31日,,2026年3月時点,2026年06月25日
3907,5011001033280,シリコンスタジオ株式会社,1.9,対象正社員,,,,,,,,,,,66.9,,,,,,,,,,,77.5,79.1,51.5,2024年12月1日～2025年11月30日,非正規雇用労働者の人数が少ないため、当該区分の数値は年度により変動が大きくなる場合があります。,2025年11月時点,2026年03月31日
4308,4010401089388,株式会社Ｊストリーム,,,,,,,,,,,,,,,,,,,,,,,,80.2,80.2,88,2025年4月1日～2026年3月31日,,2026年4月時点,2026年07月02日
2469,8010401025232,ヒビノ株式会社,,,,,,,,,,,,,,,,,,,,,,,,75.6,76.8,62.2,2025年4月1日～2026年3月31日,,2026年3月時点,2026年06月01日
2379,6010401050785,ディップ株式会社,19.5,対象正社員,正社員 （営業・スタッフ）,20.2,正社員（エンジニア・専門職）,12.5,契約社員,13.3,アルバイト,4,,,76.8,正社員,76.8,,,,,,,,,82.5,87.2,114.9,2024年3月1日～2025年2月28日,,2025年2月時点,2026年06月24日
6748,1130001038463,星和電機株式会社,,,,,,,,,,,,,,,,,,,,,,,,62,75.3,48.1,2025年1月1日～2025年12月31日,"全労働者には、パートタイマー、嘱託社員、契約社員といった正規雇用とは異なる雇用形態（時間給や短時間勤務等）が含まれる為、
それぞれの雇用形態ごとの賃金差異を算出しています。
また、正規雇用労働者において、現在女性の管理職が１名のため、管理職を除く一般職における賃金の差異を算出しています。

それぞれの賃金差異の要因
※1　正規労働者（管理職含まない）においては、女性の育児休業・育児の時短勤務を行っている社員を含んでいるため。　
※2　パートタイマーはほとんどが女性で、男性のパートタイマーは少ないが、平均勤続年数が長いため。
※3　契約社員の男性は技術職、女性は事務職が多いため。",2026年2月時点,2026年02月09日
3495,2050001000950,香陵住販株式会社,14,対象正社員,,,,,,,,,,,,,,,,,,,,,,52.7,78.5,71.7,2024年10月1日～2025年9月30日,,2025年9月時点,2025年12月22日
9663,7430001056297,株式会社ナガワ,23,対象正社員,,,,,,,,,,,,,,,,,,,,,,65.8,65.4,64.4,2024年4月1日～2025年3月31日,,2025年3月時点,2025年07月24日
E00773,3430001054362,北海道曹達株式会社,15.1,対象正社員,,,,,,,,,,,83.3,,,,,,,,,,,69.7,72.2,47.5,2025年1月1日～2025年12月31日,"【賃金】基本給、超過労働に対する報酬、賞与等を含み、退職手当、通勤手当等を除く
【正規雇用労働者】社外からの出向者を除き、当社から他社への出向者を含む
　当社の処遇ルールは男女共通であるが、男性社員の勤続年数15.8年に対し、女性社員は10.4年と相対的
　に短く、その結果、男女の賃金の格差が生じている。
【非正規雇用労働者】60歳以上の嘱託、及びパート社員を含む
　非正規労働者のうち男性社員の半数は、有期で管理職級に就いている労働者が多い一方、女性社員は
　パート契約で配偶者の扶養範囲内での勤務を希望する者がおり、役割と勤務形態の違いが賃金差として
　表れている。",2026年1月時点,2026年04月03日
6466,3140001052189,株式会社ＴＶＥ,9.9,その他,,,,,,,,,,,,その他,81.2,,,,,,,,,71.1,75.1,82.7,2024年10月1日～2025年9月30日,,2025年9月時点,2026年01月13日
3799,5011101033882,キーウェアソリューションズ株式会社,19.1,対象正社員,,,,,,,,,,,,正社員,72.1,,,,,,,,,80.9,81.3,65.1,2025年4月1日～2026年3月31日,,2025年3月時点,2026年06月15日
4094,8010501016239,日本化学産業株式会社,5.8,対象正社員,正社員,5.8,,,,,,,,,50.2,,,,,,,,,,,60.4,80.7,80.9,2025年4月1日～2026年3月31日,,2026年5月時点,2026年07月16日
7080,2011001063479,株式会社スポーツフィールド,,,,,,,,,,,,,,,,,,,,,,,,63.9,64.7,61.1,2025年1月1日～2025年12月31日,"※基本給・超過労働に対する報酬・賞与等を含む
※産休育休中および育児等による短時間勤務中社員も1人としてカウント",2025年12月時点,2026年02月18日
4718,7013301012607,株式会社　早稲田アカデミー,,,,,,,,,,,,,,,,,,,,,,,,50.3,63.3,58.5,2025年4月1日～2026年3月31日,当社では、同一の職種・等級における賃金テーブルや昇給・昇格制度において男女の差は設けておりません。男女の賃金額の差異は、管理職層に女性の人数が少ないことや、職種および等級ごとの人数構成の差によるものです。また、パート・有期労働者の男女の賃金の額の差異は、職種（時間講師・パート事務の別）により男女の構成比率が大きく異なることが主な要因です。なお、パート・有期労働者の大半が時間給で勤務しておりますが、賃金についてはフルタイム換算をせず、実際に支給した賃金に基づき算出しています。,2026年3月時点,2026年08月12日
5951,8110001007521,ダイニチ工業株式会社,7.6,対象正社員,,,,,,,,,,,,正社員,80,,,,,,,,,74.8,74.7,67,2025年4月1日～2026年3月31日,,2026年3月時点,2026年07月21日
2922,9011501003449,株式会社なとり,,,,,,,,,,,,,73.4,,,,,,,,,,,62.4,71.5,65.6,2025年4月1日～2026年3月31日,,2026年3月時点,2026年06月24日
5187,7020001008505,クリエートメディック株式会社,,,,,,,,,,,,,,対象とする労働者すべて,72.8,,,,,,,,,61.9,74.5,42.3,2025年1月1日～2025年12月31日,"【データ算出に関する付記事項】
・対象期間：令和7年事業年度（令和7年1月1日～12月31日）
・正規：正社員（総合職・一般職）※取締役、出向者除く。
・非正規：パートタイマー・嘱託社員
・賃金：給与、賞与、手当等（退職金、通勤手当等を除く。）
※パートタイマー、嘱託社員、育児短時間勤務者については、正社員の所定労働時間（1日8時間）で換算した人員数を基に平均年間賃金を算出。

【差異に関する補足説明】
・正規労働者：同一職位における男女の賃金差異は、課長92%、係長91%、主任96%、役職なし100%であるが、管理職の女性比率が8.1％であるため、その人数差が賃金差異の主な要因である。
　※一般事業主行動計画に基づき、現在は総合職における女性割合の増加に向けた施策の推進をおこなっています。
・非正規労働者：嘱託社員より時給の低いパートタイマーの人数割合が高いことが賃金差異に影響している（ﾊﾟｰﾄﾀｲﾏｰ：女性従業員100％、嘱託社員：男性従業員100％）。",2025年12月時点,2026年03月31日
3420,3120001063188,株式会社ケー・エフ・シー,,,,,,,,,,,,,,,,,,,,,,,,75.7,68.2,51.9,2025年4月1日～2026年3月31日,労働者の男女の賃金の差異がある理由は、正規雇用者については、女性の管理職比率が低いためであり、パート・有期労働者については、給与水準が高い施工管理職の男性が多いためであります。,2026年6月時点,2026年07月02日
E03721,3130001000082,アイフル株式会社,13.5,対象正社員,,,,,,,,,,,,正社員,73.9,,,,,,,,,64.1,71.4,96.7,2025年4月1日～2026年3月31日,,2026年3月時点,2026年07月06日
7981,5120001015344,タカラスタンダード株式会社,10,対象正社員,,,,,,,,,,,73.9,正社員,73.9,,,,,,,,,69,69.8,75.2,2025年4月1日～2026年3月31日,,2026年3月時点,2026年06月26日
6208,6220001007685,株式会社石川製作所,12,対象正社員,,,,,,,,,,,,,,,,,,,,,,76,86.8,44.9,2025年4月1日～2026年3月31日,,2026年4月時点,2026年06月05日
3864,8010001008769,三菱製紙株式会社,,,,,,,,,,,,,,区分無し,88.1,,,,,,,,,59.5,67.4,58.7,2025年4月1日～2026年3月31日,"女性活躍推進の観点から、ここ数年間女性採用に力を入れた結果、相対的に賃金の低い女性労働者が増えたことで、賃金格差が生じている。
長期目標として、女性管理職数増も視野に入れつつ女性活躍推進を図る予定である。",2026年3月時点,2026年06月29日
4249,9010401054420,森六株式会社,,,,,,,,,,,,,,,,,,,,,,,,76.9,77.2,47.5,2025年4月1日～2026年3月31日,・職種間や管理職比率等における男女構成の違いに加え、パート・有期雇用労働者に定年後再雇用者や短時間勤務者等が含まれることから、平均賃金に差異が生じております。今後は女性管理職比率の向上等とあわせ、構成の改善に取り組んでまいります。,2026年3月時点,2026年06月23日
5658,7140001050536,日亜鋼業株式会社,,,正社員,6.7,,,,,,,,,,全体,65.6,,,,,,,,,69.3,69.8,48.4,2024年4月1日～2025年3月31日,"「女性の職業生活における活躍の推進に関する法律」（平成27年法律第64号）の規定に基づき算出
したものである",2025年3月時点,2025年07月07日
9368,3180001035446,キムラユニティー株式会社,15.7,その他,,,,,,,,,,,62,正社員,69,エリア正社員,71,契約社員,50,期間契約社員,57,,,56.3,65.6,78.3,2025年4月1日～2026年3月31日,"正規労働者：正社員、キャリア正社員、エリア正社員、サポーター社員、協力社員、契約社員の内フルタイム勤務者
非正規雇用労働者：嘱託社員、期間嘱託社員、契約社員の内パートタイム勤務者、期間契約社員、実習生",2026年3月時点,2026年06月11日
7208,8140001034728,株式会社カネミツ,,,,,,,,,,,,,,,,,,,,,,,,73.8,78.8,55.5,2024年4月1日～2025年3月31日,,2026年3月時点,2026年03月12日
5943,6140001010383,株式会社ノーリツ,17,対象正社員,,,,,,,,,,,,対象とする労働者すべて,61.3,,,,,,,,,64.6,64.2,72.9,2025年1月1日～2025年12月31日,"※男性の賃金に対する女性の賃金の割合（令和7事業年度：令和7年1月1日から令和7年12月31日）
※休職者は除く
※賃金は性別に関係なく同一の基準を適用しているが人数、社員資格、在籍年数の違いなどにより男女の差　
　が生じている。
※正社員のうち、最も差が生じているのは「技能職」で、生産現場に従事する女性が多いため格差が生じて
　いる。
　　正社員（技能職）の内、約79%が女性。",2025年12月時点,2026年04月27日
4299,6020001028371,株式会社ハイマックス,20.6,対象正社員,,,,,,,,,,,,正社員,68,,,,,,,,,80.4,81.1,71.9,2025年4月1日～2026年3月31日,,2026年3月時点,2026年08月04日
3436,3010401046159,株式会社ＳＵＭＣＯ,12.4,対象正社員,,,,,,,,,,,,正社員,83.5,,,,,,,,,72.1,72.8,69.8,2025年1月1日～2025年12月31日,"１．当社では性別で賃金に格差が一切生じない制度で運営しておりますが、差異が生じた主な要因
    は、女性の管理職が少ないことに加え、かつて女性労働者がライフイベントに際して退職する
    事例が多かったことによる勤続年数差が影響しております。

２．また、２４時間操業を支えるための交替勤務に従事する女性労働者は僅少であり、大半を男性
    労働者で占め、これらの方々へ支払う勤務プレミアムとしての交替勤務手当や、深夜手当など
    の格差によるものです。

３．当社では女性労働者の活躍を強力に推進していくため、これまで多数の女性定期新入社員を採
    用しており、女性労働者の労務構成が若年化していることも要因の一つにあります。

当社は今後も女性労働者の積極的な採用と女性管理職比率の向上を引き続き推進するとともに、女性労働者が安心して働き続けられる会社づくりに邁進していく所存です。",2026年3月時点,2026年03月30日
3902,7010001087640,メディカル・データ・ビジョン株式会社,,,正社員,10.6,,,,,,,,,,,,,,,,,,,,57.5,57.6,,2024年1月1日～2024年12月31日,非正規雇用の方に男性がいないため、記載しておりません。,2024年12月時点,2025年10月10日
6412,3010501026647,株式会社平和,,,,,,,,,,,,,,,,,,,,,,,,83.3,84,58.9,2025年4月1日～2026年3月31日,,2026年3月時点,2026年07月03日
9687,1013401001845,株式会社ＫＳＫ,15.7,対象正社員,,,,,,,,,,,,全労働者,82.9,,,,,,,,,84.4,86.3,45.5,2025年4月1日～2026年3月31日,非正規雇用労働者の差異に関して、相対的に賃金が高い嘱託社員に男性が多いため格差が生じていると考えられる,2026年3月時点,2026年08月21日
2207,5180001027409,株式会社ｍｅｉｔｏ,14.8,対象正社員,,,,,,,,,,,,正社員,69.4,,,,,,,,,56,74.8,79.7,2025年4月1日～2026年3月31日,,2026年4月時点,2026年06月08日
4025,5140001043137,多木化学株式会社,8.4,対象正社員,,,,,,,,,,,,期間の定めの無い労働者,86.5,有期雇用労働者,89,,,,,,,68.5,74.9,48.9,2025年1月1日～2025年12月31日,,2025年12月時点,2026年07月14日
2750,9140001003021,石光商事株式会社,12.3,対象正社員,,,,,,,,,,,61.3,,,,,,,,,,,72.3,74,57.7,2024年4月1日～2025年3月31日,,2025年3月時点,2025年09月11日
9311,2010001035562,アサガミ株式会社,21,対象正社員,,,,,,,,,,,,,,,,,,,,,,76.8,80.2,62.9,2025年4月1日～2026年3月31日,,2026年3月時点,2026年06月02日
8142,1140001002071,トーホーグループ,18.2,基幹的な職種,,,,,,,,,,,,,,,,,,,,,,63.2,70.1,60.1,2025年2月1日～2026年1月31日,"賃金は性別に関係なく同一の基準を適用していますが、役職者比率、転勤の有無、職種別手当（営業手当等）、定年再雇用者の比率、在籍年数の違いなどにより、男女で差が生じています。                 

●㈱トーホーフードサービス
　全労働者59.9％、うち正規雇用労働者74.6％、うち非正規雇用労働者66.6％

●㈱トーホーキャッシュアンドキャリー　
　全労働者37.5％、うち正規雇用労働者70.1％、うち非正規雇用労働者82.2％

●㈱トーホー・北関東
　全労働者58.3％、うち正規雇用労働者77.2％、うち非正規雇用労働者80.3％",2026年1月時点,2026年05月26日
E23224,2120001137521,㈱アプラス,14.5,対象正社員,ゼネラルキャリアコース（全国型）,19.3,ビジネスキャリアコース（地域限定型）,11.3,セールスキャリアコース（地域限定型）,20.9,嘱託社員・フルタイム,15.1,契約社員・フルタイム,8.1,,すべての従業員,79.8,,,,,,,,,56.4,67,33.9,2025年4月1日～2026年3月31日,"正規雇用労働者は、無期雇用社員である従業員（執行役員、社員、契約社員）、
非正規雇用労働者は、有期雇用社員である従業員（契約社員、嘱託社員）としています。",2026年3月時点,2026年05月25日
9861,2011501016151,株式会社　吉野家ホールディングス,,,,,,,,,,,,,,,,,,,,,,,,43.4,84.7,83.8,2022年3月1日～2023年2月28日,,2023年3月時点,2023年12月07日
9882,1010001126172,イエローハットグループ,,,,,,,,,,,,,,,,,,,,,,,,26,48,29.2,2024年4月1日～2025年3月31日,,2025年3月時点,2025年08月08日
4524,8120001077571,森下仁丹株式会社,8,対象正社員,,,,,,,,,,,68.8,,,,,,,,,,,86.4,86.5,88.4,2024年4月1日～2025年3月31日,,2025年3月時点,2025年08月08日
9471,2200001011461,株式会社文溪堂,,,正社員,7.4,准社員（無期）,2.6,准社員（有期）,1,嘱託,1,短期アルバイト,5.4,,,,,,,,,,,,75,76,63.9,2025年4月1日～2026年3月31日,,2026年3月時点,2026年06月26日
6848,9011101013864,東亜ディーケーケー株式会社,9.5,対象正社員,総合職,10.2,担当職,3.9,,,,,,,79.9,,,,,,,,,,,82.1,83.5,65,2025年4月1日～2026年3月31日,,2026年3月時点,2026年07月06日
7036,1011101066507,株式会社イーエムネットジャパン,,,,,,,,,,,,,,,,,,,,,,,,78,76,1.7,2025年1月1日～2025年12月31日,"【非正規雇用労働者の算出について】
以下が差異が大きくなっている理由になります。
・対象となる男性の有期雇用者が年間通してその1名のみであったため
・2025年4月入社の新卒社員（女性）が、入社前の3月のみアルバイトとして勤務した実績が含まれているため",2025年12月時点,2026年06月09日
8283,2120001077528,株式会社ＰＡＬＴＡＣ,12.3,対象正社員,,,,,,,,,,,,正社員,68.6,パート,69.7,,,,,,,52.2,74.3,91.3,2025年4月1日～2026年3月31日,,2026年3月時点,2026年08月05日
5923,8120001038994,高田機工株式会社,7.8,対象正社員,,,,,,,,,,,,,,,,,,,,,,67.9,80,51.9,2025年4月1日～2026年3月31日,,2026年7月時点,2026年07月27日
5032,7011101080460,ANYCOLOR株式会社,,,ビジネス・タレントマネジメント部門,17.7,開発・サービス企画・制作部門,10.8,コーポレート部門,1.9,契約社員,2.3,パート・アルバイト,2.4,,正規雇用労働者,72.1,非正規雇用労働者,81.5,,,,,,,78.3,83.1,82.9,2024年5月1日～2025年4月30日,,2025年6月時点,2025年09月18日
6568,3140001022497,神戸天然物化学株式会社,11.1,対象正社員,正規従業員,11.5,嘱託従業員,10.2,パート従業員,0.2,,,,,72.3,正規従業員,72.4,嘱託従業員,71.6,パート従業員,65.8,,,,,79.7,83.8,44.9,2024年4月1日～2025年3月31日,,2025年5月時点,2025年10月03日
5189,3011001008986,櫻護謨株式会社,,,,,,,,,,,,,,,,,,,,,,,,76.8,84.6,56.9,2024年4月1日～2025年3月31日,,2025年6月時点,2026年02月20日
9369,7012401007541,株式会社キユーソー流通システム,18.8,対象正社員,正社員,18.8,,,,,,,,,,正社員,63.1,,,,,,,,,50.2,60.6,77.8,2024年12月1日～2025年11月30日,"１．正規社員における注釈

①短時間勤務活用の差
育児休業等を経て職場復帰をされた後、法的には子が３歳に到達するまでのところ、当社では子が小学校に就学するまでの期間まで、希望者に対し短時間勤務制度を設けております。（※上記制度の活用により、現在、当社で勤めて頂いている従業員には出産を理由として退職をされる方はおられません）
その制度を活用されているのは現在女性従業員のみであり、多くの女性従業員に制度を活用していただくことで年収差に影響が出ております。

②平均年齢の差
正社員における女性比率は、10年前は約35％でしたが、ここ10年間の採用における入職者の女性比率は高まっており、現在の正社員における女性比率を約44％に至るまで引き上げております。
そのため相対的に賃金水準が低くなる入社の浅い若年層において、女性の比率が著しく高い結果になっております。

③本人が希望する職種の差
当社の職種には総合職と地域職の2つの職種がある中、総合職は地域職と比較し、給与水準が高い設定としており、総合職においては男性の比率が96.2％と高く、逆に地域職においては女性の比率が82.7％と高い状況となっております。
採用や人事制度上においては、性別で全く差を設けてはおりませんが、転居を伴う転勤の有無の影響が大きく、入社時に従業員が希望する職種に男女差が生じております。
そのような実態を受け、職種転換制度を設けて、その運用を開始しており、今後は従業員のライフステージに合わせて、より転換しやすい制度にブラッシュアップします。

④臨時契約入職者からフルタイム無期雇用転換者（正社員以外）の比率の差
当社には臨時従業員から正社員への登用制度を設けておりますが、責任の大きさや勤務シフト等を考慮して正社員への登用を希望しないまでも、長く勤務して頂いている事から、有期契約から正規社員の扱いとなる無期雇用に転換されているフルタイムの従業員が多くいらっしゃいます。
この正社員と比較して所得水準が低くなる正規社員が、男性１名に対し女性が３８名おられますので、結果として正規社員における男女の年収比率への影響も少なくはありません。

⑤時間外勤務手当の差
2023年度の実績として、男性の月間平均残業時間が24.8時間に対し、女性の月間平均残業時間は14.1時間でした。

⑥管理職比率の差
業界的に女性管理職の比率が低い状況が続いている中、弊社の女性管理職比率は業界平均を上回っており、且つ、ここ３年においても毎年向上しておりますが、
産業全体においても毎年向上している状況ですので、現時点では全産業平均値と比較し、女性管理職比率は不足しています。
しかしながら、社内における管理職候補である係長職においては、女性比率の底上げが著しいことから、当社の管理職比率は今後さらに変化していくと考えております。

２．非正規雇用労働者における注釈

①　女性の従業員の方に関しては扶養範囲内での就業を希望される方が多いことから、年収ベースでは差が出る結果となっております。",2025年12月時点,2026年03月17日
4212,9120001059651,積水樹脂株式会社,11,対象正社員,,,,,,,,,,,,正規雇用,61.4,非正規雇用,92.2,,,,,,,63,67.8,73.5,2024年4月1日～2025年3月31日,"賃金は性別に関係なく同一の基準を適用しているが、職種（総合職と一般職）、人数、年齢構成の違いにより男女間で差が生じている。主な要因は次の通りである。
・全体人数として女性比率が少なく、その中でも賃金設定違う一般職が大半となっている。
・賃金設定の高い管理職において、男性の比率が高くなっている。",2025年3月時点,2025年10月23日
4093,8010001034831,東邦アセチレン株式会社,,,総合職・一般職,10.2,,,,,,,,,,その他,70.2,,,,,,,,,60.6,63.4,12.4,2025年4月1日～2026年3月31日,,2026年3月時点,2026年08月24日
6539,9120001111949,株式会社MS-Japan,21.6,基幹的な職種,,,,,,,,,,,,,,,,,,,,,,70.3,72.8,84.5,2025年4月1日～2026年3月31日,"「労働者の男女の賃金の差異」について、賃金制度・体系において性別による差異はありません。
男女の賃金の差異は主に男女間の管理職比率及び雇用形態の差異によるものです。またパート・有期雇用者における男女間賃金格差は、女性は男性に比べ、フルタイム勤務の契約社員（月給制）よりパートタイム勤務のアルバイト（時給制）の比率が高いことによるものです。",2026年3月時点,2026年06月18日
2186,9010801008257,ソーバル株式会社,8.5,対象正社員,,,,,,,,,,,,,,,,,,,,,,83,83.5,90.7,2025年3月1日～2026年2月28日,,2026年2月時点,2026年04月06日
8111,3230001008974,株式会社ゴールドウイン,,,,,,,,,,,,,,全体,86.9,,,,,,,,,,,,,,2024年3月時点,2024年07月23日
7971,6140001078660,東リ株式会社,20.3,対象正社員,正社員,20.3,,,,,,,,,63.6,正社員,63.3,,,,,,,,,72.6,73.3,76.7,2025年4月1日～2026年3月31日,,2026年3月時点,2026年07月06日
6279,7120901009526,株式会社瑞光,,,,,,,,,,,,,,,,,,,,,,,,74.7,82.9,91.4,2023年2月21日～2024年2月20日,,2024年2月時点,2024年08月20日
6804,4122001020003,ホシデン株式会社,12.2,基幹的な職種,,,,,,,,,,,,,,,,,,,,,,70.3,67.7,67.3,2025年4月1日～2026年3月31日,"・育児、介護による時短勤務者13名を含む。
・育児、病気休業者を除く。",2026年3月時点,2026年06月02日
9761,7120001067607,東海リース株式会社,,,,,,,,,,,,,,,,,,,,,,,,76.4,69.4,101.3,2025年4月1日～2026年3月31日,,2026年4月時点,2026年05月11日
9647,2011001006553,株式会社協和コンサルタンツ,,,,,,,,,,,,,,正規雇用者,64,非正規雇用者,69,,,,,,,,,,,,2025年12月時点,2025年12月26日
7419,4021001013588,株式会社ノジマ,13.8,対象正社員,,,,,,,,,,,,正社員,64,,,,,,,,,82.7,84.3,115.1,2024年4月1日～2025年3月31日,,2026年3月時点,2026年07月23日
5941,3120001018349,株式会社中西製作所,21.6,対象正社員,総合職,27,現業職,17.5,一般業務職,8,,,,,,総合職,71.1,現業職,72.9,一般業務職,75.1,,,,,65.2,67.8,67.9,2025年4月1日～2026年3月31日,,2026年4月時点,2026年07月22日
5237,9140001010083,株式会社ノザワ,,,,,,,,,,,,,,,,,,,,,,,,66.3,72.9,72.4,2025年4月1日～2026年3月31日,,2026年3月時点,2026年07月16日
3776,6010401059802,株式会社ブロードバンドタワー,,,,,,,,,,,,,,,,,,,,,,,,89.1,83.2,118.2,2025年1月1日～2025年12月31日,,2025年12月時点,2026年04月02日
7717,3020001043968,株式会社ブイ・テクノロジー,,,,,,,,,,,,,71.6,,,,,,,,,,,,,,,,2024年3月時点,2025年08月27日
1431,7330001010363,株式会社Ｌｉｂ　Ｗｏｒｋ,,,,,,,,,,,,,,,,,,,,,,,,72.9,76.8,67.9,2024年7月1日～2025年6月30日,,2025年6月時点,2025年12月22日
6771,6010801000811,池上通信機株式会社,,,,,,,,,,,,,78.2,,,,,,,,,,,75.2,78.3,52,2025年4月1日～2026年3月31日,正規雇用労働者の平均年齢は、男性45歳、女性35歳である。なお、正規雇用労働者のうち35歳以下の男女の賃金の差異は90％である。パートタイマーのみの男女の賃金の差異は113％である。,2026年3月時点,2026年07月24日
4611,1120001026551,大日本塗料株式会社,,,,,,,,,,,,,,,,,,,,,,,,75,79.2,61.8,2025年4月1日～2026年3月31日,,2026年8月時点,2026年08月24日
7962,8010001014924,株式会社キングジム,7.5,対象正社員,,,,,,,,,,,,対象とする労働者すべて,70.3,,,,,,,,,74.4,73.7,83.5,2025年6月21日～2026年6月20日,"正規労働者：常時雇用する労働者（パートタイマー・嘱託・契約社員を除く）
非正規労働者：パートタイマー・嘱託・契約社員を含み派遣社員を除く労働者
賃金：基本給、超過労働に対する報酬、賞与を含み、退職手当、通勤手当、その他非課税分を除く",2026年6月時点,2026年08月07日
7774,4180301011063,㈱ジャパン・ティッシュエンジニアリング,8.4,対象正社員,,,,,,,,,,,,期間の定めのない社員,82,,,,,,,,,77.8,79.3,43,2025年4月1日～2026年3月31日,育児短時間勤務制度を利用している女性が女性正規雇用労働者の10%おり、賃金差異の発生要因になっている。,2026年3月時点,2026年05月14日
5185,5030001044311,株式会社フコク,17.8,対象正社員,正社員,17.5,契約社員・パート,12.9,,,,,,,77.6,,,,,,,,,,,82.7,84.5,65.4,2025年4月1日～2026年3月31日,,2026年3月時点,2026年06月30日
1429,4020001061696,株式会社日本アクア,8.5,対象正社員,営業職,8.7,工務職,8.5,事務職,8.5,技術職,7.5,,,,営業職,52.3,工務職,61.9,事務職,70.4,技術職,55,,,88.4,77.8,128.1,2022年1月1日～2022年12月31日,"非正規雇用労働者には、パート1名、技能実習生96名、定年再雇用者2名、企業内転勤1名を含む。
パート社員の給与は、8時間に換算した給与を適用。",2022年12月時点,2024年01月09日
3106,4260001013120,倉敷紡績株式会社,8.7,対象正社員,,,,,,,,,,,,正社員,69.1,,,,,,,,,64,66.5,50.7,2024年4月1日～2025年3月31日,,2025年3月時点,2025年10月24日
6740,6040001059563,株式会社ジャパンディスプレイ,19.4,対象正社員,正社員,19.8,契約社員,15.6,,,,,,,82.4,,,,,,,,,,,70.1,70.6,61.1,2025年4月1日～2026年3月31日,,2025年3月時点,2026年07月16日
2491,1010401062075,バリューコマース株式会社,5.3,対象正社員,,,,,,,,,,,83.5,,,,,,,,,,,78.8,81.8,33.6,2025年1月1日～2025年12月31日,賃金は、基本給、超過労働に対する報酬および賞与を含み、退職手当および通勤手当等を除いております。正規雇用労働者の対象は正社員であり、非正規雇用労働者は契約社員（嘱託社員含む）・パートタイマーであります。,2025年12月時点,2026年05月19日
6496,5122001015687,株式会社中北製作所,21.5,基幹的な職種,,,,,,,,,,,,,,,,,,,,,,77.1,79.3,63.3,2024年6月1日～2025年5月31日,非正規雇用労働者については定年再雇用者及びキャリア採用を含む有期契約社員,2025年5月時点,2025年08月27日
4345,7100001009957,株式会社シーティーエス,,,,,,,,,,,,,80,,,,,,,,,,,50.3,55.3,40.5,2025年3月1日～2026年2月28日,,2026年3月時点,2026年03月27日
5125,2011001127135,株式会社ファインズ,12,対象正社員,,,,,,,,,,,,,,,,,,,,,,67.2,69.1,60.5,2025年7月1日～2026年6月30日,,2026年6月時点,2026年07月27日
7616,8020001040291,株式会社コロワイド,,,,,,,,,,,,,,,,,,,,,,,,64.3,75.1,54.3,2025年4月1日～2026年3月31日,,2026年3月時点,2026年07月07日
2307,5010701002818,株式会社クロスキャット,8.3,対象正社員,,,,,,,,,,,,正社員,69.3,,,,,,,,,83.3,84.1,72.7,2025年4月1日～2026年3月31日,,2026年3月時点,2026年07月31日
8016,4010001034736,株式会社オンワードホールディングス,,,,,,,,,,,,,,,,,,,,,,,,53.7,58.6,,2025年3月1日～2026年2月28日,,2026年4月時点,2026年04月27日
6310,2500001000533,井関農機株式会社,11.4,対象正社員,,,,,,,,,,,,,,,,,,,,,,69.4,72.8,110.3,2025年1月1日～2025年12月31日,非正規雇用労働者にパートタイム労働者を含む,2025年12月時点,2026年04月06日
4784,1011001032872,ＧＭＯインターネット株式会社,,,社長直轄部門,13.9,経営本部,18.9,システム本部,13.6,シナジー推進,16.2,ﾄﾞﾒｲﾝ･ｸﾗｳﾄﾞ事業本部,16.6,,,,,,,,,,,,64.3,68.6,82.4,2025年1月1日～2025年12月31日,,2025年12月時点,2026年06月08日
8876,9011101016891,株式会社リログループ,,,,,,,,,,,,,78.5,,,,,,,,,,,77.4,80.7,50.8,2025年4月1日～2026年3月31日,,2026年5月時点,2026年06月16日
9450,7430001029022,株式会社ファイバーゲート,13.4,対象正社員,正社員,13.4,,,,,,,,,,,,,,,,,,,,75.1,78.2,62.4,2024年7月1日～2025年6月30日,,2025年6月時点,2026年04月02日
7670,6120001049291,オーウエル株式会社,,,,,,,,,,,,,,,,,,,,,,,,64.3,74.1,34.8,2025年4月1日～2026年3月31日,,2026年3月時点,2026年08月18日
7856,7260001014438,萩原工業株式会社,8.9,対象正社員,,,,,,,,,,,,正社員,60.1,,,,,,,,,71.6,74.8,41.5,2024年11月1日～2025年10月31日,,2025年10月時点,2026年02月17日
3947,1180001037535,ダイナパック株式会社,,,,,,,,,,,,,,,,,,,,,,,,64,72.2,70,2025年1月1日～2025年12月31日,,2026年1月時点,2026年04月23日
3674,7011001053434,株式会社オークファン,22,対象正社員,,,,,,,,,,,,,,,,,,,,,,79.5,82.3,71.8,2024年10月1日～2025年9月30日,,2025年9月時点,2026年04月22日
5368,1120001040610,日本インシュレーション株式会社,,,,,,,,,,,,,73,,,,,,,,,,,72,81,45,2024年4月1日～2025年3月31日,,2025年3月時点,2025年08月06日
4120,4170001001687,スガイ化学工業株式会社,,,,,,,,,,,,,,,,,,,,,,,,80.3,81.4,109.2,2025年4月1日～2026年3月31日,,2026年3月時点,2026年08月10日
6488,9180001011318,株式会社ヨシタケ,,,,,,,,,,,,,,,,,,,,,,,,67.1,81.3,65.7,2025年4月1日～2026年3月31日,,2026年3月時点,2026年04月01日
3580,1220001012764,小松マテーレ株式会社,8.5,対象正社員,,,,,,,,,,,,,,,,,,,,,,70.9,71.4,53.6,2025年4月1日～2026年3月31日,,2026年3月時点,2026年06月10日
2211,3010001034910,株式会社　不二家,18,対象正社員,,,,,,,,,,,,正社員,64.2,,,,,,,,,42.1,68.8,64.4,2025年1月1日～2025年12月31日,,2025年12月時点,2026年06月15日
3093,3011801014408,株式会社トレジャー・ファクトリー,,,,,,,,,,,,,,,,,,,,,,,,56.2,77.2,114.8,2025年3月1日～2026年2月28日,"対象期間：2025年3月1日～2026年2月28日
賃金　　：基本給、各種手当、賞与を含み、通勤手当を除く
正規　　：正社員
非正規　：契約社員、パート",2026年2月時点,2026年04月15日
7819,4010401097556,粧美堂株式会社,,,,,,,,,,,,,,,,,,,,,,,,57.5,64.8,44.1,2024年10月1日～2025年9月30日,,2025年9月時点,2026年04月03日
5464,2120101034032,モリ工業株式会社,8,対象正社員,,,,,,,,,,,,,,,,,,,,,,83.2,82.7,79.7,2025年4月1日～2026年3月31日,"正規雇用労働者、非正規雇用労働者から除外されている労働者：無
賃金から除外している手当等の有無：無",2026年3月時点,2026年04月30日
6997,7010701015586,日本ケミコン株式会社,8.7,対象正社員,,,,,,,,,,,,正社員,74,,,,,,,,,75.9,75,104.7,2025年4月1日～2026年3月31日,,2026年3月時点,2026年07月01日
5946,8250001005924,株式会社長府製作所,,,,,,,,,,,,,70.8,総合職,60.3,一般職,78.7,技能職,78.3,パート等,76.1,,,64.6,62.6,86.7,2025年1月1日～2025年12月31日,,2026年3月時点,2026年03月24日
2286,8250001006179,林兼産業株式会社,12.7,対象正社員,,,,,,,,,,,,,,,,,,,,,,53.5,76.1,83.3,2025年4月1日～2026年3月31日,,2026年3月時点,2026年05月27日
6763,2020001069741,帝国通信工業株式会社,,,,,,,,,,,,,,,,,,,,,,,,75.9,76.8,84.1,2025年4月1日～2026年3月31日,,2026年3月時点,2026年07月22日
3976,1010401052638,株式会社シャノン,9.5,対象正社員,正社員,9.5,契約社員,1.3,,,,,,,,対象とする労働者すべて,67,,,,,,,,,,,,,,2025年10月時点,2025年11月06日
2152,3010701010137,幼児活動研究会株式会社,1.5,対象正社員,,,,,,,,,,,,正社員,70.5,,,,,,,,,49.6,75.9,24.9,2025年4月1日～2026年3月31日,,2026年4月時点,2026年05月29日
6286,5080001008518,靜甲株式会社,14.7,対象正社員,,,,,,,,,,,79,対象とする労働者すべて,79,,,,,,,,,68,67.3,65.5,2025年4月1日～2026年3月31日,,2026年3月時点,2026年07月23日
4341,1140001078509,西菱電機株式会社,,,,,,,,,,,,,79.2,,,,,,,,,,,69.5,77.6,61.4,2025年4月1日～2026年3月31日,,2026年3月時点,2026年07月03日
6918,6012301000127,株式会社 アバールデータ,,,営業職　正社員,21.8,営業職　非正規社員（有期契約）,2.5,営業職　非正規社員（無期契約）,0,開発設計職　正社員,20.9,開発設計職　非正規社員（有期契約）,7.9,,,,,,,,,,,,,,,,,2026年3月時点,2026年05月22日
4752,3010001045552,株式会社昭和システムエンジニアリング,,,,,,,,,,,,,,,,,,,,,,,,83.8,83.6,124.1,2025年4月1日～2026年3月31日,,2026年3月時点,2026年06月09日
7504,4370001005032,株式会社高速,,,一般労働者,15.2,短時間労働者,2.2,管理監督者,0,専門裁量制適用者,18.7,,,,,,,,,,,,,,60.1,67.7,72.6,2025年4月1日～2026年3月31日,,2026年3月時点,2026年04月24日
9753,5010401047403,アイエックス・ナレッジ株式会社,13.1,対象正社員,正社員,13.1,派遣社員,10.1,,,,,,,,正社員,83,,,,,,,,,89.3,87.3,96.6,2025年4月1日～2026年3月31日,"[平均年齢]
全労働者(男女)：39.20歳、全労働者(女性)：35.22歳
正規雇用労働者(男女)：37.67歳、正規雇用労働者(女性)：34.52歳
有期雇用労働者(男女)：61.56歳、有期雇用労働者(女性)：61.63歳",2026年3月時点,2026年07月02日
7366,4011001133197,株式会社LITALICO,,,,,,,,,,,,,,,,,,,,,,,,90.9,79.9,158,2025年4月1日～2026年3月31日,,2026年3月時点,2026年05月20日
2461,7011001035606,株式会社ファンコミュニケーションズ,11.9,対象正社員,,,,,,,,,,,,,,,,,,,,,,69.3,67.6,116.2,2025年1月1日～2025年12月31日,,2025年12月時点,2026年03月11日
E03648,8080101000735,株式会社　静岡中央銀行,7.8,対象正社員,,,,,,,,,,,,全労働者,71.2,正行員,69.3,嘱託,70.8,パート,80.5,,,54.7,66.9,43.6,2025年4月1日～2026年3月31日,"１．当行では、正規労働者、非正規労働者ともに賃金は性別に関係なく、同一の基準を適用しています。
２．正規労働者は、女性より男性に相対的に賃金が高い役席・管理職者が多いため、男女での賃金の差異が生じています。
３．非正規労働者は、女性より男性に相対的に賃金が高い嘱託行員が多く、男性より女性に相対的に賃金が低いパート行員が多いため、男女で賃金の差異が生じています。
４．引き続き、性別に関わらず適材適所での登用を行い、多様な人材の活用を図ってまいります。",2026年3月時点,2026年07月02日
5918,1180001089667,瀧上工業株式会社,,,,,,,,,,,,,,全労働者,73.8,うち正規雇用労働者（管理職）,59.4,うち正規雇用労働者（一般職）,76.8,うち非正規雇用労働者（契約社員・嘱託社員）,81.1,うち非正規雇用労働者（パート）,88,64,70.4,44.6,2025年4月1日～2026年3月31日,"対象期間 ： 令和7年事業年度（令和7年4月1日～令和8年3月31日）
賃　　　金 ： 基本給、超過労働に対する報酬、賞与等を含み、退職手当、通勤手当等を除いております
正規雇用労働者　  ： 出向者については、当社から社外への出向者を除いております
非正規雇用労働者 ： 契約社員、嘱託社員、パートを含み、派遣社員を除いております

■賃金差異について補足
　 ・ 非正規雇用労働者において、女性よりも男性に相対的に賃金が高い嘱託社員が多いため格差が生じていると考えられます
　 ・ 職能等級別での男女賃金差異は、管理職 100.0％、一般職 80.5％、パート 91.8％となります",2026年3月時点,2026年07月06日
4641,5020001090389,株式会社　アルプス技研,12.5,基幹的な職種,,,,,,,,,,,81.8,,,,,,,,,,,83.7,86.1,58,2025年1月1日～2025年12月31日,,2025年12月時点,2026年08月18日
4064,6010401038624,日本カーバイド工業株式会社,13.5,その他,一般社員（非管理職）,13.5,,,,,,,,,92,正社員・嘱託社員(フルタイム勤務),92,,,,,,,,,66.9,69.8,,2025年4月1日～2026年3月31日,"男女の賃金差異は、原籍人員により集計しており、非正規労働者には、派遣社員を除きます。
等級別人員構成の差や担当する職務内容の差により差異が生じています。",2026年3月時点,2026年06月18日
3562,8010001136248,株式会社No.1,,,,,,,,,,,,,64.7,,,,,,,,,,,69.2,69.7,37.7,2025年3月1日～2026年2月28日,,2026年2月時点,2026年08月03日
8030,5010001034859,中央魚類株式会社,,,,,,,,,,,,,,,,,,,,,,,,64.6,73.3,76.6,2025年4月1日～2026年3月31日,,2026年3月時点,2026年06月04日
7885,8100001021275,タカノ株式会社,,,,,,,,,,,,,,正社員,69.9,,,,,,,,,64.1,69.4,52.7,2024年4月1日～2025年3月31日,,2025年3月時点,2025年08月29日
3465,3030001060211,ケイアイスター不動産株式会社,16.5,その他,総合職,17.1,エリア総合職,11.5,,,,,,,,管理職,64.7,非管理職,86.2,臨時職員,93.4,,,,,70.8,74.4,74.2,2025年4月1日～2026年3月31日,,2026年3月時点,2026年07月06日
7297,3013301021082,株式会社カーメイト,,,,,,,,,,,,,,,,,,,,,,,,59.8,72.8,47.3,2025年4月1日～2026年3月31日,"・管理職における女性社員の割合が2.4％と低く、男女の賃金格差が発生する要因となっている。
　女性活躍推進の取り組みにより、キャリア支援・マネジメント支援等を通じ改善を行う。
・新卒採用においては、女性採用の割合を30％以上とする。採用向け会社案内やWebサイトにて、女性も活躍できる環境があることを知ってもらう内容を盛り込む。
・女性管理職候補を育成する。若手女性が管理職を目指すことのできる研修制度から充実を図る。",2026年3月時点,2026年08月24日
7094,5011001072766,株式会社ＮｅｘＴｏｎｅ,,,,,,,,,,,,,78.8,,,,,,,,,,,73.3,75.4,106.4,2025年4月1日～2026年3月31日,,2026年3月時点,2026年06月17日
3880,9500001014345,大王製紙株式会社,20.6,その他,,,,,,,,,,,79.6,,,,,,,,,,,68.5,69.7,89.9,2025年4月1日～2026年3月31日,「女性の職業生活における活躍の推進に関する法律」（平成27年法律第64号）の規定に基づき算出したものです。2025年4月1日から2026年3月31日に支給した年間賃金（通勤費除く、賞与・基準外賃金含む）について、男性平均を100とした場合の女性平均の割合です。なお、出向者は出向元の労働者として集計しています。また、同一労働による賃金体系に違いはありませんが、男女間における平均年齢、在籍年数、等級、職種の違い等により差異が生じています。,2026年3月時点,2026年06月30日
3986,7010701013986,株式会社ビーブレイクシステムズ,3.3,対象正社員,,,,,,,,,,,,,,,,,,,,,,90.8,90.8,,2025年7月1日～2026年6月30日,,2026年1月時点,2026年08月14日
4125,4180301014009,三和油化工業株式会社,21.6,対象正社員,,,,,,,,,,,63.9,,,,,,,,,,,81.1,82.8,29.2,2025年4月1日～2026年3月31日,,2026年3月時点,2026年08月21日
7931,3200001014926,未来工業株式会社,1.8,対象正社員,,,,,,,,,,,56.2,,,,,,,,,,,85.4,85.4,,2025年3月21日～2026年3月20日,"・正規雇用労働者、非正規雇用労働者から除外されている労働者はありません。
・賃金から除外している手当等はありません。",2026年3月時点,2026年05月26日
7212,6030001031085,株式会社エフテック,9.1,その他,,,,,,,,,,,,その他,100,,,,,,,,,77.1,76.5,67.6,2025年4月1日～2026年3月31日,,2026年3月時点,2026年07月31日
9535,2240001009205,広島ガス株式会社,,,,,,,,,,,,,81.1,,,,,,,,,,,73.7,75.4,66.8,2025年4月1日～2026年3月31日,,2026年3月時点,2026年07月09日
9561,9120001129165,株式会社グラッドキューブ,25.8,対象正社員,正社員,25.8,契約社員,0,サポートスタッフ,0,,,,,,正社員,80.6,契約社員,90,サポートスタッフ,82.4,,,,,75,77.3,156,2025年1月1日～2025年12月31日,,2025年12月時点,2026年05月27日
9867,1010801004073,ソレキア株式会社,21,対象正社員,,,,,,,,,,,,,,,,,,,,,,76,76.9,70,2025年4月1日～2026年3月31日,,2026年3月時点,2026年07月02日
9994,5370001014536,株式会社やまや,15,対象正社員,店舗系　正社員,15.1,物流系　正社員,14.9,店舗系　フルタイムパート,4.2,物流系　フルタイムパート,4.5,,,,正社員　管理職,41.1,正社員　基幹職,63.3,フルタイムパート,81.6,パート,91.4,,,56.9,74.6,104.5,2025年4月1日～2026年3月31日,休職による年間賃金支払額が0のものを除く数値で算出。,2026年3月時点,2026年07月15日
9625,9013301006441,株式会社セレスポ,18.6,対象正社員,,,,,,,,,,,,,,,,,,,,,,80.3,80.3,85.7,2025年4月1日～2026年3月31日,"対象期間：2025事業年度（2025年4月1日~2026年3月31日まで）
賃金：基本給、超過労働に対する報酬、賞与等を含み、退職手当、通勤手当を除く。
正規：出向者については、当社から社外への出向者を含み、他社から当社への出向者を除く。
非正規：契約社員、パートタイマー、嘱託を含み、派遣社員を除く。",2026年5月時点,2026年06月11日
9708,8010001008711,株式会社帝国ホテル,7.4,対象正社員,社員,7.6,東京社員・関西社員,6.9,サポート社員,2.2,,,,,54.7,社員,51.7,東京社員・関西社員,65,,,,,,,68.7,74,55.7,2025年4月1日～2026年3月31日,人事制度上の男女間賃金格差はありませんが、男女の年齢構成・管理職比率・短時間勤務者数などを要因として、男女間で差異が生じています。,2026年4月時点,2026年05月14日
3788,7011001037734,ＧＭＯグローバルサイン・ホールディングス株式会社,,,,,,,,,,,,,,正社員,68.8,契約社員,80.2,アルバイト・パート,87.4,,,,,66.2,80.5,54,2025年1月1日～2025年12月31日,"対象期間:令和７事業年度（令和７年１月１日から令和７年12月31日まで）
賃金:基本給、超過労働に対する報酬、賞与等を含み、通勤手当等を除く。
正規雇用労働者：正社員（出向者については、当社から社外への出向者を除く）
非正規雇用労働者：有期の契約社員、アルバイトおよびパートタイマー",2025年12月時点,2026年07月02日
7048,2011101049188,ベルトラ株式会社,,,P&PM職,7.1,T&TM職,4.6,A職,4.9,無期フルタイム,4.1,無期パートタイム,0.5,,,,,,,,,,,,67.1,74.6,108.3,2025年1月1日～2025年12月31日,,2025年12月時点,2026年03月30日
3315,5010601029770,日本コークス工業株式会社,14.8,対象正社員,,,,,,,,,,,84.9,正社員,80.7,,,,,,,,,73.7,73.3,,2025年4月1日～2026年3月31日,"対象期間:令和7事業年度（令和7年4月1日から令和8年3月31日まで）
賃金:基本給、超過労働に対する報酬、賞与等を含み、退職手当、通勤手当等を除く。
籍雇用労働者:休職者を除く。パート・有期社員:嘱託を含み、派遣社員を除く。

【令和7年度は女性の非正規雇用労働者が0名のため、賃金差異は0％】",2026年3月時点,2026年06月02日
3434,1020001005862,株式会社アルファ,,,,,,,,,,,,,,,,,,,,,,,,73.1,78.9,87.2,2025年4月1日～2026年3月31日,,2026年3月時点,2026年06月17日
8089,2020001037946,ナイス株式会社,,,常用労働者全体,12.7,,,,,,,,,,常用労働者全体,52.5,,,,,,,,,65.3,66.4,52.3,2025年4月1日～2026年3月31日,,2026年4月時点,2026年07月29日
5988,7020001030260,株式会社パイオラックス,10.5,対象正社員,,,,,,,,,,,81,,,,,,,,,,,69.8,81.8,53.7,2025年4月1日～2026年3月31日,,2026年3月時点,2026年07月22日
3513,1010001000708,イチカワ株式会社,,,,,,,,,,,,,,,,,,,,,,,,75.6,74.5,91.5,2025年4月1日～2026年3月31日,,2026年3月時点,2026年04月30日
E04130,1220001006411,北陸鉄道株式会社,31.8,対象正社員,,,,,,,,,,,86.5,,,,,,,,,,,77.7,85.9,57.1,2025年4月1日～2026年3月31日,,2026年3月時点,2026年08月03日
7271,1190001008733,株式会社　安永,19.7,対象正社員,,,,,,,,,,,,対象とする労働者すべて,82.2,,,,,,,,,69.1,71.4,73.9,2025年4月1日～2026年3月31日,,2026年3月時点,2026年07月16日
4221,2470001007268,大倉工業株式会社,4.6,対象正社員,,,,,,,,,,,,常用雇用労働者,58,,,,,,,,,73,74.1,85.1,2025年1月1日～2025年12月31日,"〇正規雇用労働者
　平均勤続年数が男性と比較して短いことや労働時間短縮措置や産休・育休の制度利用者に女性が多いこと等が主な要因となります。また、製造職場に勤務する女性が少なく、深夜勤務手当等の手当額に差が生じることも影響しております。",2025年12月時点,2026年03月12日
E02244,9070001016708,株式会社山田製作所,,,,,,,,,,,,,,,,,,,,,,,,75.8,74,91.7,2025年4月1日～2026年3月31日,,2026年3月時点,2026年06月29日
3839,8120001092926,株式会社ＯＤＫソリューションズ,,,,,,,,,,,,,,正社員,72,,,,,,,,,,,,,,2025年3月時点,2025年06月20日
7435,5180001039239,株式会社ナ・デックス,,,,,,,,,,,,,,,,,,,,,,,,68.5,66.8,116.2,2025年5月1日～2026年4月30日,「女性の職業生活における活躍の推進に関する法律」（平成27年法律第64号）の規定に基づき算出したものです。,2026年4月時点,2026年08月17日
6143,3020001020736,株式会社ソディック,,,,,,,,,,,,,,,,,,,,,,,,76.8,79.2,50.1,2025年1月1日～2025年12月31日,,2025年12月時点,2026年08月24日
9537,5110001004983,北陸ガス株式会社,9.2,対象正社員,,,,,,,,,,,,,,,,,,,,,,73.7,73.7,73.5,2025年4月1日～2026年3月31日,"男性の平均勤続年数や平均年齢が上回っていることから、男性社員の賃金が高くなる傾向にあります。
・平均勤続年数（男性：１８．２年、女性１０．９年、計：１７．１年）
・平均年齢（男性：４０．７歳、女性３３．６歳、計：３９．７歳）",2026年3月時点,2026年06月26日
7686,2011501000964,株式会社ひとまいる,15.5,対象正社員,正社員,15.5,契約社員,1.1,アルバイト,1,,,,,,,,,,,,,,,,89.9,71.6,63.3,2025年4月1日～2026年3月31日,,2026年3月時点,2026年07月16日
7472,9010001005600,株式会社鳥羽洋行,9.7,対象正社員,総合職,22.8,一般職,6.8,嘱託社員,6.9,,,,,42.2,,,,,,,,,,,,,,,,2026年3月時点,2026年05月01日
4492,7011101011259,株式会社ゼネテック,,,正社員（技術職）,13.1,正社員（事務職）,18.9,契約社員（フルタイム）,15.4,契約社員（時短）,0,,,,,,,,,,,,,,82.2,82.9,74,2025年4月1日～2026年3月31日,,2026年3月時点,2026年08月06日
7458,6010701005431,株式会社第一興商,17,対象正社員,,,,,,,,,,,,,,,,,,,,,,51.5,80.2,90.3,2025年4月1日～2026年3月31日,,2026年3月時点,2026年06月08日
2332,8010401008344,株式会社クエスト,,,正社員 （地域限定社員除く）,19,正社員 （地域限定社員）,18.9,契約社員,11.1,時間パート,0.3,,,,,,,,,,,,,,85,85.6,74.6,2025年4月1日～2026年3月31日,,2026年3月時点,2026年06月03日
7030,7110001022686,株式会社スプリックス,,,,,,,,,,,,,,,,,,,,,,,,91.7,88.5,103.1,2024年10月1日～2025年9月30日,,2025年9月時点,2026年02月03日
9170,5013101000994,成友興業株式会社,,,正社員総合職,22.8,正社員ドライバー,24.8,正社員オペレーター,26.5,有期雇用総合職,11.3,有期雇用ドライバー,27.6,,,,,,,,,,,,71.8,71.8,,2024年10月1日～2025年9月30日,,2025年9月時点,2026年05月19日
E30164,6010401023056,株式会社日本能率協会マネジメントセンター,10.8,対象正社員,正社員,10.8,,,,,,,,,,正社員,77.9,,,,,,,,,67.6,84.8,60.6,2024年7月1日～2025年6月30日,,2025年6月時点,2025年12月03日
2695,4120101002846,くら寿司株式会社,,,,,,,,,,,,,,,,,,,,,,,,92.7,70.3,117.1,2024年11月1日～2025年10月31日,対象期間：2024年11月1日～2025年10月31日,2025年11月時点,2026年01月26日
8860,1120101037457,フジ住宅株式会社,,,,,,,,,,,,,,,,,,,,,,,,52,59.6,42.1,2025年4月1日～2026年3月31日,"・対象期間は2026年3月期(2025年4月1日から2026年3月31日まで)です。
・労働者の男女の賃金の差異については、男性の賃金に対する女性の賃金の割合を示しています。
　当社では正規雇用労働者、パート・有期労働者のいずれにおいても、男女間で賃金体系
　及び制度上の差はなく、職種間等においての人数構成の差によるものであります。
　嘱託社員における男女間の賃金差異が生じている主な要因は、賃金制度において性別による
　処遇の差は一切ないものの、男性労働者の勤続年数が長いことにより給与水準が
　女性労働者と比較して高いことによるものです。
・賃金は基本給、各種手当、超過労働に対する賃金、賞与等を含み、通勤手当を除いております。
・正規雇用労働者は当社から社外への出向者を含み、他社から当社への出向者を除いております。
・パート・有期労働者は嘱託従業員、契約社員、パートタイマー等を対象に算出しており、
　派遣社員を除きます。",2026年3月時点,2026年05月26日
4769,3010701001012,株式会社ＩＣ,13.9,対象正社員,,,,,,,,,,,,,,,,,,,,,,74.6,74.4,,2024年10月1日～2025年9月30日,,2025年9月時点,2025年12月11日
7980,6011501017030,株式会社　重松製作所,16.1,基幹的な職種,,,,,,,,,,,82.4,,,,,,,,,,,73.3,77.9,57,2025年4月1日～2026年3月31日,"○正規雇用労働者について
　管理職における女性の割合が9.1%(2026年3月31日時点)と低いため、男女の賃金格差が発生する要因となっている。

○非正規雇用労働者について
　賃金水準の高い定年後再雇用者における女性の割合が16.0%(2026年3月31日時点)と低いため、男女の賃金格差が生じている。",2026年3月時点,2026年07月10日
6125,7070001009787,株式会社岡本工作機械製作所,12,対象正社員,,,,,,,,,,,,正社員,36,,,,,,,,,78.9,76.2,42.9,2024年4月1日～2025年3月31日,,2025年3月時点,2025年08月21日
9872,7120001077804,北恵株式会社,10.7,対象正社員,,,,,,,,,,,,正社員,57.1,,,,,,,,,57.9,57.9,36.6,2024年11月21日～2025年11月20日,対象期間：2024年11月21日～2025年11月20日,2025年11月時点,2026年04月24日
5953,9290001003221,昭和鉄工株式会社,20.9,対象正社員,,,,,,,,,,,,正社員,71.5,,,,,,,,,59.6,61.3,60,2025年4月1日～2026年3月31日,,2026年3月時点,2026年05月08日
6623,4180001073593,愛知電機株式会社,,,,,,,,,,,,,,,,,,,,,,,,75.9,76.3,79.2,2025年4月1日～2026年3月31日,"＜正規雇用労働者＞
男女間の賃金格差は以下の要因が考えられる。
1）賃金の高い管理職に占める女性の割合が少ない。
2）女性の時間外労働時間は男性に比べて少ない。
3）家族手当は主たる生計者に支給しており、女性社員の比率が少ない。

＜非正規雇用労働者＞
非正規雇用労働者の賃金は、男女間に大きな差はない。",2026年3月時点,2026年06月04日
6874,6080001001232,協立電機株式会社,2,対象正社員,,,,,,,,,,,,対象とする労働者すべて,61,,,,,,,,,58.9,65.1,87.2,2024年7月1日～2025年6月30日,正規雇用労働者は単に男女のみの集計で総合職及び一般職を区分しておりません,2025年6月時点,2025年09月08日
4012,6010401035266,株式会社アクシス,13,対象正社員,,,,,,,,,,,65.2,,,,,,,,,,,85.7,85.8,103.1,2025年1月1日～2025年12月31日,"・対象期間：2025年１月１日～2025年12月31日
・正規雇用：社外への出向者を除く。
・非正規雇用：契約社員、アルバイト、パートが該当。社外への出向者を除く。
・賃金：通勤手当等を除く。
・2025年1月～2025年12月の期間すべての月に給与を支給している社員を対象としています。
（年途中の入社、退社、休職者は、平均額に影響が出るため除く）",2025年12月時点,2026年03月23日
3091,8180001013307,株式会社ブロンコビリー,,,,,,,,,,,,,25.8,社員,19.7,時給制社員,27.8,,,,,,,67.9,73.3,113,2025年1月1日～2025年12月31日,,2024年12月時点,2026年05月21日
3639,7011001036785,株式会社ボルテージ,,,PED職,10.5,管理スタッフ職,5.8,契約社員,0,アルバイト,0,,,,,,,,,,,,,,86.5,87.3,121.8,2025年7月1日～2026年6月30日,"近年、新卒採用および中途採用において女性の入社が多く、結果として若手年齢層における女性比率が高くなっているため、相対的に平均賃金の分布に差が生じております。 
組織構造上の年齢構成の差が平均賃金の差異として表れておりますが、同一等級・同一職務における男女間の賃金格差は存在いたしません。",2026年6月時点,2026年07月23日
6489,5010001057579,前澤工業株式会社,,,総合職,15.2,一般職,4,その他（有期雇用社員等）,4.8,,,,,,対象とする労働者すべて,71.8,,,,,,,,,82.4,76.6,90,2024年6月1日～2025年5月31日,,2025年5月時点,2025年10月23日
7871,4210001003266,フクビ化学工業株式会社,,,正社員,5.8,嘱託社員,3.6,準社員（無期）,2.8,準社員（有期）,1.6,,,,,,,,,,,,,,71.3,73.7,77.1,2025年4月1日～2026年3月31日,,2026年3月時点,2026年07月17日
7278,1120001147463,株式会社エクセディ,15.5,対象正社員,社員(総合職),13.5,社員(一般職),18.1,非正規従業員,15.7,,,,,,社員,95.4,,,,,,,,,78,79.4,64.1,2025年4月1日～2026年3月31日,,2026年3月時点,2026年07月02日
4463,1210001002667,日華化学株式会社,,,正社員,13.1,契約社員（嘱託）,6.3,パート,1.2,,,,,,正社員,64.6,契約社員,65.3,パート,96.5,,,,,68.5,77.9,82.5,2025年1月1日～2025年12月31日,,2025年12月時点,2026年03月30日
3551,1130001001198,ダイニック株式会社,9.3,対象正社員,,,,,,,,,,,,正社員,68.4,,,,,,,,,66.9,82.1,71.2,2025年4月1日～2026年3月31日,,2026年3月時点,2026年05月28日
5983,9040001034893,イワブチ株式会社,13.5,対象正社員,,,,,,,,,,,,,,,,,,,,,,63.9,66.7,57.9,2025年4月1日～2026年3月31日,,2025年3月時点,2026年07月30日
5142,7011101000682,アキレス株式会社,,,,,,,,,,,,,,正社員,70.6,,,,,,,,,82,82.2,87.4,2025年4月1日～2026年3月31日,,2026年4月時点,2026年07月10日
3877,3010001034877,中越パルプ工業株式会社,17.3,対象正社員,,,,,,,,,,,82.9,管理職,67.3,組合員,85.9,,,,,,,64.6,65.8,56.5,2025年4月1日～2026年3月31日,"女性に三交替勤務者がいないため、交替手当や深夜勤務手当がなく男性と比べて賃金が低い
結果となった。

また女性労働者が全体の労働者に占める割合が１割未満と少なく、これに比例して管理職が
少ないことも男性と比べて賃金が低い要因である。",2026年3月時点,2026年05月29日
4826,1020001015606,（株）CIJ,17,対象正社員,対象労働者,12.5,契約社員,17.3,,,,,,,71.5,,,,,,,,,,,87.1,86.9,94.1,2024年7月1日～2025年6月30日,男女の賃金の差異は、現年齢（勤続年数）・等級・役職の違いによるもので、性別による昇格・昇給・役割に差はありません。女性活躍施策の推進により、中長期的には均衡していく見通しです。,2025年6月時点,2025年08月28日
9366,5010401011846,株式会社サンリツ,,,,,,,,,,,,,,,,,,,,,,,,84.4,79.8,92.4,2025年4月1日～2026年3月31日,,2026年3月時点,2026年07月15日
1379,6100001003151,ホクト株式会社,,,正社員,15.7,正社員以外,3.3,,,,,,,,正社員,81.4,,,,,,,,,49.9,53.2,64,2025年4月1日～2026年3月31日,,2026年4月時点,2026年07月01日
6654,9130001022352,不二電機工業株式会社,11,対象正社員,管理職,20,総合職（基幹業務職）,10,業務職（一般職）,1,,,,,78.3,,,,,,,,,,,,,,,,2025年1月時点,2026年02月17日
2454,7011001034665,株式会社オールアバウト,,,総合職,24.1,エンジニア職,15.1,契約社員,5.5,アルバイト,3,,,,,,,,,,,,,,72.8,78.1,130.8,2024年4月1日～2026年3月31日,集計期間：2024/4～2026/3,2026年3月時点,2026年07月02日
7287,3110001023135,日本精機株式会社,15.2,対象正社員,総合職,17.1,現業職,5.1,,,,,,,73.7,,,,,,,,,,,73.8,76,54,2025年4月1日～2026年3月31日,,2026年3月時点,2026年06月09日
3865,6110001023149,北越コーポレーション株式会社,,,,,,,,,,,,,,男性,67.7,女性,83.9,男女計,69.1,,,,,64.5,64.9,90.4,2025年4月1日～2026年3月31日,"・賃金には時間外手当等の基準外賃金及び賞与を含み、通勤手当、退職手当等は含みません。
・正規雇用労働者:他社への出向者、無期転換した有期労働者を含み、海外赴任者、他社からの出向者は含みません。
・非正規労働者:嘱託、傭員を含み、無期転換した者は含みません。
・男性労働者の多くは、交替制の深夜業に従事しているため、男女の賃金の差異に影響しています。",2026年3月時点,2026年06月05日
8551,8400001001882,株式会社　北日本銀行,6.9,対象正社員,,,,,,,,,,,,全職員,57.4,,,,,,,,,55.6,67.7,68.6,2025年4月1日～2026年3月31日,"全労働者：育児休暇により給与支給がない者を除く。育児短時間勤務者等、給与の調整があっても給与の支給がある者は算入。出向者については、当社から社外への出向者を含み、他社から当社への出向者を除く。

非正規雇用労働者：パートタイム職員、有期嘱託員を含む。パートタイム職員については、契約労働時間にかかわらず、給与支給があった者についての人員数および給与額を使用し、算出。",2026年4月時点,2026年06月17日
6197,3010001032864,株式会社ソラスト,8.1,その他,専門職 （常勤）,12.5,専門職 （非常勤）,2.8,総合職 （常勤）,19.7,総合職 （非常勤）,3.5,,,,対象とする労働者すべて,72.9,,,,,,,,,67,65.5,83.9,2025年4月1日～2026年3月31日,,2026年3月時点,2026年08月20日
3649,9500001003380,株式会社ファインデックス,4.5,対象正社員,,,,,,,,,,,,正社員,81.5,パートタイム,69,,,,,,,65.8,68.1,122.9,2025年1月1日～2025年12月31日,"・役員は除く
・正社員:出向者を除く
・パート・有期社員:アルバイト・パート従業員が対象。
・賃金：基本給、役職手当、時間外手当を含み、通勤手当などを除く
・対象者の男性平均年齢42歳、女性平均年齢36歳
・小数点第2位以下を四捨五入し、小数点第1まで表示
※係長級（当社ではリーダー職）の男女の賃金差異は、72.7％(基本給のみで比較した場合、83.6％)。係長級の平均年齢は男性42歳、女性39歳
※課長級の男女の賃金差異は、75.1％(基本給のみで比較した場合、88.9％)。課長級の平均年齢は男性46歳、女性39歳
※当社では、従業員の知識・経験・能力等を考慮した役割（業務難易度）に応じて賃金を設定しております。したがって、役割の違いにより賃金に差異はあるものの、同様の役割を担う場合、年齢、性別、国籍等による差異はありません。",2025年12月時点,2026年03月04日
2329,3010401015790,株式会社東北新社,28.7,その他,,,,,,,,,,,,,,,,,,,,,,74.4,72.8,86.9,2025年4月1日～2026年3月31日,,2026年3月時点,2026年08月05日
7291,2080101012372,日本プラスト株式会社,13.3,対象正社員,,,,,,,,,,,,正社員（無期雇用）区分,72,,,,,,,,,67.5,73,65.2,2025年4月1日～2026年3月31日,,2026年4月時点,2026年05月22日
2384,4010601013288,ＳＢＳホールディングス株式会社,14.5,対象正社員,正社員,14.5,,,,,,,,,,正社員,77.4,,,,,,,,,48.2,67.3,34.1,2025年1月1日～2025年12月31日,"賃金：給与、超過労働に対する手当、賞与を含み、退職手当、通勤手当を除く。
正社員：出向者については、当社から社外への出向者を含み、他社から当社への出向者を除く。
パート・有期社員：パートタイマー（短時間労働者）、契約社員・嘱託を含み、派遣社員を除く。",2025年12月時点,2026年03月16日
2349,8040001063472,株式会社エヌアイデイ,16.2,対象正社員,,,,,,,,,,,,正社員,69.1,契約社員,77.4,,,,,,,77.6,77.3,46.1,2024年4月1日～2025年3月31日,,2025年4月時点,2026年04月02日
6706,4010001008723,電気興業株式会社,14.3,対象正社員,正規雇用労働者,17.5,非正規雇用労働者（臨時）,6,非正規雇用労働者（嘱託）,7.2,,,,,64.7,,,,,,,,,,,77.9,74.2,76.1,2025年4月1日～2026年3月31日,,2026年3月時点,2026年07月24日
2292,6140001069164,エスフーズ株式会社,21.3,対象正社員,,,,,,,,,,,,正社員,56.7,,,,,,,,,59.3,65.3,65.9,2025年3月1日～2026年2月28日,,2026年2月時点,2026年06月03日
6637,6120001005889,寺崎電気産業株式会社,12.4,対象正社員,,,,,,,,,,,87.6,,,,,,,,,,,78.8,83.9,88.3,2025年4月1日～2026年3月31日,,2026年4月時点,2026年07月22日
6566,7013301003168,株式会社要興業,,,,,,,,,,,,,,,,,,,,,,,,68.7,65.7,87.6,2025年4月1日～2026年3月31日,,2026年3月時点,2026年07月14日
2331,3010401016070,ALSOK株式会社,41.2,基幹的な職種,正社員（各専門職除く）,45,正社員（研究開発専門職）,16.8,正社員（営業専門職）,25.6,嘱託員,19.1,雇員（パート）,5.4,,基幹的な職種,68.7,,,,,,,,,74.5,82.7,81.5,2025年4月1日～2026年3月31日,パート労働者については、正規雇用労働者の所定労働時間等を参考として、人員数を換算しております。,2026年6月時点,2026年06月09日
6785,4100001005587,株式会社鈴木,,,,,,,,,,,,,,,,,,,,,,,,70.6,70.8,76.7,2024年7月1日～2025年6月30日,上記は株式会社鈴木単体,2025年6月時点,2025年09月03日
2493,2013301018864,イーサポートリンク株式会社,16.8,その他,時間管理者,16.8,,,,,,,,,,正社員,71.5,,,,,,,,,,,,,,2026年1月時点,2026年02月19日
6505,7010001034857,東洋電機製造株式会社,22.7,対象正社員,正社員,22.7,非正規社員,30.3,,,,,,,,正社員,75.9,,,,,,,,,59.9,63.5,66.8,2024年6月1日～2025年5月31日,,2025年5月時点,2025年09月29日
8362,9210001003641,株式会社　福井銀行,11,対象正社員,総合職,11.8,スタッフ職,1.1,キャリア職,8.2,嘱託（無期）,0,パート（無期）,0,,正社員,76.1,,,,,,,,,56.2,61.1,72.6,2025年4月1日～2026年3月31日,,2026年5月時点,2026年06月10日
9355,3110001005876,株式会社リンコーコーポレーション,,,,,,,,,,,,,,事務職,82.7,現業職,86.1,,,,,,,85.2,86.4,85.3,2025年4月1日～2026年3月31日,,2026年3月時点,2026年06月25日
1718,8140001061763,美樹工業株式会社,,,,,,,,,,,,,59,,,,,,,,,,,75.1,76.8,57,2025年1月1日～2025年12月31日,"対象期間：2025年1月1日から2025年12月31日
賃金：基本給、超過労働時間に対する報酬、賞与等を含む労働の対償として支払う全てのもの
　　　ただし、退職手当と通勤手当等を除く",2025年12月時点,2026年03月24日
6469,6021001020459,株式会社放電精密精密加工研究所,,,,,,,,,,,,,,,,,,,,,,,,66.3,71.6,72.8,2025年3月1日～2026年2月28日,"対象期間　2025年3月～2026年2月
正規雇用労働者・・・正社員および無期雇用契約に転換した時給労働者
非正規雇用労働者・・有期雇用契約の労働者


なお、正社員と時給労働者を分けて計算を行った場合の
男女の賃金差異は以下のとおりです。

正社員　　　78.4％
非正規社員　77.6％",2026年2月時点,2026年05月20日
6546,3430001013822,フルテック株式会社,,,,,,,,,,,,,,全社員,53,,,,,,,,,81,81,61.1,2025年1月1日～2025年12月31日,非正規雇用労働者の内、パートタイマーを除く,2025年12月時点,2026年03月24日
6028,7010401063398,テクノプロ・ホールディングス株式会社,,,,,,,,,,,,,,正社員＋契約社員,76.7,,,,,,,,,,,,,,2025年6月時点,2026年01月27日
2185,4180001036617,株式会社シイエム・シイ,14.4,対象正社員,,,,,,,,,,,,社員,86,,,,,,,,,78.9,78.2,85.2,2024年10月1日～2025年9月30日,"【正規雇用労働者】
差異は、女性の平均年齢が5歳低いこと、残業時間が短い傾向にあることから生じています。育児や介護等において女性の負担が大きかった時代背景があると考え、令和２年より働き方改革を開始し、ライフイベントによる離職を抑制しております。また、性別を問わずキャリア形成が可能な職場づくりを推進しており、現在の次期管理職候補群の男女比率は、全社員の男女比率と同等となっています。この比率を維持していくことで、賃金格差は縮まっていくものと考えております。
【非正規雇用労働者】
対象が少ないこと、職掌が異なることから正しい比較ができません。",2025年9月時点,2025年11月12日
E01606,5120101000824,旭精工株式会社,,,,,,,,,,,,,,,,,,,,,,,,66.4,72.3,62.9,2025年3月21日～2026年3月20日,"（注釈・説明）
対象期間：令和7年度（令和7年3月21日から令和8年3月20日まで）
　賃　金　：基本給、時間外手当、賞与等を含み、退職手当、通勤手当等を除く。

差異についての補足説明:
雇用区分別の結果も掲載しています。",2026年4月時点,2026年07月16日
410A,5011001092582,ＧＭＯコマース株式会社,,,,,,,,,,,,,,,,,,,,,,,,71,70.8,86.1,2025年1月1日～2025年12月31日,,2025年12月時点,2026年04月22日
3501,3120001082312,ＳＵＭＩＮＯＥ株式会社,11.5,対象正社員,,,,,,,,,,,,正社員,59,,,,,,,,,74.7,74.8,64.4,2024年6月1日～2025年5月31日,,2024年11月時点,2025年09月30日
E01078,5360001009256,株式会社りゅうせき,13.8,対象正社員,,,,,,,,,,,,,,,,,,,,,,82.9,87.6,81.3,2025年4月1日～2026年3月31日,"人事制度においては、男女の賃金差異は設けておりません。
当社から社外への出向者を除き、他社から当社への出向受け入れ含む。
船員については、賃金構造が異なり職務も特殊であることため、除く。",2026年7月時点,2026年08月05日
386A,5030001008183,株式会社みのや,36.1,対象正社員,直営販売部,39.3,商品部,17.4,店舗開発部,28.2,管理部,27.1,物流部,36,,正社員,23,,,,,,,,,61.3,80,105.6,2024年7月1日～2025年6月30日,"○正規雇用労働者定義：
【労働契約の期間の定めがない】【所定労働時間がフルタイムである】【直接雇用である者】且つ【時間給で無い者】

※給与不支給者（産休取得者・育休取得者・休職者・給与算定期間に勤務実績の無いパートおよびアルバイト・在籍のみで勤務実態の無いパートおよびアルバイト）除外

※通勤手当および賞与は加算せず

○計算方法：
直近の事業年度の年間合計支給額と年間在籍延べ人数を使用し算出

○差異についての補足説明:
正規雇用労働者だけで計算すると84.7％だが、女性が少ない為金額に大きく影響している",2025年6月時点,2025年12月26日
5269,8010401022551,日本コンクリート工業株式会社,,,,,,,,,,,,,,,,,,,,,,,,69.2,69.4,64.4,2025年4月1日～2026年3月31日,,2026年3月時点,2026年04月08日
6958,6011101016382,日本シイエムケイ株式会社,24.5,対象正社員,正社員,25.1,契約社員,7,パート,0,派遣,0,,,,正社員,61.3,契約社員,60,パート,52.5,,,,,68.8,70.9,78.7,2025年4月1日～2026年3月31日,,2026年3月時点,2026年06月26日
3895,6200001004239,ハビックス株式会社,20.2,その他,,,,,,,,,,,68.8,,,,,,,,,,,,,,,,2026年4月時点,2026年05月27日
8542,7260001006096,株式会社トマト銀行,12.9,対象正社員,,,,,,,,,,,,正社員,56.2,,,,,,,,,54.5,71.5,51.6,2025年4月1日～2026年3月31日,"対象期間：2024年度（2024年4月1日～2025年3月31日）
当社は有価証券報告書作成会社であり、有価証券報告書の「従業員」の範囲、「平均年間給与」の計算に用いる給与の範囲の定義を踏まえて算出している。",2026年3月時点,2026年07月29日
9081,6021001036307,神奈川中央交通株式会社,,,,,,,,,,,,,,事務職,77.1,整備職,93.6,運転職,95.4,,,,,70.1,83.2,95.8,2025年4月1日～2026年3月31日,,2026年3月時点,2026年07月07日
7187,3320001003867,ジェイリース株式会社,,,,,,,,,,,,,70.6,正社員,70.6,嘱託社員,74.7,契約社員,45.1,パートタイム従業員,69.9,,,75,75.4,89.1,2025年4月1日～2026年3月31日,,2026年3月時点,2026年07月08日
6396,4011001003103,株式会社宇野澤組鐵工所,18.8,対象正社員,,,,,,,,,,,,,,,,,,,,,,,,,,,2022年2月時点,2022年03月23日
2903,2120001049881,シノブフーズ株式会社,,,正社員（製造職）,23.5,正社員（製造職以外）,16.9,嘱託,17.6,,,,,,,,,,,,,,,,71.2,74.6,95.1,2024年4月1日～2025年3月31日,,2025年3月時点,2025年08月29日
4668,5011101055381,株式会社明光ネットワークジャパン,16.4,対象正社員,正社員,16.4,契約社員（有期雇用）,6.3,契約社員（無期雇用）,6.5,アルバイト社員（有期雇用）,0.2,アルバイト社員（無期雇用）,0.2,,正社員,66.3,契約社員（有期雇用）,76.9,契約社員（無期雇用）,25,,,,,61.1,86.4,99.3,2024年9月1日～2025年8月31日,"・対象期間　　2024年9月1日～2025年8月31日
・正規雇用　　出向者除く
・非正規雇用　契約社員、アルバイト、パートを対象
・その他　　　正規、非正規共に12カ月在籍した場合のみをカウント
　　　　　　　労働者ごとの年間総支給賃金（賞与＋給与　※交通費除く）を算出し合計",2025年8月時点,2026年01月28日
6919,6013401001080,ケル株式会社,,,,,,,,,,,,,,,,,,,,,,,,78.1,83.1,69.9,2025年4月1日～2026年3月31日,,2026年4月時点,2026年07月29日
7247,1010001008791,株式会社ミクニ,,,総合職,18,技能職,17,契約社員,6,,,,,,,,,,,,,,,,72.6,73.5,78.1,2025年4月1日～2026年3月31日,正規雇用労働者、パート・有期労働者ともに、同じ職種において性別による賃金差は設けておりません。しかしながら管理職をはじめ役職が上位であるほど男性比率が高いこと、また平均勤続年数および夜勤など交替勤務者の割合についても男性の方が高いこと等により男女の賃金の差異が生じております。,2026年5月時点,2026年05月28日
7214,2150001011467,ＧＭＢ株式会社,17.7,対象正社員,,,,,,,,,,,,,,,,,,,,,,82.4,82.9,67,2025年4月1日～2026年3月31日,"男女で賃金基準に差異はありませんが女性の賃金が低くなる理由は下記の通りです。
・女性管理職が6.52%と少ない為、現状では年収に違いが生じております。現在、採用活動にて積極的に管理職候補の女性採用、研修等を実施して育成に注力をする事で女性管理職比率を上げる取組みを行っております。採用につきましては2025年度で20人の実績のうち女性は10人でした。育成についても係長2名の昇格を行いました。
・夜勤交代が発生する部署への配属は男性が主となる為、夜勤手当、深夜手当等の支給による違いが生じております。
　・男性比率が多い部署での休日残業対応が多かった為、時間外労働手当支給による違いが生じております。
　・非正規の雇用について高度専門知識を有する高齢者雇用制度を導入した結果、その条件に合致する対象者に男性が多かったためです。今後は専門性及び経験を積むための配置転換を含めた育成に取り組んでいきます。",2026年3月時点,2026年07月07日
9073,6010001040914,京極運輸商事株式会社,,,,,,,,,,,,,,,,,,,,,,,,71.2,79.8,56.9,2025年4月1日～2026年3月31日,"賃金は性別に関係なく、同一の賃金を使用しています。
勤続年数、役職者数の違い等により男女差が生じています。",2026年6月時点,2026年06月26日
E03302,3012401007462,オリジン東秀　株式会社,,,,,,,,,,,,,,,,,,,,,,,,79.8,80,98.8,2025年3月1日～2026年2月28日,対象期間：2025年3月～2026年2月。パート・有期社員：契約社員、アルバイト、パートが該当。　　賃金：通勤手当退職金を除く。パート労働者については正社員の所定労働時間（8時間/日）で換算した人員数を基に平均年間労働賃金を算出している,2026年3月時点,2026年04月01日
7305,4120001077344,新家工業株式会社,7.4,対象正社員,,,,,,,,,,,,,,,,,,,,,,86.6,84.7,106.1,2025年4月1日～2026年3月31日,,2026年3月時点,2026年06月04日
5644,9160001013183,株式会社メタルアート,26.9,対象正社員,,,,,,,,,,,,対象とする労働者すべて,76.7,,,,,,,,,84.3,74.8,86.2,2025年4月1日～2026年3月31日,"2025年度実績
男女の制度上の差異はありません",2026年5月時点,2026年05月25日
7266,1180001080700,株式会社今仙電機製作所,21.5,対象正社員,,,,,,,,,,,,正社員,76.7,,,,,,,,,69.9,72.7,92.5,2025年4月1日～2026年3月31日,,2026年3月時点,2026年06月19日
6615,1030001044117,ユー・エム・シー・エレクトロニクス株式会社,,,,,,,,,,,,,,,,,,,,,,,,52.7,73.1,89.6,2025年4月1日～2026年3月31日,,2026年3月時点,2026年07月16日
3048,9013301010402,株式会社ビックカメラ,11.3,対象正社員,正社員,11.3,無期雇用アルバイト（店舗）,4.6,無期雇用アルバイト（本部）,3.7,有期雇用アルバイト（店舗）,0.9,有期雇用アルバイト（本部）,0.6,,,,,,,,,,,,68.7,81.9,101.6,2024年9月1日～2025年8月31日,,2025年8月時点,2025年12月24日
4284,2010401068617,株式会社ソルクシーズ,4.4,対象正社員,,,,,,,,,,,64.1,,,,,,,,,,,82.2,83.9,59.7,2025年1月1日～2025年12月31日,"非正規雇用者の男女の賃金差異について
　非正規雇用のうち、女性従業員が全員、短時間勤務の為、年間賃金が男性従業員と比較して低い数値となっております。",2025年12月時点,2026年04月09日
3622,5010401094866,ネットイヤーグループ株式会社,14,対象正社員,,,,,,,,,,,,,,,,,,,,,,80,80.7,37.4,2025年4月1日～2026年3月31日,,2026年3月時点,2026年06月25日
6999,1100001020696,ＫＯＡ株式会社,8.2,対象正社員,,,,,,,,,,,81.9,,,,,,,,,,,71.4,72.2,55.8,2025年4月1日～2026年3月31日,"2025年度内容をもとに算出しています。
①賃金は、通勤手当、退職金を除く全支給額を対象とします。
②人員数の算出方法は、給与対象日数をもとに減算日数（対象期間内に給与が発生しない日数）を加味し、1名毎の割合を算出しています。
　例）242稼働日中121日出社（121日育児休業）の場合：0.5人として計算",2026年3月時点,2026年05月28日
9028,4020001079978,株式会社ゼロ,,,,,,,,,,,,,,,,,,,,,,,,69.7,69.8,75.7,2023年7月1日～2024年6月30日,,2024年6月時点,2025年01月28日
9416,9011101033243,株式会社ビジョン,,,正社員（営業）,21.1,正社員（事務）,14.4,正社員（専門）,12.9,アルバイト（営業）,5.8,アルバイト（事務）,5.1,,,,,,,,,,,,66.2,73.6,93.8,2025年1月1日～2025年12月31日,非正規雇用労働者の女性の割合が高く、全労働者の賃金差異が大きくなっています。,2026年5月時点,2026年08月20日
5958,6010601002347,三洋工業株式会社,9.2,その他,,,,,,,,,,,,,,,,,,,,,,73.2,75.6,91.4,2025年4月1日～2026年3月31日,,2026年3月時点,2026年06月04日
2204,6011101015442,株式会社　中村屋,12.4,対象正社員,,,,,,,,,,,,,,,,,,,,,,55.5,69.2,82.7,2025年4月1日～2026年3月31日,,2026年3月時点,2026年05月12日
8537,5110001022754,株式会社　大光銀行,7.3,対象正社員,行員（総合職・専門職・一般職）,7.3,一般嘱託,0.3,シニア嘱託,0.6,パートタイマー,0.4,派遣社員,0,44.7,行員（総合職・一般職）,43.6,行員（専門職）,44.9,一般嘱託,61.9,シニア嘱託,56.7,パートタイマー,43,52.7,61.4,78.9,2025年4月1日～2026年3月31日,"※対象期間：2025年4月1日～2026年3月31日

【男女間賃金格差の要因】
相対的に賃金水準が低い女性非正規雇用労働者の全労働者に占める割合が高いこと、相対的に賃金水準が高い上位資格層の女性比率が低いこと、役職手当が支給される管理職における女性比率が低いこと、相対的に賃金水準が低い地域総合職の女性比率が高いこと等が男女間賃金格差の要因となっている。

【対応策および男女間賃金格差解消に資する目標】
管理職および上位資格層における女性比率を向上させるべく、若年層から中堅層を中心としたキャリア研修、リスキリング等により、キャリア形成を支援するとともに、多様な働き方に対応できる職務設計（管理職、専門職等）の検討を行い、２０２８年３月期に管理職（副長以上）に占める女性の割合を２８．５％以上とすることを目標とする。",2026年3月時点,2026年06月30日
4026,2120001077049,神島化学工業株式会社,,,,,,,,,,,,,,,,,,,,,,,,69.5,69.5,10.5,2025年5月1日～2026年4月30日,,2026年4月時点,2026年08月05日
6158,2200001025263,株式会社和井田製作所,,,,,,,,,,,,,,,,,,,,,,,,58.5,61.1,67.2,2025年4月1日～2026年3月31日,賃金：通勤手当を含む,2026年3月時点,2026年08月19日
2790,7290801002705,株式会社ナフコ,28.2,対象正社員,,,,,,,,,,,,対象全従業員,40,,,,,,,,,61.2,78.3,90.2,2025年4月1日～2026年3月31日,属性（勤続年数、役職等）が同じ男女労働者間での賃金の差異はありません。,2026年3月時点,2026年07月22日
2924,7290001038112,イフジ産業株式会社,,,,,,,,,,,,,,,,,,,,,,,,49.3,68.1,64.3,2025年4月1日～2026年3月31日,等級別人数構成の差及び全労働者に対する女性の短時間パートタイム労働者の比率が高いことに伴う労働時間の差によるものであり、同じ等級においては男女の賃金差異はありません。賃金は、賞与及び基準外賃金を含んでいます。,2026年3月時点,2026年07月01日
7538,4120001034601,株式会社大水,,,,,,,,,,,,,,,,,,,,,,,,56.4,76.3,63.9,2025年4月1日～2026年3月31日,非正規雇用労働者の内、嘱託社員は女性労働者無しの為集計より除外,2026年3月時点,2026年04月03日
278A,5011001109543,Terra Drone株式会社,,,,,,,,,,,,,,,,,,,,,,,,80.9,83.6,27.2,2025年2月1日～2026年1月31日,,2026年1月時点,2026年07月24日
7677,9010001059407,株式会社ヤシマキザイ,,,,,,,,,,,,,,全従業員,81,,,,,,,,,,,,,,2025年3月時点,2025年12月19日
7320,9011001061773,Solvvy株式会社,,,,,,,,,,,,,,,,,,,,,,,,62.2,68.2,87.3,2024年7月1日～2025年6月30日,"賃金：基本給、超過労働に対する報酬、賞与等を含み、通勤手当を除く
※出向者は、当社から社外への出向者を含み、社外から当社への出向者を除く
※パート労働者および時短勤務労働者は、男女の働き方及び賃金差異縮小を目指す観点から、労働時間に関わらず1人として算出",2024年6月時点,2025年09月30日
9913,1120901007832,日邦産業株式会社,,,,,,,,,,,,,,全労働者,84.3,,,,,,,,,61.4,69.2,,2025年4月1日～2026年3月31日,非正規雇用労働者のうち、男性比率：39.3%、女性比率：60.7%,2026年3月時点,2026年06月29日
8207,3010001051286,テンアライド株式会社,,,,,,,,,,,,,,,,,,,,,,,,61.5,63.3,97,2025年4月1日～2026年3月31日,,2026年3月時点,2026年07月30日
E03850,3010401050012,共栄火災海上保険株式会社,7.6,基幹的な職種,全国型,12.4,ワイドエリア型・勤務地限定型,8.7,アジャスター社員,7.8,嘱託,2.8,,,,正社員,62,,,,,,,,,55.5,57.5,63.6,2025年4月1日～2026年3月31日,"正規雇用労働者は全国転勤がある「全国型」、一定範囲内での転勤のある「ワイドエリア型」、転勤のない「勤務地限定型」があります。賃金水準は「全国型」が高く、次いで「ワイドエリア型」、「勤務地限定型」となります。現状、男性は「全国型」の割合が多く、女性は「勤務地限定型」の割合が多くなっているため男女間で賃金の差異が発生していますが、性別による賃金の差異はなく、どの型を選択するかは本人の意思により決定しています。
また、管理職に占める女性の割合が低いことも賃金の差異が発生する理由となっています。今後の女性管理職育成に伴い差異が縮小していく見込みです。
週の労働時間が18時間以下の契約をしているパートタイマーは、0.5人として計算しています。",2026年3月時点,2026年07月21日
9052,8140001016148,山陽電気鉄道株式会社,,,,,,,,,,,,,94.5,,,,,,,,,,,74.8,72.1,,2025年4月1日～2026年3月31日,,2026年3月時点,2026年07月22日
E05685,9010401077017,株式会社タケエイ,18.7,対象正社員,,,,,,,,,,,,全労働者,78.9,,,,,,,,,66,70,40,2025年4月1日～2026年3月31日,,2026年3月時点,2026年07月07日
6894,5080401004455,パルステック工業株式会社,7.1,対象正社員,,,,,,,,,,,,正社員,93.8,,,,,,,,,,,,,,2023年10月時点,2024年01月18日
2664,3060001014164,株式会社　カワチ薬品,,,,,,,,,,,,,,,,,,,,,,,,62.7,67.1,93.4,2025年3月16日～2026年3月15日,,2026年3月時点,2026年06月16日
2288,3120901012046,丸大食品株式会社,24,対象正社員,,,,,,,,,,,,正社員,71.9,,,,,,,,,53.6,72.9,92.8,2025年4月1日～2026年3月31日,,2026年3月時点,2026年06月04日
9262,7010901028669,株式会社シルバーライフ,,,,,,,,,,,,,,正社員,81.2,,,,,,,,,61.2,78.3,67.6,2024年8月1日～2025年7月31日,,2025年7月時点,2025年09月08日
9603,6011101002696,株式会社エイチ・アイ・エス,,,,,,,,,,,,,66.3,,,,,,,,,,,68.5,72.1,50.4,2024年11月1日～2025年10月31日,"賃金は性別に関係なく、職責・能力等により同一基準を適用しています。
正規における男女間の差は、管理職比率・勤続年数においてはやや男性が高く、短時間勤務取得者比率は女性が高いことに起因していると考えられます。
非正規における男女間の差は就業形態の違いに起因しています。女性はパートタイマーの割合が高く、男性は定年後再雇用者の割合が高く定年前の職務内容や資格等を踏まえて処遇を決定しているため、差異が出ています。",2025年10月時点,2026年03月04日
3943,9290801009087,大石産業株式会社,,,正社員,15.8,パート社員,4.7,派遣社員,2.5,,,,,,,,,,,,,,,,61.2,73.2,77.1,2025年4月1日～2026年3月31日,,2026年3月時点,2026年07月22日
3387,9010701025939,株式会社クリエイト・レストランツ・ホールディングス,,,,,,,,,,,,,,,,,,,,,,,,64,65.6,107.1,2025年3月1日～2026年2月28日,"・正規雇用労働者における男女間の賃金差が生じている主要因は、グループ会社への出向者（役員）が含まれているため
・非管理職に比べ管理職の男性比率が高いため、賃金差が生じているが、同一職種における男女賃金差は小さい",2026年2月時点,2026年06月25日
9025,5120001079182,鴻池運輸株式会社,28.5,対象正社員,総合職・一般職,25.2,専門職,28.9,,,,,,,,総合職・一般職,49,専門職,69,,,,,,,49.3,73.3,54.1,2025年4月1日～2026年3月31日,"正規雇用労働者、非正規雇用労働者とも、性別による人事制度上の差異はありません。
その上で、差異が生じている理由は以下のとおりであります。
①正規雇用労働者、非正規雇用労働者とも、男性のほうが女性よりも平均勤続年数が長いため。
②正規雇用労働者、非正規雇用労働者とも、男性のほうが女性よりも平均年齢が高いため。
③非正規雇用労働者では、男性は正規雇用労働者と同程度の時間・日数勤務の割合が多いのに対して、
　女性は短時間・短日数勤務の割合が多いため。",2025年4月時点,2026年07月17日
6099,1100001014640,株式会社エラン,24,対象正社員,,,,,,,,,,,,,,,,,,,,,,59,74.8,47.6,2025年1月1日～2025年12月31日,,2026年5月時点,2026年06月16日
8129,4010901008153,東邦ホールディングス株式会社,3,対象正社員,正社員,3,正規雇用労働者,2.5,非正規雇用労働者,1.2,,,,,,男性,49.9,女性,58.6,,,,,,,68.8,65.5,68.8,2025年4月1日～2026年3月31日,・「労働者の男女の賃金の差異」について、賃金制度・体系において性別による差異はありません。男女の賃金の差異は主に男女間の管理職比率および雇用形態の差異によるものです。,2026年3月時点,2026年07月03日
7227,1180301013673,アスカ株式会社,,,,,,,,,,,,,,,,,,,,,,,,72,65,80,2024年12月1日～2025年11月30日,役員は含んでおりません。,2025年11月時点,2026年03月18日
3020,4290001011410,アプライド株式会社,,,,,,,,,,,,,,,,,,,,,,,,71.8,74.2,98.5,2025年4月1日～2026年3月31日,・非正規雇用労働者　労働時間を基に1日8時間換算にて人員数としております。,2026年4月時点,2026年08月07日
E03683,5360001000405,株式会社　沖縄海邦銀行,10,対象正社員,,,,,,,,,,,,,,,,,,,,,,58.9,63,74.1,2024年4月1日～2025年3月31日,,2025年3月時点,2026年03月06日
3196,6370301002917,株式会社 ホットランド,23,対象正社員,,,,,,,,,,,,,,,,,,,,,,77,79.4,99.6,2023年1月1日～2023年12月31日,"賃金テーブルに差はないため、基本給や時給ベースではほぼ差がない。
一方勤続年数が長く熟練度の高い従業員に男性が多いため、正社員に絞ると多少の差が生じる。",2023年12月時点,2024年09月19日
3946,7010001024692,株式会社トーモク,,,,,,,,,,,,,,その他,59.2,,,,,,,,,71.1,72.5,73.8,2025年4月1日～2026年3月31日,,2025年6月時点,2026年06月24日
1376,5070001000715,カネコ種苗株式会社,,,,,,,,,,,,,,,,,,,,,,,,59.2,80.2,87.7,2024年6月1日～2025年5月31日,,2025年5月時点,2026年07月27日
3021,5010401054564,株式会社パシフィックネット,7.1,対象正社員,正社員,7.1,パート（有期フルタイム）,2.3,パート（有期短時間）,2.4,パート（無期フルタイム）,0.5,,,,正社員,67.9,,,,,,,,,,,,2022年6月1日～2023年5月31日,,2023年5月時点,2024年05月21日
2378,3010601020797,株式会社ルネサンス,14.1,対象正社員,正社員,14.1,,,,,,,,,57.3,正社員,57.3,,,,,,,,,75.4,85.6,95.9,2025年4月1日～2026年3月31日,"対象期間：2025年4月1日～2026年3月31日
当社の男女間賃金格差は、男性の勤続年数が長く、昇格・役職登用されやすい環境にあることが起因していると認識しております。
この是正に向け、今後は女性の管理職登用と育成を強化するとともに、両立支援による柔軟な働き方を推進してまいります。
さらに、昇格審査へのアファーマティブ・アクション（積極的格差是正措置）の導入により女性の円滑なキャリア形成を後押しし、
男女間の賃金格差の縮小に努めてまいります。",2026年3月時点,2026年08月12日
6316,5010001008788,株式会社丸山製作所,,,,,,,,,,,,,,,,,,,,,,,,66.5,76.3,74.4,2024年10月1日～2025年9月30日,,2025年9月時点,2026年08月04日
8904,8180001036547,株式会社AVANTIA,6.5,対象正社員,,,,,,,,,,,,正社員,63.2,,,,,,,,,54.7,59.3,31.1,2024年9月1日～2025年8月31日,"賃金：基本給、超過労働に対する報酬、賞与等を含む
正社員：グループ会社への出向者を含む
非正規雇用労働者：契約社員、嘱託社員、パートタイマーを含む",2025年8月時点,2025年11月20日
7628,1010401088566,株式会社オーハシテクニカ,,,,,,,,,,,,,68.9,,,,,,,,,,,,,,,,2026年3月時点,2026年07月17日
5870,9010401147034,株式会社ナルネットコミュニケーションズ,,,,,,,,,,,,,,全社員,86,,,,,,,,,,,,,,2025年3月時点,2025年09月16日
8416,4490001000608,株式会社　高知銀行,16.2,対象正社員,総合職,16.2,,,,,,,,,77.8,総合職,78,嘱託,75.2,パートタイマー,98.6,,,,,70.5,74.4,82.1,2025年4月1日～2026年3月31日,"正規労働者：正行員
非正規労働者：嘱託、パートタイマー
除外：出向者、期中の入行者・退職者、期中に雇用形態が変動した者
賃金：通勤手当、退職手当を除く全ての報酬（左記以外の諸手当、賞与を含む）
〔差異の要因〕
　女性管理職数は徐々に増えているものの、その多くが「初級・中級管理職（課長・次長クラス）」や比較的小規模な支店の支店長に留まっており、「上位役職者・上級管理職」における男性比率が依然として高いため、平均賃金で差が生じています。
〔差異縮小に向けた取組〕
　人事制度改定（2025年4月）により、総合職・一般職の区別を撤廃し、キャリアパスの制限を無くしました。男女関係なく全職員が能力や経験を活かして自由にキャリアを築ける環境を整備しています。",2026年3月時点,2026年06月29日
2175,2010001134117,株式会社エス・エム・エス,,,ビジネス,22.9,コーポレート,22.2,テクノロジー,2.3,キャリアアドバイザー,29.9,専門職,21.7,86,,,,,,,,,,,74,74,112.5,2025年4月1日～2026年3月31日,,2026年6月時点,2026年06月30日
5816,6120001011879,オーナンバ株式会社,12.9,対象正社員,,,,,,,,,,,,,,,,,,,,,,,,,,,2025年10月時点,2025年11月14日
7280,1070001016632,株式会社ミツバ,12.1,対象正社員,,,,,,,,,,,72.5,,,,,,,,,,,71.8,72,76.9,2025年4月1日～2026年3月31日,,2026年4月時点,2026年07月03日
2733,5040001020385,株式会社　あらた,6.7,対象正社員,総合職,7.2,エリア総合職,3.5,一般職,2.1,物流職,10.4,非正規　有期雇用　フルタイム,4.9,,総合職,67,一般職,80.1,物流職,77.3,,,,,43.3,75,64,2025年4月1日～2026年3月31日,"【正社員】
　平均勤続年数が男性の20.3年に対し、女性が14.7年と短く、管理職候補となる前に離職していること、また、女性の管理職（課長級以上）比率が3.2％と低いことが賃金差異の主な要因となっています。
　賃金差異縮小に向けて女性の勤続年数を向上させるため、2023年4月より新人事制度を導入し、新しい働き方や諸制度を整え、浸透を図っております。

【非正社員】
　賃金は性別に関係なく同一の基準を適用していますが、労働時間の短い女性の非正社員が多いことが賃金差異の主な要因になっています。
　なお、社会保険加入率は女性が48.6％。男性が82.2％となっており、勤務時間にも差があります。",2026年3月時点,2026年05月28日
4246,3240001036909,ダイキョーニシカワ株式会社,,,,,,,,,,,,,,,,,,,,,,,,66.4,72.9,66.5,2025年4月1日～2026年3月31日,"①対象期間は当事業年度（2025年4月1日～2026年3月31日）です。
②正規雇用労働者に出向者は含んでおりません。
③パート・有期労働者定年後の再雇用、嘱託、準社員、臨時社員、外国人技能実習生を集計しております。内訳については、女性の8割以上が外国人技能実習生であるのに対し、男性は6割以上が定年後の再雇用者となっております。
④平均年齢・平均勤続年数において男女間の差がることで、賃金に差異が生じておりますが、賃金制度において性別による差は一切ありません。
⑤男女の賃金差異については、男性の賃金に対する女性の賃金の割合を示しております。",2026年3月時点,2026年08月06日
7264,7010901011914,株式会社ムロコーポレーション,13.6,対象正社員,,,,,,,,,,,68.4,,,,,,,,,,,70.5,74.6,57.1,2025年4月1日～2026年3月31日,,2026年3月時点,2026年04月03日
3672,6011001065018,㈱オルトプラス,,,,,,,,,,,,,67.9,,,,,,,,,,,78.6,79,,2024年10月1日～2025年9月30日,,2025年9月時点,2025年10月24日
8165,5120001066081,株式会社千趣会,,,,,,,,,,,,,,,,,,,,,,,,71.6,72.2,86,2025年1月1日～2025年12月31日,"・対象期間：2025年事業年度（2025年1月1日～12月31日）
・賃金：基本給、役職手当、残業手当、賞与などを含み、通勤手当などを除く
・正規雇用労働者：社員、期間の定めのないフルタイム労働者
・非正規雇用労働者：期間の定めのあるフルタイム労働者、パートタイマー、嘱託、再雇用者
　※当社から社外への出向者、他社から当社への出向者は除く
　※休業中の者は除く

・補足情報
①労働者の男女割合は、女性：61.0％、男性：39.0％で、若年層ほど女性の割合が高くなること（35歳以下男女割合：女性：75.5％、男性：24.5%）
②正規労働者の内、男女の管理職割合が、女性：24.4％、男性：75.6%で、男性の割合が高いこと
③女性の正規労働者の内、14.6%が育児短時間勤務制度を利用していること
④非正規労働者の内、女性の短時間労働者の割合が男性よりも多いこと
　から、正規・非正規ともに格差が生じていると考えられる",2025年12月時点,2026年02月24日
E04524,4340001003385,日本瓦斯株式会社,,,,,,,,,,,,,,社員,68.8,嘱託社員,109.8,パート社員,99,,,,,79.4,82.7,109,2025年4月1日～2026年3月31日,,2026年4月時点,2026年05月28日
4976,5010901008144,東洋ドライルーブ株式会社,,,,,,,,,,,,,,全労働者,77.4,正規雇用労働者,75.9,非正規雇用労働者,84,,,,,62.4,70.1,103.9,2024年7月1日～2025年6月30日,"賃金：給与、賞与を含み、退職手当、通勤手当等を除く。
正規労働者：期間の定めなくフルタイム勤務する労働者（関連会社に出向している労働者を除く）
正社員：正規労働者のうち、主として会社の基幹業務に就く労働者
准社員：正規労働者のうち、主として補助的業務に就く労働者
非正規労働者：パートタイム労働者及び有期雇用労働者",2025年6月時点,2026年03月27日
6986,9040001059420,双葉電子工業株式会社,10.8,対象正社員,,,,,,,,,,,,,,,,,,,,,,76.8,76.3,68.9,2025年4月1日～2026年3月31日,課長職以上の管理職に占める女性社員の割合が少なく、賃金分布の差が賃金の差に大きく影響しています。今後、女性社員の管理職登用を計画的に推進していくことで、賃金格差の解消に繋げてまいります。,2026年4月時点,2026年07月23日
9365,3140001009726,トレーディア株式会社,5.1,対象正社員,,,,,,,,,,,44.5,,,,,,,,,,,79.5,78.8,116.7,2025年4月1日～2026年3月31日,,2026年3月時点,2026年05月21日
4251,1120001051649,恵和株式会社,16.2,対象正社員,,,,,,,,,,,,対象正社員,77.5,,,,,,,,,90.7,84.8,98.4,2025年1月1日～2025年12月31日,"事業年度：2025年度
対象期間：2025年1月～12月
賃金：通勤手当を含む",2025年12月時点,2026年03月27日
4421,3010401052264,株式会社ディ・アイ・システム,,,,,,,,,,,,,,,,,,,,,,,,79.2,79.9,32.9,2024年10月1日～2025年9月30日,,2025年12月時点,2025年12月08日
7792,8120001073372,株式会社コラントッテ,11.5,対象正社員,,,,,,,,,,,,,,,,,,,,,,77.5,78.9,68.3,2024年10月1日～2025年9月30日,,2025年9月時点,2025年11月17日
7952,2080401001323,株式会社　河合楽器製作所,,,正規従業員,7.5,非正規従業員,10.3,,,,,,,64,,,,,,,,,,,60.8,72.4,55.9,2025年4月1日～2026年3月31日,正規雇用労働者、非正規雇用労働者から除外されている労働者は無。,2026年3月時点,2026年05月27日
9612,6011101022356,株式会社ラックランド,,,,,,,,,,,,,,,,,,,,,,,,66.7,67.8,51.4,2025年1月1日～2025年12月31日,,2025年12月時点,2026年04月23日
8005,9080401005367,株式会社スクロール,,,,,,,,,,,,,,,,,,,,,,,,71.4,74.1,,2025年4月1日～2026年3月31日,,2026年3月時点,2026年07月24日
4439,2190001015679,株式会社東名,,,,,,,,,,,,,72.5,正社員,72.2,パートタイム,90.3,,,,,,,73.6,75.8,101.3,2024年9月1日～2025年8月31日,"＊対象期間：第28期（令和6年9月1日～令和7年 8月31日）
＊賃金：基本給、超過労働に対する報酬、賞与等を含み、退職手当、持株会奨励金を除く。
＊非正規労働者：パート、アルバイト、契約社員を含み、派遣社員を除く。",2025年8月時点,2026年01月26日
8135,6120001023916,ゼット株式会社,8.2,その他,正社員,8.9,契約社員,4.1,,,,,,,37.4,,,,,,,,,,,81.5,79.8,77.3,2025年4月1日～2026年3月31日,,2026年3月時点,2026年04月10日
7874,7010001128155,レック株式会社,,,,,,,,,,,,,,,,,,,,,,,,53.6,77.9,50.5,2025年4月1日～2026年3月31日,,2026年3月時点,2026年06月15日
2573,9430001021794,北海道コカ・コーラボトリング株式会社,,,,,,,,,,,,,,全労働者,67.4,,,,,,,,,74.8,70.9,95.8,2025年1月1日～2025年12月31日,,2025年12月時点,2026年06月25日
5204,4180001088187,石塚硝子株式会社,5.4,対象正社員,,,,,,,,,,,,,,,,,,,,,,73.5,73.9,105.5,2025年3月21日～2026年3月20日,"対象者：石塚硝子で給与支給を行っている出向者を含むすべての労働者

給　与：通勤手当を含まない

＊平均年間賃金は小数点第１位を四捨五入して表示",2026年3月時点,2026年07月24日
4245,4500001005530,株式会社ダイキアクシス,,,,,,,,,,,,,,,,,,,,,,,,61.7,62.4,50.2,2025年1月1日～2025年12月31日,"対象期間：令和７事業年度（令和７年１月１日から令和７年１２月３１日まで）
賃金：基本給、超過労働に対する報酬、賞与等を含み、退職手当を除く。
正規雇用労働者：出向者は含む
非正規雇用労働者：嘱託、パートタイマー（正社員の所定労働時間（１日８時間）で換算した人員数を基に平均年間賃金を算出している。）",2025年12月時点,2026年02月18日
4100,3240001028939,戸田工業株式会社,8.1,対象正社員,,,,,,,,,,,,正社員,71.7,,,,,,,,,74.2,76.1,37.5,2025年4月1日～2026年3月31日,※2025年度実績,2026年3月時点,2026年06月29日
6381,3020001043522,アネスト岩田株式会社,8.3,対象正社員,正社員（総合職）,7.7,正社員（技能職）,9.9,契約社員,3.4,派遣労働者,2.8,,,,正社員,82.9,契約社員,69.5,パートタイム労働者,94,,,,,74.9,77.8,95.7,2025年4月1日～2026年3月31日,,2026年3月時点,2026年06月05日
5576,5120001030401,株式会社オービーシステム,7.8,対象正社員,,,,,,,,,,,71.1,,,,,,,,,,,82.1,83.7,67.2,2025年4月1日～2026年3月31日,"【対象者】
・正規雇用労働者：正社員（出向者、時短勤務者は除く）
・非正規雇用労働者：有期契約社員、再雇用契約社員、時短勤務者を含み、派遣社員は除く
・年度途中の入社、退職、休職、育児休業、介護休業者は集計対象外
【賃金】
基本給、超過労働に対する報酬、通勤手当、賞与等を含む
【集計基準】
・時短勤務者は現在女性しかいないため非正規労働者で集計している
【補足】
・当社では、男女で賃金規程・制度上の差異を設けてはおらず、賃金基準に相違はない
・男女間に勤続年数・平均年齢の差異があり、賃金格差が発生する要因となっている",2026年3月時点,2026年06月12日
3496,9011001062508,株式会社アズーム,,,,,,,,,,,,,,,,,,,,,,,,82.5,88.3,18.6,2024年10月1日～2025年9月30日,"賃金：基本給、超過労働に対する報酬、賞与等を含み、退職手当、通勤手当等を除く。
正社員：出向者については、当社から社外への出向者を含む。",2025年9月時点,2026年01月15日
5218,4021001011600,株式会社オハラ,9.9,対象正社員,,,,,,,,,,,,,,,,,,,,,,80.4,80.2,50.7,2024年11月1日～2025年10月31日,"上記データのうち基本給における賃金格差は以下の通りです。

全労働者：91.5％
正　　規：92.8％
非 正 規：54.2％",2025年10月時点,2026年06月22日
3641,7013301014017,株式会社パピレス,,,,,,,,,,,,,,,,,,,,,,,,89.6,89.6,,2025年4月1日～2026年3月31日,,2026年3月時点,2026年04月09日
7596,4010101000456,株式会社魚力,37,対象正社員,,,,,,,,,,,,正社員,38.4,,,,,,,,,55.4,82.8,87.4,2025年4月1日～2026年3月31日,,2026年3月時点,2026年06月17日
7438,6120001043369,コンドーテック株式会社,,,,,,,,,,,,,,対象とする労働者すべて,81,,,,,,,,,74.4,77.2,72.7,2025年4月1日～2026年3月31日,,2026年3月時点,2026年06月02日
6846,8180001010551,株式会社中央製作所,7,対象正社員,株式会社中央製作所,7,,,,,,,,,,,,,,,,,,,,,,,,,2026年3月時点,2026年03月30日
7739,7030001090700,キヤノン電子株式会社,,,,,,,,,,,,,,,,,,,,,,,,80.7,78.8,87.7,2025年1月1日～2025年12月31日,"①2025年1月1日から12月31日までに支払われた給与をもとに算出しています。
②正規雇用労働者は正社員、有期雇用労働者は定年後再雇用者となります。",2025年12月時点,2026年06月15日
7081,3010401025419,コーユーレンティア株式会社,,,,,,,,,,,,,,全労働者,57.4,営業職,46.9,事務職,66.4,,,,,59.2,58.7,66,2023年1月1日～2023年12月31日,,2024年4月時点,2024年07月19日
6342,6180001076066,株式会社太平製作所,,,,,,,,,,,,,70.2,正社員（男性）,66.4,正社員（女性）,81.2,契約社員（男性）,96.9,,,,,,,,,,2025年3月時点,2025年09月10日
7726,7020001070810,黒田精工株式会社,,,,,,,,,,,,,84.3,,,,,,,,,,,62.3,83,63,2024年4月1日～2025年3月31日,"対象期間：2024年4月1日～2025年3月31日

正規雇用労働者：正社員及び無期雇用の契約社員（社外への出向者を除く）

非正規雇用労働者：有期雇用社員及びパートタイム社員

賃金：通勤手当を除く

<正規雇用労働者＞　管理職の比率が圧倒的に男性の方が多い為、格差が生じている。

＜非正規雇用労働者＞女性よりも男性に相対的に賃金が高い嘱託社員が多い為、格差が生じている。",2025年3月時点,2025年08月28日
1771,1290001028382,日本乾溜工業株式会社,,,,,,,,,,,,,,,,,,,,,,,,67.8,70.8,54.9,2024年10月1日～2025年9月30日,,2025年9月時点,2026年08月13日
3683,3170001001614,株式会社サイバーリンクス,16.9,基幹的な職種,,,,,,,,,,,72.1,,,,,,,,,,,75,78.5,71.1,2025年1月1日～2025年12月31日,,2025年12月時点,2026年05月13日
5900,6120001056412,株式会社ダイケン,5.8,対象正社員,正規社員,5.8,,,,,,,,,,,,,,,,,,,,66.8,81.6,50.4,2024年2月11日～2025年2月10日,,2025年2月時点,2025年06月13日
7723,3180001021396,愛知時計電機株式会社,16.3,その他,,,,,,,,,,,76.3,,,,,,,,,,,58.3,59.1,53.7,2025年4月1日～2026年3月31日,男女の賃金の差異について、賃金制度・体系において性別による差異はありません。男女の賃金の差異は主に男女間の管理職比率および雇用形態の差異によるものです。非正規雇用労働者の男女の賃金の差異は嘱託とパートタイマーの雇用形態や契約時間の違いにより、乖離幅が大きくなっております。,2026年3月時点,2026年06月29日
7630,4180001082132,株式会社　壱番屋,,,,,,,,,,,,,,,,,,,,,,,,65.9,75.6,116.7,2025年3月1日～2026年2月28日,,2025年2月時点,2026年06月24日
8563,7380001005689,株式会社大東銀行,4.7,その他,正規労働者全体,4.7,行員（総合職）,5.5,行員（地域限定総合職）,4.2,嘱託（無期契約）,0.7,パート（フルタイム・無期契約）,0.1,,正規労働者全体,70.5,行員（総合職）,68.9,行員（地域限定総合職）,73.4,嘱託（無期契約）,78.6,パート（フルタイム・無期契約）,81.2,59.4,63.9,57.3,2025年4月1日～2026年3月31日,"対象期間：２０２５事業年度（２０２５年４月４月１日から２０２６年３月３１日）基本給、超過労働に対する報酬、賞与を含み、退職手当通勤手当等を除く。
正社員：正社員、フルタイム勤務の嘱託・パート（無期契約者）。出向者については当社から社外への出向者を含み、他社から当行への出向者を除く。
非正規労働者：嘱託（有期契約者）パート（有期契約者・フルタイムではない労働時間契約者）

差異に関する説明
【正社員】
４０～５９歳は、１８～３９歳と比較すると男女差が大きくなっている。これはこの年代の女性職員は、結婚を機に退職するケースが多く女性職員の人数が少なく、また、男性の管理職登用の人数が多いことが賃金の差異に影響が出ている。
　女性の新規採用強化や女性管理職登用の増加等により男女差の解消を計画的に推進する

【パート・有期行員】
パート有期職員は18～29歳の年代には男性が０人。30～39歳の年代は圧倒的に女性が多く差異は１００％以上となっている。50～59歳には短時間のパートが多いこと、60歳以上には定年再雇用の男性職員が多いことから差異が大きくなる。

参考　年代別差異
18～29歳   正社員　　89.0% 　 パート有期社員　 対象者なし
30～39歳 　正社員　　69.6% 　 パート有期社員　130.84%
40～49歳　 正社員　　64.4% 　 パート有期社員 　94.5%
50～59歳　 正社員　　44.2% 　 パート有期社員 　77.4%
60歳以上 　正社員　対象者なし パート有期社員　 65.1%
※性別のどちらかが0人の雇用区分は集計から除外",2026年3月時点,2026年05月28日
5285,5330001004739,株式会社ヤマックス,,,,,,,,,,,,,,,,,,,,,,,,86.5,83.1,102.9,2025年4月1日～2026年3月31日,,2026年3月時点,2026年06月16日
7434,9180001029707,株式会社オータケ,,,,,,,,,,,,,,,,,,,,,,,,70.7,69.2,57.6,2024年6月1日～2025年5月31日,,2025年5月時点,2025年09月22日
9033,9240001009470,広島電鉄株式会社,,,総合職,17,一般職,12.2,,,,,,,,正社員,95.1,,,,,,,,,80.8,86.8,51.2,2025年4月1日～2026年3月31日,,2026年3月時点,2026年07月23日
9842,4110001013829,アークランズ株式会社,,,正社員,5.7,,,,,,,,,,正社員,53.7,,,,,,,,,60.4,73.6,94,2025年3月1日～2026年2月28日,,2026年3月時点,2026年08月12日
5940,7020001070117,不二サッシ株式会社,,,,,,,,,,,,,,,,,,,,,,,,61.8,60.9,60.6,2024年4月1日～2025年3月31日,非正規雇用労働者：定年後再雇用労働者、パートタイム労働者が該当。パートタイム労働者のみ時間給制。,2025年8月時点,2025年08月25日
4420,9011201009845,イーソル株式会社,9,対象正社員,非正社員,4.5,,,,,,,,,,正社員,77.8,,,,,,,,,76.9,78,62.5,2025年1月1日～2025年12月31日,,2025年12月時点,2026年03月17日
9319,4130001018066,株式会社中央倉庫,21.1,対象正社員,,,,,,,,,,,,常時雇用する労働者の数,63.6,,,,,,,,,56.5,62.9,75.7,2025年4月1日～2026年3月31日,「労働者の男女の賃金の差異」については、正規雇用労働者に占める18歳から29歳までの女性従業員比率が24.7％であり、全体の4分の1を賃金が低い若年層が占めることが大きな要因であります。これは女性活躍を推進していく施策として新卒者に占める女性の採用人数を増加させていることが背景にあります。また、別の要因としては当社の課題である女性管理職が少ない点が挙げられます。,2026年3月時点,2026年07月06日
8398,6290001049168,株式会社筑邦銀行,7.9,対象正社員,男性,10.8,女性,4.2,,,,,,,52.7,正社員,52.7,,,,,,,,,49.3,62.8,41.9,2025年4月1日～2026年3月31日,,2026年3月時点,2026年07月15日
4709,7010001011096,株式会社ＩＤホールディングス,5,その他,全雇用区分,5,,,,,,,,,,全雇用区分,77.3,,,,,,,,,68.9,77.7,71.9,2025年4月1日～2026年3月31日,,2026年6月時点,2026年07月21日
2485,6180001045104,株式会社ティア,,,,,,,,,,,,,,,,,,,,,,,,54.5,72.3,118.2,2024年10月1日～2025年9月30日,,2025年9月時点,2026年02月17日
3673,3010701023163,株式会社ブロードリーフ,,,,,,,,,,,,,,正社員,54,契約社員,74,継続社員,76,アルバイト,56,,,66.6,74.3,56.7,2025年1月1日～2025年12月31日,"・正規雇用労働者　：在籍者（他社への出向者を含む）　※他社からの出向者は除く
・非正規雇用労働者：在籍直接雇用者（契約社員、継続社員、アルバイト）　※派遣社員は除く
・退職手当等は除く",2024年12月時点,2026年05月27日
5915,2120001028927,株式会社駒井ハルテック,13.4,対象正社員,現業系社員,16.8,業務系社員,13.2,契約社員,11.3,,,,,,対象とする労働者すべて,68.2,,,,,,,,,80.2,80.2,,2025年4月1日～2026年3月31日,,2026年4月時点,2026年04月22日
6904,9010701008191,原田工業株式会社,5.5,基幹的な職種,技術,6.6,事務,4.9,有期嘱託,1.7,無期嘱託,0.1,,,,管理職,75.6,非管理職,86.7,,,,,,,73.7,74.3,70,2024年4月1日～2025年3月31日,"賃金：基本給、超過勤務手当、賞与等含み、
　　　退職手当、通勤手当、福利厚生の補助等を除く。

正規雇用労働者：他企業出向者、無期嘱託社員は含み、出向受入者は除く。",2025年4月時点,2025年08月15日
9385,5120001043857,株式会社ショーエイコーポレーション,,,,,,,,,,,,,83.8,正規雇用労働者,75.1,非正規雇用労働者,97,,,,,,,45,70.3,53.4,2025年4月1日～2026年3月31日,,2026年3月時点,2026年05月19日
9336,6120101041611,大栄環境株式会社,,,,,,,,,,,,,,,,,,,,,,,,73.8,75.2,66.3,2025年4月1日～2026年3月31日,"【付記事項】

・対象期間
　2025年事業年度（2025年4月1日～2026年3月31日）

・賃金
　基本給・超過労働に対する報酬・賞与等を含み、退職手当・通勤手当等を除く。

・正規雇用労働者
　出向者については、当社から社外への出向者、他社から当社への出向者を除く。

・非正規雇用労働者
　嘱託社員・契約社員・アルバイト・パートが該当。派遣社員については、
　当社直雇用の派遣社員を含み、他社から当社への派遣社員を除く。",2026年3月時点,2026年06月30日
4054,8350001008198,日本情報クリエイト株式会社,,,,,,,,,,,,,,正社員,70.1,パート,92.5,嘱託,85,,,,,56.9,60.9,35.5,2024年7月1日～2025年6月30日,,2025年6月時点,2025年09月11日
5707,9010001034863,東邦亜鉛株式会社,,,,,,,,,,,,,,,,,,,,,,,,71.5,79,55.8,2025年4月1日～2026年3月31日,2025年度ﾃﾞｰﾀ,2026年3月時点,2026年07月14日
5484,2370001002444,東北特殊鋼株式会社,,,,,,,,,,,,,,,,,,,,,,,,66.1,638.6,56.9,2025年4月1日～2026年3月31日,"１．他社から当社への出向者、当社から国外への出向者、勤続一年未満の者（休職者を含む）を除いて算出しております。
２．男女の賃金の差異は、総合職における男性の割合が8割を占めていることや、管理職の約9割を男性が占めていることが大きく影響しております。
３．非正規雇用労働者にて男女間の賃金差が生じている主な要因は、定年退職後に管理職相当の役割を担う
　　有期雇用者等の男女構成差が生じているためです。",2026年3月時点,2026年05月26日
2415,2011101033968,ヒューマンホールディングス株式会社,,,正社員（総合職）,15.8,正社員（エリア職）,7.5,正社員（専門職）,7.5,再雇用社員,4.7,契約社員,10.5,,,,,,,,,,,,74.9,74.9,126.9,2025年4月1日～2026年3月31日,,2026年3月時点,2026年08月20日
7122,5122001001729,近畿車輛株式会社,11.9,対象正社員,管理・間接部門,10.3,工場・直接部門,13.4,,,,,,,,正社員,74,,,,,,,,,80.3,80.9,88.2,2025年4月1日～2026年3月31日,,2026年6月時点,2026年06月23日
5892,1020003014176,株式会社ｙｕｔｏｒｉ,,,,,,,,,,,,,,,,,,,,,,,,74.2,81,112.9,2025年4月1日～2026年3月31日,,2026年6月時点,2026年06月10日
4736,8010401094657,日本ラッド株式会社,7.1,対象正社員,正社員,7.1,,,,,,,,,77.1,正社員,77.1,,,,,,,,,89.1,87.8,112.2,2025年4月1日～2026年3月31日,,2026年3月時点,2026年05月11日
550A,4180001004425,株式会社ソフトテックス,7,対象正社員,,,,,,,,,,,,正社員,72,,,,,,,,,76.3,75.7,81.9,2025年4月1日～2026年3月31日,,2026年4月時点,2026年06月25日
7277,5012301001794,㈱ＴＢＫ,18.5,その他,,,,,,,,,,,,全体,71.2,,,,,,,,,75.1,79.8,83.4,2025年4月1日～2026年3月31日,,2026年3月時点,2026年06月30日
6497,6010701008104,株式会社ハマイ,,,,,,,,,,,,,,正社員,69.5,,,,,,,,,63.4,74.7,95.5,2023年1月1日～2023年12月31日,"・賃金は正規、非正規ともに通勤手当は除いて算出しております。

・非正規社員：契約社員、パート・アルバイト


現在社内で女性がより活躍できる社内体制の構築ならびに女性採用比率を上げる施策を推進中。",2023年12月時点,2024年01月26日
9828,8060001001562,株式会社Ｇｅｎｋｉ　Ｇｌｏｂａｌ　Ｄｉｎｉｎｇ　Ｃｏｎｃｅｐｔｓ,,,,,,,,,,,,,,,,,,,,,,,,80.3,76.6,111.2,2025年4月1日～2026年3月31日,,2026年6月時点,2026年06月23日
5956,6010001052315,トーソー株式会社,,,,,,,,,,,,,,,,,,,,,,,,53.3,61.3,62.9,2025年4月1日～2026年3月31日,,2026年3月時点,2026年06月29日
3892,1260001001078,株式会社　岡山製紙,,,,,,,,,,,,,66.6,,,,,,,,,,,80.4,79.5,96,2024年6月1日～2025年5月31日,男女で賃金基準に差はありませんが、1）女性管理職がいないこと、2)夜勤交替が発生する部署への配属は男性のみとなっているため、交替手当、深夜手当等の支給があること、が差異の理由として考えられます。,2025年5月時点,2026年04月06日
5868,5120001092383,株式会社ロココ,,,,,,,,,,,,,,,,,,,,,,,,75.7,82.1,31.8,2024年1月1日～2024年12月31日,,2024年12月時点,2025年04月30日
2674,6110001012853,株式会社ハードオフコーポレーション,6.1,対象正社員,正社員,6.1,パート・アルバイトスタッフ,0.5,,,,,,,,,,,,,,,,,,63.2,79.7,100.1,2025年4月1日～2026年3月31日,,2026年6月時点,2026年07月02日
9361,4230001010772,伏木海陸運送株式会社,20,基幹的な職種,,,,,,,,,,,,基幹的な職種,48.9,,,,,,,,,81.9,72.6,57.2,2024年7月1日～2025年6月30日,,2025年10月時点,2025年10月29日
5367,8120101006505,株式会社ニッカトー,,,,,,,,,,,,,,,,,,,,,,,,68.4,82.5,66,2025年4月1日～2026年3月31日,,2025年3月時点,2026年07月08日
8173,9120001038564,株式会社Joshin,15.4,対象正社員,,,,,,,,,,,,,,,,,,,,,,60.8,75,88.1,2025年4月1日～2026年3月31日,労働者の人員数について労働時間を基に換算し算出しています。,2026年6月時点,2026年06月30日
4848,7010701024604,株式会社フルキャストホールディングス,,,総合職,26.4,契約,22.5,嘱託,7.5,アルバイト,4.4,,,,基幹的な職種,74.9,,,,,,,,,68.3,76.3,84.5,2025年1月1日～2025年12月31日,"・働き方の多様性を重視し、雇用区分にとらわれず女性の採用を強化した結果、短時間勤務者また、
非正規に女性が多くなり、給与水準が男性と比べ低く見える要因となっている。


・女性の育児休業取得は100%となり、年度の途中での育児休業の取得または復帰なども賃金算出に含
めているため、女性の平均賃金が低く見える傾向にあり",2026年2月時点,2026年06月12日
5257,8120001046444,ノバシステム株式会社,19.3,基幹的な職種,,,,,,,,,,,,正社員,69.3,,,,,,,,,81.1,82.2,60.1,2025年1月1日～2025年12月31日,,2025年12月時点,2026年04月20日
9823,5030001071058,株式会社マミーマート,,,,,,,,,,,,,,全労働者,85.3,正社員,64.7,,,,,,,58.3,79,93.3,2024年10月1日～2025年9月30日,,2025年9月時点,2026年02月27日
5609,8020001074100,日本鋳造株式会社,,,,,,,,,,,,,,,,,,,,,,,,86.4,99.1,0.9,2025年4月1日～2026年3月31日,,2026年3月時点,2026年04月14日
5491,1011401011162,日本金属株式会社,11.6,対象正社員,,,,,,,,,,,75.4,,,,,,,,,,,71.5,67.5,89.1,2025年4月1日～2026年3月31日,"（注）１．「女性の職業生活における活躍の推進に関する法律」（平成27年法律第64号）の規定に基づき算出したもの
　　　　　であります。
　　　２．「育児休業、介護休業等育児又は家族介護を行う労働者の福祉に関する法律」（平成３年法律第76号）の規
　　　　　定に基づき、「育児休業、介護休業等育児又は家族介護を行う労働者の福祉に関する法律施行規則」（平成
　　　　　３年労働省令第25号）第71条の４第１号及び２号における育児休業等の取得割合を算出したものでありま
　　　　　す。
　　　３．パート労働者については、正社員の所定労働時間（１日７時間半）で換算した人員数を基に平均年間賃金を
　　　　　算出しています。
　　　４．当社は、職位及び職掌により異なる賃金水準を設定しており、男女では職位及び職掌の人数分布に差がある
　　　　　ため、賃金差異が生じております。
　　　　　（課長級における女性割合0.0%、交替勤務者（夜勤・深夜手当等を加算）における女性割合0.0%）
　　　　　なお、女性管理職が少ない背景としては、2015年より女性総合職の新卒採用を本格的に開始し、管理職昇格
　　　　　に至っていないことが挙げられます。",2026年6月時点,2026年06月15日
8999,2060001002178,グランディハウス株式会社,11.9,対象正社員,,,,,,,,,,,,正社員,82.7,,,,,,,,,69.6,69.6,,2025年4月1日～2026年3月31日,,2026年3月時点,2026年06月09日
6044,3140001059036,株式会社三機サービス,,,,,,,,,,,,,,全労働者,61.1,,,,,,,,,62.8,75.6,61,2024年6月1日～2025年5月31日,,2025年5月時点,2025年09月08日
8920,2180301013169,株式会社東祥,,,,,,,,,,,,,,,,,,,,,,,,62.9,72.7,143.1,2025年4月1日～2026年3月31日,対象期間：2025年4月1日～2026年3月31日,2026年3月時点,2026年04月30日
3349,9290001025414,株式会社 コスモス薬品,3.2,対象正社員,,,,,,,,,,,,,,,,,,,,,,48.9,78.5,115.4,2024年6月1日～2025年5月31日,,2025年5月時点,2025年10月14日
8560,6350001001824,株式会社　宮崎太陽銀行,8.2,その他,,,,,,,,,,,60.4,正社員,60.4,,,,,,,,,52.4,57.6,50.2,2025年4月1日～2026年3月31日,"1.対象期間は、2025年度（2025年4月1日～2026年3月31日）となっております。
2.賃金は、基本給、時間外勤務手当及び賞与等を含み、退職手当、通勤手当及び住宅手当等を含めておりません。
3.正規雇用労働者は、出向者を含めておりません。
4.非正規雇用労働者は、契約行員、嘱託及びパートタイマーを含み、派遣社員を含めておりません。
5.算出にあたり、パートタイマーについて、正規雇用労働者の所定労働時間を元として人員数を換算しております。

当行の正規労働者の賃金は、資格給および職責給により構成されており、同一の職務・等級においては、男女間で賃金差が生じる仕組みとはなっておらず、賃金制度上の性別による差異はありません。
一方で、男女間の賃金差異は、主として職位構成および勤続年数の違いに起因するものと認識しております。具体的には、女性管理職比率は3.4％にとどまり、マネジメント層に占める男性割合が高いことから、賃金水準に差が生じています。一方で、女性監督職比率は31.7％と一定程度の水準にあり、今後の管理職登用に向けた人材基盤は着実に形成されています。
また、平均勤続年数は男性19.6年、女性9.6年と差があり、過去の就業継続状況の違いが、現在の賃金水準に影響しています。
非正規労働者については、勤務形態（勤務時間・業務内容等）に応じて嘱託行員およびパートタイマーに区分しております。正規労働者と同様に、同一の勤務形態において男女間の賃金差はありませんが、相対的に賃金水準の低いパートタイマーに女性の割合が高いことが、賃金差異の一因となっています。
当行では、女性管理職比率（現状3.4％）の向上を含め、2031年度に向けた女性管理職比率5.5％、女性監督職比率34.0％の目標を掲げ、若手行員へのキャリア研修、イクボス研修、仕事と育児の両立支援制度の拡充等に取り組んでいます。
今後も、職位構成や勤続年数の偏りの解消に取り組み、男女間の賃金差異の縮小を図ってまいります。",2026年4月時点,2026年06月04日
2908,9140001010604,フジッコ株式会社,9.8,対象正社員,,,,,,,,,,,62.5,正社員,62.5,,,,,,,,,70,76.9,80.8,2025年4月1日～2026年3月31日,,2026年4月時点,2026年07月08日
5821,1010701008364,平河ヒューテック株式会社,,,,,,,,,,,,,,,,,,,,,,,,60.6,62.4,40.5,2025年4月1日～2026年3月31日,"対象期間：令和7年度(2025年4月1日～2026年3月31日)
賃金：基本給、超過労働に対する報酬、賞与等を含み、退職手当を除く",2026年3月時点,2026年07月06日
8226,8011101022577,株式会社　理経,20.1,その他,,,,,,,,,,,,その他,64.3,,,,,,,,,,,,,,,2016年02月28日
2445,5120001102126,株式会社タカミヤ,10,その他,,,,,,,,,,,,その他,75.3,,,,,,,,,64.6,64,58.3,2024年4月1日～2025年3月31日,,2025年3月時点,2025年09月08日
E04385,9400001000033,株式会社アイビーシー岩手放送,12.6,その他,正社員,14,契約社員,9.4,再雇用,9.7,,,,,47.8,,,,,,,,,,,69.6,79.1,92.5,2025年4月1日～2026年3月31日,,2026年4月時点,2026年04月24日
7877,1120001019704,永大化工株式会社,6.8,対象正社員,,,,,,,,,,,,,,,,,,,,,,,,,,,2026年3月時点,2026年08月05日
9428,6180001029354,株式会社クロップス,24,対象正社員,,,,,,,,,,,86.8,,,,,,,,,,,80.5,80.9,109.3,2025年4月1日～2026年3月31日,,2026年3月時点,2026年07月24日
6264,2340001011885,株式会社マルマエ,,,,,,,,,,,,,,,,,,,,,,,,61.8,87.3,63.2,2024年9月1日～2025年8月31日,性別による賃金基準に違いはありませんが、人数および役職者数等の違いにより男女で差が生じております。,2025年8月時点,2025年12月22日
9046,8140001015612,神戸電鉄株式会社,,,,,,,,,,,,,87.6,,,,,,,,,,,71.3,75.3,98.5,2025年4月1日～2026年3月31日,賃金の差異につきましては、勤続年数等により差異が生じたもので、職能等級や成果が同じであれば、人事処遇制度上、性差により格差が生じることはございません。,2026年3月時点,2026年07月16日
8276,3160001008726,株式会社　平和堂,15.5,対象正社員,CDコース社員,15.5,SPコース社員,0.7,,,,,,,,ＣＤコース社員,53.6,ＳＰコース社員,78.9,,,,,,,60.1,74.2,103.7,2025年2月21日～2026年2月20日,,2026年2月時点,2026年05月27日
5906,2100001006100,エムケー精工株式会社,15.2,対象正社員,正社員,15.2,,,,,,,,,69.5,対象とする労働者すべて,72.2,,,,,,,,,69.6,73.5,59.3,2025年3月21日～2026年3月20日,,2026年6月時点,2026年06月19日
475A,7011001073333,株式会社ギミック,,,総合職・エキスパート職,27.6,エリア総合職,24.6,基幹職,15.6,無期雇用非正社員,15.4,フルタイムアルバイト,7.9,67.5,管理職,37.9,総合職・エキスパート職,70.7,エリア総合職,61.6,基幹職,77.8,無期雇用非正社員,66.7,74,72.2,104.9,2025年4月1日～2026年3月31日,"賃金：基本給、みなし残業手当、超過勤務手当、賞与等を含み、通勤手当を除く。
非正規雇用労働者：契約社員、アルバイトを含み、派遣社員を除く。",2025年7月時点,2026年07月16日
7073,1010001066022,株式会社ジェイック,9.5,基幹的な職種,技術系総合：講師,8.7,技術系総合：マーケ,8.5,事務系総合：営業・アドバイザー,10.2,事務系総合：一般,8.5,一般管理,0,,,,,,,,,,,,,,,,,2025年3月時点,2026年07月24日
7822,7120001030374,永大産業株式会社,14.1,対象正社員,正社員,14.1,契約員,8.1,実習生,20.3,,,,,70.2,全社員,70.2,,,,,,,,,68.8,67.3,98.6,2025年4月1日～2026年3月31日,,2026年3月時点,2026年07月09日
6222,2170001001508,株式会社島精機製作所,,,,,,,,,,,,,,,,,,,,,,,,59.2,69.7,44.2,2025年4月1日～2026年3月31日,,2026年3月時点,2026年08月03日
6737,8220001009300,EIZO株式会社,10.6,対象正社員,総合職（技術系・営業系）,19.3,一般職（技能・事務職）,1.9,,,,,,,91.4,,,,,,,,,,,55.1,55.9,44.1,2025年4月1日～2026年3月31日,"対象年度：2025年度（2025年4月～2026年3月）

当社は、担当職務の性質と期待役割に応じて、企画開発創造型の基幹的な職種である総合職系と効率追求型の実務遂行にあたる技能・事務職系の2つの区分での採用／雇用管理を行っております。現状、比較的賃金の高い総合職系において女性割合が少なく、技能・事務職系に女性割合が多いため、一定の男女間賃金差異が存在します。また、賃金に直接的に影響する育児短時間勤務の取得率において男女間に差があることも賃金差異の一因となっております。",2026年3月時点,2026年06月11日
5957,2130001041813,日東精工株式会社,7.4,対象正社員,総合職,7.4,,,,,,,,,,総合職,67,,,,,,,,,76,78.2,101.6,2025年1月1日～2025年12月31日,"対象期間：令和７事業年度（令和７年１月１日から令和７年１２月３１日まで）
正社員　：出向者を除く
有期社員：特別嘱託・嘱託を含み、派遣社員を除く
差異についての補足説明：
＜正社員＞
正社員における女性比率は17.0％です。
職能等級別での男女の賃金の差異は、
＜年収＞　管理職96.2％、専門職層89.9％、指導職85.4％、一般職91.4％
＜基本給＞管理職96.2％、専門職層94.6％、指導職93.4％、一般職97.3％

同一資格等級の比較において、管理職層、一般職層に大きな賃金差異はありませんが、専門職層、指導職層に賃金差異があります。この主な理由は、指導職層において男性の係長以上の登用率が16.8％に対し女性の係長以上の登用率が3.6％と少ないため役職手当の有無で差異が発生していること、指導職層において短時間勤務制度の利用者比率が男性0.6％に対し女性11.5％と女性のほうが高く平均就業時間が短いこと、専門職層・指導職層において生活関連手当の受給者が男性のほうが多いこと、2025年は男性比率の高い職種で時間外労働が増加したことであると分析しています。基本給の比較においては、同一の資格等級で大きな賃金差異はありません。今後は女性従業員の職種の幅を広げること、前述の女性のキャリアアップ施策や主任制度を活用した女性管理職の育成により、正規雇用労働者の賃金格差の解消に努めます。",2026年3月時点,2026年04月02日
5905,4030001006527,日本製罐株式会社,12,対象正社員,総合職,12,,,,,,,,,,総合職,81,,,,,,,,,,,,,,2024年3月時点,2025年02月10日
2220,4110001006378,亀田製菓株式会社,,,,,,,,,,,,,74.2,,,,,,,,,,,69.8,76.5,53.7,2025年4月1日～2026年3月31日,,2026年6月時点,2026年07月02日
8194,9010001060208,株式会社ライフコーポレーション,13.5,対象正社員,正社員,14.5,嘱託,2.3,,,,,,,81.7,正社員,53.9,嘱託,79.2,パートタイマー,89.7,アルバイト,87.8,,,66.1,77.1,106.7,2025年3月1日～2026年2月28日,"〈②正規雇用労働者〉
正規雇用労働者における、男女間の賃金格差の要因として、各役職における男女の勤続年数の違いがあげられます。今後も女性の採用から役職への登用を計画的に推進してまいります。
〈③非正規雇用労働者〉
全労働者に占めるパート比率が高い業種（76％）であり、男性よりも女性に相対的に賃金が高いパートタイマーが多いため、賃金の格差が生じております。",2026年3月時点,2026年08月03日
6655,2180001074585,東洋電機株式会社,11.9,対象正社員,,,,,,,,,,,78.5,全従業員,78.5,,,,,,,,,61.1,77.8,48.5,2025年4月1日～2026年3月31日,"正規雇用：正社員
非正規雇用：嘱託社員、パート",2026年3月時点,2026年05月14日
7847,1030001090714,株式会社グラファイトデザイン,,,,,,,,,,,,,,,,,,,,,,,,62,65.6,42.9,2025年3月1日～2026年2月28日,,2025年4月時点,2026年05月21日
5446,9110001023162,北越メタル株式会社,,,,,,,,,,,,,,対象正社員,75.7,,,,,,,,,85.3,88.6,43.6,2025年4月1日～2026年3月31日,"・対象期間：2025年度（2025年４月１日～2026年３月31日まで）
・正規雇用労働者：出向者については当社から他社への出向者を除き、他社から当社への出向者を含む
・非正規雇用労働者：パート・アルバイト（短時間勤務含む）、嘱託社員が該当
・賃金：通勤手当等を除く",2026年3月時点,2026年05月20日
274A,1011101075301,株式会社　ガーデン,,,,,,,,,,,,,55.9,管理本部,60.7,営業本部,54.9,,,,,,,70.4,78,90,2025年3月1日～2026年2月28日,,2026年3月時点,2026年04月10日
9698,7010401008436,株式会社クレオ,7.1,その他,,,,,,,,,,,,対象とする労働者すべて,67.2,,,,,,,,,79.1,81.6,68.6,2024年4月1日～2025年3月31日,"非正規雇用は嘱託社員、契約社員で、時給者・月給者・年俸者すべての合計です
女性従業員に時間給での契約社員（週勤務５日未満）が多い為、差異が大きいものとなっています",2025年3月時点,2025年08月18日
7716,1060001010545,株式会社ナカニシ,,,正社員,15.4,パート社員,4.4,,,,,,,,,,,,,,,,,,76.7,69.9,91.5,2024年1月1日～2024年12月31日,"対象期間：2024年度（2024年1月1日～2024年12月31日）
賃金：基本給、超過労働に対する報酬、賞与等を含む
正規：対象期間中に満期で在籍していない社員（赴任、休職、入社、退社等）を除く
非正規：有期契約社員、嘱託社員、パートタイムを含み、派遣社員を除く",2025年1月時点,2025年10月10日
3583,6010601009020,オーベクス株式会社,,,,,,,,,,,,,,全労働者,76,正規雇用労働者,72,パート・有期雇用労働者,82.9,,,,,61.5,84.5,59.9,2025年4月1日～2026年3月31日,,2026年3月時点,2026年04月09日
2411,8010101001161,ゲンダイエージェンシー株式会社,,,,,,,,,,,,,,正社員,55.5,準社員,70.2,契約社員,51.5,,,,,,,,,,2026年3月時点,2026年04月13日
4801,5010001048124,セントラルスポーツ株式会社,12.9,基幹的な職種,,,,,,,,,,,52.2,,,,,,,,,,,68.3,81.8,74.4,2024年4月1日～2025年3月31日,賃金は性別に関係なく同一の基準を適用しておりますが、勤続年数などの差などにより男女間の賃金差異が生じております。,2025年3月時点,2025年08月08日
4413,4010401098975,株式会社ボードルア,,,,,,,,,,,,,,,,,,,,,,,,91,91,,2024年3月1日～2025年2月28日,創業期入社の社員が男性偏重であったため、現時点の年次による年収等の男女比には差が生じておりますが、同年次の社員においては、性別に関係なく同一の基準を適用しております。,2025年5月時点,2025年10月02日
7646,5210001007068,株式会社　ＰＬＡＮＴ,14.9,対象正社員,正社員,14.9,パート、アルバイト,1.8,,,,,,,,社員（準社員、嘱託社員含む）,48.5,パート、アルバイト,67.7,,,,,,,64.3,81.1,95.3,2024年9月21日～2025年9月20日,,2025年9月時点,2026年02月10日
6518,5140001059091,三相電機株式会社,2,その他,正社員,5.9,契約社員（雇員）,1.1,パート組立,0.6,パート組立以外,0.4,,,,,,,,,,,,,,64.6,75.1,87.3,2025年4月1日～2026年3月31日,"対象期間 ： 令和5事業年度(令和5年4月1日から令和6年3月31日まで)
賃金 ： 基本給、通勤手当、超過労働に対する報酬、賞与等を含み退職手当を除く。
非正規雇用労働者 ： パートタイマー、アルバイト、契約社員を含み派遣社員を除く。

補足説明
・差異の算出にあたり、パートタイマーはフルタイム労働者の所定労働時間をもとに人員数の換算を行っている。
・全労働者における男女の賃金の差異は、非正規労働者の男女の人数比率が影響している。",2025年4月時点,2026年07月16日
3103,8140001051822,ユニチカ株式会社,8,対象正社員,,,,,,,,,,,,正社員,75.8,,,,,,,,,75.7,78.6,74.7,2023年4月1日～2024年3月31日,"日本エステル㈱　全労働者70.5%　うち正規雇用労働者72.4%　うち非正規雇用労働者79.2%
ユニチカトレーディング㈱　全労働者66.7%　うち正規雇用労働者65.1%　うち非正規雇用労働者88.2%
ユニチカテキスタイル㈱　全労働者76.0%　うち正規雇用労働者80.2%　うち非正規雇用労働者29.7%
ユニチカグラスファイバー㈱　全労働者65.6%　うち正規雇用労働者74.8%　うち非正規雇用労働者78.2%
ユニチカガーメンテック㈱　全労働者60.5%　うち正規雇用労働者70.1%　うち非正規雇用労働者0%",2024年3月時点,2024年07月16日
6400,3120001018670,不二精機株式会社,,,,,,,,,,,,,,,,,,,,,,,,73.3,73.3,,2025年1月1日～2025年12月31日,,2025年12月時点,2026年07月13日
3333,7120001006861,株式会社　あさひ,15,基幹的な職種,,,,,,,,,,,,正社員,74.2,,,,,,,,,54.2,76.8,80.4,2024年2月21日～2025年2月20日,,2025年2月時点,2025年03月26日
5986,7120001077572,モリテック スチール株式会社,,,,,,,,,,,,,,正社員,67.7,嘱託社員,95,定時社員,95.4,,,,,65.3,70.5,69.5,2024年4月1日～2025年3月31日,,2025年8月時点,2025年09月04日
5241,7010001006022,株式会社日本オーエー研究所,16.9,対象正社員,技術職,16.9,,,,,,,,,,技術職,71.7,,,,,,,,,,,,,,2022年6月時点,2022年06月28日
E02538,3011101014587,株式会社トーハン,,,,,,,,,,,,,,,,,,,,,,,,68.3,77.6,98.2,2025年4月1日～2026年3月31日,,2026年3月時点,2026年05月22日
3944,6120001088901,古林紙工株式会社,,,,,,,,,,,,,,,,,,,,,,,,51,73.8,63.5,2025年1月1日～2025年12月31日,通勤手当除く,2025年12月時点,2026年05月21日
6317,4240001034184,株式会社　北川鉄工所,,,,,,,,,,,,,72.3,全労働者,72.3,正規雇用労働者,70.1,非正規雇用労働者,90.7,,,,,72.6,73.8,63.1,2025年4月1日～2026年3月31日,賃金制度、賃金体系に男女差は無いが時間外労働や管理職以上に占める割合の差が賃金差異の要因となっている。,2026年3月時点,2026年06月17日
6073,2011101000803,株式会社アサンテ,,,,,,,,,,,,,,,,,,,,,,,,49.1,52,46.2,2025年4月1日～2026年3月31日,,2026年3月時点,2026年05月12日
6165,7010401054620,パンチ工業株式会社,18.1,対象正社員,販売,6.9,製造直接,29.1,製造間接,16.8,管理,3.4,,,68,販売,76,製造直接,65,製造間接,62,管理,68,,,77.8,77.5,49,2024年4月1日～2025年3月31日,"＜正規雇用労働者（正社員）＞
執行役員、海外出向者、企業内転勤者を除く
正社員の男女の賃金差異の大きな要因は、管理職比率が男性の方が高いことに加え、
単身赴任者（単身赴任手当）、夜勤者（深夜残業手当等）が多いことが考えられる。

＜非正規雇用労働者（パート・有期社員）＞
パートタイム勤務者、契約社員、嘱託社員（定年再雇用者）を含み、派遣社員を除く
パート・有期社員の男女の賃金差異の要因は、女性ではパートタイム勤務者が多く、
男性では相対的に賃金の高い嘱託社員（定年再雇用者）が多いためである。",2024年3月時点,2025年09月01日
2742,7240001031724,株式会社ハローズ,19.6,対象正社員,総合職,19.9,担当専任職,18.9,ストア職,17.5,嘱託,14.3,パートタイマー,0.9,,,,,,,,,,,,58.4,76.1,100.7,2025年3月1日～2026年2月28日,人員数は育児休業等休職者、短時間勤務者を含んでいます。,2026年2月時点,2026年06月01日
7215,2020001077174,株式会社ファルテック,20.4,対象正社員,正社員,20.4,臨時社員,10.2,,,,,,,71.8,正社員,71.8,,,,,,,,,77.3,79,62.4,2025年4月1日～2026年3月31日,,2026年3月時点,2026年06月08日
6424,7011201003197,株式会社高見沢サイバネティックス,,,,,,,,,,,,,,,,,,,,,,,,78,80.1,93.4,2024年4月1日～2025年3月31日,,2025年3月時点,2025年05月08日
3449,3010501032975,株式会社テクノフレックス,,,,,,,,,,,,,,従業員,82,,,,,,,,,73.2,79.5,66.7,2025年1月1日～2025年12月31日,,2025年12月時点,2026年03月13日
6030,5011001050532,株式会社アドベンチャー,10.8,対象正社員,,,,,,,,,,,,,,,,,,,,,,56,66,118.4,2024年7月1日～2025年6月30日,,2026年1月時点,2026年01月22日
9782,5010001023358,株式会社ディーエムエス,12.9,対象正社員,,,,,,,,,,,,,,,,,,,,,,44.7,92.3,56.2,2025年4月1日～2026年3月31日,対象期間　2025年4月1日～2026年3月31日,2026年3月時点,2026年07月23日
8282,6050001000897,株式会社　ケーズホールディングス,3.6,対象正社員,正社員,3.6,派遣社員,0.4,,,,,,,,正社員,59.5,,,,,,,,,52.7,77.5,73.6,2025年4月1日～2026年3月31日,"①当社は正規雇用労働者を対象に、「総合職」と「一般職」からなる複線型人事制度を採用しています。
・「総合職」は当社の基幹となるコースで、事業所を問わず社命による転居の伴う転勤を対象とするコースになります。
・「一般職」は原則として、社命による転居を伴わない転勤を対象とするコースになります。
②育児短時間勤務制度の利用者については、給与を短縮時間分だけ減額しております。育児短時間勤務制度は女性労働者の利用が多く、男女の賃金の差異に影響しております。
③正規雇用労働者の男女別の平均年齢は男性が43.1歳、女性が38.2歳となっており、男女の賃金の差異に影響しております。
④正規雇用労働者の男女別の平均勤続年数は男性が18.0年、女性が13.9年となっており、男女の賃金の差異に影響しております。",2026年3月時点,2026年06月25日
7643,6460101000896,株式会社ダイイチ,,,,,,,,,,,,,67.4,正社員,47.4,有期社員・パート,73.2,,,,,,,65.4,87.2,91,2024年10月1日～2025年9月30日,対象期間：71期事業年度（2024年9月11日から2025年9月10日）,2025年9月時点,2025年12月24日
6905,7230001000928,コーセル株式会社,8.2,対象正社員,,,,,,,,,,,57.3,,,,,,,,,,,67.2,74.1,56.7,2025年5月21日～2026年5月20日,,2026年5月時点,2026年05月29日
5162,9030001000319,株式会社朝日ラバー,11.4,対象正社員,,,,,,,,,,,,正社員,65.4,,,,,,,,,78.3,78.3,,2024年4月1日～2025年3月31日,男性の非正規雇用労働者が居ないため。,2025年3月時点,2026年07月24日
7634,2011801011868,株式会社星医療酸器,,,,,,,,,,,,,,,,,,,,,,,,57.6,71.1,94.1,2025年4月1日～2026年3月31日,,2026年3月時点,2026年07月01日
2782,4200001013662,株式会社セリア,1.7,対象正社員,,,,,,,,,,,,,,,,,,,,,,79.7,78.4,98.7,2025年4月1日～2026年3月31日,"・正規雇用労働者には、再雇用の有期雇用社員のうち、正社員と同様の基準による給与支給の社員を含む。
・非正規雇用労働者（パートタイマー）は年間の平均人員（1日8時間換算）。",2026年3月時点,2026年04月28日
6882,7120001051882,株式会社三社電機製作所,11.4,対象正社員,正社員,11.4,定時社員,6,嘱託,5.1,パートタイマー,3.5,,,,,,,,,,,,,,68.8,73,51.9,2025年4月1日～2026年3月31日,パート・有期労働者の賃金差異について、男女比率がパートは7割女性、嘱託は9割男性となっており、加えて賃金は、嘱託＞パートのため、パートと嘱託の賃金を比較する形となり、差異が大きく生じている,2026年3月時点,2026年06月11日
2540,2011001024084,養命酒製造株式会社,,,,,,,,,,,,,64.7,社員,67.3,,,,,,,,,56,63,89.3,2025年4月1日～2026年3月31日,,2026年3月時点,2026年07月06日
5612,3010001016859,日本鋳鉄管株式会社,,,,,,,,,,,,,85,管理職,72,事務技術職,83,技能職,90,,,,,76.1,75.2,83.3,2025年4月1日～2026年3月31日,管理職に占める女性の割合が少ないので、平均賃金で女性が低くなっている。,2026年4月時点,2026年04月21日
5121,5010701008682,藤倉コンポジット株式会社,8.9,その他,,,,,,,,,,,,全従業員,57.6,,,,,,,,,66.5,68.7,72.9,2024年4月1日～2025年3月31日,,2025年3月時点,2025年08月04日
3766,7011301012643,システムズ・デザイン株式会社,14.8,対象正社員,,,,,,,,,,,,,,,,,,,,,,51.7,83.1,63.7,2023年4月1日～2024年3月31日,,2024年3月時点,2024年06月11日
2929,5130001011549,株式会社ファーマフーズ,,,,,,,,,,,,,,社員,68.2,パートタイマー,69.5,,,,,,,61.7,68.7,94.9,2024年8月16日～2025年8月15日,,2026年2月時点,2026年03月06日
423A,1122001014313,株式会社ライオン事務器,,,総合職,20.4,エリア職,8.1,,,,,,,,,,,,,,,,,,68.2,65.5,62.2,2024年10月1日～2025年9月30日,,2026年3月時点,2026年08月18日
7490,4010401033255,日新商事株式会社,24.5,対象正社員,,,,,,,,,,,,,,,,,,,,,,52.5,74,96.3,2025年4月1日～2026年3月31日,"◇対象期間：2024事業年度（2024年４月１日～2025年３月31日）
◇正規雇用労働者：出向者については、他社から当社への出向者を除き、当社から社外への出向者を含む。
◇非正規雇用労働者：パート・定年後再雇用者、嘱託を含み、派遣社員を除く。
◇賃金：基本給、超過労働に対する報酬、賞与、通勤手当等を含み、退職手当を除く。",2026年3月時点,2026年07月16日
6195,3290001029577,株式会社ホープ,25.9,対象正社員,,,,,,,,,,,,社員,74.6,,,,,,,,,,,,,,2025年3月時点,2025年09月16日
8349,7400001001891,株式会社東北銀行,4.3,対象正社員,フリー行員,6.6,エリア行員,2.8,業務行員,1.9,契約行員,0.8,,,54.2,,,,,,,,,,,60.5,62.9,75.9,2025年4月1日～2026年3月31日,"・「女性の職業生活における活躍の推進に関する法律」（2015年法律第64号）の規定に基づき算出したものであります。非正規雇用労働者には、有期雇用労働者である契約行員、業務行員、フルタイムではない短時間労働者であるパート行員が該当します。フルタイムかつ無期雇用である契約行員、パート行員は、正規雇用労働者へ含めております。
・当行の正規雇用労働者のなかには、勤務地域を限定しないフリー行員と勤務地域を限定するエリア行員が在籍しており、「仕事と家庭の両立支援」に向けたライフスタイルに合わせて転換が可能となっております。フリー行員とエリア行員に処遇差を設けておりますが、エリア行員を選択する女性行員の割合が高く、男女の賃金差異の要因となっております。",2026年3月時点,2026年06月30日
6955,3010401026846,ＦＤＫ株式会社,11.6,その他,正社員,12.5,非正社員,10.5,,,,,,,83.4,対象とする労働者すべて,83.4,,,,,,,,,78.3,79.5,88.4,2025年4月1日～2026年3月31日,,2026年3月時点,2026年07月16日
5891,4130001026309,株式会社魁力屋,,,管理職,42,正社員,31,パート・アルバイト社員,4,,,,,,,,,,,,,,,,75.6,71.3,99.4,2025年1月1日～2025年12月31日,,2026年1月時点,2026年08月24日
6033,6013301021476,株式会社エクストリーム,10,対象正社員,,,,,,,,,,,,,,,,,,,,,,84.7,84.2,85.2,2024年4月1日～2025年3月31日,,2025年3月時点,2025年08月13日
9946,4010001030181,ミニストップ株式会社,,,,,,,,,,,,,,,,,,,,,,,,69.8,80.7,94.4,2025年3月1日～2026年2月28日,"正規労働者、非正規労働者ともに制度上で男女の区別はございません。
パート・有期雇用の差異は女性従業員と比べ、男性従業員が夜間帯の勤務等が多いことが影響しております。
今後、積極的な女性管理職活躍を計画的に推進していきます。",2026年2月時点,2026年06月01日
9057,8080401017124,遠州トラック株式会社,,,,,,,,,,,,,64,,,,,,,,,,,66.2,77.2,69.8,2025年4月1日～2026年3月31日,,2026年4月時点,2026年06月10日
5724,7380001004435,株式会社アサカ理研,18.2,対象正社員,,,,,,,,,,,,正社員,66.9,,,,,,,,,80.5,80.3,85.4,2024年10月1日～2025年9月30日,,2025年9月時点,2026年01月23日
3824,1290001018160,メディアファイブ株式会社,3.4,対象正社員,,,,,,,,,,,68.1,正社員,68.1,,,,,,,,,87,87,,2025年6月1日～2026年5月31日,,2026年5月時点,2026年07月29日
3439,9180001001260,株式会社三ツ知,,,,,,,,,,,,,,全社員,67.8,,,,,,,,,,,,,,2023年6月時点,2023年07月31日
8383,2270001000870,株式会社　鳥取銀行,14.5,対象正社員,営業職,16.9,事務職,7.5,嘱託,14.1,パートタイマー,1.3,,,,正社員,83.3,,,,,,,,,58,64.8,84,2025年4月1日～2026年3月31日,,2026年3月時点,2026年06月22日
2668,8120001020754,タビオ株式会社,,,,,,,,,,,,,,,,,,,,,,,,55.5,69.6,64.4,2025年3月1日～2026年2月28日,"基本給、諸手当の合計金額（通勤手当含まず）
対象者：正社員、契約社員、アルバイト（短時間アルバイト含む）",2026年3月時点,2026年05月01日
7975,1120001077594,株式会社リヒトラブ,,,,,,,,,,,,,70.3,全労働者,70.3,正社員,64.7,パート・有期雇用,82.2,,,,,64.8,79.8,73.6,2025年3月1日～2026年2月28日,,2026年2月時点,2026年05月11日
7955,6011501006231,クリナップ株式会社,24.7,対象正社員,,,,,,,,,,,,全社員,64.9,,,,,,,,,68,67.6,78.5,2025年4月1日～2026年3月31日,,2026年3月時点,2026年07月31日
2818,3290001018662,株式会社　ピエトロ,,,,,,,,,,,,,72.2,,,,,,,,,,,69.9,80.8,89.7,2025年4月1日～2026年3月31日,"正規雇用労働者‥正社員
非正規雇用労働者‥パートタイム・有期社員

※有期社員には契約社員・嘱託社員を含む",2026年3月時点,2026年07月16日
3768,5010001075531,リスクモンスター株式会社,19.4,基幹的な職種,正社員,19.4,限定正社員,16.5,無期（ﾌﾙ勤務）,6.4,無期（時短）,0,有期（ﾌﾙ勤務）,12.6,75.3,,,,,,,,,,,78.5,82,74,2025年4月1日～2026年3月31日,,2026年3月時点,2026年07月02日
372A,2080001005740,株式会社レント,,,,,,,,,,,,,,,,,,,,,,,,71.2,69.7,59.5,2024年6月1日～2025年5月31日,,2025年5月時点,2025年09月22日
6989,6230001005201,北陸電気工業株式会社,3.3,対象正社員,,,,,,,,,,,,対象となる労働者すべて,85.2,,,,,,,,,77.4,78,74.3,2025年4月1日～2026年3月31日,,2026年3月時点,2026年05月12日
6899,2080401000184,ASTI株式会社,11.2,対象正社員,,,,,,,,,,,,正社員（定年再雇用者含む）,74.3,,,,,,,,,61.7,64,75.4,2025年4月1日～2026年3月31日,,2026年3月時点,2026年06月12日
9678,8430001003991,株式会社カナモト,,,,,,,,,,,,,,,,,,,,,,,,72.7,72,53.4,2024年11月1日～2025年10月31日,,2026年2月時点,2026年03月16日
5817,8122001015783,ＪＭＡＣＳ株式会社,,,,,,,,,,,,,,,,,,,,,,,,53.3,56.7,52.3,2024年3月1日～2025年2月28日,,2025年8月時点,2026年07月02日
9214,3011101068278,Ｒｅｃｏｖｅｒｙ　Ｉｎｔｅｒｎａｔｉｏｎａｌ株式会社,,,看護職,13.1,リハビリ職,9.2,事務職,21.4,看護 パート（無期雇用）,0,リハビリ・ パート（無期雇用）,0,,,,,,,,,,,,85.4,84,190.6,2025年1月1日～2025年12月31日,"当社は医療・リハビリの専門職が中心の職場であり、資格や職能に基づく公平な賃金体系を運用しています。
正社員雇用労働者につきましては、専門職が多数を占めるため男女の差異は小さい傾向にありますが、課長職以上の管理職に占める男性割合が女性より高いことが、現在の差異の主な要因です。引き続き女性のキャリア形成支援を推進してまいります。",2026年3月時点,2026年03月23日
4350,6430001025872,株式会社メディカルシステムネットワーク,8.4,対象正社員,本部職員　正社員,10.1,専門職員　正社員,5.5,,,,,,,,本部職員（正社員）,72.2,本部職員（契約･嘱託社員）,79.4,本部職員（パート社員）,71,専門職員（正社員）,70.5,専門職員（契約･嘱託社員）,115.7,69.1,72.2,49.6,2025年4月1日～2026年3月31日,"当社において、人事制度や賃金体系に男女の差はありません
男女の賃金の差異が生じている主な原因は、管理職や役職者の女性比率が低いことと、女性において勤務時間の短いパートタイマーの割合が多いことであります。",2026年3月時点,2026年07月13日
3201,2140001012193,日本毛織株式会社,5.2,基幹的な職種,,,,,,,,,,,,,,,,,,,,,,64.3,59.7,55.4,2024年12月1日～2025年11月30日,"対象期間 ： 2025年度（2024年12月1日～2025年11月30日）
賃 金 ： 労働者へ支給する支給金すべて
正規労働者 ： 正社員（管理職、総合職、専任職、地域限定総合職）
準社員（パルシニア）
非正規労働者 ： 嘱託社員、パルジュニア、パート、アルバイト
（当社からの出向者は含むが、他社から当社への出向者は含まない）",2025年11月時点,2026年06月02日
7442,9120001077505,中山福株式会社,,,,,,,,,,,,,,正社員,53.5,パート従業員,87.1,,,,,,,42.4,69.4,69.5,2025年4月1日～2026年3月31日,,2026年3月時点,2026年08月24日
3753,5011001032786,株式会社フライトソリューションズ,,,,,,,,,,,,,74.3,,,,,,,,,,,71.9,72.6,,2025年4月1日～2026年3月31日,,2025年3月時点,2026年06月03日
7115,8010401090648,株式会社アルファパーチェス,17,対象正社員,正社員,17,契約社員,13.8,パートタイマー,5.1,,,,,,直雇用社員,93.9,,,,,,,,,,,,,,2025年12月時点,2026年05月15日
7879,6010501010276,株式会社ノダ,,,,,,,,,,,,,,,,,,,,,,,,78.3,81.5,62.1,2024年12月1日～2025年11月30日,※非正規雇用労働者の内訳は、契約社員、パートタイマー、定年再雇用後の嘱託となっています。定年再雇用後に管理職として登用している者のうち男性社員が多いため、正規雇用労働者と比較して格差が大きくなっています。,2025年11月時点,2026年03月17日
E04170,8150001001652,奈良交通株式会社,,,,,,,,,,,,,,正社員,64,,,,,,,,,63.4,77.4,91.1,2025年4月1日～2026年3月31日,"・全労働者ではバス運転者が約50％を占め、そのうちの約80％が正規雇用の男性。男性は正規雇用が多数である一方、女性は正規雇用よりも飲食店舗などで非正規雇用が多いため、差異が生じております。
・パートタイム労働者については、正社員の所定労働時間に換算して平均年間賃金を算出しております。",2026年3月時点,2026年05月22日
6565,1180301027293,ＡＢホテル株式会社,,,,,,,,,,,,,,全従業員,64.2,,,,,,,,,55.1,60.7,99.6,2025年4月1日～2026年3月31日,全労働者において男女の賃金に差異が生じる主な要因は、勤務時間が比較的短いパート・有期労働者の女性が占める割合が79.8％であるためであります。,2026年3月時点,2026年07月23日
2917,1120001034595,株式会社　大森屋,17.2,対象正社員,,,,,,,,,,,,正規職員,55,その他,97,,,,,,,40,73.8,89.2,2024年10月1日～2025年9月30日,"賃金からは、通勤手当を除外しています。
女性労働者に占める非正規雇用労働者の比率が正規雇用労働者よりも高いために、
全労働者において大幅な賃金の差異となっております。",2025年12月時点,2025年12月25日
9950,4220001005352,株式会社ハチバン,,,,,,,,,,,,,,正規雇用,50.8,非正規雇用,58.4,,,,,,,65.1,78.3,99.7,2025年3月21日～2026年3月20日,"賃金：賞与を含み、通勤費は除く
正規雇用労働者　：正社員、契約社員、嘱託社員、時短社員
非正規雇用労働者：正規雇用労働者の所定労働時間（1日８時間）で換算した人員数を基に平均年間賃金を算出しています。",2026年3月時点,2026年05月21日
3447,9010001162433,信和株式会社,6,対象正社員,正社員,6,,,,,,,,,75,対象とする労働者すべて,75,,,,,,,,,,,,,,2025年3月時点,2025年11月27日
3529,4021001026648,アツギ株式会社,13.3,対象正社員,,,,,,,,,,,,正社員,59.2,契約社員,73.7,嘱託・パート,80,,,,,52.3,70.7,65.9,2025年4月1日～2026年3月31日,,2026年3月時点,2026年08月10日
9948,1430001018377,株式会社アークス,8.6,対象正社員,正社員,8.6,パートナー社員,2,嘱託・契約社員,0.8,,,,,,正社員,72.7,パートナー社員,95.2,嘱託・契約社員,100.3,,,,,58.1,71.2,49.4,2025年3月1日～2026年2月28日,,2026年2月時点,2026年07月02日
3317,5060001014864,株式会社フライングガーデン,38,対象正社員,,,,,,,,,,,,,,,,,,,,,,72.9,73,101.6,2025年4月1日～2026年3月31日,,2026年3月時点,2026年06月05日
8559,3320001002530,株式会社　豊和銀行,,,,,,,,,,,,,,,,,,,,,,,,61.5,49,56.6,2025年4月1日～2026年3月31日,,2026年3月時点,2026年06月15日
5038,1120001171257,株式会社ｅＷｅＬＬ,18,対象正社員,正社員,18,,,,,,,,,,正社員,74.1,,,,,,,,,74.9,74.9,,2025年1月1日～2025年12月31日,,2025年12月時点,2026年02月06日
8273,8240001000777,株式会社イズミ,12.1,対象正社員,正社員,12.1,パートナー社員,4.8,,,,,,,55.1,,,,,,,,,,,55.3,72,107.6,2025年3月1日～2026年2月28日,,2026年2月時点,2026年06月17日
9616,1010001014427,株式会社共立メンテナンス,19.5,対象正社員,,,,,,,,,,,,,,,,,,,,,,51.8,77.2,76.8,2025年4月1日～2026年3月31日,,2026年3月時点,2026年07月17日
2708,7013301002723,株式会社久世,,,,,,,,,,,,,,,,,,,,,,,,59,66.5,56,2025年4月1日～2026年3月31日,,2024年3月時点,2026年06月25日
9221,3180001022733,フルハシEPO株式会社,17.5,対象正社員,,,,,,,,,,,81.7,,,,,,,,,,,65.9,66.3,56.7,2025年4月1日～2026年3月31日,"・パート、有期労働者の人員について労働時間を基に換算し算出しております。
・賃金制度、体系において性別による差異はありません。
　男女の賃金の額の差異は主に男女間の管理職比率及び雇用形態の差異によるものです。",2026年3月時点,2026年07月01日
6070,2011101023151,キャリアリンク株式会社,,,無限定正社員,36,地域・業務限定社員,31.9,勤務地限定社員,27.8,契約社員,28.7,社内スタッフ,8,,無限定正社員,68.4,地域・業務限定正社員,64.7,勤務地限定正社員,105.2,契約社員,70.4,パートタイマー,89.8,80.7,87.4,95.5,2023年4月1日～2024年3月31日,"１．「女性の職業生活における活躍の推進に関する法律」（平成27年法律第64号）の規定に基づき算出したものであります。
２．労働者の男女の賃金の差異は、女性労働者の平均年間賃金÷男性労働者の平均年間賃金×100（％）として算出しています。また、平均年間賃金は、基準外賃金及び賞与を含んでおります。",2023年6月時点,2025年10月01日
2681,7180001074052,株式会社 ゲオホールディングス,12.1,その他,,,,,,,,,,,,正社員,68.7,,,,,,,,,60.1,67,91.3,2025年4月1日～2026年3月31日,"※上記は株式会社ゲオホールディングス単体

その他グループ会社について
・株式会社ゲオ
　　全労働者　52.9％　正規雇用労働者　76.2％ 非正規雇用労働者　95.5％
・株式会社ゲオストア
　　全労働者　80.7％　正規雇用労働者　81.6％　非正規雇用労働者　100.6％
・株式会社セカンドストリート
　　全労働者　78.3％　正規雇用労働者　87.9％　非正規雇用労働者　100.5％",2026年8月時点,2026年08月20日
E04113,8080001002864,静岡鉄道株式会社,,,正社員,14.7,職種限定等正社員,7.6,嘱託社員,7.1,,,,,,,,,,,,,,,,69.4,76.1,69.8,2025年4月1日～2026年3月31日,,2026年4月時点,2026年08月05日
5541,2010001008717,大平洋金属株式会社,,,,,,,,,,,,,,,,,,,,,,,,81.2,80,124.8,2025年4月1日～2026年3月31日,"【正社員】
　男性社員の比率が高く、また、男性社員の半分以上が交替勤務者、女性社員は100％常昼勤務者という勤務形態となっている。それにより、最も差異が生じている理由は、男性社員は給料面で残業手当・深夜手当・サンデープレミアム・祝日特別出勤手当等の交替勤務者には特別に支給される手当が分厚いのに対し、女性社員には特別な手当の支給が殆どないので、このような結果となっている。

【パート・有期社員】
　女性社員数名は、60才定年退職になるまで管理職として登用しており、60才以降も準管理職扱いとして嘱託契約しており、男性社員よりも女性社員が相対的に賃金が高いため、格差が生じている。",2026年3月時点,2026年06月24日
4198,3013301014169,株式会社テンダ,,,技術職,11.6,営業職,7.4,事務職,17.9,技術職（有期契約）,8.1,事務職（有期契約）,11.9,,営業職,59.3,技術職,65.8,事務職,61.7,,,,,,,,,,2026年5月時点,2026年07月30日
7444,1140001060846,ハリマ共和物産株式会社,,,,,,,,,,,,,,全従業員,78.5,,,,,,,,,41,73.6,61.7,2024年4月1日～2025年3月31日,"非正規雇用の労働者については、社会保険の適用拡大の影響もあり、女性パート社員でもフルパートの方が増えたため、前年比で格差が改善した。
ただし、全従業員で見ると、女性は圧倒的にパート社員が多く、まだまだ扶養内で勤務される方も非常に多いのが現状です。正社員が男性の割合が多い分、性別平均の差というのは大きくなってしまいます。",2025年4月時点,2025年07月18日
4102,5140001035506,丸尾カルシウム株式会社,9.2,対象正社員,,,,,,,,,,,,正社員,83.2,,,,,,,,,,,,,,2024年3月時点,2024年07月03日
6962,7140001043110,株式会社　大真空,12.2,その他,,,,,,,,,,,,,,,,,,,,,,76.1,77.7,56.9,2024年4月1日～2025年3月31日,,2024年12月時点,2025年08月29日
9039,6120101002720,株式会社サカイ引越センター,,,,,,,,,,,,,,正社員,62,,,,,,,,,90.6,71.1,180.4,2025年4月1日～2026年3月31日,,2026年4月時点,2026年07月27日
9885,6140001008568,株式会社シャルレ,0,対象正社員,,,,,,,,,,,,,,,,,,,,,,,,,,,2025年3月時点,2026年03月10日
4920,1010401022715,株式会社　日本色材工業研究所,,,,,,,,,,,,,,,,,,,,,,,,57.8,76.6,51.7,2025年3月1日～2026年2月28日,,2026年2月時点,2026年06月18日
4491,8120001028938,コンピューターマネージメント株式会社,,,,,,,,,,,,,,,,,,,,,,,,80.6,82.1,54.7,2025年4月1日～2026年3月31日,,2025年3月時点,2026年07月22日
4931,5290001023017,新日本製薬株式会社,,,,,,,,,,,,,,,,,,,,,,,,55.3,71.2,94.7,2024年10月1日～2025年9月30日,"事業年度：2023年10月～2024年９月

賃金：基本給、超過労働に対する報酬、賞与等を含み、退職手当、通勤手当等を除く
正社員：出向者については、当社から社外への出向者を除き、他社から当社への出向者を含む
パート・有期社員：期間工、パートタイマー、嘱託を含み、派遣社員を除く",2025年9月時点,2026年02月17日
7938,4040001034188,株式会社リーガルコーポレーション,1.9,対象正社員,,,,,,,,,,,,総合職,66.9,,,,,,,,,80,77.5,35.5,2025年4月1日～2026年3月31日,非正規雇用労働者の賃金差異が大きいのは、当社執行役員が含まれているためです。,2026年3月時点,2026年07月01日
9799,7010001035087,旭情報サービス株式会社,12.9,対象正社員,正社員,12.9,契約社員（有期）,5.7,,,,,,,75.9,,,,,,,,,,,87.4,88,54,2025年4月1日～2026年3月31日,"・対象期間：2025年4月1日～2026年3月31日
・非正規雇用労働者：契約社員、パートが該当。
　パート労働者については、正社員の所定労働時間（1日8時間）で換算した人員数を基に平均年間賃金を算出している。
・賃金：通勤手当等を含む",2026年3月時点,2026年07月02日
5997,2290001038257,協立エアテック株式会社,,,,,,,,,,,,,,,,,,,,,,,,59.9,61.5,49,2025年1月1日～2025年12月31日,"通勤手当（非課税分）は賃金から除外しています。
女性労働者の多くは、働き方として総合職（転勤・残業あり）より一般職（転勤・残業なし）を選択されています。",2026年3月時点,2026年03月03日
8198,1080101006499,マックスバリュ東海株式会社,9.2,対象正社員,正社員,9.2,,,,,,,,,69.6,正社員,53.7,フレックス社員（アルバイト含む）,72.7,,,,,,,75,82.2,108.8,2025年3月1日～2026年2月28日,,2026年2月時点,2026年08月21日
7987,4120001086023,ナカバヤシ株式会社,,,,,,,,,,,,,69,全雇用区分,69,,,,,,,,,54.1,72.6,80.1,2025年4月1日～2026年3月31日,"非正規雇用者（アルバイト除く）のうち、
週20時間未満の労働者は0.5人で計算",2026年3月時点,2026年06月09日
6224,2120001044197,株式会社JRC,13,その他,,,,,,,,,,,,,,,,,,,,,,67.9,68.6,74.8,2025年3月1日～2026年2月28日,,2026年3月時点,2026年04月01日
E04244,2110001027748,佐渡汽船株式会社,2,対象正社員,,,,,,,,,,,,,,,,,,,,,,59.9,67.1,132.9,2025年1月1日～2025年12月31日,,2025年12月時点,2026年03月16日
E04129,5080401000702,遠州鉄道株式会社,16.3,対象正社員,正社員（事務職）,12.6,正社員（運輸職）,26.3,正社員（介護職）,11.1,正社員（エスポ職）,10.1,,,,正社員,63.5,,,,,,,,,69.8,67.9,90.2,2025年4月1日～2026年3月31日,"賃金差の主要因は介護事業に従事する女性従業員が多く、男性に対し女性の勤続年数が浅く、平均年齢も若いことによる。
また管理職クラスに占める女性の比率が低く、女性管理職比率の向上は課題として捉えている。
担当職・監督職・管理職の同一クラスにおける男女間の賃金差は下記の通り。

担当職・・・80.3%
監督職・・・78.0%
管理職・・・92.8%

※上記非正規雇用労働者の賃金差異については正規雇用労働者の所定労働時間をもとに人員数を換算し算出したもの
※当社から他社への出向者・他社から当社への出向者は算定から除外",2026年3月時点,2026年05月28日
9679,9010001108279,ホウライ株式会社,,,,,,,,,,,,,,,,,,,,,,,,61.1,68,55.9,2024年10月1日～2025年9月30日,,2025年9月時点,2026年01月27日
8040,8010401020803,株式会社　東京ソワール,4.6,対象正社員,,,,,,,,,,,,正社員,75.3,,,,,,,,,44.1,42.3,77.5,2025年1月1日～2025年12月31日,,2025年12月時点,2026年05月08日
3038,5140001044630,株式会社　神戸物産,,,,,,,,,,,,,,正社員,84.1,,,,,,,,,54,70.4,122.4,2024年11月1日～2025年10月31日,,2025年11月時点,2026年02月26日
7120,7010501036634,株式会社SHINKO,,,,,,,,,,,,,,,,,,,,,,,,75.4,79.5,64.1,2025年4月1日～2026年3月31日,"対象期間：2025年事業年度（2025年4月1日～2026年3月31日まで）
賃金：基本給・超過労働に対する報酬・賞与等を含み、通勤手当等を除く
正規雇用労働者：社外への出向者を含む
非正規労働者：嘱託社員・無期転換社員・臨時雇用者及びパートタイマー
　　　　　　　※パートタイマーはフルタイム換算をせず、実際に支給した賃金に基づき算出",2026年6月時点,2026年07月01日
6964,8100001015608,株式会社サンコー,,,,,,,,,,,,,,,,,,,,,,,,68.4,72.9,68.6,2024年4月1日～2025年3月31日,,2023年3月時点,2025年12月24日
3028,7180001024676,株式会社アルペン,11.1,対象正社員,正社員,11.1,契約社員,10.3,パート労働者,0.6,,,,,,,,,,,,,,,,66.4,80.3,91,2024年7月1日～2025年6月30日,"正規雇用には、正社員の他、無期雇用契約社員を含みます。
非正規雇用に有期雇用契約社員、嘱託社員、パートタイマー労働者を含みます。
パートタイマー労働者については、正社員の所定労働時間で換算した人員数を基に平均年間賃金を算出しております。賃金制度・体系において性別による差異はありません。男女の賃金の差異は主に男女間の管理職比率および雇用形態の差異によるものです。
非正規雇用労働者のうちパートタイマー労働者のみの男女の賃金格差は102.9％です。",2025年6月時点,2025年11月27日
6138,6120001020814,ダイジェット工業株式会社,,,,,,,,,,,,,,,,,,,,,,,,65.4,68,63.1,2025年4月1日～2026年3月31日,,2026年3月時点,2026年08月10日
2961,8010801009041,日本調理機株式会社,,,,,,,,,,,,,,,,,,,,,,,,69.5,71.4,103.6,2024年10月1日～2025年9月30日,,2025年11月時点,2025年11月27日
7606,1011001028441,株式会社ユナイテッドアローズ,0.5,その他,正社員,0.5,契約社員,0.6,,,,,,,73.3,,,,,,,,,,,73.6,77.7,80.9,2025年4月1日～2026年3月31日,"【算出条件】
・賃金：基本給、超過労働に対する報酬、賞与、手当等の総支給額
・正社員：当社から社外への出向者は除く
・パート・有期社員：派遣社員は除く

【差異についての補足説明】
・非正規女性のアルバイトの増加、非正規男性の定年再雇用の身分変更等により、
　非正規男性の年間平均賃金（非正規の総賃金÷非正規の人員数）が増えたことによる、差異が生じていると考えられる",2026年3月時点,2026年08月04日
7191,6010001133718,株式会社イントラスト,23.5,対象正社員,正社員,23.5,契約社員,13.7,パートタイム社員,3.6,,,,,87.5,正社員,81.2,契約社員,94.1,パートタイム社員,97.1,,,,,54.4,67.2,76.5,2025年4月1日～2026年3月31日,,2026年3月時点,2026年06月19日
3955,1120001074740,株式会社イムラ,14.6,対象正社員,,,,,,,,,,,,,,,,,,,,,,69.1,69.7,86.5,2025年2月1日～2026年1月31日,"賃金：基本給、各種手当、超過労働に対する報酬、賞与等を含み、退職手当、通勤手当を除く。
正規雇用：正社員、当社から社外への出向者を含み、他社から当社への出向者を除く。
非正規雇用：パートタイマー、嘱託社員、契約社員を含み、派遣社員を除く。

※なお、パート労働者についてはフルタイム労働者の所定労働時間（8時間/日）をもとに人員数の換算を行っております。",2026年1月時点,2026年02月17日
7279,1140001081875,株式会社ハイレックスコーポレーション,11,対象正社員,総合職（スタッフ）,9.1,総合職（製造）,14.2,,,,,,,,総合職（スタッフ）,62.9,総合職（製造）,57.3,,,,,,,50.7,63.6,43.5,2024年11月1日～2025年10月31日,・有期労働者(嘱託再雇用者）の再雇用前の雇用形態差により、男女間賃金差異増加,2025年11月時点,2026年03月17日
7883,9200001013658,サンメッセ株式会社,,,総合職,23.2,事務技術技能職,15,,,,,,,,,,,,,,,,,,54.4,72.9,92.9,2025年4月1日～2026年3月31日,,2026年3月時点,2026年08月21日
9060,3010701007868,日本ロジテム株式会社,,,,,,,,,,,,,,,,,,,,,,,,61.5,72,90.7,2023年4月1日～2024年3月31日,,2024年3月時点,2024年06月10日
3911,7011101060669,株式会社Aiming,11.7,基幹的な職種,,,,,,,,,,,,,,,,,,,,,,82.8,81.3,88.7,2025年1月1日～2025年12月31日,短時間勤務労働者については、所定労働時間（40時間/週）を基に人員数を換算,2025年12月時点,2026年04月23日
3435,2040001040188,サンコーテクノ株式会社,,,,,,,,,,,,,,,,,,,,,,,,74.6,77.6,59.6,2025年4月1日～2026年3月31日,,2026年3月時点,2026年06月04日
2594,4010401007523,キーコーヒー株式会社,15.3,対象正社員,正社員,15.3,,,,,,,,,57.3,正社員,57.3,,,,,,,,,50.9,70.5,77.4,2025年4月1日～2026年3月31日,"正規・非正規のそれぞれの差分より全労働者の差分が開いてしまう原因：
①人数の多い「正規の男性の賃金」と「非正規の女性の賃金」の差があるため。
②非正規労働者には　短時間勤務労働者（週の所定労働時間が40時間未満の時給支給者）を含み、人員数に対して時間換算行っていないため。",2026年7月時点,2026年08月20日
7811,8120001024730,中本パックス株式会社,,,,,,,,,,,,,,,,,,,,,,,,71.8,72.2,48.9,2025年3月1日～2026年2月28日,"・対象期間：2025年3月1日～2026年2月末日
・賃金：基本給、各種手当、賞与等を含み、退職金、通勤手当を除く
・正規労働者：出向者を除く
・非正規労働者：派遣社員を除く
差異についての補足説明：
（１）正規労働者
・女性の平均勤続年数が短い
・管理職の女性比率が少ない
（２）非正規労働者（有期契約者）
・男性と比較し、女性の短時間勤務者が多い（扶養範囲内で勤務）",2026年2月時点,2026年06月05日
6111,7180001079431,旭精機工業株式会社,,,,,,,,,,,,,,対象とする労働者すべて,80.4,,,,,,,,,71.9,74.2,71.5,2025年4月1日～2026年3月31日,"①男性の賃金に対する女性の賃金の割合を示しております。
②賃金は性別に関係なく同一の基準を適用しております。またパート有期雇用労働者については、職務給を採用しており同一職務で男女の賃金の差異はありません。
③賃金の差異の主な要因は、男女の役職者の人数及び勤続年数等の違いによるものです。",2026年3月時点,2026年08月05日
5942,4013401002394,日本フイルコン株式会社,,,,,,,,,,,,,,全社員,68.4,,,,,,,,,74.2,76.4,70.8,2024年12月1日～2025年11月30日,"・対象期間：2025年度（2024年12月1日から2025年11月30日まで）
・正規雇用労働者：正社員（管理職・一般職）　
・非正規雇用労働者：契約社員（月給・時給）、パートタイマー、嘱託社員

正規雇用労働者の男女の賃金差異の要因は、過去女性が管理職および管理職候補（一般職のうち上級職）となる前に離職することが多かったことなどが挙げられます。
当社では、女性が長く働き続けられるよう、以下の取り組みを進めております。
・短時間勤務の対象となる子の年齢の引き上げや看護休暇の有給化等の両立支援制度を拡充。
・管理職候補育成への取り組みとして研修の充実。
・女性社員の職域拡大。
・多様な人材活躍推進委員会設置（2022年12月）
・従業員満足度調査により、女性・若手社員含めた多様な人材の活躍を推進するための課題抽出、対応に着手。


なお、男女の処遇に差は設けておらず、各等級、区分における男女の賃金差異は以下のとおりです。
部長級以上：98.6％
課長級：78.8％
上級職：86.4％
中級職：94.1％
初級職：89.2％
専門職：－
シニア社員：73.9％（年度末時点60歳以上の正社員）

※社員の内、課長級の男女賃金差異割合が他の等級に比べ低い理由は、育児休業中の女性課長職がいる影響です。
※専門職は、2022年12月に新設した枠組みで、人員数が全正社員の１％程度と少なく、かつ現在女性社員に該当者はいません。
非正規雇用労働者の男女の賃金差異の要因は、非正規雇用労働者のうち、定年再雇用嘱託社員に女性が少ないことが挙げられます。",2026年2月時点,2026年02月19日
9474,5290801002046,株式会社ゼンリン,5.8,対象正社員,正社員,5.8,,,,,,,,,,正社員,71.1,,,,,,,,,76.5,78.8,71.8,2024年4月1日～2025年3月31日,,2025年3月時点,2025年09月22日
7325,6010001065944,株式会社アイリックコーポレーション,6.8,対象正社員,店舗ー正社員,7,本社ー正社員,6.4,パート,0.1,契約社員,0.9,,,,,,,,,,,,,,70.1,75.1,45,2024年7月1日～2025年6月30日,"・非正規雇用労働者については、フルタイム労働者の週の所定労働時間（40時間/週）をもとに人員数の換算を行っています。
・非正規雇用労働者における賃金格差の主たる要因は、高度な専門家・管理職比率の男女間差異によるもの
です。",2025年6月時点,2026年03月27日
6408,1070001015725,小倉クラッチ株式会社,,,,,,,,,,,,,,,,,,,,,,,,76.7,75,88.4,2025年4月1日～2026年3月31日,"全労働者及び正規雇用労働者は、当社から社外への出向者を除き、社外から当社への出向者を含んだものです。
非正規雇用労働者は、パートタイマー及び臨時工を含み、派遣社員を除いています。",2026年3月時点,2026年06月04日
E03189,5180301002689,株式会社ドミー,,,,,,,,,,,,,,,,,,,,,,,,63.6,66.8,86.6,2024年6月1日～2025年5月31日,,2025年5月時点,2025年11月19日
8077,7120001048994,トルク株式会社,,,,,,,,,,,,,,,,,,,,,,,,65.9,66.8,64.5,2024年11月1日～2025年10月31日,"全労働者において、男性のほうが勤続年数が長い労働者が多いです。
正規労働者において、女性は短時間勤務をしている労働者が在籍しています。",2026年4月時点,2026年08月04日
7513,2060001001667,株式会社コジマ,15.6,基幹的な職種,正社員,15.6,,,,,,,,,,正社員,64.1,,,,,,,,,50.4,83.6,86.5,2024年9月1日～2025年8月31日,,2025年8月時点,2025年11月12日
3945,8013301005766,スーパーバッグ株式会社,,,,,,,,,,,,,,全労働者,64.8,,,,,,,,,60.7,72.3,28.9,2025年4月1日～2026年3月31日,,2026年3月時点,2026年06月02日
9827,2011101022797,リリカラ株式会社,,,,,,,,,,,,,58.5,,,,,,,,,,,66,73,78,2024年1月1日～2024年12月31日,"・対象期間：令和6事業年度（2024年1月1日～2024年12月31日）
・賃金：基本給、諸手当、賞与等を含み、退職金、通勤手当を除く
※パートは、正社員の所定労働時間（1日8時間）で換算した人員数にて算出。",2024年12月時点,2025年06月25日
E03600,3140001055984,株式会社但馬銀行,10,対象正社員,正社員,10,契約社員,4,パート,0,派遣労働者,0,,,,正社員・契約社員,68.4,パート,82.3,,,,,,,65.5,71.9,64.9,2025年4月1日～2026年3月31日,,2026年3月時点,2026年06月04日
7619,8010701005900,田中商事株式会社,,,,,,,,,,,,,,,,,,,,,,,,76.9,77.5,69.8,2025年4月1日～2026年3月31日,,2026年7月時点,2026年08月17日
5971,1220001011873,株式会社共和工業所,,,,,,,,,,,,,83,,,,,,,,,,,85.1,84.8,,2025年5月1日～2026年4月30日,非正規雇用労働者については女性の在籍がないため、比較対象がなく算出していません。,2026年6月時点,2026年06月09日
2933,4010001041880,株式会社紀文食品,18.3,対象正社員,,,,,,,,,,,,,,,,,,,,,,73.4,74.1,81.2,2025年4月1日～2026年3月31日,,2026年3月時点,2026年07月29日
7427,4140001068093,エコートレーディング株式会社,9.9,対象正社員,,,,,,,,,,,,正社員,28.4,契約社員,35.7,パートタイマー,43.3,,,,,46.1,75.7,63.7,2025年3月1日～2026年2月28日,"対象期間：令和6年度（2024年3月1日から2025年2月29日まで）
賃金：基本給、超過労働に対する報酬、賞与等を含み、退職手当・非課税通勤手当等を除く。
正社員：各グループ会社への出向者を含む。
パート・有期社員：パートタイマー、嘱託を含み、派遣社員を除く。",2026年2月時点,2026年04月02日
9729,8200001003544,株式会社トーカイ,,,,,,,,,,,,,,全従業員,74.6,正社員,67.4,非正規社員,81.2,,,,,60.3,67.3,90.1,2025年4月1日～2026年3月31日,"■正規雇用労働者の内訳
　　執行役員・正社員　　　　　　　　　　７３．４％
　　地域限定社員　　　　　　　　　　　　８３．６％
　　無期転換かつフルタイムの臨時従業員　９１．２％

■当社では、グループを含め、採用・評価・登用等に関し、性別や年齢などの属性に関わらず、　個人の成果や成長に基づいた処遇を行っています。
　賃金差異の主要因は、正社員と地域限定社員、臨時従業員で求められる役割が異なることによる処遇差があること、臨時従業員に女性が多いことによります。",2026年4月時点,2026年07月21日
4197,2010901015886,株式会社アスマーク,,,,,,,,,,,,,,,,,,,,,,,,64.2,76.7,99.9,2023年12月1日～2024年11月30日,"賃金:基本給、固定時間外労働手当、賞与等を含み、通勤手当等を除く。
非正規雇用労働者:パートタイマーを含み、派遣社員を除く。",2025年9月時点,2025年10月28日
2418,2011001035049,株式会社ツカダ・グローバルホールディング,11.4,対象正社員,,,,,,,,,,,,,,,,,,,,,,69.5,73.6,32.6,2025年1月1日～2025年12月31日,,2025年12月時点,2026年01月22日
2483,1120001089458,株式会社翻訳センター,20,対象正社員,,,,,,,,,,,,,,,,,,,,,,78.4,83,67.3,2025年4月1日～2026年3月31日,"※正規、非正規ともに、月途中での入社、退職、休職、復職者は除いて算出しています。
※正規、非正規ともに、時短勤務者は換算した人数で算出しています。",2026年3月時点,2026年05月29日
6549,9012401014057,ディーエムソリューションズ株式会社,19.7,対象正社員,営業職,22.6,業務職,15.9,技術職,10.4,事務職,6.6,,,,,,,,,,,,,,66.5,70,87.1,2025年4月1日～2026年3月31日,"・対象期間：令和７事業年度（令和７年４月１日から令和８年３月31日まで）
・賃金：基本給、超過労働に対する報酬、賞与等を含み、退職手当、通勤手当等を除く。
・正社員：正社員のみを集計。当社で賃金を支給している出向者を含む。
・パート・有期社員：有期契約の労働者、パートタイマーを含み、派遣社員を除く。
※なお、パート労働者については、フルタイム労働者の所定労働時間（1日8時間）を基に人員数の換算を行っている。

◆差異についての補足説明
＜正社員＞
当社の管理職に占める女性の割合は14.1％であり、正社員における男女の賃金の差異の要因となっている。
管理職への女性登用を積極的に推進していく。",2026年4月時点,2026年06月04日
7183,9010401049214,あんしん保証株式会社,15.9,対象正社員,,,,,,,,,,,88.6,,,,,,,,,,,67.6,64.1,83.6,2025年4月1日～2026年3月31日,,2026年3月時点,2026年08月24日
7746,2040001065334,岡本硝子㈱,,,,,,,,,,,,,,,,,,,,,,,,81.7,85.6,77.8,2025年3月21日～2026年3月20日,,2026年4月時点,2026年06月01日
9252,2010001147267,株式会社ラストワンマイル,8.1,基幹的な職種,,,,,,,,,,,,,,,,,,,,,,69.4,72.9,83.5,2024年9月1日～2025年8月31日,,2025年8月時点,2026年03月30日
2341,8010001084372,株式会社アルバイトタイムス,23,対象正社員,,,,,,,,,,,,正社員（総合職）,73.6,,,,,,,,,44.7,75.6,93.5,2024年3月1日～2025年2月28日,全労働者に占める短時間勤務者の割合は50％。短時間勤務者の97％が女性労働者のため、全労働者の女性賃金比率が低くなっている。,2025年2月時点,2026年03月16日
5279,3470001011236,日本興業株式会社,14.5,対象正社員,,,,,,,,,,,73.3,,,,,,,,,,,82.6,84.7,65.9,2025年4月1日～2026年3月31日,,2026年3月時点,2026年07月27日
7624,6011501003393,株式会社ＮａＩＴＯ,18.8,対象正社員,,,,,,,,,,,,対象とする労働者すべて,60.2,,,,,,,,,68.8,67.4,59.8,2025年3月1日～2026年2月28日,,2026年4月時点,2026年04月15日
2791,8260001013868,大黒天物産株式会社,,,正社員,30.9,社会保険加入パート,18.5,,,,,,,,正社員,56,パート,65,,,,,,,83.6,80.1,96.2,2024年6月1日～2025年5月31日,男女の賃金差異はありません。勤務時間数による差異がほとんどのウエイトを占めています。,2025年5月時点,2025年08月13日
2208,6110001017563,株式会社　ブルボン,15.9,対象正社員,,,,,,,,,,,86.6,,,,,,,,,,,72.3,75.2,65.6,2025年4月1日～2026年3月31日,,2026年3月時点,2026年06月25日
8127,3120001077584,ヤマト インターナショナル株式会社,6.3,対象正社員,契約(嘱託)社員,1.1,アルバイト･パート,0.1,,,,,,,,対象とする労働者すべて,93.5,,,,,,,,,53,82.5,71.7,2024年9月1日～2025年8月31日,"◆対象期間：2024年9月1日～2025年8月31日
◆正規労働者：正社員
　非正規労働者：準社員、嘱託、アルバイト、パート
◆平均年齢：
　正規労働者　男性　45.0歳　女性　37.5歳
　非正規労働者　男性　53.1歳　女性　56.0歳
◆平均勤続年数
　正規労働者　男性　20.3年　女性　13.4年
　非正規労働者　男性　27.7年　女性　9.0年
◆人員構成（全労働者に占める割合）
　男性・総合職　9.6％　女性・総合職　 6.7％
　男性・一般職　 1.6％　女性・一般職　 2.3％
　男性・販売職　 0.2％　女性・販売職　79.6％
◆職種における男女の賃金の差異
　総合職 　91.6％
　一般職  130.2％
　販売職　 67.8％",2025年8月時点,2025年09月22日
4750,8120001083116,株式会社ダイサン,16.9,対象正社員,,,,,,,,,,,,全社員,61.7,,,,,,,,,74.7,74.2,76.4,2024年4月21日～2025年4月20日,,2025年6月時点,2025年08月06日
2163,6140001047590,株式会社アルトナー,16.8,対象正社員,専門技術職,16.9,スタッフ職,15.4,派遣労働者,6.8,,,,,88.1,専門技術職,89.6,スタッフ職,67.9,,,,,,,90.6,95.6,58.6,2025年2月1日～2026年1月31日,非正規雇用労働者には、定年退職後の継続雇用者を含んでいることにより賃金差異が大きくなっております。,2026年1月時点,2026年04月27日
9256,7011101037139,株式会社サクシード,,,,,,,,,,,,,,正社員,67.8,,,,,,,,,87.3,89.3,126.6,2025年4月1日～2026年3月31日,,2026年6月時点,2026年07月22日
3395,4260001004499,株式会社サンマルクホールディングス,30,基幹的な職種,社員,30,,,,,,,,,,社員,29.3,,,,,,,,,72,71.2,99.8,2025年4月1日～2026年3月31日,,2026年3月時点,2026年07月27日
7896,1200001017170,セブン工業株式会社,29.3,対象正社員,正社員,29.3,非正規社員,22.8,,,,,,,,正社員,52.8,非正規社員,74.7,,,,,,,80.1,73.6,91.5,2025年4月1日～2026年3月31日,,2026年3月時点,2026年05月28日
8011,1010401075845,株式会社三陽商会,9.5,基幹的な職種,,,,,,,,,,,,基幹的な職種,64,,,,,,,,,72.2,71.8,82.9,2025年3月1日～2026年2月28日,,2026年2月時点,2026年06月03日
7255,9080401001936,株式会社　桜井製作所,17.8,その他,,,,,,,,,,,,,,,,,,,,,,,,,,,2026年3月時点,2026年06月11日
3422,7200001014294,株式会社J-MAX,,,,,,,,,,,,,,全労働者,68.9,,,,,,,,,83.1,73.3,106.8,2025年4月1日～2026年3月31日,,2026年3月時点,2026年05月14日
2169,9180301001381,ＣＤＳ株式会社,11.1,対象正社員,正社員,11.1,有期契約社員,12.3,無期契約社員,14.3,嘱託社員,5.8,,,81.1,,,,,,,,,,,74.7,74.1,73.3,2025年1月1日～2025年12月31日,,2024年12月時点,2026年07月02日
5974,6240001006578,中國工業株式会社,,,,,,,,,,,,,74.3,正社員,72.9,,,,,,,,,,,,,,2026年3月時点,2026年06月16日
9942,3320001001417,株式会社ジョイフル,,,,,,,,,,,,,,,,,,,,,,,,34.4,82.7,127.3,2024年7月1日～2025年6月30日,,2025年6月時点,2025年09月17日
4694,7011001019237,株式会社ビー･エム･エル,11.9,対象正社員,,,,,,,,,,,73,,,,,,,,,,,71.8,76.3,82.7,2025年4月1日～2026年3月31日,"人事制度上、性別差異はないものの、以下を主要因として賃金格差が生じている。
１.正規雇用労働者
　 (1)勤続年数差異（過去において女性の継続就業比率が相対的に低かったことによる影響）
　 (2)昇進差異（女性の登用比率が低かったことによる影響）
　 (3)非正規職員数差異（無期雇用、フルタイムの契約職員に占める女性比率が高いことによる影響）

２．非正規雇用労働者
　 (1)就業時間差異（パートタイムで就業する女性比率が高いことによる影響）",2026年3月時点,2026年06月22日
343A,7010001128717,株式会社ＩＡＣＥトラベル,24,対象正社員,,,,,,,,,,,64.7,,,,,,,,,,,,,,,,2026年6月時点,2026年06月24日
6233,7140001038325,KLASS株式会社,10.5,対象正社員,正規雇用,11.1,非正規雇用,1,,,,,,,,正社員,69,,,,,,,,,66,72.4,30.6,2024年10月1日～2025年9月30日,女性活躍推進の立場から女性社員の採用を増やした結果、勤続年数の少ない正社員が増え相対的に賃金水準が低くなっている。また、非正規社員については、女性はパート社員の割合が大きく、男性は定年後フルタイムで再雇用勤務している賃金水準の高い労働者が多いことが原因と考える。,2025年12月時点,2025年12月22日
2907,4240001000392,株式会社　あじかん,,,,,,,,,,,,,,,,,,,,,,,,54.7,78.9,82.2,2025年4月1日～2026年3月31日,女性社員や管理職任用者が少ない事に加えて、非正規社員に占める女性比率が高い事が要因,2026年3月時点,2026年05月29日
7425,2180001039869,初穂商事株式会社,,,,,,,,,,,,,57.2,,,,,,,,,,,66.4,69.8,79.4,2025年1月1日～2025年12月31日,,2025年12月時点,2026年05月08日
3992,3011101025642,株式会社ニーズウェル,16.2,対象正社員,正社員,16.2,,,,,,,,,72.3,正社員,72.3,,,,,,,,,81.3,81.3,,2024年10月1日～2025年9月30日,,2026年1月時点,2026年01月23日
E01215,8050001011637,株式会社武井工業所,8.9,対象正社員,,,,,,,,,,,61.7,,,,,,,,,,,77.4,80.4,71.8,2025年7月1日～2026年6月30日,,2026年6月時点,2026年08月24日
7986,1010501003516,日本アイ・エス・ケイ株式会社,12.3,対象正社員,,,,,,,,,,,,,,,,,,,,,,66.4,71.8,69.9,2025年1月1日～2025年12月31日,,2025年12月時点,2026年03月30日
4960,6140001007611,ケミプロ化成株式会社,6.1,対象正社員,交替勤務従業員,6,日勤従業員,5,,,,,,,,交替勤務従業員,76,日勤従業員,72,,,,,,,81.1,81.1,,2024年4月1日～2025年3月31日,,2025年3月時点,2026年01月28日
5283,9100001001879,株式会社高見澤,,,,,,,,,,,,,,正社員,57.8,嘱託・パート等,63.7,,,,,,,70.2,81.5,72.8,2024年7月1日～2025年6月30日,,2025年6月時点,2025年10月01日
6570,1100001000797,株式会社共和コーポレーション,,,,,,,,,,,,,,,,,,,,,,,,64.8,81.6,94,2025年4月1日～2026年3月31日,,2026年3月時点,2026年08月20日
6325,4190001009381,株式会社タカキタ,,,,,,,,,,,,,,,,,,,,,,,,73.6,73.7,108.9,2025年4月1日～2026年3月31日,"・総賃金は、賞与及び基準外賃金を含む。
・正規雇用労働者の人員数は、他社への出向者を除き、他社からの出向者を含む。
・非正規雇用労働者の人員数は、契約社員・パート・アルバイトを含み、派遣社員を除く。

（注）パート労働者については、フルタイム労働者の所定労働時間（7時間50分/日）をもとに人員数の換算を行っております。",2026年3月時点,2026年05月29日
4242,4230001010335,株式会社タカギセイコー,8.2,対象正社員,,,,,,,,,,,,,,,,,,,,,,,,,,,2022年4月時点,2022年07月14日
5888,4122001021471,ＤＡＩＷＡ　ＣＹＣＬＥ株式会社,21,対象正社員,正社員,21,,,,,,,,,52.2,正社員,55.7,アルバイト,74,,,,,,,55.7,88.8,85.2,2025年2月1日～2026年1月31日,,2026年1月時点,2026年05月08日
5909,5110001014116,株式会社 コロナ,9.8,その他,,,,,,,,,,,77.1,,,,,,,,,,,72.5,73.4,69,2025年4月1日～2026年3月31日,,2026年3月時点,2026年07月03日
6327,7240001034181,北川精機株式会社,,,,,,,,,,,,,,全体,66.4,,,,,,,,,,,,,,2025年6月時点,2026年03月27日
5932,2230001010080,三協立山株式会社,13.1,対象正社員,,,,,,,,,,,,正社員,75.5,,,,,,,,,77.8,75.3,73.6,2025年6月1日～2026年5月31日,賃金制度、体系において性別による処遇差はなく、男女の賃金格差は管理職比率等の差異による。,2026年5月時点,2026年07月31日
2816,8010601023878,株式会社ダイショー,,,,,,,,,,,,,,,,,,,,,,,,61.4,74.4,86.8,2025年4月1日～2026年3月31日,パート労働者については、フルタイム労働者の所定労働時間をもとに人員数の換算を行っている。,2026年3月時点,2026年05月18日
6050,2010401066249,イー・ガーディアン株式会社,,,,,,,,,,,,,,,,,,,,,,,,84.7,92.6,91,2024年10月1日～2025年9月30日,"・当社では、正規・非正規労働者の区別なく、男女で賃金規程・制度上の差異を設けてはおりません。
・当社では、同様に、評価制度（昇進、昇給等）において男女で差異を設けてはおりません。
・正規労働者の男女差はなく、女性も活躍する職場であることが反映されていると考えます。
　引き続き、公表している女性活躍推進に関する行動計画を実行してまいります。
・非正規労働者の男女差は、主に深夜帯業務において男性の求人応募比率が高く、時給の割増の影響によるものです。
・全労働者とは、非正規労働者を含む全従業員です。",2025年9月時点,2026年01月06日
548A,2010001019680,株式会社システムエグゼ,17.9,対象正社員,,,,,,,,,,,,,,,,,,,,,,71.2,74.1,33.4,2025年4月1日～2026年3月31日,"※非正規雇用労働者：契約社員、パート、アルバイト

※差異についての補足
育児による女性の時短勤務の影響により男女の差が出ている。",2025年3月時点,2026年07月03日
5287,3140001003027,株式会社イトーヨーギョー,10.8,対象正社員,正社員,8.7,限定社員,1.6,契約社員,8.4,,,,,81.2,,,,,,,,,,,75.6,75.6,,2025年4月1日～2026年3月31日,"管理職に占める女性労働者の割合が8％程度であることから、賃金においても差異が生じております。
新卒・中途を問わず女性の採用にも力を入れており、今後も差異の縮小に向けて様々な取り組みを検討予定です。",2026年3月時点,2026年06月02日
9715,3011001041302,トランスコスモス株式会社,16.5,対象正社員,正社員,16.5,契約社員（常勤）,6.4,契約社員（非常勤）,0.4,,,,,87.4,全社員,87.4,,,,,,,,,67.3,79.8,76.7,2025年4月1日～2026年3月31日,"全従業員に占めるパート・有期の女性労働者の割合が高いため、追加情報を開示
　・正社員（管理監督者） 89.2％
　・正社員（一般職） 92.6％
　・契約社員（正規雇用） 97.1％
　・契約社員（非正規雇用） 89.3％",2026年6月時点,2026年07月02日
4625,5011401000351,アトミクス株式会社,,,,,,,,,,,,,,,,,,,,,,,,82,85.3,51.3,2025年4月1日～2026年3月31日,"・女性の新卒採用を強化した結果、前年よりも賃金水準の低い女性労働者が増加し、男女賃金格差が昨年より拡大した。
・非正規雇用労働者の構成が男性は契約社員とパートタイム、女性はパートタイムのみとなるため、賃金格差が大きい。",2026年3月時点,2026年04月08日
5592,7420001005379,株式会社くすりの窓口,25,対象正社員,,,,,,,,,,,,,,,,,,,,,,75.3,73.8,84.7,2024年4月1日～2025年3月31日,,2025年12月時点,2026年01月28日
3612,4140001024328,株式会社ワールド,,,,,,,,,,,,,56.5,,,,,,,,,,,79.8,80.3,73.4,2025年3月1日～2026年2月28日,,2025年5月時点,2026年06月18日
2217,2140001002665,モロゾフ株式会社,7.8,対象正社員,フルタイム・嘱託社員,7.8,ショートタイム社員,6.6,レギュラー契約社員,5.4,,,,,,正社員,55.6,,,,,,,,,62.1,68.9,87.3,2025年2月1日～2026年1月31日,,2026年4月時点,2026年05月11日
4615,7140001049181,神東塗料株式会社,,,,,,,,,,,,,,管理,73.6,営業,68.8,技術,70.2,生産,77,,,83.1,83.9,77.1,2025年4月1日～2026年3月31日,"対象期間：令和７年度（2025年4月から2026年3月まで）
賃金：退職手当、通勤手当等を除く。
正規雇用労働者：出向者については、当社から社外への出向者を除き、他社から当社への出向者を含む。",2026年3月時点,2026年04月07日
8219,1240001029674,青山商事株式会社,15.4,対象正社員,正社員,15.4,契約社員,0.9,パートタイマー,1.5,,,,,73.2,正社員,73.2,,,,,,,,,53,55.6,153.7,2025年4月1日～2026年3月31日,"■要因
①女性活躍によるポジティブな変化
　・役職者や管理職など上位等級への登用が進んだ
　・継続就業年数の向上
　　→ライフイベントを経験しても継続して就業する環境が整ってきたことで、勤続年数に比例して給与が高くなる中堅～ベテラン層が定着、増加
　・短時間勤務制度の拡充により働く時間が増加(6h、6.5h、7hの選択肢)
　・PNから社員への雇用形態変更者の安定

②男性側の働き方や人員構成による変化
　・長時間勤務の全体的な現象


■注釈
・正規雇用労働者及び非正規雇用労働者の算出方法は有価証券報告書の算出定義に準ずる
・長期傷病者や産前産後・育児休業取得者、中途入社社員など、1年を通じて勤務していない者は除く
・通勤手当など非課税分は除外",2026年3月時点,2026年05月18日
5962,8120101000268,浅香工業株式会社,,,,,,,,,,,,,,本社,82.9,北海道,79.8,関東,86.6,名古屋,57.7,福岡,51.4,,,,,,2026年3月時点,2026年04月10日
3541,5170001006371,株式会社農業総合研究所,,,,,,,,,,,,,78.1,,,,,,,,,,,,,,,,2024年8月時点,2025年09月02日
6928,5090001008079,株式会社エノモト,16,対象正社員,対象とする労働者全て,14.5,,,,,,,,,,対象とする労働者すべて,74.3,,,,,,,,,71.6,83.2,58.9,2025年4月1日～2026年3月31日,,2026年3月時点,2026年07月13日
2136,9020001015813,株式会社ヒップ,,,技術職,28.4,,,,,,,,,,技術職,83.1,,,,,,,,,85.5,85.6,26.2,2025年4月1日～2026年3月31日,非正規雇用労働者の区分の男性社員には、定年再雇用で賃金の高い技術職が多く含まれていることにより差異が生じております。,2026年4月時点,2026年06月18日
5247,4010701025456,株式会社ＢＴＭ,15.3,対象正社員,正社員（エンジニア職）,16.6,正社員（営業職）,17,正社員（事務職）,13.3,契約社員（エンジニア職のみ）,9.6,パートアルバイト,0,72.7,正社員,72.8,契約社員,63,パートアルバイト,79.2,,,,,86,91.4,,2025年4月1日～2026年3月31日,非正規雇用労働者は契約社員が男性のみ、パートアルバイトが女性のみのため算出不可。,2026年3月時点,2026年04月28日
2424,5180001085084,株式会社ブラス,,,ウェディングプランナー,26.5,ドレスコーディネーター,8.7,厨房,15.6,本社,8.5,,,,正社員,55.5,,,,,,,,,68.7,71.3,103.8,2024年8月1日～2025年7月31日,"賃金は性別に関係なく同一の基準を適用しております。男女間で平均年齢及び平均勤続年数に差があるた
め、賃金差異が生じておりますが、賃金制度において性別による差はありません。なお、正規雇用労働者と
非正規雇用労働者との差は平均年間賃金及び人数構成が主な要因であります。",2025年8月時点,2025年11月27日
9996,7370001005153,株式会社サトー商会,,,,,,,,,,,,,,,,,,,,,,,,57.7,77.7,59.9,2024年4月1日～2025年3月31日,,2025年3月時点,2025年10月28日
9639,8040001065642,三協フロンテア株式会社,16.2,対象正社員,,,,,,,,,,,,,,,,,,,,,,56,63.3,77.2,2025年4月1日～2026年3月31日,「女性の職業生活における活躍の推進に関する法律」（平成27年法律第64号）の規定に基づき算出したものであります。,2026年4月時点,2026年07月06日
3896,8480001000084,阿波製紙株式会社,,,,,,,,,,,,,92.8,正社員,92.8,,,,,,,,,84,83.8,65.1,2025年4月1日～2026年3月31日,,2026年3月時点,2026年07月01日
8562,4380001001393,株式会社　福島銀行,12,対象正社員,正社員（総合コース）,13.2,正社員（地域限定コース）,10.1,契約社員,3.4,アルバイト社員,0.4,パート社員,0,,正社員,51.9,契約社員,62.9,アルバイト社員,72,パート社員,23.3,嘱託社員,42.3,64.2,70.7,55.8,2025年4月1日～2026年3月31日,"１．総賃金は、賃金、給与、手当、賞与その他名称の如何を問わず、労働の対償として使用者が労働者に支払うものを基準としております。なお、退職金及び通勤手当（非課税の部分）は除いております。また本事業年度の期末退職者において翌月（次事業年度月）に支払いが発生したものは含め、前事業年度の期末退職者において翌月（本事業年度月）に支払いが発生したものは除いております。
２．平均年間賃金を求めるための人員数は、事業年度の期首から期末までの連続する給与支給の日の労働者の人数の平均を用いております。
３．男女の賃金の差異の割合は、女性の平均年間賃金を男性の平均年間賃金で除して100を乗じて得た数値（％）を表示しております。
４．男女の賃金の差異の割合及び割合を求める過程の各平均の数値においては、少数点第2位を四捨五入し、小数点第1位までを求めて算出しております。",2026年3月時点,2026年07月09日
6440,8013401006169,ＪＵＫＩ株式会社,,,総合社員(事務営業系),4.3,総合社員(技術),4,総合社員(製造),15.3,専門社員(フルタイム有期),7.7,専門社員(フルタイム無期),6.2,,,,,,,,,,,,81.8,83.2,61.6,2025年1月1日～2025年12月31日,"正社員：出向者については当社から社外への出向者含む(海外への出向者は除く)。
       他社から当社への出向者は除く。なお、乙欄者は除く。
非正規：有期社員（60歳定年後の再雇用者、役員を含む）、パートタイマー等で、
　　　　派遣社員は除く。乙欄者は除く。

賃金：基本給、超勤手当、賞与等を含み、退職手当、通勤手当を除く。",2025年12月時点,2026年07月06日
6439,9180301022576,中日本鋳工株式会社,,,,,,,,,,,,,45.6,,,,,,,,,,,54.9,64.8,48.2,2025年4月1日～2026年3月31日,,2026年3月時点,2026年08月20日
9216,6011101029715,ビーウィズ株式会社,27.5,基幹的な職種,正社員総合（オペレーション）,24.5,正社員総合（コーポレート）,22.5,正社員エリア,26.6,契約社員（無期）,13,契約社員（有期）,17.7,,正社員,67.3,契約社員,91.2,派遣社員,96.8,アルバイト,92.4,,,79.5,86.9,90.5,2024年6月1日～2025年5月31日,,2025年5月時点,2025年08月13日
7715,7010801008721,長野計器株式会社,6,基幹的な職種,,,,,,,,,,,,基幹的な職種,66.1,,,,,,,,,75.8,80.7,78.1,2024年4月1日～2025年3月31日,,2025年12月時点,2026年01月21日
3053,7010601023532,株式会社ペッパーフードサービス,,,,,,,,,,,,,,,,,,,,,,,,66.3,77.6,102,2025年1月1日～2025年12月31日,,2026年3月時点,2026年04月27日
9082,4010601039713,大和自動車交通株式会社,,,,,,,,,,,,,,,,,,,,,,,,62,72.3,47.7,2024年4月1日～2025年3月31日,,2025年3月時点,2025年09月04日
2353,8120001093305,日本駐車場開発株式会社,,,,,,,,,,,,,,,,,,,,,,,,88.7,79.7,78.2,2024年8月1日～2025年7月31日,,2025年7月時点,2025年09月09日
9279,3012301007868,株式会社ギフトホールディングス,,,,,,,,,,,,,,,,,,,,,,,,50.7,52.2,,2024年11月1日～2025年10月31日,非正規社員（男性）の在籍無,2025年10月時点,2026年02月02日
9853,6011201015210,株式会社銀座ルノアール,,,,,,,,,,,,,,,,,,,,,,,,65.9,82.7,103,2025年4月1日～2026年3月31日,2025年度,2026年3月時点,2026年06月30日
7863,5011601005828,株式会社平賀,28.6,対象正社員,正社員,29.1,,,,,,,,,,,,,,,,,,,,70.2,76.1,53.5,2025年4月1日～2026年3月31日,,2026年3月時点,2026年07月14日
6547,5190001014736,株式会社グリーンズ,9.6,対象正社員,正社員,9.6,,,,,,,,,75,管理職,54.4,非管理職,73,,,,,,,84.1,84.5,78.8,2025年7月1日～2026年6月30日,,2026年6月時点,2026年08月21日
2009,5290001055183,鳥越製粉株式会社,0,対象正社員,対象正社員,0,,,,,,,,,,,,,,,,,,,,,,,,,2025年12月時点,2026年03月05日
5579,6430001032588,株式会社GSI,,,,,,,,,,,,,,,,,,,,,,,,88.2,89.2,35.1,2025年4月1日～2026年3月31日,,2026年4月時点,2026年06月12日
2585,7120901008940,株式会社ライフドリンクカンパニー,,,,,,,,,,,,,,(対象とする労働者すべて),74,,,,,,,,,83.7,88.2,68.5,2025年4月1日～2026年3月31日,,2026年3月時点,2026年07月13日
7908,9011101005242,株式会社きもと,4.2,対象正社員,正社員,4.2,正社員以外の従業員,0.3,,,,,,,64.9,正社員,64.9,正社員以外の従業員,86.1,,,,,,,88.1,83.8,89.5,2025年4月1日～2026年3月31日,属性（勤続年数、役職等）が同じ男女労働者間での賃金の差異はありません。,2026年4月時点,2026年05月08日
7516,3120101003135,コーナン商事　株式会社,14.4,対象正社員,,,,,,,,,,,,,,,,,,,,,,54.2,77.6,116.1,2025年3月1日～2026年2月28日,対象期間：令和7年3月1日～令和8年2月28日,2026年2月時点,2026年03月27日
E04095,9080101005353,伊豆箱根鉄道株式会社,,,,,,,,,,,,,,グループ全体,77.1,,,,,,,,,84.8,82.4,123.5,2022年4月1日～2023年3月31日,男女の賃金の差異について、同一労働の賃金に差異はなく、主に男女の役職比率の差によるものであります。出向者は、出向元の従業員として集計しております。,2023年3月時点,2023年09月21日
7414,6320001000746,小野建株式会社,,,,,,,,,,,,,,全体,77.3,,,,,,,,,51.9,50.8,47.5,2024年4月1日～2025年3月31日,,2024年3月時点,2025年11月27日
7953,9180001029938,菊水化学工業株式会社,4.5,対象正社員,,,,,,,,,,,,対象正社員,99.9,,,,,,,,,69.1,72.4,99.4,2025年4月1日～2026年3月31日,"重要事項
・パート社員および有期社員については、正規雇用労働者の所定労働時間を参考として、人員数を換算しています。
・年間平均給与は、賞与および基準外賃金を含み、通勤手当や単身赴任手当（帰省費用）を除いています。

要因分析
当社における男女の賃金の差異について、以下の要因が推察されます。
①管理職における女性比率が低い
管理職における女性比率が３．０％でしかなく、役職手当の大きな管理職に女性が少ないことが要因と考えられます。また基本給は年功的賃金を採用している部分もあり、管理職の平均年齢が男性の５１．２歳に対し、女性は４５歳と女性の年齢層が低いことも差異につながっています。
②総合職における女性比率が低い
総合職における女性の割合が１２．８％であり、過去の採用の男性偏重が要因と考えられます。近年は女性の総合職採用も増えていますが（２０２０年以降の６年間で女性入社比率は３０．７％）、男性総合職の平均勤続年数が１７．３年に対し、女性は７．５年と管理職の候補となる層が薄いことも要因と考えられます。
③女性の単身赴任者、グループ会社出向者がいない
　単身赴任者やグループ会社出向者には生活補填や格差補填の手当支給を実施していますが、女性にはこのポジションにいる者がおらず、その手当分は平均給与が低くならざるを得ないものと考えます。

当統計を出し始めた２０２２年時点で男女の賃金の差異は全労働者５５．７％、正社員６３．９％だったが、当時から全労働者で１３．４ポイント、正社員で８．５ポイント向上しており、上記要因は少しずつ改善されているものと推察する。",2026年3月時点,2026年06月15日
2438,7240001000407,株式会社アスカネット,17.2,その他,,,,,,,,,,,,対象全社員,92,,,,,,,,,62.2,77.2,48.8,2025年5月1日～2026年4月30日,,2026年5月時点,2026年08月21日
3160,6200001013834,株式会社大光,21.4,対象正社員,,,,,,,,,,,63.1,,,,,,,,,,,53.5,72,89.8,2024年6月1日～2025年5月31日,非正規雇用労働者については、正規雇用労働者で換算した人員数を基に平均年間賃金を算出しております。,2025年5月時点,2025年09月08日
7886,8030001059463,ヤマトモビリティ＆Ｍｆｇ．株式会社,11,対象正社員,,,,,,,,,,,,,,,,,,,,,,64.7,65,64,2025年4月1日～2026年3月31日,,2026年3月時点,2026年08月24日
4331,9010701022696,株式会社テイクアンドギヴ・ニーズ,21.5,対象正社員,正規(総合職）,24.5,正規（専門職・全国可）,18.8,正規（専門職・エリア社員）,20.4,正規（エキスパート職）,10.8,非正規（有期・フルタイム）,10.6,,正社員,66,契約社員,91,アルバイト,78,,,,,75.5,81.8,81.6,2025年4月1日～2026年3月31日,,2026年3月時点,2026年07月16日
3030,8010001087103,株式会社ハブ,17,対象正社員,,,,,,,,,,,,正社員,66.9,,,,,,,,,62.2,79.1,95.6,2025年3月1日～2026年2月28日,,2026年2月時点,2026年06月23日
9075,1240001032736,福山通運株式会社,46,対象正社員,正社員(本採用）,47,正社員(臨時採用）,32,,,,,,,,正社員,18.4,,,,,,,,,56.2,70.9,95.7,2025年4月1日～2026年3月31日,正規雇用労働者には管理職を含まない。,2026年3月時点,2026年04月22日
6071,9010001107009,株式会社IBJ,12,対象正社員,総合職,12.3,エンジニア職,9,,,,,,,,正社員,84.6,,,,,,,,,79.7,82.5,63.3,2025年1月1日～2025年12月31日,,2026年3月時点,2026年04月14日
7475,3230001012605,アルビス株式会社,24.2,対象正社員,社員,24.2,パート,2.9,,,,,,,,社員,52,パート,72.1,,,,,,,88.6,84.3,97.5,2025年4月1日～2026年3月31日,"正規雇用労働者から出向者を除く
通勤手当等を除く
非正規雇用労働者については、正規雇用労働者の所定労働時間（１日８時間）で換算した人員数を基に平均年間賃金を算出している",2026年4月時点,2026年05月01日
9769,6012401003599,株式会社学究社,,,,,,,,,,,,,,,,,,,,,,,,54.1,75,81.6,2023年4月1日～2024年3月31日,"１．正規雇用労働者の男女賃金差異の主な要因は、女性活躍推進の観点から、近年新卒採用における女性の比率が増加していることにより男性と比較して女性の平均年齢が低いためです。
２．パート・有期労働者の男女賃金差異の主な要因は、女性は事務職での採用が多く、男性は講師職での採用が多いためです。",2024年3月時点,2024年10月30日
7554,2380001005074,株式会社幸楽苑,,,,,,,,,,,,,,,,,,,,,,,,76.9,84.8,147.3,2025年4月1日～2026年3月31日,,2026年4月時点,2026年07月21日
9036,9020001023915,東部ネットワーク株式会社,,,,,,,,,,,,,,,,,,,,,,,,72.2,76.7,84.9,2025年4月1日～2026年3月31日,,2026年4月時点,2026年06月09日
9982,7180001037793,タキヒヨー株式会社,,,,,,,,,,,,,,,,,,,,,,,,59,61.9,53.9,2025年3月1日～2026年2月28日,"一般事務職は全員女性となっており、正規雇用労働者での差異の原因となっている。
引き続き、女性総合職の採用、女性管理職への登用、一般事務職から総合職への転換により、
女性の活躍できる環境づくりを積極的に進めていく。",2026年2月時点,2026年06月19日
3024,7120001042923,クリエイト株式会社,18.6,対象正社員,,,,,,,,,,,,対象とする労働者すべて,64.1,,,,,,,,,66.6,66.4,56.2,2024年4月1日～2025年3月31日,,2025年3月時点,2025年09月10日
7636,9350001008222,株式会社ハンズマン,,,,,,,,,,,,,,,,,,,,,,,,82,80.8,93.8,2025年7月1日～2026年6月30日,"①「賃金」より除外したもの・・・通勤手当、持株奨励金、永年勤続表彰金
②産休・育休・介護・傷病により、収入がなかった月は計算より除外している
③パートは8時間換算で計算している(正規が週40時間勤務のため、週30時契約のパートは0.75人として計算)",2026年6月時点,2026年07月30日
4073,5040001046876,株式会社ジィ・シィ企画,12.1,対象正社員,正社員女性,10.6,正社員男性,13.1,パート社員女性,0.1,パート社員男性,2.1,,,,正社員女性,85.2,正社員男性,87.6,パート社員女性,89.5,パート社員男性,168.8,,,58,80.7,35.5,2024年7月1日～2025年6月30日,,2025年6月時点,2026年01月07日
6926,1010901002423,岡谷電機産業株式会社,14,対象正社員,,,,,,,,,,,76,,,,,,,,,,,69.8,72.1,44.6,2025年4月1日～2026年3月31日,,2026年3月時点,2026年07月15日
4707,2110001001637,株式会社キタック,19,基幹的な職種,,,,,,,,,,,69.4,,,,,,,,,,,,,,,,2025年10月時点,2026年07月14日
4248,9010501007633,竹本容器株式会社,,,,,,,,,,,,,,正社員,77.7,,,,,,,,,57.3,76.4,66,2024年1月1日～2024年12月31日,,2025年3月時点,2026年01月28日
8006,6040001019014,ユアサ・フナショク株式会社,,,,,,,,,,,,,,,,,,,,,,,,51.7,83.2,57.9,2025年4月1日～2026年3月31日,,2026年3月時点,2026年07月16日
2730,3240001041231,株式会社エディオン,7.2,対象正社員,,,,,,,,,,,64.7,,,,,,,,,,,45.8,73.5,72.2,2025年4月1日～2026年3月31日,,2026年3月時点,2026年08月04日
9035,6290801002202,第一交通産業株式会社,3.1,対象正社員,,,,,,,,,,,,,,,,,,,,,,55.5,60.8,27,2025年4月1日～2026年3月31日,,2026年3月時点,2026年07月03日
7522,4010801012908,ワタミ株式会社,,,,,,,,,,,,,,,,,,,,,,,,66.4,80.2,85.2,2025年4月1日～2026年3月31日,,2026年3月時点,2026年06月02日
8160,9180001008132,株式会社木曽路,,,,,,,,,,,,,69.1,正社員,46.8,準社員,76.9,,,,,,,72,77.8,116,2025年4月1日～2026年3月31日,,2026年3月時点,2026年07月16日
2179,6120001140744,株式会社　成学社,15.8,対象正社員,,,,,,,,,,,,,,,,,,,,,,87.4,89,95.2,2025年4月1日～2026年3月31日,,2026年3月時点,2026年05月11日
4098,3250001003412,チタン工業株式会社,,,,,,,,,,,,,,,,,,,,,,,,80.1,84.4,49,2025年4月1日～2026年3月31日,"＊算出条件
①対象期間：2024年4月1日から2025年3月31日まで
②対象賃金：基本給、家族手当、地域手当、時間外手当、賞与等を含み、退職手当、
　　　　　　通勤手当を除く。
③対象者：他社への出向者を含む。派遣労働者を除く。
④その他：パート労働者については、社員の週所定労働時間（37.5時間）で換算
　　　　　した人員数を基に平均年間賃金を算出している。

＊説明（男性の賃金に対する女性の賃金の割合が下回る理由）
①社員について
　１．のとおり、女性の役職者の割合が5.8％にすぎないこと、また、３．のとおり、女性の平均継続勤務年数が男性より2.5年間短いことなどから、男女賃金差が生じた。
②嘱託、パート労働者について
　嘱託とパート労働者では、嘱託の方がより賃金が高額であり、男性労働者ではパート労働者より嘱託の割合が高いが、女性労働者では嘱託よりパート労働者の割合が高いことなどから、男女賃金差が生じた。",2026年4月時点,2026年04月14日
4678,3080001002092,株式会社秀英予備校,,,,,,,,,,,,,,,,,,,,,,,,82.1,81.9,95.3,2025年4月1日～2026年3月31日,,2026年3月時点,2026年07月21日
9245,1010901024558,株式会社リベロ,19.6,対象正社員,,,,,,,,,,,87.4,正社員,83.4,契約社員,54.2,アルバイト,98.6,,,,,77.6,77.3,84.8,2025年1月1日～2025年12月31日,"対象期間：2025年度（2025年1月1日から2025年12月31日まで）
賃金：基本給、超過労働に対する報酬、賞与等を含み、通勤手当等、信託型ストックオプションの権利行使による課税対象額（※）を除く。
正規：正社員等、期間の定めなくフルタイムで勤務する労働者。社外への出向者を含む。
非正規：アルバイト、パートタイマー、有期雇用労働者を含み、派遣社員を除く。

※信託型ストックオプションの課税対象額は、権利行使時の市場価格の影響を受けることや、権利行使時期が従業員の任意で決まることから、これを賃金に含めると、実際の賃金の男女間差異が不明確になるおそれがあるため、本項目の計算対象から除外しています。

信託型ストックオプション給与課税対象額：27,066,680円",2025年12月時点,2026年01月27日
6888,8010001009651,アクモス株式会社,13.8,その他,,,,,,,,,,,,,,,,,,,,,,77.7,81.8,76.3,2024年7月1日～2025年6月30日,"当社では、男女において同一の賃金制度を適用しております。また、同一ステージ内においては共通の処遇を行っており、管理職比率の違いが男女の賃金差異の背景となっております。
非正規雇用労働者には、定年（60歳）後の嘱託再雇用社員（有期契約社員）が含まれています。
当社では、専門性を持つシニア層が引き続き活躍すべく、正社員と同等の処遇制度を適用しています。結果として、正規雇用労働者と同様、男性管理職が多く含まれるため、男女の賃金格差が発生しております。",2025年7月時点,2025年09月04日
9993,9390001002171,株式会社ヤマザワ,26.4,基幹的な職種,正社員,26.4,準社員,21.8,嘱託社員,12.3,パート社員,5.1,アルバイト,1.6,,正社員,45.7,,,,,,,,,61.8,74,90.2,2025年3月1日～2026年2月28日,"・賃金：基本給・超過労働に対する報酬・賞与を含み、退職手当、通勤手当を除く。
・正規社員：総合職社員、エリア社員、無期フルタイム契約社員（準社員、パート社員、アルバイト社員）、当社から社外への出向は除く。
・非正規社員：有期契約の準社員・嘱託社員・パート社員・アルバイト社員。
・人員計算：育児休業者、病気による長欠者除く。
　　　　　非正規社員は所定労働時間がさまざまであるため、８時間換算で計算した人数として計算。

・全従業員の賃金格差の理由
　　　女性の非正規社員の割合が圧倒的に多い（女性91％、男性56％）ため、全体としての賃金格差が大きく計算されること。
　　　（家庭の事情に合わせて働き方を選択できるよう、様々な勤務体系をそろえている。）
・正規労働者の賃金格差が非正規労働者に比べ大きい理由
　　男性に比べ、女性のほうがエリア限定社員を選択している従業員の割合が多く、職務ランク給が低いこと。
　　　（家庭の事情に合わせて総合職社員とエリア限定社員を選べる制度の運用のため）
　　正規労働者に占める無期フルタイム契約社員の女性割合が多いこと。　　　　
　　平均年齢が男性より低いため、職務ランクについて、女性のほうが下位レベルの割合が多く、職務ランク給が男性より低い傾向にあること。
　　平均の時間外労働が女性のほうが少ないため、時間外労働手当が男性よりも少ないこと。
　　課長職以上の役職の割合が、女性の方が低いため、役割手当が男性よりも少ないこと。
　　　
・賃金格差を少なくするための方策　　　
　　パート社員には、等級試験制度があり、時給を上げることができる機会を設けている。
　　また、パート社員から準社員、準社員から正社員への登用制度があり、キャリアアップできる機会を設けている。
　　正社員については、男女ともに同じ条件で昇級試験を受けることができる。",2026年2月時点,2026年03月17日
3329,6010401083455,東和フードサービス株式会社,,,,,,,,,,,,,,,,,,,,,,,,60.1,83.5,93,2025年5月1日～2026年4月30日,,2026年8月時点,2026年08月24日
3566,2210001004332,ユニフォームネクスト株式会社,,,,,,,,,,,,,52.8,,,,,,,,,,,47.2,64.6,108.6,2025年1月1日～2025年12月31日,,2025年12月時点,2026年03月24日
6022,3010001008658,株式会社赤阪鉄工所,11.3,対象正社員,,,,,,,,,,,,管理職,65.6,係長,67.6,組合員,68.9,,,,,77.2,82.4,86.8,2025年4月1日～2026年3月31日,,2026年3月時点,2026年05月27日
4558,2180001091837,株式会社　中京医薬品,14.5,対象正社員,契約社員,5.2,,,,,,,,,65.9,,,,,,,,,,,57.2,77,44.5,2025年4月1日～2026年3月31日,,2026年3月時点,2026年08月20日
3374,6010901008705,内外テック株式会社,,,,,,,,,,,,,,,,,,,,,,,,80.2,80.6,94.1,2025年4月1日～2026年3月31日,,2026年3月時点,2026年06月23日
3065,4120901008761,株式会社ライフフーズ,,,,,,,,,,,,,,,,,,,,,,,,60.1,71.8,112.6,2025年3月1日～2026年2月28日,,2026年2月時点,2026年05月11日
3480,2130001017499,株式会社ジェイ・エス・ビー,,,,,,,,,,,,,,,,,,,,,,,,51.5,62.2,91.5,2024年11月1日～2025年10月31日,"非正規雇用については、8時間の時間換算
正規雇用には、女性時短勤務者14名を含む
部長職の差が差異の大きな原因と考えております。",2025年10月時点,2026年03月04日
7713,8030001089741,シグマ光機株式会社,,,,,,,,,,,,,77.9,,,,,,,,,,,67.1,68.8,113.3,2024年6月1日～2025年5月31日,"男女の賃金格差は、男性の賃金に対する女性の賃金の割合を示しています。同一労働の賃金に差異はなく、等級別人数構成の差及び管理職に占める女性の割合によるものであります。
非正規労働者は、個人ごとに契約労働時間の異なるパートタイム労働者のため、差異が生じております。",2025年6月時点,2025年09月10日
3293,1170001000122,アズマハウス株式会社,9,その他,不動産部門,10,ホテル飲食部門,5,,,,,,,59,不動産部門,66,ホテル飲食部門,27,,,,,,,,,,,,2026年3月時点,2026年04月21日
9686,8120001039200,東洋テック株式会社,33.2,対象正社員,,,,,,,,,,,66.7,対象とする労働者すべて,66.7,,,,,,,,,75.6,78.6,71.6,2025年4月1日～2026年3月31日,"警備業という職種上、役職者に男性が多いため、賃金格差が生じている。
女性の職域拡大や役職登用に取り組んでいく予定。",2026年3月時点,2026年05月01日
7218,6230001001654,田中精密工業株式会社,,,,,,,,,,,,,,,,,,,,,,,,68.5,78.4,104.3,2025年4月1日～2026年3月31日,,2026年3月時点,2026年07月16日
6203,7180001032621,豊和工業株式会社,14.1,その他,,,,,,,,,,,,,,,,,,,,,,75.2,81.7,63,2025年4月1日～2026年3月31日,,2026年4月時点,2026年07月21日
7150,8280001000328,株式会社　島根銀行,7.8,対象正社員,,,,,,,,,,,,その他,9.5,,,,,,,,,65.8,68.8,81.6,2024年4月1日～2025年3月31日,,2024年3月時点,2026年01月22日
2831,3080001008932,はごろもフーズ株式会社,,,,,,,,,,,,,,,,,,,,,,,,58.5,58.4,65.1,2025年4月1日～2026年3月31日,正規雇用者の差異については、転勤のない職制での女性比率が高いことが要因です。同一の労働において、処遇における男女差はありません。,2026年3月時点,2026年08月20日
9085,4430001050451,北海道中央バス株式会社,,,,,,,,,,,,,,,,,,,,,,,,70.9,72.6,68.4,2025年3月21日～2026年3月20日,,2026年3月時点,2026年07月17日
4918,3010401000784,株式会社アイビー化粧品,18.4,対象正社員,,,,,,,,,,,,正社員,49,,,,,,,,,,,,,,2026年2月時点,2026年03月16日
3934,7120001089122,株式会社ベネフィットジャパン,,,,,,,,,,,,,,,,,,,,,,,,72.6,73.4,144.2,2023年4月1日～2024年3月31日,,2024年6月時点,2024年09月26日
7371,4011101011096,Zenken株式会社,,,,,,,,,,,,,74.6,正社員,77.2,,,,,,,,,78.8,82.9,63.7,2024年7月1日～2025年6月30日,,2025年6月時点,2026年03月30日
6155,6220001009228,高松機械工業株式会社,,,,,,,,,,,,,,,,,,,,,,,,73.8,64,74.8,2025年4月1日～2026年3月31日,"対象期間：2025事業年度（2025年4月1日～2026年3月31日）

　正社員：社外への出向者を除く

　パート・有期社員：嘱託社員・パートが該当、社外への出向者を除く

　賃金：通勤手当を含む",2026年4月時点,2026年04月10日
4444,2010001142978,株式会社インフォネット,17,対象正社員,正社員,17,,,,,,,,,,正社員,71,,,,,,,,,88.7,88.7,,2023年4月1日～2024年3月31日,,2024年4月時点,2025年08月27日
3524,3010401022044,日東製網株式会社,,,,,,,,,,,,,,,,,,,,,,,,74.6,69.8,86.1,2024年5月1日～2025年4月30日,,2025年4月時点,2025年09月29日
3958,1180001069322,笹徳印刷株式会社,,,,,,,,,,,,,56.1,,,,,,,,,,,63.9,74.1,69.4,2025年7月1日～2026年6月30日,,2026年6月時点,2026年07月23日
6658,1130001001041,シライ電子工業株式会社,,,正社員,14,,,,,,,,,,,,,,,,,,,,78.1,74.3,92.3,2025年4月1日～2026年3月31日,,2026年4月時点,2026年05月28日
4735,1130001017021,株式会社　京進,,,,,,,,,,,,,,正社員,76.4,,,,,,,,,62.3,81.6,84.9,2025年6月1日～2026年5月31日,,2026年6月時点,2026年08月04日
2221,5110001023736,岩塚製菓株式会社,,,,,,,,,,,,,,（対象とする労働者すべて）,78,,,,,,,,,71.7,75.6,108.8,2024年4月1日～2025年3月31日,,2025年3月時点,2025年10月10日
7808,1040001057646,株式会社シー・エス・ランバー,,,,,,,,,,,,,,,,,,,,,,,,86,80.1,84.8,2025年6月1日～2026年5月31日,非正規雇用労働者：契約社員、嘱託社員、パート社員,2025年5月時点,2026年08月07日
4388,8010001127602,株式会社エーアイ,,,正社員,9.5,フルタイム（無期）,0,フルタイム（有期）,0,短時間（無期）,0,短時間（有期）,0,,正社員,73,パートタイマー,96,,,,,,,,,,,,2025年3月時点,2025年12月22日
2974,4290801010181,大英産業株式会社,14,対象正社員,正社員,14,,,,,,,,,,正社員,68.1,パート,81.6,,,,,,,52.1,71.3,57.5,2024年10月1日～2025年9月30日,"対象期間：57期（2024年10月1日～2025年9月30日）
対象者　：派遣社員を除く
賃金　　：通勤手当等非課税を除く",2024年9月時点,2026年01月26日
4178,5010601039720,株式会社Ｓｈａｒｉｎｇ　Ｉｎｎｏｖａｔｉｏｎｓ,,,,,,,,,,,,,,,,,,,,,,,,78.6,81.2,68.3,2025年1月1日～2025年12月31日,※通勤手当等は含まない,2025年12月時点,2026年06月04日
5998,7011501000992,株式会社アドバネクス,,,,,,,,,,,,,,,,,,,,,,,,62.4,71.4,37.5,2025年4月1日～2026年3月31日,"勤続年数が長いほど、賃金が高い傾向がある。

正規社員においては男性社員ほうが女性社員よりも勤続年数が長い傾向がある。

非正規社員においては逆の傾向があり、数値に表れている。

正社員において、女性が長く勤められる環境整備を図る。",2026年7月時点,2026年07月29日
6897,7110001015665,株式会社ツインバード,11.4,対象正社員,正社員,11.4,,,,,,,,,,正社員,84.1,パート社員,99.5,嘱託社員,94,,,,,79.2,84.3,52,2025年3月1日～2026年2月28日,,2026年2月時点,2026年08月21日
3361,2020001021033,株式会社　トーエル,19.6,対象正社員,,,,,,,,,,,,,,,,,,,,,,66.4,63.7,81.5,2025年5月1日～2026年4月30日,,2026年4月時点,2026年08月04日
9976,3070001008818,株式会社セキチュー,,,,,,,,,,,,,,,,,,,,,,,,43.6,72.9,119.9,2025年2月16日～2026年2月15日,,2026年2月時点,2026年05月12日
2910,4140001002820,株式会社ロック・フィールド,23.4,その他,,,,,,,,,,,,,,,,,,,,,,68.8,78.3,96.3,2025年5月1日～2026年4月30日,,2026年4月時点,2026年08月21日
6336,4240001029432,株式会社石井表記,12.2,対象正社員,,,,,,,,,,,74,,,,,,,,,,,77.8,81.8,55.5,2025年2月1日～2026年1月31日,"■データ算出に関する付記事項
・対象期間：2025年2月1日～2026年1月31日（1事業年度）
・正規雇用労働者：取締役・執行役員を除く正社員
・非正規雇用労働者：パート社員、契約社員
・賃金：基本給、各種手当を含む",2026年1月時点,2026年04月24日
3326,3030001026708,株式会社ランシステム,,,,,,,,,,,,,,,,,,,,,,,,81.8,80.8,86.3,2025年4月1日～2026年3月31日,,2026年3月時点,2026年07月16日
5271,4080101001290,株式会社トーヨーアサノ,,,,,,,,,,,,,,,,,,,,,,,,71,71,,2025年3月1日～2026年3月1日,,2026年2月時点,2026年06月23日
6464,2150001014908,株式会社ツバキ・ナカシマ,,,,,,,,,,,,,,,,,,,,,,,,85.5,84.8,52.7,2025年1月1日～2025年12月31日,出向者・休職者は除く。退職手当・通勤手当は含まず。,2025年12月時点,2026年04月10日
9034,6040001057294,南総通運株式会社,,,,,,,,,,,,,,,,,,,,,,,,63.9,76,61.3,2022年4月1日～2023年3月31日,・非正規雇用の女性労働者は男性に比べ、パートタイマーの割合が高いため賃金差委が大きくなっています。,2023年4月時点,2023年11月07日
7621,6010101000462,株式会社　うかい,,,,,,,,,,,,,,正社員,33.6,パート,42.9,アルバイト,37.2,,,,,65.4,76.9,102,2025年3月11日～2026年3月10日,,2026年3月時点,2026年06月26日
6217,3220001004330,津田駒工業株式会社,8.8,対象正社員,,,,,,,,,,,,対象とする労働者すべて,71.3,,,,,,,,,77.9,77.7,100.3,2024年12月1日～2025年11月30日,,2026年3月時点,2026年03月27日
6150,2220001012680,タケダ機械株式会社,,,,,,,,,,,,,74.3,,,,,,,,,,,69.2,75.4,62.5,2025年6月1日～2026年5月31日,,2026年5月時点,2026年08月24日
4347,2010401054419,ブロードメディア株式会社,,,,,,,,,,,,,,,,,,,,,,,,72.5,71.7,75.1,2025年4月1日～2026年3月31日,,2026年3月時点,2026年07月01日
3109,7120001077432,シキボウ株式会社,4,対象正社員,,,,,,,,,,,,正社員,57,,,,,,,,,65.1,66.9,67.8,2025年4月1日～2026年3月31日,,2026年3月時点,2026年06月11日
7196,4010001155540,株式会社Ｃａｓａ,29.6,対象正社員,【営業】総合職,29.1,【営業】地域限定職,31,【顧客管理】総合職,29,【顧客管理】地域限定職,25.4,【その他】総合職,23.4,65.3,正社員：男性,44.2,正社員：女性,58.3,非正規社員：男性,54.2,非正規社員：女性,91.3,,,,,,,,2025年11月時点,2026年05月25日
3187,5120001080628,株式会社ミラタップ,19.5,基幹的な職種,,,,,,,,,,,,,,,,,,,,,,66,66.5,74.4,2024年10月1日～2025年9月30日,,2025年9月時点,2026年02月20日
1764,5020001011279,工藤建設株式会社,,,介護部門,9.4,介護部門以外,20.5,,,,,,,,,,,,,,,,,,68,70,49,2024年7月1日～2025年6月30日,,2024年6月時点,2025年08月08日
3297,2250001005979,株式会社東武住販,15,対象正社員,,,,,,,,,,,,,,,,,,,,,,58.6,60.1,39.6,2024年6月1日～2025年5月31日,,2025年5月時点,2025年12月22日
9831,4070001011201,株式会社ヤマダホールディングス,5.5,対象正社員,正社員（一般職）,4.5,正社員（管理職）,11.9,,,,,,,,正社員,63.1,管理職,50.5,非正社員,80.4,,,,,63.7,72.5,51.7,2025年4月1日～2026年3月31日,,2026年3月時点,2026年06月29日
9343,7180001050326,株式会社アイビス,,,,,,,,,,,,,,,,,,,,,,,,75.6,81,70.9,2025年1月1日～2025年12月31日,,2025年3月時点,2026年03月18日
2669,1180001023411,カネ美食品株式会社,,,,,,,,,,,,,,正規労働者,70.7,非正規労働者,67.5,全ての労働者,67.9,,,,,58.8,70.8,96.4,2024年3月1日～2025年2月28日,"（注釈・説明）
対象期間：2023事業年度（2023年３月１日から2024年２月29日まで）
賃金:基本給、超過労働に対する報酬、賞与等を含み、退職手当、通勤手当、単身赴任手当、帰省手当、持株会奨励金を除く。
正規労働者：正社員、サポート社員
　　　　　　出向者については、当社から社外への出向者を含み、他社から当社への出向者を除く。
　　　　　　人員数は給与支給対象者の月平均（ゼロ支給は除く）
非正規労働者：パートタイマー、アルバイト（実習生を除く）
　※なお、パート労働者については、フルタイム労働者の年間所定労働時間（2,064時間／年）をもとに人員数の換算を行っている。
対象期間　2024年 3月 1日 ～ 2025年 2月 28日",2025年5月時点,2025年05月21日
2962,7010701006313,株式会社テクニスコ,,,,,,,,,,,,,,社員,75.9,,,,,,,,,,,,,,2022年1月時点,2022年04月20日
9890,3080101001770,株式会社マキヤ,,,,,,,,,,,,,,,,,,,,,,,,62.1,78.1,96.1,2025年4月1日～2026年3月31日,非正規雇用労働者（パート・アルバイト）の人数については、8時間換算で算出しています。,2026年3月時点,2026年04月15日
4237,7140001061401,フジプレアム株式会社,,,,,,,,,,,,,,,,,,,,,,,,65.7,68.5,93.7,2025年4月1日～2026年3月31日,,2026年3月時点,2026年06月25日
7827,1240001030054,株式会社オービス,,,正社員,15.6,非正社員,10.6,,,,,,,65.7,,,,,,,,,,,62.4,71.1,66.5,2024年11月1日～2025年10月31日,パートタイム労働者については、労働時間を基に人員数を換算。,2025年10月時点,2026年07月09日
7368,7180001040070,表示灯株式会社,,,,,,,,,,,,,,,,,,,,,,,,64.2,41.8,56.6,2024年4月1日～2025年3月31日,,2025年3月時点,2025年08月26日
9040,2180001037542,大宝運輸株式会社,,,事務職員,29,乗務職員,53,整備職員,8,流通職員,42,,,,,,,,,,,,,,52,71.4,66.5,2025年3月21日～2026年3月20日,"正規雇用社員の男女賃金格差については、賃金の高い管理職が男性のみでること、また、総合職は男性が多く、一般職は女性が多いため。
同一の職種や雇用形態における男女の賃金に差はありません。
非正規社員の男女賃金格差については、女性は短時間勤務者が多いため賃金差異が大きくなっているが、同一作業内容である場合に、男女の時間給に差はありません。",2026年4月時点,2026年06月25日
2670,2011001033515,株式会社エービーシー・マート,,,,,,,,,,,,,,,,,,,,,,,,66,80.3,107.5,2025年3月1日～2026年2月28日,"ABC-MARTは、職種階層別に求められる能力や要件を定義し、性別などの属性によらな
い、個人の能力に基づく評価を実施しています。男女で同一の職位および同一賃金の公
正な賃金体系を適用しており、性別による賃金差異はありません。
ただし、管理職の中でも、より高い職位に女性の人数が少ないことなど、職位別の人数
構成に起因して、賃金における男女差が発生しています。
現在、育児を対象としたショートタイム社員制度(1日6～7.5時間の短時間の勤務制度）
を柔軟に適用しています（短時間勤務者も1名として算出）。
こうしたライフスタイルに応じた働き方を提供することは、女性のキャリア形成におい
て重要だと考えており、引き続き柔軟な働き方を推進していく一方、2022年度時点の日
本の小売業界の女性管理職比率の17.3%よりも低いこと、また管理職の中でも、より高
い職位に女性従業員が少ないことを課題として認識しています。そこで社では女性活躍
推進を目的とした独自の社内研修として【LCD研修(レディースキャリアデザイン研修
)】を実施し、さらなる昇格者が増えるようと取り組みを進めております。今後も職位毎
の男女人数および割合を定期的にモニタリングし、会社における女性管理職比率のさら
なる向上、また経営幹部となる女性の育成を強化していくことにより、男女賃金差異の
解消をめざします。
※賃金：基本給、超過労働に対する報酬、賞与などを含み、退職、通勤手当などを除く
。",2024年6月時点,2026年07月02日
4691,3180001042070,ワシントンホテル株式会社,18,対象正社員,正社員,18,契約社員,17.7,,,,,,,,社員,60.4,パート,67.1,,,,,,,76.9,81.9,94.1,2025年4月1日～2026年3月31日,"賃金：基本給、超過労働に対する報酬、通勤手当、賞与等を含む。
正規労働者：当社から社外への出向者を含み、育児休業等の休職者を除く。
非正規労働者：有期契約社員、パートタイマーを含み、派遣社員を除く。
※非正規労働者については正規労働者の月間所定労働時間をもとに人員換算している。",2026年3月時点,2026年07月16日
6521,9090001011376,株式会社オキサイド,,,,,,,,,,,,,,,,,,,,,,,,73.8,80,53.6,2025年3月1日～2026年2月28日,"本データは、2025年3月～2026年2月の1年間における株式会社オキサイド単体の従業員を対象とし、男女別の平均給与から賃金差異（女性の平均給与÷男性の平均給与）を算出したものである。対象は「正規雇用労働者（正社員）」および「非正規雇用労働者（有期契約、パート）」の区分としている。なお、株式会社オキサイドパワークリスタルへの出向者は含めていない。

平均給与の算出にあたっては、算出期間1年間を通じた比較可能性を担保するため、当該期間を通じて在籍していない者（中途入社、雇用形態変更、休職、退職）は除外している。

また、執行役員は雇用形態の変更に該当しないため、本集計に含めている。

賃金差異の背景としては、雇用形態別の構成差がある。特に非正規雇用においては、比較的給与水準の高い有期雇用社員に男性が多く在籍する一方、パートタイム従業員には女性の比率が高いことから、平均給与の差異が生じている。

なお、本指標は人員構成を反映した平均値の比較であり、同一職務・同一役割における個別の賃金差を直接示すものではない。",2026年2月時点,2026年05月11日
6629,4180001088600,テクノホライゾン株式会社,,,,,,,,,,,,,,全労働者,72,,,,,,,,,60.7,77.6,81.7,2024年4月1日～2025年3月31日,,2025年6月時点,2025年08月27日
7520,8012801001936,㈱エコス,11.6,対象正社員,,,,,,,,,,,,対象とする労働者すべて,64.8,,,,,,,,,60.8,83.2,91.3,2025年3月1日～2026年2月28日,,2026年2月時点,2026年06月19日
3191,6050001009303,株式会社ジョイフル本田,7.3,対象正社員,,,,,,,,,,,,正社員,65.3,時給制社員,89.8,,,,,,,60.8,72.5,81.4,2024年6月21日～2025年6月20日,,2025年6月時点,2025年09月22日
7514,9200001004384,株式会社ヒマラヤ,,,,,,,,,,,,,,,,,,,,,,,,64.1,73.2,102.7,2024年9月1日～2025年8月31日,通勤手当を含む。退職金は含まない。,2025年8月時点,2026年01月05日
6837,6130001033352,株式会社京写,,,,,,,,,,,,,,,,,,,,,,,,81.2,80.5,91.9,2025年4月1日～2026年3月31日,,2025年4月時点,2026年08月21日
7898,4240001027972,株式会社　ウッドワン,,,,,,,,,,,,,,,,,,,,,,,,76.8,75.1,99.4,2025年4月1日～2026年3月31日,,2026年6月時点,2026年06月17日
7769,9030001010524,リズム株式会社,,,,,,,,,,,,,,,,,,,,,,,,76.2,78.6,81.7,2025年4月1日～2026年3月31日,"対象期間：2025年度(2025年4月1日～2026年3月31日）
賃金：基本給・超過勤務手当・賞与等を含み、退職手当・通勤手当を除く
正規雇用労働者：出向者については、当社から社外への出向者を除き、他社から当社への出向者を含む
非正規雇用労働者：準社員・契約社員・パートタイマーを含み、派遣社員を除く

【差異についての補足】
男女それぞれの母数に占める管理職及び管理職未満のリーダークラスの比率が女性の方が低いため差が生じている。引き続き女性管理職登用の推進を継続",2026年3月時点,2026年06月24日
6198,2011101052670,株式会社キャリア,16.5,その他,事業系,17.2,管理系,16.5,契約社員,4.8,アルバイト,2.7,派遣スタッフ,1.6,,,,,,,,,,,,73.6,78,93.4,2024年10月1日～2025年9月30日,,2025年12月時点,2026年04月01日
9327,7010001126191,株式会社イー・ロジット,,,,,,,,,,,,,,,,,,,,,,,,69.8,70.6,97.3,2025年4月1日～2026年3月31日,,2026年3月時点,2026年06月01日
7486,4100001014423,サンリン株式会社,,,,,,,,,,,,,,,,,,,,,,,,77.3,78.7,75.2,2025年4月1日～2026年3月31日,,2026年3月時点,2026年05月15日
2597,9010401030413,株式会社ユニカフェ,,,,,,,,,,,,,,,,,,,,,,,,63.4,79.8,60,2025年1月1日～2025年12月31日,,2025年12月時点,2026年03月27日
5699,1140001038603,株式会社イボキン,20.5,対象正社員,,,,,,,,,,,60,,,,,,,,,,,,,,,,2025年12月時点,2026年06月05日
8218,9110001002050,株式会社コメリ,,,,,,,,,,,,,,,,,,,,,,,,50.2,78.3,101.2,2025年4月1日～2026年3月31日,,2026年3月時点,2026年07月17日
8152,9010001048632,ソマール株式会社,9,対象正社員,,,,,,,,,,,,全労働者,71.6,,,,,,,,,84.4,82.2,106.2,2025年4月1日～2026年3月31日,,2026年3月時点,2026年06月19日
9037,1080401004368,株式会社ハマキョウレックス,,,,,,,,,,,,,,,,,,,,,,,,56.9,76.5,86,2025年4月1日～2026年3月31日,,2026年4月時点,2026年06月09日
7683,2011001053257,株式会社ダブルエー,,,,,,,,,,,,,,,,,,,,,,,,52.1,49.7,127.9,2025年2月1日～2026年1月31日,,2023年1月時点,2026年02月13日
E05355,8010401005011,ＮＴＴファイナンス株式会社,0,対象正社員,基幹的な職種,0,契約社員,0,,,,,,,,基幹的な職種,90.5,,,,,,,,,52.3,47.3,54,2025年4月1日～2026年3月31日,"・正規雇用労働者の社員区分別男女賃金の差異
　　管理職：84.8％、総合職：88.5%
　　専門職：90.6％、無期契約社員：139.5％　
・パート・有期労働者社員区分別男女賃金の差異
　　有期契約社員：102.7％
　　60歳超契約社員：79.0％",2026年4月時点,2026年06月19日
6663,9170001002004,太洋テクノレックス株式会社,13.3,対象正社員,正社員,13.3,嘱託社員,6.4,パート,0.9,,,,,62.8,対象とする労働者すべて,62.8,,,,,,,,,71.3,75.3,39.3,2024年12月21日～2025年12月20日,,2025年12月時点,2026年03月03日
4222,5010501016027,児玉化学工業株式会社,24,対象正社員,,,,,,,,,,,,正社員,49,,,,,,,,,,,,,,2024年3月時点,2024年04月23日
8230,3290001015800,株式会社はせがわ,12,対象正社員,正社員,12,契約社員,3.6,,,,,,,,,,,,,,,,,,48.2,65.8,72.1,2025年4月1日～2026年3月31日,"用語の定義
賃金：総賃金のうち、持株奨励金及び通勤手当を除いた額
正規雇用労働者：正社員・準社員・無期契約社員のフルタイム勤務者
非正規雇用労働者：上記以外の社員（雇用区分に係わらず労働時間が短い者又は有期契約社員）

人数の算出にあたり、月の所定労働日数が10日以下又は月の労働時間が80時間以下のものは0.5人として算出し、出向者（出）は賃金支払いの実態が他の社員と変わらないため、含めて算出している。",2026年3月時点,2026年07月01日
7957,8120001050578,フジコピアン株式会社,,,,,,,,,,,,,79.3,その他,79.3,,,,,,,,,74.3,78.7,43.3,2025年1月1日～2025年12月31日,「男女の賃金の差異」については、人事制度上の男女間格差はありませんが、平均年齢、平均勤続年数および管理職比率などを要因として、男女間で差異が生じております。また、非正規雇用労働者においては、相対的に賃金の高い定年再雇用者について、男性の割合が多いことも要因として、男女間で差異が生じております。,2026年3月時点,2026年07月17日
7812,1080401001547,株式会社クレステック,,,,,,,,,,,,,,正社員（無期フルタイム契約社員含む）,73.6,契約社員（無期フルタイム除く）,72.6,パート社員,83.1,,,,,69,78.4,57.4,2024年7月1日～2025年6月30日,,2025年6月時点,2025年09月17日
2820,4240001040001,株式会社やまみ,19,対象正社員,,,,,,,,,,,,,,,,,,,,,,74.9,76.9,101.2,2023年7月1日～2024年6月30日,,2024年6月時点,2025年08月20日
3172,3080001013429,ティーライフ株式会社,,,正社員,3.7,,,,,,,,,89.9,,,,,,,,,,,65.1,73.1,82.4,2024年8月1日～2025年7月31日,,2025年10月時点,2026年01月23日
7888,5230001008725,三光合成株式会社,13.3,対象正社員,正社員,13.3,継続雇用,4.1,外国人実習生,34.7,臨時・パート,5.2,,,70.4,対象とする労働者すべて,70.4,,,,,,,,,78.9,76.1,94.8,2025年6月1日～2026年5月31日,,2025年5月時点,2026年06月26日
3320,1180001025507,クロスプラス株式会社,5,対象正社員,総合職,6,専門職,4,事務職,1,現業職,17,,,,社員,69,,,,,,,,,49.5,86.3,91.9,2025年2月1日～2026年1月31日,,2026年1月時点,2026年04月07日
6614,3230001007092,株式会社シキノハイテック,22,対象正社員,,,,,,,,,,,,,,,,,,,,,,60.2,66.8,31.1,2025年4月1日～2026年3月31日,"男女の賃金差異に影響を与えている主なる理由は以下のとおりです。
（1）正規雇用労働者
男性は管理職者が多い一方、女性は管理職に占める割合が9.4％とまだ少なく、またエンジニアとして都市部に勤務し都市手当を受給する者及び扶養する者を有し家族手当を受給する者の多くは男性社員です。また育児短時間勤務者は全員が女性社員であり、労働時間を換算せず、実績値で算出しています。
（2）非正規雇用労働者
男性は、正社員から定年を迎えた継続雇用者が多く比較的給与水準が高い一方、女性は勤務時間の短いパート社員が多く、かつパート社員は労働日数や労働時間を換算せず、実績値で算出しています。",2026年3月時点,2026年07月22日
6063,8010001081502,日本エマージェンシーアシスタンス株式会社,7.4,その他,,,,,,,,,,,,対象とする労働者すべて,75.2,,,,,,,,,80.9,81.3,79.1,2025年1月1日～2025年12月31日,"【注釈】
・賃金:基本給、超過労働に対する報酬、賞与等を含み、退職手当、通勤手当等を除く。 
 　 ※正社員:出向者については、当社から社外への出向者、他社から当社への出向者を含まない。
　　※パート・有期社員:アルバイト、パートタイマー、嘱託を含み、派遣社員を除く。
　　　パート労働者については、フルタイム労働者の所定労働時間（8時間/日）を 元とした人員数の換算を行っていない。
・雇用期間が1年未満（途中入社、休職等）であっても計算に入れているが、年度途中の退職者は除外している。

【差異についての補足説明】
  ＜正社員＞ 正社員では、一般職～部長職まで性別による賃金格差はあまりなく個人の状況によると考えられる。
　　　　　　 女性の方が賃金が高い階層もある。
 ＜パート・有期社員＞ 嘱託社員は女性よりも男性にフルタイム勤務が多いため、格差が生じていると考えられる。",2025年12月時点,2026年03月10日
2666,4040001001139,株式会社オートウェーブ,,,,,,,,,,,,,,,,,,,,,,,,31.5,89.4,75.9,2024年4月1日～2025年3月31日,"対象期間：令和6年度（2024年4月1日から2025年3月31日まで）

賃金：基本給、超過労働に対する報酬、賞与等、通勤手当等を含む。
正社員：出向者については、当社から社外への出向者を除き、他社から当社への出向者を含む。
パート・有機社員：期間工、パートタイマー、嘱託を含み、派遣社員を除く。",2025年4月時点,2025年05月07日
7870,2220001005602,福島印刷株式会社,,,,,,,,,,,,,,,,,,,,,,,,74.7,77.6,72.7,2024年8月21日～2025年8月20日,"賃金：給与・賞与の総支給
基本給、各種手当、残業代などを含む。退職手当は除く の合計 。
正規雇用：フルタイム勤務の正社員
非正規雇用：短時間勤務社員、契約社員、アルバイト",2025年8月時点,2025年11月26日
3075,1040001001199,株式会社銚子丸,,,,,,,,,,,,,,,,,,,,,,,,82.1,71.6,96.7,2025年3月1日～2026年2月28日,パート・有期労働者はフルタイム換算した人員数に基づき算出しております。賃金は賞与を含み、通勤手当は除いております。,2026年2月時点,2026年05月22日
7590,2170001005748,株式会社タカショー,18,対象正社員,正社員,18,パート・アルバイト,1.5,嘱託社員,6,,,,,57,正社員,53,パート・アルバイト,70,嘱託社員,54,,,,,57.1,71.6,60.7,2025年1月21日～2026年1月20日,,2026年1月時点,2026年06月01日
4814,3120001086949,ネクストウェア株式会社,,,,,,,,,,,,,,有給休暇取得率（正規雇用）,72.4,有給休暇取得率（非正規雇用）,57.1,有給休暇取得率（企業全体）,71.9,,,,,,,,,,2025年3月時点,2025年08月21日
9903,8060001001208,株式会社カンセキ,12.8,対象正社員,,,,,,,,,,,,,,,,,,,,,,41.8,73.8,80.7,2025年3月1日～2026年2月28日,,2026年3月時点,2026年05月08日
E00959,4230001000864,株式会社廣貫堂,13.5,対象正社員,総合職,15.6,一般職,10.1,シニア総合職,5.8,シニア一般職,6.4,,,,,,,,,,,,,,84,86.4,57.8,2025年4月1日～2026年3月31日,"対象期間：令和7年度（令和7年4月1日～令和8年3月31日まで）
賃金：基本給、超過労働に関する報酬、賞与等を含み、退職手当は除く。
正社員：出向者については、当社から社外への出向者を含み、
　　　　他社から当社への出向者を除く。
パート・有期社員：パートタイマー、嘱託を含み、派遣社員は除く。
差異についての補足説明：
　〈パート・有期社員〉女性よりも男性に相対的に賃金が高い嘱託社員が多いため、
　　　　　　　　　　　格差が生じていると考えられる。",2026年3月時点,2026年08月04日
2294,7190001012102,株式会社　柿安本店,,,,,,,,,,,,,,,,,,,,,,,,44.5,81.2,86.7,2024年5月1日～2025年4月30日,,2025年4月時点,2026年08月10日
2293,4060001017356,滝沢ハム株式会社,14.3,基幹的な職種,正社員,17.3,契約社員,13.1,,,,,,,70.2,正社員・嘱託社員,60,契約社員,83,,,,,,,78.2,80.7,88.1,2025年4月1日～2026年3月31日,非正規社員（契約社員）については、正社員の所定労働時間（1日7時間50分）で換算した人数をもとに平均年間賃金を算出,2026年4月時点,2026年06月12日
2055,7140001002355,日和産業株式会社,11.6,対象正社員,,,,,,,,,,,,,,,,,,,,,,,,,,,2026年3月時点,2026年06月25日
7702,5240001004384,株式会社ジェイ・エム・エス,,,正社員,10.7,,,,,,,,,,正社員,76.1,,,,,,,,,69.9,69.7,69.1,2025年4月1日～2026年3月31日,,2026年3月時点,2026年05月28日
6630,5010601020184,ヤーマン株式会社,22,基幹的な職種,総合職,22,専門職,4.5,,,,,,,,,,,,,,,,,,71.7,71.3,64.7,2025年5月1日～2025年12月31日,※2025年度末時点,2025年12月時点,2026年07月09日
1380,9250001000008,株式会社　秋川牧園,,,,,,,,,,,,,,,,,,,,,,,,61,85.6,107.2,2025年4月1日～2026年3月31日,,2026年4月時点,2026年04月27日
9223,6210001015400,株式会社ＡＳＮＯＶＡ,5.1,対象正社員,正社員,5.1,,,,,,,,,69.9,正社員,69.9,,,,,,,,,79.1,79.1,,2025年4月1日～2026年3月31日,,2026年3月時点,2026年07月21日
7610,7260001004488,株式会社テイツー,,,,,,,,,,,,,,正社員,44,契約社員,60.4,パート,53.2,,,,,60,80.5,90.6,2025年3月1日～2026年2月28日,非正規雇用労働者は契約社員、パートが該当,2026年3月時点,2026年05月27日
7939,9240001003119,株式会社　研創,,,,,,,,,,,,,,,,,,,,,,,,76.8,79.8,73.1,2025年4月1日～2026年3月31日,"賃　金：基本給、諸手当、超過労働に関する報酬、賞与等を含み、退職手当を除く。
正規雇用労働者：出向者については、当社から社外への出向者を除き、他社から当社への出向者を含む。
非正規雇用労働者：期間工、パートタイマー、嘱託を含み、派遣社員を除く。
　※パート労働者については、正規雇用労働者の所定労働時間で換算した人員数を基に平均年間賃金を算出している。",2026年3月時点,2026年06月29日
4833,2020001028342,株式会社Ｄｅｆ　ｃｏｎｓｕｌｔｉｎｇ,,,,,,,,,,,,,,,,,,,,,,,,63.6,64.5,,2025年4月1日～2026年3月31日,非正規社員が女性のみの為、算出不可。,2026年3月時点,2026年08月19日
7820,8480001003475,ニホンフラッシュ株式会社,,,,,,,,,,,,,,,,,,,,,,,,81,84.6,57,2025年4月1日～2026年3月31日,,2026年3月時点,2026年04月21日
4760,6260001000380,株式会社アルファ,,,,,,,,,,,,,,正社員,60.5,パート,66.6,,,,,,,65.8,68.8,48.8,2024年9月1日～2025年8月31日,,2025年8月時点,2025年10月29日
9229,9220001010117,株式会社サンウェルズ,5.7,対象正社員,,,,,,,,,,,74.6,,,,,,,,,,,88.1,90.1,93.2,2025年4月1日～2026年3月31日,,2026年3月時点,2026年07月14日
138A,6180001072619,光フードサービス株式会社,,,,,,,,,,,,,,,,,,,,,,,,72.6,85.3,88.6,2024年12月1日～2025年11月30日,,2025年11月時点,2026年02月17日
2215,8012701009955,第一屋製パン株式会社,25.4,対象正社員,製造部門,30.8,営業部門,21.6,管理部門,18.4,,,,,,製造部門,33.9,営業部門,57.6,管理部門,57.7,,,,,70.6,77,77.6,2025年1月1日～2025年12月31日,2025年度実績,2025年12月時点,2026年03月31日
2291,6240001010290,福留ハム株式会社,16.5,対象正社員,,,,,,,,,,,,対象とする労働者全て,62.4,,,,,,,,,58.4,77.3,72.9,2024年4月1日～2025年3月31日,賃金制度・体系において性別による差異はありません。主な要因として正規従業員は男性の管理職比率が高いことによるもの、非正規従業員は相対的に賃金が高い定年再雇用者の人数比率が男性の方が多いことにより男女での格差が生じております。,2025年3月時点,2025年09月10日
6969,6120901025697,松尾電機㈱,,,,,,,,,,,,,,その他,58.8,,,,,,,,,,,,,,2025年3月時点,2025年08月29日
9723,6130001023386,株式会社　京都ホテル,17,対象正社員,,,,,,,,,,,,,,,,,,,,,,70.2,77.1,53.5,2025年4月1日～2026年3月31日,,2026年3月時点,2026年08月20日
5704,2020001035875,株式会社ＪＭＣ,,,正社員,24.2,時間給労働者,9.8,,,,,,,,,,,,,,,,,,,,,,,2025年12月時点,2026年04月10日
7512,4430001015958,イオン北海道株式会社,10.8,対象正社員,契約社員,6.4,パート,0.5,,,,,,,,正社員,54.9,,,,,,,,,67.8,78.7,100.6,2024年3月1日～2025年2月28日,,2025年3月時点,2025年12月19日
5530,8210001002628,日本システムバンク株式会社,,,,,,,,,,,,,77,,,,,,,,,,,73,82,93,2024年7月1日～2025年6月30日,,2025年6月時点,2026年03月27日
3557,8010401089756,ユナイテッド＆コレクティブ株式会社,,,,,,,,,,,,,,,,,,,,,,,,70.6,78.7,85.7,2025年3月1日～2026年2月28日,,2026年2月時点,2026年04月28日
4728,2130001030304,株式会社トーセ,3.4,対象正社員,正規,3.4,非正規,0.2,,,,,,,,正規,85.1,非正規,63.9,,,,,,,82.1,85.1,26.3,2024年9月1日～2025年8月31日,"１.正規雇用労働者、非正規雇用労働者から除外されている労働者の有無
正規・非正規雇用労働者から除外されている労働者はおりません。

２．賃金から除外している手当について等の有無等計算を前提とした事項
公表にあたり、次の手当は計算から除外しております。
●通勤手当

３．自社における男女間賃金格差の背景事情について
・女性執行役員、管理職の不在により賃金格差が生じているものと考えます。
また、管理職に準ずる職務・職責を担う女性従業員の登用・育成を進めており格差が縮小したと考えております。

・非正規雇用について、女性労働者は、障がい者雇用枠として当社の軽作業に従事する方々で構成されるのに対して、男性労働者は、定年退職後も継続して当社管理職業務に従事する方が多数を占めています。その賃金体系についても大きく異なることから上記の差異が発生しております。",2025年12月時点,2025年12月25日
4657,7013401000164,株式会社環境管理センター,8.9,対象正社員,正社員,8.9,契約社員,1.4,,,,,,,,正社員,66.2,,,,,,,,,65.3,75.6,47.4,2024年7月1日～2025年6月30日,,2025年6月時点,2025年08月28日
1381,5340001000258,株式会社アクシーズ,15,基幹的な職種,,,,,,,,,,,,,,,,,,,,,,70.2,73.7,79.9,2024年7月1日～2025年6月30日,,2025年6月時点,2025年10月22日
7850,8430001009031,総合商研株式会社,,,正社員（事業所外みなし労働対象者除く）,23.6,パート,5.2,,,,,,,,,,,,,,,,,,71.2,83.8,82.7,2024年8月1日～2025年7月31日,,2025年9月時点,2026年03月16日
8185,1011301004381,株式会社チヨダ,,,,,,,,,,,,,,正社員,52.1,,,,,,,,,48.1,81.4,97.3,2025年3月1日～2026年2月28日,基本給、時間外手当、職務手当、職責手当、賞与、家族手当等を含み、退職手当、非課税通勤費手当を除く,2026年6月時点,2026年06月08日
6380,8220001009044,オリエンタルチエン工業株式会社,,,,,,,,,,,,,76.1,間接工,72,直接工,78.5,,,,,,,84.8,87.8,76.1,2025年4月1日～2026年3月31日,,2026年3月時点,2026年06月24日
9818,6120001031150,大丸エナウィン株式会社,,,,,,,,,,,,,,,,,,,,,,,,63.6,67.2,49.4,2025年4月1日～2026年3月31日,,2025年3月時点,2026年08月21日
9740,9011101011216,セントラル警備保障株式会社,,,,,,,,,,,,,,,,,,,,,,,,74.4,77.4,50.8,2025年3月1日～2026年2月28日,非正規労働者の賃金差異については、雇用労働時間の差異に比例する。,2026年3月時点,2026年06月18日
9701,5010001008821,株式会社東京會舘,,,,,,,,,,,,,,社員,46.3,,,,,,,,,79.6,86.9,65.4,2024年4月1日～2025年3月31日,"当社正規社員には男女別の就業コースは存在しておりません。年齢差・勤続年数の差異が賃金の差異に反映されています。
（平均年齢）女性34歳・男性48歳　（平均勤続年数）女性7年・男性15年
非正規雇用の場合は、製造部門（工場）勤務の大多数が短時間労働者の女性であることが主な要因です。",2025年3月時点,2025年09月04日
7079,9010001139654,ＷＤＢココ株式会社,,,,,,,,,,,,,,,,,,,,,,,,79.7,77.2,73.2,2025年4月1日～2026年3月31日,,2026年3月時点,2026年07月29日
7791,7240001007740,ドリームベッド株式会社,,,,,,,,,,,,,,,,,,,,,,,,65.2,70.5,64.2,2025年4月1日～2026年3月31日,,2026年3月時点,2026年06月24日
3953,8021001006662,大村紙業株式会社,,,,,,,,,,,,,,,,,,,,,,,,72.3,74.4,77.2,2025年4月1日～2026年3月31日,,2026年3月時点,2026年04月02日
6093,7010001108108,ミトラグループ株式会社,18.5,対象正社員,正社員,18.5,有期社員フルタイム,13.5,有期社員短時間勤務,7.3,,,,,,,,,,,,,,,,65.8,73.2,40.5,2025年3月1日～2026年2月28日,"当社では全ての雇用形態において性別での賃金制度に違いを設けておりませんが、賃金差異があるため、雇用区分ごとに分析を行いました。

（正規労働者について）
正規労働者を分析した結果、一般社員での賃金差異は少なく、管理職層での差異が大きい結果となりました。これは男性に比べ女性の上級管理職数が少ないことが要因と捉えております。女性の活躍を推進する取組みを行い、今後賃金差異は縮小していく見込みです。

（非正規労働者について）
非正規労働者の差異の要因としては、女性は契約社員・パート社員の比率が高くなっている一方、男性においては元役員や専門性の高い嘱託社員の比率が高い状況となっており、こうした契約形態の違いが非正規労働者として纏めた際に差として表れているという状況であります。
また男性はフルタイム勤務、女性は短時間での契約の比率が高いため、労働時間に起因する賃金の差異が発生しております。",2026年2月時点,2026年06月30日
E04128,5230001002133,富山地方鉄道株式会社,,,,,,,,,,,,,,,,,,,,,,,,62,83,42.1,2025年4月1日～2026年3月31日,"対象期間：令和7年度実績
賃金：基本給、超過労働、賞与などを含む
正規労働者：出向者は除く
非正規労働者：嘱託社員、契約社員が対象
役員は除く",2026年3月時点,2026年08月10日
5284,6290001010856,株式会社ヤマウ,14.5,対象正社員,,,,,,,,,,,62.1,,,,,,,,,,,81.5,77.5,82.2,2025年4月1日～2026年3月31日,正規労働者の所定労働時間（１日８時間）に満たない労働者については、１日８時間に換算した人員数を基に平均賃金を算出しております。なお、男女の賃金の差異が生じている主な要因は、正規雇用者における管理職及び係長級に占める女性労働者の割合が低いためであり、女性管理職比率の向上は、重要な課題として位置付けております。,2026年6月時点,2026年06月30日
7464,7010001004224,セフテック株式会社,10,対象正社員,,,,,,,,,,,,,,,,,,,,,,63.6,70.3,33.3,2022年4月1日～2023年3月31日,全労働者及び正規労働者の賃金差異については、年レ・勤続年数・管理職比率が男性の方が高い為、差異が生じております。また、雄輝労働者・パートにおける男女の賃金差については、定年再雇用で相対的に賃金の高い男性嘱託者が多く含まれていることにより差異が生じております。,2023年3月時点,2023年07月08日
2393,3010401035013,株式会社日本ケアサプライ,12.3,その他,,,,,,,,,,,,対象とする労働者すべて,75,,,,,,,,,78.8,79.5,84.6,2025年4月1日～2026年3月31日,,2026年3月時点,2026年05月22日
8278,9500001003505,株式会社　フジ,16.3,対象正社員,正社員（総合職）,16.3,,,,,,,,,75.8,,,,,,,,,,,78.8,89.5,102.3,2026年1月1日～2026年7月31日,,2026年2月時点,2026年08月24日
3178,9010601039989,チムニー株式会社,,,正社員,26,,,,,,,,,,,,,,,,,,,,51,75.2,89.6,2025年4月1日～2026年3月31日,,2026年3月時点,2026年07月07日
2408,8470001001397,株式会社ＫＧ情報,,,,,,,,,,,,,,,,,,,,,,,,58.1,74.6,77.5,2024年12月21日～2025年12月20日,,2026年1月時点,2026年04月01日
E04118,4180301006600,豊橋鉄道株式会社,16.9,対象正社員,全体,16.9,,,,,,,,,69.5,鉄道現業部門,72.6,本社部門,63,,,,,,,100.1,100.1,,2025年4月1日～2026年3月31日,,2026年4月時点,2026年05月08日
2305,5120001096533,株式会社スタジオアリス,12.8,基幹的な職種,スタジオ職正社員,8.6,スタジオ職非正社員,1.1,本部職正社員,12.8,本部職非正社員,2.9,,,,,,,,,,,,,,37.6,69.6,64.5,2025年3月1日～2026年2月28日,"女性比率が正規は94.4％、有期・パートタイマーが98.2％
スタジオ職の有期・パートタイマーの雇用比率が高いために、全労働者に占める男女の賃金格差が大きくなっています",2026年3月時点,2026年08月20日
7682,5180001009159,株式会社浜木綿,34.1,対象正社員,,,,,,,,,,,,,,,,,,,,,,49.2,77.7,99.8,2024年8月1日～2025年7月31日,,2025年7月時点,2026年05月21日
6832,3470001000263,アオイ電子株式会社,,,,,,,,,,,,,,対象とする労働者すべて,77.5,,,,,,,,,65.7,69.1,43.3,2025年4月1日～2026年3月31日,,2026年3月時点,2026年06月19日
3441,3020001020348,株式会社山王,,,,,,,,,,,,,,全社,54.6,,,,,,,,,,,,,,2024年8月時点,2024年11月11日
7640,1110001003592,株式会社トップカルチャー,,,,,,,,,,,,,,,,,,,,,,,,47,73.1,138.3,2024年11月1日～2025年10月31日,,2025年10月時点,2026年03月25日
4343,6040001000485,株式会社イオンファンタジー,5.2,対象正社員,,,,,,,,,,,,正社員,64.2,,,,,,,,,77.8,75.8,108.8,2025年3月1日～2026年2月28日,"■データ算出に関する付記事項
・対象期間：2023年度（2023年3月1日～2024年2月29日）
・正規雇用労働者：取締役を除く社員
・非正規雇用労働者：パート､アルバイト
・賃金：給料、賞与、手当等

■差異に関する補足説明
・正規雇用労働者においては、管理職に占める女性労働者の割合が半数を超えており、女性活躍施策を計画的に推進しております。
・非正規雇用労働者においては、女性の労働者比率が高く、総じて一定の役割を担う
　従業員の女性比率も高いため、このような結果となっております。
　今後も女性が活躍できる環境整備を推進してまいります。",2026年2月時点,2026年07月21日
8244,3120001098201,株式会社　近鉄百貨店,13.7,対象正社員,社員,13.7,エキスパート,3.8,パートナー,1.1,特別嘱託,3.2,アシスタント,0.6,,社員,63.4,エキスパート,73.6,パートナー,88.6,特別嘱託,96.6,アシスタント,75.7,59.9,70.6,83.7,2025年3月1日～2026年2月28日,,2026年2月時点,2026年07月30日
8190,8180001018537,株式会社　ヤマナカ,23.1,対象正社員,,,,,,,,,,,,社員,50,,,,,,,,,47.3,58.2,96.6,2025年3月21日～2026年3月20日,"※1.正規雇用労働者・・・正社員、嘱託社員
※2.非正規雇用労働者・・・契約社員、パートナー、アルバイト",2026年5月時点,2026年05月12日
3223,1011001043721,株式会社エスエルディー,23.8,対象正社員,正社員,23.8,アルバイト,1.2,,,,,,,,,,,,,,,,,,71.8,66.3,97.6,2022年3月1日～2023年2月28日,,2023年3月時点,2024年02月01日
2139,2200001003384,株式会社　中広,,,,,,,,,,,,,,,,,,,,,,,,58.4,71.8,41.7,2025年4月1日～2026年3月31日,※男女により勤続年数に差があり、男性の勤続年数が高い。産休・育休を取得しているものも、復帰し短時間勤務により給与の減額が発生しているものも、男女の働き方及び賃金差異縮小を目指す観点から、給与・人員ともに対象に組み入れて算出している。（役員、派遣社員は除く。）,2025年8月時点,2026年08月24日
E01375,1011401006542,株式会社山本製作所,,,,,,,,,,,,,,社員,55.1,,,,,,,,,67.9,68.5,70.7,2024年12月1日～2025年11月30日,,2026年2月時点,2026年08月20日
9063,4260001001001,岡山県貨物運送株式会社,,,,,,,,,,,,,,,,,,,,,,,,67.4,74.4,74,2025年4月1日～2026年3月31日,"職種別人員構成の差が主な要因で、
特に給与総額の高い運行乗務員が男性で構成されていることによる。",2026年5月時点,2026年05月25日
E00831,3050001010255,プラス・テク株式会社,,,,,,,,,,,,,,正社員,75.2,,,,,,,,,,,,,,2025年10月時点,2025年11月27日
9835,5280001005032,株式会社　ジュンテンドー,,,,,,,,,,,,,,,,,,,,,,,,92,74.7,99.2,2025年3月1日～2026年2月28日,※パート労働者については、フルタイム労働者の所定労働時間（8時間/日）をもとに人員数の換算を行っております。,2026年3月時点,2026年08月17日
3571,8180001084265,株式会社ソトー,6.7,対象正社員,,,,,,,,,,,,正社員,42,,,,,,,,,,,,,,2022年3月時点,2022年07月14日
9326,7122001008714,株式会社関通,,,,,,,,,,,,,,,,,,,,,,,,73.3,69.6,80.7,2024年4月1日～2025年2月28日,,2025年3月時点,2026年03月05日
7421,7030001001979,カッパ・クリエイト株式会社,,,,,,,,,,,,,,,,,,,,,,,,86.1,81.7,122.9,2025年4月1日～2026年3月31日,,2026年3月時点,2026年08月20日
8217,2170001002092,株式会社オークワ,8.6,対象正社員,,,,,,,,,,,,正社員・エリア社員,55,,,,,,,,,61.2,70.4,97.3,2025年2月21日～2026年2月20日,,2026年2月時点,2026年05月19日
E04115,8250001005486,サンデン交通株式会社,,,,,,,,,,,,,,,,,,,,,,,,59.7,64.1,51.3,2025年4月1日～2026年3月31日,,2026年3月時点,2026年05月15日
7515,3470001003902,株式会社マルヨシセンター,,,,,,,,,,,,,,,,,,,,,,,,50.7,76.5,88.1,2025年3月1日～2026年2月28日,,2026年3月時点,2026年05月11日
7093,1010701029988,アディッシュ株式会社,,,正社員,9,,,,,,,,,70,正社員,77.2,,,,,,,,,73,81.7,88.4,2025年1月1日～2025年12月31日,"・賃金：基本給、超過労働に対する報酬、各種手当、インセンティブ、通勤手当等を含む。
・非正規社員：契約社員、アルバイト、パートタイマーを含み、派遣社員を除く。
・正社員・非正規社員ともに、短時間・短日数勤務者を含む。
・全労働者・正社員における男女の賃金差異については、勤続年数比率・勤務日数/時間・各種手当・管理職数における男女の比率が影響",2025年12月時点,2026年03月16日
7946,2120001077412,株式会社光陽社,,,正社員,23.9,パート・アルバイト,14.6,,,,,,,,,,,,,,,,,,,,,,,2026年3月時点,2026年07月09日
8225,9100001001862,株式会社タカチホ,,,,,,,,,,,,,,正社員,58.5,パート,86.9,,,,,,,,,,,,2026年3月時点,2026年03月25日
3080,7040001067160,株式会社　ジェーソン,26.6,対象正社員,,,,,,,,,,,,,,,,,,,,,,83.2,85.7,97.9,2025年3月1日～2026年2月28日,"対象期間2025年3月1日から2026年2月28日まで
賃金基本給、超過労働に対する報酬、賞与等を含み、退職手当、通勤手当等を除く
正社員正社員、フルタイムの限定社員・パート・有期雇用社員・パートタイマー・
　　　　 嘱託・契約社員含み、派遣社員除く（正社員以外の全社員）

※パート・有期雇用については、正規雇用労働者の所定労働時間 （１日８時間）で換算した
  人員数を基に平均年間賃金を 算出している。",2026年2月時点,2026年04月21日
2747,4430001015181,北雄ラッキー,7.6,対象正社員,正社員,2.4,,,,,,,,,,正社員,51.7,,,,,,,,,42.9,74.2,76.8,2025年3月1日～2026年2月28日,,2026年4月時点,2026年04月14日
7887,9470001003062,南海プライウッド㈱,,,,,,,,,,,,,,全社員,77.8,,,,,,,,,64.9,76.3,51.4,2025年4月1日～2026年3月31日,,2026年3月時点,2026年06月24日
9160,1010001177471,株式会社オンザページ,17,対象正社員,社員,17,,,,,,,,,,社員,77.3,,,,,,,,,71.8,82.3,87,2025年1月1日～2025年12月31日,"賃金：賞与を含む。通勤手当等は除く
正規雇用労働者：役員、出向受け入れ者は除く
非正規雇用労働者：契約社員、嘱託社員、職務限定社員、アルバイト

※産休育休等の休職者を除いています。",2024年12月時点,2026年07月10日
9930,3011001006107,北沢産業株式会社,2.3,対象正社員,,,,,,,,,,,,,,,,,,,,,,70,70,160,2025年4月1日～2026年3月31日,,2026年4月時点,2026年04月30日
7857,9500001002341,セキ株式会社,13,対象正社員,,,,,,,,,,,,正社員および契約社員,66.2,,,,,,,,,61.9,75.5,40.9,2025年4月1日～2026年3月31日,期中入社者を含む。,2026年4月時点,2026年05月28日
9876,9010001141445,株式会社コックス,11.3,対象正社員,ナショナル社員,13.5,リージョナル社員,8.6,エリア社員,8.2,ショートタイムエリア社員,4.1,,,51,ナショナル社員,47.3,リージョナル社員,41.8,エリア社員,57.6,ショートタイムエリア社員,82.5,,,66.2,83.8,103.9,2025年3月1日～2026年2月28日,"計算期間は当社の事業年度2025年度（2025/3/1～2026/2/28）としております。

パートタイムや短時間勤務の女性比率が高いため、賃金差異が発生しております。
パートタイムで役職に就いた場合は、役職手当を時給に加算することで是正を図っております。",2026年2月時点,2026年06月30日
7133,4290001042983,HYUGA PRIMARY CARE株式会社,,,S1,16.7,WB,6.8,,,,,,,,,,,,,,,,,,70.5,72.7,98,2025年4月1日～2026年3月31日,"■対象期間：2025年4月1日～2026年3月31日
■賃　　金：基本給、非課税通勤手当を除く各種手当、賞与含む",2026年3月時点,2026年07月23日
3161,7010501008071,アゼアス株式会社,,,,,,,,,,,,,56.6,,,,,,,,,,,60.5,71.3,47.3,2025年5月1日～2026年4月30日,"2025年1月度～12月度の給与（賞与）支給合計額から算出

自社における男女賃金差異の主な要因は、女性の管理職比率が低いこと、育児短時間勤務利用者が女性に集中していること、非正規社員に含まれるパートタイマーの94.1％が女性であることが影響していると認識しています。女性管理職を増やすには、まずは、中堅層の女性社員を増やすことが必要であると考え、今後も継続して、優秀、有能な女性社員の採用を継続するとともに、採用した女性社員に長く継続して働いてもらうための環境整備を進めるほか、女性リーダーの育成・登用を見据え、キャリア開発の支援と意識改革の促進を図っていく方針です。また、育児や介護については、男女で分担して取り組む必要性を強く認識しており、女性の就業時間が増えるよう、社内では、その取り組みの一環として、男性の育児休業取得を強く推奨しています。",2026年4月時点,2026年07月31日
6061,3120901002294,㈱ユニバーサル園芸社,,,,,,,,,,,,,,,,,,,,,,,,71,69.9,77,2023年7月1日～2024年6月30日,,2024年6月時点,2024年08月30日
477A,9010101009311,株式会社スタートライン,15,対象正社員,全労働者,15,,,,,,,,,72.8,全労働者,72.8,,,,,,,,,75.1,81.7,84,2025年4月1日～2026年3月31日,"女性管理職比率は前年度と比較して上昇しており、それに伴い男女間の賃金差異についても改善が進んでいます。一方で、上級管理職層については依然として男性の割合が高いことから、その職位構成の違いが賃金差異の一因となっています。
また、当社では管理職登用に限らず、多様なキャリア形成の選択肢を整備しており、管理職以外の専門職等のルートを通じてキャリアアップを目指す従業員も一定数存在しています。特に女性においては、育児や家庭との両立を考慮し、自身のライフステージに応じたキャリアを選択するケースも見られます。このようなキャリア選択の違いにより、管理職手当の有無などが賃金差異に影響している側面があります。
今後も女性管理職の登用を積極的に推進するとともに、従業員一人ひとりが希望するキャリアビジョンを実現できるよう、キャリア形成支援の充実や報酬制度の見直しを継続的に進めてまいります。",2026年4月時点,2026年06月29日
1375,1010001185037,ユキグニファクトリー株式会社,,,,,,,,,,,,,,,,,,,,,,,,67.3,78.3,79.8,2025年4月1日～2026年3月31日,,2026年3月時点,2026年07月02日
3181,8180001071932,株式会社買取王国,20,対象正社員,,,,,,,,,,,,,,,,,,,,,,85.3,87.3,89,2025年3月1日～2026年2月28日,非正規雇用労働者は8時間換算,2026年2月時点,2026年03月18日
2877,6390001011877,日東ベスト株式会社,,,,,,,,,,,,,,,,,,,,,,,,65.3,65.5,93.6,2025年4月1日～2026年3月31日,,2026年3月時点,2026年08月06日
3077,2050001002286,ホリイフードサービス株式会社,,,,,,,,,,,,,,,,,,,,,,,,44.7,85,88,2025年4月1日～2025年11月30日,,2025年11月時点,2026年04月06日
4651,6290001001327,株式会社サニックスホールディングス,,,,,,,,,,,,,,,,,,,,,,,,63.5,62.7,61,2025年4月1日～2026年3月31日,,2026年3月時点,2026年07月24日
6074,1120001064799,株式会社ジェイエスエス,,,,,,,,,,,,,51,社員,51,,,,,,,,,70.8,82.9,103.3,2025年4月1日～2026年3月31日,"対象期間：２０２５年度支給実績による。
（２０２５年４月～２０２６年３月支給分）　
賃金：基本給、役職手当、家族手当等の諸手当、時間外勤務手当、賞与を含み、通勤手当を除く。
社員：正社員、エリア正社員、契約社員を含む。
アルバイト：アルバイトスタッフについては、フルタイム労働者の所定労働時間
（８時間/日、１６６時間/月）をもとに人員数の換算を行っている。　　

差異についての補足説明　：　
・社員は男性が２/３を占め賃金差異が見うけられる。　　　　　　
・アルバイトは女性が３/４を占め男女間で賃金差はない。　　　　
・社員は男性、アルバイトは女性が多く、全体の平均年間賃金差異については、７０.８％まで割合は下　
　がる。",2026年3月時点,2026年05月28日
2792,5380001013644,株式会社ハニーズホールディングス,2.3,対象正社員,,,,,,,,,,,,,,,,,,,,,,69.6,68.1,98.5,2024年6月1日～2025年5月31日,,2025年5月時点,2025年10月15日
3577,6180001031533,東海染工株式会社,,,,,,,,,,,,,,正社員,54,非正規社員,72,,,,,,,82.2,71.5,85.3,2025年4月1日～2026年3月31日,,2026年3月時点,2026年04月10日
2872,3110001002790,株式会社セイヒョー,,,無期雇用労働者,18.8,有期雇用労働者,6.7,,,,,,,,無期雇用労働者,60.9,有期雇用労働者,71.4,,,,,,,76.6,89.1,81.5,2025年3月1日～2026年2月28日,,2026年2月時点,2026年04月10日
9731,4011001018621,株式会社白洋舍,,,,,,,,,,,,,,,,,,,,,,,,69.4,87,61.4,2025年1月1日～2025年12月31日,"対象期間…2025年度（2025年1月1日から2025年12月31日まで）
正規労働者…社員、限定社員
非正規労働者…定時社員（パート）、嘱託社員
※非正規労働者には、定年後再雇用者を含む",2025年12月時点,2026年02月13日
352A,7430001038015,株式会社　LIFE　CREATE,6.2,基幹的な職種,正社員,6,派遣社員,0,契約社員,0,アルバイト,0,,,,正社員,95.8,,,,,,,,,85,85,,2022年4月1日～2023年3月31日,"若い年齢層が担うインストラクターがすべて女性で構成されている点で、差が出ています
非正規雇用労働者は、すべて女性のため割合を計算できません。",2023年1月時点,2023年12月20日
4926,4010401012787,株式会社シーボン,14.9,対象正社員,正社員,14.9,パートタイム,0.5,,,,,,,,正社員・パートタイム,73.7,,,,,,,,,71.2,79.4,81.1,2025年4月1日～2026年3月31日,,2026年3月時点,2026年05月12日
9051,3370801000134,センコン物流株式会社,,,,,,,,,,,,,,,,,,,,,,,,75.7,76.6,71.2,2025年4月1日～2026年3月31日,,2026年3月時点,2026年07月03日
8123,5011101004900,川辺株式会社,4,基幹的な職種,,,,,,,,,,,,,,,,,,,,,,44,70.3,69,2025年4月1日～2026年3月31日,当社では、女性従業員の多くが短時間勤務をしており、 その結果、平均賃金に男女差が生じています。 賃金制度そのものは男女での差は無く、同一労働同一賃金の原則に基づき運用しています。,2026年3月時点,2026年04月27日
469A,6120901034938,株式会社フィットクルー,,,トレーナー職,18.2,トレーナー職以外,15.7,,,,,,,,,,,,,,,,,,,,,,,2025年11月時点,2026年04月10日
E04633,7040001071336,株式会社 千葉カントリー倶楽部,,,,,,,,,,,,,,,,,,,,,,,,77.4,68.6,80.5,2025年4月1日～2026年3月31日,,2026年7月時点,2026年07月29日
3372,8120001130719,株式会社関門海,29.9,対象正社員,店舗,35.2,製造,19.2,事務,14.4,,,,,50.7,,,,,,,,,,,84.5,80.6,99.3,2025年4月1日～2026年3月31日,非正規雇用労働者については、正社員の所定労働時間（1日8時間）で換算した人員数を基に平均年間賃金を算出している,2026年3月時点,2026年05月28日
5343,2220001008794,ニッコー株式会社,,,総合職,18.8,製造職,12.5,パートタイム労働者,9,,,,,,,,,,,,,,,,75.8,76.8,64.7,2025年4月1日～2026年3月31日,"・対象期間：2025年度（2025年4月1日から2026年3月31日まで）
・賃金：基本給、諸手当、超過労働に対する報酬、賞与等を含み、退職手当、通勤手当を除く。
※なお、賞与は支給月時点での雇用区分で計算
・正社員：出向者については、当社から社外の出向者は含み、他社から当社への出向者を除く。
・パート/有期社員：再雇用者、パートを含み、派遣社員を除く
　※なお、パート労働者については、フルタイム労働者の所定労働時間（8時間/日、各月の会社稼働日）で換算した人員数を元に平均年間賃金を算出している
・算出方法：月ごとに人員数・金額を積み上げて算出
　※なお、月途中で、入社・退職・休業・復帰になった者は人員数・金額より除外

差異についての補足説明：
＜正社員＞
女性よりも男性に相対的に賃金が高い管理職が多いこと、残業時間が男性の方が多いことが、格差が生じている要因の一部と考えられます。当社では性別や年齢・勤続・学歴に関わらず、個人の能力や成果を評価しています。

＜パート・有期社員＞
女性よりも男性に「相対的に賃金が高く管理職も含まれる再雇用者」が多く、残業時間も男性の方が多いため、格差が生じていると考えられます。またパートは女性の方が多いですが、短時間勤務の方が多くなっています。男女差というよりも再雇用とパートの差異の開きが大きい状況です。",2026年3月時点,2026年06月25日
9846,5260001004556,株式会社　天満屋ストア,3.9,対象正社員,,,,,,,,,,,,,,,,,,,,,,61.8,73.9,90.3,2025年3月1日～2026年2月28日,"対象者：対象期間に12か月在席しているもの
非正規雇用：パートタイマー、嘱託社員を含み、学生アルバイト、派遣社員を除く
※非正規雇用労働者は社員の所定労働時間に換算",2026年3月時点,2026年04月28日
7524,2120001013697,マルシェ株式会社,24,対象正社員,,,,,,,,,,,,,,,,,,,,,,83.4,84.7,99.7,2025年4月1日～2026年3月31日,,2026年4月時点,2026年07月22日
E04112,1110001022221,越後交通株式会社,,,,,,,,,,,,,,事務員,52.8,運転士,84,,,,,,,73.1,80.9,70.7,2025年4月1日～2026年3月31日,,2026年4月時点,2026年04月03日
6199,1011101032087,株式会社　セラク,11.1,対象正社員,正社員,11.1,契約社員,5.4,,,,,,,,正社員,84,契約社員,54,,,,,,,85.3,85.5,38.6,2024年9月1日～2025年8月31日,非正規雇用労働者においては、女性の割合が著しく低いため差異が大きくなっています。,2025年8月時点,2025年11月14日
5928,5120001060472,アルメタックス株式会社,,,,,,,,,,,,,70,,,,,,,,,,,71.7,73.3,59.1,2025年4月1日～2026年3月31日,属性（勤続年数、役職等）が同じ男女労働者間での賃金の差異はありません。,2026年3月時点,2026年07月22日
9558,6020001036275,ジャパニアス株式会社,,,,,,,,,,,,,,エンジニア職,79.2,営業・企画・事務職,72.8,,,,,,,80,80.8,73.6,2023年12月1日～2024年11月30日,"男女の賃金の差異は、女性よりも男性に専門性の高い技術を有する社員が多いためであります。
正規雇用労働者及びパート・有期労働者のいずれにおいても、性別による人事制度上の差を設けておらず、技術力に応じた賃金を支給しております。",2024年11月時点,2025年08月28日
9979,2010801006663,株式会社大庄,,,,,,,,,,,,,,,,,,,,,,,,73,79.8,96,2024年9月1日～2025年8月31日,非正規雇用労働者については短時間労働者が多いため、正社員の所定労働時間で換算した人員数を基に、平均年間賃金を算出している。,2024年8月時点,2026年02月13日
E04164,4320001000062,大分交通株式会社,,,,,,,,,,,,,,,,,,,,,,,,73.1,78.5,63.9,2025年4月1日～2026年3月31日,,2026年6月時点,2026年07月01日
3035,9180001016399,ケイティケイ株式会社,15.3,対象正社員,,,,,,,,,,,66.2,,,,,,,,,,,59.6,83.5,98.3,2024年8月21日～2025年8月20日,,2025年8月時点,2026年02月24日
3059,9140001017855,ヒラキ株式会社,,,,,,,,,,,,,,,,,,,,,,,,58.1,72.7,97.5,2025年4月1日～2026年3月31日,"・正規雇用労働者には、執行役員、60歳以上の継続雇用労働者を含みます。
・非正規雇用労働者には、パートタイム労働者およびアルバイト労働者を含みます。
・労働者人数については、正規雇用労働者の基本労働時間（165時間/月）で換算した人員数を基に
　平均年間賃金を算出しています。",2026年3月時点,2026年07月02日
6062,5120001109492,株式会社チャーム・ケア・コーポレーション,7.9,その他,,,,,,,,,,,,,,,,,,,,,,66.6,84.4,100.9,2024年7月1日～2025年6月30日,"対象期間：令和7年4月から令和8年3月まで
正規雇用労働者：正社員・限定正社員・エルダー社員（正社員）・エルダー社員（限定正社員）
非正規雇用労働者：準社員・パートタイマー・エルダー社員（準社員）・エルダー社員（パートタイマー）・登録ヘルパー
賃金：所定内賃金、時間外手当、賞与等を含み、通勤手当を除く",2026年4月時点,2026年04月14日
2762,8013301027281,株式会社SANKO MARKETING FOODS,,,正社員,17.5,,,,,,,,,,,,,,,,,,,,56.4,83.4,84.5,2024年7月1日～2025年6月30日,,2025年6月時点,2025年10月28日
9713,2120001072198,株式会社ロイヤルホテル,,,,,,,,,,,,,,,,,,,,,,,,66.3,72.8,56.6,2024年4月1日～2025年3月31日,,2024年3月時点,2026年02月02日
9720,7020001028858,株式会社ホテル、ニューグランド,,,,,,,,,,,,,,,,,,,,,,,,63.6,73.9,55.3,2024年12月16日～2025年12月15日,・50歳以上の正規雇用者は女性スタッフは7名のみ、若手層（20代、30代）の女性スタッフの割合が多い。,2025年12月時点,2026年03月31日
7021,4010401054508,株式会社ニッチツ,25.6,対象正社員,管理本部,12.7,休廃止鉱山管理室,8.7,機械本部直接部門,31.8,機械本部間接部門,17.2,ハイシリカ事業本部直接部門,16.1,,,,,,,,,,,,,,,,,2026年3月時点,2026年07月17日
5342,9180001093174,ジャニス工業株式会社,19.7,対象正社員,パートタイマー,9.2,派遣,7.2,,,,,,,,,,,,,,,,,,78.8,81,76.1,2025年4月1日～2026年3月31日,,2025年2月時点,2026年08月21日
2698,6011101063012,株式会社キャンドゥ,,,,,,,,,,,,,,,,,,,,,,,,74.1,84.5,100.6,2025年3月1日～2026年2月28日,"・正規雇用　：日給月給制の正社員、時間給制で無期雇用契約の準社員
・非正規雇用：時間給制で有期雇用契約の準社員、アルバイト

・人員数　：対象期間の各月の従業員人数（時間給は8時間換算）の平均 

・賃金：各月の対象者に支払した給与・賞与の総額を対象としています
（通勤費・交通費は含みません）",2026年2月時点,2026年05月29日
2146,6010701020975,UTグループ株式会社,,,総合職キャリアコース,9.3,アソシエイトコース,4.3,契約社員（フルタイム）,13.8,契約社員（パートタイム）,5.9,嘱託,15.7,,,,,,,,,,,,62.4,65.8,35.1,2025年4月1日～2026年3月31日,,2026年3月時点,2026年07月06日
E04192,9110001003701,新潟運輸株式会社,,,,,,,,,,,,,,,,,,,,,,,,67,73.8,67.1,2025年5月1日～2026年4月30日,,2026年6月時点,2026年06月11日
2218,8430001012919,日糧製パン株式会社,,,,,,,,,,,,,,,,,,,,,,,,64.4,78.8,82.6,2025年4月1日～2026年3月31日,正規雇用労働者の際は、勤続年数の差による基本給の差、および扶養家族人数による手当の差が影響しています。,2026年3月時点,2026年06月16日
7412,3180001058182,株式会社アトム,,,,,,,,,,,,,,,,,,,,,,,,69.8,76.9,111.2,2025年4月1日～2026年3月31日,,2026年3月時点,2026年08月20日
7698,5020001000471,株式会社アイスコ,,,,,,,,,,,,,,全社員,56,,,,,,,,,45.6,91.5,89.5,2025年4月1日～2026年3月31日,,2026年3月時点,2026年07月21日
9017,7110001003728,新潟交通株式会社,,,,,,,,,,,,,,,,,,,,,,,,76.6,81.7,77.9,2025年4月1日～2026年3月31日,,2026年4月時点,2026年06月17日
259A,9180001005179,株式会社ケイ・ウノ,,,,,,,,,,,,,,,,,,,,,,,,75.2,75.2,84.3,2024年10月1日～2025年9月30日,"・賃金は賞与を含み、通勤手当を除いたすべての手当
・正規雇用労働者の差異について…育児介護を理由にした時短勤務者が男性１名に対し、女性が81名（月平均）と多く、時短勤務者は短縮した労働時間だけ減額されいているが人員数カウントは1のため。
・非正規雇用労働者は労働時間をもとに人員数を換算している。",2025年10月時点,2025年10月28日
2653,6290001017604,イオン九州株式会社,10,対象正社員,正社員,7.9,,,,,,,,,,,,,,,,,,,,62.9,71.5,96.1,2024年3月1日～2025年2月28日,"■差異に関する補足説明

（正規雇用）賃金制度において性別の処遇の差は一切ありませんが、転居を伴う転勤の有無により給与体系が異なります。時短勤務や転居を伴う転勤無しの区分選択者に女性が多いため、差異があります。
（時短229名　男性：4名　女性：225名）

(非正規雇用）月間160H換算で人数を算出しています。",2025年5月時点,2026年06月05日
2911,5100001022185,旭松食品株式会社,,,,,,,,,,,,,,,,,,,,,,,,55,70,76.4,2025年4月1日～2026年3月31日,,2025年3月時点,2026年07月23日
7823,9011001000392,株式会社アートネイチャー,11.2,その他,正社員,11.5,契約社員,6.4,パート,0.9,派遣社員,0.5,,,,,,,,,,,,,,74.6,76.7,74.3,2024年4月1日～2025年3月31日,,2025年3月時点,2025年10月31日
7604,5290001048435,株式会社梅の花グループ,,,,,,,,,,,,,,,,,,,,,,,,51.9,71.7,68.8,2025年5月1日～2026年4月30日,,2026年4月時点,2026年08月20日
3479,7010001105955,株式会社TKP,12.6,対象正社員,総合職,15.2,専門職,19.5,業務職（オペレーション）,9.5,業務職（ホテル）,15.1,業務職（事務）,5.1,80.5,正社員,80.2,エキスパート社員,83.9,時給社員,81.1,,,,,80.9,83,87.8,2025年3月1日～2026年2月28日,"対象期間：2026年2月期事業年度(2025年3月1日～2026年2月28日)
正社員：社外への出向者を除く
非正規雇用：有期雇用社員
賃金：通勤手当等を除く",2026年2月時点,2026年04月13日
4720,8020001073184,株式会社城南進学研究社,10.7,対象正社員,,,,,,,,,,,,,,,,,,,,,,75.2,83.8,99.4,2024年4月1日～2025年3月31日,,2025年4月時点,2026年03月31日
6076,1320001003869,株式会社アメイズ,,,,,,,,,,,,,,,,,,,,,,,,85.9,87.7,105.1,2024年12月1日～2025年11月30日,,2026年3月時点,2026年03月23日
8917,8140001052787,ファースト住建株式会社,,,,,,,,,,,,,,,,,,,,,,,,71.7,72.5,48.1,2024年11月1日～2025年10月31日,,2025年10月時点,2026年08月04日
3377,4011001034569,株式会社バイク王＆カンパニー,25.4,対象正社員,,,,,,,,,,,,,,,,,,,,,,62.3,73.6,86.9,2024年12月1日～2025年11月30日,,2025年11月時点,2026年02月17日
2685,1050001002254,株式会社アンドエスティHD,7.4,対象正社員,正社員,7.4,,,,,,,,,,正社員,68.9,,,,,,,,,86.2,66,106.4,2024年3月1日～2025年2月28日,アンドエスティHD・アンドエスティ・アダストリア3社の実績。全従業員の賃金差異については労働者の平均値を単純合算し算出,2025年2月時点,2025年10月15日
6186,4030001000777,株式会社一蔵,,,正社員,23.8,契約社員,15.2,パートタイマー・アルバイト,5.7,,,,,,正社員,66,契約社員,68,パートタイマー・アルバイト,71.9,,,,,46.5,70.4,73.3,2025年4月1日～2026年3月31日,"付記事項
・対象期間:2025事業年度（2025年4月1日～2026年3月31日）
・非正規雇用者:嘱託社員、契約社員、アルバイト、パートが該当
・正社員:役員及び非正規雇用者以外の者（育休等による短時間正社員含む）
・人数は延べ人数、平均額は月額で表示
・雇用区分は、各給与支給月の区分による
・対象期間中の入退社の者も計算に含める
・育休、私傷病による休職者等（給与の支払いがなかった者）は除く
・賃金:基本給、超過労働に対する賃金、通勤手当を含み、退職金を除く",2026年3月時点,2026年04月24日
7118,8430001032173,株式会社伸和ホールディングス,25,基幹的な職種,,,,,,,,,,,,,,,,,,,,,,64.8,81.4,88.3,2022年4月1日～2023年3月31日,,2023年12月時点,2024年02月08日
7494,4020001007344,株式会社コナカ,12.9,対象正社員,正社員,12.9,契約社員,7.1,,,,,,,,正社員,59.8,,,,,,,,,62.3,70.2,90.1,2024年10月1日～2025年9月30日,"正規労働労働者に関しては、女性労働者の平均年齢が男性労働者より10歳以上下回っていることにより、相対的に賃金水準の低い女性労働者が多いことや、育児休業終了後の短時間勤務利用者が、女性労働者の23％と高い水準にあるため、男女の賃金差を生む要因となっている。
また、全労働者に関しては、非正規労働者の女性の占める割合が49％であり、かつ扶養の範囲内での勤務を望む女性労働者が多いため、全労働者の男女の賃金差を生む要因となっている。",2025年9月時点,2025年12月26日
6171,8100001002184,株式会社土木管理総合試験所,12.3,対象正社員,,,,,,,,,,,,,,,,,,,,,,69.7,69.2,70.5,2025年1月1日～2025年12月31日,,2025年12月時点,2026年02月12日
2927,3080001005054,株式会社ＡＦＣ-ＨＤアムスライフサイエンス,,,,,,,,,,,,,,正社員,72,ﾊﾟｰﾄ,83.2,,,,,,,68.7,80.6,59.9,2024年9月1日～2025年8月31日,,2025年8月時点,2025年12月22日
7805,9340001008231,プリントネット株式会社,,,,,,,,,,,,,,,,,,,,,,,,81.3,81.6,88.1,2024年9月1日～2025年8月31日,2024.9-2025.8,2025年8月時点,2025年09月16日
2311,4011801000662,株式会社エプコ,16.8,対象正社員,正社員,16.8,契約社員 フルタイム,12.4,契約社員 短時間,1.6,,,,,71.5,正社員,71.5,契約社員 フルタイム,79.7,契約社員 短時間,96,,,,,65.5,71.6,94.9,2024年4月1日～2025年3月31日,,2025年3月時点,2026年02月17日
2435,3290801004110,株式会社シダー,,,,,,,,,,,,,,,,,,,,,,,,80,88.7,93.7,2025年4月1日～2026年3月31日,,2026年6月時点,2026年07月01日
2904,5110001001304,一正蒲鉾株式会社,11,対象正社員,,,,,,,,,,,85.9,,,,,,,,,,,69.1,72.7,85.1,2024年7月1日～2025年6月30日,,2025年6月時点,2025年08月19日
4679,7011001013925,株式会社田谷,,,,,,,,,,,,,,,,,,,,,,,,63.5,68.1,101.4,2025年4月1日～2026年3月31日,,2026年3月時点,2026年06月29日
3399,9430001017223,株式会社丸千代山岡家,,,,,,,,,,,,,,,,,,,,,,,,77.1,82.6,114,2025年2月1日～2026年1月31日,,2026年4月時点,2026年04月14日
2425,8010801003671,株式会社ケアサービス,11.8,対象正社員,正社員(介護職）,12.5,正社員(相談職）,13.5,正社員(看護職）,4.8,正社員(納棺師),10.3,正社員(ドライバー職）,8.7,82.9,正社員,83,パートタイマー,82.7,,,,,,,95.7,92.8,118.4,2025年4月1日～2026年3月31日,,2026年3月時点,2026年06月24日
8139,9010501010760,株式会社ナガホリ,9.6,その他,,,,,,,,,,,,,,,,,,,,,,70.2,68.9,71.4,2025年4月1日～2026年3月31日,属性（勤続年数、役職等）が同じ男女労働者間での賃金の差異はありません。,2026年3月時点,2026年07月17日
7601,9240001010841,株式会社ポプラ,7.4,対象正社員,,,,,,,,,,,,,,,,,,,,,,53.9,73.7,142.8,2025年3月1日～2026年2月28日,,2026年2月時点,2026年07月09日
6181,3010701024252,タメニー株式会社,15.9,対象正社員,,,,,,,,,,,,正社員,69.9,,,,,,,,,66.6,69.8,132.4,2025年4月1日～2026年3月31日,,2026年4月時点,2026年08月18日
9346,9020001094849,株式会社ココルポート,,,,,,,,,,,,,,,,,,,,,,,,90.3,90,98.5,2024年7月1日～2025年6月30日,,2025年6月時点,2025年09月16日
6929,2270001000573,日本セラミック株式会社,8.1,対象正社員,,,,,,,,,,,,全労働者,68.8,,,,,,,,,75.8,78.2,74.4,2025年1月1日～2025年12月31日,,2025年12月時点,2026年03月27日
7446,5420001009282,東北化学薬品株式会社,,,,,,,,,,,,,,,,,,,,,,,,59.9,61.4,71.5,2024年10月1日～2025年9月30日,,2025年9月時点,2026年04月17日
3810,6011001049177,サイバーステップホールディングス株式会社,7.5,対象正社員,,,,,,,,,,,,正社員,93.4,,,,,,,,,83.7,87.6,,2025年4月1日～2026年3月31日,"対象期間　2025年4月1日～2026年3月31日
非正規雇用者は男性の在籍がないため算出不可",2026年3月時点,2026年07月01日
9780,6020001024214,株式会社ハリマビステム,16.3,対象正社員,,,,,,,,,,,,,,,,,,,,,,71.9,80.5,86.6,2024年4月1日～2025年3月31日,"賃金：通勤手当等は除く
パート労働者については、正規雇用労働者の所定労働時間（1日8時間）で換算した人員数を基に平均年間賃金を算出している。
対象者：役員・監査役・顧問・派遣社員は除く

正規雇用労働者
男性の管理職比率が高いことによる賃金差異であります。

パート・有期労働者
相対的に賃金水準の高い有期労働者の多くが男性であることによる賃金差異であります。

全労働者
全従業員の過半を占めるパート労働者に女性が多いことなどによる賃金差異であります。　
　
いずれの雇用形態においても、同一の職務での性別による賃金格差は制度上存在せず、昇給・昇格や教育の機会についても等しく提供しております。今後、人員構成の変化や能力開発の進展により賃金差異は縮小していく見込みであります。",2025年3月時点,2025年07月07日
2683,7021001002448,株式会社魚喜,,,,,,,,,,,,,63.7,,,,,,,,,,,59.2,82.5,76,2025年3月21日～2026年3月20日,,2026年6月時点,2026年07月23日
3096,2110001013962,株式会社オーシャンシステム,24.3,対象正社員,社員（総合職・専任職）,28.6,社員（普通職）,20.6,パート他,10.3,,,,,51.9,社員（総合職・専任職）,41.3,社員（普通職）,52.7,パート他,54.6,,,,,71.2,74.5,101.2,2025年4月1日～2026年3月31日,非正規雇用の人員：労働時間の合計÷社員の平均月所定労働時間,2026年3月時点,2026年05月13日
3177,2500001012603,株式会社ありがとうサービス,,,,,,,,,,,,,,,,,,,,,,,,75.4,86.8,105.5,2025年3月1日～2026年2月28日,,2026年2月時点,2026年06月02日
3190,3370001002204,株式会社ホットマン,,,,,,,,,,,,,,,,,,,,,,,,73.5,81.3,93.6,2025年4月1日～2026年3月31日,,2026年3月時点,2026年05月21日
2686,1180001004741,株式会社　ジーフット,11.5,対象正社員,正社員：管理職（マネジメント層）,12,正社員：一般職,9.2,,,,,,,,正社員,69.7,パート・アルバイト,52.7,,,,,,,68.2,73.2,100.1,2025年3月1日～2026年2月28日,"対象期間：2025事業年度（2025年3月度～2026年2月度）
　　　賃金：給与、賞与、手当等
　正規雇用：役員を除く社員
非正規雇用：時間給社員

対象期間　2025年 3月 1日 ～ 2026年 2月 28日",2026年2月時点,2026年04月16日
7872,7010401094724,エステールホールディングス株式会社,5.4,対象正社員,正社員,5.4,パート,0.1,,,,,,,,全従業員,85.7,,,,,,,,,62,72.1,70.6,2025年4月1日～2026年3月31日,"当社における労働者の男女の賃金差異における正規雇用労働者について、役職階級別の賃金は同等の水準であります
日精雇用労働者の内、時間給制社員については、フルタイム労働者の所定労働時間に換算して算出しております。",2026年3月時点,2026年06月04日
7506,6010401023758,株式会社ハウスオブローゼ,,,,,,,,,,,,,,正社員,64.6,契約社員,71.6,アルバイト,101.5,全体,72.8,,,,,,,,2023年3月時点,2024年01月17日
4925,5010001066200,株式会社ハーバー研究所,2.7,その他,,,,,,,,,,,,その他,93.7,,,,,,,,,70,65.6,69.9,2025年4月1日～2026年3月31日,"賃金：基本給、超過労働に対する報酬を含む課税対象支給額。通勤手当等を除く
非正規雇用労働者：契約社員、パートタイマー、嘱託社員。派遣社員を除く",2026年3月時点,2026年08月20日
168A,2260001008618,株式会社イタミアート,,,,,,,,,,,,,,,,,,,,,,,,69.9,75.5,95,2025年2月1日～2026年1月31日,,2026年1月時点,2026年05月25日
6776,8012301007277,天昇電気工業株式会社,,,,,,,,,,,,,,,,,,,,,,,,68.5,69.8,80,2025年4月1日～2026年3月31日,,2026年3月時点,2026年07月31日
8835,8010501031238,太平洋興発株式会社,7,対象正社員,,,,,,,,,,,,,,,,,,,,,,84.6,80.8,86.4,2025年4月1日～2026年3月31日,,2026年3月時点,2026年08月20日
2694,2370001010224,株式会社　焼肉坂井ホールディングス,,,,,,,,,,,,,,,,,,,,,,,,56.9,75.1,90.9,2025年4月1日～2026年3月31日,,2026年5月時点,2026年07月29日
3548,9013201014379,株式会社バロックジャパンリミテッド,6.5,対象正社員,,,,,,,,,,,,対象正社員,77.7,,,,,,,,,62.5,59.9,92.6,2025年3月1日～2026年2月28日,,2026年2月時点,2026年05月28日
8181,5010501016225,㈱東天紅,,,,,,,,,,,,,,,,,,,,,,,,50.2,83.8,79.9,2025年3月1日～2026年2月28日,,2025年2月時点,2026年08月20日
3140,7010401037344,ＢＲＵＮＯ株式会社,,,,,,,,,,,,,,,,,,,,,,,,48.8,61.1,187.4,2024年7月1日～2025年6月30日,,2026年3月時点,2026年04月10日
9778,7340001002293,株式会社　昴,,,,,,,,,,,,,,正社員,62.9,,,,,,,,,44,82.9,71.3,2025年3月1日～2026年2月28日,"付記事項
　対象期間：2025事業年度（2025年3月1日から2026年2月28日まで）
　賃金：退職手当、通勤手当等を除く。
　正規雇用労働者：出向者の該当なし。
　パート・有期労働者：パート事務、アルバイト講師、契約社員（再雇用含む）が該当。

　差異についての補足説明：
　　当社では、同一の職種・等級における賃金テーブルや昇給・昇格制度において男女間の差は
　　設けておりません。上記の正規雇用労働者の男女の賃金の差異は、管理職層に女性の人数が
　　少ないことや、職種及び等級ごとの人数構成の差によるものであります。
　　また、パート・有期労働者の男女の賃金の差異は、職種（パート事務、アルバイト講師、契
　　約社員）により男女の構成比率が大きく異なることが主な要因であります。
　　なお、パート事務、アルバイト講師は時間給で勤務しておりますが、賃金についてはフルタ
　　イム換算をせず、実際に支給した賃金に基づき算出しております。",2025年10月時点,2026年06月29日
7477,6013401005189,ムラキ株式会社,22.7,基幹的な職種,正社員,26.4,契約社員,7.4,,,,,,,,全従業員,27.4,正社員,26.3,契約社員,30.9,,,,,67.8,84.5,72.6,2025年4月1日～2026年3月31日,,2026年3月時点,2026年05月11日
1383,9500001015681,ベルグアース株式会社,,,,,,,,,,,,,,,,,,,,,,,,61.3,85.8,86.8,2024年11月1日～2025年10月31日,通勤手当除外,2025年10月時点,2026年07月17日
7928,5180301015006,旭化学工業株式会社,,,,,,,,,,,,,,,,,,,,,,,,59.1,62,82.5,2024年9月1日～2025年8月31日,,2025年8月時点,2026年07月28日
3174,4040001063955,株式会社ハピネス・アンド・ディ,,,,,,,,,,,,,,,,,,,,,,,,74.8,79,106.6,2024年9月1日～2025年8月31日,"※性別ではなく、職務要件（職種別・職能）により賃金を決定しております。
※非正規に関して、男性に比べ女性従業員が勤務時間が長いことが影響し、平均賃金額が上回った。",2026年4月時点,2026年04月28日
7039,2010901015622,ブリッジインターナショナル株式会社,,,,,,,,,,,,,,,,,,,,,,,,84,92.1,73.2,2022年1月1日～2022年12月31日,,2022年12月時点,2024年02月05日
7062,4090001004657,株式会社　フレアス,19.4,対象正社員,,,,,,,,,,,56.2,,,,,,,,,,,83.3,83,98.7,2025年4月1日～2026年3月31日,"2026年3月31日時点　
全労働者　男性平均　276,918　女性平均　230,676",2026年3月時点,2026年06月22日
2789,9370001017691,株式会社カルラ,,,,,,,,,,,,,,,,,,,,,,,,70.8,80.4,101.6,2025年3月1日～2026年2月28日,"対象期間：令和７年事業年度（令和7年3月1日～令和8年2月28日）
正規労働者：正社員
非正規労働者：パートタイマー、アルバイト",2026年2月時点,2026年06月25日
6537,7350001002813,ＷＡＳＨハウス株式会社,,,,,,,,,,,,,,,,,,,,,,,,81.5,52.8,47.2,2025年1月1日～2025年12月31日,,2026年2月時点,2026年04月02日
7066,8180001056958,株式会社ピアズ,,,正社員（営業）,4.3,正社員（コーポレート）,1,有期社員,4.2,,,,,,,,,,,,,,,,77,72.8,84.3,2024年10月1日～2025年9月30日,,2025年9月時点,2025年12月25日
3032,8030001002794,株式会社ゴルフ・ドゥ,22,対象正社員,,,,,,,,,,,,,,,,,,,,,,54.5,89.7,90.3,2025年4月1日～2026年3月31日,,2026年7月時点,2026年08月10日
9331,7020001107769,株式会社キャスター,5.1,その他,,,,,,,,,,,,,,,,,,,,,,73.9,71.3,75.3,2024年9月1日～2025年8月31日,"対象期間：2024年9月-2025年8月

算出について：出勤日数が16日より多い人を対象にカウント

賃金：基本給・固定残業代・超過労働に対する報酬・賞与を含む

産休、育休、休職者：賃金が発生していなければカウント対象外",2025年8月時点,2025年11月20日
9854,7120001022594,愛眼株式会社,15,対象正社員,正社員,15,契約社員,10,パート,1,嘱託,6,,,,正社員,41,契約社員,50,パート,63,嘱託,59,,,74.4,77.7,93.4,2025年4月1日～2026年3月31日,,2026年3月時点,2026年07月02日
E04551,7330001001610,株式会社熊本ホテルキヤッスル,,,,,,,,,,,,,,,,,,,,,,,,65.7,77.1,50.3,2025年4月1日～2026年3月31日,,2026年4月時点,2026年08月17日
7992,9010601024727,セーラー万年筆株式会社,3.9,対象正社員,,,,,,,,,,,,,,,,,,,,,,61.2,74.9,60.4,2025年1月1日～2025年12月31日,"賃金:基本給、超過労働に対する報酬、賞与等を含み、退職手当、通勤手当等を除く
正規雇用労働者:出向者については、他社から当社への出向者を除き、当社から社外への出向者を含む
非正規雇用労働者:派遣社員を除く

女性の新卒採用が多いこと、労働時間の短い女性パート社員が多いことで男女賃金格差がある。",2026年3月時点,2026年03月12日
7603,4011301006656,ジーイエット株式会社,,,正社員,12.7,地域限定社員,10.5,非正規社員（短時間）,10.2,非正規社員（フルタイム）,7.8,非正規社員（嘱託）,4.2,,,,,,,,,,,,42.9,81.4,77.9,2025年3月1日～2026年2月28日,非正規雇用の女性比率が圧倒的に大きく、女性の賃金を引き下げる要因となっております。,2025年2月時点,2026年07月16日
7562,9030001000302,株式会社安楽亭,,,,,,,,,,,,,,,,,,,,,,,,72.6,75.7,104.1,2024年4月1日～2025年3月31日,,2025年3月時点,2025年09月08日
7374,6010001162295,株式会社コンフィデンス・インターワークス,8.8,基幹的な職種,,,,,,,,,,,,,,,,,,,,,,90.9,91.1,90.7,2025年4月1日～2026年3月31日,,2026年3月時点,2026年07月06日
6078,7011001036950,株式会社バリューＨＲ,,,,,,,,,,,,,,,,,,,,,,,,56.5,55,36.9,2025年1月1日～2025年12月31日,"①正規雇用労働者における男女間の差異が生じている主な要因
１）営業職・専門職と事務職の賃金差
※賃金制度における性別による処遇の差はなし。

2）産育休取得に関する賃金差
※産育休取得者の約9割が女性、時短勤務利用者の10割が女性。
※育休取得率について男女共に100％
※時短勤務者も除外せずに算定。

②有期雇用労働者における男女間の差異が生じている主な要因
１）2025年度の有期雇用者（事務アルバイト）の採用が前年度に比べ大幅増。
※男女比：＝1：3

２）管理職（経験者）を担う65歳以上の嘱託社員は男性が多い。
※１）により、今年度は特に差異が生じたと考えられます。",2025年12月時点,2026年07月17日
2300,7290001012793,㈱きょくとう,,,,,,,,,,,,,,,,,,,,,,,,41.5,79.5,85.9,2025年3月1日～2026年2月28日,非正規労働者はほとんど女性である。,2026年2月時点,2026年07月29日
7441,4340001004160,株式会社Ｍｉｓｕｍｉ,6.5,対象正社員,,,,,,,,,,,,,,,,,,,,,,82.6,76.8,103.8,2025年4月1日～2026年3月31日,,2026年3月時点,2026年04月03日
6574,8011001095822,株式会社コンヴァノ,20.3,基幹的な職種,正社員,10.5,アルバイト,4.4,,,,,,,63.9,正社員,62.7,アルバイト,118,,,,,,,76,61.9,168.1,2025年4月1日～2026年3月31日,"各月ごと、各雇用区分ごとに人数総額を算出し以下の計算式で算出
女性の平均年間賃金／男性の平均年間賃金×100＝男女の賃金の差異（％）",2026年3月時点,2026年06月01日
E04671,1200001017708,株式会社可児ゴルフ倶楽部,,,,,,,,,,,,,,正社員,80.7,契約社員,93.1,全社員平均,88.2,,,,,81.8,71.3,100,2025年2月1日～2026年1月31日,,2026年1月時点,2026年03月17日
2373,5120001101680,株式会社ケア２１,5.8,対象正社員,,,,,,,,,,,,,,,,,,,,,,96.8,95.4,98.2,2024年11月1日～2025年10月31日,,2025年10月時点,2025年11月04日
E04580,3110001022475,株式会社ホテルニューオータニ長岡,,,,,,,,,,,,,,正社員,53,,,,,,,,,57.9,76.4,92.6,2025年1月1日～2025年12月1日,"※1ヵ月の平均労働者数201名　
内訳）全労働者 　　 　男：92.8名、 女：108.3名
　  正規雇用労働者　　男：67名　　 女：35名
　    非正規雇用労働者　男：25.8名、 女：73.3名",2026年4月時点,2026年05月01日
8247,6220001003957,株式会社大和,5,対象正社員,,,,,,,,,,,60,,,,,,,,,,,65.6,67.1,78.5,2025年3月1日～2026年2月28日,対象期間：２０２５事業年度（２０２５年３月１日～２０２６年２月２８日）,2026年3月時点,2026年05月11日
7087,3120001157048,株式会社ウイルテック,15,対象正社員,,,,,,,,,,,78,,,,,,,,,,,84.9,84.9,90.4,2025年4月1日～2026年3月31日,,2026年3月時点,2026年05月26日
3370,9430001054035,株式会社フジタコーポレーション,,,正社員,27.5,パートナー社員（有期雇用・常用のみ）,9.7,,,,,,,,,,,,,,,,,,82.8,82.3,101.2,2025年4月1日～2026年3月31日,,2026年3月時点,2026年06月11日
9791,5120901008067,株式会社ビケンテクノ,,,,,,,,,,,,,,,,,,,,,,,,71.3,76.2,86.1,2025年4月1日～2026年3月31日,,2026年3月時点,2026年07月16日
8260,7290801000329,株式会社井筒屋,12,その他,,,,,,,,,,,,,,,,,,,,,,,,,,,H.30.11,2018年12月25日
7571,4011001030931,株式会社ヤマノホールディングス,,,,,,,,,,,,,,全社員,49,,,,,,,,,60.8,62,63.3,2023年4月1日～2024年3月31日,"短時間労働者の人数については、正規社員の労働時間を基準として時間による換算人数で計算しています。
子会社への出向者数は含んでおりません。",2024年3月時点,2024年08月02日
8254,3020001074170,株式会社さいか屋,8,対象正社員,,,,,,,,,,,,,,,,,,,,,,,,,,,2025年8月時点,2025年11月17日
8166,5011401003916,株式会社　タカキュー,,,,,,,,,,,,,,,,,,,,,,,,71,78.3,98.7,2025年3月1日～2026年2月28日,非正規雇用労働者の人数は、正規雇用労働者の所定労働時間を基に換算人員数で算出。,2026年3月時点,2026年07月16日
7585,6030001001831,株式会社かんなん丸,,,,,,,,,,,,,,,,,,,,,,,,37.9,72.9,72.1,2025年7月1日～2026年6月30日,,2026年7月時点,2026年07月21日
9969,5180001000563,株式会社ショクブン,16.1,その他,,,,,,,,,,,68,,,,,,,,,,,69.7,64.9,74,2025年4月1日～2026年3月31日,賃金：通勤手当を除く,2026年3月時点,2026年06月17日
4834,7430001004883,キヤリアバンク株式会社,4.6,対象正社員,専任社員,0,契約社員,1.6,嘱託社員,3.6,パート社員,0.5,スタッフ,1.1,86.2,専任社員,94.7,契約社員,79.4,パート社員,87.1,嘱託社員,88.5,スタッフ,89.6,87.9,75.1,103,2025年6月1日～2026年5月31日,,2026年8月時点,2026年08月18日
9904,3020001050312,株式会社ベリテ,3.3,基幹的な職種,,,,,,,,,,,,,,,,,,,,,,60.9,66.1,28.9,2025年4月1日～2026年3月31日,,2026年5月時点,2026年06月12日
E03362,6010801001974,オーケー株式会社,,,,,,,,,,,,,,,,,,,,,,,,79.5,78.1,98,2025年3月21日～2026年3月20日,"1.対象期間：令和4事業年度（令和7年4月から令和8年3月まで）

2.正規雇用労働者：正社員（下記以外の従業員）

3.非正規雇用労働者：有期雇用契約社員（定年再雇用、契約社員、パートタイム労働者）

　※なお、契約社員、パートタイム労働者についてはフルタイム労働者の
　　所定労働時間（8時間/日）をもとに人員数の換算を行っている。",2026年6月時点,2026年07月15日
150A,9010001174841,株式会社ＪＳＨ,18.6,対象正社員,全体,14.7,正規従業員,18.6,非正規従業員,2.8,,,,,73.5,全従業員,71.9,,,,,,,,,96.9,73,119.2,2025年4月1日～2026年3月31日,男女賃金格差：「平均年間賃金（女性）÷平均年間賃金（男性）」となります。,2026年3月時点,2026年08月20日
E04168,7270001000651,日ノ丸自動車株式会社,,,,,,,,,,,,,74.4,,,,,,,,,,,82.2,69.4,79,2025年3月16日～2026年3月15日,,2026年3月時点,2026年04月03日
4754,3370001005710,株式会社トスネット,4.5,その他,全社員,4.6,,,,,,,,,,,,,,,,,,,,97.8,93.5,80.7,2024年10月1日～2025年9月30日,"2024/10/1～2025/9/30の期間で算出
全労働者　（男）711,831,861
　　　　　（女） 80,869,812
正規雇用　（男）639,899,377
　　　　　（女） 76,460,512
非正規雇用（男） 71,932,484
　　　　　（女）  4,409,300",2026年2月時点,2026年07月13日
