rank_adj,rank_raw,rank_delta,sec_code,name,tse33,listed,avg_age,avg_tenure,avg_salary,salary35,factor,employees_nonconsolidated,employees_consolidated,emp_ratio,badge,salary35_fit,industry,source,period_end,doc_id
1,1,0,6861,株式会社キーエンス,電気機器,上場,35.0,11.3,21783259.0,21783259,1.0,3306.0,12784.0,0.2586,,21783259,製造業,tag,2026-03-20,S100YAHE
2,2,0,8058,三菱商事株式会社,卸売業,上場,42.3,17.0,21125472.0,18752316,0.8877,4456.0,63037.0,0.0707,本社のみ,18275336,卸売業・小売業,tag,2026-03-31,S100YB25
3,3,0,8031,三井物産株式会社,卸売業,上場,42.0,17.4,20589000.0,18360999,0.8918,5333.0,55463.0,0.0962,本社のみ,17840110,卸売業・小売業,tag,2026-03-31,S100YAVT
4,5,1,6146,株式会社ディスコ,機械,上場,37.2,10.6,18795641.0,17859078,0.9502,3687.0,5547.0,0.6647,,17750841,製造業,tag,2026-03-31,S100YC6I
5,4,-1,8001,伊藤忠商事株式会社,卸売業,上場,42.0,17.0,19911534.0,17756844,0.8918,4125.0,114570.0,0.036,本社のみ,17253094,卸売業・小売業,tag,2026-03-31,S100YA6H
6,6,0,8801,三井不動産株式会社,不動産業,上場,42.1,16.0,18555000.0,16427375,0.8853,1981.0,27704.0,0.0715,本社のみ,16067990,不動産業,tag,2026-03-31,S100YHUO
7,7,0,8053,住友商事株式会社,卸売業,上場,43.3,18.0,18402971.0,16087720,0.8742,4938.0,82488.0,0.0599,本社のみ,15897975,卸売業・小売業,tag,2026-03-31,S100YARD
8,11,3,9104,株式会社　商船三井,海運業,上場,38.4,12.9,16599254.0,15860182,0.9555,1433.0,11567.0,0.1239,,15229940,運輸業,tag,2026-03-31,S100YI2T
9,9,0,8002,丸紅株式会社,卸売業,上場,42.5,17.8,17843699.0,15790535,0.8849,4225.0,52658.0,0.0802,本社のみ,15424496,卸売業・小売業,tag,2026-03-31,S100YAY4
10,10,0,8802,三菱地所株式会社,不動産業,上場,42.0,16.0,17593300.0,15597606,0.8866,1286.0,11659.0,0.1103,,15244373,不動産業,tag,2026-03-31,S100YBLA
11,8,-3,8601,株式会社大和証券グループ本社,証券、商品先物取引業,上場,41.6,15.2,17934308.0,15556692,0.8674,624.0,14984.0,0.0416,本社のみ,15587064,金融業・保険業,tag,2026-03-31,S100YCMP
12,12,0,4686,株式会社ジャストシステム,情報・通信業,上場,38.8,13.5,16500050.0,14942809,0.9056,293.0,302.0,0.9702,,15003771,情報通信業,tag,2026-03-31,S100YHW4
13,14,1,9101,日本郵船株式会社,海運業,上場,37.8,13.9,15545044.0,14934917,0.9608,1370.0,39830.0,0.0344,本社のみ,14465783,運輸業,tag,2026-03-31,S100YBT6
14,17,3,9107,川崎汽船株式会社,海運業,上場,38.0,13.4,14504365.0,13909484,0.959,962.0,5262.0,0.1828,,13432822,運輸業,tag,2026-03-31,S100YC6B
15,15,0,8766,東京海上ホールディングス株式会社,保険業,上場,42.4,14.8,14871103.0,12778872,0.8593,1339.0,67526.0,0.0198,本社のみ,12859443,金融業・保険業,tag,2026-03-31,S100YLS8
16,18,2,8015,豊田通商株式会社,卸売業,上場,43.0,16.7,14213845.0,12482457,0.8782,2466.0,74927.0,0.0329,本社のみ,12276481,卸売業・小売業,tag,2026-03-31,S100YD8J
17,23,6,8035,東京エレクトロン株式会社,電気機器,上場,43.1,14.7,13804159.0,12297909,0.8909,2309.0,20236.0,0.1141,,11922786,製造業,tag,2026-03-31,S100YEOO
18,41,23,4310,株式会社ドリームインキュベータ,サービス業,上場,34.61,3.76,12208000.0,12258531,1.0041,198.0,222.0,0.8919,,12337071,サービス業,tag,2026-03-31,S100YD1A
19,30,11,9119,飯野海運株式会社,海運業,上場,38.6,13.2,12850000.0,12255430,0.9537,209.0,688.0,0.3038,,11736616,運輸業,tag,2026-03-31,S100YGFN
20,13,-7,4676,株式会社フジ・メディア・ホールディングス,情報・通信業,上場,50.5,23.3,15770000.0,12203119,0.7738,122.0,7373.0,0.0165,本社のみ,14134832,情報通信業,tag,2026-03-31,S100YHYX
21,19,-2,8604,野村ホールディングス株式会社,証券、商品先物取引業,上場,45.0,4.0,14208790.0,12043080,0.8476,204.0,28677.0,0.0071,本社のみ,12389299,金融業・保険業,tag,2026-03-31,S100YC5C
22,25,3,4307,株式会社野村総合研究所,情報・通信業,上場,39.7,13.7,13326000.0,11879184,0.8914,7982.0,16894.0,0.4725,,11896933,情報通信業,tag,2026-03-31,S100YBM8
23,36,13,1812,鹿島建設株式会社,建設業,上場,41.2,15.7,12454406.0,11761806,0.9444,8959.0,21170.0,0.4232,,10867878,建設業,tag,2026-03-31,S100YGGI
24,35,11,1969,高砂熱学工業株式会社,建設業,上場,41.5,14.7,12457000.0,11742141,0.9426,2469.0,7287.0,0.3388,,10836510,建設業,tag,2026-03-31,S100YDOU
25,22,-3,8309,三井住友トラストグループ株式会社,銀行業,上場,46.5,19.9,13927000.0,11712009,0.841,194.0,22526.0,0.0086,本社のみ,12303601,金融業・保険業,tag,2026-03-31,S100YBGM
26,24,-2,8595,ジャフコ　グループ株式会社,証券、商品先物取引業,上場,43.0,13.0,13656206.0,11697544,0.8566,133.0,,,,11794849,金融業・保険業,tag,2026-03-31,S100YCOQ
27,37,10,1802,株式会社大林組,建設業,上場,42.0,15.9,12393648.0,11645938,0.9397,9472.0,18031.0,0.5253,,10738940,建設業,tag,2026-03-31,S100YITC
28,27,-1,3289,東急不動産ホールディングス株式会社,不動産業,上場,42.8,15.3,13199000.0,11573039,0.8768,105.0,21036.0,0.005,本社のみ,11401702,不動産業,tag,2026-03-31,S100YHXW
29,33,4,2768,双日株式会社,卸売業,上場,40.5,14.7,12571801.0,11476202,0.9129,2094.0,26789.0,0.0782,本社のみ,11072073,卸売業・小売業,tag,2026-03-31,S100Y9EI
30,45,15,8020,兼松株式会社,卸売業,上場,37.7,12.1,12015894.0,11474712,0.955,861.0,8604.0,0.1001,,11208777,卸売業・小売業,tag,2026-03-31,S100YGCZ
31,28,-3,9984,ソフトバンクグループ株式会社,情報・通信業,上場,41.2,10.1,13195551.0,11463471,0.8687,276.0,73677.0,0.0037,本社のみ,11514611,情報通信業,tag,2026-03-31,S100YGH5
32,39,7,1961,三機工業株式会社,建設業,上場,42.5,18.1,12280992.0,11446843,0.9321,2128.0,2705.0,0.7867,,10615966,建設業,tag,2026-03-31,S100YH3A
33,16,-17,9405,朝日放送グループホールディングス株式会社,情報・通信業,上場,48.7,20.8,14650000.0,11340368,0.7741,104.0,1724.0,0.0603,本社のみ,13078963,情報通信業,tag,2026-03-31,S100YD4D
34,29,-5,285A,キオクシアホールディングス株式会社,電気機器,上場,46.2,13.9,13066018.0,11281619,0.8634,140.0,15218.0,0.0092,本社のみ,11514073,製造業,tag,2026-03-31,S100YJ18
35,51,16,,株式会社日本政策投資銀行,その他金融業,非上場,36.8,13.1,11840000.0,11271012,0.9519,1324.0,1955.0,0.6772,,11295347,金融業・保険業,textblock,2026-03-31,S100YLAV
36,46,10,9110,ＮＳユナイテッド海運株式会社,海運業,上場,40.2,14.4,11966894.0,11248777,0.94,261.0,669.0,0.3901,,10589488,運輸業,tag,2026-03-31,S100YCN8
37,20,-17,9413,株式会社テレビ東京ホールディングス,情報・通信業,上場,46.3,18.86,14193622.0,11141299,0.785,103.0,1672.0,0.0616,本社のみ,12518425,情報通信業,tag,2026-03-31,S100YCRR
38,47,9,1801,大成建設株式会社,建設業,上場,42.3,17.0,11910134.0,11137167,0.9351,9518.0,18503.0,0.5144,,10303282,建設業,tag,2026-03-31,S100YBGF
39,54,15,1980,ダイダン株式会社,建設業,上場,41.5,15.8,11768023.0,11092702,0.9426,2185.0,2568.0,0.8509,,10237160,建設業,tag,2026-03-31,S100YGXY
40,34,-6,3231,野村不動産ホールディングス株式会社,不動産業,上場,41.9,13.5,12482286.0,11078522,0.8875,427.0,9043.0,0.0472,本社のみ,10822940,不動産業,tag,2026-03-31,S100YH2N
41,68,27,4684,株式会社オービック,情報・通信業,上場,35.8,12.9,11292000.0,10988490,0.9731,2030.0,2256.0,0.8998,,11054978,情報通信業,tag,2026-03-31,S100YGBS
42,43,1,1975,株式会社朝日工業社,建設業,上場,44.6,17.8,12159126.0,10961307,0.9015,1080.0,1148.0,0.9408,,10568756,建設業,tag,2026-03-31,S100YIGB
43,59,16,1979,株式会社大気社,建設業,上場,42.0,15.2,11600212.0,10900370,0.9397,1824.0,5525.0,0.3301,,10051438,建設業,tag,2026-03-31,S100YCPQ
44,61,17,8628,松井証券株式会社,証券、商品先物取引業,上場,37.3,9.7,11548000.0,10869719,0.9413,227.0,,,,10878892,金融業・保険業,tag,2026-03-31,S100YFPS
45,58,13,6098,株式会社リクルートホールディングス,サービス業,上場,40.2,9.3,11624997.0,10866911,0.9348,130.0,45586.0,0.0029,本社のみ,10286944,サービス業,tag,2026-03-31,S100YDHL
46,40,-6,8803,平和不動産株式会社,不動産業,上場,42.1,14.7,12253000.0,10847999,0.8853,107.0,265.0,0.4038,,10610675,不動産業,tag,2026-03-31,S100YJ5I
47,21,-26,9404,日本テレビホールディングス株式会社,情報・通信業,上場,48.6,17.0,13983167.0,10824389,0.7741,235.0,5933.0,0.0396,本社のみ,12481475,情報通信業,tag,2026-03-31,S100Y9BG
48,31,-17,8729,ソニーフィナンシャルグループ株式会社,保険業,上場,45.8,3.8,12786000.0,10791827,0.844,267.0,14042.0,0.019,本社のみ,11227583,金融業・保険業,tag,2026-03-31,S100YCL0
49,32,-17,8630,ＳＯＭＰＯホールディングス株式会社,保険業,上場,43.3,12.5,12595575.0,10771890,0.8552,497.0,55702.0,0.0089,本社のみ,10881076,金融業・保険業,tag,2026-03-31,S100YC6Z
50,49,-1,9513,電源開発株式会社,電気・ガス業,上場,41.6,18.5,11883541.0,10763780,0.9058,1994.0,7202.0,0.2769,,10328222,電気・ガス業,tag,2026-03-31,S100YISC
51,53,2,8316,株式会社三井住友フィナンシャルグループ,銀行業,上場,39.0,14.0,11803000.0,10748035,0.9106,1678.0,122970.0,0.0136,本社のみ,10686428,金融業・保険業,tag,2026-03-31,S100YERK
52,48,-4,8012,長瀬産業株式会社,卸売業,上場,41.2,14.7,11901000.0,10745406,0.9029,942.0,7756.0,0.1215,,10384969,卸売業・小売業,tag,2026-03-31,S100YBTV
53,50,-3,5021,コスモエネルギーホールディングス株式会社,石油・石炭製品,上場,42.0,13.0,11881994.0,10706269,0.901,267.0,6675.0,0.04,本社のみ,10295598,製造業,tag,2026-03-31,S100YI3A
54,70,16,2432,株式会社ディー・エヌ・エー,サービス業,上場,38.6,7.0,11179000.0,10693004,0.9565,1400.0,2483.0,0.5638,,10210399,サービス業,tag,2026-03-31,S100YLDV
55,42,-13,1717,明豊ファシリティワークス株式会社,建設業,上場,46.5,10.6,12177000.0,10660862,0.8755,208.0,,,,10757589,建設業,tag,2026-03-31,S100YGMU
56,56,0,2433,株式会社博報堂ＤＹホールディングス,サービス業,上場,42.5,13.0,11683000.0,10619699,0.909,144.0,28921.0,0.005,本社のみ,10099049,サービス業,tag,2026-03-31,S100YHXU
57,52,-5,1982,日比谷総合設備株式会社,建設業,上場,45.1,18.4,11827490.0,10579671,0.8945,815.0,967.0,0.8428,,10321633,建設業,tag,2026-03-31,S100YJU0
58,26,-32,9401,株式会社ＴＢＳホールディングス,情報・通信業,上場,45.6,14.0,13279000.0,10568188,0.7959,269.0,8518.0,0.0316,本社のみ,11639537,情報通信業,tag,2026-03-31,S100YI1U
59,63,4,6954,ファナック株式会社,電気機器,上場,40.0,15.3,11444000.0,10538623,0.9209,4842.0,10040.0,0.4823,,10161321,製造業,tag,2026-03-31,S100YG3Q
60,73,13,1925,大和ハウス工業株式会社,建設業,上場,40.7,15.7,11011469.0,10431857,0.9474,16508.0,55712.0,0.2963,,9669687,建設業,tag,2026-03-31,S100YAZ5
61,64,3,8750,株式会社第一ライフグループ,保険業,上場,39.0,10.0,11426000.0,10404732,0.9106,702.0,60138.0,0.0117,本社のみ,10345093,金融業・保険業,tag,2026-03-31,S100YC7A
62,55,-7,8306,株式会社三菱ＵＦＪフィナンシャル・グループ,銀行業,上場,40.3,13.5,11702000.0,10397204,0.8885,3637.0,161576.0,0.0225,本社のみ,10338199,金融業・保険業,tag,2026-03-31,S100YJQO
63,38,-25,8725,ＭＳ＆ＡＤインシュアランスグループホールディングス株式会社,保険業,上場,47.2,21.7,12376260.0,10382744,0.8389,478.0,46856.0,0.0102,本社のみ,10988480,金融業・保険業,tag,2026-03-31,S100YNCJ
64,60,-4,6758,ソニーグループ株式会社,電気機器,上場,42.7,16.0,11550986.0,10332983,0.8946,2166.0,94900.0,0.0228,本社のみ,9979762,製造業,tag,2026-03-31,S100YE2C
65,66,1,5020,ＥＮＥＯＳホールディングス株式会社,石油・石炭製品,上場,43.0,17.0,11376982.0,10145981,0.8918,1207.0,34099.0,0.0354,本社のみ,9826286,製造業,tag,2026-03-31,S100YF7I
66,67,1,4503,アステラス製薬株式会社,医薬品,上場,42.5,15.4,11315057.0,10142823,0.8964,4081.0,14099.0,0.2895,,9780990,製造業,tag,2026-03-31,S100YBPK
67,62,-5,4502,武田薬品工業株式会社,医薬品,上場,44.0,14.8,11445000.0,10102915,0.8827,4792.0,47029.0,0.1019,,9910603,製造業,tag,2026-03-31,S100YB5L
68,82,14,6366,千代田化工建設株式会社,建設業,上場,42.3,14.3,10793000.0,10092535,0.9351,1661.0,3489.0,0.4761,,9336866,建設業,tag,2026-03-31,S100YEDH
69,76,7,1952,新日本空調株式会社,建設業,上場,43.3,15.9,10943000.0,10069563,0.9202,1256.0,1698.0,0.7397,,9453448,建設業,tag,2026-03-31,S100YDMT
70,57,-13,8411,株式会社みずほフィナンシャルグループ,銀行業,上場,42.5,16.9,11665000.0,10018507,0.8589,2867.0,52427.0,0.0547,本社のみ,10083489,金融業・保険業,tag,2026-03-31,S100YF8Y
71,78,7,1965,株式会社テクノ菱和,建設業,上場,44.0,15.0,10919000.0,9936522,0.91,856.0,981.0,0.8726,,9455122,建設業,tag,2026-03-31,S100YF2U
72,100,28,1808,株式会社　長谷工コーポレーション,建設業,上場,39.4,14.7,10399403.0,9933331,0.9552,2711.0,8875.0,0.3055,,9338257,建設業,tag,2026-03-31,S100YJVQ
73,88,15,9193,東京汽船株式会社,倉庫・運輸関連,上場,41.4,17.5,10663000.0,9915997,0.9299,238.0,446.0,0.5336,,9284917,運輸業,tag,2026-03-31,S100YEHQ
74,262,188,8877,エスリード株式会社,不動産業,上場,32.0,5.0,8933360.0,9915453,1.1099,248.0,476.0,0.521,,9761007,不動産業,tag,2026-03-31,S100YHNU
75,84,9,9348,株式会社ｉｓｐａｃｅ,輸送用機器,上場,40.2,2.8,10758484.0,9885578,0.9189,183.0,333.0,0.5495,,9520168,製造業,tag,2026-03-31,S100YL5W
76,69,-7,4523,エーザイ株式会社,医薬品,上場,44.5,18.5,11233821.0,9866367,0.8783,2979.0,10543.0,0.2826,,9757466,製造業,tag,2026-03-31,S100YB05
77,188,111,4373,シンプレクス・ホールディングス株式会社,情報・通信業,上場,33.6,4.4,9385342.0,9862035,1.0508,146.0,1850.0,0.0789,本社のみ,9754617,情報通信業,tag,2026-03-31,S100YARY
78,65,-13,147A,株式会社ソラコム,情報・通信業,上場,41.85,4.81,11425000.0,9817039,0.8593,101.0,201.0,0.5025,,9909732,情報通信業,tag,2026-03-31,S100YGJH
79,79,0,9519,株式会社レノバ,電気・ガス業,上場,42.1,4.6,10862278.0,9794097,0.9017,220.0,314.0,0.7006,,9406358,電気・ガス業,tag,2026-03-31,S100YD7F
80,91,11,,ダイビル株式会社,不動産業,非上場,38.6,9.5,10632000.0,9791455,0.9209,128.0,2292.0,0.0558,本社のみ,9710794,不動産業,tag,2026-03-31,S100YEN4
81,151,70,2413,エムスリー株式会社,サービス業,上場,34.8,4.0,9759000.0,9779673,1.0021,750.0,17010.0,0.0441,本社のみ,9811613,サービス業,tag,2026-03-31,S100YJ25
82,44,-38,,株式会社　テレビ西日本,情報・通信業,非上場,44.89,20.52,12068000.0,9741690,0.8072,156.0,533.0,0.2927,,10513128,情報通信業,textblock,2026-03-31,S100YJBQ
83,81,-2,7735,株式会社ＳＣＲＥＥＮホールディングス,電気機器,上場,42.0,13.9,10802000.0,9733140,0.901,653.0,6884.0,0.0949,本社のみ,9359797,製造業,tag,2026-03-31,S100YK9N
84,92,8,1820,西松建設株式会社,建設業,上場,43.8,18.9,10618000.0,9693190,0.9129,2706.0,3442.0,0.7862,,9185962,建設業,tag,2026-03-31,S100YEDU
85,77,-8,4528,小野薬品工業株式会社,医薬品,上場,43.7,17.4,10935334.0,9682534,0.8854,3396.0,4206.0,0.8074,,9456789,製造業,tag,2026-03-31,S100YA20
86,94,8,1662,石油資源開発株式会社,鉱業,上場,39.81,14.08,10606937.0,9673567,0.912,993.0,1670.0,0.5946,,9450166,鉱業,tag,2026-03-31,S100YERU
87,80,-7,4901,富士フイルムホールディングス株式会社,化学,上場,43.3,17.2,10855077.0,9650822,0.8891,1198.0,73526.0,0.0163,本社のみ,9377493,製造業,tag,2026-03-31,S100YIBH
88,86,-2,7011,三菱重工業株式会社,機械,上場,42.3,18.5,10724514.0,9633343,0.8983,23373.0,78793.0,0.2966,,9277620,製造業,tag,2026-03-31,S100YHZG
89,75,-14,4568,第一三共株式会社,医薬品,上場,45.0,19.9,10976771.0,9592113,0.8739,8009.0,20171.0,0.3971,,9571152,製造業,tag,2026-03-31,S100YEY0
90,105,15,8014,蝶理株式会社,卸売業,上場,39.7,12.6,10360000.0,9577819,0.9245,391.0,1444.0,0.2708,,9249004,卸売業・小売業,tag,2026-03-31,S100YBIN
91,130,39,8078,阪和興業株式会社,卸売業,上場,37.4,11.3,9976000.0,9574011,0.9597,1820.0,6079.0,0.2994,,9374672,卸売業・小売業,tag,2026-03-31,S100YED6
92,72,-20,3962,株式会社チェンジホールディングス,情報・通信業,上場,41.6,4.1,11062000.0,9545182,0.8629,108.0,1439.0,0.0751,本社のみ,9614204,情報通信業,tag,2026-03-31,S100YJC3
93,99,6,1803,清水建設株式会社,建設業,上場,43.7,16.1,10431000.0,9537571,0.9143,11434.0,22278.0,0.5132,,9020645,建設業,tag,2026-03-31,S100YDXD
94,74,-20,6857,株式会社アドバンテスト,電気機器,上場,45.68,20.16,10977033.0,9527168,0.8679,2033.0,7241.0,0.2808,,9628706,製造業,tag,2026-03-31,S100YKTA
95,118,23,9201,日本航空株式会社,空運業,上場,40.2,14.9,10112000.0,9505192,0.94,14627.0,39076.0,0.3743,,8948095,運輸業,tag,2026-03-31,S100YFIO
96,89,-7,4091,日本酸素ホールディングス株式会社,化学,上場,43.0,16.0,10641000.0,9489633,0.8918,108.0,20411.0,0.0053,本社のみ,9190619,製造業,tag,2026-03-31,S100YB9P
97,113,16,5444,大和工業株式会社,鉄鋼,上場,38.6,9.3,10129626.0,9474235,0.9353,130.0,2463.0,0.0528,本社のみ,9251948,製造業,tag,2026-03-31,S100YGVD
98,140,42,9934,因幡電機産業株式会社,卸売業,上場,37.6,13.0,9894858.0,9464798,0.9565,1790.0,2230.0,0.8027,,9252753,卸売業・小売業,tag,2026-03-31,S100YFJE
99,114,15,1942,株式会社関電工,建設業,上場,42.4,19.3,10123347.0,9451021,0.9336,8110.0,10850.0,0.7475,,8753930,建設業,tag,2026-03-31,S100YDOZ
100,108,8,1720,東急建設株式会社,建設業,上場,43.5,18.0,10277668.0,9427259,0.9173,2562.0,2911.0,0.8801,,8882420,建設業,tag,2026-03-31,S100YFDZ
101,111,10,8088,岩谷産業株式会社,卸売業,上場,39.8,15.3,10206000.0,9420421,0.923,1384.0,12113.0,0.1143,,9094622,卸売業・小売業,tag,2026-03-31,S100YBEM
102,93,-9,2802,味の素株式会社,食料品,上場,43.5,18.9,10613479.0,9416750,0.8872,3705.0,34787.0,0.1065,,9172643,製造業,tag,2026-03-31,S100Y992
103,103,0,1860,戸田建設株式会社,建設業,上場,44.27,18.35,10382444.0,9408170,0.9062,4404.0,7286.0,0.6044,,9004248,建設業,tag,2026-03-31,S100YG3E
104,152,48,4792,山田コンサルティンググループ株式会社,サービス業,上場,38.1,7.2,9750086.0,9394480,0.9635,898.0,1089.0,0.8246,,9008419,サービス業,tag,2026-03-31,S100YF7Q
105,131,26,1944,株式会社きんでん,建設業,上場,41.6,19.5,9970353.0,9392308,0.942,8676.0,15440.0,0.5619,,8665432,建設業,tag,2026-03-31,S100YFY8
106,120,14,1833,株式会社奥村組,建設業,上場,42.6,15.1,10062259.0,9363681,0.9306,2492.0,2586.0,0.9637,,8695523,建設業,tag,2026-03-31,S100Y95Z
107,83,-24,4839,株式会社ＷＯＷＯＷ,情報・通信業,上場,41.2,13.6,10769000.0,9355435,0.8687,331.0,801.0,0.4132,,9397171,情報通信業,tag,2026-03-31,S100YDWH
108,71,-37,8697,株式会社日本取引所グループ,その他金融業,上場,46.8,19.8,11132643.0,9347468,0.8396,223.0,1268.0,0.1759,,9857742,金融業・保険業,tag,2026-03-31,S100YA84
109,102,-7,7867,株式会社タカラトミー,その他製品,上場,42.1,12.7,10382618.0,9345562,0.9001,630.0,2574.0,0.2448,,8990989,製造業,tag,2026-03-31,S100YHL0
110,90,-20,1719,株式会社安藤・間,建設業,上場,46.3,17.2,10633244.0,9337661,0.8782,3427.0,3957.0,0.8661,,9378259,建設業,tag,2026-03-31,S100YHJP
111,145,34,4626,太陽ホールディングス株式会社,化学,上場,37.5,8.6,9844903.0,9322580,0.9469,176.0,2561.0,0.0687,本社のみ,9228663,製造業,tag,2026-03-31,S100YBLG
112,112,0,1885,東亜建設工業株式会社,建設業,上場,44.0,17.8,10193864.0,9276633,0.91,1880.0,2145.0,0.8765,,8827203,建設業,tag,2026-03-31,S100YCGY
113,106,-7,4507,塩野義製薬株式会社,医薬品,上場,42.4,15.6,10300842.0,9243219,0.8973,2808.0,6223.0,0.4512,,8907415,製造業,tag,2026-03-31,S100YF57
114,122,8,8098,稲畑産業株式会社,卸売業,上場,40.11,13.0,10058000.0,9238211,0.9185,678.0,4719.0,0.1437,,8913755,卸売業・小売業,tag,2026-03-31,S100YB2W
115,121,6,7203,トヨタ自動車株式会社,輸送用機器,上場,40.5,15.1,10060464.0,9213833,0.9158,73133.0,390927.0,0.1871,,8860321,製造業,tag,2026-03-31,S100Y8NY
116,104,-12,6368,オルガノ株式会社,機械,上場,43.7,15.5,10366000.0,9178425,0.8854,1283.0,2658.0,0.4827,,8964434,製造業,tag,2026-03-31,S100YK07
117,153,36,6379,レイズネクスト株式会社,建設業,上場,42.0,15.4,9750000.0,9161781,0.9397,1704.0,2153.0,0.7915,,8448252,建設業,tag,2026-03-31,S100YDME
118,96,-22,9432,ＮＴＴ株式会社,情報・通信業,上場,41.4,15.6,10562434.0,9144945,0.8658,2606.0,344196.0,0.0076,本社のみ,9197348,情報通信業,tag,2026-03-31,S100YCP3
119,116,-3,8061,西華産業株式会社,卸売業,上場,41.2,14.9,10119431.0,9136828,0.9029,359.0,1558.0,0.2304,,8830348,卸売業・小売業,tag,2026-03-31,S100Y935
120,124,4,1964,中外炉工業株式会社,建設業,上場,44.1,12.7,10040943.0,9123079,0.9086,490.0,748.0,0.6551,,8699398,建設業,tag,2026-03-31,S100YBFQ
121,107,-14,8593,三菱ＨＣキャピタル株式会社,その他金融業,上場,40.6,15.0,10292000.0,9093445,0.8835,2111.0,7950.0,0.2655,,9050815,金融業・保険業,tag,2026-03-31,S100YF4V
122,129,7,6454,マックス株式会社,機械,上場,41.3,16.5,10002000.0,9080762,0.9079,977.0,2470.0,0.3955,,8718347,製造業,tag,2026-03-31,S100YHEY
123,169,46,1835,東鉄工業株式会社,建設業,上場,40.0,14.0,9537215.0,9075210,0.9516,1714.0,1921.0,0.8922,,8468255,建設業,tag,2026-03-31,S100YA1U
124,155,31,8075,神鋼商事株式会社,卸売業,上場,39.3,14.3,9739000.0,9061513,0.9304,465.0,1428.0,0.3256,,8762844,卸売業・小売業,tag,2026-03-31,S100YEV4
125,115,-10,6702,富士通株式会社,電気機器,上場,42.7,17.6,10122665.0,9055273,0.8946,32224.0,99203.0,0.3248,,8745729,製造業,tag,2026-03-31,S100YM3K
126,143,17,9697,株式会社カプコン,情報・通信業,上場,38.1,11.2,9852000.0,9034062,0.917,3593.0,3976.0,0.9037,,9102581,情報通信業,tag,2026-03-31,S100YCGO
127,139,12,,三井住友ファイナンス＆リース株式会社,サービス業,非上場,42.0,13.0,9901000.0,9024612,0.9115,2339.0,4621.0,0.5062,,8579092,サービス業,tag,2026-03-31,S100YJIN
128,127,-1,8133,伊藤忠エネクス株式会社,卸売業,上場,41.3,15.7,10009720.0,9023715,0.9015,421.0,5193.0,0.0811,本社のみ,8725076,卸売業・小売業,tag,2026-03-31,S100YC4K
129,85,-44,2760,東京エレクトロンデバイス株式会社,卸売業,上場,46.2,14.2,10749589.0,9001027,0.8373,1182.0,1408.0,0.8395,,9472783,卸売業・小売業,tag,2026-03-31,S100YBV4
130,147,17,7974,任天堂株式会社,その他製品,上場,40.5,14.6,9824708.0,8997917,0.9158,3084.0,8666.0,0.3559,,8652689,製造業,tag,2026-03-31,S100Y9NX
131,178,47,1811,株式会社錢高組,建設業,上場,40.0,13.9,9453434.0,8995487,0.9516,880.0,885.0,0.9944,,8393864,建設業,tag,2026-03-31,S100YJ24
132,128,-4,7013,株式会社ＩＨＩ,機械,上場,42.4,15.2,10005041.0,8977789,0.8973,8199.0,26224.0,0.3127,,8651628,製造業,tag,2026-03-31,S100YENT
133,132,-1,5019,出光興産株式会社,石油・石炭製品,上場,42.0,17.0,9952943.0,8968098,0.901,5120.0,14392.0,0.3558,,8624100,製造業,tag,2026-03-31,S100YCS3
134,95,-39,7380,株式会社十六フィナンシャルグループ,銀行業,上場,44.9,21.9,10569000.0,8962773,0.848,176.0,2322.0,0.0758,本社のみ,9208010,金融業・保険業,tag,2026-03-31,S100YA7J
135,87,-48,7389,株式会社あいちフィナンシャルグループ,銀行業,上場,47.2,23.0,10671000.0,8952160,0.8389,164.0,2562.0,0.064,本社のみ,9474435,金融業・保険業,tag,2026-03-31,S100YE5H
136,97,-39,9433,ＫＤＤＩ株式会社,情報・通信業,上場,42.3,16.4,10510939.0,8951536,0.8516,9891.0,73198.0,0.1351,,9092859,情報通信業,tag,2026-03-31,S100YKG2
137,134,-3,6501,株式会社日立製作所,電気機器,上場,42.2,18.1,9949714.0,8946627,0.8992,25934.0,287901.0,0.0901,本社のみ,8611459,製造業,tag,2026-03-31,S100YGBO
138,175,37,1815,鉄建建設株式会社,建設業,上場,41.5,16.3,9477172.0,8933314,0.9426,1693.0,1837.0,0.9216,,8244318,建設業,tag,2026-03-31,S100YGCF
139,148,9,1871,ピーエス・コンストラクション株式会社,建設業,上場,44.0,19.0,9816216.0,8932965,0.91,1156.0,1624.0,0.7118,,8500185,建設業,tag,2026-03-31,S100YEO8
140,125,-15,6370,栗田工業株式会社,機械,上場,43.3,16.0,10017000.0,8905721,0.8891,1677.0,8268.0,0.2028,,8653495,製造業,tag,2026-03-31,S100YBAT
141,176,35,1723,日本電技株式会社,建設業,上場,42.0,16.9,9466928.0,8895787,0.9397,954.0,989.0,0.9646,,8202974,建設業,tag,2026-03-31,S100YH9O
142,123,-19,7733,オリンパス株式会社,精密機器,上場,44.1,15.74,10056995.0,8868660,0.8818,2469.0,28138.0,0.0877,本社のみ,8713305,製造業,tag,2026-03-31,S100YDN3
143,135,-8,6701,日本電気株式会社,電気機器,上場,43.1,17.3,9939349.0,8854810,0.8909,21934.0,101800.0,0.2155,,8584712,製造業,tag,2026-03-31,S100YBFV
144,101,-43,8591,オリックス株式会社,その他金融業,上場,44.2,15.8,10396546.0,8849065,0.8512,3016.0,37286.0,0.0809,本社のみ,9012649,金融業・保険業,tag,2026-03-31,S100YG5L
145,192,47,1893,五洋建設株式会社,建設業,上場,41.3,16.7,9358808.0,8832812,0.9438,3439.0,3991.0,0.8617,,8157702,建設業,tag,2026-03-31,S100YF3Y
146,157,11,8059,第一実業株式会社,卸売業,上場,40.8,11.2,9720000.0,8831206,0.9086,725.0,1564.0,0.4636,,8523853,卸売業・小売業,tag,2026-03-31,S100YGOV
147,187,40,1787,株式会社ナカボーテック,建設業,上場,41.9,15.9,9389000.0,8828075,0.9403,282.0,,,,8140863,建設業,tag,2026-03-31,S100YF2C
148,98,-50,6730,株式会社アクセル,電気機器,上場,48.7,13.3,10480000.0,8826193,0.8422,104.0,132.0,0.7879,,9356146,製造業,tag,2026-03-31,S100YC4Y
149,182,33,9301,三菱倉庫株式会社,倉庫・運輸関連,上場,40.7,15.6,9430883.0,8825221,0.9358,1026.0,4991.0,0.2056,,8281700,運輸業,tag,2026-03-31,S100YA7K
150,172,22,,東光電気工事株式会社,建設業,非上場,42.8,15.7,9513019.0,8824101,0.9276,1366.0,1698.0,0.8045,,8217638,建設業,textblock,2026-03-31,S100YEMK
151,136,-15,5334,日本特殊陶業株式会社,ガラス・土石製品,上場,43.5,19.4,9929045.0,8809490,0.8872,3208.0,15698.0,0.2044,,8581125,製造業,tag,2026-03-31,S100YJTF
152,154,2,1963,日揮ホールディングス株式会社,建設業,上場,44.6,12.8,9749814.0,8789341,0.9015,245.0,8154.0,0.03,本社のみ,8474573,建設業,tag,2026-03-31,S100YEFQ
153,117,-36,,森ビル株式会社,不動産業,非上場,43.5,16.1,10117000.0,8786128,0.8685,1579.0,4407.0,0.3583,,8743564,不動産業,textblock,2026-03-31,S100YMMQ
154,162,8,1878,大東建託株式会社,建設業,上場,44.03,11.57,9656096.0,8783096,0.9096,8400.0,19326.0,0.4346,,8362825,建設業,tag,2026-03-31,S100YFJK
155,119,-36,8473,ＳＢＩホールディングス株式会社,証券、商品先物取引業,上場,41.3,5.7,10065718.0,8779318,0.8722,389.0,18669.0,0.0208,本社のみ,8773887,金融業・保険業,tag,2026-03-31,S100YK3R
156,210,54,1814,大末建設株式会社,建設業,上場,41.7,16.8,9261812.0,8719385,0.9414,605.0,680.0,0.8897,,8042775,建設業,tag,2026-03-31,S100YK21
157,141,-16,6752,パナソニックホールディングス株式会社,電気機器,上場,44.1,18.6,9880585.0,8713095,0.8818,1431.0,183685.0,0.0078,本社のみ,8560465,製造業,tag,2026-03-31,S100YETA
158,109,-49,8511,日本証券金融株式会社,その他金融業,上場,44.05,19.97,10227913.0,8712423,0.8518,215.0,279.0,0.7706,,8858989,金融業・保険業,tag,2026-03-31,S100YIQY
159,149,-10,,株式会社ＪＥＲＡ,電気・ガス業,非上場,43.4,16.4,9796000.0,8692870,0.8874,4504.0,,,,8464129,電気・ガス業,textblock,2026-03-31,S100YCJZ
160,198,38,8844,株式会社コスモスイニシア,不動産業,上場,37.8,10.2,9342813.0,8683412,0.9294,640.0,1295.0,0.4942,,8694160,不動産業,tag,2026-03-31,S100YCZ3
161,110,-51,,株式会社ＳＢＩ証券,証券、商品先物取引業,非上場,44.9,7.1,10209822.0,8658182,0.848,1111.0,2320.0,0.4789,,8895084,金融業・保険業,textblock,2026-03-31,S100YNPY
162,230,68,1736,株式会社　オーテック,建設業,上場,40.9,15.3,9119836.0,8628926,0.9462,439.0,573.0,0.7661,,7986987,建設業,tag,2026-03-31,S100YKWY
163,137,-26,,東京貿易ホールディングス株式会社,卸売業,非上場,43.8,6.6,9922000.0,8608402,0.8676,124.0,1264.0,0.0981,本社のみ,8583831,卸売業・小売業,tag,2026-03-31,S100YKBV
164,329,165,3092,株式会社ＺＯＺＯ,小売業,上場,34.7,7.5,8558000.0,8603279,1.0053,1662.0,1894.0,0.8775,,8627412,卸売業・小売業,tag,2026-03-31,S100Y951
165,167,2,4005,住友化学株式会社,化学,上場,42.4,16.7,9585195.0,8601050,0.8973,6465.0,27491.0,0.2352,,8288576,製造業,tag,2026-03-31,S100YAUO
166,150,-16,8424,芙蓉総合リース株式会社,その他金融業,上場,40.9,13.8,9788000.0,8600195,0.8786,876.0,4410.0,0.1986,,8572153,金融業・保険業,tag,2026-03-31,S100YF6A
167,215,48,6330,東洋エンジニアリング株式会社,建設業,上場,42.4,15.3,9202714.0,8591531,0.9336,973.0,4559.0,0.2134,,7957834,建設業,tag,2026-03-31,S100YI4K
168,156,-12,6622,株式会社ダイヘン,電気機器,上場,44.0,20.0,9732000.0,8590788,0.8827,1203.0,4542.0,0.2649,,8427260,製造業,tag,2026-03-31,S100YEET
169,142,-27,5830,株式会社いよぎんホールディングス,銀行業,上場,41.5,18.5,9873000.0,8579753,0.869,246.0,3098.0,0.0794,本社のみ,8588654,金融業・保険業,tag,2026-03-31,S100YBIB
170,333,163,4259,株式会社エクサウィザーズ,情報・通信業,上場,34.9,3.0,8550000.0,8579622,1.0035,270.0,624.0,0.4327,,8572981,情報通信業,tag,2026-03-31,S100YFZ6
171,264,93,9733,株式会社ナガセ,サービス業,上場,38.3,12.0,8917862.0,8567523,0.9607,486.0,1628.0,0.2985,,8201078,サービス業,tag,2026-03-31,S100YK8I
172,144,-28,6727,株式会社ワコム,電気機器,上場,45.5,11.5,9852000.0,8566137,0.8695,404.0,930.0,0.4344,,8627896,製造業,tag,2026-03-31,S100YHU2
173,272,99,1879,新日本建設株式会社,建設業,上場,38.1,12.5,8879186.0,8551837,0.9631,539.0,689.0,0.7823,,8203766,建設業,tag,2026-03-31,S100YHI2
174,185,11,1926,ライト工業株式会社,建設業,上場,44.3,17.5,9401000.0,8514810,0.9057,1028.0,1399.0,0.7348,,8154615,建設業,tag,2026-03-31,S100YIK2
175,168,-7,7575,日本ライフライン株式会社,卸売業,上場,42.1,10.2,9558154.0,8510659,0.8904,1085.0,1304.0,0.8321,,8277032,卸売業・小売業,tag,2026-03-31,S100YEH7
176,219,43,9042,阪急阪神ホールディングス株式会社,陸運業,上場,42.4,17.5,9198043.0,8504900,0.9246,241.0,23867.0,0.0101,本社のみ,7953795,運輸業,tag,2026-03-31,S100YCBL
177,249,72,1869,名工建設株式会社,建設業,上場,41.2,18.1,8995000.0,8494781,0.9444,1110.0,1235.0,0.8988,,7849155,建設業,tag,2026-03-31,S100YK2R
178,252,74,7175,今村証券株式会社,証券、商品先物取引業,上場,37.1,14.9,8987000.0,8492766,0.945,191.0,,,,8508750,金融業・保険業,tag,2026-03-31,S100YCMX
179,179,0,9502,中部電力株式会社,電気・ガス業,上場,42.5,19.0,9452983.0,8481420,0.8972,3367.0,22700.0,0.1483,,8171372,電気・ガス業,tag,2026-03-31,S100YDH0
180,164,-16,6525,株式会社ＫＯＫＵＳＡＩ　ＥＬＥＣＴＲＩＣ,電気機器,上場,44.1,18.0,9607105.0,8471929,0.8818,1193.0,2609.0,0.4573,,8323524,製造業,tag,2026-03-31,S100YJUA
181,133,-48,7186,株式会社横浜フィナンシャルグループ,銀行業,上場,44.6,18.8,9952000.0,8452862,0.8494,701.0,6313.0,0.111,,8650314,金融業・保険業,tag,2026-03-31,S100YA32
182,183,1,6849,日本光電工業株式会社,電気機器,上場,42.6,15.8,9430148.0,8444475,0.8955,3768.0,6116.0,0.6161,,8149270,製造業,tag,2026-03-31,S100YHO8
183,196,13,4516,日本新薬株式会社,医薬品,上場,41.8,17.4,9349000.0,8442100,0.903,1902.0,2309.0,0.8237,,8112080,製造業,tag,2026-03-31,S100YGRG
184,186,2,9503,関西電力株式会社,電気・ガス業,上場,42.4,19.4,9389646.0,8434976,0.8983,8336.0,32482.0,0.2566,,8119479,電気・ガス業,tag,2026-03-31,S100YFXZ
185,171,-14,6590,芝浦メカトロニクス株式会社,電気機器,上場,43.8,18.5,9530954.0,8430452,0.8845,621.0,1269.0,0.4894,,8245525,製造業,tag,2026-03-31,S100YAST
186,282,96,4337,ぴあ株式会社,サービス業,上場,38.6,8.0,8805000.0,8422211,0.9565,437.0,621.0,0.7037,,8042094,サービス業,tag,2026-03-31,S100YDQN
187,270,83,,株式会社藤木工務店,建設業,非上場,40.8,17.2,8894000.0,8420542,0.9468,373.0,,,,7799501,建設業,textblock,2026-03-31,S100YL08
188,217,29,5333,ＮＧＫ株式会社,ガラス・土石製品,上場,40.7,15.4,9200112.0,8407476,0.9138,5024.0,19869.0,0.2529,,8079049,製造業,tag,2026-03-31,S100YF7M
189,401,212,4733,株式会社オービックビジネスコンサルタント,情報・通信業,上場,34.7,11.6,8314685.0,8401708,1.0105,1065.0,,,,8382124,情報通信業,tag,2026-03-31,S100YD49
190,205,15,1866,北野建設株式会社,建設業,上場,44.5,15.9,9298000.0,8395156,0.9029,778.0,1143.0,0.6807,,8076051,建設業,tag,2026-03-31,S100YM22
191,209,18,1301,株式会社　極洋,水産・農林業,上場,41.6,16.5,9268717.0,8390438,0.9052,769.0,2542.0,0.3025,,8055626,産業計,tag,2026-03-31,S100YE8K
192,265,73,,成田国際空港株式会社,倉庫・運輸関連,非上場,40.1,12.3,8917588.0,8390009,0.9408,900.0,3330.0,0.2703,,7904425,運輸業,textblock,2026-03-31,S100YHTZ
193,195,2,1852,株式会社淺沼組,建設業,上場,44.9,21.8,9350232.0,8389787,0.8973,1264.0,1806.0,0.6999,,8146185,建設業,tag,2026-03-31,S100YD5O
194,160,-34,7433,伯東株式会社,卸売業,上場,43.86,13.82,9675485.0,8386943,0.8668,727.0,1504.0,0.4834,,8372727,卸売業・小売業,tag,2026-03-31,S100YI3S
195,126,-69,8242,エイチ・ツー・オー　リテイリング株式会社,小売業,上場,46.2,18.5,10012000.0,8383417,0.8373,210.0,7775.0,0.027,本社のみ,8822803,卸売業・小売業,tag,2026-03-31,S100YDD0
196,174,-22,6841,横河電機株式会社,電気機器,上場,44.0,16.0,9486104.0,8373727,0.8827,2240.0,18313.0,0.1223,,8214330,製造業,tag,2026-03-31,S100YE3H
197,228,31,6503,三菱電機株式会社,電気機器,上場,40.5,15.3,9134603.0,8365887,0.9158,29949.0,150386.0,0.1991,,8044909,製造業,tag,2026-03-31,S100YD3V
198,189,-9,2269,明治ホールディングス株式会社,食料品,上場,43.0,18.0,9380000.0,8365074,0.8918,298.0,17103.0,0.0174,本社のみ,8101495,製造業,tag,2026-03-31,S100YILP
199,346,147,9766,コナミグループ株式会社,情報・通信業,上場,35.5,10.8,8502600.0,8358311,0.983,259.0,5186.0,0.0499,本社のみ,8390182,情報通信業,tag,2026-03-31,S100YKX5
200,244,44,9005,東急株式会社,陸運業,上場,42.0,12.0,9034606.0,8357019,0.925,1551.0,24262.0,0.0639,本社のみ,7828372,運輸業,tag,2026-03-31,S100YE63
201,213,12,8117,中央自動車工業株式会社,卸売業,上場,41.0,15.0,9224000.0,8354370,0.9057,282.0,348.0,0.8103,,8067997,卸売業・小売業,tag,2026-03-31,S100YFX5
202,222,20,1861,株式会社　熊谷組,建設業,上場,44.0,18.6,9179351.0,8353404,0.91,2740.0,4507.0,0.6079,,7948703,建設業,tag,2026-03-31,S100YK9Q
203,201,-2,4488,ＡＩ　ｉｎｓｉｄｅ株式会社,情報・通信業,上場,39.4,3.04,9321000.0,8352645,0.8961,130.0,,,,8369893,情報通信業,tag,2026-03-31,S100YJYU
204,138,-66,8377,株式会社ほくほくフィナンシャルグループ,銀行業,上場,46.2,20.9,9901000.0,8339348,0.8423,251.0,4618.0,0.0544,本社のみ,8724987,金融業・保険業,tag,2026-03-31,S100YBV5
205,218,13,9706,日本空港ビルデング株式会社,不動産業,上場,40.0,13.0,9198584.0,8338231,0.9065,326.0,3018.0,0.108,,8167579,不動産業,tag,2026-03-31,S100YGGN
206,177,-29,4204,積水化学工業株式会社,化学,上場,44.2,15.9,9462708.0,8336131,0.8809,3156.0,26752.0,0.118,,8203115,製造業,tag,2026-03-31,S100YBAY
207,212,5,8066,三谷商事株式会社,卸売業,上場,41.2,16.3,9229000.0,8332859,0.9029,442.0,2102.0,0.2103,,8053346,卸売業・小売業,tag,2026-03-31,S100YJ7S
208,316,108,9022,東海旅客鉄道株式会社,陸運業,上場,37.0,16.3,8605695.0,8329247,0.9679,18518.0,29569.0,0.6263,,8168292,運輸業,tag,2026-03-31,S100YD7H
209,173,-36,4041,日本曹達株式会社,化学,上場,44.6,20.2,9491473.0,8327689,0.8774,1316.0,2407.0,0.5467,,8250023,製造業,tag,2026-03-31,S100YJKO
210,193,-17,2327,日鉄ソリューションズ株式会社,情報・通信業,上場,39.8,12.6,9357000.0,8326602,0.8899,4102.0,10276.0,0.3992,,8338073,情報通信業,tag,2026-03-31,S100YAEV
211,248,37,7460,株式会社ヤギ,卸売業,上場,39.7,14.3,9002299.0,8322624,0.9245,271.0,799.0,0.3392,,8036901,卸売業・小売業,tag,2026-03-31,S100YHKP
212,180,-32,8050,セイコーグループ株式会社,精密機器,上場,44.2,15.8,9446162.0,8321555,0.8809,175.0,11326.0,0.0155,本社のみ,8188772,製造業,tag,2026-03-31,S100YHM2
213,181,-32,,オリックス銀行株式会社,銀行業,非上場,40.7,8.5,9434000.0,8319903,0.8819,926.0,,,,8284437,金融業・保険業,textblock,2026-03-31,S100YNMH
214,220,6,9960,東テク株式会社,卸売業,上場,41.0,11.0,9184178.0,8318303,0.9057,1171.0,2855.0,0.4102,,8033166,卸売業・小売業,tag,2026-03-31,S100YGTS
215,166,-49,8070,東京産業株式会社,卸売業,上場,43.88,13.9,9586150.0,8307005,0.8666,345.0,402.0,0.8582,,8296166,卸売業・小売業,tag,2026-03-31,S100YEID
216,259,43,1950,日本電設工業株式会社,建設業,上場,42.8,16.7,8954499.0,8306028,0.9276,2582.0,4645.0,0.5559,,7735171,建設業,tag,2026-03-31,S100YGLL
217,190,-27,4887,サワイグループホールディングス株式会社,医薬品,上場,43.7,8.8,9377000.0,8302730,0.8854,110.0,3630.0,0.0303,本社のみ,8109155,製造業,tag,2026-03-31,S100YITS
218,197,-21,5803,株式会社フジクラ,非鉄金属,上場,43.4,15.4,9348000.0,8302441,0.8882,2333.0,50586.0,0.0461,本社のみ,8077039,製造業,tag,2026-03-31,S100YGP3
219,194,-25,8103,明和産業株式会社,卸売業,上場,42.5,16.0,9355000.0,8278578,0.8849,198.0,596.0,0.3322,,8086673,卸売業・小売業,tag,2026-03-31,S100YF48
220,235,15,4182,三菱瓦斯化学株式会社,化学,上場,41.0,17.5,9076743.0,8267643,0.9109,2562.0,8319.0,0.308,,7939195,製造業,tag,2026-03-31,S100YEUU
221,159,-62,7741,ＨＯＹＡ株式会社,精密機器,上場,47.6,18.7,9704451.0,8263073,0.8515,3313.0,37752.0,0.0878,本社のみ,8634984,製造業,tag,2026-03-31,S100Y90T
222,146,-76,6523,ＰＨＣホールディングス株式会社,電気機器,上場,49.0,17.5,9834195.0,8257759,0.8397,145.0,8647.0,0.0168,本社のみ,8783426,製造業,tag,2026-03-31,S100YHPK
223,158,-65,8425,みずほリース株式会社,その他金融業,上場,44.6,14.0,9718677.0,8254686,0.8494,838.0,2434.0,0.3443,,8447509,金融業・保険業,tag,2026-03-31,S100YESP
224,233,9,5401,日本製鉄株式会社,鉄鋼,上場,41.3,19.5,9086300.0,8249403,0.9079,32102.0,138453.0,0.2319,,7920167,製造業,tag,2026-03-31,S100YF8E
225,223,-2,6013,株式会社タクマ,機械,上場,42.2,14.3,9171677.0,8247028,0.8992,1117.0,4504.0,0.248,,7938070,製造業,tag,2026-03-31,S100YB3J
226,200,-26,7267,本田技研工業株式会社,輸送用機器,上場,43.9,21.0,9326000.0,8240772,0.8836,32547.0,195109.0,0.1668,,8071765,製造業,tag,2026-03-31,S100YDD9
227,184,-43,8157,都築電気株式会社,卸売業,上場,43.2,17.9,9404000.0,8233393,0.8755,1161.0,2040.0,0.5691,,8122899,卸売業・小売業,tag,2026-03-31,S100YE5P
228,232,4,7012,川崎重工業株式会社,輸送用機器,上場,41.7,15.3,9101888.0,8227840,0.904,15361.0,41652.0,0.3688,,7903901,製造業,tag,2026-03-31,S100Y99Z
229,227,-2,9962,株式会社　ミスミグループ本社,卸売業,上場,41.4,7.5,9138707.0,8225708,0.9001,327.0,11304.0,0.0289,本社のみ,7957623,卸売業・小売業,tag,2026-03-31,S100YB3N
230,231,1,4540,株式会社ツムラ,医薬品,上場,41.9,15.5,9114000.0,8221023,0.902,2858.0,4923.0,0.5805,,7902421,製造業,tag,2026-03-31,S100YFC1
231,214,-17,6762,ＴＤＫ株式会社,電気機器,上場,43.0,16.9,9211552.0,8214853,0.8918,6573.0,106545.0,0.0617,本社のみ,7956007,製造業,tag,2026-03-31,S100YD2Y
232,274,42,9517,イーレックス株式会社,電気・ガス業,上場,38.9,4.9,8857104.0,8206207,0.9265,185.0,302.0,0.6126,,8036426,電気・ガス業,tag,2026-03-31,S100YKV1
233,251,18,4063,信越化学工業株式会社,化学,上場,40.8,18.8,8988000.0,8204676,0.9128,4059.0,27342.0,0.1485,,7881933,製造業,tag,2026-03-31,S100YE9I
234,207,-27,6742,株式会社京三製作所,電気機器,上場,44.0,17.0,9286320.0,8197370,0.8827,1399.0,2073.0,0.6749,,8041331,製造業,tag,2026-03-31,S100YH1N
235,170,-65,3036,アルコニックス株式会社,卸売業,上場,44.4,10.7,9533000.0,8196821,0.8598,225.0,3098.0,0.0726,本社のみ,8274493,卸売業・小売業,tag,2026-03-31,S100YCV6
236,202,-34,6417,株式会社三共,機械,上場,44.4,18.8,9319000.0,8192914,0.8792,760.0,895.0,0.8492,,8088745,製造業,tag,2026-03-31,S100YI30
237,243,6,3635,株式会社コーエーテクモホールディングス,情報・通信業,上場,38.8,9.8,9035323.0,8182588,0.9056,121.0,2835.0,0.0427,本社のみ,8215970,情報通信業,tag,2026-03-31,S100YEES
238,237,-1,2158,株式会社ＦＲＯＮＴＥＯ,サービス業,上場,43.8,4.1,9064814.0,8181513,0.9026,170.0,272.0,0.625,,7842253,サービス業,tag,2026-03-31,S100YGJA
239,234,-5,4914,高砂香料工業株式会社,化学,上場,42.1,18.1,9082540.0,8175341,0.9001,1087.0,4443.0,0.2447,,7865166,製造業,tag,2026-03-31,S100YGT4
240,206,-34,6960,フクダ電子株式会社,電気機器,上場,44.4,15.1,9290565.0,8167915,0.8792,786.0,3497.0,0.2248,,8064063,製造業,tag,2026-03-31,S100YLF7
241,211,-30,7701,株式会社　島津製作所,精密機器,上場,43.9,18.5,9240736.0,8165430,0.8836,3779.0,14649.0,0.258,,7997968,製造業,tag,2026-03-31,S100YGJF
242,280,38,2181,パーソルホールディングス株式会社,サービス業,上場,40.9,6.3,8818492.0,8162270,0.9256,761.0,74926.0,0.0102,本社のみ,7723076,サービス業,tag,2026-03-31,S100YGCS
243,354,111,2121,株式会社ＭＩＸＩ,サービス業,上場,38.1,6.2,8470000.0,8161081,0.9635,1316.0,2116.0,0.6219,,7825706,サービス業,tag,2026-03-31,S100YE1D
244,199,-45,,株式会社三井住友銀行,銀行業,非上場,41.2,17.5,9338000.0,8159570,0.8738,28030.0,71100.0,0.3942,,8148461,金融業・保険業,textblock,2026-03-31,S100YEQG
245,245,0,6301,株式会社小松製作所,機械,上場,41.7,17.1,9024576.0,8157952,0.904,12435.0,67279.0,0.1848,,7836764,製造業,tag,2026-03-31,S100YD25
246,293,47,9024,株式会社西武ホールディングス,陸運業,上場,40.7,15.5,8715652.0,8155923,0.9358,386.0,21557.0,0.0179,本社のみ,7653622,運輸業,tag,2026-03-31,S100YEFI
247,261,14,,株式会社豊田自動織機,輸送用機器,非上場,40.8,17.9,8933945.0,8155332,0.9128,14999.0,81808.0,0.1833,,7834530,製造業,tag,2026-03-31,S100YLTB
248,226,-22,,株式会社三菱ＵＦＪ銀行,銀行業,非上場,40.1,15.8,9143000.0,8154011,0.8918,31691.0,122102.0,0.2595,,8104227,金融業・保険業,textblock,2026-03-31,S100YJSZ
249,281,32,,ロジスティード株式会社,陸運業,非上場,42.7,19.3,8816000.0,8149277,0.9244,898.0,29242.0,0.0307,本社のみ,7616803,運輸業,tag,2026-03-31,S100YITA
250,255,5,6367,ダイキン工業株式会社,機械,上場,41.2,16.6,8964767.0,8147906,0.9089,8212.0,104095.0,0.0789,本社のみ,7822773,製造業,tag,2026-03-31,S100YFQL
251,246,-5,4689,ＬＩＮＥヤフー株式会社,情報・通信業,上場,39.0,9.6,9023870.0,8143403,0.9024,10577.0,29863.0,0.3542,,8170206,情報通信業,tag,2026-03-31,S100YBXD
252,250,-2,6486,イーグル工業株式会社,機械,上場,41.8,16.1,8992612.0,8120283,0.903,1335.0,6188.0,0.2157,,7802844,製造業,tag,2026-03-31,S100YFUB
253,191,-62,6430,ダイコク電機株式会社,機械,上場,46.1,18.5,9375000.0,8102730,0.8643,433.0,796.0,0.544,,8254296,製造業,tag,2026-03-31,S100YGWC
254,361,107,9303,株式会社住友倉庫,倉庫・運輸関連,上場,37.9,12.9,8441000.0,8102244,0.9599,918.0,4473.0,0.2052,,7836086,運輸業,tag,2026-03-31,S100YHFI
255,253,-2,2002,株式会社日清製粉グループ本社,食料品,上場,42.0,15.2,8980584.0,8091954,0.901,364.0,9624.0,0.0378,本社のみ,7781563,製造業,tag,2026-03-31,S100YE6A
256,266,10,6254,野村マイクロ・サイエンス株式会社,機械,上場,41.4,11.5,8902711.0,8073962,0.9069,426.0,623.0,0.6838,,7752127,製造業,tag,2026-03-31,S100YG4U
257,225,-32,4828,ビジネスエンジニアリング株式会社,情報・通信業,上場,40.3,11.1,9149000.0,8071355,0.8822,580.0,748.0,0.7754,,8082736,情報通信業,tag,2026-03-31,S100YD7D
258,260,2,9504,中国電力株式会社,電気・ガス業,上場,42.1,20.1,8945510.0,8065822,0.9017,3584.0,12606.0,0.2843,,7746503,電気・ガス業,tag,2026-03-31,S100YGCV
259,287,28,2282,日本ハム株式会社,食料品,上場,40.1,15.4,8754140.0,8052704,0.9199,1198.0,15790.0,0.0759,本社のみ,7759547,製造業,tag,2026-03-31,S100YEEQ
260,263,3,5384,株式会社フジミインコーポレーテッド,ガラス・土石製品,上場,41.9,12.7,8920784.0,8046738,0.902,911.0,1305.0,0.6981,,7734890,製造業,tag,2026-03-31,S100YE62
261,247,-14,4536,参天製薬株式会社,医薬品,上場,43.0,15.0,9023000.0,8046702,0.8918,1884.0,3968.0,0.4748,,7793154,製造業,tag,2026-03-31,S100YDH1
262,338,76,1870,矢作建設工業株式会社,建設業,上場,41.4,16.9,8523190.0,8039115,0.9432,1032.0,1491.0,0.6922,,7421655,建設業,tag,2026-03-31,S100YEMP
263,241,-22,9551,メタウォーター株式会社,電気・ガス業,上場,43.3,16.8,9040509.0,8032234,0.8885,1850.0,3427.0,0.5398,,7809923,電気・ガス業,tag,2026-03-31,S100YBSD
264,358,94,1941,株式会社中電工,建設業,上場,40.2,18.8,8451000.0,8031453,0.9504,3465.0,4697.0,0.7377,,7478278,建設業,tag,2026-03-31,S100YD98
265,310,45,,株式会社国際協力銀行,その他金融業,非上場,37.89,9.99,8632000.0,8031191,0.9304,866.0,886.0,0.9774,,8015320,金融業・保険業,textblock,2026-03-31,S100YECJ
266,381,115,1799,第一建設工業株式会社,建設業,上場,39.1,14.1,8391111.0,8030342,0.957,1004.0,,,,7581274,建設業,tag,2026-03-31,S100YILN
267,292,25,4183,三井化学株式会社,化学,上場,40.0,15.0,8717118.0,8027475,0.9209,5198.0,16967.0,0.3064,,7740077,製造業,tag,2026-03-31,S100YGUI
268,161,-107,2737,株式会社トーメンデバイス,卸売業,上場,46.9,12.5,9671082.0,8016377,0.8289,121.0,202.0,0.599,,8569710,卸売業・小売業,tag,2026-03-31,S100YJQ2
269,224,-45,6902,株式会社デンソー,輸送用機器,上場,44.8,22.9,9152532.0,8014117,0.8756,43889.0,154716.0,0.2837,,7967556,製造業,tag,2026-03-31,S100Y9T1
270,257,-13,5706,三井金属株式会社,非鉄金属,上場,42.88,13.9,8961728.0,8001918,0.8929,2587.0,8188.0,0.316,,7740721,製造業,tag,2026-03-31,S100YBQV
271,317,46,8421,信金中央金庫,その他金融業,上場,37.9,13.9,8600000.0,7999853,0.9302,1270.0,1849.0,0.6869,,7983692,金融業・保険業,tag,2026-03-31,S100YH59
272,297,25,5471,大同特殊鋼株式会社,鉄鋼,上場,40.2,17.9,8704000.0,7997787,0.9189,3370.0,12729.0,0.2647,,7702158,製造業,tag,2026-03-31,S100YNEC
273,284,11,1888,若築建設株式会社,建設業,上場,44.0,17.8,8776664.0,7986951,0.91,808.0,900.0,0.8978,,7600003,建設業,tag,2026-03-31,S100YHAB
274,203,-71,8439,東京センチュリー株式会社,その他金融業,上場,43.0,16.0,9316000.0,7979838,0.8566,1101.0,8583.0,0.1283,,8046218,金融業・保険業,tag,2026-03-31,S100YDRI
275,229,-46,8864,空港施設株式会社,不動産業,上場,43.0,15.0,9119857.0,7974466,0.8744,114.0,131.0,0.8702,,7876810,不動産業,tag,2026-03-31,S100YGNC
276,258,-18,5802,住友電気工業株式会社,非鉄金属,上場,43.2,18.0,8960000.0,7974145,0.89,7209.0,302972.0,0.0238,本社のみ,7739385,製造業,tag,2026-03-31,S100YL2M
277,304,27,4548,生化学工業株式会社,医薬品,上場,40.2,11.5,8675482.0,7971583,0.9189,694.0,1142.0,0.6077,,7676922,製造業,tag,2026-03-31,S100YDGT
278,277,-1,5344,株式会社ＭＡＲＵＷＡ,ガラス・土石製品,上場,41.99,10.71,8837000.0,7963435,0.9011,690.0,1322.0,0.5219,,7657637,製造業,tag,2026-03-31,S100YB11
279,319,40,4114,株式会社日本触媒,化学,上場,39.4,16.6,8590000.0,7963005,0.927,2573.0,4880.0,0.5273,,7713484,製造業,tag,2026-03-31,S100YBP7
280,240,-40,4506,住友ファーマ株式会社,医薬品,上場,44.5,18.9,9055526.0,7953228,0.8783,1747.0,3123.0,0.5594,,7865443,製造業,tag,2026-03-31,S100YH3M
281,296,15,4021,日産化学株式会社,化学,上場,40.8,15.9,8707047.0,7948209,0.9128,2107.0,3411.0,0.6177,,7635554,製造業,tag,2026-03-31,S100YIML
282,221,-61,6845,アズビル株式会社,電気機器,上場,46.0,19.8,9182109.0,7943921,0.8652,5143.0,9170.0,0.5609,,8077353,製造業,tag,2026-03-31,S100YEE5
283,380,97,8074,株式会社ＹＵＡＳＡ,卸売業,上場,38.3,11.4,8391849.0,7935451,0.9456,1286.0,3088.0,0.4165,,7717344,卸売業・小売業,tag,2026-03-31,S100YGZX
284,331,47,2998,クリアル株式会社,不動産業,上場,38.0,2.2,8554000.0,7932014,0.9273,208.0,299.0,0.6957,,7922054,不動産業,tag,2026-03-31,S100YIOE
285,269,-16,1786,オリエンタル白石株式会社,建設業,上場,45.3,18.7,8895000.0,7931963,0.8917,791.0,1166.0,0.6784,,7775971,建設業,tag,2026-03-31,S100YDUO
286,278,-8,6869,シスメックス株式会社,電気機器,上場,42.4,12.8,8835000.0,7927880,0.8973,3011.0,10861.0,0.2772,,7639862,製造業,tag,2026-03-31,S100YFAW
287,165,-122,6526,株式会社ソシオネクスト,電気機器,上場,50.6,9.6,9590000.0,7927431,0.8266,2111.0,2469.0,0.855,,8600067,製造業,tag,2026-03-31,S100YHHK
288,308,20,1777,川崎設備工業株式会社,建設業,上場,43.6,15.1,8653525.0,7924901,0.9158,454.0,,,,7480938,建設業,tag,2026-03-31,S100YG5D
289,283,-6,4613,関西ペイント株式会社,化学,上場,42.1,18.4,8787000.0,7909320,0.9001,1536.0,16739.0,0.0918,本社のみ,7609239,製造業,tag,2026-03-31,S100YHKQ
290,216,-74,,株式会社日本政策金融公庫,その他金融業,非上場,42.4,19.4,9201000.0,7906502,0.8593,7368.0,,,,7956352,金融業・保険業,textblock,2026-03-31,S100YDDI
291,391,100,9023,東京地下鉄株式会社,陸運業,上場,39.7,18.1,8365521.0,7899076,0.9442,9532.0,11441.0,0.8331,,7468411,運輸業,tag,2026-03-31,S100YHLQ
292,291,-1,6178,日本郵政株式会社,サービス業,上場,43.1,15.9,8718000.0,7898580,0.906,1261.0,224438.0,0.0056,本社のみ,7529821,サービス業,tag,2026-03-31,S100YE7T
293,288,-5,4521,科研製薬株式会社,医薬品,上場,41.9,17.3,8748060.0,7890937,0.902,1086.0,1114.0,0.9749,,7585127,製造業,tag,2026-03-31,S100YK2Q
294,289,-5,9507,四国電力株式会社,電気・ガス業,上場,42.0,18.5,8738019.0,7888494,0.9028,2111.0,7931.0,0.2662,,7571384,電気・ガス業,tag,2026-03-31,S100YH23
295,238,-57,7752,株式会社リコー,電気機器,上場,45.4,20.0,9061743.0,7886918,0.8704,4596.0,75635.0,0.0608,本社のみ,7928747,製造業,tag,2026-03-31,S100YBFF
296,208,-88,8304,株式会社あおぞら銀行,銀行業,上場,44.6,16.6,9277000.0,7879542,0.8494,1928.0,2515.0,0.7666,,8063602,金融業・保険業,tag,2026-03-31,S100YCRO
297,276,-21,6460,セガサミーホールディングス株式会社,機械,上場,43.1,4.9,8844458.0,7879389,0.8909,408.0,9237.0,0.0442,本社のみ,7639044,製造業,tag,2026-03-31,S100YD3K
298,305,7,4966,上村工業株式会社,化学,上場,41.3,15.3,8671762.0,7873046,0.9079,284.0,1528.0,0.1859,,7558831,製造業,tag,2026-03-31,S100YIOW
299,322,23,3477,フォーライフ株式会社,不動産業,上場,38.9,4.9,8576000.0,7871069,0.9178,115.0,,,,7781368,不動産業,tag,2026-03-31,S100YKFC
300,315,15,6226,守谷輸送機工業株式会社,機械,上場,40.7,8.6,8606000.0,7864550,0.9138,388.0,,,,7557332,製造業,tag,2026-03-31,S100YGR0
301,163,-138,1721,コムシスホールディングス株式会社,建設業,上場,50.2,20.5,9624445.0,7862836,0.817,129.0,17765.0,0.0073,本社のみ,8615742,建設業,tag,2026-03-31,S100YFLP
302,321,19,1847,株式会社イチケン,建設業,上場,43.6,16.2,8582880.0,7860204,0.9158,680.0,722.0,0.9418,,7419866,建設業,tag,2026-03-31,S100YD9X
303,303,0,1793,株式会社大本組,建設業,上場,44.3,19.2,8677000.0,7859059,0.9057,823.0,,,,7526603,建設業,tag,2026-03-31,S100YI8J
304,300,-4,1882,東亜道路工業株式会社,建設業,上場,44.5,19.0,8697000.0,7852514,0.9029,1060.0,1644.0,0.6448,,7554035,建設業,tag,2026-03-31,S100YFHW
305,204,-101,7381,株式会社ＣＣＩグループ,銀行業,上場,46.1,22.0,9305000.0,7841444,0.8427,107.0,1950.0,0.0549,本社のみ,8192664,金融業・保険業,tag,2026-03-31,S100YAOX
306,353,47,9302,三井倉庫ホールディングス株式会社,倉庫・運輸関連,上場,42.3,12.9,8473000.0,7835254,0.9247,291.0,7654.0,0.038,本社のみ,7329868,運輸業,tag,2026-03-31,S100YEZT
307,273,-34,8747,豊トラスティ証券株式会社,証券、商品先物取引業,上場,40.6,12.3,8866000.0,7833510,0.8835,356.0,358.0,0.9944,,7796786,金融業・保険業,tag,2026-03-31,S100YJ8P
308,327,19,1972,三晃金属工業株式会社,建設業,上場,43.7,18.0,8560679.0,7827446,0.9143,520.0,,,,7403207,建設業,tag,2026-03-31,S100YCWL
309,357,48,5233,太平洋セメント株式会社,ガラス・土石製品,上場,39.6,16.8,8456736.0,7822133,0.925,1783.0,12626.0,0.1412,,7564179,製造業,tag,2026-03-31,S100YJYE
310,324,14,7201,日産自動車株式会社,輸送用機器,上場,40.9,14.9,8571467.0,7815917,0.9119,23174.0,120079.0,0.193,,7506736,製造業,tag,2026-03-31,S100YH2B
311,307,-4,4202,株式会社ダイセル,化学,上場,41.9,15.3,8655282.0,7807249,0.902,2533.0,11034.0,0.2296,,7504683,製造業,tag,2026-03-31,S100YBO0
312,339,27,,株式会社商工組合中央金庫,銀行業,非上場,38.7,14.9,8522000.0,7805139,0.9159,3299.0,3587.0,0.9197,,7766280,金融業・保険業,tag,2026-03-31,S100YBW3
313,403,90,,東日本高速道路株式会社,倉庫・運輸関連,非上場,40.3,16.5,8308522.0,7802914,0.9391,2643.0,15939.0,0.1658,,7340211,運輸業,textblock,2026-03-31,S100YJ45
314,366,52,2897,日清食品ホールディングス株式会社,食料品,上場,39.5,8.7,8425365.0,7801742,0.926,980.0,17988.0,0.0545,本社のみ,7550726,製造業,tag,2026-03-31,S100YEWB
315,271,-44,6645,オムロン株式会社,電気機器,上場,44.5,14.8,8882000.0,7800825,0.8783,3855.0,26050.0,0.148,,7714722,製造業,tag,2026-03-31,S100YG81
316,489,173,4771,株式会社エフアンドエム,サービス業,上場,37.3,7.3,7993678.0,7793410,0.9749,860.0,990.0,0.8687,,7530512,サービス業,tag,2026-03-31,S100YIXJ
317,372,55,4526,理研ビタミン株式会社,食料品,上場,39.5,15.5,8412000.0,7789366,0.926,1016.0,1887.0,0.5384,,7538748,製造業,tag,2026-03-31,S100YFDJ
318,239,-79,,東京海上日動火災保険株式会社,保険業,非上場,42.6,13.1,9059913.0,7776986,0.8584,16064.0,48838.0,0.3289,,7829323,金融業・保険業,textblock,2026-03-31,S100YLTM
319,355,36,3762,テクマトリックス株式会社,情報・通信業,上場,38.0,8.5,8464000.0,7775224,0.9186,666.0,,,,7838703,情報通信業,tag,2026-03-31,S100YL8T
320,478,158,7564,株式会社ワークマン,小売業,上場,37.0,11.6,8046000.0,7773260,0.9661,440.0,,,,7637045,卸売業・小売業,tag,2026-03-31,S100YGNI
321,350,29,7164,全国保証株式会社,その他金融業,上場,38.7,11.0,8481000.0,7767587,0.9159,319.0,378.0,0.8439,,7728916,金融業・保険業,tag,2026-03-31,S100YAIZ
322,437,115,1898,世紀東急工業株式会社,建設業,上場,40.7,14.6,8193176.0,7761911,0.9474,1011.0,1169.0,0.8648,,7194812,建設業,tag,2026-03-31,S100YEPV
323,410,87,4042,東ソー株式会社,化学,上場,38.5,13.8,8288000.0,7760439,0.9363,4002.0,14850.0,0.2695,,7586982,製造業,tag,2026-03-31,S100YE5Q
324,302,-22,7911,ＴＯＰＰＡＮホールディングス株式会社,その他製品,上場,42.8,15.9,8682435.0,7758918,0.8936,1430.0,54371.0,0.0263,本社のみ,7500154,製造業,tag,2026-03-31,S100YIAY
325,412,87,7729,株式会社東京精密,精密機器,上場,38.5,9.5,8276412.0,7749589,0.9363,1428.0,2890.0,0.4941,,7576374,製造業,tag,2026-03-31,S100YEOP
326,352,26,6806,ヒロセ電機株式会社,電気機器,上場,40.7,13.1,8474000.0,7743922,0.9138,1039.0,5110.0,0.2033,,7441416,製造業,tag,2026-03-31,S100YJDW
327,242,-85,8707,岩井コスモホールディングス株式会社,証券、商品先物取引業,上場,43.2,17.1,9039934.0,7735160,0.8557,831.0,848.0,0.98,,7808430,金融業・保険業,textblock,2026-03-31,S100YG9I
328,582,254,8613,丸三証券株式会社,証券、商品先物取引業,上場,35.0,12.0,7729000.0,7729000,1.0,1130.0,,,,7729000,金融業・保険業,tag,2026-03-31,S100YC95
329,334,5,2267,株式会社ヤクルト本社,食料品,上場,41.7,17.7,8549009.0,7728053,0.904,2912.0,29618.0,0.0983,本社のみ,7423791,製造業,tag,2026-03-31,S100YCBJ
330,439,109,9020,東日本旅客鉄道株式会社,陸運業,上場,39.8,17.1,8191696.0,7727954,0.9434,39598.0,70623.0,0.5607,,7299665,運輸業,tag,2026-03-31,S100YC7N
331,449,118,,西日本高速道路株式会社,倉庫・運輸関連,非上場,39.4,15.5,8161126.0,7727042,0.9468,2712.0,16174.0,0.1677,,7328371,運輸業,textblock,2026-03-31,S100YMLD
332,390,58,8331,株式会社千葉銀行,銀行業,上場,38.3,14.4,8370000.0,7725448,0.923,3873.0,4377.0,0.8849,,7697251,金融業・保険業,tag,2026-03-31,S100YDSE
333,332,-1,4816,東映アニメーション株式会社,情報・通信業,上場,39.0,9.0,8550112.0,7715870,0.9024,758.0,1048.0,0.7233,,7741266,情報通信業,tag,2026-03-31,S100YEQC
334,405,71,7550,株式会社ゼンショーホールディングス,小売業,上場,39.4,8.5,8302000.0,7712098,0.9289,1129.0,20626.0,0.0547,本社のみ,7454871,卸売業・小売業,tag,2026-03-31,S100YKA9
335,430,95,3467,アグレ都市デザイン株式会社,不動産業,上場,37.0,6.3,8216000.0,7707092,0.9381,138.0,142.0,0.9718,,7798404,不動産業,tag,2026-03-31,S100YIPZ
336,387,51,7202,いすゞ自動車株式会社,輸送用機器,上場,40.1,15.6,8376000.0,7704863,0.9199,9089.0,43005.0,0.2113,,7424369,製造業,tag,2026-03-31,S100YFBQ
337,337,0,5991,日本発條株式会社,金属製品,上場,41.9,18.6,8527125.0,7691649,0.902,5350.0,18121.0,0.2952,,7393563,製造業,tag,2026-03-31,S100YD4O
338,290,-48,9506,東北電力株式会社,電気・ガス業,上場,44.0,19.8,8725434.0,7686706,0.881,4587.0,18403.0,0.2493,,7555641,電気・ガス業,tag,2026-03-31,S100YEK2
339,364,25,6988,日東電工株式会社,化学,上場,41.0,15.5,8437000.0,7684927,0.9109,6813.0,26477.0,0.2573,,7379629,製造業,tag,2026-03-31,S100YCAR
340,236,-104,8308,株式会社　りそなホールディングス,銀行業,上場,45.1,14.4,9069000.0,7682665,0.8471,2105.0,20813.0,0.1011,,7914349,金融業・保険業,tag,2026-03-31,S100YDP3
341,336,-5,7994,株式会社オカムラ,その他製品,上場,42.1,17.3,8529000.0,7677090,0.9001,4494.0,6082.0,0.7389,,7385820,製造業,tag,2026-03-31,S100YFDV
342,384,42,6981,株式会社村田製作所,電気機器,上場,40.5,14.4,8382000.0,7676619,0.9158,11174.0,74302.0,0.1504,,7382086,製造業,tag,2026-03-31,S100YHPY
343,279,-64,9501,東京電力ホールディングス株式会社,電気・ガス業,上場,45.1,22.1,8828772.0,7675686,0.8694,7157.0,38341.0,0.1867,,7704707,電気・ガス業,tag,2026-03-31,S100YIHR
344,298,-46,,株式会社みずほ銀行,銀行業,非上場,40.7,16.3,8701000.0,7673466,0.8819,23356.0,33175.0,0.704,,7640756,金融業・保険業,textblock,2026-03-31,S100YFAH
345,408,63,,中部国際空港株式会社,倉庫・運輸関連,非上場,43.0,10.5,8289216.0,7660105,0.9241,292.0,948.0,0.308,,7159386,運輸業,textblock,2026-03-31,S100XUDH
346,486,140,7199,プレミアグループ株式会社,その他金融業,上場,36.7,7.9,8020992.0,7655972,0.9545,128.0,899.0,0.1424,,7671561,金融業・保険業,tag,2026-03-31,S100YHAQ
347,344,-3,4527,ロート製薬株式会社,医薬品,上場,42.1,13.8,8505000.0,7655488,0.9001,1786.0,9292.0,0.1922,,7365037,製造業,tag,2026-03-31,S100YE5N
348,398,50,5406,株式会社　神戸製鋼所,鉄鋼,上場,40.1,15.5,8322000.0,7655189,0.9199,12253.0,38614.0,0.3173,,7376505,製造業,tag,2026-03-31,S100YCDA
349,382,33,3402,東レ株式会社,繊維製品,上場,40.8,17.4,8384000.0,7653316,0.9128,7027.0,46294.0,0.1518,,7352262,製造業,tag,2026-03-31,S100YFG9
350,349,-1,3407,旭化成株式会社,化学,上場,41.9,17.1,8483519.0,7652315,0.902,8233.0,47895.0,0.1719,,7355753,製造業,tag,2026-03-31,S100YGRD
351,457,106,1934,株式会社ユアテック,建設業,上場,41.7,18.6,8120722.0,7645124,0.9414,3857.0,5818.0,0.6629,,7051875,建設業,tag,2026-03-31,S100YHQP
352,415,63,9007,小田急電鉄株式会社,陸運業,上場,43.5,22.0,8274183.0,7642512,0.9237,3685.0,11656.0,0.3161,,7150919,運輸業,tag,2026-03-31,S100YIM7
353,267,-86,3401,帝人株式会社,繊維製品,上場,46.8,22.5,8902000.0,7640703,0.8583,2749.0,15689.0,0.1752,,7882550,製造業,tag,2026-03-31,S100YCMK
354,328,-26,6741,日本信号株式会社,電気機器,上場,43.0,18.0,8559521.0,7633372,0.8918,1146.0,3066.0,0.3738,,7392848,製造業,tag,2026-03-31,S100YAO1
355,386,31,1810,松井建設株式会社,建設業,上場,44.0,19.4,8377425.0,7623635,0.91,742.0,771.0,0.9624,,7254289,建設業,tag,2026-03-31,S100YHYW
356,440,84,9359,伊勢湾海運株式会社,倉庫・運輸関連,上場,41.3,17.8,8190262.0,7623278,0.9308,762.0,1245.0,0.612,,7139127,運輸業,tag,2026-03-31,S100YE7Y
357,370,13,8091,ニチモウ株式会社,卸売業,上場,41.03,16.03,8418000.0,7620787,0.9053,201.0,1036.0,0.194,,7360296,卸売業・小売業,tag,2026-03-31,S100YIWE
358,306,-52,6947,株式会社図研,電気機器,上場,44.3,17.9,8659154.0,7620515,0.8801,451.0,1656.0,0.2723,,7511123,製造業,tag,2026-03-31,S100YD7O
359,268,-91,8032,日本紙パルプ商事株式会社,卸売業,上場,44.7,20.5,8899403.0,7617915,0.856,753.0,4705.0,0.16,,7741187,卸売業・小売業,tag,2026-03-31,S100YF3W
360,351,-9,7240,ＮＯＫ株式会社,輸送用機器,上場,42.3,19.3,8475417.0,7613081,0.8983,3153.0,36655.0,0.086,本社のみ,7331959,製造業,tag,2026-03-31,S100YFWJ
361,285,-76,8065,佐藤商事株式会社,卸売業,上場,43.8,14.3,8773000.0,7611521,0.8676,661.0,1075.0,0.6149,,7589795,卸売業・小売業,tag,2026-03-31,S100YFE8
362,418,56,1780,株式会社　ヤマウラ,建設業,上場,43.1,12.4,8243000.0,7609346,0.9231,458.0,458.0,1.0,,7119559,建設業,tag,2026-03-31,S100YK4B
363,254,-109,1762,株式会社髙松コンストラクショングループ,建設業,上場,48.3,9.9,8976000.0,7602886,0.847,100.0,5119.0,0.0195,本社のみ,8006868,建設業,tag,2026-03-31,S100YDDS
364,431,67,9304,澁澤倉庫株式会社,倉庫・運輸関連,上場,42.0,17.0,8215906.0,7599721,0.925,558.0,1320.0,0.4227,,7118979,運輸業,tag,2026-03-31,S100YI5J
365,343,-22,1332,株式会社ニッスイ,水産・農林業,上場,42.82,15.8,8506166.0,7599198,0.8934,1489.0,11526.0,0.1292,,7347696,産業計,tag,2026-03-31,S100YHOQ
366,424,58,9041,近鉄グループホールディングス株式会社,陸運業,上場,44.6,17.7,8228945.0,7592641,0.9227,264.0,44759.0,0.0059,本社のみ,7152629,運輸業,tag,2026-03-31,S100YCLR
367,368,1,9508,九州電力株式会社,電気・ガス業,上場,42.1,20.8,8420008.0,7591997,0.9017,4383.0,21189.0,0.2069,,7291436,電気・ガス業,tag,2026-03-31,S100YHHO
368,426,58,5423,東京製鐵株式会社,鉄鋼,上場,39.8,16.9,8224000.0,7590078,0.9229,1161.0,,,,7328451,製造業,tag,2026-03-31,S100YDWW
369,394,25,2607,不二製油株式会社,食料品,上場,41.0,16.0,8332205.0,7589473,0.9109,1550.0,5891.0,0.2631,,7287967,製造業,tag,2026-03-31,S100YEWN
370,423,53,8097,三愛オブリ株式会社,卸売業,上場,39.9,15.0,8232781.0,7587004,0.9216,388.0,1914.0,0.2027,,7322980,卸売業・小売業,tag,2026-03-31,S100YH4U
371,376,5,2810,ハウス食品グループ本社株式会社,食料品,上場,41.9,14.3,8404405.0,7580953,0.902,470.0,6564.0,0.0716,本社のみ,7287156,製造業,tag,2026-03-31,S100YD7A
372,348,-24,4819,株式会社デジタルガレージ,情報・通信業,上場,39.7,5.0,8495812.0,7573414,0.8914,557.0,1383.0,0.4027,,7584730,情報通信業,tag,2026-03-31,S100YIB5
373,443,70,,阪神高速道路株式会社,倉庫・運輸関連,非上場,42.5,15.3,8177372.0,7560412,0.9246,746.0,2647.0,0.2818,,7068705,運輸業,textblock,2026-03-31,S100YL67
374,488,114,,中日本高速道路株式会社,倉庫・運輸関連,非上場,40.0,16.7,8012830.0,7545578,0.9417,2292.0,11575.0,0.198,,7114727,運輸業,textblock,2026-03-31,S100YL4L
375,428,53,4543,テルモ株式会社,精密機器,上場,40.3,15.6,8216621.0,7541669,0.9179,5736.0,31185.0,0.1839,,7259021,製造業,tag,2026-03-31,S100YGMG
376,365,-11,1951,エクシオグループ株式会社,建設業,上場,45.1,19.1,8429000.0,7539727,0.8945,3781.0,17751.0,0.213,,7355833,建設業,tag,2026-03-31,S100YI51
377,313,-64,7912,大日本印刷株式会社,その他製品,上場,44.8,20.7,8610246.0,7539281,0.8756,8911.0,36360.0,0.2451,,7495479,製造業,tag,2026-03-31,S100YF74
378,447,69,9069,センコーグループホールディングス株式会社,陸運業,上場,43.9,11.0,8164956.0,7538704,0.9233,203.0,27835.0,0.0073,本社のみ,7066867,運輸業,tag,2026-03-31,S100YH4R
379,414,35,7269,スズキ株式会社,輸送用機器,上場,41.0,18.0,8276061.0,7538334,0.9109,17871.0,76889.0,0.2324,,7238859,製造業,tag,2026-03-31,S100YFG2
380,286,-94,3023,ラサ商事株式会社,卸売業,上場,44.4,13.1,8764121.0,7535711,0.8598,221.0,262.0,0.8435,,7607118,卸売業・小売業,tag,2026-03-31,S100YJIY
381,363,-18,4403,日油株式会社,化学,上場,42.9,17.5,8437958.0,7532696,0.8927,1976.0,4155.0,0.4756,,7288193,製造業,tag,2026-03-31,S100YI3F
382,402,20,5016,ＪＸ金属株式会社,非鉄金属,上場,41.5,12.9,8308817.0,7527193,0.9059,3250.0,10450.0,0.311,,7227950,製造業,tag,2026-03-31,S100YINW
383,323,-60,6951,日本電子株式会社,電気機器,上場,44.6,15.9,8575000.0,7523588,0.8774,2313.0,3731.0,0.6199,,7453421,製造業,tag,2026-03-31,S100YIDD
384,294,-90,9468,株式会社ＫＡＤＯＫＡＷＡ,情報・通信業,上場,41.6,4.8,8715000.0,7520002,0.8629,2471.0,7332.0,0.337,,7574380,情報通信業,tag,2026-03-31,S100YGF5
385,413,28,9509,北海道電力株式会社,電気・ガス業,上場,41.3,18.2,8276143.0,7514990,0.908,2400.0,9239.0,0.2598,,7213986,電気・ガス業,tag,2026-03-31,S100YDWY
386,453,67,9045,京阪ホールディングス株式会社,陸運業,上場,43.8,19.3,8132131.0,7509123,0.9234,143.0,6233.0,0.0229,本社のみ,7035360,運輸業,tag,2026-03-31,S100YCVR
387,419,32,4118,株式会社カネカ,化学,上場,41.0,16.0,8242752.0,7507994,0.9109,3485.0,11762.0,0.2963,,7209725,製造業,tag,2026-03-31,S100YIFD
388,531,143,9143,ＳＧホールディングス株式会社,陸運業,上場,38.5,9.9,7864340.0,7507315,0.9546,242.0,60483.0,0.004,本社のみ,7199156,運輸業,tag,2026-03-31,S100Y9P7
389,367,-22,4534,持田製薬株式会社,医薬品,上場,43.1,16.5,8425359.0,7506020,0.8909,1195.0,1479.0,0.808,,7277064,製造業,tag,2026-03-31,S100YI28
390,379,-11,6457,グローリー株式会社,機械,上場,42.8,18.5,8394882.0,7501951,0.8936,3139.0,11266.0,0.2786,,7251757,製造業,tag,2026-03-31,S100YG4D
391,345,-46,1929,日特建設株式会社,建設業,上場,46.0,18.5,8502918.0,7501158,0.8822,1023.0,1206.0,0.8483,,7479880,建設業,tag,2026-03-31,S100YIDU
392,417,25,9505,北陸電力株式会社,電気・ガス業,上場,41.4,20.1,8260680.0,7494720,0.9073,2301.0,6895.0,0.3337,,7193072,電気・ガス業,tag,2026-03-31,S100YE68
393,455,62,6231,木村工機株式会社,機械,上場,39.9,13.4,8125336.0,7490756,0.9219,386.0,,,,7227408,製造業,tag,2026-03-31,S100YCHD
394,523,129,8130,株式会社サンゲツ,卸売業,上場,38.0,15.3,7881000.0,7489036,0.9503,1345.0,3299.0,0.4077,,7298773,卸売業・小売業,tag,2026-03-31,S100YA8B
395,325,-70,4569,杏林製薬株式会社,医薬品,上場,45.0,19.2,8563245.0,7483040,0.8739,1322.0,1982.0,0.667,,7466688,製造業,tag,2026-03-31,S100YDHG
396,295,-101,9434,ソフトバンク株式会社,情報・通信業,上場,42.0,14.8,8713000.0,7467925,0.8571,19150.0,58432.0,0.3277,,7549705,情報通信業,tag,2026-03-31,S100YE76
397,347,-50,3861,王子ホールディングス株式会社,パルプ・紙,上場,44.5,15.6,8496000.0,7461811,0.8783,464.0,38757.0,0.012,本社のみ,7379451,製造業,tag,2026-03-31,S100YJ8J
398,495,97,9009,京成電鉄株式会社,陸運業,上場,40.9,17.4,7987187.0,7460866,0.9341,2474.0,13231.0,0.187,,6995034,運輸業,tag,2026-03-31,S100YL5Y
399,450,51,6800,株式会社ヨコオ,電気機器,上場,40.7,10.8,8157992.0,7455140,0.9138,1012.0,7624.0,0.1327,,7163915,製造業,tag,2026-03-31,S100YI9J
400,373,-27,9880,イノテック株式会社,電気機器,上場,43.6,14.9,8410465.0,7454524,0.8863,211.0,1620.0,0.1302,,7270814,製造業,tag,2026-03-31,S100YJ5D
401,444,43,4206,アイカ工業株式会社,化学,上場,41.0,16.0,8172000.0,7443549,0.9109,1287.0,5314.0,0.2422,,7147840,製造業,tag,2026-03-31,S100YE8Y
402,600,198,8934,サンフロンティア不動産株式会社,不動産業,上場,36.0,7.06,7683000.0,7437448,0.968,395.0,1076.0,0.3671,,7482453,不動産業,tag,2026-03-31,S100YGKR
403,572,169,5033,株式会社ヌーラボ,サービス業,上場,38.5,4.2,7762746.0,7436076,0.9579,189.0,207.0,0.913,,7106155,サービス業,tag,2026-03-31,S100YH55
404,335,-69,6332,月島ホールディングス株式会社,機械,上場,45.3,14.4,8529953.0,7431519,0.8712,105.0,3367.0,0.0312,本社のみ,7456849,製造業,tag,2026-03-31,S100YH1A
405,438,33,4552,ＪＣＲファーマ株式会社,医薬品,上場,41.4,9.5,8192000.0,7429411,0.9069,937.0,985.0,0.9513,,7133268,製造業,tag,2026-03-31,S100YF19
406,395,-11,3397,株式会社トリドールホールディングス,小売業,上場,41.98,6.43,8326000.0,7427302,0.8921,351.0,7775.0,0.0451,本社のみ,7215298,卸売業・小売業,tag,2026-03-31,S100YDW4
407,505,98,,新生テクノス株式会社,建設業,非上場,42.5,15.1,7968071.0,7426864,0.9321,1263.0,1293.0,0.9768,,6887780,建設業,textblock,2026-03-31,S100YLFQ
408,356,-52,9532,大阪瓦斯株式会社,電気・ガス業,上場,44.3,16.1,8458000.0,7424188,0.8778,1303.0,21835.0,0.0597,本社のみ,7336638,電気・ガス業,tag,2026-03-31,S100YFQT
409,326,-83,6378,木村化工機株式会社,機械,上場,45.8,16.3,8563040.0,7423119,0.8669,434.0,442.0,0.9819,,7519337,製造業,tag,2026-03-31,S100YF9Q
410,393,-17,2201,森永製菓株式会社,食料品,上場,43.4,19.0,8352549.0,7418330,0.8882,1587.0,3222.0,0.4926,,7216930,製造業,tag,2026-03-31,S100YHJS
411,487,76,5482,愛知製鋼株式会社,鉄鋼,上場,39.6,17.7,8019000.0,7417245,0.925,2525.0,4427.0,0.5704,,7172644,製造業,tag,2026-03-31,S100YLIN
412,378,-34,2613,株式会社Ｊ－オイルミルズ,食料品,上場,44.0,18.0,8401533.0,7416337,0.8827,975.0,1222.0,0.7979,,7275165,製造業,tag,2026-03-31,S100YFUT
413,587,174,7525,リックス株式会社,卸売業,上場,37.4,11.0,7726000.0,7414676,0.9597,502.0,805.0,0.6236,,7260296,卸売業・小売業,tag,2026-03-31,S100YGQ4
414,528,114,1946,株式会社トーエネック,建設業,上場,41.77,19.45,7873224.0,7408876,0.941,5029.0,6487.0,0.7752,,6833131,建設業,tag,2026-03-31,S100YIKH
415,312,-103,,住友三井オートサービス株式会社,その他金融業,非上場,42.6,13.9,8626000.0,7404517,0.8584,1723.0,2818.0,0.6114,,7454348,金融業・保険業,textblock,2026-03-31,S100YK9I
416,301,-115,8093,極東貿易株式会社,卸売業,上場,45.0,18.0,8687000.0,7403091,0.8522,154.0,659.0,0.2337,,7574595,卸売業・小売業,tag,2026-03-31,S100YESK
417,406,-11,4220,リケンテクノス株式会社,化学,上場,43.0,17.6,8299037.0,7401073,0.8918,780.0,1877.0,0.4156,,7167868,製造業,tag,2026-03-31,S100Y9PN
418,256,-162,3099,株式会社三越伊勢丹ホールディングス,小売業,上場,47.4,23.6,8964463.0,7400796,0.8256,386.0,8670.0,0.0445,本社のみ,7968440,卸売業・小売業,tag,2026-03-31,S100YD7C
419,318,-101,6331,三菱化工機株式会社,機械,上場,46.5,16.2,8593782.0,7398086,0.8609,699.0,1044.0,0.6695,,7592049,製造業,tag,2026-03-31,S100YK3Y
420,359,-61,5011,ニチレキグループ株式会社,石油・石炭製品,上場,44.9,14.8,8447000.0,7388892,0.8747,110.0,1434.0,0.0767,本社のみ,7359264,製造業,tag,2026-03-31,S100YE06
421,340,-81,6413,理想科学工業株式会社,機械,上場,45.8,22.1,8520952.0,7386633,0.8669,1529.0,2865.0,0.5337,,7482379,製造業,tag,2026-03-31,S100YE4Y
422,441,19,4362,日本精化株式会社,化学,上場,41.9,14.6,8187000.0,7384849,0.902,415.0,713.0,0.582,,7098652,製造業,tag,2026-03-31,S100YCCG
423,483,60,8051,株式会社山善,卸売業,上場,40.0,13.9,8022209.0,7381215,0.9201,1836.0,3309.0,0.5549,,7123055,卸売業・小売業,tag,2026-03-31,S100YBDH
424,500,76,3433,トーカロ株式会社,金属製品,上場,39.6,13.0,7978000.0,7379322,0.925,980.0,1573.0,0.623,,7135971,製造業,tag,2026-03-31,S100YFML
425,499,74,9357,名港海運株式会社,倉庫・運輸関連,上場,42.6,19.0,7979138.0,7376419,0.9245,833.0,1890.0,0.4407,,6895348,運輸業,tag,2026-03-31,S100YL49
426,392,-34,1813,株式会社不動テトラ,建設業,上場,46.0,19.1,8359959.0,7375041,0.8822,841.0,1004.0,0.8376,,7354121,建設業,tag,2026-03-31,S100YDLY
427,425,-2,4483,株式会社ＪＭＤＣ,情報・通信業,上場,39.4,4.5,8227757.0,7372979,0.8961,499.0,2444.0,0.2042,,7388204,情報通信業,tag,2026-03-31,S100YJCA
428,485,57,7003,株式会社三井Ｅ＆Ｓ,機械,上場,40.2,16.3,8021833.0,7370969,0.9189,2284.0,5998.0,0.3808,,7098509,製造業,tag,2026-03-31,S100YKIO
429,421,-8,3153,八洲電機株式会社,卸売業,上場,41.8,17.1,8238000.0,7369214,0.8945,454.0,1062.0,0.4275,,7148071,卸売業・小売業,tag,2026-03-31,S100YE8H
430,578,148,1939,株式会社四電工,建設業,上場,40.0,16.2,7743000.0,7367911,0.9516,2206.0,2693.0,0.8192,,6875141,建設業,tag,2026-03-31,S100YCY4
431,442,11,3941,レンゴー株式会社,パルプ・紙,上場,42.1,16.8,8181928.0,7364685,0.9001,4426.0,25573.0,0.1731,,7085267,製造業,tag,2026-03-31,S100YI9N
432,756,324,5071,株式会社ヴィス,サービス業,上場,34.2,5.9,7301000.0,7363260,1.0085,296.0,301.0,0.9834,,7461450,サービス業,tag,2026-03-31,S100YJJP
433,342,-91,5715,古河機械金属株式会社,非鉄金属,上場,46.0,19.0,8508046.0,7360754,0.8652,207.0,2883.0,0.0718,本社のみ,7484391,製造業,tag,2026-03-31,S100YIDC
434,653,219,2371,株式会社カカクコム,サービス業,上場,37.3,6.6,7547000.0,7357922,0.9749,1152.0,1421.0,0.8107,,7109716,サービス業,tag,2026-03-31,S100YBGN
435,374,-61,6504,富士電機株式会社,電気機器,上場,44.9,20.3,8409855.0,7356400,0.8747,10901.0,26955.0,0.4044,,7326902,製造業,tag,2026-03-31,S100YEEB
436,383,-53,6952,カシオ計算機株式会社,電気機器,上場,44.6,15.7,8384000.0,7356007,0.8774,2053.0,8259.0,0.2486,,7287403,製造業,tag,2026-03-31,S100YJ1H
437,511,74,6402,兼松エンジニアリング株式会社,機械,上場,39.5,13.5,7943000.0,7355080,0.926,272.0,,,,7118435,製造業,tag,2026-03-31,S100YD22
438,448,10,6246,株式会社テクノスマート,機械,上場,42.0,18.0,8162275.0,7354617,0.901,255.0,,,,7072509,製造業,tag,2026-03-31,S100YJ0X
439,422,-17,6875,株式会社メガチップス,電気機器,上場,42.9,10.9,8237000.0,7353298,0.8927,318.0,328.0,0.9695,,7114618,製造業,tag,2026-03-31,S100YDEK
440,475,35,5713,住友金属鉱山株式会社,非鉄金属,上場,40.8,16.8,8054000.0,7352076,0.9128,3179.0,7507.0,0.4235,,7062872,製造業,tag,2026-03-31,S100YJ6N
441,409,-32,3626,ＴＩＳ株式会社,情報・通信業,上場,40.0,14.0,8289000.0,7350656,0.8868,6066.0,21598.0,0.2809,,7359944,情報通信業,tag,2026-03-31,S100YH5C
442,463,21,6823,リオン株式会社,電気機器,上場,41.3,16.8,8096000.0,7350315,0.9079,499.0,1003.0,0.4975,,7056962,製造業,tag,2026-03-31,S100YI2O
443,320,-123,7995,株式会社バルカー,化学,上場,47.1,17.7,8585760.0,7347332,0.8558,424.0,1582.0,0.268,,7618245,製造業,tag,2026-03-31,S100YC38
444,434,-10,1822,大豊建設株式会社,建設業,上場,45.0,19.2,8199789.0,7346089,0.8959,1072.0,1700.0,0.6306,,7149774,建設業,tag,2026-03-31,S100YI2K
445,502,57,6490,株式会社ＰＩＬＬＡＲ,機械,上場,40.0,13.3,7974084.0,7343225,0.9209,676.0,1308.0,0.5168,,7080324,製造業,tag,2026-03-31,S100YD79
446,492,46,2264,森永乳業株式会社,食料品,上場,40.2,16.6,7990598.0,7342268,0.9189,3376.0,7345.0,0.4596,,7070869,製造業,tag,2026-03-31,S100YIHY
447,330,-117,8303,株式会社ＳＢＩ新生銀行,銀行業,上場,42.7,13.1,8558000.0,7342242,0.8579,2419.0,5828.0,0.4151,,7393897,金融業・保険業,tag,2026-03-31,S100YDBB
448,471,23,9845,株式会社パーカーコーポレーション,化学,上場,41.01,16.05,8057877.0,7338800,0.9108,217.0,2045.0,0.1061,,7047149,製造業,tag,2026-03-31,S100YJ1T
449,427,-22,4471,三洋化成工業株式会社,化学,上場,42.9,18.6,8220000.0,7338122,0.8927,1267.0,1626.0,0.7792,,7099934,製造業,tag,2026-03-31,S100YC0P
450,461,11,4544,Ｈ．Ｕ．グループホールディングス株式会社,サービス業,上場,43.2,12.1,8102000.0,7336471,0.9055,351.0,5157.0,0.0681,本社のみ,6998270,サービス業,tag,2026-03-31,S100YB46
451,680,229,9115,明海グループ株式会社,海運業,上場,36.2,7.5,7482000.0,7335913,0.9805,106.0,634.0,0.1672,,7248849,運輸業,tag,2026-03-31,S100YGYV
452,520,68,8616,東海東京フィナンシャル・ホールディングス株式会社,証券、商品先物取引業,上場,38.0,11.0,7901258.0,7335521,0.9284,155.0,2528.0,0.0613,本社のみ,7317535,金融業・保険業,tag,2026-03-31,S100YGI5
453,396,-57,6134,株式会社ＦＵＪＩ,機械,上場,44.2,19.8,8326000.0,7334753,0.8809,1771.0,3132.0,0.5655,,7217716,製造業,tag,2026-03-31,S100YKAW
454,407,-47,7004,カナデビア株式会社,機械,上場,43.9,15.8,8298285.0,7332648,0.8836,4088.0,12666.0,0.3228,,7182265,製造業,tag,2026-03-31,S100YGOR
455,404,-51,2902,太陽化学株式会社,食料品,上場,44.0,20.0,8304875.0,7331013,0.8827,469.0,867.0,0.5409,,7191465,製造業,tag,2026-03-31,S100YD3Q
456,516,60,6859,エスペック株式会社,電気機器,上場,39.7,14.4,7928000.0,7324975,0.9239,845.0,1898.0,0.4452,,7077809,製造業,tag,2026-03-31,S100YG4Z
457,377,-80,8007,高島株式会社,卸売業,上場,43.5,12.4,8404000.0,7324472,0.8715,220.0,1200.0,0.1833,,7263113,卸売業・小売業,tag,2026-03-31,S100YCID
458,514,56,9351,東洋埠頭株式会社,倉庫・運輸関連,上場,44.6,19.7,7936247.0,7322576,0.9227,331.0,848.0,0.3903,,6898214,運輸業,tag,2026-03-31,S100YELE
459,433,-26,2801,キッコーマン株式会社,食料品,上場,43.1,13.4,8210646.0,7314736,0.8909,672.0,7911.0,0.0849,本社のみ,7091614,製造業,tag,2026-03-31,S100YE5V
460,1000,540,6562,株式会社ジーニー,情報・通信業,上場,32.9,2.9,6783000.0,7313241,1.0782,460.0,816.0,0.5637,,7197178,情報通信業,tag,2026-03-31,S100YNBB
461,517,56,7510,株式会社たけびし,卸売業,上場,39.7,16.5,7909000.0,7311870,0.9245,449.0,858.0,0.5233,,7060847,卸売業・小売業,tag,2026-03-31,S100YHGY
462,411,-51,9991,ジェコス株式会社,卸売業,上場,42.7,17.1,8285231.0,7309441,0.8822,764.0,1762.0,0.4336,,7158232,卸売業・小売業,tag,2026-03-31,S100YD7I
463,509,46,4401,株式会社ＡＤＥＫＡ,化学,上場,40.2,17.1,7952220.0,7307004,0.9189,1827.0,5434.0,0.3362,,7036909,製造業,tag,2026-03-31,S100YBCU
464,369,-95,5602,株式会社栗本鐵工所,鉄鋼,上場,45.7,21.0,8419706.0,7306157,0.8677,1380.0,2238.0,0.6166,,7386829,製造業,tag,2026-03-31,S100YDW9
465,473,8,4461,第一工業製薬株式会社,化学,上場,41.4,15.6,8054710.0,7304901,0.9069,611.0,1155.0,0.529,,7013721,製造業,tag,2026-03-31,S100YCSC
466,494,28,1914,日本基礎技術株式会社,建設業,上場,43.7,18.4,7989013.0,7304744,0.9143,346.0,391.0,0.8849,,6908835,建設業,tag,2026-03-31,S100YGM2
467,624,157,1959,株式会社クラフティア,建設業,上場,38.9,15.7,7620000.0,7301675,0.9582,6886.0,11122.0,0.6191,,6913949,建設業,tag,2026-03-31,S100YI0L
468,460,-8,4951,エステー株式会社,化学,上場,42.0,15.4,8102383.0,7300651,0.901,460.0,739.0,0.6225,,7020613,製造業,tag,2026-03-31,S100YD9M
469,589,120,9324,安田倉庫株式会社,倉庫・運輸関連,上場,39.5,12.8,7715711.0,7298700,0.946,488.0,2581.0,0.1891,,6914741,運輸業,tag,2026-03-31,S100YEO5
470,946,476,7089,フォースタートアップス株式会社,サービス業,上場,30.6,2.58,6877000.0,7290982,1.0602,238.0,252.0,0.9444,,7953131,サービス業,tag,2026-03-31,S100YIA4
471,400,-71,1892,徳倉建設株式会社,建設業,上場,46.4,17.6,8315000.0,7290778,0.8768,435.0,808.0,0.5384,,7339763,建設業,tag,2026-03-31,S100YKW2
472,416,-56,8081,株式会社カナデン,卸売業,上場,42.7,17.3,8262000.0,7288946,0.8822,620.0,904.0,0.6858,,7138161,卸売業・小売業,tag,2026-03-31,S100YFEF
473,341,-132,,野村貿易株式会社,卸売業,非上場,44.7,16.23,8512000.0,7286297,0.856,222.0,1810.0,0.1227,,7404202,卸売業・小売業,textblock,2026-03-31,S100YH7K
474,526,52,1968,太平電業株式会社,建設業,上場,43.0,16.7,7877000.0,7283137,0.9246,1525.0,1878.0,0.812,,6803356,建設業,tag,2026-03-31,S100YJVV
475,594,119,4732,株式会社ユー・エス・エス,サービス業,上場,39.4,13.0,7697000.0,7277761,0.9455,725.0,1211.0,0.5987,,6911605,サービス業,tag,2026-03-31,S100YGIC
476,497,21,7837,株式会社アールシーコア,その他製品,上場,40.9,9.8,7981000.0,7277498,0.9119,134.0,229.0,0.5852,,6989615,製造業,tag,2026-03-31,S100YDAM
477,360,-117,4902,コニカミノルタ株式会社,電気機器,上場,46.4,20.7,8441281.0,7274012,0.8617,3888.0,34363.0,0.1131,,7451233,製造業,tag,2026-03-31,S100YB93
478,501,23,4272,日本化薬株式会社,化学,上場,41.0,14.8,7976000.0,7265020,0.9109,2366.0,5946.0,0.3979,,6976404,製造業,tag,2026-03-31,S100YD4R
479,456,-23,1827,株式会社ナカノフドー建設,建設業,上場,45.1,16.1,8121691.0,7264839,0.8945,790.0,1394.0,0.5667,,7087650,建設業,tag,2026-03-31,S100YHMT
480,656,176,,首都圏新都市鉄道株式会社,陸運業,非上場,37.4,13.2,7529000.0,7260218,0.9643,803.0,,,,7075171,運輸業,textblock,2026-03-31,S100YLFJ
481,458,-23,7979,株式会社松風,精密機器,上場,42.72,16.24,8113619.0,7256578,0.8944,536.0,1462.0,0.3666,,7009695,製造業,tag,2026-03-31,S100YGMA
482,451,-31,2109,ＤＭ三井製糖株式会社,食料品,上場,43.38,18.28,8154131.0,7243586,0.8883,428.0,1550.0,0.2761,,7045200,製造業,tag,2026-03-31,S100YCZI
483,420,-63,8830,住友不動産株式会社,不動産業,上場,42.65,10.28,8242230.0,7241822,0.8786,2021.0,14116.0,0.1432,,7121837,不動産業,tag,2026-03-31,S100YI5D
484,436,-48,8154,加賀電子株式会社,卸売業,上場,42.6,13.9,8196000.0,7241811,0.8836,583.0,9374.0,0.0622,本社のみ,7082754,卸売業・小売業,tag,2026-03-31,S100YNQJ
485,731,246,2980,ＳＲＥホールディングス株式会社,不動産業,上場,35.6,2.6,7371000.0,7227822,0.9806,144.0,533.0,0.2702,,7254357,不動産業,tag,2026-03-31,S100YJPC
486,1065,579,3923,株式会社ラクス,情報・通信業,上場,32.7,3.2,6647000.0,7220365,1.0863,2190.0,3569.0,0.6136,,7096714,情報通信業,tag,2026-03-31,S100YL65
487,464,-23,6724,セイコーエプソン株式会社,電気機器,上場,42.9,18.1,8087000.0,7219390,0.8927,12311.0,74619.0,0.165,,6985057,製造業,tag,2026-03-31,S100YJ6A
488,508,20,1848,株式会社富士ピー・エス,建設業,上場,44.2,15.9,7956439.0,7217755,0.9072,434.0,491.0,0.8839,,6897348,建設業,tag,2026-03-31,S100YG4M
489,482,-7,4997,日本農薬株式会社,化学,上場,42.3,14.7,8030534.0,7213463,0.8983,395.0,1527.0,0.2587,,6947097,製造業,tag,2026-03-31,S100YATP
490,371,-119,5844,株式会社京都フィナンシャルグループ,銀行業,上場,42.9,16.7,8415000.0,7211892,0.857,271.0,3676.0,0.0737,本社のみ,7268363,金融業・保険業,tag,2026-03-31,S100YEHZ
491,481,-10,6963,ローム株式会社,電気機器,上場,42.4,14.0,8035000.0,7210019,0.8973,4199.0,21756.0,0.193,,6948081,製造業,tag,2026-03-31,S100YF41
492,535,43,2053,中部飼料株式会社,食料品,上場,40.3,14.8,7853807.0,7208659,0.9179,444.0,508.0,0.874,,6938491,製造業,tag,2026-03-31,S100YF88
493,493,0,7731,株式会社ニコン,精密機器,上場,41.9,13.7,7989362.0,7206575,0.902,4656.0,19928.0,0.2336,,6927288,製造業,tag,2026-03-31,S100YKBP
494,557,63,1938,日本リーテック株式会社,建設業,上場,43.0,15.5,7792000.0,7204545,0.9246,1124.0,1434.0,0.7838,,6729941,建設業,tag,2026-03-31,S100YI6M
495,542,47,4972,綜研化学株式会社,化学,上場,40.1,14.5,7829000.0,7201692,0.9199,348.0,1097.0,0.3172,,6939516,製造業,tag,2026-03-31,S100YFCG
496,552,56,6365,株式会社電業社機械製作所,機械,上場,39.8,16.1,7802000.0,7200607,0.9229,495.0,556.0,0.8903,,6952404,製造業,tag,2026-03-31,S100YI72
497,309,-188,9605,東映株式会社,情報・通信業,上場,43.3,14.1,8632825.0,7199150,0.8339,445.0,1965.0,0.2265,,7457732,情報通信業,tag,2026-03-31,S100YI7S
498,432,-66,4975,株式会社ＪＣＵ,化学,上場,44.7,16.6,8212859.0,7198579,0.8765,250.0,567.0,0.4409,,7143993,製造業,tag,2026-03-31,S100YIEL
499,513,14,4043,株式会社トクヤマ,化学,上場,41.45,16.82,7940277.0,7197219,0.9064,2652.0,6390.0,0.415,,6910662,製造業,tag,2026-03-31,S100YDQ3
500,1168,668,299A,クラシル株式会社,情報・通信業,上場,31.8,2.8,6417000.0,7196231,1.1214,219.0,221.0,0.991,,7061663,情報通信業,tag,2026-03-31,S100YH46
501,375,-126,,東日本建設業保証株式会社,保険業,非上場,43.2,18.1,8407106.0,7193671,0.8557,254.0,337.0,0.7537,,7261812,金融業・保険業,textblock,2026-03-31,S100YH9N
502,399,-103,7157,ライフネット生命保険株式会社,保険業,上場,41.8,6.3,8319851.0,7190622,0.8643,242.0,242.0,1.0,,7219093,金融業・保険業,tag,2026-03-31,S100YC7R
503,599,96,7552,株式会社ハピネット,卸売業,上場,39.0,13.0,7689000.0,7188737,0.9349,512.0,1113.0,0.46,,6961616,卸売業・小売業,tag,2026-03-31,S100YCH4
504,484,-20,9424,日本通信株式会社,情報・通信業,上場,39.4,8.9,8022000.0,7188598,0.8961,135.0,156.0,0.8654,,7203442,情報通信業,tag,2026-03-31,S100YBU3
505,459,-46,6508,株式会社明電舎,電気機器,上場,43.6,18.8,8107973.0,7186413,0.8863,3975.0,10082.0,0.3943,,7009311,製造業,tag,2026-03-31,S100YIHP
506,571,65,4205,日本ゼオン株式会社,化学,上場,39.6,14.3,7763347.0,7180777,0.925,2503.0,4425.0,0.5656,,6943973,製造業,tag,2026-03-31,S100YJ12
507,1211,704,8771,イー・ギャランティ株式会社,その他金融業,上場,31.0,5.8,6314000.0,7171989,1.1359,190.0,194.0,0.9794,,7171354,金融業・保険業,tag,2026-03-31,S100YKOI
508,445,-63,6455,株式会社モリタホールディングス,輸送用機器,上場,44.6,12.45,8170179.0,7168403,0.8774,104.0,1786.0,0.0582,本社のみ,7101549,製造業,tag,2026-03-31,S100YE56
509,506,-3,4956,コニシ株式会社,化学,上場,42.11,17.48,7959000.0,7163282,0.9,725.0,1561.0,0.4644,,6891828,製造業,tag,2026-03-31,S100YC07
510,519,9,8892,株式会社エスコン,不動産業,上場,40.0,5.0,7902346.0,7163232,0.9065,320.0,487.0,0.6571,,7016627,不動産業,tag,2026-03-31,S100YGKW
511,469,-42,429A,テクセンドフォトマスク株式会社,精密機器,上場,43.5,3.3,8070000.0,7160062,0.8872,499.0,1944.0,0.2567,,6974455,製造業,tag,2026-03-31,S100YJ5L
512,534,22,4549,栄研化学株式会社,医薬品,上場,41.0,13.0,7856285.0,7155976,0.9109,696.0,696.0,1.0,,6871692,製造業,tag,2026-03-31,S100YD7R
513,491,-22,4559,ゼリア新薬工業株式会社,医薬品,上場,42.7,17.96,7991507.0,7148836,0.8946,872.0,1748.0,0.4989,,6904462,製造業,tag,2026-03-31,S100YKC2
514,663,149,3850,株式会社エヌ・ティ・ティ・データ・イントラマート,情報・通信業,上場,36.5,7.1,7518000.0,7147823,0.9508,314.0,508.0,0.6181,,7227456,情報通信業,tag,2026-03-31,S100YBTF
515,468,-47,8052,椿本興業株式会社,卸売業,上場,42.5,15.5,8076038.0,7146778,0.8849,568.0,808.0,0.703,,6981109,卸売業・小売業,tag,2026-03-31,S100YIO8
516,541,25,1333,Ｕｍｉｏｓ株式会社,水産・農林業,上場,41.0,14.4,7831821.0,7144145,0.9122,1738.0,12479.0,0.1393,,6850294,産業計,tag,2026-03-31,S100YCK1
517,775,258,6027,弁護士ドットコム株式会社,サービス業,上場,36.4,3.4,7247000.0,7141328,0.9854,613.0,639.0,0.9593,,6984908,サービス業,tag,2026-03-31,S100YFWI
518,593,75,6144,西部電機株式会社,機械,上場,39.4,14.7,7702000.0,7139821,0.927,620.0,681.0,0.9104,,6916094,製造業,tag,2026-03-31,S100YLBS
519,498,-21,4547,キッセイ薬品工業株式会社,医薬品,上場,42.7,18.2,7980826.0,7139282,0.8946,1297.0,1786.0,0.7262,,6895233,製造業,tag,2026-03-31,S100YFN3
520,476,-44,6448,ブラザー工業株式会社,電気機器,上場,43.6,13.9,8053735.0,7138340,0.8863,3997.0,39495.0,0.1012,,6962422,製造業,tag,2026-03-31,S100YECO
521,659,138,4301,株式会社アミューズ,サービス業,上場,39.18,11.44,7523505.0,7136272,0.9485,253.0,601.0,0.421,,6786082,サービス業,tag,2026-03-31,S100YBX4
522,559,37,8354,株式会社ふくおかフィナンシャルグループ,銀行業,上場,38.7,10.8,7789000.0,7133798,0.9159,328.0,8050.0,0.0407,本社のみ,7098282,金融業・保険業,tag,2026-03-31,S100YFNB
523,462,-61,1515,日鉄鉱業株式会社,鉱業,上場,42.7,17.5,8098633.0,7130846,0.8805,723.0,2175.0,0.3324,,6997016,鉱業,tag,2026-03-31,S100YI8I
524,385,-139,8706,極東証券株式会社,証券、商品先物取引業,上場,44.3,17.1,8378789.0,7127885,0.8507,227.0,238.0,0.9538,,7267929,金融業・保険業,tag,2026-03-31,S100YEU4
525,515,-10,2117,ウェルネオシュガー株式会社,食料品,上場,42.3,17.8,7934417.0,7127126,0.8983,450.0,755.0,0.596,,6863948,製造業,tag,2026-03-31,S100YIPK
526,388,-138,,株式会社西日本新聞社,その他製品,非上場,47.63,19.21,8372400.0,7126727,0.8512,410.0,1147.0,0.3575,,7450778,製造業,textblock,2026-03-31,S100YKLX
527,467,-60,9511,沖縄電力株式会社,電気・ガス業,上場,43.9,21.2,8079519.0,7126299,0.882,1511.0,3154.0,0.4791,,6992921,電気・ガス業,tag,2026-03-31,S100YGEA
528,435,-93,8334,株式会社　群馬銀行,銀行業,上場,41.5,17.9,8198000.0,7124158,0.869,2650.0,2899.0,0.9141,,7131549,金融業・保険業,tag,2026-03-31,S100Y8O1
529,311,-218,6632,株式会社ＪＶＣケンウッド,電気機器,上場,50.8,23.4,8628484.0,7118764,0.825,3125.0,15229.0,0.2052,,7747112,製造業,tag,2026-03-31,S100YG3R
530,561,31,5410,合同製鐵株式会社,鉄鋼,上場,40.6,18.4,7780705.0,7118133,0.9148,772.0,2168.0,0.3561,,6842375,製造業,tag,2026-03-31,S100YCUF
531,575,44,1904,大成温調株式会社,建設業,上場,43.4,17.9,7747438.0,7117707,0.9187,581.0,783.0,0.742,,6694091,建設業,tag,2026-03-31,S100YIC7
532,758,226,8869,明和地所株式会社,不動産業,上場,35.8,7.3,7300000.0,7112151,0.9743,406.0,615.0,0.6602,,7146771,不動産業,tag,2026-03-31,S100YJF1
533,635,102,9008,京王電鉄株式会社,陸運業,上場,40.5,17.7,7583834.0,7109536,0.9375,2429.0,13079.0,0.1857,,6679135,運輸業,tag,2026-03-31,S100YF0G
534,532,-2,4762,株式会社エックスネット,情報・通信業,上場,38.9,9.0,7862498.0,7107877,0.904,208.0,,,,7133977,情報通信業,tag,2026-03-31,S100YKNO
535,477,-58,4095,日本パーカライジング株式会社,化学,上場,44.0,17.6,8050517.0,7106482,0.8827,906.0,4283.0,0.2115,,6971208,製造業,tag,2026-03-31,S100YJGK
536,960,424,296A,令和アカウンティング・ホールディングス株式会社,サービス業,上場,31.79,3.66,6854000.0,7106044,1.0368,244.0,326.0,0.7485,,7545307,サービス業,tag,2026-03-31,S100YAIC
537,588,51,2060,フィード・ワン株式会社,食料品,上場,40.1,15.9,7723000.0,7104185,0.9199,586.0,935.0,0.6267,,6845559,製造業,tag,2026-03-31,S100YC1Q
538,565,27,7259,株式会社アイシン,輸送用機器,上場,40.7,17.3,7772000.0,7102403,0.9138,34956.0,113292.0,0.3085,,6824957,製造業,tag,2026-03-31,S100YAWO
539,590,51,9202,ＡＮＡホールディングス株式会社,空運業,上場,46.2,2.9,7709000.0,7101911,0.9212,286.0,47826.0,0.006,本社のみ,6793347,運輸業,tag,2026-03-31,S100YKL4
540,549,9,6273,ＳＭＣ株式会社,機械,上場,41.1,19.7,7804768.0,7101320,0.9099,6560.0,24773.0,0.2648,,6818386,製造業,tag,2026-03-31,S100YLC6
541,496,-45,,水道機工株式会社,機械,非上場,43.3,13.0,7981646.0,7096167,0.8891,249.0,744.0,0.3347,,6895191,製造業,tag,2026-03-31,S100YLZK
542,524,-18,6471,日本精工株式会社,機械,上場,42.1,16.6,7879335.0,7092317,0.9001,7231.0,26278.0,0.2752,,6823232,製造業,tag,2026-03-31,S100YFE3
543,389,-154,8418,株式会社山口フィナンシャルグループ,銀行業,上場,45.1,19.3,8371000.0,7091365,0.8471,529.0,3459.0,0.1529,,7305218,金融業・保険業,tag,2026-03-31,S100YE1V
544,299,-245,,信越放送株式会社,情報・通信業,非上場,44.4,19.4,8698000.0,7091268,0.8153,120.0,181.0,0.663,,7549726,情報通信業,textblock,2026-03-31,S100YIFJ
545,510,-35,7951,ヤマハ株式会社,その他製品,上場,43.0,18.0,7947497.0,7087570,0.8918,3449.0,17886.0,0.1928,,6864244,製造業,tag,2026-03-31,S100YJE7
546,521,-25,7211,三菱自動車工業株式会社,輸送用機器,上場,42.4,16.0,7895000.0,7084393,0.8973,13498.0,27695.0,0.4874,,6827019,製造業,tag,2026-03-31,S100YCMC
547,472,-75,6282,オイレス工業株式会社,機械,上場,44.4,17.5,8056691.0,7083140,0.8792,833.0,2065.0,0.4034,,6993080,製造業,tag,2026-03-31,S100YLBX
548,397,-151,8793,ＮＥＣキャピタルソリューション株式会社,その他金融業,上場,44.3,14.6,8325000.0,7082126,0.8507,625.0,924.0,0.6764,,7221271,金融業・保険業,tag,2026-03-31,S100YEUV
549,512,-37,,興和株式会社,卸売業,非上場,42.05,17.01,7942106.0,7077187,0.8911,3246.0,7906.0,0.4106,,6879608,卸売業・小売業,textblock,2026-03-31,S100YL6P
550,555,5,7313,テイ・エス　テック株式会社,輸送用機器,上場,41.4,17.6,7796981.0,7071164,0.9069,1649.0,13558.0,0.1216,,6789301,製造業,tag,2026-03-31,S100YCXB
551,640,89,5445,東京鐵鋼株式会社,鉄鋼,上場,38.9,13.4,7577000.0,7063076,0.9322,607.0,815.0,0.7448,,6874933,製造業,tag,2026-03-31,S100YJ6R
552,314,-238,4832,ＪＦＥシステムズ株式会社,情報・通信業,上場,44.1,19.0,8610129.0,7062711,0.8203,1600.0,1960.0,0.8163,,7459751,情報通信業,tag,2026-03-31,S100YCWP
553,556,3,,松尾建設株式会社,建設業,非上場,44.3,17.9,7793000.0,7058389,0.9057,686.0,940.0,0.7298,,6759804,建設業,textblock,2026-03-31,S100YHNJ
554,638,84,2001,株式会社ニップン,食料品,上場,39.0,14.0,7579460.0,7057506,0.9311,1244.0,3935.0,0.3161,,6862438,製造業,tag,2026-03-31,S100YIC9
555,560,5,5741,株式会社ＵＡＣＪ,非鉄金属,上場,41.4,15.5,7781000.0,7056670,0.9069,3943.0,10183.0,0.3872,,6775386,製造業,tag,2026-03-31,S100YCV0
556,577,21,6305,日立建機株式会社,機械,上場,41.1,15.2,7744000.0,7046029,0.9099,5926.0,25304.0,0.2342,,6765298,製造業,tag,2026-03-31,S100YIBR
557,605,48,4062,イビデン株式会社,電気機器,上場,40.2,16.9,7663191.0,7041426,0.9189,4036.0,11105.0,0.3634,,6781147,製造業,tag,2026-03-31,S100YC4B
558,614,56,7270,株式会社ＳＵＢＡＲＵ,輸送用機器,上場,40.0,15.7,7643520.0,7038813,0.9209,17948.0,37542.0,0.4781,,6786811,製造業,tag,2026-03-31,S100YFKZ
559,646,87,6306,日工株式会社,機械,上場,39.0,13.4,7559261.0,7038698,0.9311,692.0,1169.0,0.592,,6844150,製造業,tag,2026-03-31,S100YH1J
560,573,13,3116,トヨタ紡織株式会社,輸送用機器,上場,41.3,17.6,7751383.0,7037439,0.9079,8655.0,45521.0,0.1901,,6756573,製造業,tag,2026-03-31,S100Y9AH
561,586,25,8341,株式会社七十七銀行,銀行業,上場,39.0,16.0,7726000.0,7035442,0.9106,2190.0,2456.0,0.8917,,6995115,金融業・保険業,tag,2026-03-31,S100YAM0
562,466,-96,8566,リコーリース株式会社,その他金融業,上場,41.5,13.5,8082000.0,7023353,0.869,1152.0,1686.0,0.6833,,7030639,金融業・保険業,tag,2026-03-31,S100YF3N
563,490,-73,6925,ウシオ電機株式会社,電気機器,上場,44.5,20.4,7993595.0,7020562,0.8783,1475.0,5898.0,0.2501,,6943072,製造業,tag,2026-03-31,S100YKRT
564,608,44,3692,株式会社ＦＦＲＩセキュリティ,情報・通信業,上場,38.1,4.9,7656000.0,7020379,0.917,172.0,236.0,0.7288,,7073625,情報通信業,tag,2026-03-31,S100YKWG
565,446,-119,4203,住友ベークライト株式会社,化学,上場,46.7,22.0,8170000.0,7019353,0.8592,1684.0,7524.0,0.2238,,7228985,製造業,tag,2026-03-31,S100YE8L
566,765,199,9021,西日本旅客鉄道株式会社,陸運業,上場,37.4,13.7,7276931.0,7017148,0.9643,22524.0,47225.0,0.477,,6838296,運輸業,tag,2026-03-31,S100YCFK
567,889,322,2326,デジタルアーツ株式会社,情報・通信業,上場,34.9,7.1,6990000.0,7014217,1.0035,279.0,279.0,1.0,,7008788,情報通信業,tag,2026-03-31,S100YKKS
568,581,13,6473,株式会社ジェイテクト,機械,上場,41.4,17.2,7732683.0,7012851,0.9069,11109.0,43233.0,0.257,,6733313,製造業,tag,2026-03-31,S100YEL3
569,544,-25,5451,株式会社ヨドコウ,鉄鋼,上場,42.5,20.8,7822251.0,7011870,0.8964,1228.0,2377.0,0.5166,,6761730,製造業,tag,2026-03-31,S100YEVQ
570,452,-118,,三井住友海上火災保険株式会社,保険業,非上場,42.2,14.8,8148828.0,7009823,0.8602,12731.0,23039.0,0.5526,,7052796,金融業・保険業,textblock,2026-03-31,S100YN6S
571,533,-38,6418,日本金銭機械株式会社,機械,上場,43.1,15.8,7861000.0,7003242,0.8909,271.0,572.0,0.4738,,6789622,製造業,tag,2026-03-31,S100YHD7
572,525,-47,5632,三菱製鋼株式会社,鉄鋼,上場,43.3,20.2,7877000.0,7003131,0.8891,695.0,3864.0,0.1799,,6804790,製造業,tag,2026-03-31,S100YCQQ
573,580,7,2270,雪印メグミルク株式会社,食料品,上場,41.6,16.0,7733539.0,6998454,0.9049,3172.0,5844.0,0.5428,,6721373,製造業,tag,2026-03-31,S100YC5I
574,598,24,7942,株式会社ジェイエスピー,化学,上場,41.2,14.8,7692000.0,6991113,0.9089,751.0,3096.0,0.2426,,6712140,製造業,tag,2026-03-31,S100YEL0
575,564,-11,7637,白銅株式会社,卸売業,上場,41.5,15.7,7775748.0,6988064,0.8987,322.0,401.0,0.803,,6764227,卸売業・小売業,tag,2026-03-31,S100YI9D
576,479,-97,6588,東芝テック株式会社,電気機器,上場,45.69,14.99,8044000.0,6980837,0.8678,2894.0,15078.0,0.1919,,7056577,製造業,tag,2026-03-31,S100YHCF
577,664,87,,いすゞリーシングサービス株式会社,その他金融業,非上場,38.0,5.5,7516000.0,6977848,0.9284,349.0,,,,6960739,金融業・保険業,textblock,2026-03-31,S100YFCY
578,454,-124,3853,アステリア株式会社,情報・通信業,上場,41.9,9.5,8126954.0,6977306,0.8585,115.0,145.0,0.7931,,7046589,情報通信業,tag,2026-03-31,S100YGH9
579,607,28,2296,伊藤ハム米久ホールディングス株式会社,食料品,上場,41.0,16.4,7659584.0,6976809,0.9109,777.0,6805.0,0.1142,,6699643,製造業,tag,2026-03-31,S100YCXD
580,945,365,554A,株式会社バトンズ,情報・通信業,上場,34.6,2.7,6880000.0,6976346,1.014,126.0,,,,6954628,情報通信業,tag,2026-03-31,S100YNO3
581,522,-59,7762,シチズン時計株式会社,精密機器,上場,43.9,17.4,7894999.0,6976291,0.8836,770.0,12147.0,0.0634,本社のみ,6833216,製造業,tag,2026-03-31,S100YGYK
582,591,9,2602,日清オイリオグループ株式会社,食料品,上場,41.6,17.3,7706494.0,6973980,0.9049,1295.0,3286.0,0.3941,,6697867,製造業,tag,2026-03-31,S100YB17
583,538,-45,9531,東京瓦斯株式会社,電気・ガス業,上場,43.3,19.5,7840953.0,6966463,0.8885,3769.0,16001.0,0.2355,,6773649,電気・ガス業,tag,2026-03-31,S100YH8W
584,548,-36,4665,株式会社ダスキン,サービス業,上場,46.1,18.2,7812432.0,6964010,0.8914,1964.0,3750.0,0.5237,,6878520,サービス業,tag,2026-03-31,S100YEAI
585,465,-120,8359,株式会社八十二長野銀行,銀行業,上場,42.1,15.5,8082000.0,6956043,0.8607,3773.0,4128.0,0.914,,6998733,金融業・保険業,tag,2026-03-31,S100YAUN
586,529,-57,6941,山一電機株式会社,電気機器,上場,43.9,17.1,7868126.0,6952545,0.8836,398.0,2060.0,0.1932,,6809957,製造業,tag,2026-03-31,S100YHIH
587,629,42,4366,ダイトーケミックス株式会社,化学,上場,40.7,14.9,7604000.0,6948877,0.9138,252.0,328.0,0.7683,,6677429,製造業,tag,2026-03-31,S100YGAU
588,567,-21,4977,新田ゼラチン株式会社,化学,上場,42.7,14.3,7766568.0,6947616,0.8946,256.0,851.0,0.3008,,6710120,製造業,tag,2026-03-31,S100YHPC
589,507,-82,6209,リケンＮＰＲ株式会社,機械,上場,45.1,19.8,7958396.0,6947500,0.873,438.0,6511.0,0.0673,本社のみ,6945146,製造業,tag,2026-03-31,S100YHYP
590,658,68,6586,株式会社マキタ,機械,上場,39.8,16.5,7525657.0,6945565,0.9229,3435.0,17586.0,0.1953,,6706154,製造業,tag,2026-03-31,S100YH4M
591,275,-316,8056,ＢＩＰＲＯＧＹ株式会社,情報・通信業,上場,46.3,20.4,8846208.0,6943840,0.785,4359.0,8801.0,0.4953,,7802137,情報通信業,tag,2026-03-31,S100YFCP
592,633,41,9534,北海道瓦斯株式会社,電気・ガス業,上場,40.6,18.7,7596000.0,6937762,0.9133,876.0,1641.0,0.5338,,6679945,電気・ガス業,tag,2026-03-31,S100YGOL
593,673,80,6507,シンフォニアテクノロジー株式会社,電気機器,上場,39.5,16.1,7492000.0,6937462,0.926,2080.0,3729.0,0.5578,,6714253,製造業,tag,2026-03-31,S100YI4V
594,647,53,7481,尾家産業株式会社,卸売業,上場,40.2,14.2,7559000.0,6933008,0.9172,832.0,873.0,0.953,,6688949,卸売業・小売業,tag,2026-03-31,S100YDVR
595,606,11,6638,株式会社ミマキエンジニアリング,電気機器,上場,41.6,10.6,7661204.0,6932995,0.9049,936.0,2152.0,0.4349,,6658505,製造業,tag,2026-03-31,S100YCRC
596,585,-11,1417,株式会社ミライト・ワン,建設業,上場,44.9,17.8,7726016.0,6932409,0.8973,3589.0,17709.0,0.2027,,6731123,建設業,tag,2026-03-31,S100YG40
597,630,33,5393,ニチアス株式会社,ガラス・土石製品,上場,40.9,13.9,7599855.0,6929950,0.9119,1930.0,6424.0,0.3004,,6655815,製造業,tag,2026-03-31,S100YG7B
598,362,-236,,大栄不動産株式会社,不動産業,非上場,47.8,12.9,8438000.0,6929095,0.8212,188.0,293.0,0.6416,,7514704,不動産業,textblock,2026-03-31,S100YHLE
599,686,87,3774,株式会社インターネットイニシアティブ,情報・通信業,上場,37.5,9.3,7472000.0,6926093,0.9269,3174.0,5533.0,0.5736,,7004291,情報通信業,tag,2026-03-31,S100YHYH
600,568,-32,5304,ＳＥＣカーボン株式会社,ガラス・土石製品,上場,43.0,18.0,7766222.0,6925909,0.8918,279.0,282.0,0.9894,,6707677,製造業,tag,2026-03-31,S100YDCX
601,769,168,1976,明星工業株式会社,建設業,上場,39.7,13.8,7260593.0,6922008,0.9534,362.0,768.0,0.4714,,6481974,建設業,tag,2026-03-31,S100YFOI
602,631,29,2892,日本食品化工株式会社,食料品,上場,41.0,17.0,7599000.0,6921626,0.9109,452.0,452.0,1.0,,6646651,製造業,tag,2026-03-31,S100YF39
603,628,25,1960,株式会社サンテック,建設業,上場,44.0,15.3,7606000.0,6921622,0.91,790.0,1483.0,0.5327,,6586286,建設業,tag,2026-03-31,S100YFBB
604,626,22,2004,昭和産業株式会社,食料品,上場,41.2,16.7,7613715.0,6919961,0.9089,1295.0,2927.0,0.4424,,6643827,製造業,tag,2026-03-31,S100YGEO
605,551,-54,6703,沖電気工業株式会社,電気機器,上場,43.6,18.4,7802144.0,6915345,0.8863,4356.0,11925.0,0.3653,,6744923,製造業,tag,2026-03-31,S100YFGL
606,651,45,,住友理工株式会社,ゴム製品,非上場,40.6,14.9,7555000.0,6911648,0.9148,3472.0,25978.0,0.1337,,6643889,製造業,tag,2026-03-31,S100YKGC
607,518,-89,1945,株式会社東京エネシス,建設業,上場,46.6,19.0,7905527.0,6910734,0.8742,1334.0,1687.0,0.7908,,6989578,建設業,tag,2026-03-31,S100YJBK
608,1143,535,4318,株式会社クイック,サービス業,上場,30.3,6.5,6475585.0,6904731,1.0663,1251.0,1682.0,0.7438,,7599899,サービス業,tag,2026-03-31,S100YF5Z
609,694,85,9843,株式会社ニトリホールディングス,小売業,上場,39.6,12.2,7456000.0,6904082,0.926,884.0,19432.0,0.0455,本社のみ,6669065,卸売業・小売業,tag,2026-03-31,S100YIMF
610,545,-65,7224,新明和工業株式会社,輸送用機器,上場,44.0,14.2,7819903.0,6902911,0.8827,3669.0,7313.0,0.5017,,6771512,製造業,tag,2026-03-31,S100YFNV
611,649,38,4061,デンカ株式会社,化学,上場,40.8,16.4,7555075.0,6896634,0.9128,4234.0,6454.0,0.656,,6625344,製造業,tag,2026-03-31,S100YCU0
612,602,-10,8285,三谷産業株式会社,卸売業,上場,41.5,11.9,7673710.0,6896362,0.8987,629.0,3569.0,0.1762,,6675462,卸売業・小売業,tag,2026-03-31,S100YAL6
613,574,-39,6675,サクサ株式会社,電気機器,上場,43.2,15.2,7748000.0,6895500,0.89,685.0,1299.0,0.5273,,6692495,製造業,tag,2026-03-31,S100YJLC
614,644,30,4116,大日精化工業株式会社,化学,上場,41.0,16.7,7568596.0,6893932,0.9109,1379.0,3514.0,0.3924,,6620058,製造業,tag,2026-03-31,S100YGML
615,825,210,,新日本海フェリー株式会社,海運業,非上場,37.1,15.7,7122445.0,6887260,0.967,519.0,1080.0,0.4806,,6743419,運輸業,textblock,2026-03-31,S100YMZO
616,883,267,3844,コムチュア株式会社,情報・通信業,上場,35.5,8.7,7000000.0,6881210,0.983,1667.0,1964.0,0.8488,,6907449,情報通信業,tag,2026-03-31,S100YL64
617,576,-41,4208,ＵＢＥ株式会社,化学,上場,43.4,15.3,7745921.0,6879552,0.8882,2778.0,7968.0,0.3486,,6692780,製造業,tag,2026-03-31,S100YD42
618,737,119,9310,日本トランスシティ株式会社,倉庫・運輸関連,上場,40.6,15.7,7342782.0,6877384,0.9366,700.0,2442.0,0.2867,,6457264,運輸業,tag,2026-03-31,S100YGL7
619,553,-66,5480,日本冶金工業株式会社,鉄鋼,上場,44.1,20.6,7798354.0,6876900,0.8818,1166.0,2093.0,0.5571,,6756435,製造業,tag,2026-03-31,S100YC9N
620,634,14,9633,東京テアトル株式会社,サービス業,上場,43.1,14.7,7583919.0,6871093,0.906,135.0,437.0,0.3089,,6550304,サービス業,tag,2026-03-31,S100YL02
621,621,0,3004,神栄株式会社,卸売業,上場,41.4,14.4,7633000.0,6870428,0.9001,160.0,468.0,0.3419,,6646513,卸売業・小売業,tag,2026-03-31,S100YANZ
622,609,-13,2612,かどや製油株式会社,食料品,上場,42.4,15.5,7655372.0,6869369,0.8973,407.0,530.0,0.7679,,6619806,製造業,tag,2026-03-31,S100YEW9
623,470,-153,7595,株式会社アルゴグラフィックス,情報・通信業,上場,42.3,13.0,8064000.0,6867625,0.8516,586.0,1198.0,0.4891,,6976048,情報通信業,tag,2026-03-31,S100YF23
624,701,77,7600,株式会社　日本エム・ディ・エム,精密機器,上場,39.8,12.1,7441141.0,6867564,0.9229,312.0,539.0,0.5788,,6630841,製造業,tag,2026-03-31,S100YCSL
625,993,368,3763,株式会社プロシップ,情報・通信業,上場,34.7,8.2,6795947.0,6867074,1.0105,259.0,259.0,1.0,,6851068,情報通信業,tag,2026-03-31,S100YD0F
626,546,-80,6753,シャープ株式会社,電気機器,上場,44.5,20.1,7818000.0,6866342,0.8783,5553.0,34549.0,0.1607,,6790554,製造業,tag,2026-03-31,S100YHZV
627,725,98,6315,ＴＯＷＡ株式会社,機械,上場,39.2,10.8,7386835.0,6862869,0.9291,716.0,2211.0,0.3238,,6660054,製造業,tag,2026-03-31,S100YERT
628,536,-92,6479,ミネベアミツミ株式会社,電気機器,上場,45.0,15.9,7853000.0,6862388,0.8739,4946.0,81383.0,0.0608,本社のみ,6847392,製造業,tag,2026-03-31,S100YISS
629,625,-4,3793,株式会社ドリコム,情報・通信業,上場,39.1,6.8,7617515.0,6862171,0.9008,271.0,275.0,0.9855,,6882338,情報通信業,tag,2026-03-31,S100YGW0
630,909,279,4553,東和薬品株式会社,医薬品,上場,35.5,9.7,6948000.0,6862135,0.9876,2899.0,4923.0,0.5889,,6856136,製造業,tag,2026-03-31,S100YFVM
631,679,48,7734,理研計器株式会社,精密機器,上場,40.4,15.4,7483747.0,6861469,0.9168,1147.0,1465.0,0.7829,,6601100,製造業,tag,2026-03-31,S100YIB1
632,699,67,9001,東武鉄道株式会社,陸運業,上場,47.7,26.5,7446807.0,6861067,0.9213,3214.0,18148.0,0.1771,,6629167,運輸業,tag,2026-03-31,S100Y8FK
633,601,-32,8101,株式会社ＧＳＩクレオス,卸売業,上場,41.9,15.2,7677901.0,6857601,0.8932,322.0,845.0,0.3811,,6657231,卸売業・小売業,tag,2026-03-31,S100YGXI
634,639,5,4368,扶桑化学工業株式会社,化学,上場,41.6,12.0,7577639.0,6857373,0.9049,623.0,956.0,0.6517,,6585877,製造業,tag,2026-03-31,S100YEIS
635,650,15,8544,株式会社　京葉銀行,銀行業,上場,39.2,16.5,7555000.0,6853475,0.9071,1805.0,1837.0,0.9826,,6811674,金融業・保険業,tag,2026-03-31,S100YBD2
636,652,16,4365,松本油脂製薬株式会社,化学,上場,41.4,15.5,7549000.0,6846267,0.9069,330.0,399.0,0.8271,,6573369,製造業,tag,2026-03-31,S100YG2G
637,747,110,8366,株式会社滋賀銀行,銀行業,上場,37.66,14.66,7320000.0,6841299,0.9346,1936.0,2243.0,0.8631,,6834962,金融業・保険業,tag,2026-03-31,S100YBKA
638,627,-11,7947,株式会社エフピコ,化学,上場,42.3,15.6,7611000.0,6836615,0.8983,1024.0,5306.0,0.193,,6584165,製造業,tag,2026-03-31,S100YDYF
639,642,3,1853,株式会社　森組,建設業,上場,44.5,18.9,7570110.0,6835046,0.9029,311.0,,,,6575242,建設業,tag,2026-03-31,S100YJ3W
640,554,-86,4635,東京インキ株式会社,化学,上場,44.7,21.6,7797283.0,6834326,0.8765,523.0,652.0,0.8021,,6782503,製造業,tag,2026-03-31,S100YDYR
641,504,-137,,ＳＣＳＫ株式会社,情報・通信業,非上場,42.0,16.0,7969000.0,6830241,0.8571,8493.0,21015.0,0.4041,,6905038,情報通信業,tag,2026-03-31,S100YHDD
642,570,-72,8368,株式会社　百五銀行,銀行業,上場,40.9,15.3,7764000.0,6821814,0.8786,2193.0,2828.0,0.7755,,6799571,金融業・保険業,tag,2026-03-31,S100YBNQ
643,583,-60,3891,ニッポン高度紙工業株式会社,パルプ・紙,上場,44.0,21.2,7727000.0,6820902,0.8827,336.0,462.0,0.7273,,6691064,製造業,tag,2026-03-31,S100YD7L
644,562,-82,6834,株式会社　精工技研,電気機器,上場,44.7,19.3,7778000.0,6817425,0.8765,164.0,1231.0,0.1332,,6765729,製造業,tag,2026-03-31,S100YB9C
645,805,160,4044,セントラル硝子株式会社,化学,上場,37.1,15.2,7165636.0,6816323,0.9513,1373.0,3194.0,0.4299,,6784311,製造業,tag,2026-03-31,S100YGND
646,547,-99,5332,ＴＯＴＯ株式会社,ガラス・土石製品,上場,45.2,18.9,7812740.0,6813498,0.8721,7758.0,30324.0,0.2558,,6823900,製造業,tag,2026-03-31,S100YC72
647,655,8,7917,ＺＡＣＲＯＳ株式会社,化学,上場,41.7,15.3,7534967.0,6811389,0.904,1388.0,2747.0,0.5053,,6543217,製造業,tag,2026-03-31,S100YAZH
648,619,-29,8076,株式会社カノークス,卸売業,上場,42.0,11.0,7636000.0,6809684,0.8918,303.0,349.0,0.8682,,6616498,卸売業・小売業,tag,2026-03-31,S100YAX9
649,751,102,9027,株式会社ロジネットジャパン,陸運業,上場,41.2,11.4,7308000.0,6808161,0.9316,108.0,1683.0,0.0642,本社のみ,6377057,運輸業,tag,2026-03-31,S100YHHR
650,786,136,9006,京浜急行電鉄株式会社,陸運業,上場,40.0,17.0,7227495.0,6806038,0.9417,2921.0,8177.0,0.3572,,6417415,運輸業,tag,2026-03-31,S100YK5J
651,722,71,6971,京セラ株式会社,電気機器,上場,40.1,16.0,7397108.0,6804405,0.9199,19667.0,73856.0,0.2663,,6556693,製造業,tag,2026-03-31,S100YF47
652,622,-30,5659,日本精線株式会社,鉄鋼,上場,43.0,19.0,7628204.0,6802825,0.8918,594.0,815.0,0.7288,,6588471,製造業,tag,2026-03-31,S100YDZS
653,641,-12,5901,東洋製罐グループホールディングス株式会社,金属製品,上場,42.3,16.9,7573087.0,6802559,0.8983,533.0,19067.0,0.028,本社のみ,6551367,製造業,tag,2026-03-31,S100YGR9
654,752,98,9065,山九株式会社,陸運業,上場,41.3,15.2,7308000.0,6802092,0.9308,12452.0,29324.0,0.4246,,6370094,運輸業,tag,2026-03-31,S100YJRS
655,527,-128,7537,丸文株式会社,卸売業,上場,44.1,16.5,7873788.0,6800626,0.8637,644.0,1193.0,0.5398,,6821791,卸売業・小売業,tag,2026-03-31,S100YIN7
656,604,-52,4028,石原産業株式会社,化学,上場,43.5,17.7,7664000.0,6799841,0.8872,1130.0,1813.0,0.6233,,6623572,製造業,tag,2026-03-31,S100YIFO
657,623,-34,7246,プレス工業株式会社,輸送用機器,上場,43.0,19.3,7620952.0,6796357,0.8918,1756.0,5433.0,0.3232,,6582207,製造業,tag,2026-03-31,S100YGAC
658,736,78,6258,平田機工株式会社,機械,上場,39.7,15.9,7355847.0,6796342,0.9239,1225.0,1984.0,0.6174,,6567013,製造業,tag,2026-03-31,S100YH6Y
659,705,46,6333,株式会社ＴＥＩＫＯＫＵ,機械,上場,40.7,17.2,7436185.0,6795520,0.9138,328.0,1145.0,0.2865,,6530062,製造業,tag,2026-03-31,S100YL5Z
660,727,67,4229,群栄化学工業株式会社,化学,上場,40.1,15.9,7385000.0,6793268,0.9199,356.0,541.0,0.658,,6545961,製造業,tag,2026-03-31,S100YD30
661,597,-64,4980,デクセリアルズ株式会社,化学,上場,44.0,15.0,7693479.0,6791312,0.8827,1344.0,1802.0,0.7458,,6662037,製造業,tag,2026-03-31,S100YGAR
662,603,-59,6369,トーヨーカネツ株式会社,機械,上場,43.8,14.2,7669869.0,6784259,0.8845,631.0,1419.0,0.4447,,6635442,製造業,tag,2026-03-31,S100YDS7
663,1042,379,3979,株式会社うるる,情報・通信業,上場,34.6,4.3,6690466.0,6784158,1.014,255.0,304.0,0.8388,,6763038,情報通信業,tag,2026-03-31,S100YJOL
664,654,-10,7222,日産車体株式会社,輸送用機器,上場,42.2,17.0,7538000.0,6778052,0.8992,1668.0,3639.0,0.4584,,6524125,製造業,tag,2026-03-31,S100YGCO
665,569,-96,2767,円谷フィールズホールディングス株式会社,卸売業,上場,43.4,12.7,7764000.0,6776937,0.8729,110.0,1774.0,0.062,本社のみ,6708401,卸売業・小売業,tag,2026-03-31,S100YBQC
666,539,-127,6754,アンリツ株式会社,電気機器,上場,46.1,21.3,7838000.0,6774315,0.8643,1734.0,4114.0,0.4215,,6901032,製造業,tag,2026-03-31,S100YH5E
667,748,81,4109,ステラケミファ株式会社,化学,上場,39.53,15.18,7318000.0,6774092,0.9257,293.0,683.0,0.429,,6554481,製造業,tag,2026-03-31,S100YDCE
668,777,109,4658,日本空調サービス株式会社,サービス業,上場,40.2,14.3,7243492.0,6771131,0.9348,1516.0,2268.0,0.6684,,6409756,サービス業,tag,2026-03-31,S100YC3N
669,579,-90,8410,株式会社セブン銀行,銀行業,上場,41.1,7.4,7734000.0,6770432,0.8754,715.0,1393.0,0.5133,,6756562,金融業・保険業,tag,2026-03-31,S100YC1N
670,676,6,3110,日東紡績株式会社,ガラス・土石製品,上場,41.7,15.8,7487679.0,6768642,0.904,867.0,2793.0,0.3104,,6502153,製造業,tag,2026-03-31,S100YDBM
671,718,47,5947,リンナイ株式会社,金属製品,上場,40.8,19.2,7410733.0,6764871,0.9128,3470.0,11328.0,0.3063,,6498765,製造業,tag,2026-03-31,S100YJCU
672,708,36,2281,プリマハム株式会社,食料品,上場,41.0,15.9,7426000.0,6764047,0.9109,1137.0,3630.0,0.3132,,6495333,製造業,tag,2026-03-31,S100YDH8
673,884,211,8136,株式会社サンリオ,卸売業,上場,37.0,12.0,6999923.0,6762642,0.9661,1423.0,2157.0,0.6597,,6644137,卸売業・小売業,tag,2026-03-31,S100YNR0
674,665,-9,1850,南海辰村建設株式会社,建設業,上場,44.7,17.9,7512000.0,6761411,0.9001,458.0,511.0,0.8963,,6534348,建設業,tag,2026-03-31,S100Y9NL
675,678,3,6824,新コスモス電機株式会社,電気機器,上場,41.8,15.4,7487000.0,6760723,0.903,498.0,1038.0,0.4798,,6496432,製造業,tag,2026-03-31,S100YJBP
676,592,-84,7296,株式会社エフ・シー・シー,輸送用機器,上場,44.6,19.8,7703580.0,6759016,0.8774,1017.0,7804.0,0.1303,,6695979,製造業,tag,2026-03-31,S100YFKQ
677,824,147,7476,アズワン株式会社,卸売業,上場,38.1,11.3,7123443.0,6758077,0.9487,576.0,758.0,0.7599,,6581579,卸売業・小売業,tag,2026-03-31,S100YHL5
678,1030,352,9467,株式会社アルファポリス,情報・通信業,上場,34.8,5.6,6709000.0,6755649,1.007,146.0,215.0,0.6791,,6745170,情報通信業,tag,2026-03-31,S100YET5
679,668,-11,9759,株式会社ＮＳＤ,情報・通信業,上場,39.2,14.9,7510000.0,6753433,0.8993,3305.0,4555.0,0.7256,,6771101,情報通信業,tag,2026-03-31,S100YEYZ
680,595,-85,6810,マクセル株式会社,電気機器,上場,44.61,18.82,7696374.0,6752011,0.8773,1286.0,3765.0,0.3416,,6690208,製造業,tag,2026-03-31,S100YJH7
681,503,-178,8358,スルガ銀行株式会社,銀行業,上場,45.2,20.9,7974000.0,6751510,0.8467,1169.0,1383.0,0.8453,,6964749,金融業・保険業,tag,2026-03-31,S100YCW1
682,563,-119,8084,株式会社ＲＹＯＤＥＮ,卸売業,上場,43.8,15.7,7778000.0,6748251,0.8676,1154.0,1555.0,0.7421,,6728990,卸売業・小売業,tag,2026-03-31,S100YGNM
683,754,71,,大阪市高速電気軌道株式会社,陸運業,非上場,50.0,27.6,7301702.0,6746770,0.924,4909.0,6876.0,0.7139,,6532415,運輸業,textblock,2026-03-31,S100YMEB
684,1037,353,5253,カバー株式会社,情報・通信業,上場,34.8,2.8,6700000.0,6746586,1.007,735.0,,,,6736122,情報通信業,tag,2026-03-31,S100YGT9
685,707,22,5440,共英製鋼株式会社,鉄鋼,上場,41.3,16.9,7430926.0,6746498,0.9079,1007.0,4068.0,0.2475,,6477244,製造業,tag,2026-03-31,S100YGQP
686,728,42,1948,株式会社弘電社,建設業,上場,43.7,18.1,7377774.0,6745858,0.9143,631.0,696.0,0.9066,,6380240,建設業,tag,2026-03-31,S100YFSO
687,693,6,6472,ＮＴＮ株式会社,機械,上場,41.7,19.6,7456517.0,6740473,0.904,5478.0,21305.0,0.2571,,6475093,製造業,tag,2026-03-31,S100Y8YZ
688,558,-130,4228,積水化成品工業株式会社,化学,上場,46.0,19.4,7790000.0,6739535,0.8652,437.0,2106.0,0.2075,,6852737,製造業,tag,2026-03-31,S100YI2M
689,584,-105,2871,株式会社ニチレイ,食料品,上場,45.2,17.8,7726943.0,6738674,0.8721,234.0,17763.0,0.0132,本社のみ,6748962,製造業,tag,2026-03-31,S100YCCS
690,768,78,4082,第一稀元素化学工業株式会社,化学,上場,39.3,14.2,7261000.0,6738477,0.928,457.0,709.0,0.6446,,6533218,製造業,tag,2026-03-31,S100Y9OW
691,730,39,4047,関東電化工業株式会社,化学,上場,40.8,16.7,7375922.0,6733094,0.9128,802.0,1169.0,0.6861,,6468238,製造業,tag,2026-03-31,S100YJCK
692,774,82,9360,鈴与シンワート株式会社,倉庫・運輸関連,上場,41.6,10.6,7251000.0,6731036,0.9283,723.0,918.0,0.7876,,6301988,運輸業,tag,2026-03-31,S100YIBT
693,643,-50,9908,日本電計株式会社,卸売業,上場,42.2,13.1,7570000.0,6729986,0.889,679.0,1214.0,0.5593,,6551821,卸売業・小売業,tag,2026-03-31,S100YDG7
694,661,-33,5930,文化シヤッター株式会社,金属製品,上場,42.7,15.5,7518852.0,6726021,0.8946,2374.0,5546.0,0.4281,,6496100,製造業,tag,2026-03-31,S100YBKB
695,702,7,6745,ホーチキ株式会社,電気機器,上場,41.7,13.6,7440174.0,6725699,0.904,1900.0,2722.0,0.698,,6460901,製造業,tag,2026-03-31,S100YH50
696,685,-11,1905,株式会社テノックス,建設業,上場,44.7,14.4,7472216.0,6725603,0.9001,224.0,384.0,0.5833,,6499741,建設業,tag,2026-03-31,S100YJFD
697,899,202,7367,株式会社セルム,サービス業,上場,38.1,7.0,6975000.0,6720607,0.9635,135.0,245.0,0.551,,6444428,サービス業,tag,2026-03-31,S100YL5T
698,620,-78,6436,アマノ株式会社,機械,上場,44.3,18.8,7636000.0,6720085,0.8801,1945.0,5532.0,0.3516,,6623619,製造業,tag,2026-03-31,S100YJFL
699,1162,463,9272,ブティックス株式会社,小売業,上場,32.6,2.6,6437000.0,6719939,1.044,234.0,,,,6894248,卸売業・小売業,tag,2026-03-31,S100YJV7
700,738,38,6005,三浦工業株式会社,機械,上場,40.6,15.2,7339099.0,6714133,0.9148,3540.0,7896.0,0.4483,,6454025,製造業,tag,2026-03-31,S100YEGC
701,429,-272,7459,株式会社メディパルホールディングス,卸売業,上場,49.0,20.1,8216296.0,6713693,0.8171,186.0,13024.0,0.0143,本社のみ,7338397,卸売業・小売業,tag,2026-03-31,S100YI1C
702,689,-13,6463,ＴＰＲ株式会社,機械,上場,42.2,17.9,7466332.0,6713609,0.8992,855.0,6925.0,0.1235,,6462097,製造業,tag,2026-03-31,S100YDSL
703,615,-88,4617,中国塗料株式会社,化学,上場,44.5,15.5,7643000.0,6712644,0.8783,493.0,2198.0,0.2243,,6638552,製造業,tag,2026-03-31,S100YGSJ
704,845,141,1768,株式会社ソネック,建設業,上場,40.5,13.1,7076196.0,6712179,0.9486,112.0,133.0,0.8421,,6232055,建設業,tag,2026-03-31,S100YEJU
705,540,-165,8624,いちよし証券株式会社,証券、商品先物取引業,上場,43.1,14.6,7836232.0,6708749,0.8561,920.0,1014.0,0.9073,,6768229,金融業・保険業,tag,2026-03-31,S100YANQ
706,612,-94,7283,愛三工業株式会社,輸送用機器,上場,44.6,21.7,7645998.0,6708494,0.8774,2580.0,8712.0,0.2961,,6645929,製造業,tag,2026-03-31,S100Y9N3
707,596,-111,4417,グローバルセキュリティエキスパート株式会社,情報・通信業,上場,41.0,4.7,7695000.0,6707702,0.8717,187.0,221.0,0.8462,,6730620,情報通信業,tag,2026-03-31,S100YFEX
708,744,36,6240,ヤマシンフィルタ株式会社,機械,上場,40.5,8.7,7323000.0,6706738,0.9158,184.0,757.0,0.2431,,6449417,製造業,tag,2026-03-31,S100YD4Z
709,675,-34,8022,美津濃株式会社,その他製品,上場,42.6,17.3,7488000.0,6705328,0.8955,1507.0,3682.0,0.4093,,6470920,製造業,tag,2026-03-31,S100YFWX
710,764,54,8137,サンワテクノス株式会社,卸売業,上場,40.0,13.9,7281111.0,6699332,0.9201,619.0,1149.0,0.5387,,6465022,卸売業・小売業,tag,2026-03-31,S100YJ4F
711,812,101,9074,日本石油輸送株式会社,陸運業,上場,40.7,14.8,7151000.0,6691754,0.9358,161.0,1626.0,0.099,本社のみ,6279628,運輸業,tag,2026-03-31,S100YC3A
712,677,-35,5702,株式会社大紀アルミニウム工業所,非鉄金属,上場,42.8,15.8,7487000.0,6690637,0.8936,326.0,1275.0,0.2557,,6467501,製造業,tag,2026-03-31,S100YCJD
713,690,-23,7988,株式会社ニフコ,化学,上場,42.5,16.5,7463337.0,6690139,0.8964,1412.0,8886.0,0.1589,,6451477,製造業,tag,2026-03-31,S100YGQB
714,857,143,1798,株式会社守谷商会,建設業,上場,40.4,15.4,7048277.0,6689915,0.9492,331.0,445.0,0.7438,,6216990,建設業,tag,2026-03-31,S100YDA3
715,566,-149,5202,日本板硝子株式会社,ガラス・土石製品,上場,46.5,20.9,7768766.0,6687858,0.8609,1847.0,24838.0,0.0744,本社のみ,6863201,製造業,tag,2026-03-31,S100YL06
716,763,47,5757,株式会社ＣＫサンエツ,非鉄金属,上場,40.3,16.2,7283000.0,6684740,0.9179,489.0,1015.0,0.4818,,6434208,製造業,textblock,2026-03-31,S100YIA1
717,671,-46,4539,日本ケミファ株式会社,医薬品,上場,43.1,14.1,7501079.0,6682594,0.8909,331.0,878.0,0.377,,6478755,製造業,tag,2026-03-31,S100YBOB
718,970,252,2183,株式会社リニカル,サービス業,上場,37.1,8.5,6830097.0,6678768,0.9778,280.0,577.0,0.4853,,6466628,サービス業,tag,2026-03-31,S100YGWG
719,648,-71,8085,ナラサキ産業株式会社,卸売業,上場,42.6,16.0,7556519.0,6676779,0.8836,421.0,740.0,0.5689,,6530132,卸売業・小売業,tag,2026-03-31,S100YHOM
720,753,33,9658,株式会社ビジネスブレイン太田昭和,情報・通信業,上場,38.3,7.4,7306330.0,6675824,0.9137,1066.0,2495.0,0.4273,,6719075,情報通信業,tag,2026-03-31,S100YG97
721,1038,317,4323,日本システム技術株式会社,情報・通信業,上場,35.1,9.0,6698000.0,6674954,0.9966,1202.0,1683.0,0.7142,,6680097,情報通信業,tag,2026-03-31,S100YI5H
722,746,24,3104,富士紡ホールディングス株式会社,繊維製品,上場,40.9,13.7,7320030.0,6674790,0.9119,100.0,1324.0,0.0755,本社のみ,6410750,製造業,tag,2026-03-31,S100YIS2
723,1003,280,7046,ＴＤＳＥ株式会社,サービス業,上場,36.4,4.5,6771000.0,6672269,0.9854,170.0,,,,6526123,サービス業,tag,2026-03-31,S100YJTH
724,657,-67,6995,株式会社東海理化電機製作所,輸送用機器,上場,43.6,21.5,7526286.0,6670841,0.8863,6043.0,19381.0,0.3118,,6506445,製造業,tag,2026-03-31,S100Y9M2
725,687,-38,6809,ＴＯＡ株式会社,電気機器,上場,42.9,15.4,7470000.0,6668585,0.8927,823.0,3083.0,0.2669,,6452130,製造業,tag,2026-03-31,S100YFVG
726,550,-176,,株式会社ホンダファイナンス,その他金融業,非上場,43.5,14.9,7804000.0,6667013,0.8543,460.0,,,,6744566,金融業・保険業,textblock,2026-03-31,S100YH20
727,688,-39,6356,日本ギア工業株式会社,機械,上場,42.9,17.3,7467999.0,6666799,0.8927,245.0,,,,6450401,製造業,tag,2026-03-31,S100YMQ1
728,800,72,5975,東プレ株式会社,金属製品,上場,39.4,15.0,7190000.0,6665192,0.927,1575.0,6860.0,0.2296,,6456338,製造業,tag,2026-03-31,S100YHLP
729,691,-38,6844,新電元工業株式会社,電気機器,上場,42.81,17.02,7458078.0,6664106,0.8935,1043.0,5091.0,0.2049,,6442431,製造業,tag,2026-03-31,S100YHJ7
730,820,90,5631,株式会社日本製鋼所,機械,上場,38.8,12.6,7137000.0,6660341,0.9332,2028.0,5419.0,0.3742,,6489793,製造業,tag,2026-03-31,S100Y7BQ
731,865,134,1921,株式会社　巴コーポレーション,建設業,上場,40.8,13.6,7032404.0,6658045,0.9468,390.0,518.0,0.7529,,6166994,建設業,tag,2026-03-31,S100YLBY
732,672,-60,5801,古河電気工業株式会社,非鉄金属,上場,43.4,18.4,7494597.0,6656338,0.8882,4009.0,49112.0,0.0816,本社のみ,6475626,製造業,tag,2026-03-31,S100YCF0
733,741,8,9533,東邦瓦斯株式会社,電気・ガス業,上場,41.4,14.7,7332353.0,6652471,0.9073,973.0,6131.0,0.1587,,6384722,電気・ガス業,tag,2026-03-31,S100YGFW
734,849,115,5838,楽天銀行株式会社,銀行業,上場,37.4,5.5,7072000.0,6643469,0.9394,987.0,1186.0,0.8322,,6645718,金融業・保険業,tag,2026-03-31,S100YGME
735,903,168,9206,株式会社スターフライヤー,空運業,上場,38.7,8.6,6967000.0,6638573,0.9529,806.0,,,,6349176,運輸業,tag,2026-03-31,S100YJFT
736,795,59,6651,日東工業株式会社,電気機器,上場,40.1,15.0,7205082.0,6627766,0.9199,2269.0,5358.0,0.4235,,6386484,製造業,tag,2026-03-31,S100YIVN
737,750,13,6407,ＣＫＤ株式会社,機械,上場,41.5,16.7,7314449.0,6626367,0.9059,2389.0,4826.0,0.495,,6362937,製造業,tag,2026-03-31,S100YGB2
738,662,-76,2676,高千穂交易株式会社,卸売業,上場,42.8,17.0,7518555.0,6622915,0.8809,269.0,482.0,0.5581,,6494759,卸売業・小売業,tag,2026-03-31,S100YFGR
739,1050,311,5244,株式会社ｊｉｇ．ｊｐ,情報・通信業,上場,35.2,6.2,6666000.0,6620286,0.9931,125.0,125.0,1.0,,6630463,情報通信業,tag,2026-03-31,S100YGSA
740,704,-36,6794,フォスター電機株式会社,電気機器,上場,43.3,14.2,7438263.0,6613067,0.8891,454.0,16260.0,0.0279,本社のみ,6425773,製造業,tag,2026-03-31,S100YJIM
741,1322,581,483A,テラテクノロジー株式会社,情報・通信業,上場,32.6,8.3,6064675.0,6612609,1.0903,307.0,363.0,0.8457,,6495475,情報通信業,tag,2026-03-31,S100YGDD
742,837,95,438A,株式会社インフキュリオン,情報・通信業,上場,37.2,2.9,7092837.0,6610541,0.932,266.0,388.0,0.6856,,6698565,情報通信業,tag,2026-03-31,S100YL3J
743,637,-106,6768,株式会社タムラ製作所,電気機器,上場,45.2,17.9,7580000.0,6610525,0.8721,903.0,4137.0,0.2183,,6620617,製造業,tag,2026-03-31,S100YIQG
744,720,-24,6349,株式会社小森コーポレーション,機械,上場,42.93,17.95,7406383.0,6609755,0.8924,1098.0,2622.0,0.4188,,6397052,製造業,tag,2026-03-31,S100YCBI
745,779,34,6247,株式会社日阪製作所,機械,上場,40.8,15.2,7240601.0,6609567,0.9128,725.0,1063.0,0.682,,6349570,製造業,tag,2026-03-31,S100YJL5
746,770,24,5192,三ツ星ベルト株式会社,ゴム製品,上場,41.0,17.1,7256000.0,6609201,0.9109,780.0,4568.0,0.1708,,6346638,製造業,tag,2026-03-31,S100YJBU
747,660,-87,8381,株式会社山陰合同銀行,銀行業,上場,40.9,17.1,7521000.0,6608303,0.8786,1720.0,1906.0,0.9024,,6586756,金融業・保険業,tag,2026-03-31,S100YBU8
748,745,-3,4743,株式会社アイティフォー,情報・通信業,上場,39.0,11.0,7322414.0,6607960,0.9024,513.0,892.0,0.5751,,6629709,情報通信業,tag,2026-03-31,S100YAUM
749,711,-38,7990,グローブライド株式会社,その他製品,上場,43.2,13.9,7417000.0,6600919,0.89,861.0,7365.0,0.1169,,6406587,製造業,tag,2026-03-31,S100YGZ1
750,703,-47,7893,株式会社プロネクサス,その他製品,上場,43.5,12.7,7439383.0,6600551,0.8872,933.0,1796.0,0.5195,,6429448,製造業,tag,2026-03-31,S100YEYJ
751,767,16,6807,日本航空電子工業株式会社,電気機器,上場,41.3,16.3,7270000.0,6600394,0.9079,1539.0,11908.0,0.1292,,6336971,製造業,tag,2026-03-31,S100YF73
752,749,-3,1992,神田通信機株式会社,建設業,上場,44.6,20.6,7316000.0,6595287,0.9015,208.0,244.0,0.8525,,6359094,建設業,tag,2026-03-31,S100Y9QZ
753,1258,505,3694,株式会社オプティム,情報・通信業,上場,33.4,5.7,6229000.0,6593218,1.0585,398.0,417.0,0.9544,,6511569,情報通信業,tag,2026-03-31,S100YLSB
754,700,-54,9709,ＮＣＳ＆Ａ株式会社,情報・通信業,上場,40.1,16.1,7443411.0,6589376,0.8853,946.0,1228.0,0.7704,,6597736,情報通信業,tag,2026-03-31,S100YAMN
755,706,-49,6135,株式会社　牧野フライス製作所,機械,上場,43.6,19.0,7431567.0,6586888,0.8863,1405.0,4777.0,0.2941,,6424560,製造業,tag,2026-03-31,S100YEQK
756,611,-145,3291,飯田グループホールディングス株式会社,不動産業,上場,44.2,4.9,7651000.0,6581773,0.8603,109.0,14217.0,0.0077,本社のみ,6632566,不動産業,tag,2026-03-31,S100YID4
757,610,-147,,三井住友信託銀行株式会社,銀行業,非上場,42.3,14.9,7655000.0,6581513,0.8598,13810.0,20645.0,0.6689,,6622228,金融業・保険業,textblock,2026-03-31,S100YBGJ
758,757,-1,8150,三信電気株式会社,卸売業,上場,41.3,15.3,7300456.0,6581326,0.9015,518.0,642.0,0.8069,,6363518,卸売業・小売業,tag,2026-03-31,S100YCKF
759,789,30,5463,丸一鋼管株式会社,鉄鋼,上場,40.9,19.35,7216151.0,6580068,0.9119,586.0,2599.0,0.2255,,6319774,製造業,tag,2026-03-31,S100YDSC
760,872,112,9068,丸全昭和運輸株式会社,陸運業,上場,40.5,16.2,7018578.0,6579631,0.9375,1108.0,3723.0,0.2976,,6181311,運輸業,tag,2026-03-31,S100YKCI
761,823,62,,横浜高速鉄道株式会社,陸運業,非上場,43.75,6.22,7124000.0,6578544,0.9234,122.0,,,,6161948,運輸業,textblock,2026-03-31,S100YBKP
762,782,20,1909,日本ドライケミカル株式会社,機械,上場,41.2,12.4,7235000.0,6575754,0.9089,807.0,1195.0,0.6753,,6313356,製造業,tag,2026-03-31,S100YNKG
763,710,-53,4023,株式会社クレハ,化学,上場,43.6,19.8,7418000.0,6574863,0.8863,1631.0,3941.0,0.4139,,6412832,製造業,tag,2026-03-31,S100YFHO
764,670,-94,,東京青果株式会社,卸売業,非上場,43.2,15.9,7508701.0,6574020,0.8755,453.0,649.0,0.698,,6485796,卸売業・小売業,textblock,2026-03-31,S100YKCN
765,826,61,9076,セイノーホールディングス株式会社,陸運業,上場,43.6,17.4,7118000.0,6573958,0.9236,254.0,31408.0,0.0081,本社のみ,6153483,運輸業,tag,2026-03-31,S100YI52
766,696,-70,7282,豊田合成株式会社,輸送用機器,上場,44.1,20.2,7453067.0,6572412,0.8818,6657.0,41304.0,0.1612,,6457281,製造業,tag,2026-03-31,S100YC23
767,617,-150,4410,ハリマ化成グループ株式会社,化学,上場,46.6,17.0,7638734.0,6569408,0.86,119.0,1691.0,0.0704,本社のみ,6753696,製造業,tag,2026-03-31,S100YEIE
768,905,137,6364,株式会社ＡＩＲＭＡＮ,機械,上場,37.8,13.8,6959480.0,6567941,0.9437,529.0,820.0,0.6451,,6476297,製造業,tag,2026-03-31,S100YI16
769,713,-56,5992,中央発條株式会社,金属製品,上場,43.7,20.4,7415932.0,6566330,0.8854,1218.0,3017.0,0.4037,,6413239,製造業,tag,2026-03-31,S100YBNR
770,891,121,2148,アイティメディア株式会社,サービス業,上場,39.9,8.6,6989000.0,6561193,0.9388,335.0,382.0,0.877,,6216648,サービス業,tag,2026-03-31,S100YHX3
771,792,21,8367,株式会社南都銀行,銀行業,上場,39.1,16.5,7215000.0,6557557,0.9089,2169.0,2352.0,0.9222,,6518671,金融業・保険業,tag,2026-03-31,S100YEBM
772,868,96,6103,オークマ株式会社,機械,上場,38.8,15.6,7023000.0,6553955,0.9332,2396.0,4101.0,0.5842,,6386131,製造業,tag,2026-03-31,S100YFQC
773,739,-34,5232,住友大阪セメント株式会社,ガラス・土石製品,上場,42.9,18.1,7338702.0,6551373,0.8927,1364.0,3045.0,0.4479,,6338723,製造業,tag,2026-03-31,S100YH1Y
774,740,-34,5195,バンドー化学株式会社,ゴム製品,上場,42.9,15.9,7332412.0,6545758,0.8927,1329.0,4159.0,0.3195,,6333290,製造業,tag,2026-03-31,S100YEMC
775,766,-9,4046,株式会社大阪ソーダ,化学,上場,42.1,17.3,7272000.0,6545645,0.9001,677.0,1032.0,0.656,,6297301,製造業,tag,2026-03-31,S100YKCT
776,771,-5,3741,株式会社セック,情報・通信業,上場,39.0,13.2,7253000.0,6545319,0.9024,365.0,,,,6566861,情報通信業,tag,2026-03-31,S100YIG2
777,645,-132,8023,ＤＡＩＫＯ　ＸＴＥＣＨ株式会社,卸売業,上場,44.0,17.0,7565324.0,6544017,0.865,761.0,1332.0,0.5713,,6551064,卸売業・小売業,tag,2026-03-31,S100YIXP
778,924,146,1828,田辺工業株式会社,建設業,上場,41.1,15.5,6920350.0,6539609,0.945,809.0,1044.0,0.7749,,6045742,建設業,tag,2026-03-31,S100YHGU
779,873,94,6363,株式会社酉島製作所,機械,上場,38.9,13.1,7014610.0,6538831,0.9322,1040.0,2127.0,0.489,,6364653,製造業,tag,2026-03-31,S100YDRV
780,716,-64,3778,さくらインターネット株式会社,情報・通信業,上場,40.33,7.04,7413000.0,6536456,0.8818,934.0,1135.0,0.8229,,6545914,情報通信業,tag,2026-03-31,S100YBG6
781,742,-39,5711,三菱マテリアル株式会社,非鉄金属,上場,43.0,19.0,7329000.0,6535995,0.8918,5084.0,17591.0,0.289,,6330049,製造業,tag,2026-03-31,S100YFRY
782,723,-59,5408,株式会社中山製鋼所,鉄鋼,上場,43.9,18.8,7396000.0,6535358,0.8836,850.0,1285.0,0.6615,,6401327,製造業,tag,2026-03-31,S100YIVA
783,861,78,9364,株式会社上組,倉庫・運輸関連,上場,41.6,16.9,7038681.0,6533942,0.9283,3633.0,4389.0,0.8278,,6117458,運輸業,tag,2026-03-31,S100YG9D
784,1082,298,4681,リゾートトラスト株式会社,サービス業,上場,36.2,9.1,6616090.0,6533227,0.9875,6585.0,9477.0,0.6948,,6409922,サービス業,tag,2026-03-31,S100YFZK
785,682,-103,8159,株式会社立花エレテック,卸売業,上場,43.4,16.7,7477000.0,6526424,0.8729,920.0,1502.0,0.6125,,6460422,卸売業・小売業,tag,2026-03-31,S100YG86
786,695,-91,6287,株式会社サトー,機械,上場,44.8,16.2,7453498.0,6526413,0.8756,1902.0,6012.0,0.3164,,6488495,製造業,tag,2026-03-31,S100YE10
787,790,3,7231,トピー工業株式会社,輸送用機器,上場,41.7,17.5,7215802.0,6522873,0.904,1799.0,5290.0,0.3401,,6266061,製造業,tag,2026-03-31,S100YJBN
788,816,28,4113,田岡化学工業株式会社,化学,上場,40.8,14.3,7141781.0,6519359,0.9128,412.0,482.0,0.8548,,6262911,製造業,tag,2026-03-31,S100YCNV
789,864,75,7299,フジオーゼックス株式会社,輸送用機器,上場,39.5,15.3,7034000.0,6513362,0.926,544.0,1261.0,0.4314,,6303799,製造業,tag,2026-03-31,S100YCH0
790,732,-58,4464,株式会社ソフト９９コーポレーション,化学,上場,44.0,17.0,7370604.0,6506299,0.8827,206.0,839.0,0.2455,,6382449,製造業,tag,2026-03-31,S100YKEL
791,714,-77,6113,株式会社アマダ,機械,上場,44.6,18.5,7415000.0,6505820,0.8774,2842.0,9872.0,0.2879,,6445145,製造業,tag,2026-03-31,S100YKCP
792,793,1,1450,ＴＡＮＡＫＥＮ株式会社,建設業,上場,44.6,7.0,7215000.0,6504236,0.9015,110.0,,,,6271304,建設業,tag,2026-03-31,S100YEWF
793,863,70,,鈴江コーポレーション株式会社,倉庫・運輸関連,非上場,42.77,14.57,7034952.0,6502482,0.9243,244.0,585.0,0.4171,,6077273,運輸業,textblock,2026-03-31,S100YHJG
794,669,-125,8119,株式会社三栄コーポレーション,卸売業,上場,44.0,10.0,7509242.0,6495506,0.865,103.0,432.0,0.2384,,6502500,卸売業・小売業,tag,2026-03-31,S100YJU6
795,797,2,4092,日本化学工業株式会社,化学,上場,41.9,19.1,7200000.0,6494554,0.902,691.0,735.0,0.9401,,6242860,製造業,tag,2026-03-31,S100YJUC
796,980,184,9010,富士急行株式会社,陸運業,上場,38.7,13.7,6812736.0,6491581,0.9529,128.0,1979.0,0.0647,本社のみ,6208592,運輸業,tag,2026-03-31,S100YBGE
797,801,4,9423,株式会社フォーバル・リアルストレート,情報・通信業,上場,38.9,5.8,7179000.0,6489980,0.904,113.0,114.0,0.9912,,6513811,情報通信業,tag,2026-03-31,S100YKOH
798,717,-81,,株式会社りそな銀行,銀行業,非上場,41.1,16.5,7413000.0,6489425,0.8754,8374.0,8759.0,0.956,,6476130,金融業・保険業,textblock,2026-03-31,S100YDPD
799,888,89,6245,株式会社ヒラノテクシード,機械,上場,39.3,14.4,6992422.0,6489226,0.928,315.0,417.0,0.7554,,6291560,製造業,tag,2026-03-31,S100YIRK
800,1398,598,8919,株式会社カチタス,不動産業,上場,32.3,6.2,5910000.0,6488388,1.0979,809.0,1002.0,0.8074,,6391835,不動産業,tag,2026-03-31,S100YGXU
801,866,65,8174,日本瓦斯株式会社,小売業,上場,39.8,13.3,7027848.0,6486899,0.923,1165.0,1764.0,0.6604,,6262553,卸売業・小売業,tag,2026-03-31,S100YEGP
802,684,-118,3917,株式会社アイリッジ,情報・通信業,上場,41.3,4.0,7475000.0,6482812,0.8673,219.0,273.0,0.8022,,6515661,情報通信業,tag,2026-03-31,S100YG4N
803,814,11,5449,大阪製鐵株式会社,鉄鋼,上場,41.4,14.7,7147000.0,6481689,0.9069,600.0,1074.0,0.5587,,6223324,製造業,tag,2026-03-31,S100YHWP
804,666,-138,8622,水戸証券株式会社,証券、商品先物取引業,上場,41.9,16.9,7511244.0,6479987,0.8627,753.0,,,,6512729,金融業・保険業,tag,2026-03-31,S100YDIT
805,1301,496,7523,アールビバン株式会社,小売業,上場,31.9,7.4,6124871.0,6477818,1.0576,208.0,296.0,0.7027,,6715988,卸売業・小売業,tag,2026-03-31,S100YI6G
806,796,-10,9436,沖縄セルラー電話株式会社,情報・通信業,上場,39.2,9.4,7200451.0,6475068,0.8993,347.0,545.0,0.6367,,6492008,情報通信業,tag,2026-03-31,S100Y9T5
807,906,99,7130,ヤマエグループホールディングス株式会社,卸売業,上場,39.3,2.7,6957000.0,6473041,0.9304,123.0,6414.0,0.0192,本社のみ,6259689,卸売業・小売業,tag,2026-03-31,S100YE2O
808,778,-30,7966,リンテック株式会社,その他製品,上場,42.8,20.0,7243084.0,6472666,0.8936,2549.0,5237.0,0.4867,,6256799,製造業,tag,2026-03-31,S100YBFC
809,804,-5,4367,広栄化学株式会社,化学,非上場,41.8,15.3,7167000.0,6471765,0.903,402.0,,,,6218770,製造業,tag,2026-03-31,S100YKG9
810,836,26,3173,株式会社Ｃｏｍｉｎｉｘ,卸売業,上場,40.6,13.7,7100000.0,6471063,0.9114,191.0,669.0,0.2855,,6243761,卸売業・小売業,tag,2026-03-31,S100YCYQ
811,819,8,3489,株式会社フェイスネットワーク,不動産業,上場,40.0,5.8,7138000.0,6470376,0.9065,201.0,239.0,0.841,,6337951,不動産業,tag,2026-03-31,S100YHL1
812,833,21,,トヨタファイナンス株式会社,サービス業,非上場,42.5,12.9,7109000.0,6461991,0.909,1957.0,2284.0,0.8568,,6145180,サービス業,textblock,2026-03-31,S100YMDA
813,842,29,6718,アイホン株式会社,電気機器,上場,40.9,15.3,7085000.0,6460478,0.9119,1067.0,2029.0,0.5259,,6204915,製造業,tag,2026-03-31,S100YIVR
814,787,-27,6644,大崎電気工業株式会社,電気機器,上場,42.8,16.2,7227000.0,6458292,0.8936,545.0,2504.0,0.2177,,6242905,製造業,tag,2026-03-31,S100YGJ0
815,841,26,5970,株式会社ジーテクト,金属製品,上場,41.0,16.0,7089134.0,6457209,0.9109,1220.0,8061.0,0.1513,,6200685,製造業,tag,2026-03-31,S100YIKX
816,839,23,6544,ジャパンエレベーターサービスホールディングス株式会社,サービス業,上場,42.2,8.1,7090000.0,6455333,0.9105,274.0,2286.0,0.1199,,6136382,サービス業,tag,2026-03-31,S100YEZ8
817,776,-41,6392,株式会社　ヤマダコーポレーション,機械,上場,43.1,18.1,7243594.0,6453204,0.8909,220.0,338.0,0.6509,,6256362,製造業,tag,2026-03-31,S100YJDP
818,867,49,7102,日本車輌製造株式会社,輸送用機器,上場,40.3,16.1,7026000.0,6448852,0.9179,2061.0,2176.0,0.9472,,6207160,製造業,tag,2026-03-31,S100YK10
819,613,-206,9763,丸建リース株式会社,卸売業,上場,45.7,17.1,7644927.0,6448250,0.8435,231.0,382.0,0.6047,,6707095,卸売業・小売業,tag,2026-03-31,S100YEAG
820,683,-137,,新生紙パルプ商事株式会社,卸売業,非上場,44.2,19.9,7476921.0,6448181,0.8624,550.0,881.0,0.6243,,6481659,卸売業・小売業,textblock,2026-03-31,S100YFLX
821,810,-11,3708,特種東海製紙株式会社,パルプ・紙,上場,42.0,19.0,7155768.0,6447704,0.901,429.0,1873.0,0.229,,6200383,製造業,tag,2026-03-31,S100YHWR
822,798,-24,6324,株式会社ハーモニック・ドライブ・システムズ,機械,上場,42.5,13.2,7192860.0,6447684,0.8964,526.0,1419.0,0.3707,,6217670,製造業,tag,2026-03-31,S100YBHC
823,719,-104,8158,ソーダニッカ株式会社,卸売業,上場,43.6,16.0,7406895.0,6445696,0.8702,301.0,400.0,0.7525,,6403232,卸売業・小売業,tag,2026-03-31,S100YFPG
824,632,-192,5282,ジオスター株式会社,ガラス・土石製品,上場,48.0,15.0,7597272.0,6443056,0.8481,320.0,467.0,0.6852,,6771012,製造業,tag,2026-03-31,S100YG98
825,811,-14,4629,大伸化学株式会社,化学,上場,42.1,17.3,7155000.0,6440331,0.9001,192.0,235.0,0.817,,6195983,製造業,tag,2026-03-31,S100YJ59
826,886,60,5273,三谷セキサン株式会社,ガラス・土石製品,上場,40.06,11.0,6997000.0,6439189,0.9203,359.0,1095.0,0.3279,,6206292,製造業,tag,2026-03-31,S100YJGQ
827,832,5,9305,株式会社ヤマタネ,卸売業,上場,41.0,12.0,7109000.0,6438771,0.9057,404.0,1087.0,0.3717,,6218061,卸売業・小売業,tag,2026-03-31,S100YEYD
828,636,-192,,あいおいニッセイ同和損害保険株式会社,保険業,非上場,44.6,16.4,7580511.0,6438607,0.8494,12515.0,15207.0,0.823,,6589007,金融業・保険業,textblock,2026-03-31,S100YN5G
829,474,-355,3640,株式会社電算,情報・通信業,上場,45.4,19.6,8054485.0,6435768,0.799,562.0,585.0,0.9607,,7047428,情報通信業,tag,2026-03-31,S100YJ1O
830,840,10,1807,株式会社佐藤渡辺,建設業,上場,44.2,19.3,7089637.0,6431428,0.9072,451.0,537.0,0.8399,,6145927,建設業,tag,2026-03-31,S100YJEE
831,729,-102,4498,サイバートラスト株式会社,情報・通信業,上場,41.0,10.4,7376000.0,6429631,0.8717,245.0,286.0,0.8566,,6451599,情報通信業,tag,2026-03-31,S100YI8R
832,881,49,6023,ダイハツインフィニアース株式会社,輸送用機器,上場,40.3,13.6,7000000.0,6424987,0.9179,940.0,1476.0,0.6369,,6184190,製造業,tag,2026-03-31,S100YCLQ
833,1009,176,4970,東洋合成工業株式会社,化学,上場,37.0,10.2,6746293.0,6424728,0.9523,972.0,,,,6403398,製造業,tag,2026-03-31,S100YGHH
834,715,-119,9857,英和株式会社,卸売業,上場,43.9,13.7,7414000.0,6422767,0.8663,346.0,400.0,0.865,,6416906,卸売業・小売業,tag,2026-03-31,S100YCFQ
835,856,21,5461,中部鋼鈑株式会社,鉄鋼,上場,41.1,18.4,7057000.0,6420949,0.9099,379.0,521.0,0.7274,,6165122,製造業,tag,2026-03-31,S100Y9WS
836,1035,199,2395,株式会社新日本科学,サービス業,上場,38.5,10.2,6702701.0,6420639,0.9579,1126.0,1522.0,0.7398,,6135771,サービス業,tag,2026-03-31,S100YK73
837,917,80,6744,能美防災株式会社,電気機器,上場,39.4,14.8,6925273.0,6419788,0.927,1961.0,3251.0,0.6032,,6218624,製造業,tag,2026-03-31,S100YHTN
838,978,140,6238,フリュー株式会社,機械,上場,38.0,9.0,6814823.0,6416945,0.9416,512.0,565.0,0.9062,,6311363,製造業,tag,2026-03-31,S100YFJB
839,815,-24,7226,極東開発工業株式会社,輸送用機器,上場,42.3,16.6,7142000.0,6415334,0.8983,1181.0,3585.0,0.3294,,6178440,製造業,tag,2026-03-31,S100YE9E
840,1010,170,6750,エレコム株式会社,電気機器,上場,37.1,8.51,6742670.0,6413976,0.9513,880.0,2077.0,0.4237,,6383854,製造業,tag,2026-03-31,S100YK25
841,859,18,409A,オリオンビール株式会社,食料品,上場,41.0,12.0,7041000.0,6413366,0.9109,205.0,352.0,0.5824,,6158583,製造業,tag,2026-03-31,S100YE88
842,963,121,4008,住友精化株式会社,化学,上場,38.5,15.64,6848798.0,6412847,0.9363,1038.0,1438.0,0.7218,,6269511,製造業,tag,2026-03-31,S100YKNS
843,955,112,6089,株式会社ウィルグループ,サービス業,上場,40.2,8.8,6859000.0,6411713,0.9348,105.0,9005.0,0.0117,本社のみ,6069520,サービス業,tag,2026-03-31,S100YFJF
844,618,-226,9640,株式会社セゾンテクノロジー,情報・通信業,上場,43.0,13.8,7638155.0,6409660,0.8392,696.0,734.0,0.9482,,6597065,情報通信業,tag,2026-03-31,S100YC54
845,543,-302,4685,株式会社菱友システムズ,情報・通信業,上場,44.2,19.3,7823033.0,6403971,0.8186,1246.0,2006.0,0.6211,,6781699,情報通信業,tag,2026-03-31,S100YH80
846,913,67,3182,オイシックス・ラ・大地株式会社,サービス業,上場,41.1,10.0,6937000.0,6402778,0.923,916.0,8196.0,0.1118,,6060288,サービス業,tag,2026-03-31,S100YJ0Y
847,912,65,6322,株式会社タクミナ,機械,上場,39.9,14.1,6942000.0,6399837,0.9219,314.0,324.0,0.9691,,6174842,製造業,tag,2026-03-31,S100YFBY
848,724,-124,5258,株式会社トランザクション・メディア・ネットワークス,情報・通信業,上場,41.4,5.5,7390000.0,6398255,0.8658,296.0,491.0,0.6029,,6434918,情報通信業,tag,2026-03-31,S100YJ6W
849,838,-11,7242,カヤバ株式会社,輸送用機器,上場,41.9,17.4,7090969.0,6396205,0.902,4414.0,13418.0,0.329,,6148323,製造業,tag,2026-03-31,S100YHB1
850,799,-51,7466,ＳＰＫ株式会社,卸売業,上場,42.2,12.5,7192000.0,6393932,0.889,331.0,646.0,0.5124,,6224663,卸売業・小売業,tag,2026-03-31,S100YCR6
851,1123,272,6185,ＳＭＮ株式会社,サービス業,上場,37.0,5.8,6524000.0,6388945,0.9793,151.0,240.0,0.6292,,6192403,サービス業,tag,2026-03-31,S100YIYU
852,1080,228,9936,株式会社王将フードサービス,小売業,上場,37.1,11.3,6620000.0,6384956,0.9645,2439.0,2501.0,0.9752,,6267712,卸売業・小売業,tag,2026-03-31,S100YHJQ
853,950,97,9367,大東港運株式会社,倉庫・運輸関連,上場,41.5,15.9,6870920.0,6383887,0.9291,323.0,426.0,0.7582,,5977105,運輸業,tag,2026-03-31,S100YH3W
854,887,33,5933,アルインコ株式会社,金属製品,上場,40.8,13.3,6993000.0,6383545,0.9128,766.0,1471.0,0.5207,,6132439,製造業,tag,2026-03-20,S100YCY5
855,874,19,6678,株式会社テクノメディカ,電気機器,上場,41.1,11.8,7014000.0,6381824,0.9099,239.0,,,,6127557,製造業,tag,2026-03-31,S100YGSP
856,846,-10,8392,株式会社大分銀行,銀行業,上場,39.5,15.9,7075000.0,6381521,0.902,1495.0,1626.0,0.9194,,6340542,金融業・保険業,tag,2026-03-31,S100YDA0
857,870,13,6016,株式会社ジャパンエンジンコーポレーション,輸送用機器,上場,41.2,9.5,7021196.0,6381432,0.9089,394.0,,,,6126788,製造業,tag,2026-03-31,S100YH5Z
858,674,-184,8700,丸八証券株式会社,証券、商品先物取引業,上場,44.0,15.0,7489000.0,6381023,0.8521,138.0,,,,6484972,金融業・保険業,tag,2026-03-31,S100YEDZ
859,941,82,8252,株式会社　丸井グループ,小売業,上場,39.6,15.5,6888700.0,6378776,0.926,275.0,3820.0,0.072,本社のみ,6161640,卸売業・小売業,tag,2026-03-31,S100YEI3
860,681,-179,3156,株式会社レスター,卸売業,上場,44.98,13.15,7481686.0,6377806,0.8525,1234.0,4637.0,0.2661,,6522541,卸売業・小売業,tag,2026-03-31,S100YJ4V
861,830,-31,7261,マツダ株式会社,輸送用機器,上場,42.5,17.7,7112000.0,6375201,0.8964,22857.0,47144.0,0.4848,,6147773,製造業,tag,2026-03-31,S100YDZ1
862,783,-79,6788,株式会社日本トリム,電気機器,上場,44.16,13.98,7233000.0,6374466,0.8813,349.0,777.0,0.4492,,6268740,製造業,tag,2026-03-31,S100YF0Y
863,992,129,6517,デンヨー株式会社,電気機器,上場,38.4,12.6,6798740.0,6373109,0.9374,619.0,1362.0,0.4545,,6237895,製造業,tag,2026-03-31,S100YHXJ
864,949,85,,東京湾横断道路株式会社,倉庫・運輸関連,非上場,41.8,10.2,6876000.0,6371597,0.9266,118.0,,,,5966270,運輸業,textblock,2026-03-31,S100YLH5
865,735,-130,6335,株式会社東京機械製作所,機械,上場,45.9,23.3,7355954.0,6370364,0.866,230.0,303.0,0.7591,,6465163,製造業,tag,2026-03-31,S100YI7P
866,1252,386,7134,株式会社アップガレージグループ,サービス業,上場,33.0,6.0,6235000.0,6369647,1.0216,236.0,238.0,0.9916,,6595614,サービス業,tag,2026-03-31,S100YFV1
867,667,-200,7350,株式会社おきなわフィナンシャルグループ,銀行業,上場,44.9,18.8,7510000.0,6368666,0.848,132.0,1513.0,0.0872,本社のみ,6542923,金融業・保険業,tag,2026-03-31,S100YFFH
868,537,-331,,青森放送株式会社,情報・通信業,非上場,44.6,18.1,7842049.0,6367538,0.812,119.0,,,,6816337,情報通信業,textblock,2026-03-31,S100YLYO
869,860,-9,1867,株式会社植木組,建設業,上場,44.4,18.6,7040681.0,6366991,0.9043,587.0,1005.0,0.5841,,6111200,建設業,tag,2026-03-31,S100YIPR
870,616,-254,2531,宝ホールディングス株式会社,食料品,上場,49.8,24.2,7640000.0,6365003,0.8331,193.0,5720.0,0.0337,本社のみ,6831805,製造業,tag,2026-03-31,S100YINV
871,806,-65,7235,東京ラヂエーター製造株式会社,輸送用機器,上場,43.4,17.5,7164315.0,6362998,0.8882,492.0,816.0,0.6029,,6190249,製造業,tag,2026-03-31,S100YG1L
872,791,-81,8572,アコム株式会社,その他金融業,上場,40.7,14.7,7215000.0,6362953,0.8819,2125.0,5626.0,0.3777,,6335830,金融業・保険業,tag,2026-03-31,S100YBXA
873,755,-118,4406,新日本理化株式会社,化学,上場,45.3,16.4,7301000.0,6360823,0.8712,283.0,394.0,0.7183,,6382503,製造業,tag,2026-03-31,S100YGXD
874,781,-93,4968,荒川化学工業株式会社,化学,上場,44.4,18.9,7235000.0,6360740,0.8792,806.0,1684.0,0.4786,,6279866,製造業,tag,2026-03-31,S100YF3H
875,976,101,7241,フタバ産業株式会社,輸送用機器,上場,38.9,16.0,6821000.0,6358353,0.9322,4036.0,10104.0,0.3994,,6188982,製造業,tag,2026-03-31,S100YCHA
876,890,14,4409,東邦化学工業株式会社,化学,上場,41.2,17.2,6989995.0,6353074,0.9089,653.0,856.0,0.7629,,6099561,製造業,tag,2026-03-31,S100YGU8
877,952,75,6480,日本トムソン株式会社,機械,上場,39.6,15.8,6865606.0,6350403,0.925,1030.0,2547.0,0.4044,,6140983,製造業,tag,2026-03-31,S100YD87
878,895,17,8387,株式会社四国銀行,銀行業,上場,39.11,15.8,6983000.0,6345484,0.9087,1239.0,1319.0,0.9393,,6307740,金融業・保険業,tag,2026-03-31,S100YD3N
879,721,-158,8524,株式会社北洋銀行,銀行業,上場,42.8,19.1,7400000.0,6345377,0.8575,2391.0,2828.0,0.8455,,6392347,金融業・保険業,tag,2026-03-31,S100YBAP
880,809,-71,4218,ニチバン株式会社,化学,上場,43.6,19.5,7159000.0,6345302,0.8863,778.0,1271.0,0.6121,,6188927,製造業,tag,2026-03-31,S100YGTG
881,773,-108,8141,新光商事株式会社,卸売業,上場,43.3,15.75,7252000.0,6339637,0.8742,288.0,667.0,0.4318,,6264864,卸売業・小売業,tag,2026-03-31,S100YME7
882,914,32,6626,ＳＥＭＩＴＥＣ株式会社,電気機器,上場,40.7,12.3,6937000.0,6339342,0.9138,234.0,3522.0,0.0664,本社のみ,6091705,製造業,tag,2026-03-31,S100YJ3G
883,784,-99,5805,ＳＷＣＣ株式会社,非鉄金属,上場,44.7,16.9,7231000.0,6337979,0.8765,1467.0,4813.0,0.3048,,6289919,製造業,tag,2026-03-31,S100YE42
884,928,44,6648,株式会社かわでん,電気機器,上場,40.5,16.6,6913007.0,6331248,0.9158,860.0,,,,6088333,製造業,tag,2026-03-31,S100YKAV
885,808,-77,5726,株式会社大阪チタニウムテクノロジーズ,非鉄金属,上場,43.9,16.0,7163437.0,6329857,0.8836,742.0,,,,6200041,製造業,tag,2026-03-31,S100YHFZ
886,934,48,9906,藤井産業株式会社,卸売業,上場,40.2,13.9,6900000.0,6328582,0.9172,754.0,932.0,0.809,,6105801,卸売業・小売業,tag,2026-03-31,S100YJUL
887,947,60,8043,スターゼン株式会社,卸売業,上場,40.0,12.2,6876895.0,6327414,0.9201,1298.0,2807.0,0.4624,,6106112,卸売業・小売業,tag,2026-03-31,S100YIM9
888,918,30,9928,株式会社ミロク情報サービス,情報・通信業,上場,38.3,11.3,6924864.0,6327276,0.9137,1854.0,2342.0,0.7916,,6368270,情報通信業,tag,2026-03-31,S100YKDZ
889,858,-31,6393,油研工業株式会社,機械,上場,42.3,18.6,7043000.0,6326406,0.8983,368.0,1401.0,0.2627,,6092796,製造業,tag,2026-03-31,S100YJ87
890,1062,172,4414,株式会社フレクト,情報・通信業,上場,36.5,3.2,6654000.0,6326365,0.9508,445.0,,,,6396846,情報通信業,tag,2026-03-31,S100YG80
891,726,-165,8388,株式会社阿波銀行,銀行業,上場,43.0,19.1,7385000.0,6325795,0.8566,1317.0,1410.0,0.934,,6378416,金融業・保険業,tag,2026-03-31,S100YAMP
892,900,8,2805,ヱスビー食品株式会社,食料品,上場,41.4,13.8,6972819.0,6323723,0.9069,1538.0,2082.0,0.7387,,6071654,製造業,tag,2026-03-31,S100YGTZ
893,692,-201,,株式会社サンコーシヤ,電気機器,非上場,48.1,19.1,7457429.0,6318156,0.8472,196.0,623.0,0.3146,,6648534,製造業,textblock,2026-03-31,S100YNIO
894,869,-25,6391,株式会社加地テック,機械,上場,42.18,15.34,7023000.0,6316279,0.8994,207.0,,,,6079019,製造業,tag,2026-03-31,S100YJ76
895,835,-60,6360,株式会社　東京自働機械製作所,機械,上場,43.3,19.2,7104411.0,6316252,0.8891,278.0,,,,6137365,製造業,tag,2026-03-31,S100YHZL
896,901,5,4112,保土谷化学工業株式会社,化学,上場,41.5,16.8,6972000.0,6316133,0.9059,477.0,946.0,0.5042,,6065036,製造業,tag,2026-03-31,S100YGIX
897,894,-3,2875,東洋水産株式会社,食料品,上場,41.7,16.8,6986000.0,6315139,0.904,2192.0,4717.0,0.4647,,6066505,製造業,tag,2026-03-31,S100YDW0
898,985,87,3079,ディーブイエックス株式会社,卸売業,上場,39.5,8.1,6809000.0,6315064,0.9275,361.0,378.0,0.955,,6102156,卸売業・小売業,tag,2026-03-31,S100YL91
899,817,-82,3569,セーレン株式会社,繊維製品,上場,43.86,19.71,7140994.0,6312595,0.884,1320.0,6506.0,0.2029,,6179493,製造業,tag,2026-03-31,S100YH1G
900,709,-191,8046,丸藤シートパイル株式会社,卸売業,上場,45.1,18.1,7418000.0,6312306,0.8509,393.0,506.0,0.7767,,6473552,卸売業・小売業,tag,2026-03-31,S100YF98
901,961,60,3101,東洋紡株式会社,化学,上場,40.1,14.2,6853737.0,6304573,0.9199,2885.0,9398.0,0.307,,6075057,製造業,tag,2026-03-31,S100YGRC
902,1440,538,330A,株式会社ＴａｌｅｎｔＸ,情報・通信業,上場,32.6,2.0,5781000.0,6303305,1.0903,137.0,140.0,0.9786,,6191650,情報通信業,tag,2026-03-31,S100YGDN
903,759,-144,5938,株式会社ＬＩＸＩＬ,金属製品,上場,46.2,20.3,7296288.0,6299849,0.8634,15128.0,48073.0,0.3147,,6429656,製造業,tag,2026-03-31,S100YD5L
904,743,-161,5989,株式会社エイチワン,金属製品,上場,46.6,22.9,7325206.0,6299770,0.86,1023.0,4584.0,0.2232,,6476494,製造業,tag,2026-03-31,S100YFUA
905,875,-30,7220,武蔵精密工業株式会社,輸送用機器,上場,42.3,17.2,7012793.0,6299273,0.8983,1111.0,12227.0,0.0909,本社のみ,6066665,製造業,tag,2026-03-31,S100YGX6
906,855,-51,7483,株式会社ドウシシャ,卸売業,上場,42.0,12.0,7061334.0,6297205,0.8918,826.0,1237.0,0.6677,,6118557,卸売業・小売業,tag,2026-03-31,S100YGD2
907,987,80,7456,松田産業株式会社,卸売業,上場,39.7,12.1,6808000.0,6293995,0.9245,1238.0,1761.0,0.703,,6077917,卸売業・小売業,tag,2026-03-31,S100YGWM
908,834,-74,8345,株式会社岩手銀行,銀行業,上場,40.5,18.1,7108000.0,6291929,0.8852,1264.0,1365.0,0.926,,6260065,金融業・保険業,tag,2026-03-31,S100YD6A
909,733,-176,8214,株式会社ＡＯＫＩホールディングス,小売業,上場,44.8,7.8,7359000.0,6289978,0.8547,127.0,3226.0,0.0394,本社のみ,6406232,卸売業・小売業,tag,2026-03-31,S100YFPQ
910,844,-66,8336,株式会社武蔵野銀行,銀行業,上場,40.3,16.0,7079000.0,6289678,0.8885,1908.0,2043.0,0.9339,,6253983,金融業・保険業,tag,2026-03-31,S100YDFO
911,794,-117,8386,株式会社百十四銀行,銀行業,上場,41.3,17.7,7211000.0,6289433,0.8722,1872.0,2107.0,0.8885,,6285543,金融業・保険業,tag,2026-03-31,S100YA4U
912,480,-432,,山口放送株式会社,情報・通信業,非上場,46.5,20.7,8043172.0,6288873,0.7819,120.0,,,,7105620,情報通信業,textblock,2026-03-31,S100YIZC
913,885,-28,5391,株式会社エーアンドエーマテリアル,ガラス・土石製品,上場,42.3,17.0,6998038.0,6286019,0.8983,217.0,1001.0,0.2168,,6053900,製造業,tag,2026-03-31,S100YK9E
914,882,-32,5660,神鋼鋼線工業株式会社,鉄鋼,上場,42.4,17.3,7000000.0,6281286,0.8973,757.0,927.0,0.8166,,6053088,製造業,tag,2026-03-31,S100YJTL
915,828,-87,6707,サンケン電気株式会社,電気機器,上場,44.0,17.5,7114000.0,6279785,0.8827,842.0,2683.0,0.3138,,6160247,製造業,tag,2026-03-31,S100YI8X
916,933,17,7014,株式会社名村造船所,輸送用機器,上場,41.1,17.2,6901000.0,6279009,0.9099,1158.0,2436.0,0.4754,,6028838,製造業,tag,2026-03-31,S100YEFT
917,1091,174,1930,北陸電気工事株式会社,建設業,上場,40.0,17.0,6598000.0,6278377,0.9516,1153.0,1354.0,0.8516,,5858476,建設業,tag,2026-03-31,S100YI00
918,1013,95,6643,株式会社戸上電機製作所,電気機器,上場,39.0,15.2,6737009.0,6273070,0.9311,461.0,1105.0,0.4172,,6099684,製造業,tag,2026-03-31,S100YJNT
919,1059,140,9158,株式会社シーユーシー,サービス業,上場,39.7,3.5,6661000.0,6271161,0.9415,416.0,5740.0,0.0725,本社のみ,5946681,サービス業,tag,2026-03-31,S100YKO7
920,1017,97,7057,株式会社エヌ・シー・エヌ,サービス業,上場,40.5,8.8,6733972.0,6268129,0.9308,100.0,144.0,0.6944,,5930656,サービス業,tag,2026-03-31,S100YCPU
921,1268,347,4177,株式会社ｉ－ｐｌｕｇ,情報・通信業,上場,34.7,3.7,6202896.0,6267817,1.0105,324.0,357.0,0.9076,,6253206,情報通信業,tag,2026-03-31,S100YHOY
922,712,-210,,損害保険ジャパン株式会社,保険業,非上場,45.6,16.7,7416687.0,6266493,0.8449,20116.0,35424.0,0.5679,,6501002,金融業・保険業,textblock,2026-03-31,S100YC6H
923,1055,132,7949,小松ウオール工業株式会社,その他製品,上場,38.1,14.1,6662000.0,6265992,0.9406,1446.0,,,,6155237,製造業,tag,2026-03-31,S100YAOG
924,932,8,7565,萬世電機株式会社,卸売業,上場,40.9,16.1,6902000.0,6261069,0.9071,181.0,188.0,0.9628,,6044647,卸売業・小売業,tag,2026-03-31,S100YLNO
925,734,-191,9956,株式会社バローホールディングス,小売業,上場,45.1,13.1,7357000.0,6260398,0.8509,192.0,11227.0,0.0171,本社のみ,6420319,卸売業・小売業,tag,2026-03-31,S100YHUD
926,1008,82,5607,中央可鍛工業株式会社,鉄鋼,上場,39.44,14.67,6754000.0,6258243,0.9266,537.0,970.0,0.5536,,6060013,製造業,tag,2026-03-31,S100YJLT
927,1023,96,4674,株式会社クレスコ,情報・通信業,上場,37.2,11.9,6713000.0,6256532,0.932,1498.0,3188.0,0.4699,,6339842,情報通信業,tag,2026-03-31,S100YDHC
928,956,28,4619,日本特殊塗料株式会社,化学,上場,40.9,14.9,6857870.0,6253368,0.9119,626.0,1079.0,0.5802,,6005998,製造業,tag,2026-03-31,S100YDP5
929,802,-127,6272,レオン自動機株式会社,機械,上場,45.2,21.4,7170225.0,6253160,0.8721,661.0,1063.0,0.6218,,6262706,製造業,tag,2026-03-31,S100YFES
930,879,-51,1981,株式会社協和日成,建設業,上場,45.2,17.0,7001465.0,6253102,0.8931,797.0,,,,6115306,建設業,tag,2026-03-31,S100YDX8
931,803,-128,5994,株式会社ファインシンター,金属製品,上場,45.2,19.3,7170000.0,6252964,0.8721,725.0,1958.0,0.3703,,6262510,製造業,tag,2026-03-31,S100YG56
932,926,-6,6770,アルプスアルパイン株式会社,電気機器,上場,41.7,16.7,6914318.0,6250341,0.904,6305.0,25924.0,0.2432,,6004258,製造業,tag,2026-03-31,S100YB8V
933,831,-102,6616,トレックス・セミコンダクター株式会社,電気機器,上場,44.5,13.6,7112000.0,6246281,0.8783,181.0,1014.0,0.1785,,6177337,製造業,tag,2026-03-31,S100YFAJ
934,854,-80,6104,芝浦機械株式会社,機械,上場,43.8,19.6,7061483.0,6246121,0.8845,1536.0,3175.0,0.4838,,6109109,製造業,tag,2026-03-31,S100YLEZ
935,876,-59,6779,日本電波工業株式会社,電気機器,上場,43.1,16.5,7011000.0,6245990,0.8909,672.0,2313.0,0.2905,,6055469,製造業,tag,2026-03-31,S100YFNH
936,972,36,8037,カメイ株式会社,卸売業,上場,40.4,13.8,6828000.0,6242789,0.9143,1589.0,5015.0,0.3168,,6022693,卸売業・小売業,tag,2026-03-31,S100YKU0
937,848,-89,6101,株式会社ツガミ,機械,上場,44.0,19.0,7072000.0,6242710,0.8827,482.0,3515.0,0.1371,,6123878,製造業,tag,2026-03-31,S100YBZA
938,939,1,6405,鈴茂器工株式会社,機械,上場,41.56,10.95,6892794.0,6240323,0.9053,491.0,526.0,0.9335,,5992807,製造業,tag,2026-03-31,S100YN3J
939,852,-87,3423,株式会社エスイー,金属製品,上場,44.1,14.1,7065483.0,6230625,0.8818,198.0,559.0,0.3542,,6121482,製造業,tag,2026-03-31,S100YG2M
940,904,-36,1967,株式会社ヤマト,建設業,上場,45.05,15.54,6959657.0,6230232,0.8952,805.0,1161.0,0.6934,,6070991,建設業,tag,2026-03-20,S100YBIH
941,898,-43,6237,株式会社イワキ,機械,上場,42.9,18.5,6977371.0,6228807,0.8927,790.0,1146.0,0.6894,,6026627,製造業,tag,2026-03-31,S100YHPM
942,962,20,3437,特殊電極株式会社,金属製品,上場,41.2,14.7,6850000.0,6225835,0.9089,257.0,268.0,0.959,,5977400,製造業,tag,2026-03-31,S100YD8G
943,967,24,6294,オカダアイヨン株式会社,機械,上場,41.0,12.0,6833000.0,6223907,0.9109,273.0,497.0,0.5493,,5976651,製造業,tag,2026-03-31,S100YBL0
944,979,35,8086,ニプロ株式会社,精密機器,上場,40.8,13.3,6814000.0,6220145,0.9128,4714.0,38593.0,0.1221,,5975466,製造業,tag,2026-03-31,S100YJLK
945,965,20,7273,株式会社イクヨ,輸送用機器,上場,41.2,16.8,6839000.0,6215837,0.9089,160.0,337.0,0.4748,,5967801,製造業,tag,2026-03-31,S100YLTN
946,988,42,6961,株式会社エンプラス,電気機器,上場,40.8,14.6,6804000.0,6211017,0.9128,332.0,1371.0,0.2422,,5966697,製造業,tag,2026-03-31,S100YLHU
947,922,-25,4620,藤倉化成株式会社,化学,上場,42.4,17.5,6920841.0,6210254,0.8973,427.0,1198.0,0.3564,,5984637,製造業,tag,2026-03-31,S100YJ15
948,880,-68,9629,ピー・シー・エー株式会社,情報・通信業,上場,40.0,14.0,7000000.0,6207575,0.8868,538.0,755.0,0.7126,,6215419,情報通信業,tag,2026-03-31,S100YGVP
949,930,-19,,ＹＫＫ株式会社,その他製品,非上場,42.3,17.9,6910632.0,6207506,0.8983,4491.0,56899.0,0.0789,本社のみ,5978287,製造業,textblock,2026-03-31,S100YLFU
950,772,-178,6822,大井電気株式会社,電気機器,上場,47.1,20.8,7252701.0,6206556,0.8558,407.0,944.0,0.4311,,6435406,製造業,tag,2026-03-31,S100YI6A
951,893,-58,7292,株式会社村上開明堂,輸送用機器,上場,43.4,19.0,6987410.0,6205879,0.8882,934.0,3682.0,0.2537,,6037397,製造業,tag,2026-03-31,S100YHRX
952,959,7,7018,内海造船株式会社,輸送用機器,上場,41.6,15.6,6856000.0,6204327,0.9049,548.0,600.0,0.9133,,5958686,製造業,tag,2026-03-31,S100YJMY
953,892,-61,6371,株式会社椿本チエイン,機械,上場,43.5,16.5,6988832.0,6200802,0.8872,3126.0,12228.0,0.2556,,6040061,製造業,tag,2026-03-31,S100YKVK
954,788,-166,7943,ニチハ株式会社,ガラス・土石製品,上場,46.8,17.6,7222000.0,6198737,0.8583,1324.0,2902.0,0.4562,,6394942,製造業,tag,2026-03-31,S100YH8A
955,821,-134,6787,株式会社メイコー,電気機器,上場,45.58,15.37,7131677.0,6195904,0.8688,565.0,14332.0,0.0394,本社のみ,6250056,製造業,tag,2026-03-31,S100YIE8
956,1081,125,6157,日進工具株式会社,機械,上場,38.5,13.7,6616698.0,6195521,0.9363,238.0,364.0,0.6538,,6057042,製造業,tag,2026-03-31,S100YG7J
957,1001,44,5357,株式会社　ヨータイ,ガラス・土石製品,上場,40.74,14.09,6781533.0,6194563,0.9134,518.0,537.0,0.9646,,5951867,製造業,tag,2026-03-31,S100YHT7
958,813,-145,7238,曙ブレーキ工業株式会社,輸送用機器,上場,46.0,20.8,7147943.0,6184058,0.8652,745.0,5096.0,0.1462,,6287930,製造業,tag,2026-03-31,S100YHCS
959,931,-28,6292,株式会社カワタ,機械,上場,42.66,12.08,6910000.0,6183917,0.8949,242.0,734.0,0.3297,,5970567,製造業,tag,2026-03-31,S100YJHG
960,915,-45,7721,東京計器株式会社,精密機器,上場,43.0,15.2,6934000.0,6183734,0.8918,1420.0,1768.0,0.8032,,5988888,製造業,tag,2026-03-31,S100YMS0
961,1291,330,6039,株式会社日本動物高度医療センター,サービス業,上場,34.7,5.0,6161000.0,6180598,1.0032,251.0,328.0,0.7652,,6210971,サービス業,tag,2026-03-31,S100YGKM
962,862,-100,3878,株式会社巴川コーポレーション,パルプ・紙,上場,44.5,16.3,7037000.0,6180410,0.8783,418.0,1346.0,0.3105,,6112193,製造業,tag,2026-03-31,S100YDU9
963,983,20,8361,株式会社　大垣共立銀行,銀行業,上場,39.2,16.6,6811000.0,6178560,0.9071,2324.0,2959.0,0.7854,,6140875,金融業・保険業,tag,2026-03-31,S100YELN
964,761,-203,8071,東海エレクトロニクス株式会社,卸売業,上場,45.4,15.5,7293000.0,6178554,0.8472,197.0,350.0,0.5629,,6381152,卸売業・小売業,tag,2026-03-31,S100YIEJ
965,1002,37,6458,新晃工業株式会社,機械,上場,41.0,15.0,6781000.0,6176542,0.9109,770.0,1701.0,0.4527,,5931168,製造業,tag,2026-03-31,S100Y1I3
966,944,-22,8153,株式会社モスフードサービス,卸売業,上場,41.6,14.3,6881086.0,6174458,0.8973,505.0,1323.0,0.3817,,5980489,卸売業・小売業,tag,2026-03-31,S100YE7I
967,1076,109,9347,日本管財ホールディングス株式会社,サービス業,上場,40.5,9.9,6632685.0,6173849,0.9308,124.0,8660.0,0.0143,本社のみ,5841452,サービス業,tag,2026-03-31,S100YHX4
968,1034,66,2819,エバラ食品工業株式会社,食料品,上場,40.0,16.0,6703302.0,6172979,0.9209,517.0,861.0,0.6005,,5951975,製造業,tag,2026-03-31,S100YJNX
969,1012,43,8360,株式会社　山梨中央銀行,銀行業,上場,38.7,15.0,6739000.0,6172123,0.9159,1604.0,1649.0,0.9727,,6141394,金融業・保険業,tag,2026-03-31,S100YAZE
970,923,-47,3863,日本製紙株式会社,パルプ・紙,上場,43.0,21.0,6920699.0,6171872,0.8918,5028.0,15042.0,0.3343,,5977400,製造業,tag,2026-03-31,S100YJ5X
971,829,-142,7488,株式会社ヤガミ,卸売業,上場,43.8,17.1,7112930.0,6171231,0.8676,139.0,229.0,0.607,,6153617,卸売業・小売業,tag,2026-04-20,S100YP3N
972,981,9,9896,ＪＫホールディングス株式会社,卸売業,上場,41.0,14.0,6812349.0,6170087,0.9057,169.0,3438.0,0.0492,本社のみ,5958588,卸売業・小売業,tag,2026-03-31,S100YJ4A
973,953,-20,4275,株式会社カーリット,化学,上場,42.3,16.0,6864529.0,6166094,0.8983,543.0,1075.0,0.5051,,5938404,製造業,tag,2026-03-31,S100YIGR
974,958,-16,2229,カルビー株式会社,食料品,上場,42.2,12.6,6856000.0,6164808,0.8992,3711.0,6974.0,0.5321,,5933855,製造業,tag,2026-03-31,S100YEHI
975,760,-215,7182,株式会社ゆうちょ銀行,銀行業,上場,45.8,21.0,7295000.0,6157233,0.844,10659.0,10771.0,0.9896,,6405852,金融業・保険業,tag,2026-03-31,S100Y9G1
976,851,-125,6798,ＳＭＫ株式会社,電気機器,上場,45.3,19.1,7065919.0,6156014,0.8712,530.0,3626.0,0.1462,,6176996,製造業,tag,2026-03-31,S100YFRH
977,954,-23,7184,株式会社　富山第一銀行,銀行業,上場,39.8,16.6,6863000.0,6155272,0.8969,607.0,623.0,0.9743,,6115656,金融業・保険業,tag,2026-03-31,S100YCB2
978,999,21,7236,株式会社ティラド,輸送用機器,上場,41.4,18.0,6785945.0,6154245,0.9069,1525.0,4087.0,0.3731,,5908931,製造業,tag,2026-03-31,S100Y8UO
979,1224,245,3796,株式会社いい生活,情報・通信業,上場,35.6,7.8,6281000.0,6153527,0.9797,194.0,216.0,0.8981,,6181606,情報通信業,tag,2026-03-31,S100YF6G
980,697,-283,9987,株式会社スズケン,卸売業,上場,47.3,22.1,7448830.0,6153512,0.8261,2991.0,12717.0,0.2352,,6617501,卸売業・小売業,tag,2026-03-31,S100YFRU
981,1089,108,1420,サンヨーホームズ株式会社,建設業,上場,42.5,13.7,6600371.0,6152061,0.9321,339.0,789.0,0.4297,,5705510,建設業,tag,2026-03-31,S100YGLY
982,1101,119,6145,ＮＩＴＴＯＫＵ株式会社,機械,上場,38.6,11.9,6576375.0,6150881,0.9353,536.0,1235.0,0.434,,6006567,製造業,tag,2026-03-31,S100YKQX
983,968,-15,4216,旭有機材株式会社,化学,上場,42.1,16.1,6833000.0,6150494,0.9001,899.0,1748.0,0.5143,,5917142,製造業,tag,2026-03-31,S100YDDN
984,1107,123,9932,杉本商事株式会社,卸売業,上場,38.9,13.5,6567093.0,6149742,0.9364,491.0,592.0,0.8294,,5958602,卸売業・小売業,tag,2026-03-31,S100YBJ3
985,878,-107,2359,株式会社コア,情報・通信業,上場,40.6,15.6,7006000.0,6148985,0.8777,1013.0,1444.0,0.7015,,6161097,情報通信業,tag,2026-03-31,S100YE3S
986,990,4,4719,株式会社アルファシステムズ,情報・通信業,上場,38.9,15.7,6799927.0,6147289,0.904,2987.0,,,,6169862,情報通信業,tag,2026-03-31,S100YK7V
987,1051,64,9044,株式会社ＮＡＮＫＡＩ,陸運業,上場,45.2,22.6,6665128.0,6146179,0.9221,3000.0,9408.0,0.3189,,5821538,運輸業,tag,2026-03-31,S100YBA0
988,1114,126,9902,株式会社日伝,卸売業,上場,38.7,13.5,6542000.0,6146102,0.9395,928.0,1050.0,0.8838,,5961864,卸売業・小売業,tag,2026-03-31,S100YCBD
989,1039,50,6470,大豊工業株式会社,機械,上場,40.4,16.7,6697966.0,6141026,0.9168,1885.0,4089.0,0.461,,5907996,製造業,tag,2026-03-31,S100YF06
990,1097,107,8850,スターツコーポレーション株式会社,不動産業,上場,37.47,14.64,6581708.0,6140504,0.933,155.0,4715.0,0.0329,本社のみ,6174290,不動産業,tag,2026-03-31,S100YKTS
991,908,-83,7727,株式会社オーバル,精密機器,上場,43.9,16.6,6949000.0,6140374,0.8836,399.0,678.0,0.5885,,6014443,製造業,tag,2026-03-31,S100YDYH
992,871,-121,6140,旭ダイヤモンド工業株式会社,機械,上場,44.9,20.97,7019000.0,6139770,0.8747,1016.0,2040.0,0.498,,6115150,製造業,tag,2026-03-31,S100YJMM
993,1053,60,6820,アイコム株式会社,電気機器,上場,40.0,15.0,6665000.0,6137707,0.9209,639.0,1063.0,0.6011,,5917966,製造業,tag,2026-03-31,S100YGGJ
994,818,-176,8596,株式会社九州リースサービス,その他金融業,上場,42.4,14.0,7140964.0,6136295,0.8593,126.0,189.0,0.6667,,6174984,金融業・保険業,tag,2026-03-31,S100YHO7
995,1075,80,,東京臨海高速鉄道株式会社,陸運業,非上場,42.4,8.2,6635000.0,6135002,0.9246,308.0,,,,5737463,運輸業,textblock,2026-03-31,S100YKF7
996,1058,62,9380,東海運株式会社,倉庫・運輸関連,上場,47.2,13.7,6661376.0,6133582,0.9208,572.0,753.0,0.7596,,5914420,運輸業,tag,2026-03-31,S100YHD3
997,920,-77,6357,三精テクノロジーズ株式会社,機械,上場,43.7,16.1,6922000.0,6128985,0.8854,332.0,1405.0,0.2363,,5986090,製造業,tag,2026-03-31,S100YE8X
998,1248,250,7343,ブロードマインド株式会社,その他金融業,上場,35.7,6.9,6241116.0,6120949,0.9807,301.0,312.0,0.9647,,6126192,金融業・保険業,tag,2026-03-31,S100YKOR
999,966,-33,6516,山洋電気株式会社,電気機器,上場,42.6,16.4,6834000.0,6119686,0.8955,1169.0,3599.0,0.3248,,5905752,製造業,tag,2026-03-31,S100YCEQ
1000,975,-25,5356,美濃窯業株式会社,ガラス・土石製品,上場,42.5,16.7,6824000.0,6117037,0.8964,279.0,346.0,0.8064,,5898820,製造業,tag,2026-03-31,S100YG4G
1001,1045,44,6351,株式会社鶴見製作所,機械,上場,40.5,14.2,6679000.0,6116934,0.9158,925.0,1635.0,0.5657,,5882242,製造業,tag,2026-03-31,S100YKE5
1002,1025,23,6339,新東工業株式会社,機械,上場,41.0,16.6,6712000.0,6113693,0.9109,1662.0,4760.0,0.3492,,5870815,製造業,tag,2026-03-31,S100YE4V
1003,1047,44,4027,テイカ株式会社,化学,上場,40.5,17.0,6674000.0,6112355,0.9158,577.0,862.0,0.6694,,5877838,製造業,tag,2026-03-31,S100YHFP
1004,853,-151,9742,株式会社アイネス,情報・通信業,上場,41.45,17.29,7063658.0,6110541,0.8651,870.0,1204.0,0.7226,,6147714,情報通信業,tag,2026-03-31,S100YF4O
1005,807,-198,5013,株式会社ユシロ,石油・石炭製品,上場,47.5,17.9,7164000.0,6106064,0.8523,362.0,862.0,0.42,,6371370,製造業,tag,2026-03-31,S100YEVT
1006,1085,79,9048,名古屋鉄道株式会社,陸運業,上場,44.4,23.3,6614236.0,6103970,0.9229,5096.0,30637.0,0.1663,,5741052,運輸業,tag,2026-03-31,S100YHOL
1007,902,-105,5331,ノリタケ株式会社,ガラス・土石製品,上場,44.8,21.3,6971000.0,6103929,0.8756,1722.0,4901.0,0.3514,,6068466,製造業,tag,2026-03-31,S100Y4PM
1008,940,-68,6151,日東工器株式会社,機械,上場,43.7,16.3,6890000.0,6100651,0.8854,471.0,1032.0,0.4564,,5958417,製造業,tag,2026-03-31,S100YFFT
1009,1282,273,2488,ＪＴＰ株式会社,サービス業,上場,36.3,10.9,6183090.0,6099284,0.9864,459.0,,,,5974902,サービス業,tag,2026-03-31,S100YD1Z
1010,1041,31,6445,株式会社ジャノメ,機械,上場,41.0,14.3,6694033.0,6097327,0.9109,409.0,2424.0,0.1687,,5855100,製造業,tag,2026-03-31,S100YCOS
1011,780,-231,9832,株式会社オートバックスセブン,卸売業,上場,45.8,16.3,7237000.0,6095250,0.8422,820.0,5617.0,0.146,,6354921,卸売業・小売業,tag,2026-03-31,S100YF3G
1012,530,-482,3842,株式会社ネクストジェン,情報・通信業,上場,47.8,9.1,7867000.0,6090793,0.7742,148.0,148.0,1.0,,7006184,情報通信業,tag,2026-03-31,S100YD0G
1013,1019,6,6932,株式会社遠藤照明,電気機器,上場,41.6,12.8,6729000.0,6089398,0.9049,508.0,1648.0,0.3083,,5848308,製造業,tag,2026-03-31,S100YH7Z
1014,948,-66,4040,南海化学株式会社,化学,上場,43.7,8.2,6876000.0,6088255,0.8854,263.0,319.0,0.8245,,5946310,製造業,tag,2026-03-31,S100YI8M
1015,1027,12,7245,大同メタル工業株式会社,輸送用機器,上場,41.4,16.9,6712000.0,6087183,0.9069,1374.0,7267.0,0.1891,,5844543,製造業,tag,2026-03-31,S100YFV2
1016,977,-39,6652,ＩＤＥＣ株式会社,電気機器,上場,42.9,14.2,6816000.0,6084749,0.8927,530.0,3006.0,0.1763,,5887245,製造業,tag,2026-03-31,S100YEDS
1017,986,-31,8337,株式会社千葉興業銀行,銀行業,上場,40.0,15.0,6808000.0,6082995,0.8935,1225.0,1307.0,0.9373,,6044939,金融業・保険業,tag,2026-03-31,S100YDK0
1018,1022,4,6307,サンセイ株式会社,機械,上場,41.5,13.9,6714369.0,6082738,0.9059,190.0,228.0,0.8333,,5840919,製造業,tag,2026-03-31,S100YJ78
1019,937,-82,5262,日本ヒューム株式会社,ガラス・土石製品,上場,44.07,16.08,6895031.0,6082166,0.8821,458.0,701.0,0.6534,,5972825,製造業,tag,2026-03-31,S100YL8F
1020,1073,53,7463,株式会社アドヴァン,卸売業,上場,40.24,13.54,6635323.0,6081975,0.9166,114.0,217.0,0.5253,,5867723,卸売業・小売業,tag,2026-03-31,S100YM3U
1021,1125,104,4462,石原ケミカル株式会社,化学,上場,38.89,12.44,6522000.0,6080311,0.9323,243.0,292.0,0.8322,,5918965,製造業,tag,2026-03-31,S100YHRO
1022,822,-200,6946,日本アビオニクス株式会社,電気機器,上場,47.4,16.3,7124000.0,6078065,0.8532,667.0,763.0,0.8742,,6332467,製造業,tag,2026-03-31,S100YDXW
1023,1186,163,,日本貨物鉄道株式会社,陸運業,非上場,38.8,17.7,6384009.0,6077517,0.952,5147.0,7586.0,0.6785,,5805086,運輸業,textblock,2026-03-31,S100YLOZ
1024,1086,62,8393,株式会社宮崎銀行,銀行業,上場,38.5,15.3,6610000.0,6077387,0.9194,1248.0,1392.0,0.8966,,6050911,金融業・保険業,tag,2026-03-31,S100YGVF
1025,929,-96,6345,株式会社アイチコーポレーション,機械,上場,44.4,19.9,6912000.0,6076770,0.8792,940.0,1012.0,0.9289,,5999507,製造業,tag,2026-03-31,S100YBY2
1026,1139,113,9306,東陽倉庫株式会社,倉庫・運輸関連,上場,40.64,16.19,6485000.0,6071791,0.9363,285.0,721.0,0.3953,,5699632,運輸業,tag,2026-03-31,S100Y9SP
1027,916,-111,5210,日本山村硝子株式会社,ガラス・土石製品,上場,44.8,21.2,6931805.0,6069609,0.8756,773.0,1884.0,0.4103,,6034346,製造業,tag,2026-03-31,S100YHIJ
1028,1146,118,9312,ケイヒン株式会社,倉庫・運輸関連,上場,40.4,15.3,6468000.0,6068936,0.9383,302.0,917.0,0.3293,,5705152,運輸業,tag,2026-03-31,S100YHI4
1029,1004,-25,250A,シマダヤ株式会社,食料品,上場,42.5,17.9,6769000.0,6067735,0.8964,298.0,832.0,0.3582,,5851276,製造業,tag,2026-03-31,S100YCRS
1030,925,-105,8344,株式会社山形銀行,銀行業,上場,41.0,17.8,6917000.0,6066390,0.877,1059.0,1178.0,0.899,,6050123,金融業・保険業,tag,2026-03-31,S100YE2M
1031,907,-124,5949,ユニプレス株式会社,輸送用機器,上場,45.1,21.2,6949000.0,6066320,0.873,1759.0,6916.0,0.2543,,6064264,製造業,tag,2026-03-31,S100YCON
1032,896,-136,8346,株式会社東邦銀行,銀行業,上場,41.5,17.9,6979000.0,6064833,0.869,1856.0,2037.0,0.9111,,6071125,金融業・保険業,tag,2026-03-31,S100Y9W6
1033,974,-59,5981,東京製綱株式会社,金属製品,上場,43.4,15.5,6824297.0,6061010,0.8882,537.0,1430.0,0.3755,,5896461,製造業,tag,2026-03-31,S100YJJW
1034,1131,97,2814,佐藤食品工業株式会社,食料品,上場,39.0,16.3,6507000.0,6058900,0.9311,168.0,,,,5891434,製造業,tag,2026-03-31,S100YGVL
1035,843,-192,3848,株式会社データ・アプリケーション,情報・通信業,上場,42.1,11.1,7081000.0,6056190,0.8553,135.0,253.0,0.5336,,6131902,情報通信業,tag,2026-03-31,S100YBU2
1036,989,-47,5186,ニッタ株式会社,ゴム製品,上場,43.2,17.8,6803000.0,6054477,0.89,1104.0,2993.0,0.3689,,5876232,製造業,tag,2026-03-31,S100YGN5
1037,1018,-19,9735,セコム株式会社,サービス業,上場,44.5,18.0,6729386.0,6050609,0.8991,15991.0,65094.0,0.2457,,5845006,サービス業,tag,2026-03-31,S100YICV
1038,1141,103,2915,ケンコーマヨネーズ株式会社,食料品,上場,38.8,13.8,6479000.0,6046287,0.9332,604.0,964.0,0.6266,,5891463,製造業,tag,2026-03-31,S100YDV4
1039,935,-104,5351,品川リフラ株式会社,ガラス・土石製品,上場,44.7,17.3,6897613.0,6045765,0.8765,1301.0,9089.0,0.1431,,5999920,製造業,tag,2026-03-31,S100YFV6
1040,1102,62,3682,エンカレッジ・テクノロジ株式会社,情報・通信業,上場,38.0,6.3,6575000.0,6039946,0.9186,124.0,,,,6089257,情報通信業,tag,2026-03-31,S100YD54
1041,964,-77,7970,信越ポリマー株式会社,化学,上場,44.1,19.4,6844000.0,6035313,0.8818,1034.0,4123.0,0.2508,,5929590,製造業,tag,2026-03-31,S100YE3Y
1042,1221,179,4436,株式会社ミンカブ・ジ・インフォノイド,情報・通信業,上場,36.2,7.3,6283963.0,6033970,0.9602,236.0,236.0,1.0,,6088145,情報通信業,tag,2026-03-31,S100YJON
1043,1269,226,4687,ＴＤＣソフト株式会社,情報・通信業,上場,35.8,10.5,6200000.0,6033355,0.9731,2203.0,2473.0,0.8908,,6069860,情報通信業,tag,2026-03-31,S100YH3J
1044,969,-75,6743,大同信号株式会社,電気機器,上場,44.0,18.9,6833000.0,6031736,0.8827,530.0,917.0,0.578,,5916920,製造業,tag,2026-03-31,S100YEMV
1045,1026,-19,2469,ヒビノ株式会社,サービス業,上場,44.7,14.5,6712000.0,6028441,0.8982,653.0,1829.0,0.357,,5838464,サービス業,tag,2026-03-31,S100YG1N
1046,921,-125,7254,株式会社ユニバンス,輸送用機器,上場,45.4,21.4,6921000.0,6023715,0.8704,817.0,1512.0,0.5403,,6055663,製造業,tag,2026-03-31,S100YFXP
1047,698,-349,4761,株式会社さくらケーシーエス,情報・通信業,上場,44.8,20.9,7447000.0,6022377,0.8087,961.0,1056.0,0.91,,6482838,情報通信業,tag,2026-03-31,S100YEEF
1048,1191,143,6055,ジャパンマテリアル株式会社,サービス業,上場,39.5,7.2,6374052.0,6018225,0.9442,455.0,1646.0,0.2764,,5712360,サービス業,tag,2026-03-31,S100YHDN
1049,1032,-17,6890,株式会社フェローテック,電気機器,上場,42.4,10.4,6705000.0,6016575,0.8973,519.0,16858.0,0.0308,本社のみ,5797994,製造業,tag,2026-03-31,S100YJVG
1050,919,-131,3800,株式会社ユニリタ,情報・通信業,上場,41.2,13.1,6924000.0,6015139,0.8687,343.0,698.0,0.4914,,6041973,情報通信業,tag,2026-03-31,S100YDKQ
1051,1200,149,9322,川西倉庫株式会社,倉庫・運輸関連,上場,39.5,15.4,6355624.0,6012122,0.946,398.0,743.0,0.5357,,5695845,運輸業,tag,2026-03-31,S100YF5T
1052,927,-125,6996,ニチコン株式会社,電気機器,上場,45.5,8.9,6913636.0,6011283,0.8695,623.0,4982.0,0.1251,,6054621,製造業,tag,2026-03-31,S100YLMG
1053,1061,8,3388,明治電機工業株式会社,卸売業,上場,41.2,16.8,6655993.0,6009692,0.9029,550.0,709.0,0.7757,,5808107,卸売業・小売業,tag,2026-03-31,S100YKYA
1054,938,-116,4667,アイサンテクノロジー株式会社,情報・通信業,上場,41.0,12.5,6894000.0,6009473,0.8717,162.0,197.0,0.8223,,6030006,情報通信業,tag,2026-03-31,S100YBI7
1055,994,-61,,千寿製薬株式会社,医薬品,非上場,43.82,15.13,6794000.0,6008300,0.8844,1033.0,1080.0,0.9565,,5878196,製造業,textblock,2026-03-31,S100YKML
1056,1126,70,9031,西日本鉄道株式会社,陸運業,上場,46.3,18.0,6519510.0,6005514,0.9212,5009.0,19505.0,0.2568,,5750047,運輸業,tag,2026-03-31,S100YAAB
1057,971,-86,5363,東京窯業株式会社,ガラス・土石製品,上場,44.4,17.0,6830000.0,6004679,0.8792,400.0,927.0,0.4315,,5928332,製造業,tag,2026-03-31,S100YI3M
1058,1405,347,9989,株式会社サンドラッグ,小売業,上場,34.0,8.0,5895373.0,6000645,1.0179,4622.0,7457.0,0.6198,,6058473,卸売業・小売業,tag,2026-03-31,S100YL7Q
1059,982,-77,5355,日本坩堝株式会社,ガラス・土石製品,上場,44.2,15.2,6811155.0,6000257,0.8809,183.0,259.0,0.7066,,5904514,製造業,tag,2026-03-31,S100YINX
1060,1005,-55,8584,株式会社ジャックス,その他金融業,上場,40.4,15.5,6765000.0,5999478,0.8868,2676.0,5532.0,0.4837,,5967124,金融業・保険業,tag,2026-03-31,S100YEIM
1061,827,-234,6863,株式会社ニレコ,電気機器,上場,48.6,18.8,7115000.0,5998152,0.843,294.0,533.0,0.5516,,6350900,製造業,tag,2026-03-31,S100YFWS
1062,1083,21,6976,太陽誘電株式会社,電気機器,上場,41.5,16.4,6616000.0,5993622,0.9059,2803.0,20604.0,0.136,,5755346,製造業,tag,2026-03-31,S100YHU5
1063,1109,46,8541,株式会社　愛媛銀行,銀行業,上場,38.8,15.8,6556000.0,5992973,0.9141,1277.0,1350.0,0.9459,,5961480,金融業・保険業,tag,2026-03-31,S100YENS
1064,910,-154,9888,株式会社ＵＥＸ,卸売業,上場,44.2,16.8,6947960.0,5991999,0.8624,296.0,518.0,0.5714,,6023109,卸売業・小売業,tag,2026-03-31,S100YDU2
1065,1408,343,300A,ＭＩＣ株式会社,サービス業,上場,33.2,6.8,5877000.0,5990978,1.0194,361.0,,,,6179788,サービス業,tag,2026-03-31,S100YFMQ
1066,1171,105,7906,ヨネックス株式会社,その他製品,上場,38.7,13.3,6412452.0,5990866,0.9343,1467.0,2980.0,0.4923,,5843804,製造業,tag,2026-03-31,S100YCTQ
1067,1087,20,6923,スタンレー電気株式会社,電気機器,上場,41.4,15.5,6605000.0,5990144,0.9069,4021.0,18230.0,0.2206,,5751372,製造業,tag,2026-03-31,S100YERJ
1068,1156,88,3352,株式会社バッファロー,小売業,上場,39.5,12.0,6453000.0,5984888,0.9275,261.0,336.0,0.7768,,5783112,卸売業・小売業,tag,2026-03-31,S100YDDM
1069,1228,159,4662,株式会社フォーカスシステムズ,情報・通信業,上場,36.39,10.75,6272000.0,5984785,0.9542,1434.0,,,,6046730,情報通信業,tag,2026-03-31,S100YFP2
1070,995,-75,4531,有機合成薬品工業株式会社,医薬品,上場,44.2,17.3,6793000.0,5984264,0.8809,296.0,,,,5888775,製造業,tag,2026-03-31,S100YHPD
1071,1014,-57,4624,イサム塗料株式会社,化学,上場,43.4,17.2,6737000.0,5983477,0.8882,206.0,213.0,0.9671,,5821032,製造業,tag,2026-03-31,S100YJCY
1072,1129,57,5122,オカモト株式会社,ゴム製品,上場,40.2,16.1,6510000.0,5981801,0.9189,1134.0,2593.0,0.4373,,5760690,製造業,tag,2026-03-31,S100YHXH
1073,1074,1,7417,株式会社南陽,卸売業,上場,41.3,12.5,6635000.0,5981421,0.9015,158.0,521.0,0.3033,,5783466,卸売業・小売業,tag,2026-03-31,S100YCGG
1074,1071,-3,6018,阪神内燃機工業株式会社,輸送用機器,上場,42.0,19.0,6637704.0,5980902,0.901,302.0,,,,5751487,製造業,tag,2026-03-31,S100YJVP
1075,1070,-5,9445,株式会社フォーバルテレコム,情報・通信業,上場,39.1,7.0,6637912.0,5979704,0.9008,102.0,197.0,0.5178,,5997278,情報通信業,tag,2026-03-31,S100YJ9I
1076,1132,56,5621,株式会社ヒューマンテクノロジーズ,情報・通信業,上場,38.0,4.4,6506000.0,5976561,0.9186,323.0,336.0,0.9613,,6025355,情報通信業,tag,2026-03-31,S100YL5B
1077,1066,-11,3837,アドソル日進株式会社,情報・通信業,上場,39.2,12.4,6645344.0,5975883,0.8993,640.0,645.0,0.9922,,5991517,情報通信業,tag,2026-03-31,S100YFRS
1078,762,-316,9882,株式会社イエローハット,卸売業,上場,48.4,21.0,7285000.0,5975653,0.8203,137.0,4176.0,0.0328,本社のみ,6499996,卸売業・小売業,tag,2026-03-31,S100YC2P
1079,1152,73,3553,共和レザー株式会社,化学,上場,39.7,15.7,6465000.0,5973255,0.9239,708.0,1393.0,0.5083,,5771700,製造業,tag,2026-03-31,S100YDOG
1080,1040,-40,7276,株式会社小糸製作所,電気機器,上場,43.0,20.0,6695431.0,5970979,0.8918,4247.0,21507.0,0.1975,,5782836,製造業,tag,2026-03-31,S100YHHQ
1081,1108,27,2003,日東富士製粉株式会社,食料品,上場,41.1,16.0,6561419.0,5970035,0.9099,406.0,799.0,0.5081,,5732174,製造業,tag,2026-03-31,S100YK99
1082,1015,-67,6617,株式会社東光高岳,電気機器,上場,43.7,19.1,6737000.0,5965180,0.8854,1887.0,2614.0,0.7219,,5826104,製造業,tag,2026-03-31,S100YL24
1083,877,-206,,東工コーセン株式会社,卸売業,非上場,45.1,14.9,7009000.0,5964270,0.8509,154.0,1117.0,0.1379,,6116625,卸売業・小売業,textblock,2026-03-31,S100YD0U
1084,1104,20,4628,エスケー化研株式会社,化学,上場,41.3,14.5,6569000.0,5963960,0.9079,1719.0,2404.0,0.7151,,5725937,製造業,tag,2026-03-31,S100YJ5K
1085,1142,57,4783,ＮＣＤ株式会社,情報・通信業,上場,37.9,10.6,6477000.0,5960617,0.9203,836.0,1529.0,0.5468,,6012834,情報通信業,tag,2026-03-31,S100YEMH
1086,1006,-80,8550,株式会社　栃木銀行,銀行業,上場,40.8,18.1,6762000.0,5952409,0.8803,1283.0,1501.0,0.8548,,5929866,金融業・保険業,tag,2026-03-31,S100YE6L
1087,1052,-35,7991,マミヤ・オーピー株式会社,機械,上場,42.9,14.1,6665060.0,5950002,0.8927,134.0,1504.0,0.0891,本社のみ,5756872,製造業,tag,2026-03-31,S100YJ8W
1088,847,-241,,株式会社日産フィナンシャルサービス,その他金融業,非上場,46.5,13.5,7073000.0,5948089,0.841,678.0,,,,6248536,金融業・保険業,textblock,2026-03-31,S100YNAF
1089,1110,21,9536,西部ガスホールディングス株式会社,電気・ガス業,上場,41.5,13.8,6555364.0,5942593,0.9065,160.0,3725.0,0.043,本社のみ,5702598,電気・ガス業,tag,2026-03-31,S100YE54
1090,1241,151,2928,ＲＩＺＡＰグループ株式会社,小売業,上場,38.0,6.5,6252000.0,5941055,0.9503,157.0,4204.0,0.0373,本社のみ,5790119,卸売業・小売業,tag,2026-03-31,S100YF9Y
1091,1173,82,6994,株式会社指月電機製作所,電気機器,上場,39.4,12.2,6407907.0,5940185,0.927,275.0,1166.0,0.2358,,5754049,製造業,tag,2026-03-31,S100YKEP
1092,1072,-20,1826,佐田建設株式会社,建設業,上場,45.1,21.5,6636000.0,5935891,0.8945,385.0,463.0,0.8315,,5791115,建設業,tag,2026-03-31,S100YILD
1093,997,-96,8343,株式会社秋田銀行,銀行業,上場,41.2,18.3,6787000.0,5930499,0.8738,1126.0,1175.0,0.9583,,5922425,金融業・保険業,tag,2026-03-31,S100YATN
1094,1033,-61,2108,日本甜菜製糖株式会社,食料品,上場,43.8,18.9,6704520.0,5930376,0.8845,635.0,771.0,0.8236,,5800289,製造業,tag,2026-03-31,S100YEPB
1095,1169,74,6855,日本電子材料株式会社,電気機器,上場,39.7,12.6,6417000.0,5928906,0.9239,842.0,1234.0,0.6823,,5728847,製造業,tag,2026-03-31,S100YHWG
1096,1215,119,9307,株式会社杉村倉庫,倉庫・運輸関連,上場,40.0,12.0,6296000.0,5928861,0.9417,101.0,377.0,0.2679,,5590325,運輸業,tag,2026-03-31,S100YEZX
1097,1196,99,,株式会社西京銀行,銀行業,非上場,37.9,14.0,6372000.0,5927333,0.9302,600.0,605.0,0.9917,,5915359,金融業・保険業,textblock,2026-03-31,S100YCB1
1098,1088,-10,5936,東洋シヤッター株式会社,金属製品,上場,42.4,16.2,6604000.0,5925945,0.8973,524.0,543.0,0.965,,5710656,製造業,tag,2026-03-31,S100YKHR
1099,1096,-3,7480,スズデン株式会社,卸売業,上場,41.4,16.7,6582000.0,5924428,0.9001,307.0,336.0,0.9137,,5731344,卸売業・小売業,tag,2026-03-31,S100YG54
1100,1154,54,8228,株式会社マルイチ産商,卸売業,上場,40.2,15.6,6458657.0,5923789,0.9172,514.0,1227.0,0.4189,,5715257,卸売業・小売業,tag,2026-03-31,S100YFT2
1101,1163,62,6998,日本タングステン株式会社,電気機器,上場,40.0,16.4,6432167.0,5923294,0.9209,413.0,493.0,0.8377,,5711230,製造業,tag,2026-03-31,S100YIQP
1102,1334,232,4169,ＥＮＥＣＨＡＮＧＥ株式会社,サービス業,上場,37.0,2.7,6046771.0,5921595,0.9793,191.0,191.0,1.0,,5739431,サービス業,tag,2026-03-31,S100YGHR
1103,1254,151,,株式会社　ニュー・オータニ,サービス業,非上場,39.08,15.95,6233683.0,5921371,0.9499,1480.0,2174.0,0.6808,,5634428,サービス業,textblock,2026-03-31,S100YMI8
1104,1210,106,7780,株式会社メニコン,精密機器,上場,38.37,12.0,6314000.0,5920706,0.9377,1946.0,4493.0,0.4331,,5797134,製造業,tag,2026-03-31,S100YIHS
1105,1116,11,9761,東海リース株式会社,サービス業,上場,43.3,14.8,6540859.0,5919605,0.905,431.0,590.0,0.7305,,5650523,サービス業,tag,2026-03-31,S100YJ2Z
1106,1662,556,2317,株式会社システナ,情報・通信業,上場,31.2,6.3,5194782.0,5919305,1.1395,3856.0,5301.0,0.7274,,5850687,情報通信業,tag,2026-03-31,S100YFPF
1107,1176,69,9142,九州旅客鉄道株式会社,陸運業,上場,42.5,13.4,6399403.0,5916585,0.9246,6483.0,15365.0,0.4219,,5531788,運輸業,tag,2026-03-31,S100Y6HR
1108,1112,4,4078,堺化学工業株式会社,化学,上場,41.7,16.5,6544836.0,5916340,0.904,769.0,1942.0,0.396,,5683407,製造業,tag,2026-03-31,S100YICQ
1109,1201,92,2440,株式会社ぐるなび,サービス業,上場,40.5,10.0,6355000.0,5915374,0.9308,745.0,777.0,0.9588,,5596893,サービス業,tag,2026-03-31,S100YJQU
1110,1189,79,3773,株式会社アドバンスト・メディア,情報・通信業,上場,37.5,7.49,6379000.0,5912948,0.9269,253.0,286.0,0.8846,,5979708,情報通信業,tag,2026-03-31,S100YGKZ
1111,1105,-6,6797,名古屋電機工業株式会社,電気機器,上場,42.1,16.7,6568569.0,5912475,0.9001,385.0,409.0,0.9413,,5688154,製造業,tag,2026-03-31,S100YEDT
1112,1084,-28,7256,河西工業株式会社,輸送用機器,上場,42.8,13.6,6616000.0,5912282,0.8936,648.0,7358.0,0.0881,本社のみ,5715104,製造業,tag,2026-03-31,S100YNJP
1113,1493,380,3963,株式会社シンクロ・フード,情報・通信業,上場,33.7,5.16,5642000.0,5907133,1.047,202.0,258.0,0.7829,,5847280,情報通信業,tag,2026-03-31,S100YGE7
1114,1535,421,3679,株式会社じげん,情報・通信業,上場,33.2,4.0,5540000.0,5907106,1.0663,226.0,1350.0,0.1674,,5825426,情報通信業,tag,2026-03-31,S100YERG
1115,1079,-36,6584,三櫻工業株式会社,輸送用機器,上場,43.0,16.0,6622792.0,5906199,0.8918,1179.0,7697.0,0.1532,,5720098,製造業,tag,2026-03-31,S100YL53
1116,1328,212,1491,中外鉱業株式会社,非鉄金属,上場,36.0,8.0,6053518.0,5905724,0.9756,150.0,163.0,0.9202,,5895505,製造業,tag,2026-03-31,S100YKQY
1117,951,-166,6513,株式会社オリジン,電気機器,上場,46.6,18.9,6866000.0,5904847,0.86,575.0,1066.0,0.5394,,6070492,製造業,tag,2026-03-31,S100YJF6
1118,1119,1,5603,虹技株式会社,鉄鋼,上場,41.7,18.0,6532000.0,5904736,0.904,479.0,766.0,0.6253,,5672260,製造業,tag,2026-03-31,S100YJMF
1119,1118,-1,4345,株式会社シーティーエス,サービス業,上場,43.8,11.2,6535342.0,5898520,0.9026,257.0,286.0,0.8986,,5653928,サービス業,tag,2026-03-31,S100YDWN
1120,1438,318,6069,トレンダーズ株式会社,サービス業,上場,33.3,5.5,5786000.0,5891865,1.0183,204.0,277.0,0.7365,,6066179,サービス業,tag,2026-03-31,S100YNGH
1121,936,-185,7722,国際計測器株式会社,精密機器,上場,47.3,17.8,6896000.0,5889450,0.854,154.0,296.0,0.5203,,6126369,製造業,tag,2026-03-31,S100YJ8C
1122,1117,-5,6485,前澤給装工業株式会社,機械,上場,42.1,17.3,6538481.0,5885392,0.9001,426.0,,,,5662099,製造業,tag,2026-03-31,S100YIVJ
1123,1090,-33,6850,株式会社チノー,電気機器,上場,43.01,18.32,6599855.0,5885140,0.8917,693.0,1125.0,0.616,,5700279,製造業,tag,2026-03-31,S100YJHF
1124,1172,48,6137,小池酸素工業株式会社,機械,上場,40.3,13.8,6408431.0,5882013,0.9179,356.0,1085.0,0.3281,,5661565,製造業,tag,2026-03-31,S100YKGK
1125,996,-129,5695,パウダーテック株式会社,鉄鋼,上場,45.9,17.7,6792042.0,5882008,0.866,227.0,262.0,0.8664,,5969540,製造業,tag,2026-03-31,S100YCVX
1126,1184,58,6568,神戸天然物化学株式会社,サービス業,上場,41.3,11.9,6386000.0,5877725,0.9204,340.0,,,,5566423,サービス業,tag,2026-03-31,S100YACF
1127,1134,7,3936,株式会社グローバルウェイ,情報・通信業,上場,38.9,4.4,6498000.0,5874340,0.904,120.0,153.0,0.7843,,5895911,情報通信業,tag,2026-03-31,S100YIGW
1128,1031,-97,4022,ラサ工業株式会社,化学,上場,44.8,19.8,6708649.0,5874210,0.8756,453.0,631.0,0.7179,,5840082,製造業,tag,2026-03-31,S100YD99
1129,1760,631,7047,ポート株式会社,情報・通信業,上場,28.9,3.1,4837000.0,5873815,1.2144,754.0,1032.0,0.7306,,6172988,情報通信業,tag,2026-03-31,S100YDYD
1130,1095,-35,9682,株式会社ＤＴＳ,情報・通信業,上場,39.7,15.1,6587000.0,5871843,0.8914,3199.0,6135.0,0.5214,,5880617,情報通信業,tag,2026-03-31,S100YCT4
1131,1235,104,7932,株式会社ニッピ,その他製品,上場,38.38,14.69,6262290.0,5871559,0.9376,466.0,630.0,0.7397,,5748335,製造業,tag,2026-03-31,S100YIZ2
1132,1016,-116,5161,西川ゴム工業株式会社,ゴム製品,上場,45.3,20.7,6734000.0,5866838,0.8712,1384.0,6294.0,0.2199,,5886834,製造業,tag,2026-03-31,S100YIPC
1133,1007,-126,8283,株式会社ＰＡＬＴＡＣ,卸売業,上場,43.8,17.5,6761779.0,5866570,0.8676,2363.0,,,,5849826,卸売業・小売業,tag,2026-03-31,S100YDG4
1134,1232,98,6676,株式会社バッファロー,電気機器,上場,38.5,12.9,6265000.0,5866210,0.9363,611.0,963.0,0.6345,,5735092,製造業,tag,2026-03-31,S100YGR6
1135,1036,-99,2750,石光商事株式会社,卸売業,上場,43.2,12.2,6700000.0,5865986,0.8755,242.0,476.0,0.5084,,5787264,卸売業・小売業,tag,2026-03-31,S100YEZP
1136,1098,-38,6337,株式会社テセック,機械,上場,43.1,18.0,6581617.0,5863459,0.8909,172.0,211.0,0.8152,,5684606,製造業,tag,2026-03-31,S100YHSE
1137,1182,45,7294,株式会社ヨロズ,輸送用機器,上場,40.3,12.5,6387000.0,5862342,0.9179,445.0,5405.0,0.0823,本社のみ,5642632,製造業,tag,2026-03-31,S100YGY8
1138,1425,287,331A,株式会社メディックス,サービス業,上場,34.6,8.1,5831000.0,5855757,1.0042,268.0,343.0,0.7813,,5894249,サービス業,tag,2026-03-31,S100YHLO
1139,1256,117,2226,株式会社湖池屋,食料品,上場,38.3,10.0,6232000.0,5848402,0.9384,784.0,1172.0,0.6689,,5731095,製造業,tag,2026-03-31,S100YDGW
1140,911,-229,6803,ティアック株式会社,電気機器,上場,48.7,19.8,6942133.0,5846623,0.8422,225.0,524.0,0.4294,,6197672,製造業,tag,2026-03-31,S100YG7Z
1141,1285,144,8275,株式会社フォーバル,卸売業,上場,38.3,11.4,6177892.0,5841902,0.9456,793.0,2530.0,0.3134,,5681336,卸売業・小売業,tag,2026-03-31,S100YEZW
1142,1028,-114,5208,株式会社有沢製作所,化学,上場,45.4,21.0,6711000.0,5840941,0.8704,641.0,1583.0,0.4049,,5871919,製造業,tag,2026-03-31,S100YCDM
1143,1239,96,7482,株式会社シモジマ,卸売業,上場,39.1,15.2,6253000.0,5836752,0.9334,655.0,867.0,0.7555,,5649515,卸売業・小売業,tag,2026-03-31,S100YIAX
1144,1204,60,7749,メディキット株式会社,精密機器,上場,40.1,13.7,6344778.0,5836395,0.9199,179.0,994.0,0.1801,,5623923,製造業,tag,2026-03-31,S100YI2W
1145,1167,22,4341,西菱電機株式会社,サービス業,上場,42.5,15.6,6420000.0,5835699,0.909,418.0,606.0,0.6898,,5549593,サービス業,tag,2026-03-31,S100YFFX
1146,957,-189,7670,オーウエル株式会社,卸売業,上場,45.1,15.9,6857000.0,5834926,0.8509,370.0,618.0,0.5987,,5983978,卸売業・小売業,tag,2026-03-31,S100YFWA
1147,1153,6,4998,フマキラー株式会社,化学,上場,41.8,14.3,6461298.0,5834519,0.903,241.0,2529.0,0.0953,本社のみ,5606436,製造業,tag,2026-03-31,S100YGPK
1148,1113,-35,5852,株式会社アーレスティ,非鉄金属,上場,43.0,19.0,6542118.0,5834254,0.8918,845.0,5190.0,0.1628,,5650420,製造業,tag,2026-03-31,S100YIGS
1149,1147,-2,6382,トリニティ工業株式会社,機械,上場,41.9,16.6,6467000.0,5833372,0.902,781.0,957.0,0.8161,,5607302,製造業,tag,2026-03-31,S100YE9T
1150,1063,-87,1832,株式会社北海電工,建設業,上場,46.4,21.7,6651711.0,5832369,0.8768,1665.0,1794.0,0.9281,,5871555,建設業,tag,2026-03-31,S100YH4H
1151,1381,230,3179,シュッピン株式会社,小売業,上場,36.0,7.3,5934401.0,5832086,0.9828,260.0,,,,5779497,卸売業・小売業,tag,2026-03-31,S100YHC7
1152,1020,-132,6493,株式会社ＮＩＴＴＡＮ,輸送用機器,上場,45.8,20.0,6726921.0,5831426,0.8669,660.0,2503.0,0.2637,,5907013,製造業,tag,2026-03-31,S100YIJ0
1153,1029,-124,7914,共同印刷株式会社,その他製品,上場,45.6,16.3,6711000.0,5829259,0.8686,1912.0,3136.0,0.6097,,5882441,製造業,tag,2026-03-31,S100YF86
1154,1124,-30,3002,グンゼ株式会社,繊維製品,上場,42.8,19.1,6522406.0,5828643,0.8936,1299.0,4102.0,0.3167,,5634255,製造業,tag,2026-03-31,S100YGEM
1155,1133,-22,8848,株式会社レオパレス２１,不動産業,上場,41.0,13.0,6501618.0,5828093,0.8964,2952.0,4150.0,0.7113,,5686799,不動産業,tag,2026-03-31,S100YEPX
1156,1178,22,2916,仙波糖化工業株式会社,食料品,上場,41.0,16.0,6398131.0,5827802,0.9109,317.0,491.0,0.6456,,5596282,製造業,tag,2026-03-31,S100YKFH
1157,1151,-6,7775,大研医器株式会社,精密機器,上場,42.0,12.0,6465000.0,5825287,0.901,185.0,,,,5601841,製造業,tag,2026-03-31,S100YCII
1158,1135,-23,4224,ロンシール工業株式会社,化学,上場,42.5,17.3,6497000.0,5823914,0.8964,365.0,419.0,0.8711,,5616153,製造業,tag,2026-03-31,S100YGGD
1159,1179,20,8399,株式会社琉球銀行,銀行業,上場,39.0,15.0,6395000.0,5823408,0.9106,1407.0,1802.0,0.7808,,5790029,金融業・保険業,tag,2026-03-31,S100YCM2
1160,1011,-149,7616,株式会社　コロワイド,小売業,上場,44.1,14.2,6742000.0,5823096,0.8637,149.0,5907.0,0.0252,本社のみ,5841218,卸売業・小売業,tag,2026-03-31,S100YG3O
1161,1069,-92,7284,盟和産業株式会社,輸送用機器,上場,44.7,21.2,6639976.0,5819945,0.8765,189.0,372.0,0.5081,,5775814,製造業,tag,2026-03-31,S100YIWC
1162,1158,-4,9625,株式会社セレスポ,サービス業,上場,43.9,18.1,6447220.0,5815820,0.9021,405.0,,,,5580146,サービス業,tag,2026-03-31,S100YF00
1163,1078,-85,8522,株式会社　名古屋銀行,銀行業,上場,41.0,17.0,6629000.0,5813807,0.877,1687.0,1926.0,0.8759,,5798217,金融業・保険業,tag,2026-03-31,S100YCZ0
1164,1150,-14,5945,天龍製鋸株式会社,金属製品,上場,42.2,18.4,6465343.0,5813535,0.8992,200.0,953.0,0.2099,,5595743,製造業,tag,2026-03-31,S100YJDZ
1165,1302,137,4718,株式会社早稲田アカデミー,サービス業,上場,39.0,9.0,6112860.0,5813314,0.951,1044.0,1109.0,0.9414,,5534579,サービス業,tag,2026-03-31,S100YHCO
1166,1121,-45,6257,株式会社藤商事,機械,上場,43.1,14.5,6525000.0,5813020,0.8909,473.0,473.0,1.0,,5635706,製造業,tag,2026-03-31,S100YK8S
1167,1155,-12,6482,ＹＵＳＨＩＮ株式会社,機械,上場,42.1,14.3,6457402.0,5812412,0.9001,474.0,803.0,0.5903,,5591887,製造業,tag,2026-03-31,S100YJC5
1168,1227,59,,株式会社リージョナルプラスウイングス,空運業,非上場,42.6,10.6,6280000.0,5805628,0.9245,353.0,2146.0,0.1645,,5427000,運輸業,textblock,2026-03-31,S100YL35
1169,943,-226,8713,フィデアホールディングス株式会社,銀行業,上場,46.25,22.25,6886000.0,5798381,0.8421,211.0,1376.0,0.1533,,6070703,金融業・保険業,tag,2026-03-31,S100YEQ9
1170,1326,156,9663,株式会社ナガワ,サービス業,上場,38.53,8.0,6055269.0,5797921,0.9575,552.0,,,,5539336,サービス業,tag,2026-03-31,S100YBEF
1171,1106,-65,3512,日本フエルト株式会社,繊維製品,上場,44.0,21.0,6567481.0,5797353,0.8827,391.0,541.0,0.7227,,5686998,製造業,tag,2026-03-31,S100YIXB
1172,1543,371,2130,株式会社メンバーズ,サービス業,上場,31.1,4.2,5520000.0,5797258,1.0502,2836.0,2866.0,0.9895,,6242900,サービス業,tag,2026-03-31,S100YDZP
1173,1263,90,7239,株式会社タチエス,輸送用機器,上場,38.9,14.6,6217000.0,5795321,0.9322,1264.0,8790.0,0.1438,,5640947,製造業,tag,2026-03-31,S100YLGY
1174,991,-183,3864,三菱製紙株式会社,パルプ・紙,上場,47.52,24.18,6799154.0,5793935,0.8522,888.0,2513.0,0.3534,,6047502,製造業,tag,2026-03-31,S100YJLB
1175,1382,207,9204,スカイマーク株式会社,空運業,上場,36.5,9.0,5932000.0,5787924,0.9757,2738.0,,,,5702749,運輸業,tag,2026-03-31,S100YJR8
1176,1064,-112,6384,株式会社昭和真空,機械,上場,45.4,19.9,6648000.0,5786109,0.8704,175.0,215.0,0.814,,5816796,製造業,tag,2026-03-31,S100YKGJ
1177,1188,11,6118,アイダエンジニアリング株式会社,機械,上場,41.4,15.6,6379000.0,5785182,0.9069,804.0,2042.0,0.3937,,5554580,製造業,tag,2026-03-31,S100YG50
1178,1111,-67,6566,株式会社要興業,サービス業,上場,47.35,12.1,6545000.0,5782826,0.8835,390.0,467.0,0.8351,,5816195,サービス業,tag,2026-03-31,S100YFRW
1179,1236,57,9368,キムラユニティー株式会社,倉庫・運輸関連,上場,43.6,17.0,6258514.0,5780164,0.9236,1688.0,2328.0,0.7251,,5410461,運輸業,tag,2026-03-31,S100YCXZ
1180,1157,-23,5985,サンコール株式会社,金属製品,上場,42.5,18.3,6447456.0,5779503,0.8964,493.0,1897.0,0.2599,,5573326,製造業,tag,2026-03-31,S100YKOJ
1181,1288,107,8876,株式会社リログループ,サービス業,上場,40.1,8.1,6164000.0,5770231,0.9361,126.0,3451.0,0.0365,本社のみ,5463683,サービス業,tag,2026-03-31,S100YE6Y
1182,1237,55,9311,アサガミ株式会社,倉庫・運輸関連,上場,48.0,19.0,6258000.0,5767930,0.9217,436.0,1444.0,0.3019,,5577396,運輸業,tag,2026-03-31,S100YIGL
1183,1044,-139,8030,中央魚類株式会社,卸売業,上場,44.2,14.8,6685089.0,5765296,0.8624,217.0,794.0,0.2733,,5795229,卸売業・小売業,tag,2026-03-31,S100YL2H
1184,1145,-39,5951,ダイニチ工業株式会社,金属製品,上場,43.1,20.8,6468473.0,5762661,0.8909,466.0,,,,5586883,製造業,tag,2026-03-31,S100YDWR
1185,1277,92,6358,酒井重工業株式会社,機械,上場,39.0,13.0,6188516.0,5762348,0.9311,317.0,618.0,0.5129,,5603078,製造業,tag,2026-03-31,S100YKE1
1186,1206,20,5976,高周波熱錬株式会社,金属製品,上場,41.1,14.3,6331000.0,5760384,0.9099,872.0,1651.0,0.5282,,5530876,製造業,tag,2026-03-31,S100YIP6
1187,1092,-95,6412,株式会社平和,機械,上場,45.1,18.5,6597192.0,5759200,0.873,513.0,9512.0,0.0539,本社のみ,5757248,製造業,tag,2026-03-31,S100YM5Z
1188,973,-215,6804,ホシデン株式会社,電気機器,上場,48.6,24.4,6826486.0,5754927,0.843,569.0,8465.0,0.0672,本社のみ,6093370,製造業,tag,2026-03-31,S100YI0D
1189,897,-292,6740,株式会社ジャパンディスプレイ,電気機器,上場,50.9,23.2,6979000.0,5752307,0.8242,1214.0,2333.0,0.5204,,6270450,製造業,tag,2026-03-31,S100YH91
1190,1197,7,4094,日本化学産業株式会社,化学,上場,41.8,16.3,6368726.0,5750927,0.903,391.0,454.0,0.8612,,5526111,製造業,tag,2026-03-31,S100YH9F
1191,1149,-42,5658,日亜鋼業株式会社,鉄鋼,上場,43.3,18.8,6466000.0,5748666,0.8891,354.0,827.0,0.4281,,5585854,製造業,tag,2026-03-31,S100YIXZ
1192,1605,413,3929,ソーシャルワイヤー株式会社,情報・通信業,上場,33.2,3.0,5390000.0,5747166,1.0663,105.0,153.0,0.6863,,5667697,情報通信業,tag,2026-03-31,S100YF9R
1193,1175,-18,3420,株式会社ケー・エフ・シー,金属製品,上場,42.4,14.0,6403066.0,5745641,0.8973,315.0,338.0,0.932,,5536903,製造業,tag,2026-03-31,S100YDJU
1194,1067,-127,5923,高田機工株式会社,金属製品,上場,46.0,18.0,6641116.0,5745575,0.8652,347.0,,,,5842082,製造業,tag,2026-03-31,S100YI9L
1195,1159,-36,4249,森六株式会社,化学,上場,43.0,16.9,6442564.0,5745472,0.8918,801.0,3873.0,0.2068,,5564435,製造業,tag,2026-03-31,S100YE00
1196,1060,-136,9867,ソレキア株式会社,卸売業,上場,44.2,20.4,6660914.0,5744448,0.8624,703.0,713.0,0.986,,5774272,卸売業・小売業,tag,2026-03-31,S100YKQM
1197,1351,154,7743,株式会社シード,精密機器,上場,36.8,12.8,6002763.0,5744017,0.9569,774.0,1048.0,0.7385,,5726629,製造業,tag,2026-03-31,S100YGWB
1198,942,-256,3648,ＡＧＳ株式会社,情報・通信業,上場,43.3,19.4,6887000.0,5743259,0.8339,846.0,1109.0,0.7628,,5949548,情報通信業,tag,2026-03-31,S100YEL6
1199,1024,-175,8614,東洋証券株式会社,証券、商品先物取引業,上場,43.3,17.7,6713000.0,5741040,0.8552,620.0,632.0,0.981,,5799232,金融業・保険業,tag,2026-03-31,S100YH08
1200,1166,-34,7208,株式会社カネミツ,輸送用機器,上場,42.8,18.0,6424000.0,5740704,0.8936,218.0,569.0,0.3831,,5549249,製造業,tag,2026-03-31,S100YE6U
1201,1566,365,3771,株式会社システムリサーチ,情報・通信業,上場,33.7,7.9,5481000.0,5738568,1.047,1548.0,1569.0,0.9866,,5680422,情報通信業,tag,2026-03-31,S100YHX1
1202,1199,-3,6197,株式会社ソラスト,サービス業,上場,44.0,12.2,6365000.0,5738532,0.9016,28220.0,33674.0,0.838,,5511663,サービス業,tag,2026-03-31,S100YGQU
1203,1056,-147,8089,ナイス株式会社,卸売業,上場,44.3,18.2,6661745.0,5736575,0.8611,1063.0,2827.0,0.376,,5778531,卸売業・小売業,tag,2026-03-31,S100YI3N
1204,1068,-136,7551,株式会社ウェッズ,卸売業,上場,44.1,15.0,6640000.0,5734998,0.8637,162.0,477.0,0.3396,,5752846,卸売業・小売業,tag,2026-03-31,S100YFMB
1205,1202,-3,6208,株式会社石川製作所,機械,上場,41.8,15.1,6349000.0,5733115,0.903,265.0,538.0,0.4926,,5508995,製造業,tag,2026-03-31,S100YDE9
1206,1160,-46,8395,株式会社佐賀銀行,銀行業,上場,40.2,17.8,6439000.0,5731749,0.8902,1129.0,1286.0,0.8779,,5697862,金融業・保険業,tag,2026-03-31,S100YH10
1207,1411,204,3954,昭和パックス株式会社,パルプ・紙,上場,36.0,13.0,5875176.0,5731736,0.9756,379.0,681.0,0.5565,,5721818,製造業,tag,2026-03-31,S100YK0Y
1208,1021,-187,7717,株式会社ブイ・テクノロジー,精密機器,上場,47.5,8.6,6724000.0,5731041,0.8523,246.0,1027.0,0.2395,,5980052,製造業,tag,2026-03-31,S100YITH
1209,1243,34,2922,株式会社なとり,食料品,上場,40.4,17.0,6247215.0,5727756,0.9168,583.0,815.0,0.7153,,5510407,製造業,tag,2026-03-31,S100YJ2U
1210,1046,-164,5237,株式会社ノザワ,ガラス・土石製品,上場,46.9,22.3,6679000.0,5727014,0.8575,311.0,332.0,0.9367,,5918376,製造業,tag,2026-03-31,S100YK4Z
1211,1220,9,7981,タカラスタンダード株式会社,その他製品,上場,41.0,14.0,6285000.0,5724756,0.9109,6445.0,6505.0,0.9908,,5497329,製造業,tag,2026-03-31,S100YE7H
1212,1057,-155,6771,池上通信機株式会社,電気機器,上場,46.7,21.3,6661526.0,5723330,0.8592,630.0,774.0,0.814,,5894256,製造業,tag,2026-03-31,S100YGW1
1213,1307,94,366A,ウェルネス・コミュニケーションズ株式会社,サービス業,上場,40.0,5.0,6105000.0,5723140,0.9375,128.0,263.0,0.4867,,5420733,サービス業,tag,2026-03-31,S100YKON
1214,1140,-74,4212,積水樹脂株式会社,化学,上場,44.0,17.4,6479323.0,5719533,0.8827,743.0,1621.0,0.4584,,5610660,製造業,tag,2026-03-31,S100YIY2
1215,1127,-88,8111,株式会社ゴールドウイン,繊維製品,上場,44.6,15.8,6518809.0,5719514,0.8774,1287.0,1536.0,0.8379,,5666172,製造業,tag,2026-03-31,S100YGJI
1216,984,-232,7521,株式会社ムサシ,卸売業,上場,46.0,20.0,6809331.0,5718330,0.8398,201.0,544.0,0.3695,,5990058,卸売業・小売業,tag,2026-03-31,S100YHDE
1217,1195,-22,2464,株式会社ＡｏｂａーＢＢＴ,サービス業,上場,44.9,9.1,6372000.0,5716876,0.8972,131.0,629.0,0.2083,,5551466,サービス業,tag,2026-03-31,S100YE51
1218,1641,423,9341,株式会社ＧＥＮＯＶＡ,サービス業,上場,29.4,3.6,5269000.0,5716425,1.0849,415.0,529.0,0.7845,,6506656,サービス業,tag,2026-03-31,S100YFQH
1219,1203,-16,4524,森下仁丹株式会社,医薬品,上場,42.1,13.3,6349000.0,5714837,0.9001,344.0,359.0,0.9582,,5498015,製造業,tag,2026-03-31,S100YE3I
1220,850,-370,,株式会社秋田放送,情報・通信業,非上場,44.8,20.2,7066332.0,5714532,0.8087,114.0,,,,6151455,情報通信業,textblock,2026-03-31,S100YB1X
1221,1177,-44,,トーハツ株式会社,輸送用機器,非上場,42.9,17.1,6399000.0,5712487,0.8927,455.0,497.0,0.9155,,5527065,製造業,textblock,2026-03-31,S100YHG9
1222,1324,102,1966,株式会社　高田工業所,建設業,上場,41.5,16.6,6059872.0,5712120,0.9426,1333.0,1666.0,0.8001,,5271563,建設業,tag,2026-03-31,S100YGU2
1223,1242,19,2207,株式会社ｍｅｉｔｏ,食料品,上場,40.7,16.5,6249000.0,5710617,0.9138,397.0,639.0,0.6213,,5487540,製造業,tag,2026-03-31,S100YHY5
1224,1161,-63,8769,株式会社アドバンテッジリスクマネジメント,保険業,上場,40.4,6.5,6439000.0,5710368,0.8868,450.0,535.0,0.8411,,5679573,金融業・保険業,tag,2026-03-31,S100YKPM
1225,1516,291,7694,株式会社いつも,サービス業,上場,33.0,4.3,5587000.0,5707653,1.0216,200.0,212.0,0.9434,,5910135,サービス業,tag,2026-03-31,S100YI9F
1226,1054,-172,8585,株式会社オリエントコーポレーション,その他金融業,上場,43.1,17.3,6663653.0,5704882,0.8561,3866.0,6411.0,0.603,,5755462,金融業・保険業,tag,2026-03-31,S100YCKH
1227,1180,-47,7971,東リ株式会社,化学,上場,43.0,17.0,6393000.0,5701271,0.8918,920.0,1940.0,0.4742,,5521627,製造業,tag,2026-03-31,S100YB1Q
1228,1128,-100,7555,株式会社大田花き,卸売業,上場,43.2,17.5,6511000.0,5700512,0.8755,176.0,186.0,0.9462,,5624011,卸売業・小売業,tag,2026-03-31,S100YLK4
1229,1271,42,8554,株式会社南日本銀行,銀行業,上場,38.5,15.5,6199000.0,5699504,0.9194,599.0,602.0,0.995,,5674674,金融業・保険業,tag,2026-03-31,S100YGBN
1230,1094,-136,9691,株式会社両毛システムズ,情報・通信業,上場,41.5,16.2,6590812.0,5696684,0.8643,759.0,1066.0,0.712,,5733435,情報通信業,tag,2026-03-31,S100YIGO
1231,1144,-87,5185,株式会社フコク,ゴム製品,上場,44.3,15.6,6471860.0,5695580,0.8801,1167.0,4401.0,0.2652,,5613821,製造業,tag,2026-03-31,S100YG75
1232,1257,25,6848,東亜ディーケーケー株式会社,電気機器,上場,40.7,14.0,6231082.0,5694243,0.9138,381.0,639.0,0.5962,,5471805,製造業,tag,2026-03-31,S100YFF9
1233,1244,11,5189,櫻護謨株式会社,ゴム製品,上場,41.0,16.5,6247000.0,5690143,0.9109,323.0,351.0,0.9202,,5464091,製造業,tag,2026-03-31,S100YIQ8
1234,1331,97,4661,株式会社オリエンタルランド,サービス業,上場,39.8,10.1,6051217.0,5688928,0.9401,6528.0,11207.0,0.5825,,5392272,サービス業,tag,2026-03-31,S100YCJX
1235,1261,26,2331,ＡＬＳＯＫ株式会社,サービス業,上場,41.8,18.3,6221418.0,5686479,0.914,11741.0,66949.0,0.1754,,5398293,サービス業,tag,2026-03-31,S100Y7EC
1236,1601,365,4849,エン株式会社,サービス業,上場,31.0,4.0,5401000.0,5682970,1.0522,2014.0,3191.0,0.6312,,6134381,サービス業,tag,2026-03-31,S100YGWT
1237,1259,22,4097,高圧ガス工業株式会社,化学,上場,40.8,14.2,6225000.0,5682478,0.9128,606.0,2005.0,0.3022,,5458949,製造業,tag,2026-03-31,S100YHRU
1238,1185,-53,3106,倉敷紡績株式会社,繊維製品,上場,43.2,17.8,6385000.0,5682468,0.89,1090.0,3714.0,0.2935,,5515176,製造業,tag,2026-03-31,S100YIYE
1239,1240,1,7844,株式会社マーベラス,情報・通信業,上場,38.6,9.1,6252418.0,5682433,0.9088,589.0,655.0,0.8992,,5710679,情報通信業,tag,2026-03-31,S100YGG0
1240,1272,32,4093,東邦アセチレン株式会社,化学,上場,40.4,16.1,6195000.0,5679882,0.9168,128.0,763.0,0.1678,,5464351,製造業,tag,2026-03-31,S100YL3N
1241,1308,67,2806,ユタカフーズ株式会社,食料品,上場,39.1,16.1,6102358.0,5675806,0.9301,271.0,,,,5513411,製造業,tag,2026-03-31,S100YHEX
1242,1229,-13,5941,株式会社　中西製作所,金属製品,上場,41.6,11.7,6271000.0,5674932,0.9049,669.0,,,,5450251,製造業,tag,2026-03-31,S100YJT1
1243,1049,-194,8253,株式会社クレディセゾン,その他金融業,上場,44.4,15.4,6668835.0,5670229,0.8503,3446.0,6346.0,0.543,,5788443,金融業・保険業,tag,2026-03-31,S100YCDE
1244,1245,1,4442,バルテス・ホールディングス株式会社,情報・通信業,上場,38.7,4.5,6246000.0,5666540,0.9072,104.0,864.0,0.1204,,5692113,情報通信業,tag,2026-03-31,S100YE1A
1245,1255,10,4611,大日本塗料株式会社,化学,上場,41.2,16.0,6233100.0,5665146,0.9089,710.0,2522.0,0.2815,,5439085,製造業,tag,2026-03-31,S100YHL6
1246,1205,-41,7686,株式会社ひとまいる,卸売業,上場,41.9,10.4,6341960.0,5664391,0.8932,230.0,2028.0,0.1134,,5498885,卸売業・小売業,tag,2026-03-31,S100YIAO
1247,1290,43,5697,株式会社サンユウ,鉄鋼,上場,40.2,16.1,6161065.0,5661177,0.9189,194.0,301.0,0.6445,,5451918,製造業,tag,2026-03-31,S100YGAZ
1248,1573,325,2335,株式会社キューブシステム,情報・通信業,上場,34.0,8.7,5458555.0,5653756,1.0358,704.0,938.0,0.7505,,5609570,情報通信業,tag,2026-03-31,S100YCVG
1249,1333,84,8370,株式会社紀陽銀行,銀行業,上場,37.66,14.41,6048000.0,5652483,0.9346,2125.0,2473.0,0.8593,,5647247,金融業・保険業,tag,2026-03-31,S100YE5S
1250,1115,-135,5918,瀧上工業株式会社,金属製品,上場,46.2,15.2,6541204.0,5647886,0.8634,312.0,488.0,0.6393,,5764258,製造業,tag,2026-03-31,S100YJYC
1251,1303,52,7774,株式会社ジャパン・ティッシュエンジニアリング,精密機器,上場,39.7,12.0,6112834.0,5647876,0.9239,200.0,,,,5457300,製造業,tag,2026-03-31,S100YDBW
1252,1093,-159,5845,全保連株式会社,その他金融業,上場,43.1,10.8,6594000.0,5645250,0.8561,575.0,,,,5695302,金融業・保険業,tag,2026-03-31,S100YEH1
1253,1231,-22,5368,日本インシュレーション株式会社,ガラス・土石製品,上場,42.1,13.9,6270000.0,5643728,0.9001,299.0,352.0,0.8494,,5429604,製造業,tag,2026-03-31,S100YG71
1254,1103,-151,8338,株式会社筑波銀行,銀行業,上場,42.5,19.6,6571000.0,5643516,0.8589,1207.0,1260.0,0.9579,,5680121,金融業・保険業,tag,2026-03-31,S100YDJN
1255,1222,-33,6488,株式会社ヨシタケ,機械,上場,42.3,16.0,6282549.0,5643328,0.8983,180.0,550.0,0.3273,,5434941,製造業,tag,2026-03-31,S100YDUY
1256,1190,-66,2286,林兼産業株式会社,食料品,上場,43.8,19.3,6378418.0,5641927,0.8845,310.0,462.0,0.671,,5518168,製造業,tag,2026-03-31,S100YJI4
1257,1339,82,7504,株式会社高速,卸売業,上場,38.99,10.59,6032887.0,5641284,0.9351,713.0,1147.0,0.6216,,5463335,卸売業・小売業,tag,2026-03-31,S100YEIF
1258,1387,129,173A,株式会社ハンモック,情報・通信業,上場,36.5,6.4,5928000.0,5636113,0.9508,218.0,,,,5698904,情報通信業,tag,2026-03-31,S100YEGK
1259,1100,-159,7931,未来工業株式会社,化学,上場,47.0,23.0,6577764.0,5634645,0.8566,845.0,1295.0,0.6525,,5832686,製造業,tag,2026-03-20,S100YBKG
1260,1217,-43,,株式会社タケエイ,サービス業,非上場,45.3,11.2,6292000.0,5632913,0.8953,748.0,1592.0,0.4698,,5500440,サービス業,tag,2026-03-31,S100YER0
1261,1130,-131,7297,株式会社カーメイト,輸送用機器,上場,46.0,18.7,6510000.0,5632140,0.8652,343.0,640.0,0.5359,,5726742,製造業,tag,2026-03-31,S100YKN6
1262,1208,-54,6918,株式会社アバールデータ,電気機器,上場,43.2,16.2,6328000.0,5631740,0.89,199.0,,,,5465941,製造業,tag,2026-03-31,S100Y38P
1263,1249,-14,5029,サークレイス株式会社,情報・通信業,上場,39.0,4.4,6240000.0,5631158,0.9024,300.0,370.0,0.8108,,5649692,情報通信業,tag,2026-03-31,S100YHBZ
1264,1283,19,4120,スガイ化学工業株式会社,化学,上場,41.0,18.0,6182000.0,5630937,0.9109,176.0,,,,5407238,製造業,tag,2026-03-31,S100YBHZ
1265,1329,64,4308,株式会社Ｊストリーム,情報・通信業,上場,37.3,7.9,6052478.0,5630673,0.9303,407.0,695.0,0.5856,,5701788,情報通信業,tag,2026-03-31,S100YH2T
1266,1468,202,3542,株式会社ベガコーポレーション,小売業,上場,35.8,5.7,5709000.0,5629984,0.9862,277.0,,,,5589167,卸売業・小売業,tag,2026-03-31,S100YIJ8
1267,1181,-86,4064,日本カーバイド工業株式会社,化学,上場,44.2,17.1,6389000.0,5628362,0.8809,533.0,3400.0,0.1568,,5538552,製造業,tag,2026-03-31,S100YJLD
1268,1138,-130,9739,ＮＳＷ株式会社,情報・通信業,上場,41.3,14.0,6487000.0,5625953,0.8673,2070.0,2536.0,0.8162,,5654461,情報通信業,tag,2026-03-31,S100YJ3Q
1269,1289,20,7458,株式会社第一興商,卸売業,上場,40.5,11.8,6162590.0,5625537,0.9129,2199.0,3694.0,0.5953,,5427436,卸売業・小売業,tag,2026-03-31,S100YK39
1270,1170,-100,7885,タカノ株式会社,その他製品,上場,44.7,16.0,6415858.0,5623506,0.8765,616.0,727.0,0.8473,,5580864,製造業,tag,2026-03-31,S100YITM
1271,1281,10,6997,日本ケミコン株式会社,電気機器,上場,41.2,17.4,6186000.0,5622338,0.9089,847.0,5348.0,0.1584,,5397985,製造業,tag,2026-03-31,S100YL3Z
1272,1048,-224,,むさし証券株式会社,証券、商品先物取引業,非上場,51.9,21.2,6672832.0,5621890,0.8425,287.0,,,,6059604,金融業・保険業,textblock,2026-03-31,S100YFBW
1273,1278,5,6763,帝国通信工業株式会社,電気機器,上場,41.3,17.9,6188000.0,5618052,0.9079,285.0,1678.0,0.1698,,5393834,製造業,tag,2026-03-31,S100YDZX
1274,1312,38,,北陸鉄道株式会社,陸運業,非上場,45.4,20.2,6092951.0,5617466,0.922,295.0,902.0,0.3271,,5331145,運輸業,textblock,2026-03-31,S100YMR2
1275,1192,-83,3880,大王製紙株式会社,パルプ・紙,上場,44.2,19.6,6372617.0,5613929,0.8809,2356.0,11639.0,0.2024,,5524350,製造業,tag,2026-03-31,S100YJ8D
1276,1427,151,9708,株式会社帝国ホテル,サービス業,上場,38.1,13.6,5822000.0,5609659,0.9635,1823.0,1899.0,0.96,,5379134,サービス業,tag,2026-03-31,S100YF3V
1277,1576,299,9687,株式会社ＫＳＫ,情報・通信業,上場,34.2,8.9,5454000.0,5608922,1.0284,2043.0,2709.0,0.7542,,5573860,情報通信業,tag,2026-03-31,S100YIFE
1278,1164,-114,3799,キーウェアソリューションズ株式会社,情報・通信業,上場,41.0,17.0,6427000.0,5602391,0.8717,759.0,1300.0,0.5838,,5621533,情報通信業,tag,2026-03-31,S100YI9M
1279,1362,83,3580,小松マテーレ株式会社,繊維製品,上場,38.5,15.9,5981496.0,5600752,0.9363,835.0,1227.0,0.6805,,5475567,製造業,tag,2026-03-31,S100YHIR
1280,1364,84,5464,モリ工業株式会社,鉄鋼,上場,38.5,17.0,5977656.0,5597157,0.9363,523.0,695.0,0.7525,,5472052,製造業,tag,2026-03-31,S100YEUF
1281,785,-496,3858,株式会社ユビキタスＡＩ,情報・通信業,上場,48.0,10.3,7229000.0,5596625,0.7742,106.0,199.0,0.5327,,6442792,情報通信業,tag,2026-03-31,S100YDYA
1282,1327,45,4299,株式会社ハイマックス,情報・通信業,上場,37.7,12.8,6055000.0,5592368,0.9236,881.0,967.0,0.9111,,5648281,情報通信業,tag,2026-03-31,S100YC5V
1283,1209,-74,8558,株式会社東和銀行,銀行業,上場,40.5,16.9,6317000.0,5591744,0.8852,1207.0,1232.0,0.9797,,5563426,金融業・保険業,tag,2026-03-31,S100YCZF
1284,1350,66,6286,靜甲株式会社,機械,上場,39.0,15.0,6005204.0,5591660,0.9311,428.0,892.0,0.4798,,5437108,製造業,tag,2026-03-31,S100YHL2
1285,1265,-20,5939,株式会社大谷工業,金属製品,上場,42.2,18.5,6213500.0,5587082,0.8992,179.0,,,,5377773,製造業,tag,2026-03-31,S100YKRJ
1286,1043,-243,7538,株式会社大水,卸売業,上場,46.4,20.1,6688810.0,5584550,0.8349,325.0,438.0,0.742,,5904303,卸売業・小売業,tag,2026-03-31,S100YM6T
1287,1297,10,7212,株式会社エフテック,輸送用機器,上場,41.17,18.17,6142335.0,5584472,0.9092,742.0,7300.0,0.1016,,5361700,製造業,tag,2026-03-31,S100YHFG
1288,1588,300,6539,株式会社ＭＳ－Ｊａｐａｎ,サービス業,上場,32.4,5.4,5431000.0,5584464,1.0283,210.0,251.0,0.8367,,5854437,サービス業,tag,2026-03-31,S100YEG1
1289,1214,-75,3513,イチカワ株式会社,繊維製品,上場,43.6,23.7,6300000.0,5583936,0.8863,523.0,639.0,0.8185,,5446325,製造業,tag,2026-03-31,S100YE5G
1290,1219,-71,,株式会社山田製作所,輸送用機器,非上場,43.5,18.5,6289295.0,5580142,0.8872,1250.0,2888.0,0.4328,,5435490,製造業,tag,2026-03-31,S100YDVP
1291,1262,-29,3434,株式会社アルファ,金属製品,上場,42.4,16.0,6218252.0,5579803,0.8973,403.0,4069.0,0.099,本社のみ,5377090,製造業,tag,2026-03-31,S100YGLQ
1292,1238,-54,7271,株式会社安永,輸送用機器,上場,43.0,19.0,6255434.0,5578590,0.8918,560.0,1706.0,0.3283,,5402811,製造業,tag,2026-03-31,S100YFR1
1293,1280,-13,5988,株式会社パイオラックス,金属製品,上場,42.0,16.2,6186246.0,5574116,0.901,582.0,2784.0,0.2091,,5360304,製造業,tag,2026-03-31,S100YDNF
1294,1521,227,7419,株式会社ノジマ,小売業,上場,35.0,9.0,5573000.0,5573000,1.0,2912.0,12112.0,0.2404,,5573000,卸売業・小売業,tag,2026-03-31,S100YAOT
1295,998,-297,8129,東邦ホールディングス株式会社,卸売業,上場,48.3,18.9,6786796.0,5570570,0.8208,199.0,7675.0,0.0259,本社のみ,6054031,卸売業・小売業,tag,2026-03-31,S100YHSN
1296,1341,45,9366,株式会社サンリツ,倉庫・運輸関連,上場,43.0,12.7,6023000.0,5565884,0.9241,404.0,456.0,0.886,,5202058,運輸業,tag,2026-03-31,S100YFGT
1297,1137,-160,3877,中越パルプ工業株式会社,パルプ・紙,上場,46.9,24.7,6489988.0,5564942,0.8575,778.0,1273.0,0.6112,,5750889,製造業,tag,2026-03-31,S100YJ03
1298,1484,186,7094,株式会社ＮｅｘＴｏｎｅ,サービス業,上場,36.8,6.3,5670000.0,5564142,0.9813,127.0,306.0,0.415,,5409174,サービス業,tag,2026-03-31,S100YHNA
1299,1321,22,3315,日本コークス工業株式会社,石油・石炭製品,上場,40.4,18.2,6066971.0,5562499,0.9168,465.0,983.0,0.473,,5351421,製造業,tag,2026-03-31,S100YK1Z
1300,1299,-1,2753,株式会社　あみやき亭,小売業,上場,40.9,8.0,6131000.0,5561665,0.9071,346.0,635.0,0.5449,,5369419,卸売業・小売業,tag,2026-03-31,S100Y9U0
1301,1165,-136,5983,イワブチ株式会社,金属製品,上場,46.0,17.2,6426000.0,5559467,0.8652,272.0,426.0,0.6385,,5652848,製造業,tag,2026-03-31,S100YHYU
1302,1183,-119,9471,株式会社文溪堂,情報・通信業,上場,41.1,13.6,6386488.0,5557613,0.8702,214.0,247.0,0.8664,,5579351,情報通信業,tag,2026-03-31,S100YCYT
1303,1260,-43,6229,株式会社オーケーエム,機械,上場,42.9,11.6,6223046.0,5555410,0.8927,265.0,371.0,0.7143,,5375087,製造業,tag,2026-03-31,S100YHR0
1304,1226,-78,6623,愛知電機株式会社,電気機器,上場,43.8,18.6,6280000.0,5554873,0.8845,1116.0,2833.0,0.3939,,5433023,製造業,tag,2026-03-31,S100YHJY
1305,1218,-87,4234,株式会社サンエー化研,化学,上場,44.0,18.0,6290000.0,5552410,0.8827,432.0,611.0,0.707,,5446719,製造業,tag,2026-03-31,S100YK61
1306,1270,-36,6125,株式会社岡本工作機械製作所,機械,上場,42.6,15.8,6200000.0,5551954,0.8955,504.0,2229.0,0.2261,,5357867,製造業,tag,2026-03-31,S100YKCW
1307,1284,-23,7980,株式会社　重松製作所,その他製品,上場,42.3,16.9,6179000.0,5550315,0.8983,399.0,,,,5345362,製造業,tag,2026-03-31,S100YKGZ
1308,1174,-134,,株式会社佐賀共栄銀行,銀行業,非上場,41.7,18.3,6407000.0,5547480,0.8658,215.0,,,,5563713,金融業・保険業,textblock,2026-03-31,S100YCEI
1309,1233,-76,7871,フクビ化学工業株式会社,化学,上場,43.7,19.9,6264860.0,5547130,0.8854,735.0,998.0,0.7365,,5417801,製造業,tag,2026-03-31,S100YCP7
1310,1230,-80,7278,株式会社エクセディ,輸送用機器,上場,43.8,17.4,6270036.0,5546060,0.8845,2514.0,10970.0,0.2292,,5424403,製造業,tag,2026-03-31,S100YBAF
1311,1461,150,2307,株式会社クロスキャット,情報・通信業,上場,36.0,11.0,5732098.0,5540797,0.9666,563.0,881.0,0.639,,5582474,情報通信業,tag,2026-03-31,S100YJU2
1312,1136,-176,6706,電気興業株式会社,電気機器,上場,47.4,17.0,6492000.0,5538854,0.8532,574.0,1024.0,0.5605,,5770687,製造業,tag,2026-03-31,S100YH6S
1313,1306,-7,,株式会社　りゅうせき,小売業,非上場,40.9,13.2,6105787.0,5538794,0.9071,458.0,1208.0,0.3791,,5347338,卸売業・小売業,textblock,2026-03-31,S100YL16
1314,1356,42,1770,藤田エンジニアリング株式会社,建設業,上場,43.1,16.6,5999497.0,5538305,0.9231,248.0,597.0,0.4154,,5181824,建設業,tag,2026-03-31,S100YGU7
1315,1444,129,4125,三和油化工業株式会社,化学,上場,36.7,9.6,5773000.0,5537419,0.9592,280.0,458.0,0.6114,,5521502,製造業,tag,2026-03-31,S100YEHE
1316,1266,-50,5142,アキレス株式会社,化学,上場,43.0,20.8,6208000.0,5536288,0.8918,1175.0,1596.0,0.7362,,5361842,製造業,tag,2026-03-31,S100YJF9
1317,1207,-110,3865,北越コーポレーション株式会社,パルプ・紙,上場,45.0,22.0,6331000.0,5532380,0.8739,1479.0,3728.0,0.3967,,5520291,製造業,tag,2026-03-31,S100YITB
1318,1198,-120,7677,株式会社ヤシマキザイ,卸売業,上場,43.7,15.2,6366000.0,5531522,0.8689,246.0,268.0,0.9179,,5505266,卸売業・小売業,tag,2026-03-31,S100YJ1S
1319,1295,-24,3551,ダイニック株式会社,繊維製品,上場,42.18,17.36,6149442.0,5530627,0.8994,611.0,1077.0,0.5673,,5322879,製造業,tag,2026-03-31,S100YFSH
1320,1251,-69,8364,株式会社清水銀行,銀行業,上場,40.4,17.2,6236000.0,5530340,0.8868,846.0,926.0,0.9136,,5500515,金融業・保険業,tag,2026-03-31,S100YC9F
1321,1337,16,,アイフル株式会社,その他金融業,非上場,38.7,12.6,6038000.0,5530090,0.9159,1276.0,2610.0,0.4889,,5502558,金融業・保険業,tag,2026-03-31,S100YDNT
1322,1358,36,9355,株式会社リンコーコーポレーション,倉庫・運輸関連,上場,45.2,20.8,5995119.0,5528338,0.9221,329.0,583.0,0.5643,,5236331,運輸業,tag,2026-03-31,S100YHZP
1323,1340,17,1379,ホクト株式会社,水産・農林業,上場,40.6,14.5,6029004.0,5527926,0.9169,3325.0,4097.0,0.8116,,5301924,産業計,tag,2026-03-31,S100YKAZ
1324,1247,-77,7287,日本精機株式会社,輸送用機器,上場,43.7,18.3,6243000.0,5527774,0.8854,1453.0,13246.0,0.1097,,5398896,製造業,tag,2026-03-31,S100YHIT
1325,1352,27,5953,昭和鉄工株式会社,金属製品,上場,40.02,16.35,6002242.0,5526166,0.9207,392.0,396.0,0.9899,,5327634,製造業,tag,2026-03-31,S100YE8F
1326,1479,153,7472,株式会社鳥羽洋行,卸売業,上場,36.7,12.9,5689000.0,5524245,0.971,224.0,261.0,0.8582,,5441161,卸売業・小売業,tag,2026-03-31,S100YC9S
1327,1555,228,2152,幼児活動研究会株式会社,サービス業,上場,34.5,12.1,5494000.0,5523188,1.0053,569.0,,,,5568724,サービス業,tag,2026-03-31,S100YD0S
1328,1213,-115,6943,ＮＫＫスイッチズ株式会社,電気機器,上場,44.72,14.75,6301000.0,5521718,0.8763,136.0,262.0,0.5191,,5481793,製造業,tag,2026-03-31,S100YJBX
1329,1366,37,5870,株式会社ナルネットコミュニケーションズ,サービス業,上場,41.0,9.1,5973000.0,5520759,0.9243,108.0,,,,5224431,サービス業,tag,2026-03-31,S100YGEJ
1330,1571,241,2764,株式会社ひらまつ,小売業,上場,34.5,7.2,5472000.0,5520424,1.0088,714.0,716.0,0.9972,,5546424,卸売業・小売業,tag,2026-03-31,S100YL5S
1331,1554,223,7366,株式会社ＬＩＴＡＬＩＣＯ,サービス業,上場,34.7,4.9,5498000.0,5515489,1.0032,1616.0,5443.0,0.2969,,5542593,サービス業,tag,2026-03-31,S100YDDX
1332,1148,-184,7628,株式会社オーハシテクニカ,卸売業,上場,45.0,15.0,6466000.0,5510348,0.8522,232.0,721.0,0.3218,,5638003,卸売業・小売業,tag,2026-03-31,S100YHS4
1333,1279,-54,2415,ヒューマンホールディングス株式会社,サービス業,上場,46.4,13.4,6187812.0,5506943,0.89,132.0,4740.0,0.0278,本社のみ,5462065,サービス業,tag,2026-03-31,S100YIDK
1334,1099,-235,6958,日本シイエムケイ株式会社,電気機器,上場,49.38,20.09,6578757.0,5503516,0.8366,1129.0,4304.0,0.2623,,5878704,製造業,tag,2026-03-31,S100YHVS
1335,1687,352,3465,ケイアイスター不動産株式会社,不動産業,上場,32.8,4.1,5103000.0,5502683,1.0783,1536.0,2897.0,0.5302,,5431294,不動産業,tag,2026-03-31,S100YIZP
1336,1332,-4,4538,扶桑薬品工業株式会社,医薬品,上場,41.2,18.8,6049000.0,5497821,0.9089,1374.0,,,,5278437,製造業,tag,2026-03-31,S100YHSC
1337,1298,-39,2790,株式会社ナフコ,小売業,上場,41.7,19.1,6134158.0,5495726,0.8959,1227.0,,,,5326782,卸売業・小売業,tag,2026-03-31,S100YJ0H
1338,1544,206,9994,株式会社やまや,小売業,上場,35.2,12.0,5514476.0,5495195,0.9965,109.0,1807.0,0.0603,本社のみ,5485078,卸売業・小売業,tag,2026-03-31,S100YIXT
1339,1292,-47,8207,テンアライド株式会社,小売業,上場,42.0,13.5,6158000.0,5491623,0.8918,261.0,261.0,1.0,,5335830,卸売業・小売業,tag,2026-03-31,S100YIGD
1340,1357,17,7291,日本プラスト株式会社,輸送用機器,上場,40.5,15.4,5996000.0,5491411,0.9158,974.0,5588.0,0.1743,,5280719,製造業,tag,2026-03-31,S100YHRY
1341,1370,29,9362,兵機海運株式会社,倉庫・運輸関連,上場,45.43,16.44,5955796.0,5490856,0.9219,236.0,,,,5212531,運輸業,tag,2026-03-31,S100YGR4
1342,1388,46,9081,神奈川中央交通株式会社,陸運業,上場,52.3,17.3,5926186.0,5489681,0.9263,3757.0,6432.0,0.5841,,5415501,運輸業,tag,2026-03-31,S100YF1P
1343,1344,1,4752,株式会社　昭和システムエンジニアリング,情報・通信業,上場,38.5,15.4,6021000.0,5481844,0.9105,489.0,,,,5511730,情報通信業,tag,2026-03-31,S100YE2I
1344,1310,-34,8115,ムーンバット株式会社,卸売業,上場,41.5,17.3,6099110.0,5481270,0.8987,127.0,213.0,0.5962,,5305697,卸売業・小売業,tag,2026-03-31,S100YDWL
1345,1077,-268,,日本アルコール販売株式会社,卸売業,非上場,47.25,17.17,6630000.0,5478844,0.8264,130.0,545.0,0.2385,,5888333,卸売業・小売業,textblock,2026-03-31,S100YLD5
1346,1385,39,9073,京極運輸商事株式会社,陸運業,上場,49.7,12.8,5930187.0,5477431,0.9237,300.0,315.0,0.9524,,5301817,運輸業,tag,2026-03-31,S100YGY5
1347,1225,-122,6495,株式会社宮入バルブ製作所,機械,上場,45.2,15.9,6280674.0,5477382,0.8721,151.0,,,,5485744,製造業,tag,2026-03-31,S100YKBD
1348,1316,-32,9753,アイエックス・ナレッジ株式会社,情報・通信業,上場,39.2,15.2,6088649.0,5475270,0.8993,1222.0,1248.0,0.9792,,5489595,情報通信業,tag,2026-03-31,S100YIII
1349,1194,-155,6396,株式会社宇野澤組鐵工所,機械,上場,46.7,19.7,6372036.0,5474611,0.8592,162.0,,,,5638109,製造業,tag,2026-03-31,S100YF8O
1350,1395,45,6637,寺崎電気産業株式会社,電気機器,上場,39.6,16.7,5918522.0,5474389,0.925,566.0,2219.0,0.2551,,5293858,製造業,tag,2026-03-31,S100YKLJ
1351,1353,2,6390,株式会社加藤製作所,機械,上場,40.9,13.9,6001000.0,5472029,0.9119,825.0,932.0,0.8852,,5255567,製造業,tag,2026-03-31,S100YG4R
1352,1287,-65,5269,日本コンクリート工業株式会社,ガラス・土石製品,上場,43.6,11.8,6171000.0,5469599,0.8863,375.0,1351.0,0.2776,,5334805,製造業,tag,2026-03-31,S100YI1J
1353,1348,-5,9336,大栄環境株式会社,サービス業,上場,42.4,9.0,6009000.0,5465100,0.9095,1137.0,2428.0,0.4683,,5196144,サービス業,tag,2026-03-31,S100YKY3
1354,1549,195,2454,株式会社オールアバウト,サービス業,上場,35.8,5.7,5508768.0,5462579,0.9916,126.0,296.0,0.4257,,5393137,サービス業,tag,2026-03-31,S100YFW5
1355,1276,-79,2733,株式会社あらた,卸売業,上場,42.7,18.5,6188970.0,5460066,0.8822,1954.0,3008.0,0.6496,,5347115,卸売業・小売業,tag,2026-03-31,S100YEVF
1356,1212,-144,,株式会社アプラス,その他金融業,非上場,41.8,15.3,6311332.0,5454714,0.8643,1210.0,1308.0,0.9251,,5476311,金融業・保険業,textblock,2026-03-31,S100YJSL
1357,1396,39,,旭精工株式会社,機械,非上場,39.9,17.4,5913000.0,5451201,0.9219,263.0,305.0,0.8623,,5259557,製造業,textblock,2026-03-31,S100YH13
1358,1234,-124,7266,株式会社今仙電機製作所,輸送用機器,上場,45.4,22.0,6263000.0,5451023,0.8704,1167.0,2596.0,0.4495,,5479933,製造業,tag,2026-03-31,S100YER6
1359,1253,-106,6615,ユー・エム・シー・エレクトロニクス株式会社,電気機器,上場,45.0,13.3,6234524.0,5448074,0.8739,229.0,5596.0,0.0409,本社のみ,5436169,製造業,tag,2026-03-31,S100YK9A
1360,1275,-85,8135,ゼット株式会社,卸売業,上場,42.9,14.9,6192000.0,5446056,0.8795,422.0,578.0,0.7301,,5348271,卸売業・小売業,tag,2026-03-31,S100YJPU
1361,1304,-57,7247,株式会社ミクニ,輸送用機器,上場,43.1,19.8,6112643.0,5445658,0.8909,1305.0,4750.0,0.2747,,5279549,製造業,tag,2026-03-31,S100YLLZ
1362,1216,-146,7596,株式会社魚力,小売業,上場,44.0,14.2,6293850.0,5444190,0.865,540.0,708.0,0.7627,,5450052,卸売業・小売業,tag,2026-03-31,S100YGEC
1363,1296,-67,5644,株式会社メタルアート,鉄鋼,上場,43.7,17.1,6147000.0,5442773,0.8854,545.0,668.0,0.8159,,5315876,製造業,tag,2026-03-31,S100YLLM
1364,1380,16,3895,ハビックス株式会社,パルプ・紙,上場,40.4,11.2,5935000.0,5441501,0.9168,205.0,,,,5235015,製造業,tag,2026-03-31,S100YE3K
1365,1313,-52,8860,フジ住宅株式会社,不動産業,上場,41.4,10.5,6092415.0,5437139,0.8924,761.0,931.0,0.8174,,5305033,不動産業,tag,2026-03-31,S100YB7Y
1366,1338,-28,7214,ＧＭＢ株式会社,輸送用機器,上場,42.0,17.7,6033000.0,5436034,0.901,307.0,2499.0,0.1228,,5227519,製造業,tag,2026-03-31,S100YE26
1367,1477,110,2378,株式会社ルネサンス,サービス業,上場,38.7,11.8,5691000.0,5435689,0.9551,1883.0,2020.0,0.9322,,5186330,サービス業,tag,2026-03-31,S100YK5N
1368,1383,15,6919,ケル株式会社,電気機器,上場,40.5,16.3,5931566.0,5432400,0.9158,272.0,334.0,0.8144,,5223972,製造業,tag,2026-03-31,S100YJK1
1369,1402,33,2903,シノブフーズ株式会社,食料品,上場,40.0,9.5,5898000.0,5431387,0.9209,571.0,571.0,1.0,,5236934,製造業,tag,2026-03-31,S100YE21
1370,1413,43,9052,山陽電気鉄道株式会社,陸運業,上場,42.7,18.0,5873976.0,5429748,0.9244,753.0,1930.0,0.3902,,5074968,運輸業,tag,2026-03-31,S100YD7X
1371,1407,36,,株式会社静岡中央銀行,銀行業,非上場,38.4,14.5,5886000.0,5422209,0.9212,427.0,433.0,0.9861,,5400449,金融業・保険業,textblock,2026-03-31,S100YFGS
1372,1368,-4,2332,株式会社クエスト,情報・通信業,上場,38.6,11.6,5965656.0,5421813,0.9088,986.0,1092.0,0.9029,,5448764,情報通信業,tag,2026-03-31,S100YAQJ
1373,1314,-59,5958,三洋工業株式会社,金属製品,上場,43.2,16.7,6090637.0,5420494,0.89,307.0,383.0,0.8016,,5260914,製造業,tag,2026-03-31,S100YFD2
1374,1320,-54,4492,株式会社ゼネテック,情報・通信業,上場,39.6,6.9,6070000.0,5420413,0.893,452.0,648.0,0.6975,,5429349,情報通信業,tag,2026-03-31,S100YJQM
1375,1293,-82,4231,タイガースポリマー株式会社,化学,上場,44.2,18.5,6152000.0,5419578,0.8809,568.0,1786.0,0.318,,5333100,製造業,tag,2026-03-31,S100YK4M
1376,1373,-3,5984,兼房株式会社,金属製品,上場,41.0,17.8,5949869.0,5419498,0.9109,581.0,1135.0,0.5119,,5204199,製造業,tag,2026-03-31,S100YEZU
1377,1318,-59,2204,株式会社中村屋,食料品,上場,43.0,19.0,6074000.0,5416787,0.8918,780.0,,,,5246107,製造業,tag,2026-03-31,S100YF3Z
1378,1415,37,9025,鴻池運輸株式会社,陸運業,上場,44.0,13.4,5867068.0,5416540,0.9232,9290.0,17016.0,0.546,,5080488,運輸業,tag,2026-03-31,S100YGFS
1379,1246,-133,3839,株式会社ＯＤＫソリューションズ,情報・通信業,上場,41.3,12.1,6244000.0,5415208,0.8673,142.0,204.0,0.6961,,5442647,情報通信業,tag,2026-03-31,S100YHN8
1380,1389,9,6999,ＫＯＡ株式会社,電気機器,上場,40.7,17.1,5923699.0,5413342,0.9138,1669.0,4409.0,0.3785,,5201878,製造業,tag,2026-03-31,S100YDTW
1381,1431,50,7305,新家工業株式会社,鉄鋼,上場,39.0,16.0,5813000.0,5412692,0.9311,273.0,501.0,0.5449,,5263086,製造業,tag,2026-03-31,S100Y8QF
1382,1474,92,9913,日邦産業株式会社,卸売業,上場,38.1,11.3,5702857.0,5410354,0.9487,334.0,2765.0,0.1208,,5269054,卸売業・小売業,tag,2026-03-31,S100YFGN
1383,1335,-48,6158,株式会社和井田製作所,機械,上場,42.7,16.0,6046000.0,5408475,0.8946,172.0,198.0,0.8687,,5223592,製造業,tag,2026-03-31,S100YI25
1384,1250,-134,6894,パルステック工業株式会社,電気機器,上場,45.8,22.3,6238019.0,5407607,0.8669,122.0,123.0,0.9919,,5477700,製造業,tag,2026-03-31,S100YDWK
1385,1349,-36,7438,コンドーテック株式会社,卸売業,上場,41.5,13.6,6008000.0,5399389,0.8987,829.0,1531.0,0.5415,,5226439,卸売業・小売業,tag,2026-03-31,S100YEX8
1386,1426,40,9365,トレーディア株式会社,倉庫・運輸関連,上場,43.4,19.1,5830560.0,5385962,0.9237,308.0,308.0,1.0,,5037833,運輸業,tag,2026-03-31,S100YJV2
1387,1267,-120,3591,株式会社ワコールホールディングス,繊維製品,上場,45.7,18.0,6204157.0,5383625,0.8677,103.0,14784.0,0.007,本社のみ,5443070,製造業,tag,2026-03-31,S100YKJC
1388,1450,62,2924,イフジ産業株式会社,食料品,上場,38.5,12.3,5747000.0,5381183,0.9363,135.0,184.0,0.7337,,5260905,製造業,tag,2026-03-31,S100Y9CI
1389,1376,-13,2288,丸大食品株式会社,食料品,上場,41.6,17.5,5943000.0,5378109,0.9049,668.0,1928.0,0.3465,,5165179,製造業,tag,2026-03-31,S100YD4W
1390,1120,-270,8226,株式会社　理経,卸売業,上場,47.7,16.2,6525196.0,5376582,0.824,137.0,179.0,0.7654,,5808747,卸売業・小売業,tag,2026-03-31,S100YK3T
1391,1401,10,6161,株式会社エスティック,機械,上場,41.0,9.0,5900000.0,5374075,0.9109,201.0,228.0,0.8816,,5160579,製造業,tag,2026-03-20,S100YCSO
1392,1525,133,2664,株式会社カワチ薬品,小売業,上場,37.0,13.8,5560435.0,5371950,0.9661,2564.0,2750.0,0.9324,,5277814,卸売業・小売業,tag,2026-03-15,S100Y9UW
1393,1384,-9,2349,株式会社エヌアイデイ,情報・通信業,上場,38.8,14.2,5931000.0,5371244,0.9056,1088.0,1683.0,0.6465,,5393157,情報通信業,tag,2026-03-31,S100YK0N
1394,1414,20,3943,大石産業株式会社,パルプ・紙,上場,40.6,14.9,5868000.0,5368306,0.9148,372.0,594.0,0.6263,,5160336,製造業,tag,2026-03-31,S100YE9U
1395,1355,-40,2329,株式会社東北新社,情報・通信業,上場,39.5,12.5,6000000.0,5367267,0.8945,705.0,1163.0,0.6062,,5377138,情報通信業,tag,2026-03-31,S100YKO9
1396,1274,-122,8173,株式会社Ｊｏｓｈｉｎ,小売業,上場,44.0,19.0,6193000.0,5356955,0.865,3747.0,4362.0,0.859,,5362723,卸売業・小売業,tag,2026-03-31,S100YHVK
1397,1668,271,7060,ギークス株式会社,サービス業,上場,31.95,3.86,5182000.0,5356646,1.0337,173.0,300.0,0.5767,,5672053,サービス業,tag,2026-03-31,S100YJZ1
1398,1325,-73,6986,双葉電子工業株式会社,電気機器,上場,43.9,20.5,6059457.0,5354343,0.8836,650.0,2384.0,0.2727,,5244533,製造業,tag,2026-03-31,S100YK0D
1399,1369,-30,7280,株式会社ミツバ,電気機器,上場,42.37,19.06,5964590.0,5353844,0.8976,3328.0,21202.0,0.157,,5158349,製造業,tag,2026-03-31,S100Y9OD
1400,1435,35,3946,株式会社トーモク,パルプ・紙,上場,39.7,14.4,5794000.0,5353293,0.9239,1157.0,3965.0,0.2918,,5172657,製造業,tag,2026-03-31,S100YFA2
1401,1379,-22,4246,ダイキョーニシカワ株式会社,化学,上場,42.0,16.2,5938000.0,5350434,0.901,2647.0,5712.0,0.4634,,5145202,製造業,tag,2026-03-31,S100YCYY
1402,1560,158,9997,株式会社ベルーナ,小売業,上場,36.5,12.3,5490000.0,5349234,0.9744,674.0,3844.0,0.1753,,5277831,卸売業・小売業,tag,2026-03-31,S100YJ5M
1403,1342,-61,7952,株式会社河合楽器製作所,その他製品,上場,43.4,19.2,6022047.0,5348491,0.8882,1316.0,2917.0,0.4511,,5203285,製造業,tag,2026-03-31,S100YG4C
1404,1412,8,7264,株式会社ムロコーポレーション,輸送用機器,上場,41.1,16.8,5874989.0,5345473,0.9099,611.0,1061.0,0.5759,,5132496,製造業,tag,2026-03-31,S100YGBE
1405,1264,-141,4100,戸田工業株式会社,化学,上場,46.6,18.4,6215000.0,5344979,0.86,357.0,1037.0,0.3443,,5494918,製造業,tag,2026-03-31,S100YIHV
1406,1345,-61,5204,石塚硝子株式会社,ガラス・土石製品,上場,43.6,19.7,6020000.0,5335761,0.8863,401.0,1880.0,0.2133,,5204266,製造業,tag,2026-03-20,S100YBU1
1407,1409,2,9782,株式会社ディーエムエス,サービス業,上場,42.7,16.6,5876385.0,5335711,0.908,283.0,,,,5077049,サービス業,tag,2026-03-31,S100YIWH
1408,1445,37,4801,セントラルスポーツ株式会社,サービス業,上場,41.0,17.0,5771297.0,5334328,0.9243,791.0,890.0,0.8888,,5048006,サービス業,tag,2026-03-31,S100YEYH
1409,1424,15,6073,株式会社アサンテ,サービス業,上場,41.8,13.0,5834000.0,5332373,0.914,983.0,1013.0,0.9704,,5062132,サービス業,tag,2026-03-31,S100Y9ZW
1410,1441,31,9033,広島電鉄株式会社,陸運業,上場,48.3,17.2,5779680.0,5329067,0.922,1550.0,2241.0,0.6917,,5155652,運輸業,tag,2026-03-31,S100YI48
1411,1375,-36,6381,アネスト岩田株式会社,機械,上場,42.6,15.2,5949000.0,5327189,0.8955,613.0,1897.0,0.3231,,5140959,製造業,tag,2026-03-31,S100YF9W
1412,1488,76,2445,株式会社タカミヤ,サービス業,上場,39.6,11.38,5650241.0,5327178,0.9428,752.0,1351.0,0.5566,,5053893,サービス業,tag,2026-03-31,S100YFC3
1413,1323,-90,6846,株式会社中央製作所,電気機器,上場,44.5,19.0,6063000.0,5324972,0.8783,196.0,,,,5266197,製造業,tag,2026-03-31,S100YJMI
1414,1430,16,5966,京都機械工具株式会社,金属製品,上場,40.6,17.0,5815766.0,5320520,0.9148,205.0,248.0,0.8266,,5114402,製造業,tag,2026-03-31,S100YJPO
1415,1481,66,7874,レック株式会社,化学,上場,38.6,11.1,5685000.0,5317178,0.9353,703.0,956.0,0.7354,,5192425,製造業,tag,2026-03-31,S100YIJB
1416,1642,226,3020,アプライド株式会社,小売業,上場,34.5,11.0,5268000.0,5314618,1.0088,410.0,440.0,0.9318,,5339650,卸売業・小売業,tag,2026-03-31,S100YDKO
1417,1423,6,9537,北陸瓦斯株式会社,電気・ガス業,上場,41.1,18.1,5841328.0,5312935,0.9095,450.0,652.0,0.6902,,5103089,電気・ガス業,tag,2026-03-31,S100YIW6
1418,1315,-103,7723,愛知時計電機株式会社,精密機器,上場,45.2,17.5,6089000.0,5310223,0.8721,1182.0,1719.0,0.6876,,5318329,製造業,tag,2026-03-31,S100YF4W
1419,1429,10,9828,株式会社Ｇｅｎｋｉ　Ｇｌｏｂａｌ　Ｄｉｎｉｎｇ　Ｃｏｎｃｅｐｔｓ,小売業,上場,40.5,11.0,5816155.0,5309293,0.9129,604.0,691.0,0.8741,,5122328,卸売業・小売業,tag,2026-03-31,S100YCXM
1420,1400,-20,7726,黒田精工株式会社,機械,上場,42.2,15.8,5902000.0,5306986,0.8992,436.0,641.0,0.6802,,5108170,製造業,tag,2026-03-31,S100YK6H
1421,1471,50,9319,株式会社中央倉庫,倉庫・運輸関連,上場,41.4,15.9,5706726.0,5306938,0.9299,258.0,707.0,0.3649,,4969190,運輸業,tag,2026-03-31,S100YF4M
1422,1497,75,3670,協立情報通信株式会社,サービス業,上場,39.6,14.3,5627000.0,5305266,0.9428,177.0,,,,5033105,サービス業,tag,2026-03-31,S100YG51
1423,1670,247,2175,株式会社エス・エム・エス,サービス業,上場,32.8,4.3,5179000.0,5302293,1.0238,3214.0,4660.0,0.6897,,5512183,サービス業,tag,2026-03-31,S100YF7X
1424,1286,-138,5940,不二サッシ株式会社,金属製品,上場,46.8,21.9,6177000.0,5301800,0.8583,891.0,2814.0,0.3166,,5469615,製造業,tag,2026-03-31,S100YIDL
1425,1371,-54,5285,株式会社ヤマックス,ガラス・土石製品,上場,43.3,14.8,5955630.0,5294916,0.8891,543.0,610.0,0.8902,,5144955,製造業,tag,2026-03-31,S100YFLV
1426,1491,65,6342,株式会社太平製作所,機械,上場,38.4,13.8,5645000.0,5291598,0.9374,123.0,158.0,0.7785,,5179330,製造業,tag,2026-03-31,S100YIVE
1427,1393,-34,8551,株式会社　北日本銀行,銀行業,上場,40.0,17.0,5922000.0,5291348,0.8935,754.0,771.0,0.978,,5258244,金融業・保険業,tag,2026-03-31,S100Y8FP
1428,1223,-205,6904,原田工業株式会社,電気機器,上場,48.7,18.0,6282205.0,5290835,0.8422,246.0,4000.0,0.0615,本社のみ,5608514,製造業,tag,2026-03-31,S100YJHN
1429,1187,-242,9929,平和紙業株式会社,卸売業,上場,46.9,22.5,6382000.0,5290051,0.8289,133.0,188.0,0.7074,,5655199,卸売業・小売業,tag,2026-03-31,S100YGD5
1430,1372,-58,3622,ネットイヤーグループ株式会社,情報・通信業,上場,39.9,7.9,5952000.0,5287372,0.8883,171.0,,,,5294247,情報通信業,tag,2026-03-31,S100YF6I
1431,1346,-85,9535,広島ガス株式会社,電気・ガス業,上場,44.3,18.9,6019000.0,5283304,0.8778,657.0,1676.0,0.392,,5221001,電気・ガス業,tag,2026-03-31,S100YEHM
1432,1273,-159,5707,東邦亜鉛株式会社,非鉄金属,上場,47.5,21.9,6195000.0,5280160,0.8523,329.0,663.0,0.4962,,5509581,製造業,tag,2026-03-31,S100YI2P
1433,1469,36,7187,ジェイリース株式会社,その他金融業,上場,38.2,7.2,5709000.0,5279614,0.9248,451.0,576.0,0.783,,5262360,金融業・保険業,tag,2026-03-31,S100YM65
1434,1359,-75,5915,株式会社駒井ハルテック,金属製品,上場,44.2,15.2,5989446.0,5276376,0.8809,486.0,618.0,0.7864,,5192183,製造業,tag,2026-03-31,S100YKDC
1435,1365,-70,9385,株式会社ショーエイコーポレーション,化学,上場,44.0,11.8,5975334.0,5274643,0.8827,184.0,570.0,0.3228,,5174239,製造業,tag,2026-03-31,S100YIVY
1436,1671,235,3641,株式会社パピレス,情報・通信業,上場,34.5,6.3,5179000.0,5269975,1.0176,130.0,172.0,0.7558,,5249439,情報通信業,tag,2026-03-31,S100YJ7Y
1437,1319,-118,9986,蔵王産業株式会社,卸売業,上場,43.8,13.6,6073000.0,5268980,0.8676,238.0,,,,5253941,卸売業・小売業,tag,2026-03-31,S100YJ27
1438,1300,-138,,株式会社トーハン,卸売業,非上場,44.4,20.2,6126668.0,5267933,0.8598,930.0,2066.0,0.4501,,5317851,卸売業・小売業,textblock,2026-03-31,S100YM13
1439,1330,-109,7122,近畿車輛株式会社,輸送用機器,上場,45.4,21.3,6052000.0,5267378,0.8704,989.0,1163.0,0.8504,,5295315,製造業,tag,2026-03-31,S100YI50
1440,1443,3,5484,東北特殊鋼株式会社,鉄鋼,上場,41.1,15.9,5774000.0,5253586,0.9099,371.0,572.0,0.6486,,5044270,製造業,tag,2026-03-31,S100YNM9
1441,1421,-20,7277,株式会社ＴＢＫ,輸送用機器,上場,42.3,15.7,5845205.0,5250482,0.8983,713.0,1893.0,0.3767,,5056601,製造業,tag,2026-03-31,S100YLAF
1442,1394,-48,5956,トーソー株式会社,金属製品,上場,43.6,12.2,5921000.0,5248014,0.8863,652.0,990.0,0.6586,,5118681,製造業,tag,2026-03-31,S100YHLG
1443,1360,-83,7927,ムトー精工株式会社,化学,上場,44.7,16.6,5985000.0,5245858,0.8765,198.0,2975.0,0.0666,本社のみ,5206080,製造業,tag,2026-03-31,S100YGVG
1444,1416,-28,8542,株式会社トマト銀行,銀行業,上場,40.0,16.3,5866000.0,5241312,0.8935,712.0,746.0,0.9544,,5208521,金融業・保険業,tag,2026-03-31,S100YJ7V
1445,1336,-109,8362,株式会社福井銀行,銀行業,上場,41.62,16.02,6041000.0,5238211,0.8671,1235.0,1732.0,0.713,,5249434,金融業・保険業,tag,2026-03-31,S100YFJC
1446,1363,-83,8282,株式会社ケーズホールディングス,小売業,上場,43.2,17.5,5981000.0,5236487,0.8755,2260.0,7307.0,0.3093,,5166212,卸売業・小売業,tag,2026-03-31,S100YFQY
1447,1610,163,2674,株式会社ハードオフコーポレーション,小売業,上場,36.6,11.2,5383000.0,5236027,0.9727,637.0,1040.0,0.6125,,5161689,卸売業・小売業,tag,2026-03-31,S100YHYF
1448,1503,55,9046,神戸電鉄株式会社,陸運業,上場,41.0,19.9,5610000.0,5235641,0.9333,436.0,827.0,0.5272,,4906924,運輸業,tag,2026-03-31,S100YAZT
1449,1451,2,5367,株式会社ニッカトー,ガラス・土石製品,上場,41.0,18.8,5746000.0,5233802,0.9109,279.0,,,,5025880,製造業,tag,2026-03-31,S100Y9NY
1450,1596,146,4484,ランサーズ株式会社,情報・通信業,上場,36.0,4.2,5414000.0,5233315,0.9666,126.0,150.0,0.84,,5272680,情報通信業,tag,2026-03-31,S100YFEP
1451,1420,-31,5609,日本鋳造株式会社,鉄鋼,上場,42.7,13.9,5850000.0,5233142,0.8946,285.0,,,,5054253,製造業,tag,2026-03-31,S100YGG5
1452,1294,-158,6699,ダイヤモンドエレクトリックホールディングス株式会社,電気機器,上場,47.87,17.69,6151329.0,5223562,0.8492,466.0,3503.0,0.133,,5479754,製造業,textblock,2026-03-31,S100YLYF
1453,1432,-21,2908,フジッコ株式会社,食料品,上場,42.3,18.3,5812000.0,5220655,0.8983,1062.0,1194.0,0.8894,,5027876,製造業,tag,2026-03-31,S100YF97
1454,1476,22,5491,日本金属株式会社,鉄鋼,上場,40.4,16.8,5693568.0,5220145,0.9168,524.0,787.0,0.6658,,5022058,製造業,tag,2026-03-31,S100YJG2
1455,1808,353,5892,株式会社ｙｕｔｏｒｉ,小売業,上場,27.1,1.0,4469000.0,5217926,1.1676,159.0,261.0,0.6092,,6583043,卸売業・小売業,tag,2026-03-31,S100YC75
1456,1419,-37,5821,平河ヒューテック株式会社,非鉄金属,上場,43.0,20.7,5850700.0,5217648,0.8918,351.0,2321.0,0.1512,,5053243,製造業,tag,2026-03-31,S100YKSU
1457,1403,-54,7877,永大化工株式会社,化学,上場,43.8,16.0,5898000.0,5216981,0.8845,142.0,465.0,0.3054,,5102543,製造業,tag,2026-03-31,S100YJVJ
1458,1354,-104,5906,エムケー精工株式会社,金属製品,上場,45.6,17.5,6000415.0,5212036,0.8686,866.0,1258.0,0.6884,,5259587,製造業,tag,2026-03-20,S100YA6U
1459,1492,33,,立山黒部貫光株式会社,陸運業,非上場,44.7,20.6,5644606.0,5207632,0.9226,206.0,283.0,0.7279,,4909987,運輸業,textblock,2026-03-31,S100YN9U
1460,1361,-99,6222,株式会社島精機製作所,機械,上場,45.46,22.34,5984096.0,5205148,0.8698,1256.0,1654.0,0.7594,,5238701,製造業,tag,2026-03-31,S100YIO7
1461,1410,-51,7822,永大産業株式会社,その他製品,上場,43.7,19.27,5876094.0,5202903,0.8854,964.0,1454.0,0.663,,5081599,製造業,tag,2026-03-31,S100YJDA
1462,1452,-10,5576,株式会社オービーシステム,情報・通信業,上場,38.8,13.4,5745000.0,5202799,0.9056,497.0,624.0,0.7965,,5224024,情報通信業,tag,2026-03-31,S100YC6U
1463,1399,-64,7490,日新商事株式会社,卸売業,上場,42.9,16.8,5908000.0,5196269,0.8795,334.0,366.0,0.9126,,5102970,卸売業・小売業,tag,2026-03-31,S100YKC9
1464,1390,-74,5905,日本製罐株式会社,金属製品,上場,44.7,14.5,5923526.0,5191976,0.8765,102.0,189.0,0.5397,,5152606,製造業,tag,2026-03-31,S100YK2J
1465,1759,294,8920,株式会社　東　祥,サービス業,上場,30.0,6.5,4840000.0,5190488,1.0724,273.0,376.0,0.7261,,5770808,サービス業,tag,2026-03-31,S100YI5M
1466,1466,0,2782,株式会社セリア,小売業,上場,40.8,9.5,5712526.0,5190174,0.9086,566.0,,,,5009540,卸売業・小売業,tag,2026-03-31,S100YH2R
1467,1404,-63,6655,東洋電機株式会社,電気機器,上場,44.3,16.7,5897000.0,5189673,0.8801,212.0,366.0,0.5792,,5115176,製造業,tag,2026-03-31,S100YKQN
1468,1456,-12,6737,ＥＩＺＯ株式会社,電気機器,上場,41.7,17.7,5740000.0,5188792,0.904,1033.0,2289.0,0.4513,,4984503,製造業,tag,2026-03-31,S100YEV1
1469,1428,-41,5446,北越メタル株式会社,鉄鋼,上場,43.1,16.2,5821000.0,5185838,0.8909,387.0,483.0,0.8012,,5027654,製造業,tag,2026-03-31,S100YG3Z
1470,1478,8,2220,亀田製菓株式会社,食料品,上場,41.0,17.8,5690000.0,5182794,0.9109,1404.0,4533.0,0.3097,,4976898,製造業,tag,2026-03-31,S100YEEA
1471,1378,-93,3583,オーベクス株式会社,繊維製品,上場,45.2,17.1,5942000.0,5182024,0.8721,124.0,353.0,0.3513,,5189935,製造業,tag,2026-03-31,S100YK22
1472,1498,26,7634,株式会社星医療酸器,卸売業,上場,39.9,10.3,5622249.0,5181242,0.9216,453.0,527.0,0.8596,,5000937,卸売業・小売業,tag,2026-03-31,S100YHH0
1473,1793,320,9428,株式会社クロップス,情報・通信業,上場,31.4,3.5,4569923.0,5179524,1.1334,740.0,1364.0,0.5425,,5105650,情報通信業,tag,2026-03-31,S100YDQV
1474,1527,53,3825,株式会社リミックスポイント,情報・通信業,上場,37.2,4.0,5557000.0,5179138,0.932,170.0,179.0,0.9497,,5248101,情報通信業,tag,2026-03-31,S100YJHT
1475,1537,62,177A,コージンバイオ株式会社,医薬品,上場,38.6,6.1,5535000.0,5176883,0.9353,150.0,176.0,0.8523,,5055422,製造業,tag,2026-03-31,S100YB5D
1476,1703,227,475A,株式会社ギミック,サービス業,上場,32.6,5.2,5041000.0,5172201,1.026,323.0,,,,5399084,サービス業,tag,2026-03-31,S100YJX2
1477,1386,-91,8537,株式会社大光銀行,銀行業,上場,41.3,17.1,5930000.0,5172145,0.8722,870.0,883.0,0.9853,,5168946,金融業・保険業,tag,2026-03-31,S100YC1U
1478,1552,74,1738,株式会社ニットー,建設業,上場,42.0,11.3,5502000.0,5170064,0.9397,246.0,439.0,0.5604,,4767414,建設業,tag,2026-03-31,S100YC8S
1479,1433,-46,6518,三相電機株式会社,電気機器,上場,43.1,16.5,5802000.0,5168911,0.8909,299.0,588.0,0.5085,,5011244,製造業,tag,2026-03-31,S100YE1K
1480,1418,-62,3103,ユニチカ株式会社,繊維製品,上場,44.1,22.0,5857875.0,5165708,0.8818,847.0,1692.0,0.5006,,5075219,製造業,tag,2026-03-31,S100YJHA
1481,1515,34,9221,フルハシＥＰＯ株式会社,サービス業,上場,41.0,8.4,5588000.0,5164909,0.9243,339.0,487.0,0.6961,,4887681,サービス業,tag,2026-03-31,S100YBWO
1482,1343,-139,5458,高砂鐵工株式会社,鉄鋼,上場,46.9,18.4,6021943.0,5163610,0.8575,130.0,152.0,0.8553,,5336146,製造業,tag,2026-03-31,S100YH3H
1483,1486,3,5381,マイポックス株式会社,ガラス・土石製品,上場,40.9,9.9,5662000.0,5162911,0.9119,393.0,497.0,0.7907,,4958677,製造業,tag,2026-03-31,S100YFK2
1484,1434,-50,,株式会社　沖縄海邦銀行,銀行業,非上場,40.2,16.3,5797000.0,5160266,0.8902,612.0,618.0,0.9903,,5129757,金融業・保険業,textblock,2026-03-31,S100YCGZ
1485,1439,-46,5986,モリテックスチール株式会社,金属製品,上場,43.0,16.0,5782887.0,5157173,0.8918,338.0,727.0,0.4649,,4994673,製造業,tag,2026-03-31,S100YGQQ
1486,1446,-40,8416,株式会社高知銀行,銀行業,上場,40.0,16.4,5769000.0,5154641,0.8935,690.0,724.0,0.953,,5122393,金融業・保険業,tag,2026-03-31,S100YJZJ
1487,1436,-51,6317,株式会社北川鉄工所,機械,上場,43.3,17.2,5793000.0,5150328,0.8891,1412.0,2221.0,0.6357,,5004462,製造業,tag,2026-03-31,S100YHUP
1488,1417,-71,4350,株式会社　メディカルシステムネットワーク,小売業,上場,43.0,8.0,5862000.0,5147950,0.8782,400.0,4014.0,0.0997,本社のみ,5063002,卸売業・小売業,tag,2026-03-31,S100YDT5
1489,1397,-92,7215,株式会社ファルテック,輸送用機器,上場,45.4,17.9,5912000.0,5145529,0.8704,816.0,1764.0,0.4626,,5172819,製造業,tag,2026-03-31,S100YEJ6
1490,1406,-84,6424,株式会社高見沢サイバネティックス,機械,上場,45.1,21.3,5893000.0,5144456,0.873,412.0,566.0,0.7279,,5142713,製造業,tag,2026-03-31,S100YEQL
1491,1494,3,6165,パンチ工業株式会社,機械,上場,40.9,15.6,5638020.0,5141045,0.9119,660.0,3480.0,0.1897,,4937676,製造業,tag,2026-03-31,S100YE8P
1492,1377,-115,9950,株式会社ハチバン,小売業,上場,44.0,12.7,5942316.0,5140113,0.865,163.0,174.0,0.9368,,5145647,卸売業・小売業,tag,2026-03-20,S100YDJ0
1493,1553,60,8398,株式会社筑邦銀行,銀行業,上場,37.7,15.3,5499000.0,5135348,0.9339,523.0,554.0,0.944,,5129628,金融業・保険業,tag,2026-03-31,S100YE9H
1494,1501,7,6230,ＳＡＮＥＩ株式会社,機械,上場,40.7,14.5,5618000.0,5133981,0.9138,630.0,827.0,0.7618,,4933429,製造業,tag,2026-03-31,S100YEJ7
1495,1459,-36,5162,株式会社朝日ラバー,ゴム製品,上場,42.7,16.5,5736000.0,5131163,0.8946,335.0,538.0,0.6227,,4955760,製造業,tag,2026-03-31,S100YKQB
1496,1465,-31,550A,株式会社ソフトテックス,情報・通信業,上場,39.3,12.5,5713000.0,5128456,0.8977,330.0,,,,5140377,情報通信業,tag,2026-03-31,S100YA88
1497,1455,-42,4736,日本ラッド株式会社,情報・通信業,上場,39.6,13.0,5741000.0,5126622,0.893,285.0,299.0,0.9532,,5135072,情報通信業,tag,2026-03-31,S100YGDA
1498,1509,11,,日本瓦斯株式会社,電気・ガス業,非上場,40.4,16.1,5601000.0,5124208,0.9149,211.0,442.0,0.4774,,4940408,電気・ガス業,textblock,2026-03-31,S100YM45
1499,1532,33,9057,遠州トラック株式会社,陸運業,上場,44.0,9.0,5550124.0,5123933,0.9232,1122.0,1378.0,0.8142,,4806035,運輸業,tag,2026-03-31,S100YBRY
1500,1458,-42,8999,グランディハウス株式会社,不動産業,上場,41.4,10.4,5739000.0,5121736,0.8924,401.0,768.0,0.5221,,4997293,不動産業,tag,2026-03-31,S100YIKY
1501,1374,-127,6882,株式会社三社電機製作所,電気機器,上場,46.5,18.9,5949245.0,5121497,0.8609,711.0,1399.0,0.5082,,5255772,製造業,tag,2026-03-31,S100YFP9
1502,1391,-111,2540,養命酒製造株式会社,食料品,非上場,46.1,20.0,5923371.0,5119518,0.8643,289.0,,,,5215281,製造業,tag,2026-03-31,S100YK3W
1503,1392,-111,5612,日本鋳鉄管株式会社,鉄鋼,上場,46.1,20.0,5923000.0,5119197,0.8643,310.0,389.0,0.7969,,5214954,製造業,tag,2026-03-31,S100YKL0
1504,1482,-22,5121,藤倉コンポジット株式会社,ゴム製品,上場,42.1,15.6,5679960.0,5112624,0.9001,743.0,2252.0,0.3299,,4918649,製造業,tag,2026-03-31,S100YJDM
1505,1667,162,6033,株式会社エクストリーム,サービス業,上場,36.3,4.1,5182000.0,5111763,0.9864,588.0,828.0,0.7101,,5007519,サービス業,tag,2026-03-31,S100YF6F
1506,1529,23,7442,中山福株式会社,卸売業,上場,40.0,14.0,5555050.0,5111188,0.9201,330.0,430.0,0.7674,,4932423,卸売業・小売業,tag,2026-03-31,S100YFRP
1507,1317,-190,,共栄火災海上保険株式会社,保険業,非上場,46.8,13.1,6087114.0,5111015,0.8396,2636.0,,,,5390023,金融業・保険業,textblock,2026-03-31,S100YK13
1508,1595,87,9788,株式会社ナック,サービス業,上場,39.68,10.45,5419000.0,5103310,0.9417,1154.0,1699.0,0.6792,,4839692,サービス業,tag,2026-03-31,S100YKSL
1509,1311,-198,8039,築地魚市場株式会社,卸売業,上場,46.2,17.2,6093935.0,5102676,0.8373,164.0,292.0,0.5616,,5370115,卸売業・小売業,tag,2026-03-31,S100YISR
1510,1367,-143,6955,ＦＤＫ株式会社,電気機器,上場,47.2,22.3,5966000.0,5100318,0.8549,1506.0,2420.0,0.6223,,5297018,製造業,tag,2026-03-31,S100YH9L
1511,1590,79,8560,株式会社　宮崎太陽銀行,銀行業,上場,37.4,15.2,5426000.0,5097209,0.9394,558.0,570.0,0.9789,,5098934,金融業・保険業,tag,2026-03-31,S100YG72
1512,1442,-70,2708,株式会社久世,卸売業,上場,42.7,10.9,5775345.0,5095156,0.8822,395.0,649.0,0.6086,,4989753,卸売業・小売業,tag,2026-03-31,S100YG7R
1513,1309,-204,9885,株式会社　シャルレ,卸売業,上場,46.4,19.8,6102000.0,5094617,0.8349,205.0,291.0,0.7045,,5386318,卸売業・小売業,tag,2026-03-31,S100YE1F
1514,1692,178,6195,株式会社ホープ,サービス業,上場,34.9,5.0,5085000.0,5090380,1.0011,209.0,217.0,0.9631,,5098668,サービス業,tag,2026-03-31,S100YMFF
1515,1470,-45,8563,株式会社大東銀行,銀行業,上場,40.1,17.3,5707000.0,5089680,0.8918,405.0,413.0,0.9806,,5058605,金融業・保険業,tag,2026-03-31,S100YHKN
1516,1633,117,6070,キャリアリンク株式会社,サービス業,上場,38.3,4.4,5297000.0,5088907,0.9607,706.0,932.0,0.7575,,4871247,サービス業,tag,2026-03-31,S100YHI9
1517,1637,120,9616,株式会社共立メンテナンス,サービス業,上場,38.1,6.1,5281524.0,5088896,0.9635,3544.0,6614.0,0.5358,,4879770,サービス業,tag,2026-03-31,S100YIIM
1518,1507,-11,2483,株式会社翻訳センター,サービス業,上場,42.7,10.0,5603259.0,5087715,0.908,391.0,540.0,0.7241,,4841075,サービス業,tag,2026-03-31,S100YILW
1519,1447,-72,2681,株式会社ゲオホールディングス,小売業,上場,42.72,13.51,5766973.0,5086212,0.882,641.0,7249.0,0.0884,本社のみ,4982329,卸売業・小売業,tag,2026-03-31,S100YJMA
1520,1556,36,,奈良交通株式会社,陸運業,非上場,50.6,16.5,5494000.0,5080275,0.9247,1510.0,2142.0,0.7049,,4926879,運輸業,textblock,2026-03-31,S100YHD1
1521,1675,154,6565,ＡＢホテル株式会社,サービス業,上場,36.6,2.1,5163000.0,5077140,0.9834,103.0,,,,4950734,サービス業,tag,2026-03-31,S100YDVA
1522,1462,-60,3835,ｅＢＡＳＥ株式会社,情報・通信業,上場,40.1,10.0,5732000.0,5074327,0.8853,170.0,480.0,0.3542,,5080765,情報通信業,tag,2026-03-31,S100YEPQ
1523,1548,25,9729,株式会社トーカイ,サービス業,上場,41.3,10.7,5510960.0,5072331,0.9204,2007.0,4694.0,0.4276,,4803685,サービス業,tag,2026-03-31,S100YE2Y
1524,1572,48,3317,株式会社フライングガーデン,小売業,上場,39.5,13.5,5468000.0,5071342,0.9275,173.0,,,,4900365,卸売業・小売業,tag,2026-03-31,S100YHND
1525,1523,-2,7955,クリナップ株式会社,その他製品,上場,41.1,15.1,5572064.0,5069851,0.9099,2993.0,3483.0,0.8593,,4867855,製造業,tag,2026-03-31,S100YHN2
1526,1627,101,2818,株式会社ピエトロ,食料品,上場,37.0,9.0,5320000.0,5066420,0.9523,313.0,315.0,0.9937,,5049599,製造業,tag,2026-03-31,S100YFQA
1527,1457,-70,6989,北陸電気工業株式会社,電気機器,上場,44.0,20.5,5739384.0,5066362,0.8827,644.0,1833.0,0.3513,,4969922,製造業,tag,2026-03-31,S100YJZD
1528,1480,-48,6899,ＡＳＴＩ株式会社,電気機器,上場,43.1,17.4,5685872.0,5065454,0.8909,689.0,4282.0,0.1609,,4910943,製造業,tag,2026-03-31,S100YD3Z
1529,1518,-11,6346,キクカワエンタープライズ株式会社,機械,上場,41.4,19.8,5577500.0,5058293,0.9069,189.0,,,,4856665,製造業,tag,2026-03-31,S100YHXC
1530,1305,-225,4288,株式会社アズジェント,情報・通信業,上場,43.7,9.6,6111796.0,5054743,0.827,100.0,,,,5285432,情報通信業,tag,2026-03-31,S100YGM0
1531,1122,-409,3841,株式会社ジーダット,情報・通信業,上場,47.8,12.0,6524583.0,5051466,0.7742,130.0,,,,5810656,情報通信業,tag,2026-03-31,S100YAUW
1532,1475,-57,2804,ブルドックソース株式会社,食料品,上場,43.7,17.1,5702000.0,5048754,0.8854,199.0,282.0,0.7057,,4931044,製造業,tag,2026-03-31,S100YGZB
1533,1563,30,7444,ハリマ共和物産株式会社,卸売業,上場,40.0,14.0,5485152.0,5046875,0.9201,173.0,190.0,0.9105,,4870359,卸売業・小売業,tag,2026-03-31,S100YK4R
1534,1561,27,5820,株式会社三ッ星,非鉄金属,上場,40.3,13.9,5487805.0,5037011,0.9179,165.0,326.0,0.5061,,4848233,製造業,tag,2026-03-31,S100YG3G
1535,1454,-81,2411,ゲンダイエージェンシー株式会社,情報・通信業,上場,40.63,12.0,5741000.0,5036137,0.8772,138.0,208.0,0.6635,,5046460,情報通信業,tag,2026-03-31,S100YEOU
1536,1579,43,,静岡鉄道株式会社,陸運業,非上場,43.1,12.1,5449663.0,5035573,0.924,476.0,4413.0,0.1079,,4706927,運輸業,textblock,2026-03-31,S100YJII
1537,1511,-26,3447,信和株式会社,金属製品,上場,42.2,10.2,5598000.0,5033634,0.8992,145.0,358.0,0.405,,4845059,製造業,tag,2026-03-31,S100YJZ0
1538,1570,32,4694,株式会社ビー・エム・エル,サービス業,上場,41.4,11.0,5472375.0,5029783,0.9191,2700.0,4612.0,0.5854,,4765127,サービス業,tag,2026-03-31,S100YFSM
1539,1598,59,2813,和弘食品株式会社,食料品,上場,39.2,10.8,5412641.0,5028709,0.9291,262.0,310.0,0.8452,,4880098,製造業,tag,2026-03-31,S100YGOO
1540,1453,-87,3529,アツギ株式会社,繊維製品,上場,44.8,13.8,5741095.0,5027003,0.8756,141.0,1207.0,0.1168,,4997797,製造業,tag,2026-03-31,S100YKV3
1541,1530,-11,6647,森尾電機株式会社,電気機器,上場,41.6,18.9,5553000.0,5025179,0.9049,197.0,218.0,0.9037,,4826223,製造業,tag,2026-03-31,S100YJH1
1542,1422,-120,9698,株式会社クレオ,情報・通信業,上場,41.8,14.3,5842751.0,5024656,0.86,507.0,1167.0,0.4344,,5069726,情報通信業,tag,2026-03-31,S100YGVQ
1543,1512,-31,5199,不二ラテックス株式会社,ゴム製品,上場,42.4,13.5,5594710.0,5020282,0.8973,247.0,253.0,0.9763,,4837896,製造業,tag,2026-03-31,S100YGMK
1544,1592,48,2815,アリアケジャパン株式会社,食料品,上場,39.6,14.5,5422000.0,5015127,0.925,747.0,1201.0,0.622,,4849741,製造業,tag,2026-03-31,S100YDGM
1545,1505,-40,5388,クニミネ工業株式会社,ガラス・土石製品,上場,43.0,12.2,5610000.0,5002992,0.8918,228.0,277.0,0.8231,,4845350,製造業,tag,2026-03-31,S100YLG9
1546,1514,-32,9639,三協フロンテア株式会社,サービス業,上場,45.5,9.4,5590000.0,4999051,0.8943,1165.0,1207.0,0.9652,,4895446,サービス業,tag,2026-03-31,S100YF0N
1547,1540,-7,3766,システムズ・デザイン株式会社,情報・通信業,上場,38.9,9.8,5528388.0,4997789,0.904,378.0,553.0,0.6835,,5016141,情報通信業,tag,2026-03-31,S100YGLS
1548,1472,-76,6167,冨士ダイス株式会社,機械,上場,44.8,21.9,5705659.0,4995974,0.8756,845.0,1078.0,0.7839,,4966949,製造業,tag,2026-03-31,S100YEI1
1549,1485,-64,6334,明治機械株式会社,機械,上場,44.2,12.1,5667000.0,4992319,0.8809,156.0,210.0,0.7429,,4912659,製造業,tag,2026-03-31,S100YJ53
1550,1733,183,9039,株式会社サカイ引越センター,陸運業,上場,34.5,8.4,4950000.0,4991416,1.0084,6083.0,6989.0,0.8704,,5017325,運輸業,tag,2026-03-31,S100YFJQ
1551,1626,75,343A,株式会社ＩＡＣＥトラベル,サービス業,上場,40.0,16.0,5322000.0,4989116,0.9375,114.0,137.0,0.8321,,4725494,サービス業,tag,2026-03-31,S100YG2V
1552,1193,-359,,株式会社アイビーシー岩手放送,情報・通信業,非上場,46.44,14.45,6372196.0,4988191,0.7828,110.0,116.0,0.9483,,5626676,情報通信業,textblock,2026-03-31,S100YMT7
1553,1602,49,,遠州鉄道株式会社,陸運業,非上場,42.6,10.4,5395281.0,4987738,0.9245,1852.0,5620.0,0.3295,,4662451,運輸業,textblock,2026-03-31,S100YII3
1554,1504,-50,5541,大平洋金属株式会社,鉄鋼,上場,43.3,20.4,5610000.0,4987630,0.8891,384.0,425.0,0.9035,,4846372,製造業,tag,2026-03-31,S100YDBT
1555,1697,142,2479,株式会社ジェイテック,サービス業,上場,36.6,10.8,5067000.0,4982737,0.9834,281.0,430.0,0.6535,,4858681,サービス業,tag,2026-03-31,S100YN23
1556,1460,-96,4102,丸尾カルシウム株式会社,化学,上場,45.6,20.2,5735596.0,4982011,0.8686,215.0,239.0,0.8996,,5027463,製造業,tag,2026-03-31,S100YFE2
1557,1531,-26,3611,株式会社マツオカコーポレーション,繊維製品,上場,42.4,8.4,5552000.0,4981957,0.8973,177.0,21086.0,0.0084,本社のみ,4800964,製造業,tag,2026-03-31,S100YHK4
1558,1500,-58,6962,株式会社大真空,電気機器,上場,43.6,17.6,5620262.0,4981458,0.8863,639.0,2995.0,0.2134,,4858694,製造業,tag,2026-03-31,S100YKVO
1559,1473,-86,2883,株式会社大冷,食料品,上場,45.1,16.8,5705000.0,4980336,0.873,146.0,,,,4978649,製造業,tag,2026-03-31,S100YBPW
1560,1609,49,6695,株式会社キャストリコ,電気機器,上場,39.8,5.0,5385000.0,4969914,0.9229,127.0,,,,4798603,製造業,textblock,2026-03-31,S100YJNO
1561,1613,52,9060,日本ロジテム株式会社,陸運業,上場,43.0,14.0,5377389.0,4969272,0.9241,922.0,3718.0,0.248,,4644445,運輸業,tag,2026-03-31,S100YNBV
1562,1483,-79,7938,株式会社リーガルコーポレーション,その他製品,上場,44.8,20.7,5675000.0,4969129,0.8756,170.0,790.0,0.2152,,4940259,製造業,tag,2026-03-31,S100YFIT
1563,1701,138,2993,株式会社長栄,不動産業,上場,35.5,8.4,5051000.0,4968973,0.9838,261.0,,,,4984217,不動産業,tag,2026-03-31,S100YCXS
1564,1448,-116,7399,株式会社ナンシン,輸送用機器,上場,46.2,12.3,5754893.0,4968959,0.8634,173.0,438.0,0.395,,5071343,製造業,tag,2026-03-31,S100YM6C
1565,1577,12,7902,株式会社ソノコム,その他製品,上場,41.0,17.6,5453219.0,4967120,0.9109,113.0,,,,4769791,製造業,tag,2026-03-31,S100YJAF
1566,1489,-77,4512,わかもと製薬株式会社,医薬品,上場,44.4,17.0,5649590.0,4966907,0.8792,303.0,,,,4903755,製造業,tag,2026-03-31,S100YDBU
1567,1622,55,7619,田中商事株式会社,卸売業,上場,39.4,13.4,5346684.0,4966773,0.9289,437.0,455.0,0.9604,,4801113,卸売業・小売業,tag,2026-03-31,S100YDHJ
1568,1713,145,7606,株式会社ユナイテッドアローズ,小売業,上場,35.7,10.2,5020000.0,4959100,0.9879,3825.0,3904.0,0.9798,,4927561,卸売業・小売業,tag,2026-03-31,S100YEY5
1569,1557,-12,3768,リスクモンスター株式会社,情報・通信業,上場,39.0,8.1,5493000.0,4957043,0.9024,117.0,185.0,0.6324,,4973359,情報通信業,tag,2026-03-31,S100YGM6
1570,1510,-60,3395,株式会社サンマルクホールディングス,小売業,上場,42.5,7.5,5599713.0,4955389,0.8849,355.0,1229.0,0.2889,,4840518,卸売業・小売業,tag,2026-03-31,S100YI0O
1571,1536,-35,7987,ナカバヤシ株式会社,その他製品,上場,42.7,14.8,5537405.0,4953509,0.8946,692.0,2004.0,0.3453,,4784179,製造業,tag,2026-03-31,S100YKAO
1572,1695,123,9799,旭情報サービス株式会社,情報・通信業,上場,35.7,12.4,5073000.0,4953288,0.9764,1911.0,,,,4979585,情報通信業,tag,2026-03-31,S100YHT5
1573,1618,45,6484,株式会社ＫＶＫ,機械,上場,39.9,14.6,5368000.0,4948765,0.9219,620.0,1022.0,0.6067,,4774784,製造業,tag,2026-03-31,S100YH48
1574,1673,99,6570,株式会社共和コーポレーション,サービス業,上場,38.6,8.2,5165000.0,4940457,0.9565,246.0,279.0,0.8817,,4717480,サービス業,tag,2026-03-31,S100YF8W
1575,1464,-111,8365,株式会社　富山銀行,銀行業,上場,41.8,16.3,5713000.0,4937591,0.8643,319.0,325.0,0.9815,,4957141,金融業・保険業,tag,2026-03-31,S100YFUZ
1576,1715,139,4750,株式会社ダイサン,サービス業,上場,36.5,9.3,5015045.0,4936777,0.9844,536.0,638.0,0.8401,,4821231,サービス業,tag,2026-04-20,S100YNWZ
1577,1546,-31,6138,ダイジェット工業株式会社,機械,上場,42.6,21.3,5513000.0,4936762,0.8955,347.0,360.0,0.9639,,4764180,製造業,tag,2026-03-31,S100YHNC
1578,1499,-79,6964,株式会社サンコー,電気機器,上場,44.5,21.2,5620601.0,4936425,0.8783,289.0,484.0,0.5971,,4881938,製造業,tag,2026-03-31,S100YJUI
1579,1558,-21,6467,株式会社ニチダイ,機械,上場,42.3,17.6,5491901.0,4933125,0.8983,344.0,596.0,0.5772,,4750963,製造業,tag,2026-03-31,S100YGVK
1580,1506,-74,6736,サン電子株式会社,電気機器,上場,44.3,14.3,5605362.0,4933016,0.8801,215.0,307.0,0.7003,,4862203,製造業,tag,2026-03-31,S100YKGG
1581,1519,-62,7883,サンメッセ株式会社,その他製品,上場,43.8,22.16,5574164.0,4930537,0.8845,614.0,643.0,0.9549,,4822383,製造業,tag,2026-03-31,S100YFTU
1582,1542,-40,2894,石井食品株式会社,食料品,上場,42.9,15.2,5520864.0,4928561,0.8927,395.0,405.0,0.9753,,4768585,製造業,tag,2026-03-31,S100YMHZ
1583,1608,25,3435,サンコーテクノ株式会社,金属製品,上場,40.6,12.5,5385000.0,4926436,0.9148,345.0,850.0,0.4059,,4735585,製造業,tag,2026-03-31,S100YHPR
1584,1463,-121,4031,片倉コープアグリ株式会社,化学,上場,46.6,18.7,5723975.0,4922691,0.86,612.0,797.0,0.7679,,5060785,製造業,tag,2026-03-31,S100YFRR
1585,1735,150,6549,ディーエムソリューションズ株式会社,サービス業,上場,35.1,6.2,4927770.0,4922567,0.9989,324.0,355.0,0.9127,,4914599,サービス業,tag,2026-03-31,S100YJGW
1586,1587,1,2594,キーコーヒー株式会社,食料品,上場,41.5,16.6,5432882.0,4921802,0.9059,618.0,1019.0,0.6065,,4726136,製造業,tag,2026-03-31,S100YK1N
1587,1600,13,8383,株式会社　鳥取銀行,銀行業,上場,39.0,16.1,5404000.0,4920985,0.9106,632.0,638.0,0.9906,,4892778,金融業・保険業,tag,2026-03-31,S100YDT2
1588,1654,66,8559,株式会社豊和銀行,銀行業,上場,37.3,14.4,5227000.0,4919988,0.9413,509.0,,,,4924140,金融業・保険業,tag,2026-03-31,S100YF85
1589,1747,158,7183,あんしん保証株式会社,その他金融業,上場,34.8,6.4,4892000.0,4919595,1.0056,135.0,,,,4918374,金融業・保険業,tag,2026-03-31,S100YCZS
1590,1603,13,3945,スーパーバッグ株式会社,パルプ・紙,上場,41.0,18.3,5395000.0,4914090,0.9109,335.0,381.0,0.8793,,4718869,製造業,tag,2026-03-31,S100YJ4G
1591,1541,-50,6408,小倉クラッチ株式会社,機械,上場,43.3,18.6,5527000.0,4913838,0.8891,791.0,1755.0,0.4507,,4774670,製造業,tag,2026-03-31,S100YJ6L
1592,1487,-105,6111,旭精機工業株式会社,機械,上場,45.6,19.8,5657000.0,4913742,0.8686,456.0,,,,4958571,製造業,tag,2026-03-31,S100YHGQ
1593,1685,92,2136,株式会社ヒップ,サービス業,上場,38.4,11.2,5118000.0,4909772,0.9593,855.0,,,,4695803,サービス業,tag,2026-03-31,S100YEJ2
1594,1621,27,2933,株式会社紀文食品,食料品,上場,40.3,16.6,5349000.0,4909608,0.9179,1159.0,2457.0,0.4717,,4725605,製造業,tag,2026-03-31,S100YGHF
1595,1496,-99,3753,株式会社フライトソリューションズ,情報・通信業,上場,41.0,11.1,5631000.0,4908521,0.8717,110.0,,,,4925292,情報通信業,tag,2026-03-31,S100YH2V
1596,1758,162,9256,株式会社サクシード,サービス業,上場,33.7,5.2,4841000.0,4908443,1.0139,118.0,209.0,0.5646,,5017136,サービス業,tag,2026-03-31,S100YJBO
1597,1582,-15,3910,株式会社エムケイシステム,情報・通信業,上場,39.1,6.7,5446000.0,4905981,0.9008,104.0,130.0,0.8,,4920399,情報通信業,tag,2026-03-31,S100YL5Q
1598,1656,58,2208,株式会社ブルボン,食料品,上場,38.3,15.9,5220000.0,4898694,0.9384,3857.0,4150.0,0.9294,,4800436,製造業,tag,2026-03-31,S100YEFS
1599,1495,-104,6262,株式会社ＰＥＧＡＳＵＳ,機械,上場,45.6,18.8,5632000.0,4892026,0.8686,231.0,1576.0,0.1466,,4936657,製造業,tag,2026-03-31,S100YGO3
1600,1724,124,9715,トランス・コスモス株式会社,サービス業,上場,37.0,9.0,4993509.0,4890137,0.9793,18141.0,43571.0,0.4164,,4739703,サービス業,tag,2026-03-31,S100YENI
1601,1528,-73,7950,日本デコラックス株式会社,化学,上場,44.3,15.8,5556100.0,4889663,0.8801,172.0,,,,4819472,製造業,tag,2026-03-31,S100YI56
1602,1538,-64,5279,日本興業株式会社,ガラス・土石製品,上場,43.9,11.6,5531000.0,4887380,0.8836,325.0,431.0,0.7541,,4787147,製造業,tag,2026-03-31,S100YFPM
1603,1524,-79,8349,株式会社　東北銀行,銀行業,上場,41.0,16.1,5572000.0,4886790,0.877,548.0,560.0,0.9786,,4873686,金融業・保険業,tag,2026-03-31,S100YEUT
1604,1589,-15,2156,セーラー広告株式会社,サービス業,上場,44.4,17.3,5429000.0,4884037,0.8996,100.0,192.0,0.5208,,4712286,サービス業,tag,2026-03-31,S100YEAK
1605,1437,-168,7746,岡本硝子株式会社,精密機器,上場,48.6,19.0,5789000.0,4880296,0.843,153.0,232.0,0.6595,,5167303,製造業,tag,2026-03-31,S100YL4M
1606,1682,76,7096,株式会社ステムセル研究所,医薬品,上場,37.1,5.2,5129000.0,4878970,0.9513,120.0,136.0,0.8824,,4856056,製造業,tag,2026-03-31,S100YI32
1607,1583,-24,7896,セブン工業株式会社,その他製品,上場,42.5,16.1,5440722.0,4877066,0.8964,376.0,,,,4703083,製造業,tag,2026-03-31,S100YEA0
1608,1640,32,9083,神姫バス株式会社,陸運業,上場,49.7,11.1,5275024.0,4872288,0.9237,1716.0,3543.0,0.4843,,4716076,運輸業,tag,2026-03-31,S100YHAF
1609,1607,-2,4491,コンピューターマネージメント株式会社,情報・通信業,上場,38.9,7.9,5387271.0,4870216,0.904,734.0,754.0,0.9735,,4888099,情報通信業,tag,2026-03-31,S100YGM1
1610,1568,-42,9996,株式会社サトー商会,卸売業,上場,42.2,15.0,5475361.0,4867781,0.889,616.0,700.0,0.88,,4738915,卸売業・小売業,tag,2026-03-31,S100YHOR
1611,1597,-14,3422,株式会社　Ｊ－ＭＡＸ,金属製品,上場,42.2,18.4,5413045.0,4867325,0.8992,278.0,1081.0,0.2572,,4684981,製造業,tag,2026-03-31,S100YJJI
1612,1585,-27,7255,株式会社　桜井製作所,輸送用機器,上場,42.6,18.4,5435000.0,4866914,0.8955,170.0,271.0,0.6273,,4696775,製造業,tag,2026-03-31,S100YI1Y
1613,1690,77,8219,青山商事株式会社,小売業,上場,37.7,14.2,5091000.0,4861707,0.955,2856.0,6666.0,0.4284,,4749034,卸売業・小売業,tag,2026-03-31,S100YJ44
1614,1591,-23,9686,東洋テック株式会社,サービス業,上場,45.1,12.4,5423000.0,4860187,0.8962,1154.0,2096.0,0.5506,,4732552,サービス業,tag,2026-03-31,S100YCTH
1615,1781,166,5592,株式会社くすりの窓口,情報・通信業,上場,34.0,3.5,4688000.0,4855645,1.0358,321.0,491.0,0.6538,,4817697,情報通信業,tag,2026-03-31,S100YKTN
1616,1534,-82,4623,株式会社アサヒペン,化学,上場,44.8,16.6,5544908.0,4855218,0.8756,139.0,375.0,0.3707,,4827010,製造業,tag,2026-03-31,S100YLY9
1617,1517,-100,5974,中国工業株式会社,金属製品,上場,45.5,21.5,5582000.0,4853449,0.8695,260.0,376.0,0.6915,,4888440,製造業,tag,2026-03-31,S100YHRE
1618,1551,-67,2907,株式会社あじかん,食料品,上場,44.4,16.0,5502427.0,4837527,0.8792,716.0,887.0,0.8072,,4776020,製造業,tag,2026-03-31,S100YGFU
1619,1539,-80,6042,株式会社ニッキ,輸送用機器,上場,44.9,18.1,5529324.0,4836697,0.8747,174.0,509.0,0.3418,,4817303,製造業,tag,2026-03-31,S100YKJL
1620,1632,12,6325,株式会社タカキタ,機械,上場,40.8,15.1,5297072.0,4835421,0.9128,270.0,,,,4645212,製造業,tag,2026-03-31,S100YFLC
1621,1593,-28,9853,株式会社銀座ルノアール,小売業,上場,42.0,13.0,5421073.0,4834441,0.8918,150.0,151.0,0.9934,,4697292,卸売業・小売業,tag,2026-03-31,S100YJPB
1622,1669,47,2816,株式会社ダイショー,食料品,上場,38.8,13.6,5179604.0,4833674,0.9332,691.0,,,,4709900,製造業,tag,2026-03-31,S100YGNU
1623,1565,-58,4960,ケミプロ化成株式会社,化学,上場,44.2,15.8,5482000.0,4829344,0.8809,222.0,,,,4752284,製造業,tag,2026-03-31,S100YIYR
1624,1449,-175,8025,株式会社ツカモトコーポレーション,卸売業,上場,46.1,19.1,5754000.0,4825051,0.8386,117.0,180.0,0.65,,5066157,卸売業・小売業,tag,2026-03-31,S100YDV3
1625,1594,-31,7120,株式会社ＳＨＩＮＫＯ,情報・通信業,上場,39.8,12.8,5420533.0,4823621,0.8899,895.0,,,,4830266,情報通信業,tag,2026-03-31,S100YE1C
1626,1575,-51,4242,株式会社タカギセイコー,化学,上場,43.9,19.4,5456000.0,4821108,0.8836,776.0,1849.0,0.4197,,4722233,製造業,tag,2026-03-31,S100YGHA
1627,1567,-60,5909,株式会社　コロナ,金属製品,上場,44.4,19.6,5479000.0,4816931,0.8792,1548.0,2083.0,0.7432,,4755685,製造業,tag,2026-03-31,S100YF55
1628,1604,-24,5287,株式会社イトーヨーギョー,ガラス・土石製品,上場,42.9,12.5,5395000.0,4816200,0.8927,124.0,,,,4659872,製造業,tag,2026-03-31,S100YJYN
1629,1652,23,6928,株式会社エノモト,電気機器,上場,40.1,16.4,5232065.0,4812839,0.9199,544.0,1293.0,0.4207,,4637629,製造業,tag,2026-03-31,S100YF9J
1630,1580,-50,2876,株式会社デルソーレ,食料品,上場,44.0,14.0,5449000.0,4810029,0.8827,241.0,,,,4718469,製造業,tag,2026-03-31,S100YC0N
1631,1564,-67,4625,アトミクス株式会社,化学,上場,44.6,20.5,5482000.0,4809832,0.8774,218.0,278.0,0.7842,,4764974,製造業,tag,2026-03-31,S100YIIT
1632,1711,79,2179,株式会社成学社,サービス業,上場,38.5,7.8,5021000.0,4809707,0.9579,766.0,841.0,0.9108,,4596312,サービス業,tag,2026-03-31,S100YCFW
1633,1659,26,9082,大和自動車交通株式会社,陸運業,上場,48.8,16.5,5212989.0,4809566,0.9226,102.0,2177.0,0.0469,本社のみ,4654690,運輸業,tag,2026-03-31,S100YHKH
1634,1584,-50,4615,神東塗料株式会社,化学,上場,43.9,14.6,5440000.0,4806970,0.8836,306.0,399.0,0.7669,,4708385,製造業,tag,2026-03-31,S100YD50
1635,1680,45,7414,小野建株式会社,卸売業,上場,39.0,8.0,5140348.0,4805906,0.9349,994.0,1235.0,0.8049,,4654068,卸売業・小売業,tag,2026-03-31,S100YK40
1636,1649,13,7191,株式会社イントラスト,その他金融業,上場,38.6,4.1,5237000.0,4805726,0.9176,217.0,308.0,0.7045,,4783242,金融業・保険業,tag,2026-03-31,S100YECQ
1637,1823,186,5579,株式会社ＧＳＩ,情報・通信業,上場,32.0,5.22,4307495.0,4805206,1.1155,516.0,548.0,0.9416,,4706570,情報通信業,tag,2026-03-31,S100YKIG
1638,1732,94,5247,株式会社ＢＴＭ,情報・通信業,上場,35.9,3.8,4951000.0,4801793,0.9699,230.0,262.0,0.8779,,4834388,情報通信業,tag,2026-03-31,S100YLUK
1639,1655,16,3896,阿波製紙株式会社,パルプ・紙,上場,40.3,16.5,5226285.0,4796974,0.9179,480.0,691.0,0.6946,,4617191,製造業,tag,2026-03-31,S100YL59
1640,1751,111,9769,株式会社学究社,サービス業,上場,36.4,8.0,4866780.0,4795815,0.9854,378.0,462.0,0.8182,,4690770,サービス業,tag,2026-03-31,S100YKPV
1641,1770,129,6557,ＡＩＡＩグループ株式会社,サービス業,上場,34.4,3.9,4760833.0,4791217,1.0064,1234.0,2354.0,0.5242,,4838783,サービス業,textblock,2026-03-31,S100YH7U
1642,1661,19,,株式会社　但馬銀行,銀行業,非上場,38.4,14.2,5200000.0,4790263,0.9212,567.0,582.0,0.9742,,4771039,金融業・保険業,textblock,2026-03-31,S100YI1V
1643,1513,-130,5962,浅香工業株式会社,その他製品,上場,47.0,20.0,5591000.0,4789363,0.8566,142.0,,,,4957695,製造業,tag,2026-03-31,S100YIX3
1644,1569,-75,7554,株式会社幸楽苑,小売業,上場,43.27,14.07,5473000.0,4786629,0.8746,581.0,,,,4727811,卸売業・小売業,tag,2026-03-31,S100YCYB
1645,1663,18,7475,アルビス株式会社,小売業,上場,39.9,10.4,5194000.0,4786584,0.9216,954.0,1026.0,0.9298,,4620013,卸売業・小売業,tag,2026-03-31,S100YD39
1646,1666,20,,伊豆箱根鉄道株式会社,陸運業,非上場,44.04,22.09,5182919.0,4784741,0.9232,357.0,1195.0,0.2987,,4488990,運輸業,textblock,2026-03-31,S100YFA1
1647,1612,-35,7368,表示灯株式会社,サービス業,上場,46.6,10.9,5378000.0,4781107,0.889,432.0,455.0,0.9495,,4754895,サービス業,tag,2026-03-31,S100YKV6
1648,1599,-49,3024,クリエイト株式会社,卸売業,上場,42.6,16.3,5409000.0,4779277,0.8836,430.0,591.0,0.7276,,4674307,卸売業・小売業,tag,2026-03-31,S100YD0K
1649,1628,-21,7715,長野計器株式会社,精密機器,上場,42.3,18.4,5318000.0,4776917,0.8983,771.0,2390.0,0.3226,,4600524,製造業,tag,2026-03-31,S100YLAN
1650,1674,24,9012,秩父鉄道株式会社,陸運業,上場,42.04,19.1,5164104.0,4776616,0.925,298.0,377.0,0.7905,,4473519,運輸業,tag,2026-03-31,S100YIV6
1651,1688,37,2585,株式会社ライフドリンク　カンパニー,食料品,上場,38.4,5.6,5093803.0,4774908,0.9374,593.0,835.0,0.7102,,4673602,製造業,tag,2026-03-31,S100YIP0
1652,1616,-36,6439,中日本鋳工株式会社,機械,上場,43.3,9.0,5370000.0,4774256,0.8891,136.0,,,,4639040,製造業,tag,2026-03-31,S100YIME
1653,1691,38,548A,株式会社システムエグゼ,情報・通信業,上場,36.9,7.7,5085990.0,4772892,0.9384,685.0,867.0,0.7901,,4839715,情報通信業,tag,2026-03-31,S100YKKE
1654,1586,-68,2730,株式会社エディオン,小売業,上場,43.0,18.0,5434000.0,4772085,0.8782,8364.0,9148.0,0.9143,,4693339,卸売業・小売業,tag,2026-03-31,S100YDWB
1655,1620,-35,8006,ユアサ・フナショク株式会社,卸売業,上場,42.0,18.0,5349874.0,4770947,0.8918,216.0,303.0,0.7129,,4635599,卸売業・小売業,tag,2026-03-31,S100YIWQ
1656,1706,50,3951,朝日印刷株式会社,パルプ・紙,上場,37.4,14.3,5031000.0,4769478,0.948,1111.0,1760.0,0.6312,,4727744,製造業,tag,2026-03-31,S100YEXW
1657,1502,-155,4990,昭和化学工業株式会社,化学,上場,47.9,19.4,5614135.0,4765961,0.8489,163.0,216.0,0.7546,,5001774,製造業,tag,2026-03-31,S100YJME
1658,1526,-132,7198,ＳＢＩアルヒ株式会社,その他金融業,上場,42.9,6.4,5559019.0,4764236,0.857,442.0,522.0,0.8467,,4801541,金融業・保険業,tag,2026-03-31,S100YFMO
1659,1533,-126,7522,ワタミ株式会社,小売業,上場,44.5,11.65,5549000.0,4764121,0.8586,1119.0,1624.0,0.689,,4819747,卸売業・小売業,tag,2026-03-31,S100YMJJ
1660,1522,-138,8160,株式会社　木曽路,小売業,上場,44.8,12.5,5572773.0,4763231,0.8547,1359.0,1364.0,0.9963,,4851267,卸売業・小売業,tag,2026-03-31,S100YGX7
1661,1672,11,9075,福山通運株式会社,陸運業,上場,45.9,15.6,5166000.0,4760553,0.9215,10994.0,22501.0,0.4886,,4540408,運輸業,tag,2026-03-31,S100YIXL
1662,1772,110,6580,株式会社ライトアップ,情報・通信業,上場,35.0,5.9,4756000.0,4756000,1.0,111.0,127.0,0.874,,4756000,情報通信業,tag,2026-03-31,S100YLCH
1663,1689,26,4347,ブロードメディア株式会社,サービス業,上場,40.3,9.7,5093672.0,4754751,0.9335,450.0,716.0,0.6285,,4500034,サービス業,tag,2026-03-31,S100YK4A
1664,1630,-34,7897,ホクシン株式会社,その他製品,上場,42.6,17.6,5309000.0,4754084,0.8955,167.0,,,,4587889,製造業,tag,2026-03-31,S100YGLJ
1665,1681,16,9036,東部ネットワーク株式会社,陸運業,上場,53.9,12.9,5130000.0,4752719,0.9265,259.0,378.0,0.6852,,4858197,運輸業,tag,2026-03-31,S100YK2G
1666,1545,-121,5973,株式会社トーアミ,金属製品,上場,46.4,16.7,5513494.0,4751082,0.8617,249.0,406.0,0.6133,,4866835,製造業,tag,2026-03-31,S100YDF3
1667,1550,-117,7863,株式会社平賀,その他製品,上場,46.35,14.83,5505000.0,4746117,0.8621,305.0,,,,4857317,製造業,tag,2026-03-31,S100YLE6
1668,1678,10,2323,株式会社ｆｏｎｆｕｎ,情報・通信業,上場,37.8,7.5,5146000.0,4744260,0.9219,122.0,273.0,0.4469,,4788724,情報通信業,tag,2026-03-31,S100YKRB
1669,1684,15,9035,第一交通産業株式会社,陸運業,上場,42.3,12.3,5121604.0,4736111,0.9247,296.0,11946.0,0.0248,本社のみ,4430625,運輸業,tag,2026-03-31,S100Y9O5
1670,1631,-39,7953,菊水化学工業株式会社,その他製品,上場,42.8,14.4,5298000.0,4734473,0.8936,407.0,426.0,0.9554,,4576575,製造業,tag,2026-03-31,S100YKW4
1671,1574,-97,3374,内外テック株式会社,卸売業,上場,43.8,10.9,5456351.0,4733971,0.8676,178.0,577.0,0.3085,,4720459,卸売業・小売業,tag,2026-03-31,S100YH0J
1672,1467,-205,3628,株式会社データホライゾン,情報・通信業,上場,43.6,8.0,5711000.0,4733029,0.8288,239.0,365.0,0.6548,,4937137,情報通信業,tag,2026-03-31,S100YMTV
1673,1636,-37,4247,ポバール興業株式会社,化学,上場,42.9,15.8,5289000.0,4721572,0.8927,116.0,204.0,0.5686,,4568315,製造業,tag,2026-03-31,S100YK0F
1674,1624,-50,7985,ネポン株式会社,金属製品,上場,43.6,14.3,5325000.0,4719756,0.8863,240.0,247.0,0.9717,,4603442,製造業,tag,2026-03-31,S100YN9E
1675,1821,146,3934,株式会社ベネフィットジャパン,情報・通信業,上場,32.9,7.0,4376722.0,4718860,1.0782,193.0,279.0,0.6918,,4643970,情報通信業,tag,2026-03-31,S100YHUS
1676,1707,31,2937,株式会社サンクゼール,食料品,上場,38.5,8.17,5028000.0,4707950,0.9363,281.0,307.0,0.9153,,4602720,製造業,tag,2026-03-31,S100YD6O
1677,1547,-130,7886,ヤマト　モビリティ　＆　Ｍｆｇ．株式会社,化学,上場,47.3,17.8,5511000.0,4706606,0.854,100.0,321.0,0.3115,,4895943,製造業,tag,2026-03-31,S100YMK7
1678,1623,-55,6218,エンシュウ株式会社,機械,上場,44.06,19.69,5332000.0,4703881,0.8822,514.0,804.0,0.6393,,4618601,製造業,tag,2026-03-31,S100YKK8
1679,1743,64,4691,ワシントンホテル株式会社,サービス業,上場,38.4,9.1,4902000.0,4702560,0.9593,428.0,,,,4497622,サービス業,tag,2026-03-31,S100YF5I
1680,1638,-42,,ＮＴＴファイナンス株式会社,サービス業,非上場,46.3,12.3,5281000.0,4702434,0.8904,2781.0,2785.0,0.9986,,4657712,サービス業,textblock,2026-03-31,S100YB34
1681,1657,-24,2224,株式会社コモ,食料品,上場,42.0,18.4,5217621.0,4701337,0.901,173.0,196.0,0.8827,,4521003,製造業,tag,2026-03-31,S100YICN
1682,1614,-68,6428,株式会社オーイズミ,機械,上場,44.9,17.3,5374000.0,4700829,0.8747,162.0,398.0,0.407,,4681980,製造業,tag,2026-03-31,S100YLT7
1683,1617,-66,6926,岡谷電機産業株式会社,電気機器,上場,44.9,16.9,5369000.0,4696456,0.8747,157.0,1101.0,0.1426,,4677624,製造業,tag,2026-03-31,S100YJ7H
1684,1698,14,9085,北海道中央バス株式会社,陸運業,上場,53.5,17.3,5062845.0,4690360,0.9264,1375.0,2513.0,0.5472,,4745397,運輸業,tag,2026-03-31,S100YNFT
1685,1611,-74,5922,那須電機鉄工株式会社,金属製品,上場,45.4,17.9,5382000.0,4684241,0.8704,352.0,464.0,0.7586,,4709085,製造業,tag,2026-03-31,S100YJYT
1686,1639,-47,5979,カネソウ株式会社,金属製品,上場,43.5,19.7,5278982.0,4683747,0.8872,246.0,,,,4562332,製造業,tag,2026-03-31,S100YGWS
1687,1629,-58,4098,チタン工業株式会社,化学,上場,44.2,17.3,5310000.0,4677821,0.8809,245.0,272.0,0.9007,,4603179,製造業,tag,2026-03-31,S100YGE8
1688,1726,38,7621,株式会社うかい,小売業,上場,38.8,8.6,4984188.0,4674986,0.938,589.0,,,,4532205,卸売業・小売業,tag,2026-03-31,S100YL71
1689,1520,-169,3326,株式会社ランシステム,小売業,上場,46.1,14.9,5573700.0,4673859,0.8386,107.0,118.0,0.9068,,4907410,卸売業・小売業,tag,2026-03-31,S100YFHT
1690,1696,6,2831,はごろもフーズ株式会社,食料品,上場,39.96,14.98,5068307.0,4669390,0.9213,654.0,667.0,0.9805,,4503400,製造業,tag,2026-03-31,S100YJSM
1691,1646,-45,6022,株式会社　赤阪鐵工所,機械,上場,43.21,18.0,5243709.0,4666274,0.8899,283.0,,,,4529408,製造業,tag,2026-03-31,S100YI3O
1692,1694,2,6155,高松機械工業株式会社,機械,上場,40.2,15.3,5075320.0,4663526,0.9189,469.0,524.0,0.895,,4491144,製造業,tag,2026-03-31,S100YHHC
1693,1643,-50,4558,株式会社中京医薬品,医薬品,上場,43.7,14.2,5265877.0,4662595,0.8854,298.0,,,,4553888,製造業,tag,2026-03-31,S100YJGX
1694,1347,-347,9474,株式会社ゼンリン,情報・通信業,上場,47.11,18.39,6013242.0,4656194,0.7743,2441.0,3574.0,0.683,,5335961,情報通信業,tag,2026-03-31,S100YD65
1695,1647,-48,7218,田中精密工業株式会社,輸送用機器,上場,43.5,19.1,5243607.0,4652361,0.8872,428.0,1383.0,0.3095,,4531760,製造業,tag,2026-03-31,S100YH4P
1696,1704,8,7114,株式会社フーディソン,情報・通信業,上場,37.7,4.7,5033000.0,4648454,0.9236,103.0,103.0,1.0,,4694930,情報通信業,tag,2026-03-31,S100YJIB
1697,1559,-138,5268,旭コンクリート工業株式会社,ガラス・土石製品,上場,48.2,18.2,5491000.0,4647507,0.8464,188.0,,,,4896840,製造業,tag,2026-03-31,S100YIYA
1698,1578,-120,9890,株式会社マキヤ,小売業,上場,45.0,15.0,5449803.0,4644341,0.8522,436.0,503.0,0.8668,,4751934,卸売業・小売業,tag,2026-03-31,S100YN3H
1699,1508,-191,9831,株式会社ヤマダホールディングス,小売業,上場,46.9,14.1,5602183.0,4643660,0.8289,561.0,26747.0,0.021,本社のみ,4964190,卸売業・小売業,tag,2026-03-31,S100YJWD
1700,1705,5,9034,南総通運株式会社,陸運業,上場,48.5,13.4,5031873.0,4640723,0.9223,710.0,866.0,0.8199,,4490621,運輸業,tag,2026-03-31,S100YK2X
1701,1619,-82,6203,豊和工業株式会社,機械,上場,45.9,16.1,5355000.0,4637508,0.866,594.0,706.0,0.8414,,4706521,製造業,tag,2026-03-31,S100YF38
1702,1651,-51,2221,岩塚製菓株式会社,食料品,上場,43.7,16.9,5232404.0,4632957,0.8854,781.0,844.0,0.9254,,4524941,製造業,tag,2026-03-31,S100YJ2N
1703,1664,-39,5998,株式会社　アドバネクス,金属製品,上場,43.0,14.5,5189761.0,4628224,0.8918,363.0,1913.0,0.1898,,4482390,製造業,tag,2026-03-31,S100YFF6
1704,1615,-89,6658,シライ電子工業株式会社,電気機器,上場,46.6,20.5,5373000.0,4620848,0.86,359.0,1211.0,0.2964,,4750474,製造業,tag,2026-03-31,S100YEDB
1705,1798,93,160A,株式会社アズパートナーズ,サービス業,上場,33.7,4.2,4556000.0,4619473,1.0139,985.0,,,,4721767,サービス業,tag,2026-03-31,S100YIQV
1706,1740,34,4237,フジプレアム株式会社,化学,上場,38.2,12.3,4913494.0,4616232,0.9395,118.0,217.0,0.5438,,4529090,製造業,tag,2026-03-31,S100YH1C
1707,1562,-145,4918,株式会社アイビー化粧品,化学,上場,48.8,20.7,5485950.0,4615662,0.8414,100.0,,,,4898418,製造業,tag,2026-03-31,S100YHO9
1708,1581,-127,,ＯＰＩ株式会社,化学,非上場,48.1,23.1,5447000.0,4614861,0.8472,151.0,,,,4856173,製造業,textblock,2026-03-31,S100YCZD
1709,1719,10,9040,大宝運輸株式会社,陸運業,上場,46.7,13.9,5009000.0,4612311,0.9208,681.0,,,,4432067,運輸業,tag,2026-03-20,S100YADW
1710,1756,46,7461,株式会社キムラ,卸売業,上場,38.0,14.0,4849000.0,4607833,0.9503,154.0,791.0,0.1947,,4490769,卸売業・小売業,tag,2026-03-31,S100YJ86
1711,1644,-67,7486,サンリン株式会社,卸売業,上場,43.3,14.5,5261522.0,4599578,0.8742,411.0,552.0,0.7446,,4545328,卸売業・小売業,tag,2026-03-31,S100YDT8
1712,1745,33,8218,株式会社コメリ,小売業,上場,38.9,13.0,4901289.0,4589803,0.9364,3432.0,3750.0,0.9152,,4447147,卸売業・小売業,tag,2026-03-31,S100YJBF
1713,1749,36,9327,株式会社イー・ロジット,倉庫・運輸関連,上場,40.2,5.2,4882000.0,4589038,0.94,170.0,,,,4320075,運輸業,tag,2026-03-31,S100YI5P
1714,1699,-15,8152,ソマール株式会社,卸売業,上場,41.0,13.0,5057253.0,4580460,0.9057,308.0,464.0,0.6638,,4423450,卸売業・小売業,tag,2026-03-31,S100YI5G
1715,1650,-65,3109,シキボウ株式会社,繊維製品,上場,45.0,12.7,5236000.0,4575508,0.8739,674.0,2306.0,0.2923,,4565510,製造業,tag,2026-03-31,S100YGL9
1716,1710,-6,4444,株式会社インフォネット,情報・通信業,上場,38.5,4.6,5024000.0,4574121,0.9105,121.0,141.0,0.8582,,4599058,情報通信業,tag,2026-03-31,S100YLDD
1717,1763,46,9223,株式会社ＡＳＮＯＶＡ,サービス業,上場,39.0,4.6,4809000.0,4573346,0.951,156.0,231.0,0.6753,,4354065,サービス業,tag,2026-03-31,S100YJ2P
1718,1757,39,9229,株式会社サンウェルズ,サービス業,上場,39.6,2.4,4842157.0,4565298,0.9428,3570.0,,,,4331097,サービス業,tag,2026-03-31,S100YL7U
1719,1693,-26,6837,株式会社京写,電気機器,上場,42.46,15.73,5084000.0,4559182,0.8968,262.0,1191.0,0.22,,4395310,製造業,tag,2026-03-31,S100YHX8
1720,1754,34,9723,株式会社京都ホテル,サービス業,上場,39.9,13.6,4852434.0,4555409,0.9388,364.0,,,,4316193,サービス業,tag,2026-03-31,S100YIC1
1721,1625,-96,8562,株式会社　福島銀行,銀行業,上場,43.4,19.0,5324000.0,4550739,0.8548,414.0,460.0,0.9,,4600145,金融業・保険業,tag,2026-03-31,S100YCO6
1722,1734,12,9037,株式会社ハマキョウレックス,陸運業,上場,44.2,11.0,4928410.0,4549080,0.923,880.0,6010.0,0.1464,,4272383,運輸業,tag,2026-03-31,S100YBXW
1723,1718,-5,5742,エヌアイシ・オートテック株式会社,非鉄金属,上場,41.3,12.0,5010000.0,4548552,0.9079,189.0,,,,4367018,製造業,tag,2026-03-31,S100YGNV
1724,1645,-79,6629,テクノホライゾン株式会社,電気機器,上場,45.8,4.4,5246000.0,4547647,0.8669,588.0,1506.0,0.3904,,4606593,製造業,tag,2026-03-31,S100YLV9
1725,1606,-119,8230,株式会社はせがわ,小売業,上場,45.7,17.8,5389000.0,4545448,0.8435,757.0,834.0,0.9077,,4727911,卸売業・小売業,tag,2026-03-31,S100YDVL
1726,1686,-40,7769,リズム株式会社,精密機器,上場,43.2,15.5,5107000.0,4545085,0.89,468.0,2432.0,0.1924,,4411277,製造業,tag,2026-03-31,S100YFZJ
1727,1725,-2,7150,株式会社島根銀行,銀行業,上場,39.0,16.0,4989000.0,4543078,0.9106,308.0,316.0,0.9747,,4517037,金融業・保険業,tag,2026-03-31,S100YHPP
1728,1677,-51,7898,株式会社ウッドワン,その他製品,上場,44.1,20.3,5148000.0,4539712,0.8818,1175.0,2173.0,0.5407,,4460189,製造業,tag,2026-03-31,S100YI45
1729,1748,19,3926,株式会社オープンドア,情報・通信業,上場,37.4,6.6,4886000.0,4537243,0.9286,181.0,191.0,0.9476,,4591484,情報通信業,tag,2026-03-31,S100YKIK
1730,1665,-65,2919,株式会社　マルタイ,食料品,上場,44.9,13.4,5184034.0,4534659,0.8747,179.0,,,,4516476,製造業,tag,2026-03-31,S100YG8L
1731,1841,110,4833,株式会社Ｄｅｆ　ｃｏｎｓｕｌｔｉｎｇ,サービス業,上場,28.2,1.7,4082000.0,4534347,1.1108,195.0,,,,5484782,サービス業,tag,2026-03-31,S100YB3A
1732,1731,-1,9701,株式会社東京會舘,サービス業,上場,41.7,11.4,4952000.0,4532505,0.9153,480.0,,,,4300219,サービス業,tag,2026-03-31,S100YFQM
1733,1653,-80,2666,株式会社　オートウェーブ,小売業,上場,44.0,11.8,5231603.0,4525345,0.865,183.0,,,,4530218,卸売業・小売業,tag,2026-03-31,S100YLV8
1734,1683,-51,3834,株式会社朝日ネット,情報・通信業,上場,40.4,9.8,5128000.0,4516199,0.8807,220.0,,,,4523194,情報通信業,tag,2026-03-31,S100YEHW
1735,1796,61,7129,ミアヘルサホールディングス株式会社,小売業,上場,35.7,5.8,4565000.0,4509620,0.9879,1838.0,1838.0,1.0,,4480940,卸売業・小売業,textblock,2026-03-31,S100YK3E
1736,1741,5,2393,株式会社日本ケアサプライ,サービス業,上場,41.6,9.5,4907242.0,4497794,0.9166,1026.0,1062.0,0.9661,,4264982,サービス業,tag,2026-03-31,S100YK97
1737,1795,58,7079,ＷＤＢココ株式会社,サービス業,上場,36.6,4.7,4565000.0,4489085,0.9834,516.0,,,,4377320,サービス業,tag,2026-03-31,S100YFVI
1738,1676,-62,6907,ジオマテック株式会社,電気機器,上場,45.5,24.3,5150700.0,4478441,0.8695,296.0,,,,4510729,製造業,tag,2026-03-31,S100YKF2
1739,1753,14,,株式会社　廣貫堂,医薬品,非上場,39.9,11.4,4857662.0,4478284,0.9219,694.0,709.0,0.9788,,4320844,製造業,textblock,2026-03-31,S100YJNG
1740,1720,-20,6614,株式会社シキノハイテック,電気機器,上場,42.8,12.2,5007000.0,4474425,0.8936,435.0,,,,4325201,製造業,tag,2026-03-31,S100YHLM
1741,1660,-81,4222,児玉化学工業株式会社,化学,上場,46.7,16.1,5200000.0,4467642,0.8592,185.0,2730.0,0.0678,本社のみ,4601067,製造業,tag,2026-03-31,S100YLN8
1742,1648,-94,7919,野崎印刷紙業株式会社,その他製品,上場,47.5,21.2,5239000.0,4465337,0.8523,377.0,422.0,0.8934,,4659354,製造業,tag,2026-03-31,S100YEXP
1743,1765,22,7820,ニホンフラッシュ株式会社,その他製品,上場,39.1,12.3,4795000.0,4459832,0.9301,220.0,1118.0,0.1968,,4332228,製造業,tag,2026-03-31,S100YLHV
1744,1750,6,7702,株式会社ジェイ・エム・エス（称号　株式会社　ＪＭＳ）,精密機器,上場,40.7,16.3,4880000.0,4459563,0.9138,1477.0,4887.0,0.3022,,4285357,製造業,tag,2026-03-31,S100YF50
1745,1744,-1,2139,株式会社中広,サービス業,上場,42.4,10.8,4902000.0,4458299,0.9095,328.0,588.0,0.5578,,4238891,サービス業,tag,2026-03-31,S100YHNL
1746,1635,-111,4388,株式会社エーアイ,情報・通信業,上場,42.8,9.1,5290000.0,4457834,0.8427,110.0,114.0,0.9649,,4569665,情報通信業,tag,2026-03-31,S100YGJY
1747,1739,-8,2293,滝沢ハム株式会社,食料品,上場,41.6,13.5,4919000.0,4451442,0.9049,301.0,303.0,0.9934,,4275201,製造業,tag,2026-03-31,S100YGEP
1748,1722,-26,1380,株式会社秋川牧園,水産・農林業,上場,43.3,13.5,5002000.0,4447587,0.8892,273.0,348.0,0.7845,,4321132,産業計,tag,2026-03-31,S100YK4U
1749,1746,-3,7939,株式会社研創,その他製品,上場,41.5,15.3,4897000.0,4436331,0.9059,257.0,,,,4259965,製造業,tag,2026-03-31,S100YEUJ
1750,1723,-27,2055,日和産業株式会社,食料品,上場,43.6,16.2,5000000.0,4431695,0.8863,134.0,179.0,0.7486,,4322480,製造業,tag,2026-03-31,S100YIEA
1751,1761,10,2058,株式会社ヒガシマル,食料品,上場,40.19,14.35,4817000.0,4426651,0.919,205.0,358.0,0.5726,,4263264,製造業,tag,2026-03-31,S100YI3U
1752,1490,-262,3293,アズマハウス株式会社,不動産業,上場,52.1,9.0,5649000.0,4425102,0.7833,147.0,224.0,0.6562,,5145259,不動産業,tag,2026-03-31,S100YL9X
1753,1769,16,7791,ドリームベッド株式会社,その他製品,上場,40.1,12.0,4766372.0,4384460,0.9199,376.0,,,,4224846,製造業,tag,2026-03-31,S100YHQB
1754,1634,-120,9818,大丸エナウィン株式会社,卸売業,上場,47.0,12.6,5296000.0,4383556,0.8277,478.0,676.0,0.7071,,4696110,卸売業・小売業,tag,2026-03-31,S100YII7
1755,1714,-41,2291,福留ハム株式会社,食料品,上場,45.0,19.0,5016000.0,4383260,0.8739,325.0,325.0,1.0,,4373681,製造業,tag,2026-03-31,S100YHU1
1756,1840,84,142A,株式会社ジンジブ,サービス業,上場,30.0,3.0,4087000.0,4382959,1.0724,176.0,,,,4872994,サービス業,tag,2026-03-31,S100YHUZ
1757,1717,-40,7464,セフテック株式会社,卸売業,上場,43.3,13.9,5011148.0,4380703,0.8742,356.0,372.0,0.957,,4329035,卸売業・小売業,tag,2026-03-31,S100YJG0
1758,1773,15,,富山地方鉄道株式会社,陸運業,非上場,46.0,17.7,4751350.0,4378023,0.9214,457.0,781.0,0.5851,,4179686,運輸業,textblock,2026-03-31,S100YM5D
1759,1709,-50,3178,チムニー株式会社,小売業,上場,43.7,9.9,5025000.0,4366305,0.8689,613.0,659.0,0.9302,,4345580,卸売業・小売業,tag,2026-03-31,S100YE67
1760,1774,14,,豊橋鉄道株式会社,陸運業,非上場,42.1,20.7,4709635.0,4355994,0.9249,178.0,661.0,0.2693,,4078381,運輸業,textblock,2026-03-31,S100YLIO
1761,1737,-24,6380,オリエンタルチエン工業株式会社,機械,上場,43.8,12.6,4921000.0,4352792,0.8845,190.0,205.0,0.9268,,4257310,製造業,tag,2026-03-31,S100YHXB
1762,1716,-46,5386,株式会社鶴弥,ガラス・土石製品,上場,45.8,19.0,5014408.0,4346884,0.8669,321.0,,,,4403229,製造業,tag,2026-03-31,S100YD8C
1763,1822,59,477A,株式会社スタートライン,サービス業,上場,34.6,3.7,4325863.0,4344229,1.0042,420.0,,,,4372786,サービス業,tag,2026-03-31,S100YM56
1764,1721,-43,1384,株式会社　ホクリヨウ,食料品,上場,45.7,11.5,5006000.0,4343931,0.8677,259.0,,,,4391895,製造業,tag,2026-03-31,S100YK1Y
1765,1658,-107,6969,松尾電機株式会社,電気機器,上場,50.1,27.5,5215000.0,4331963,0.8307,227.0,,,,4666909,製造業,tag,2026-03-31,S100YD97
1766,1779,13,7421,カッパ・クリエイト株式会社,小売業,上場,39.8,14.5,4691656.0,4330529,0.923,648.0,801.0,0.809,,4180760,卸売業・小売業,tag,2026-03-31,S100YDD5
1767,1727,-40,4814,ネクストウェア株式会社,情報・通信業,上場,41.3,14.0,4981000.0,4319851,0.8673,183.0,224.0,0.817,,4341740,情報通信業,tag,2026-03-31,S100YN09
1768,1764,-4,4651,株式会社サニックスホールディングス,サービス業,上場,44.5,9.7,4801000.0,4316735,0.8991,119.0,2033.0,0.0585,本社のみ,4170050,サービス業,tag,2026-03-31,S100YKAR
1769,1762,-7,6832,アオイ電子株式会社,電気機器,上場,42.4,17.2,4809061.0,4315298,0.8973,1489.0,1944.0,0.7659,,4158524,製造業,tag,2026-03-31,S100YLRR
1770,1783,13,9063,岡山県貨物運送株式会社,陸運業,上場,47.4,19.0,4682036.0,4312146,0.921,1850.0,2173.0,0.8514,,4161825,運輸業,tag,2026-03-31,S100YJ0L
1771,1800,29,7133,ＨＹＵＧＡ　ＰＲＩＭＡＲＹ　ＣＡＲＥ株式会社,小売業,上場,38.0,2.9,4536000.0,4310400,0.9503,882.0,882.0,1.0,,4200893,卸売業・小売業,tag,2026-03-31,S100YI10
1772,1679,-93,8190,株式会社ヤマナカ,小売業,上場,46.2,21.7,5144000.0,4307261,0.8373,712.0,780.0,0.9128,,4533010,卸売業・小売業,tag,2026-03-20,S100Y9HQ
1773,1786,13,6074,株式会社ジェイエスエス,サービス業,上場,40.9,15.1,4650976.0,4304877,0.9256,448.0,467.0,0.9593,,4073241,サービス業,tag,2026-03-31,S100YGXC
1774,1702,-72,3953,大村紙業株式会社,パルプ・紙,上場,47.5,14.9,5043936.0,4299078,0.8523,235.0,,,,4485872,製造業,tag,2026-03-31,S100YK44
1775,1712,-63,5284,ヤマウホールディングス株式会社,ガラス・土石製品,上場,47.1,16.0,5020651.0,4296462,0.8558,447.0,811.0,0.5512,,4454882,製造業,textblock,2026-03-31,S100YG9T
1776,1855,79,352A,株式会社ＬＯＩＶＥ,サービス業,上場,27.2,2.4,3775000.0,4278437,1.1334,1013.0,,,,5511906,サービス業,tag,2026-03-31,S100YGOP
1777,1768,-9,,プラス・テク株式会社,化学,非上場,42.6,12.2,4777000.0,4277691,0.8955,154.0,,,,4128150,製造業,textblock,2026-03-31,S100YG5O
1778,1771,-7,,株式会社千葉カントリー倶楽部,サービス業,非上場,44.6,14.7,4758397.0,4276111,0.8986,152.0,,,,4136016,サービス業,textblock,2026-03-31,S100YDJY
1779,1788,9,,サンデン交通株式会社,陸運業,非上場,47.8,15.6,4636000.0,4271882,0.9215,429.0,848.0,0.5059,,4128724,運輸業,textblock,2026-03-31,S100YLZ7
1780,1700,-80,6147,株式会社ヤマザキ,機械,上場,48.4,18.3,5055000.0,4269981,0.8447,137.0,235.0,0.583,,4510293,製造業,tag,2026-03-31,S100YGTK
1781,1784,3,,岐セン株式会社,繊維製品,非上場,40.8,17.2,4676000.0,4268476,0.9128,144.0,170.0,0.8471,,4100570,製造業,textblock,2026-03-31,S100YGOS
1782,1778,-4,5194,相模ゴム工業株式会社,ゴム製品,上場,41.2,16.0,4693427.0,4265767,0.9089,173.0,737.0,0.2347,,4095546,製造業,tag,2026-03-31,S100YL8G
1783,1787,4,7857,セキ株式会社,その他製品,上場,41.0,15.7,4648000.0,4233678,0.9109,308.0,484.0,0.6364,,4065487,製造業,tag,2026-03-31,S100YA1Y
1784,1708,-76,8225,株式会社タカチホ,卸売業,上場,45.8,14.9,5026612.0,4233586,0.8422,195.0,218.0,0.8945,,4413945,卸売業・小売業,tag,2026-03-31,S100YJCQ
1785,1729,-56,9930,北沢産業株式会社,卸売業,上場,45.0,15.0,4966157.0,4232176,0.8522,345.0,382.0,0.9031,,4330221,卸売業・小売業,tag,2026-03-31,S100YKDH
1786,1817,31,3372,株式会社関門海,小売業,上場,37.5,7.4,4411000.0,4226259,0.9581,171.0,174.0,0.9828,,4134894,卸売業・小売業,tag,2026-03-31,S100YGBF
1787,1752,-35,3571,株式会社ソトー,繊維製品,上場,45.5,20.9,4858000.0,4223944,0.8695,317.0,575.0,0.5513,,4254397,製造業,tag,2026-03-31,S100YGQR
1788,1790,2,9713,株式会社ロイヤルホテル,サービス業,上場,41.7,15.8,4609000.0,4218561,0.9153,1141.0,2032.0,0.5615,,4002365,サービス業,tag,2026-03-31,S100YHWF
1789,1803,14,2146,ＵＴグループ株式会社,サービス業,上場,40.3,7.2,4514000.0,4213649,0.9335,247.0,34772.0,0.0071,本社のみ,3987919,サービス業,tag,2026-03-31,S100YKK1
1790,1780,-10,1375,ユキグニファクトリー株式会社,水産・農林業,上場,42.3,12.9,4691647.0,4213030,0.898,1065.0,1106.0,0.9629,,4058675,産業計,tag,2026-03-31,S100YK0W
1791,1767,-24,9955,株式会社ヨンキュウ,卸売業,上場,42.9,12.7,4778997.0,4203276,0.8795,109.0,134.0,0.8134,,4127806,卸売業・小売業,tag,2026-03-31,S100YDUS
1792,1766,-26,7887,南海プライウッド株式会社,その他製品,上場,44.8,16.8,4789489.0,4193760,0.8756,430.0,2348.0,0.1831,,4169395,製造業,tag,2026-03-31,S100YIWV
1793,1742,-51,7916,光村印刷株式会社,その他製品,上場,47.2,25.2,4902324.0,4190984,0.8549,285.0,614.0,0.4642,,4352615,製造業,tag,2026-03-31,S100YL1G
1794,1802,8,,ディー・ティー・ホールディングス株式会社,陸運業,非上場,45.0,16.3,4526000.0,4174412,0.9223,4107.0,5730.0,0.7168,,3946428,運輸業,textblock,2026-03-31,S100YKXF
1795,1812,17,4720,株式会社城南進学研究社,サービス業,上場,39.6,10.3,4426641.0,4173540,0.9428,289.0,394.0,0.7335,,3959436,サービス業,tag,2026-03-31,S100YKMH
1796,1806,10,4926,株式会社シーボン,化学,上場,38.9,12.6,4474448.0,4170960,0.9322,713.0,717.0,0.9944,,4059856,製造業,tag,2026-03-31,S100YIUO
1797,1738,-59,7946,株式会社光陽社,その他製品,上場,48.23,17.58,4920235.0,4163176,0.8461,152.0,172.0,0.8837,,4388198,製造業,tag,2026-03-31,S100YLWX
1798,1791,-7,7524,マルシェ株式会社,小売業,上場,41.0,11.0,4594304.0,4161158,0.9057,127.0,,,,4018520,卸売業・小売業,tag,2026-03-31,S100YML0
1799,1828,29,6186,株式会社一蔵,サービス業,上場,37.0,7.0,4247000.0,4159082,0.9793,589.0,630.0,0.9349,,4031137,サービス業,tag,2026-03-31,S100YFD3
1800,1804,4,9051,センコン物流株式会社,陸運業,上場,45.0,13.8,4495000.0,4145820,0.9223,275.0,473.0,0.5814,,3919398,運輸業,tag,2026-03-31,S100YKGW
1801,1775,-26,2877,日東ベスト株式会社,食料品,上場,44.3,13.7,4707248.0,4142628,0.8801,1357.0,1840.0,0.7375,,4083161,製造業,tag,2026-03-31,S100YGFI
1802,1813,11,7698,株式会社アイスコ,卸売業,上場,39.1,5.8,4421000.0,4126704,0.9334,868.0,,,,3994323,卸売業・小売業,tag,2026-03-31,S100YHLL
1803,1807,4,,越後交通株式会社,陸運業,非上場,47.5,15.8,4473000.0,4120139,0.9211,262.0,689.0,0.3803,,3978104,運輸業,textblock,2026-03-31,S100YNCK
1804,1736,-68,9895,株式会社コンセック,卸売業,上場,46.3,18.6,4922653.0,4115935,0.8361,198.0,324.0,0.6111,,4341659,卸売業・小売業,tag,2026-03-31,S100YI0I
1805,1816,11,7937,株式会社ツツミ,その他製品,上場,39.0,9.8,4413000.0,4109102,0.9311,889.0,,,,3995527,製造業,tag,2026-03-31,S100Y7SI
1806,1860,54,3845,株式会社アイフリークモバイル,情報・通信業,上場,31.9,5.0,3670000.0,4104826,1.1185,354.0,,,,4024195,情報通信業,tag,2026-03-31,S100YJ02
1807,1811,4,,大分交通株式会社,陸運業,非上場,45.4,13.8,4450209.0,4102921,0.922,231.0,452.0,0.5111,,3893797,運輸業,textblock,2026-03-31,S100YDSV
1808,1776,-32,3577,東海染工株式会社,繊維製品,上場,45.4,21.3,4707000.0,4096753,0.8704,178.0,811.0,0.2195,,4118481,製造業,tag,2026-03-31,S100YJEV
1809,1839,30,4679,株式会社　田　谷,サービス業,上場,35.1,12.6,4100684.0,4096354,0.9989,490.0,,,,4089724,サービス業,tag,2026-03-31,S100YFEW
1810,1730,-80,8123,川辺株式会社,卸売業,上場,48.0,16.0,4966131.0,4084051,0.8224,162.0,213.0,0.7606,,4426027,卸売業・小売業,tag,2026-03-31,S100YLIH
1811,1805,-6,5342,ジャニス工業株式会社,ガラス・土石製品,上場,41.7,17.3,4494000.0,4062444,0.904,139.0,153.0,0.9085,,3902501,製造業,tag,2026-03-31,S100YJHR
1812,1794,-18,2435,株式会社シダー,サービス業,上場,46.5,9.0,4567000.0,4062296,0.8895,1158.0,1335.0,0.8674,,4034648,サービス業,tag,2026-03-31,S100YJJS
1813,1789,-24,7412,株式会社アトム,小売業,上場,43.0,12.0,4625000.0,4061629,0.8782,550.0,,,,3994607,卸売業・小売業,tag,2026-03-31,S100YDI1
1814,1818,4,9017,新潟交通株式会社,陸運業,上場,48.4,15.6,4400547.0,4057965,0.9222,551.0,1174.0,0.4693,,3926361,運輸業,tag,2026-03-31,S100YI97
1815,1820,5,2376,株式会社　サイネックス,サービス業,上場,41.0,12.0,4386192.0,4054095,0.9243,675.0,778.0,0.8676,,3836490,サービス業,tag,2026-03-31,S100YICX
1816,1777,-39,5343,ニッコー株式会社,ガラス・土石製品,上場,46.4,19.7,4702000.0,4051803,0.8617,570.0,571.0,0.9982,,4150519,製造業,tag,2026-03-31,S100YDSD
1817,1755,-62,3059,ヒラキ株式会社,小売業,上場,46.5,17.0,4850000.0,4043449,0.8337,230.0,234.0,0.9829,,4284660,卸売業・小売業,tag,2026-03-31,S100YJ9F
1818,1810,-8,7118,株式会社伸和ホールディングス,小売業,上場,40.9,5.8,4452000.0,4038580,0.9071,137.0,137.0,1.0,,3898981,卸売業・小売業,tag,2026-03-31,S100YK6C
1819,1815,-4,2425,株式会社ケアサービス,サービス業,上場,41.9,8.0,4413060.0,4028016,0.9127,1024.0,,,,3826405,サービス業,tag,2026-03-31,S100YIQF
1820,1809,-11,2911,旭松食品株式会社,食料品,上場,42.1,18.2,4468000.0,4021719,0.9001,232.0,257.0,0.9027,,3869134,製造業,tag,2026-03-31,S100YI4Q
1821,1782,-39,5928,アルメタックス株式会社,金属製品,上場,47.1,19.6,4683444.0,4007894,0.8558,331.0,,,,4155674,製造業,tag,2026-03-31,S100YF9N
1822,1792,-30,2218,日糧製パン株式会社,食料品,上場,44.9,15.2,4572000.0,3999291,0.8747,636.0,,,,3983255,製造業,tag,2026-03-31,S100YHEK
1823,1819,-4,6181,タメニー株式会社,サービス業,上場,42.4,7.8,4394567.0,3996796,0.9095,279.0,,,,3800100,サービス業,tag,2026-03-31,S100YHBC
1824,1728,-96,9849,株式会社共同紙販ホールディングス,卸売業,上場,51.7,24.1,4973463.0,3994901,0.8032,124.0,137.0,0.9051,,4504208,卸売業・小売業,tag,2026-03-31,S100YM2W
1825,1785,-40,7021,株式会社ニッチツ,機械,上場,47.2,16.0,4657201.0,3981429,0.8549,225.0,268.0,0.8396,,4134978,製造業,tag,2026-03-31,S100Y8BD
1826,1829,3,5252,日本ナレッジ株式会社,情報・通信業,上場,36.9,6.0,4237000.0,3976167,0.9384,462.0,491.0,0.9409,,4031835,情報通信業,tag,2026-03-31,S100YJNJ
1827,1799,-28,7823,株式会社アートネイチャー,その他製品,上場,45.2,12.3,4553307.0,3970943,0.8721,2321.0,3851.0,0.6027,,3977005,製造業,tag,2026-03-31,S100YCH9
1828,1847,19,8835,太平洋興発株式会社,卸売業,上場,60.6,9.5,3964000.0,3951233,0.9968,225.0,668.0,0.3368,,3875630,卸売業・小売業,tag,2026-03-31,S100YL7T
1829,1842,13,3010,ポラリス・ホールディングス株式会社,サービス業,上場,37.8,2.6,4077000.0,3945633,0.9678,470.0,1196.0,0.393,,3793942,サービス業,tag,2026-03-31,S100YITQ
1830,1814,-16,7851,カワセコンピュータサプライ株式会社,その他製品,上場,43.4,12.8,4415000.0,3921189,0.8882,102.0,,,,3814733,製造業,tag,2026-03-31,S100YMBT
1831,1801,-30,9780,株式会社ハリマビステム,サービス業,上場,49.7,9.6,4531559.0,3898755,0.8604,1404.0,1792.0,0.7835,,4051389,サービス業,tag,2026-03-31,S100Y7GN
1832,1846,14,3851,株式会社日本一ソフトウェア,情報・通信業,上場,35.7,8.3,3971810.0,3878084,0.9764,110.0,182.0,0.6044,,3898673,情報通信業,tag,2026-03-31,S100YLU7
1833,1834,1,3190,株式会社ホットマン,小売業,上場,39.1,11.8,4148000.0,3871877,0.9334,903.0,,,,3747671,卸売業・小売業,tag,2026-03-31,S100YEJ9
1834,1835,1,9466,株式会社アイドママーケティングコミュニケーション,情報・通信業,上場,37.3,9.8,4144000.0,3855199,0.9303,172.0,185.0,0.9297,,3903891,情報通信業,tag,2026-03-31,S100YEVM
1835,1850,15,7374,株式会社コンフィデンス・インターワークス,サービス業,上場,35.2,3.8,3851000.0,3842877,0.9979,980.0,1275.0,0.7686,,3830470,サービス業,tag,2026-03-31,S100YKQ9
1836,1848,12,,株式会社熊本ホテルキャッスル,サービス業,非上場,38.2,14.1,3962000.0,3811917,0.9621,141.0,,,,3652036,サービス業,textblock,2026-03-31,S100YHML
1837,1826,-11,3096,株式会社オーシャンシステム,小売業,上場,42.4,9.6,4282301.0,3795394,0.8863,947.0,1029.0,0.9203,,3703021,卸売業・小売業,tag,2026-03-31,S100YKNJ
1838,1836,-2,2694,株式会社焼肉坂井ホールディングス,小売業,上場,40.4,10.3,4139311.0,3784541,0.9143,519.0,719.0,0.7218,,3651113,卸売業・小売業,tag,2026-03-31,S100YGJS
1839,1866,27,6574,株式会社コンヴァノ,サービス業,上場,27.4,2.0,3352000.0,3783666,1.1288,479.0,541.0,0.8854,,4809881,サービス業,tag,2026-03-31,S100YN95
1840,1832,-8,7062,株式会社フレアス,サービス業,上場,44.4,5.7,4200000.0,3778404,0.8996,728.0,761.0,0.9566,,3645534,サービス業,tag,2026-03-31,S100YLVZ
1841,1849,8,7562,株式会社安楽亭,小売業,上場,36.9,6.9,3903143.0,3777238,0.9677,225.0,551.0,0.4083,,3714144,卸売業・小売業,tag,2026-03-31,S100YEJV
1842,1837,-5,6776,天昇電気工業株式会社,化学,上場,40.2,11.4,4110000.0,3776529,0.9189,385.0,468.0,0.8226,,3636933,製造業,tag,2026-03-31,S100YIYI
1843,1827,-16,7506,株式会社　ハウス　オブ　ローゼ,小売業,上場,42.4,9.3,4261000.0,3776515,0.8863,752.0,,,,3684601,卸売業・小売業,tag,2026-03-31,S100YHK9
1844,1797,-47,8139,株式会社ナガホリ,卸売業,上場,47.0,14.0,4561000.0,3775188,0.8277,300.0,484.0,0.6198,,4044365,卸売業・小売業,tag,2026-03-31,S100YJAK
1845,1824,-21,4664,株式会社アール・エス・シー,サービス業,上場,48.0,14.6,4298808.0,3770096,0.877,269.0,418.0,0.6435,,3831280,サービス業,tag,2026-03-31,S100YIKA
1846,1830,-16,7872,エステールホールディングス株式会社,その他製品,上場,44.7,11.4,4237000.0,3713735,0.8765,188.0,2875.0,0.0654,本社のみ,3685574,製造業,tag,2026-03-31,S100YLKC
1847,1854,7,4705,株式会社クリップコーポレーション,サービス業,上場,37.0,7.7,3782176.0,3703880,0.9793,113.0,200.0,0.565,,3589939,サービス業,tag,2026-03-31,S100YDSM
1848,1843,-5,3032,株式会社ゴルフ・ドゥ,小売業,上場,40.0,8.2,4012000.0,3691431,0.9201,117.0,122.0,0.959,,3562323,卸売業・小売業,tag,2026-03-31,S100YHOE
1849,1831,-18,4925,株式会社ハーバー研究所,化学,上場,44.8,11.7,4214454.0,3690249,0.8756,370.0,523.0,0.7075,,3668810,製造業,tag,2026-03-31,S100YA2L
1850,1838,-12,9220,エフビー介護サービス株式会社,サービス業,上場,45.4,6.6,4107000.0,3674808,0.8948,923.0,993.0,0.9295,,3593499,サービス業,tag,2026-03-31,S100YK1M
1851,1853,2,7087,株式会社ウイルテック,サービス業,上場,39.2,5.5,3793420.0,3597137,0.9483,2991.0,4744.0,0.6305,,3420190,サービス業,tag,2026-03-31,S100YHRI
1852,1825,-27,7477,ムラキ株式会社,卸売業,上場,46.7,15.08,4291000.0,3567084,0.8313,128.0,137.0,0.9343,,3796765,卸売業・小売業,tag,2026-03-31,S100YCAP
1853,1844,-9,7441,株式会社Ｍｉｓｕｍｉ,卸売業,上場,42.4,15.5,4000000.0,3545192,0.8863,507.0,662.0,0.7659,,3458908,卸売業・小売業,tag,2026-03-31,S100YHK6
1854,1833,-21,9854,愛眼株式会社,小売業,上場,46.0,21.0,4191128.0,3519619,0.8398,659.0,666.0,0.9895,,3686868,卸売業・小売業,tag,2026-03-31,S100YJUD
1855,1857,2,3370,株式会社フジタコーポレーション,小売業,上場,39.7,9.6,3742278.0,3459736,0.9245,121.0,126.0,0.9603,,3340960,卸売業・小売業,tag,2026-03-31,S100YIJ4
1856,1851,-5,2137,株式会社光ハイツ・ヴェラス,サービス業,上場,58.5,7.3,3811639.0,3436242,0.9015,259.0,,,,3726665,サービス業,tag,2026-03-31,S100YIGV
1857,1858,1,,福井鉄道株式会社,陸運業,非上場,55.4,13.0,3683987.0,3413441,0.9266,167.0,268.0,0.6231,,3601859,運輸業,textblock,2026-03-31,S100YLJZ
1858,1856,-2,6982,株式会社リード,輸送用機器,上場,43.6,18.1,3771000.0,3342385,0.8863,172.0,,,,3260015,製造業,tag,2026-03-31,S100YGCM
1859,1862,3,9408,株式会社ＢＳＮメディアホールディングス,情報・通信業,上場,37.6,8.3,3610207.0,3340396,0.9253,426.0,1078.0,0.3952,,3375931,情報通信業,textblock,2026-03-31,S100YHOV
1860,1845,-15,9791,株式会社ビケンテクノ,サービス業,上場,52.1,9.6,3980637.0,3338857,0.8388,2025.0,2427.0,0.8344,,3625670,サービス業,tag,2026-03-31,S100YJP6
1861,1861,0,,島原鉄道株式会社,陸運業,非上場,46.7,17.5,3619414.0,3332773,0.9208,201.0,,,,3202532,運輸業,textblock,2026-03-31,S100YFI5
1862,1865,3,9904,株式会社ベリテ,小売業,上場,38.27,6.91,3432608.0,3247512,0.9461,505.0,,,,3158904,卸売業・小売業,tag,2026-03-31,S100YGMS
1863,1863,0,150A,株式会社ＪＳＨ,サービス業,上場,41.6,2.61,3488000.0,3196970,0.9166,572.0,579.0,0.9879,,3031490,サービス業,tag,2026-03-31,S100YFUO
1864,1852,-12,7571,株式会社ヤマノホールディングス,小売業,上場,48.1,11.7,3805000.0,3127145,0.8219,357.0,566.0,0.6307,,3392278,卸売業・小売業,tag,2026-03-31,S100YJEK
1865,1867,2,,日ノ丸自動車株式会社,陸運業,非上場,45.2,14.7,3324888.0,3066011,0.9221,323.0,,,,2904065,運輸業,textblock,2026-03-31,S100YL3M
1866,1859,-7,9969,株式会社ショクブン,小売業,上場,50.5,13.1,3671000.0,2971130,0.8094,349.0,,,,3290359,卸売業・小売業,tag,2026-03-31,S100YJTJ
1867,1864,-3,,オーケー株式会社,小売業,非上場,47.8,4.9,3463000.0,2851577,0.8234,16487.0,16526.0,0.9976,,3084075,卸売業・小売業,textblock,2026-03-20,S100YF3C
